rep,seed,true_att,att_naive,se_naive,ci_lo_naive,ci_hi_naive,att_cluster_psu,se_cluster_psu,ci_lo_cluster_psu,ci_hi_cluster_psu,att_survey,se_survey,ci_lo_survey,ci_hi_survey,covers_naive,covers_cluster_psu,covers_survey,deff_ratio,elapsed_s
0,893706,2.0,2.052270579134732,0.01137085251594427,2.0299841177299647,2.0745570405394997,2.0437197060457764,0.043129372501241145,1.9564823159006328,2.13095709619092,2.0437197060457764,0.04424485228125054,1.9538978806453444,2.1335415314462085,0,1,1,15.140473092687168,0.6928
1,894706,2.0,2.0999785424804474,0.011713121164591818,2.0770212468512934,2.1229358381096013,2.1003513320708547,0.04770647083152073,2.0038558866929392,2.19684677744877,2.1003513320708547,0.044110953317581525,2.010801336018152,2.1899013281235575,0,0,0,14.182330961593184,0.7753
2,895706,2.0,2.084375611597278,0.011698022273183492,2.061447909251491,2.107303313943065,2.0781760354427914,0.0527460575253308,1.9714870638185682,2.184865007067015,2.0781760354427914,0.05154862676420729,1.9735267595583563,2.1828253113272265,0,1,1,19.418215334740797,0.7579
3,896706,2.0,2.0139604304470806,0.011548312872408217,1.9913261531349602,2.036594707759201,2.0184464486216633,0.044782095876649185,1.9278661099117493,2.1090267873315773,2.0184464486216633,0.04477116943813652,1.927556142588263,2.1093367546550637,1,1,1,15.030028148376948,0.7582
4,897706,2.0,2.0185928323981597,0.01161748664062601,1.9958229769916576,2.041362687804662,2.0166446725547287,0.05083084770307725,1.9138295784479429,2.1194597666615143,2.0166446725547287,0.0502798704047501,1.9145711090146458,2.1187182360948116,1,1,1,18.73112817853373,0.7278
5,898706,2.0,2.063113925687582,0.011975619124900656,2.039642143510208,2.0865857078649563,2.063511127513341,0.05730610307722534,1.9475985931563464,2.1794236618703353,2.063511127513341,0.057990005052644095,1.9457851584966908,2.181237096529991,0,1,1,23.448244981295975,0.7608
6,899706,2.0,1.972552134199153,0.011709401051193986,1.9496021298582773,1.9955021385400287,1.9689813819884323,0.05306768247741081,1.8616418624939797,2.076320901482885,1.9689813819884323,0.05369322410554282,1.8599783420384475,2.0779844219384174,0,1,1,21.026626652856347,0.7831
7,900706,2.0,1.9913610824196804,0.011585324331764384,1.9686542639802065,2.014067900859154,1.9903786275146327,0.04797064940544842,1.8933488305339654,2.0874084244953,1.9903786275146327,0.04752115052780771,1.8939055630685524,2.086851691960713,1,1,1,16.82509405574232,0.6285
8,901706,2.0,2.0376584164151,0.011947322189763717,2.014242095211467,2.0610747376187333,2.038333201466145,0.05395748295148386,1.9291938906321402,2.1474725123001495,2.038333201466145,0.051755636499325595,1.933263673477221,2.1434027294550684,0,1,1,18.766105630867287,0.6832
9,902706,2.0,2.0447899870616983,0.011662397945840786,2.0219321071144765,2.0676478670089202,2.048053714681795,0.04630975143495603,1.9543834009451502,2.14172402841844,2.048053714681795,0.04653824629852401,1.9535760519042942,2.142531377459296,0,1,1,15.92371201670071,0.7536
10,903706,2.0,1.989842479889847,0.01175043491622628,1.9668120506513616,2.0128729091283324,1.9881573511948618,0.050758394369362456,1.8854888077883074,2.090825894601416,1.9881573511948618,0.047879256940965224,1.890957292080273,2.0853574103094505,1,1,1,16.603013493592353,0.6832
11,904706,2.0,1.9537275554971878,0.01171707821779045,1.9307625041862797,1.9766926068080959,1.9477626554522771,0.04516182474096379,1.856414242616438,2.039111068288116,1.9477626554522771,0.046258324727325606,1.8538532636757545,2.0416720472287997,0,1,1,15.586232230314728,0.7271
12,905706,2.0,1.9858372854661628,0.011305295132955345,1.9636793141709743,2.007995256761351,1.9980803270979033,0.043260844067379026,1.9105770106096895,2.085583643586117,1.9980803270979033,0.04384819056667325,1.909063767789068,2.0870968864067385,1,1,1,15.043176264457411,0.76
13,906706,2.0,2.043467591014268,0.011434686750952322,2.021056016807904,2.0658791652206316,2.0429655049461184,0.0423882708930947,1.9572271342945973,2.1287038755976395,2.0429655049461184,0.04286684273359911,1.9559411876535782,2.1299898222386586,0,1,1,14.053822101117635,0.762
14,907706,2.0,1.9791344360239602,0.011542210911980846,1.9565121183345124,2.001756753713408,1.972884449112363,0.0482166439515815,1.8753570811968536,2.070411817027872,1.972884449112363,0.04362690257642102,1.8843171283069653,2.0614517699177606,1,1,1,14.286661277554298,0.6205
15,908706,2.0,2.0472539273553676,0.011386380332545607,2.024937031989303,2.069570822721432,2.0394725350296015,0.04991659818118366,1.9385066851293977,2.140438384929805,2.0394725350296015,0.05060033920894586,1.9367483852293639,2.1421966848298393,0,1,1,19.74856228529947,0.7443
16,909706,2.0,2.028732751656771,0.01195285534274193,2.0053055856725797,2.052159917640962,2.031699674704251,0.05942384333754882,1.911503606351704,2.151895743056798,2.031699674704251,0.060842933687351504,1.9081819526475488,2.155217396760953,0,1,1,25.910569922826085,0.6141
17,910706,2.0,1.9436269714336578,0.0115799581851039,1.9209306704483744,1.9663232724189412,1.94559962301411,0.053083130793022175,1.8382288563519402,2.05297038967628,1.94559962301411,0.05228306199894044,1.8394593643368569,2.051739881691363,0,1,1,20.38487471203291,0.7188
18,911706,2.0,2.010883680513753,0.011673893333841659,1.9880032700200612,2.033764091007445,2.0149743652633307,0.05724093327540205,1.899193649272745,2.1307550812539167,2.0149743652633307,0.058263386836911596,1.8966934017189998,2.1332553288076617,1,1,1,24.90921328876125,0.7937
19,912706,2.0,2.0154235016177924,0.011350877879907956,1.9931761897802605,2.0376708134553243,2.0119210122181284,0.044496793186656454,1.9219177526687248,2.101924271767532,2.0119210122181284,0.042245474558195675,1.9261581393848373,2.0976838850514197,1,1,1,13.851649176609824,0.747
20,913706,2.0,1.9472369099606375,0.01170160799793775,1.9243021797234736,1.9701716401978013,1.9432302157800168,0.053962016290833525,1.834081735401672,2.0523786961583617,1.9432302157800168,0.054686085337783324,1.832211560370808,2.0542488711892255,0,1,1,21.840500235829833,0.6858
21,914706,2.0,2.035421873981475,0.011658963325442109,2.012570725766535,2.058273022196415,2.035962471245569,0.050141887699651985,1.9345409302819798,2.1373840122091576,2.035962471245569,0.04587432054934682,1.9428326493952421,2.1290922930958955,0,1,1,15.481727445343983,0.7018
22,915706,2.0,2.0041431073533054,0.011443147342736324,1.9817149506917568,2.0265712640148537,2.0023270916297347,0.0395752184763909,1.9222786565590677,2.0823755267004014,2.0023270916297347,0.0399315647491311,1.9212617054450818,2.0833924778143875,1,1,1,12.177038451741156,0.7365
23,916706,2.0,2.0222108520574835,0.011880685851447692,1.9989251356770115,2.045496568437956,2.0187273337681098,0.057122440960878755,1.9031862911062043,2.134268376430015,2.0187273337681098,0.056738977438245644,1.90354108582991,2.1339135817063095,1,1,1,22.80762082729977,0.7892
24,917706,2.0,2.0157115518400874,0.011394936208543666,1.9933778872652104,2.0380452164149645,2.012768111107273,0.0423447143340403,1.9271178419122592,2.0984183803022867,2.012768111107273,0.04291295834577266,1.9256501741448433,2.099886048069703,1,1,1,14.182510497071087,0.815
25,918706,2.0,1.966790699146559,0.011766251433772289,1.9437292701033224,1.9898521281897954,1.9723586992649829,0.046065920338992705,1.8791815804721657,2.0655358180578003,1.9723586992649829,0.04337654994007623,1.884299621331487,2.0604177771984786,0,1,1,13.590447697360407,0.7019
26,919706,2.0,2.0718508657316326,0.01205873559012187,2.0482161782759025,2.0954855531873626,2.076875530715763,0.057817914906832336,1.9599277592182553,2.193823302213271,2.076875530715763,0.05863350534013056,1.9578431866636552,2.195907874767871,0,1,1,23.642215544091627,0.6109
27,920706,2.0,2.007466104745659,0.01130058649332554,1.985317362214561,2.029614847276757,2.013546504416638,0.04066419438741405,1.931295407658606,2.09579760117467,2.013546504416638,0.039206491359274974,1.9339530954692954,2.0931399133639808,1,1,1,12.03688162516992,0.7692
28,921706,2.0,2.0091273785740995,0.01154074165001112,1.9865079405851964,2.0317468165630026,2.0087385526192394,0.04332671440826401,1.9211020007906179,2.0963751044478607,2.0087385526192394,0.04012206228129982,1.9272864358842186,2.0901906693542602,1,1,1,12.086458281934839,0.7677
29,922706,2.0,1.9920190128692368,0.011739013187858123,1.9690109698069942,2.0150270559314793,1.9919480703469992,0.04444555854976997,1.9020484426324173,2.081847698061581,1.9919480703469992,0.04491497812517999,1.9007658171578805,2.0831303235361176,1,1,1,14.639262691628627,0.7742
30,923706,2.0,1.978093289352768,0.011786371385893423,1.9549924259280036,2.0011941527775328,1.9787704197176184,0.044295987896372506,1.8891733272055675,2.068367512229669,1.9787704197176184,0.044316478263575605,1.8888031858425995,2.068737653592637,1,1,1,14.137422535563095,0.8547
31,924706,2.0,2.0200226404649935,0.011495870678360253,1.9974911479644772,2.0425541329655097,2.0149763708765014,0.04267751409665343,1.9286529506234595,2.1012997911295432,2.0149763708765014,0.04264953541329617,1.928393210897775,2.1015595308552277,1,1,1,13.764006536913534,0.6733
32,925706,2.0,2.0061237698976866,0.011237458963000812,1.9840987550524583,2.028148784742915,1.9980979126482539,0.042979260727914255,1.9111641522240093,2.0850316730724985,1.9980979126482539,0.04395837278710214,1.9088576715401737,2.0873381537563342,1,1,1,15.301957022349567,0.7747
33,926706,2.0,1.9912149105474928,0.011765621773589821,1.9681547156155363,2.014275105479449,2.004019703663113,0.05476366625062485,1.8932497331900506,2.1147896741361754,2.004019703663113,0.05412467047283159,1.8941407810222806,2.113898626303946,1,1,1,21.162197551773577,0.6465
34,927706,2.0,2.035571584285216,0.011470088382639599,2.0130906241557507,2.058052544414681,2.0301890859375944,0.03959481575812815,1.9501010116231001,2.1102771602520884,2.0301890859375944,0.0394126716194339,1.9501771088094544,2.1102010630657344,0,1,1,11.80696350889302,0.8282
35,928706,2.0,2.0151629771342208,0.011748108703593288,1.9921371071887164,2.0381888470797254,2.017130317178556,0.05681524670558055,1.90221063354753,2.1320500008095826,2.017130317178556,0.05501688016544721,1.9054401125670828,2.1288205217900296,1,1,1,21.930877339942764,0.7987
36,929706,2.0,2.000238210311907,0.011527479102206993,1.977644766439043,2.022831654184771,1.9963622024607541,0.04630962691479878,1.9026921405899007,2.0900322643316076,1.9963622024607541,0.04533051771236554,1.9043363590611884,2.08838804586032,1,1,1,15.46367348625869,0.8414
37,930706,2.0,2.0782407343867577,0.01172150059169843,2.0552670153822636,2.101214453391252,2.0849911843575186,0.051867259132630884,1.9800797502627523,2.189902618452285,2.0849911843575186,0.0505017583224034,1.9824671643966247,2.1875152043184123,0,1,1,18.562931875394685,0.7987
38,931706,2.0,2.0203438373365405,0.011984022639397199,1.9968555845734095,2.043832090099672,2.026284158417855,0.04776557203639802,1.9296691695694708,2.122899147266239,2.026284158417855,0.047500045001833587,1.9298539404673845,2.122714376368325,1,1,1,15.710239309269193,0.8069
39,932706,2.0,1.9403108336856425,0.011572296304350176,1.91762954971069,1.962992117660595,1.9436206767628557,0.05089423253419949,1.8406773747336909,2.0465639787920202,1.9436206767628557,0.04878150350167551,1.8445889597521323,2.042652393773579,0,1,1,17.769339012777998,0.7912
40,933706,2.0,1.939879441404317,0.01151764699764286,1.917305268102291,1.962453614706343,1.9399045044403702,0.045090598519480815,1.8487001602359934,2.031108848644747,1.9399045044403702,0.04367622803776865,1.851237047624826,2.0285719612559143,0,1,1,14.380127015835653,0.725
41,934706,2.0,2.0652088671225903,0.011630845131300183,2.042412829555479,2.0880049046897016,2.0685143027283797,0.04819715733522558,1.9710263502148357,2.166002255241924,2.0685143027283797,0.04931228857135372,1.9684050347395057,2.1686235707172536,0,1,1,17.97578110855392,0.7819
42,935706,2.0,2.0400715457576393,0.011726963891432865,2.0170871188824293,2.0630559726328492,2.0498949483029225,0.05170868418756053,1.9453042623096954,2.1544856342961496,2.0498949483029225,0.05267376974891747,1.9429615107248122,2.156828385881033,0,1,1,20.175189664442353,0.7754
43,936706,2.0,2.0158551102166746,0.011727695209171683,1.9928692499850351,2.038840970448314,2.0270506441153424,0.041783098865589126,1.942536349428917,2.111564938801768,2.0270506441153424,0.04053327305909343,1.9447637251201408,2.109337563110544,1,1,1,11.945326029901825,0.7424
44,937706,2.0,2.047974557642095,0.011823826205607825,2.024800284119643,2.0711488311645474,2.0431516829847367,0.049880094495130846,1.94225966875886,2.1440436972106136,2.0431516829847367,0.049642072043682706,1.9423729189540817,2.1439304470153915,0,1,1,17.627215985078585,0.8016
45,938706,2.0,2.053335836918299,0.011327310976258427,2.031134715363147,2.0755369584734504,2.054787778633937,0.04133563881425513,1.9711785573304241,2.13839699993745,2.054787778633937,0.04243996656717768,1.9686300660312301,2.1409454912366437,0,1,1,14.037714934886527,0.6985
46,939706,2.0,1.9260756782199009,0.011432483945754489,1.9036684214323898,1.948482935007412,1.9274373449507092,0.04407468412148049,1.8382878815747021,2.016586808326716,1.9274373449507092,0.04376530132467874,1.8385890597492136,2.0162856301522045,0,1,1,14.65475780920921,0.8007
47,940706,2.0,1.9943067197671913,0.011652864998110432,1.9714675240541875,2.017145915480195,1.9891202969814061,0.036534745937353306,1.9152217981080717,2.063018795854741,1.9891202969814061,0.03429970959034146,1.9194881846053695,2.0587524093574427,1,1,1,8.663940394839788,0.7909
48,941706,2.0,1.981693133775449,0.011482460638577937,1.9591879244699375,2.0041983430809607,1.9699329773609104,0.045506602494635534,1.877887185693289,2.061978769028532,1.9699329773609104,0.046598962622238775,1.875332053893262,2.064533900828559,1,1,1,16.469581608040528,0.7355
49,942706,2.0,1.952544541236401,0.011727448755612012,1.9295591640448624,1.9755299184279398,1.9592105752070477,0.0528308428309486,1.8523501091149988,2.0660710412990966,1.9592105752070477,0.053166509946421636,1.8512768218474165,2.067144328566679,0,1,1,20.552715810400393,0.7806
50,943706,2.0,2.03545675513092,0.011929468695702047,2.012075426132646,2.058838084129194,2.0438839768067734,0.055228647935922845,1.9321734921008753,2.1555944615126714,2.0438839768067734,0.05563068704635349,1.9309476779799575,2.156820275633589,0,1,1,21.746363510763928,0.7754
51,944706,2.0,2.031036423510992,0.011475208821834467,2.00854542750512,2.053527419516864,2.0342182371905997,0.039296189081337335,1.954734192343731,2.1137022820374685,2.0342182371905997,0.03750710124292629,1.9580747735916468,2.1103617007895528,0,1,1,10.683309411567066,0.8629
52,945706,2.0,1.958602334777243,0.011414605747512215,1.936230118614395,1.980974550940091,1.9643147522773368,0.04178654851352904,1.8797934800193459,2.0488360245353276,1.9643147522773368,0.041286421967661,1.8804988597116992,2.0481306448429746,0,1,1,13.08255780082865,0.8316
53,946706,2.0,1.9180297088374636,0.011435672704964126,1.8956162021967462,1.940443215478181,1.922060218339632,0.039593073317450454,1.8419756684440753,2.0021447682351887,1.922060218339632,0.03933143812947888,1.8422131539634892,2.001907282715775,0,1,1,11.829222987466865,0.7823
54,947706,2.0,1.9033106850668362,0.012034204012941233,1.879724078618864,1.9268972915148084,1.9013170375620998,0.050067536231786544,1.8000458866374536,2.002588188486746,1.9013170375620998,0.04927915543413192,1.8012750334177876,2.001359041706412,0,1,1,16.76840569673215,0.8126
55,948706,2.0,2.0541918905639447,0.011717459721346444,2.031226091519807,2.0771576896080823,2.0603113907863557,0.04912216658601837,1.9609524304602832,2.159670351112428,2.0603113907863557,0.04922259919754591,1.960384201906329,2.1602385796663826,0,1,1,17.64664492332816,0.7888
56,949706,2.0,2.0419437142130166,0.011767102930996086,2.0188806162658883,2.065006812160145,2.050016474959992,0.054664814319304325,1.9394464513908398,2.1605864985291445,2.050016474959992,0.055507702195560865,1.937329848653825,2.162703101266159,0,1,1,22.25191510624478,0.7511
57,950706,2.0,2.0011432188124316,0.011794962203154426,1.9780255176952377,2.0242609199296253,1.9959052211509678,0.048085999596372254,1.8986421063864942,2.093168335915441,1.9959052211509678,0.04566238260333825,1.9032056562051303,2.088604786096805,1,1,1,14.987321727826673,0.8004
58,951706,2.0,2.059295920355711,0.011419467445154883,2.0369141754405797,2.081677665270842,2.0656439405827562,0.0396589206809146,1.9854262018230122,2.1458616793425005,2.0656439405827562,0.038631680865223485,1.987217458976629,2.1440704221888836,0,1,1,11.44446533245375,0.7813
59,952706,2.0,1.9938805424351447,0.011846574943294063,1.9706616822061336,2.0170994026641558,1.9957285869674557,0.05636129987959027,1.8817270974595395,2.1097300764753717,1.9957285869674557,0.05156567758069331,1.8910446960852894,2.100412477849622,1,1,1,18.94679888612319,0.7816
60,953706,2.0,1.9643140350377024,0.011729950598071545,1.9413237543250481,1.9873043157503567,1.9715211764910812,0.045484719096501834,1.8795196481741643,2.063522704807998,1.9715211764910812,0.04485170550880844,1.8804673735420996,2.062574979440063,0,1,1,14.62061219621814,0.7775
61,954706,2.0,2.0320702010313987,0.01196499643056416,2.0086192389523427,2.0555211631104546,2.0371190765920355,0.06246677114733018,1.9107681057883164,2.1634700473957547,2.0371190765920355,0.06320304202767824,1.9088100798821064,2.165428073301965,0,1,1,27.902994717536366,0.8309
62,955706,2.0,2.0047700886140056,0.011617656994716846,1.9819998993196208,2.0275402779083906,2.0043686501956586,0.04831634281174371,1.9066396223009612,2.102097678090356,2.0043686501956586,0.04980638484953492,1.90325631343513,2.105480986956187,1,1,1,18.37946815124578,0.8103
63,956706,2.0,2.010070989678322,0.011504966753382384,1.987521669198362,2.0326203101582823,2.009374328366727,0.04384120081333665,1.9206971295580826,2.0980515271753712,2.009374328366727,0.043218827626262876,1.9216354437529657,2.097113212980488,1,1,1,14.111566531924442,0.7888
64,957706,2.0,2.0113896761538985,0.011815504452454799,1.9882317129679146,2.0345476393398827,2.0156209406470627,0.046758294272349864,1.9210433633859738,2.1101985179081515,2.0156209406470627,0.047567216298899914,1.919054357713867,2.1121875235802583,1,1,1,16.207309920878203,0.8016
65,958706,2.0,1.9579952992454113,0.011443075877156728,1.935567282653825,1.9804233158369975,1.9555852121735264,0.03593296578442679,1.8829039285513747,2.028266495795678,1.9555852121735264,0.035918774410334614,1.8826662234700706,2.0285042008769825,0,1,1,9.852750013029945,0.7215
66,959706,2.0,1.9308437312098814,0.011713688272963322,1.9078853240687441,1.9538021383510187,1.9336451440109765,0.053343675369239604,1.825747376200227,2.041542911821726,1.9336451440109765,0.05313184958426161,1.8257817549273623,2.0415085330945906,0,1,1,20.574180439294867,0.7349
67,960706,2.0,2.003837171853344,0.011451952386073595,1.9813917576239721,2.026282586082716,1.9938571353096632,0.04400297333026799,1.9048527206999104,2.082861549919416,1.9938571353096632,0.04337419721894891,1.9058028336539812,2.0819114369653455,1,1,1,14.345108331744902,0.7213
68,961706,2.0,1.9471125099242779,0.011526543725217112,1.9245208993566263,1.9697041204919294,1.9428085680825715,0.04215622070563852,1.8575395632382108,2.0280775729269322,1.9428085680825715,0.04184648626583567,1.8578556845448795,2.0277614516202638,0,1,1,13.180132933535775,0.7466
69,962706,2.0,1.9697223796599883,0.01162655721193372,1.9469347462604039,1.9925100130595728,1.9839672064068639,0.03880273364867535,1.9054812693830834,2.0624531434306443,1.9839672064068639,0.0376119393102431,1.9076109102162686,2.060323502597459,0,1,1,10.465239874636834,0.8879
70,963706,2.0,2.007928310148733,0.01147343497098253,1.985440790826645,2.030415829470821,2.0059338559178053,0.04120652349349906,1.9225857950012233,2.0892819168343872,2.0059338559178053,0.041892717604921886,1.9208871177721005,2.09098059406351,1,1,1,13.331841796680628,0.7887
71,964706,2.0,1.9918470681742053,0.012047548927887211,1.9682343061735623,2.0154598301748483,1.993309330276255,0.05211556306313907,1.8878956540758405,2.0987230064766695,1.993309330276255,0.051665082643187706,1.8884236363886104,2.0981950241638994,1,1,1,18.390640688667848,0.7494
72,965706,2.0,2.0388341798545007,0.011509302415107003,2.016276361633711,2.0613919980752904,2.0457750790806655,0.04762964832748191,1.9494350218841237,2.1421151362772073,2.0457750790806655,0.049094719453665975,1.9461074998825518,2.145442658278779,0,1,1,18.195817071134318,0.7636
73,966706,2.0,2.0743215539396185,0.011628029930898733,2.051531034063903,2.097112073815334,2.0743103054615952,0.046756764386667,1.9797358226863857,2.1688847882368045,2.0743103054615952,0.04718036663479589,1.9785290690985382,2.1700915418246525,0,1,1,16.463051656547115,0.7477
74,967706,2.0,2.0393075444957636,0.011747442499012642,2.0162829802872437,2.0623321087042834,2.045399019788852,0.049874044816822005,1.9445192421923598,2.1462787973853446,2.045399019788852,0.049702291338480344,1.9444980040903947,2.146300035487309,0,1,1,17.900541367411986,0.7975
75,968706,2.0,2.0143615944334208,0.011452163798364903,1.9919157658435722,2.0368074230232693,2.009126689891312,0.04491473552386558,1.9182780621713365,2.099975317611287,2.009126689891312,0.0462686011642178,1.9151964358387803,2.1030569439438436,1,1,1,16.322911927270845,0.8242
76,969706,2.0,1.9805144829523855,0.011533245242364263,1.9579097376524837,2.0031192282522876,1.983548054568581,0.04957951941809583,1.8832640108218124,2.0838320983153498,1.983548054568581,0.04557843886899488,1.891018904463361,2.076077204673801,1,1,1,15.617655465675417,0.7604
77,970706,2.0,2.045099633494347,0.011974367286804294,2.0216303048745563,2.068568962114138,2.049550230274555,0.06156780472980407,1.9250175906809839,2.174082869868126,2.049550230274555,0.058582316091107214,1.9306218059227307,2.1684786546263792,0,1,1,23.9346965397596,0.7336
78,971706,2.0,1.9198886386701577,0.011712990764049438,1.8969315986213704,1.942845678718945,1.9245051349510778,0.046621617662789126,1.8302040122271288,2.0188062576750267,1.9245051349510778,0.047079192405547074,1.8289292931929533,2.020080976709202,0,1,1,16.15557452652818,0.733
79,972706,2.0,2.010233319242345,0.011657474498067729,1.987385089075438,2.033081549409252,1.999620655155313,0.04578199886004567,1.9070178217599654,2.092223488550661,1.999620655155313,0.046616703614330915,1.9049837155589635,2.094257594751663,1,1,1,15.990946573408062,0.7233
80,973706,2.0,1.9907691971111403,0.011635692675320402,1.967963658532336,2.0135747356899447,1.987457983219096,0.05188115031183951,1.8825184515622757,2.092397514875916,1.987457983219096,0.052560605987591144,1.8807542802900448,2.0941616861481473,1,1,1,20.404983283460858,0.7242
81,974706,2.0,1.95915730151029,0.01156740836780089,1.9364855977149331,1.981829005305647,1.9671602075292374,0.03699254326880097,1.8923357261503666,2.041984688908108,1.9671602075292374,0.03641726082271862,1.8932292376078756,2.041091177450599,0,1,1,9.911569199404896,0.789
82,975706,2.0,2.0579786648814755,0.012168962221445243,2.0341279371982144,2.0818293925647366,2.0659014901242387,0.06465825898380573,1.9351178167723095,2.1966851634761677,2.0659014901242387,0.06593374861633744,1.932048864318947,2.1997541159295304,0,1,1,29.356782161679483,0.7387
83,976706,2.0,2.0209024481255526,0.011847426898609887,1.9976819180948062,2.0441229781562993,2.0168112090150268,0.050981956855544464,1.9136904677976112,2.1199319502324423,2.0168112090150268,0.05066503703990109,1.9139557156352263,2.1196667023948272,1,1,1,18.288102771656206,0.8451
84,977706,2.0,2.085797275638769,0.011666566905531143,2.062931224680701,2.108663326596837,2.080843209746253,0.05048254472687678,1.9787326249068498,2.1829537945856563,2.080843209746253,0.048204314454403145,1.9829832487964967,2.1787031706960094,0,1,1,17.072049831288012,0.7424
85,978706,2.0,1.9818520793927759,0.011440943494372299,1.9594282421946483,2.0042759165909034,1.9807868350982152,0.047008719427783764,1.8857027251490812,2.075870945047349,1.9807868350982152,0.0477348903949721,1.8838798556532212,2.0776938145432093,1,1,1,17.407971943926345,0.822
86,979706,2.0,2.008976924945298,0.011847434240315263,1.9857563805250733,2.0321974693655225,2.0015502016662277,0.0479934999766914,1.9044741850425895,2.0986262182898656,2.0015502016662277,0.0474060830541787,1.9053107366106452,2.09778966672181,1,1,1,16.011039630493137,0.7594
87,980706,2.0,2.053279428291246,0.011430129647095933,2.030876785844314,2.0756820707381776,2.06522947011719,0.035548076828708905,1.9933266978909914,2.1371322423433887,2.06522947011719,0.03137354245620125,2.001537792839557,2.128921147394823,0,1,0,7.533985922180233,0.7695
88,981706,2.0,1.9641858650086108,0.011640816216780389,1.9413702844730714,1.9870014455441503,1.967945320623763,0.04803935840085356,1.8707765465819648,2.065114094665561,1.967945320623763,0.04689295587444265,1.8727475591239635,2.0631430821235623,0,1,1,16.227378004481647,0.7778
89,982706,2.0,1.9630209683450914,0.01157442241662649,1.9403355172666505,1.9857064194235323,1.9687499607090462,0.054005851266610325,1.8595128157232177,2.0779871056948744,1.9687499607090462,0.05372092327378657,1.8596906884580038,2.077809232960089,0,1,1,21.54211201036083,0.9245
90,983706,2.0,2.0434816424531514,0.01176704520310741,2.0204186576506062,2.0665446272556967,2.0426018681019333,0.05250160741970907,1.9364073434867533,2.1487963927171134,2.0426018681019333,0.05243984610163748,1.9361433207747714,2.1490604154290955,0,1,1,19.860399183729957,0.6827
91,984706,2.0,1.9992348369055306,0.011510364392844396,1.9766749372466232,2.0217947365644378,1.985594414670952,0.04857639091978537,1.887339389829346,2.083849439512558,1.985594414670952,0.0494407084502143,1.8852244404678584,2.085964388874046,1,1,1,18.4497814153097,0.7506
92,985706,2.0,1.9814639400299925,0.011619242730717873,1.9586906427501567,2.0042372373098285,1.9808282267447364,0.050857543953560805,1.8779591343744984,2.0836973191149744,1.9808282267447364,0.05055284807398467,1.878200489074105,2.083455964415368,1,1,1,18.92934591024642,0.7658
93,986706,2.0,2.015275891107856,0.011393589527904723,1.9929448659785298,2.037606916237182,2.003786287082468,0.04341194999172674,1.9159773300131122,2.0915952441518235,2.003786287082468,0.04365890509163788,1.9151539977172045,2.092418576447731,1,1,1,14.683329391147577,0.7194
94,987706,2.0,1.9383176382425242,0.011964194361432121,1.91486824819008,1.9617670282949684,1.950152184332806,0.05838847949801638,1.8320503370174157,2.068254031648196,1.950152184332806,0.0569114449399375,1.834615808752056,2.065688559913556,0,1,1,22.62727760388519,0.6997
95,988706,2.0,1.9793182990720184,0.011827350053600038,1.9561371189344143,2.0024994792096225,1.9799309619814618,0.04995633852228148,1.8788847296541604,2.080977194308763,1.9799309619814618,0.04715089133286797,1.8842095636625362,2.0756523603003876,1,1,1,15.892964465630213,0.7753
96,989706,2.0,2.0230107368373447,0.011973167922024242,1.9995437589293268,2.0464777147453623,2.022221766236846,0.05717435998013298,1.9065757074461178,2.137867825027574,2.022221766236846,0.05694839425842644,1.9066103795516882,2.1378331529220036,1,1,1,22.622719938893525,0.763
97,990706,2.0,2.0401646157893487,0.011634831181635937,2.0173607657071386,2.062968465871559,2.048047086851388,0.047188537439960904,1.9525992606417641,2.1434949130610113,2.048047086851388,0.04595904890322296,1.9547452572981097,2.1413489164046657,0,1,1,15.603495244106426,0.7669
98,991706,2.0,2.017017080904947,0.011799863551439953,1.9938897733216376,2.040144388488256,2.0145282909852,0.04874973216388602,1.9159226503830835,2.113133931587316,2.0145282909852,0.04899039522302909,1.9150725012348107,2.1139840807355887,1,1,1,17.237247421220793,0.7984
99,992706,2.0,1.8894734288220303,0.01155282527567842,1.8668303073620165,1.912116550282044,1.8808101610645054,0.04441331594020873,1.7909757501835213,1.9706445719454895,1.8808101610645054,0.04120304052927724,1.7971635418179994,1.9644567803110113,0,0,0,12.719853829287988,0.7032
100,993706,2.0,2.006280344714567,0.011809000280702111,1.9831351294709674,2.0294255599581663,2.0143126981071497,0.05344012641864636,1.9062198396345371,2.1224055565797624,2.0143126981071497,0.05352278740322704,1.905655663057801,2.1229697331564985,1,1,1,20.54239992490834,0.8434
101,994706,2.0,1.9857558001871567,0.011623309464763082,1.9629745322550576,2.008537068119256,1.9941821647557627,0.05048653517116191,1.892063508480937,2.0963008210305887,1.9941821647557627,0.0502368484099402,1.8921959405084325,2.096168389003093,1,1,1,18.68035696272449,0.6758
102,995706,2.0,1.9631933451417514,0.01167032357879916,1.9403199312393764,1.9860667590441263,1.9671377340458953,0.05804124396003741,1.8497382369002893,2.0845372311915016,1.9671377340458953,0.05523657277031256,1.8550015297355067,2.079273938356284,0,1,1,22.402044376973443,0.8883
103,996706,2.0,1.9726698381707435,0.011672516180485173,1.9497921268480316,1.9955475494934554,1.9734085846450538,0.04756453637923411,1.8772002287950187,2.069616940495089,1.9734085846450538,0.04704709979137658,1.8778978943573952,2.0689192749327123,0,1,1,16.245636963095755,0.7637
104,997706,2.0,2.029910759953601,0.011660199001629267,2.007057189857838,2.052764330049364,2.039703942020053,0.04840801347931417,1.941789492698427,2.137618391341679,2.039703942020053,0.04971646851277605,1.9387741451276577,2.140633738912448,0,1,1,18.17977982098973,0.7612
105,998706,2.0,2.0040635841971914,0.011537778547433368,1.9814499537826231,2.0266772146117598,2.001388218077842,0.04175037396019146,1.9169401157604236,2.0858363203952606,2.001388218077842,0.03416417897929102,1.9320312474698196,2.0707451886858643,1,1,1,8.767940193106236,0.728
106,999706,2.0,1.9502927746123062,0.011594886016442221,1.9275672156152324,1.97301833360938,1.9455169194672937,0.036899335611647245,1.8708809683702257,2.0201528705643614,1.9455169194672937,0.03706171861463094,1.8702776306731481,2.020756208261439,0,1,1,10.21687644794394,0.629
107,1000706,2.0,1.9493675566486557,0.011671369227219189,1.926492093313037,1.9722430199842744,1.9427079919684116,0.04875495254765752,1.8440917921434417,2.0413241917933815,1.9427079919684116,0.050041630820567604,1.8411180804970007,2.0442979034398228,0,1,1,18.38312298010172,0.8623
108,1001706,2.0,2.076666880693505,0.01153501069101707,2.0540586751778274,2.099275086209183,2.0684162446981156,0.03995657318251626,1.9875964469260556,2.1492360424701755,2.0684162446981156,0.040412830462357864,1.9863738371734458,2.150458652222785,0,1,1,12.274463961249733,0.7885
109,1002706,2.0,2.0211168173477656,0.011559406512866346,1.9984607968998898,2.0437728377956415,2.0236905300892856,0.040696626691135454,1.9413738328050003,2.106007227373571,2.0236905300892856,0.04032967359005684,1.9418169399903626,2.1055641201882085,1,1,1,12.172459553988142,0.7915
110,1003706,2.0,2.0383836516857,0.011772476393565724,2.015310021945463,2.061457281425937,2.045572195923143,0.05745678834713897,1.929354871838911,2.161789520007375,2.045572195923143,0.05821099930970182,1.9273975847131422,2.163746807133144,0,1,1,24.44975171546276,0.7719
111,1004706,2.0,2.007045783447613,0.011663559984235617,1.9841856259469888,2.0299059409482374,2.002817895538869,0.051999946820657277,1.8976380752623312,2.107997715815407,2.002817895538869,0.051599772798905486,1.8980647876838947,2.1075710033938435,1,1,1,19.57191514958697,0.9141
112,1005706,2.0,2.008758517256638,0.011781363532817803,1.9856674690435414,2.0318495654697344,2.02194651953438,0.05699031302785352,1.9066727308428881,2.137220308225872,2.02194651953438,0.05848695701438177,1.903211684400247,2.1406813546685135,1,1,1,24.644893087348898,0.6589
113,1006706,2.0,2.0378062594978243,0.011987574082674632,2.014311046033776,2.0613014729618726,2.03168407116684,0.06981392982892577,1.890472069209788,2.1728960731238915,2.03168407116684,0.07104280499155727,1.8874595095083364,2.1759086328253434,0,1,1,35.12186688940799,0.808
114,1007706,2.0,1.9903483971127778,0.011696304962265862,1.9674240606345397,2.013272733591016,1.9875893163706462,0.04969914886393193,1.8870632992300158,2.0881153335112765,1.9875893163706462,0.0501414756732511,1.8857967090722074,2.0893819236690847,1,1,1,18.377941120038074,0.7489
115,1008706,2.0,2.0315310948961995,0.011586539611814502,2.0088218945515965,2.0542402952408025,2.0262209781079528,0.0423478423837181,1.9405643818352583,2.1118775743806473,2.0262209781079528,0.041718244847263615,1.9415284384908338,2.1109135177250717,0,1,1,12.964165181374488,0.8588
116,1009706,2.0,1.9278392564366613,0.011925569007939753,1.9044655706859523,1.9512129421873703,1.9232628403849514,0.06104336155818431,1.799790987232691,2.046734693537212,1.9232628403849514,0.05283668590768289,1.8159986654212912,2.0305270153486115,0,1,1,19.629666409483047,0.8084
117,1010706,2.0,1.9080362613075308,0.011425104038811846,1.8856434688718364,1.9304290537432252,1.9054638460894828,0.040525169567356294,1.823493953572641,1.9874337386063246,1.9054638460894828,0.03754488402929112,1.8292436793563793,1.9816840128225863,0,0,0,10.798941968394683,0.7295
118,1011706,2.0,1.9739848107010616,0.01204764965334805,1.9503718512821429,1.9975977701199803,1.9780984309140976,0.05270451140667992,1.8714934942468322,2.084703367581363,1.9780984309140976,0.05235317874838966,1.8718158276678845,2.0843810341603106,0,1,1,18.88345478188073,0.7562
119,1012706,2.0,1.9853696437982,0.011412376450013828,1.96300179697816,2.0077374906182404,1.9780850547055149,0.052310464770747765,1.8722771525908206,2.0838929568202094,1.9780850547055149,0.05396427797172433,1.868531746152812,2.087638363258218,1,1,1,22.359421530293687,0.7695
120,1013706,2.0,2.016403196742318,0.011688300527023531,1.9934945486688713,2.0393118448157646,2.0242865724899572,0.051075496352766696,1.9209766297808453,2.1275965151990692,2.0242865724899572,0.0520505339921518,1.918618370762826,2.1299547742170883,1,1,1,19.83113813179476,0.7459
121,1014706,2.0,1.8760492364980923,0.011470971223910584,1.8535665460315323,1.8985319269646523,1.8678097380364829,0.048803237902179365,1.7690958718633507,1.966523604209615,1.8678097380364829,0.047880728434418984,1.7706066916313672,1.9650127844415985,0,0,0,17.42292701185311,0.8096
122,1015706,2.0,2.0856959066035268,0.011512963190360782,2.063130913395084,2.1082608998119694,2.0908581027567523,0.04775524608290183,1.9942640001207457,2.1874522053927588,2.0908581027567523,0.046033438935483714,1.9974052534091988,2.1843109521043056,0,1,1,15.987207363197586,0.6849
123,1016706,2.0,1.99409003492386,0.011799025021212979,1.9709643708295956,2.0172156990181245,1.984607938924991,0.06069848436090258,1.8618336657482002,2.1073822121017822,1.984607938924991,0.056057230660109966,1.8708057105261438,2.0984101673238387,1,1,1,22.572051561551408,0.6835
124,1017706,2.0,2.030298453545578,0.011554444294193668,2.007652158867584,2.052944748223572,2.029096445415005,0.047137489338112286,1.9337518737374755,2.124441017092534,2.029096445415005,0.046941936068644226,1.9337992488346296,2.1243936419953804,0,1,1,16.50531697138046,0.8404
125,1018706,2.0,1.971343024551182,0.011788337253571512,1.9482383080965702,1.994447741005794,1.9713622686601304,0.053961532158593395,1.8622147675316718,2.080509769788589,1.9713622686601304,0.05485106438967975,1.8600086879696716,2.0827158493505893,0,1,1,21.650354647232156,0.8016
126,1019706,2.0,1.849100281313222,0.011722933277270838,1.8261237542966051,1.872076808329839,1.849404217237755,0.05392216896836054,1.740336335676764,1.9584720987987458,1.849404217237755,0.05300652109371562,1.7417952585164338,1.957013175959076,0,0,0,20.444948319782565,0.8498
127,1020706,2.0,2.0229685346504387,0.011867574553828345,1.9997085159410912,2.046228553359786,2.0267848074093457,0.0565481407566429,1.9124053965559236,2.141164218262768,2.0267848074093457,0.0565890860864878,1.9119028550927257,2.141666759725966,1,1,1,22.73743250421024,0.8199
128,1021706,2.0,2.0086047442205848,0.011714481815620023,1.98564478176442,2.0315647066767495,2.0076048112421256,0.06400253947541513,1.8781474557859092,2.137062166698342,2.0076048112421256,0.06528704547253592,1.87506506261629,2.1401445598679616,1,1,1,31.060458729412705,0.8144
129,1022706,2.0,1.909042207969034,0.011769488523359583,1.8859744343467917,1.9321099815912761,1.909366201248869,0.05146031446745358,1.8052778904333144,2.0134545120644236,1.909366201248869,0.05266688440038329,1.8024467416714067,2.0162856608263313,0,1,1,20.024425999167196,0.779
130,1023706,2.0,1.990262037904522,0.011204339596590937,1.9683019358246476,2.012222139984396,2.0007292939134493,0.03689873095440208,1.9260945658511008,2.0753640219757976,2.0007292939134493,0.03316936911809206,1.9333918946917485,2.06806669313515,1,1,1,8.763990447601662,0.7449
131,1024706,2.0,1.9332355691679073,0.011826826698954145,1.9100554147865605,1.956415723549254,1.9291815312842864,0.0538992075196765,1.8201600936370597,2.0382029689315133,1.9291815312842864,0.05378358915690159,1.8199950405271013,2.0383680220414715,0,1,1,20.680598132009436,0.7891
132,1025706,2.0,2.0520685772311795,0.011536829894688039,2.029456806141826,2.074680348320533,2.0556453501781307,0.048714754297761904,1.957110458988226,2.1541802413680355,2.0556453501781307,0.04784904229773514,1.9585066300503127,2.1527840703059486,0,1,1,17.201785232622026,0.7282
133,1026706,2.0,2.0275382554906654,0.011938515684471995,2.0041391947202336,2.050937316261097,2.0317462065907055,0.06380951639134019,1.9026792771740049,2.1608131360074063,2.0317462065907055,0.0651887228373191,1.8994060635261498,2.1640863496552614,0,1,1,29.815649638007372,0.7931
134,1027706,2.0,1.9686868824521964,0.011444421822359047,1.9462562278564883,1.9911175370479044,1.9671827118031946,0.03997661465042657,1.8863223763359682,2.0480430472704207,1.9671827118031946,0.040177411575298035,1.885618230027605,2.048747193578784,0,1,1,12.324695389383459,0.7281
135,1028706,2.0,2.0603436837397244,0.011788230154280663,2.037239177195865,2.0834481902835837,2.0563328291844485,0.05606396693813412,1.9429327523174436,2.1697329060514536,2.0563328291844485,0.057610992824961835,1.9393762958961198,2.173289362472777,0,1,1,23.884354377451192,0.6905
136,1029706,2.0,2.018588077480674,0.011943761149529731,1.9951787357876472,2.041997419173701,2.014290958931896,0.06404990759948961,1.884737792401215,2.1438441254625773,2.014290958931896,0.0635382211042056,1.885301512521325,2.143280405342467,1,1,1,28.30009436051649,0.7599
137,1030706,2.0,2.0670481906938085,0.012077083985207423,2.0433775410445363,2.0907188403430808,2.071681418393567,0.05864259850288002,1.9530655668744301,2.1902972699127035,2.071681418393567,0.060433351442182155,1.9489951925000535,2.19436764428708,0,1,1,25.039703739129443,0.785
138,1031706,2.0,2.0588284749946943,0.011692680824708198,2.035911241695544,2.0817457082938446,2.0513769120627146,0.043937175454864294,1.9625055862180985,2.1402482379073304,2.0513769120627146,0.04091513644301166,1.9683147691843121,2.134439054941117,0,1,1,12.24446510229317,0.7634
139,1032706,2.0,2.031465778597099,0.011847147003394237,2.0082457971508947,2.0546857600433035,2.0374721613145654,0.05246500957055798,1.9313516628365561,2.1435926597925747,2.0374721613145654,0.05133770057456613,1.9332510883599965,2.1416932342691344,0,1,1,18.77782427441039,0.7183
140,1033706,2.0,2.056245271215316,0.0115534922705317,2.033600842469412,2.0788896999612203,2.059374241297827,0.04745507667141449,1.9633872886049086,2.1553611939907453,2.059374241297827,0.04648021582461205,1.9650143866454952,2.153734095950159,0,1,1,16.18488864368366,0.8114
141,1034706,2.0,1.9481998734328745,0.011841972635172733,1.9249900335620271,1.9714097133037218,1.9568615483198784,0.05190569175027256,1.8518723769183751,2.061850719721382,1.9568615483198784,0.04790577996997326,1.8596076445938192,2.0541154520459375,0,1,1,16.365441445722222,0.7848
142,1035706,2.0,1.9915921122691613,0.011749620787224989,1.9685632786941971,2.0146209458441255,1.9968256441015573,0.05222008145840276,1.891200559492066,2.1024507287110485,1.9968256441015573,0.05106290498471992,1.8931624358525834,2.100488852350531,1,1,1,18.88701547780887,0.7541
143,1036706,2.0,2.0418233149853227,0.011476660827240427,2.0193294731011497,2.0643171568694956,2.046772489783614,0.04644832469991891,1.9528218851621688,2.1407230944050593,2.046772489783614,0.045705408606821464,1.9539855774069843,2.1395594021602435,0,1,1,15.860033406873406,0.7416
144,1037706,2.0,2.033226498120422,0.011421560631124863,2.010840650636177,2.0556123456046675,2.0374806123841567,0.0425561127399838,1.9514027495529307,2.1235584752153827,2.0374806123841567,0.04328526134110103,1.9496068601591994,2.1253543646091138,0,1,1,14.362471796016894,0.7191
145,1038706,2.0,1.9523485419834068,0.011622508113085349,1.929568844671735,1.9751282392950786,1.9591572875232253,0.04928153634852383,1.8594759714256046,2.058838603620846,1.9591572875232253,0.04936751236431389,1.8589359092744349,2.059378665772016,0,1,1,18.041920765278032,0.7628
146,1039706,2.0,2.0997538009433243,0.011656673093193196,2.0769071415011084,2.12260046038554,2.1023481302226643,0.05569902480499287,1.9896862184947028,2.2150100419506256,2.1023481302226643,0.054168074613921015,1.9923810924908871,2.2123151679544413,0,1,1,21.594222106189306,0.7586
147,1040706,2.0,1.978186491910668,0.011776899385108404,1.9551041932663036,2.001268790555032,1.9832433665344582,0.06196820233264484,1.8579008463452167,2.1085858867236995,1.9832433665344582,0.06329883262611367,1.8547399045711934,2.111746828497723,1,1,1,28.888797988985615,0.6819
148,1041706,2.0,2.018428378678728,0.011804313047821037,1.9952923502427626,2.0415644071146937,2.032284538940397,0.052221656780332325,1.9266562679415427,2.1379128099392513,2.032284538940397,0.0534617607741477,1.9237513945345766,2.1408176833462176,1,1,1,20.511861703452166,0.7545
149,1042706,2.0,1.9699813491889715,0.011666733960801172,1.9471149708085909,1.9928477275693521,1.9696828869592262,0.05452063619215083,1.859404491178735,2.0799612827397174,1.9696828869592262,0.05568205175332376,1.8566423122335578,2.082723461684895,0,1,1,22.778853943449146,0.7651
150,1043706,2.0,2.0112860727156523,0.01176874753648102,1.988219751401005,2.0343523940302997,2.005157264989048,0.05449737018656451,1.894925929146802,2.1153886008312943,2.005157264989048,0.0548500198392588,1.8938058048486803,2.116508725129416,1,1,1,21.721663676375012,0.6991
151,1044706,2.0,2.0168693314489294,0.011450026984759562,1.9944276909367888,2.03931097196107,2.0111894909798576,0.04385063318881046,1.922493213390988,2.099885768568727,2.0111894909798576,0.04281524888866351,1.92426991476097,2.0981090671987452,1,1,1,13.982470943774544,0.7961
152,1045706,2.0,2.035822824608731,0.011634251275209655,2.013020111122231,2.058625538095231,2.030138135206917,0.044045914681879676,1.9410468635151654,2.1192294068986692,2.030138135206917,0.04420217270919147,1.9404029539440968,2.1198733164697376,0,1,1,14.434786191194826,0.6632
153,1046706,2.0,2.101568237241973,0.011493798746059063,2.0790408056541456,2.1240956688298005,2.1155063418923215,0.051718371849793277,2.0108960607526596,2.2201166230319833,2.1155063418923215,0.05293606272632738,2.0080404212612466,2.2229722625233963,0,0,0,21.211730251422807,0.7931
154,1047706,2.0,1.9483939960143077,0.01144057643487325,1.9259708782395786,1.970817113789037,1.9493987323852815,0.03824776236449424,1.8720353307388953,2.0267621340316677,1.9493987323852815,0.03555060938180621,1.8772271584251456,2.021570306345417,0,1,1,9.656022853855644,0.7534
155,1048706,2.0,1.9677013833614974,0.011884043448965757,1.9444090862108152,1.9909936805121795,1.9705195894862886,0.046070153090501886,1.8773339091454269,2.06370526982715,1.9705195894862886,0.04414983787897576,1.8808906535772125,2.0601485253953644,0,1,1,13.801610422258246,0.818
156,1049706,2.0,1.9294463913204198,0.012103963904042267,1.9057230579983242,1.9531697246425155,1.9284264177947603,0.05647558879037539,1.8141937571447382,2.0426590784447827,1.9284264177947603,0.05732716660218235,1.8120460823715416,2.044806753217979,0,1,1,22.431882157819107,0.7459
157,1050706,2.0,1.9892667423270032,0.011607183748520376,1.9665170802179646,2.0120164044360416,1.9988107930637846,0.04643804954539777,1.9048809719040913,2.092740614223478,1.9988107930637846,0.04707872137477482,1.9032359075489653,2.094385678578604,1,1,1,16.451124881402702,0.8116
158,1051706,2.0,2.0051076458637356,0.011623106377454602,1.9823267759754468,2.0278885157520246,1.9998395860559914,0.03933173968660485,1.9202836333226463,2.0793955387893366,1.9998395860559914,0.03738728673702726,1.9239393588353835,2.0757398132765994,1,1,1,10.346738484128679,0.7382
159,1052706,2.0,2.0497851972753662,0.011585705627825604,2.027077631509345,2.0724927630413874,2.0580979796960848,0.045356355684104156,1.9663560908878897,2.14983986850428,2.0580979796960848,0.045961994851488414,1.9647901695498766,2.151405789842293,0,1,1,15.738116659486066,0.7529
160,1053706,2.0,2.0325092307252794,0.011743273372033779,2.009492837855485,2.055525623595074,2.0313046823563656,0.0575642551549089,1.914869986135852,2.1477393785768792,2.0313046823563656,0.05834663151311054,1.9128547231348987,2.149754641577833,0,1,1,24.686142671871313,0.7327
161,1054706,2.0,2.0407279737091155,0.011484585264652679,2.0182186002130167,2.0632373472052143,2.047965737395007,0.03895693528684845,1.9691678981178389,2.126763576672175,2.047965737395007,0.037316040143672104,1.97221014844843,2.1237213263415837,0,1,1,10.557484934819735,0.6922
162,1055706,2.0,1.9581649130506371,0.01153775756403375,1.9355513237627764,1.9807785023384978,1.9519696085756064,0.04145296855162581,1.8681230654776635,2.0358161516735493,1.9519696085756064,0.041976056308025686,1.8667536838680006,2.0371855332832123,0,1,1,13.236112483480403,0.7605
163,1056706,2.0,2.0693304304862,0.011796335741758488,2.0462100372828105,2.0924508236895893,2.0699004794031644,0.054984409598333214,1.9586840133650336,2.181116945441295,2.0699004794031644,0.05047071759129946,1.9674394754765834,2.1723614833297455,0,1,1,18.305631249748266,0.726
164,1057706,2.0,1.9502908178042344,0.011489175793099925,1.9277724470377091,1.9728091885707597,1.9510163339605593,0.04312856263912387,1.8637805819161668,2.038252086004952,1.9510163339605593,0.04100856329437925,1.867764524490484,2.0342681434306344,0,1,1,12.740056665506039,0.7368
165,1058706,2.0,2.021905542762434,0.011461341075813395,1.9994417270393101,2.044369358485558,2.0212850402173634,0.04406818624212171,1.932148720042935,2.110421360391792,2.0212850402173634,0.04304765778867769,1.9338936488479612,2.1086764315867654,1,1,1,14.106789294289044,0.7178
166,1059706,2.0,1.9794303242792228,0.011857765179752943,1.956189531589774,2.0026711169686715,1.9816405086929796,0.05590415378248257,1.8685636844448135,2.094717332941146,1.9816405086929796,0.055226578682288564,1.8695245934599243,2.093756423926035,1,1,1,21.69155004208302,0.7389
167,1060706,2.0,1.9420029301900261,0.012132540351830456,1.9182235880594596,1.9657822723205927,1.9540451344579148,0.05907728595024618,1.8345500445859366,2.0735402243298933,1.9540451344579148,0.05970911319056691,1.832829190380948,2.075261078534882,0,1,1,24.22020157053367,0.7505
168,1061706,2.0,2.0628425187162516,0.0119393125824154,2.0394418960545515,2.0862431413779516,2.0459833216952834,0.05396450811104698,1.9368298011348186,2.1551368422557484,2.0459833216952834,0.05495330909772201,1.9344221732124063,2.1575444701781605,0,1,1,21.18502853667497,0.7412
169,1062706,2.0,2.070887204222787,0.011873239536624447,2.047616082351186,2.094158326094388,2.065921396635732,0.05210061970812803,1.9605379462238133,2.171304847047651,2.065921396635732,0.05087754421237893,1.9626344907602744,2.16920830251119,0,1,1,18.361739494898067,0.7617
170,1063706,2.0,1.968736451095857,0.011548490060686806,1.946101826501092,1.9913710756906218,1.9713101450218322,0.043680021349029,1.8829589624521395,2.059661327591525,1.9713101450218322,0.04434268276449418,1.8812897131817428,2.0613305768619217,0,1,1,14.743259834841178,0.7853
171,1064706,2.0,2.0410849683680916,0.01175068926475413,2.018054040615652,2.0641158961205313,2.044011920761898,0.058023317497565945,1.9266486833091614,2.1613751582146348,2.044011920761898,0.05893434311462099,1.92436884355868,2.163654997965116,0,1,1,25.15418267777504,0.716
172,1065706,2.0,2.0544795825974758,0.01160370954415465,2.031736729803869,2.0772224353910826,2.045304263675814,0.047292779226817565,1.949645588550427,2.140962938801201,2.045304263675814,0.04671457268549926,1.9504686393021549,2.1401398880494726,0,1,1,16.207314607490236,0.7234
173,1066706,2.0,1.9434861762057245,0.011756326842081019,1.9204441990047643,1.9665281534066847,1.9346946507296088,0.057341040282243405,1.818711449205253,2.0506778522539646,1.9346946507296088,0.057612830884558444,1.8177343859819204,2.051654915477297,0,1,1,24.01569324756605,0.7678
174,1067706,2.0,2.020882860507399,0.011915622468392473,1.9975286696159735,2.0442370513988246,2.00862853117831,0.056955515078926856,1.893425127982148,2.123831934374472,2.00862853117831,0.05349957598690276,1.900018617809267,2.117238444547353,1,1,1,20.15891764623236,0.7134
175,1068706,2.0,2.100593384922055,0.011389473811999276,2.0782704264476743,2.1229163433964358,2.097229960467737,0.04729213756355077,2.001572583228813,2.1928873377066607,2.097229960467737,0.04342019519162838,2.0090822779630346,2.185377642972439,0,0,0,14.533701031380442,0.7576
176,1069706,2.0,2.112074153102662,0.011814685525462651,2.0889177949840882,2.1352305112212355,2.1187205281631942,0.05872176656934775,1.9999445441148564,2.237496512211532,2.1187205281631942,0.05734146664792013,2.002311162103749,2.2351298942226396,0,1,0,23.555550647504962,0.7928
177,1070706,2.0,1.9888479826536356,0.011501470664527365,1.966305514381918,2.011390450925353,1.9862315213448851,0.045674870450413525,1.8938453756109783,2.0786176670787917,1.9862315213448851,0.045424063943281495,1.8940157690002788,2.0784472736894912,1,1,1,15.597867289939652,0.721
178,1071706,2.0,2.0884264319373878,0.011595384289016226,2.0656998963440145,2.111152967530761,2.0927453344582925,0.04040872270180814,2.011010977959062,2.174479690957523,2.0927453344582925,0.03920626212918371,2.0131523908727753,2.1723382780438096,0,0,0,11.43248356348545,0.705
179,1072706,2.0,1.9596400032559878,0.011456279639670374,1.9371861077654142,1.9820938987465613,1.943077447615538,0.029192075721950993,1.8840309011157221,2.0021239941153537,1.943077447615538,0.0284593043396681,1.8853019882430884,2.0008529069879875,0,1,1,6.171082438256609,0.8493
180,1073706,2.0,2.0033141033736475,0.011770054431573945,1.9802452205916865,2.0263829861556086,2.0095998794266037,0.05169644197024852,1.9050339556551747,2.114165803198033,2.0095998794266037,0.050538070129567854,1.907002142578096,2.112197616275111,1,1,1,18.436580113615456,0.7535
181,1074706,2.0,2.0384532292601816,0.0117398868202395,2.0154434739099356,2.0614629846104275,2.045746506038337,0.0425993778328834,1.9595811312965483,2.1319118807801254,2.045746506038337,0.03982839520028541,1.9648905651727495,2.126602446903924,0,1,1,11.509535464752622,0.7906
182,1075706,2.0,1.9848918609894817,0.011656144154894415,1.9620462382472816,2.007737483731682,1.9852735919960005,0.05282528680908257,1.8784243640189315,2.0921228199730697,1.9852735919960005,0.05412718727430694,1.875389559976539,2.095157624015462,1,1,1,21.563591667459608,0.6611
183,1076706,2.0,1.9369899649424767,0.011889899838940586,1.9136861894783646,1.9602937404065888,1.9247127479629003,0.05962977975191352,1.804100133894913,2.0453253620308876,1.9247127479629003,0.04699339090619787,1.8293110925088605,2.0201144034169403,0,1,1,15.621300072553527,0.7346
184,1077706,2.0,1.9890812071331814,0.011983664935455551,1.965593655456893,2.01256875880947,1.9959254618617572,0.051094014170918606,1.8925780633300107,2.099272860393504,1.9959254618617572,0.051429264352021054,1.8915185045566365,2.100332419166878,1,1,1,18.417950827928077,0.8176
185,1078706,2.0,1.9926785071418838,0.012054857771583785,1.9690514200708267,2.0163055942129406,1.9911186257405702,0.05556852958787251,1.8787206655033863,2.103516585977754,1.9911186257405702,0.053906324518053564,1.8816829689536338,2.1005542825275065,1,1,1,19.99655865533135,0.7038
186,1079706,2.0,1.9723925585188287,0.01131804979866768,1.9502095885382091,1.9945755284994482,1.9829048725182752,0.04217403147508893,1.8975998419922684,2.068209903044282,1.9829048725182752,0.03919527206579188,1.9033342399475819,2.0624755050889685,0,1,1,11.992898711565765,0.8333
187,1080706,2.0,2.0190277479189063,0.01183753419935631,1.9958266072224067,2.042228888615406,2.012422386866589,0.051385434540841546,1.9084855349986853,2.1163592387344923,2.012422386866589,0.05231408996499726,1.9062191380694462,2.1186256356637316,1,1,1,19.53056721265414,0.7933
188,1081706,2.0,2.0366635023587363,0.011840661277255386,2.0134562327021777,2.059870772015295,2.0358580293641455,0.05268807811774367,1.929286332161198,2.142429726567093,2.0358580293641455,0.05429466822394701,1.9256339929409887,2.146082065787302,0,1,1,21.026280423053812,0.7828
189,1082706,2.0,2.05922572556553,0.011977074344768725,2.0357510912096246,2.0827003599214353,2.0515740585817905,0.06693527732544112,1.9161846809054783,2.186963436258103,2.0515740585817905,0.06904243478384765,1.9114104643413943,2.191737652822187,0,1,1,33.2300279137087,0.7585
190,1083706,2.0,2.034021197463324,0.011463814057966844,2.011552534784245,2.056489860142403,2.0271234615754388,0.04148869664818734,1.9432046515809906,2.111042271569887,2.0271234615754388,0.03870285179448398,1.948552495301559,2.105694427849319,0,1,1,11.39797414131803,0.7047
191,1084706,2.0,1.9562878960269074,0.01166861807484868,1.933417824850851,1.979157967202964,1.9571866229424484,0.04965638731417284,1.8567470992002424,2.057626146684654,1.9571866229424484,0.04854145068556275,1.8586422390569144,2.0557310068279824,0,1,1,17.305599639347136,0.7819
192,1085706,2.0,1.9934956224833371,0.011305034000219554,1.971338162998906,2.015653081967768,1.9910941750893936,0.037976137547172134,1.9142801864946615,2.067908163684126,1.9910941750893936,0.03695889637305344,1.916063626543075,2.066124723635712,1,1,1,10.687945804078064,0.7273
193,1086706,2.0,1.9463593951383267,0.011421635509951794,1.9239734008942775,1.9687453893823759,1.9500101555928329,0.0422484185372042,1.8645546630317171,2.0354656481539486,1.9500101555928329,0.042932329786289365,1.8628528925154284,2.0371674186702373,0,1,1,14.12902911393223,0.7738
194,1087706,2.0,2.0029840986596845,0.011576367822442726,1.9802948346559084,2.0256733626634604,2.00646157668575,0.04589635226078285,1.913627441705056,2.099295711666444,2.00646157668575,0.046660731385147584,1.9117352559628025,2.101187897408698,1,1,1,16.246448900663808,0.7379
195,1088706,2.0,2.0150102880733542,0.011550638754670306,1.9923714521157678,2.0376491240309407,2.019727450245529,0.04059375011737105,1.9376188404728814,2.1018360600181767,2.019727450245529,0.041205367997488786,1.936076105987354,2.103378794503704,1,1,1,12.726107606189451,0.7123
196,1089706,2.0,1.9480704056144096,0.011477278443373505,1.9255753532248596,1.9705654580039595,1.9440910311943045,0.046142686254132634,1.8507586386819654,2.0374234237066435,1.9440910311943045,0.044543215064605145,1.8536634971418895,2.0345185652467195,0,1,1,15.062091629942952,0.8288
197,1090706,2.0,1.90852902421163,0.011428170239333001,1.8861302221333447,1.9309278262899152,1.8996324603356518,0.041236541553231476,1.816223682162212,1.9830412385090916,1.8996324603356518,0.042242618312899244,1.813875385988582,1.9853895346827217,0,0,0,13.66306881876465,0.761
198,1091706,2.0,1.9464071173722801,0.011407784120334958,1.9240482713530156,1.9687659633915446,1.9535570757029521,0.04053434642442529,1.8715686212406426,2.035545530165262,1.9535570757029521,0.04004230345704843,1.872266877989392,2.034847273416512,0,1,1,12.32070380446574,0.8108
199,1092706,2.0,2.0084553289199403,0.0114944778330084,1.9859265663461498,2.030984091493731,2.007592063896805,0.03847326637675764,1.9297725373323817,2.0854115904612285,2.007592063896805,0.03841489373930448,1.9296056835537485,2.0855784442398613,1,1,1,11.169166839380177,0.7335
200,1093706,2.0,1.954013745877466,0.011693655262957937,1.931094602714441,1.976932889040491,1.9437940440854766,0.054233701931321765,1.834096027629012,2.053492060541941,1.9437940440854766,0.05529335300134206,1.8315425697779073,2.056045518393046,0,1,1,22.35863468521377,0.7742
201,1094706,2.0,1.9674396370608351,0.011946177207041941,1.9440255599820997,1.9908537141395706,1.9657600840217255,0.05736199498276897,1.8497344976148846,2.0817856704285664,1.9657600840217255,0.05557314477541183,1.8529406022153578,2.0785795658280932,0,1,1,21.640736713384044,0.6845
202,1095706,2.0,1.9640227240387194,0.011786437571239714,1.9409217308930597,1.987123717184379,1.9679213330167877,0.05418282530104587,1.8583262242584242,2.0775164417751513,1.9679213330167877,0.054718859016683025,1.8568361435022067,2.0790065225313685,0,1,1,21.55306037915589,0.7439
203,1096706,2.0,2.064431751908014,0.011856833879889873,2.0411927845327553,2.0876707192832726,2.062133561904508,0.05200574552665965,1.9569420126379913,2.1673251111710248,2.062133561904508,0.04868491193433751,1.9632979362004397,2.1609691876085764,0,1,1,16.85975685276908,0.7626
204,1097706,2.0,1.9568258461759336,0.011573057635321099,1.934143070019698,1.9795086223321692,1.9644403711852836,0.04378509247828024,1.8758766621964962,2.053004080174071,1.9644403711852836,0.04465333264742987,1.8737892865549364,2.055091455815631,0,1,1,14.887148586172335,0.8074
205,1098706,2.0,1.9756532433742522,0.011755361124280802,1.9526131589453994,1.998693327803105,1.9770244862145052,0.058596445890838414,1.858501987164681,2.0955469852643294,1.9770244862145052,0.05880464157021182,1.8576447171448986,2.096404255284112,0,1,1,25.023684972234715,0.7775
206,1099706,2.0,2.043446449716341,0.01175830493849444,2.0204005955176525,2.0664923039150294,2.0527990962215323,0.046412636673401717,1.9589206774472776,2.1466775149957873,2.0527990962215323,0.045498883708212146,1.9604314516789505,2.145166740764114,0,1,1,14.973111040006456,0.7213
207,1100706,2.0,2.042130625948136,0.01150118804697222,2.019588711596648,2.0646725402996244,2.0427355133581733,0.047878225095311214,1.9458926621904111,2.1395783645259354,2.0427355133581733,0.04818959233924998,1.9449054398911099,2.1405655868252365,0,1,1,17.555819061453175,0.8622
208,1101706,2.0,1.9473063910864312,0.011492442036655762,1.9247816186001718,1.9698311635726906,1.9511442493008966,0.04503913720603115,1.8600439954279675,2.0422445031738254,1.9511442493008966,0.041556473615657494,1.866780122743624,2.035508375858169,0,1,1,13.075332164362944,0.8207
209,1102706,2.0,2.0079922964916075,0.011493094666086277,1.985466244875169,2.030518348108046,2.0007194641378407,0.04639592041392262,1.9068748571898513,2.09456407108583,2.0007194641378407,0.047110393025473145,1.9050802817538381,2.0963586465218436,1,1,1,16.80194222556201,0.7219
210,1103706,2.0,2.0081905846999,0.011756721301151091,1.985147834373369,2.031233335026431,2.0062877240486348,0.04240461362688563,1.9205162970978662,2.0920591509994035,2.0062877240486348,0.04290116035417063,1.9191937382824937,2.093381709814776,1,1,1,13.315749952337415,0.8478
211,1104706,2.0,1.9615409786948406,0.012013464747951416,1.9379950204593142,1.985086936930367,1.9632129110842294,0.06696133687950181,1.8277708229845384,2.0986549991839203,1.9632129110842294,0.0674840282542973,1.8262130502949103,2.1002127718735486,0,1,1,31.554800625481214,0.7693
212,1105706,2.0,1.9704278200412308,0.011790743588399273,1.9473183872570217,1.99353725282544,1.974243240894098,0.05357460290468599,1.8658783780542145,2.0826081037339814,1.974243240894098,0.054370477947100704,1.8638653025509284,2.0846211792372675,0,1,1,21.26394849009072,0.7484
213,1106706,2.0,1.9706225829402846,0.011904569405067247,1.9472900556548953,1.9939551102256738,1.9704542574230288,0.06805319521123265,1.8328036773897793,2.108104837456278,1.9704542574230288,0.06767775331386416,1.8330611138543822,2.1078474009916754,0,1,1,32.31948884188877,0.8177
214,1107706,2.0,1.995451700927632,0.011682711425986219,1.9725540072909244,2.0183493945643396,1.9970676260268199,0.05360699603927677,1.8886372418877282,2.1054980101659115,1.9970676260268199,0.054648281691732796,1.8861257160991751,2.108009535954465,1,1,1,21.880927302893316,0.7824
215,1108706,2.0,2.042339597772073,0.01157987720683331,2.019643455501283,2.0650357400428625,2.0393717645129064,0.04718293784980685,1.9439352645434433,2.1348082644823694,2.0393717645129064,0.047828411736747206,1.9422749266505142,2.136468602375299,0,1,1,17.05941012647642,0.7085
216,1109706,2.0,1.8717874592687154,0.011590396712094157,1.8490706991464794,1.8945042193909514,1.8748373598245822,0.04606325029779172,1.7816656416998584,1.968009077949306,1.8748373598245822,0.04602819144194967,1.7813951634552556,1.9682795561939088,0,0,0,15.770709039016955,0.7754
217,1110706,2.0,2.042166680510159,0.011704283209311979,2.0192267069550502,2.0651066540652674,2.0415466275893914,0.049510311821045185,1.9414025694207746,2.1416906857580083,2.0415466275893914,0.05011548145803741,1.9398067913533465,2.143286463825436,0,1,1,18.33387095288897,0.7513
218,1111706,2.0,2.0297102574653754,0.011770370903506,2.0066407544098253,2.0527797605209255,2.0333535010103043,0.05426402834609699,1.9235941435900366,2.1431128584305723,2.0333535010103043,0.05572271294149031,1.9202303796841669,2.1464766223364418,0,1,1,22.412185496362216,0.7589
219,1112706,2.0,2.0050099720468406,0.011975782993656203,1.9815378686926073,2.028482075401074,2.0136622526776806,0.05131103575368282,1.9098758865610248,2.117448618794336,2.0136622526776806,0.05122495556170375,1.9096700642675943,2.1176544410877667,1,1,1,18.295966020755042,0.8161
220,1113706,2.0,2.0281616665896727,0.011690813803090429,2.0052480925856515,2.051075240593694,2.0167292023500507,0.0492967035260806,1.9170172077401033,2.116441196959998,2.0167292023500507,0.04913712166236697,1.916975542091878,2.1164828626082235,0,1,1,17.665662886673413,0.7596
221,1114706,2.0,1.9560499832465328,0.01169823476491328,1.9331218644246084,1.9789781020684571,1.9460273760501958,0.055178346492675195,1.8344186356168195,2.057636116483572,1.9460273760501958,0.05633747463725528,1.8316562221315014,2.0603985299688903,0,1,1,23.192848211276967,0.7781
222,1115706,2.0,1.9309067106802031,0.01172426217375058,1.9079275790743466,1.9538858422860597,1.9277503457664018,0.042327887179289564,1.8421341127045123,2.013366578828291,1.9277503457664018,0.040316818424452866,1.8459028530410906,2.0095978384917133,0,1,1,11.82500852811241,0.6992
223,1116706,2.0,1.9807589172089022,0.011418730735195169,1.958378616218759,2.0031392181990455,1.9802975677477914,0.03748120274184009,1.9044846792898145,2.056110456205768,1.9802975677477914,0.03791972333659284,1.9033164367651147,2.057278698730468,1,1,1,11.02794664183566,0.707
224,1117706,2.0,1.9612362624970732,0.01180300425351966,1.9381027992508015,1.9843697257433448,1.960991334016406,0.051830477681219504,1.8561542974294354,2.0658283706033767,1.960991334016406,0.05300609283635132,1.8533832447037555,2.0685994233290566,0,1,1,20.168168377503847,0.8625
225,1118706,2.0,1.914561812843861,0.011395035623607323,1.8922279534190398,1.9368956722686823,1.9206541453601536,0.03316031222532151,1.8535810829164117,1.9877272078038954,1.9206541453601536,0.033598711760327915,1.8524451342365138,1.9888631564837933,0,0,0,8.693884727759874,0.8121
226,1119706,2.0,1.9592741978902295,0.011530982568848717,1.9366738873489269,1.9818745084315321,1.9575311902784187,0.05556108451748591,1.8451482891175048,2.0699140914393324,1.9575311902784187,0.056330114857871906,1.8431749775062005,2.0718874030506367,0,1,1,23.86429683209089,0.8222
227,1120706,2.0,2.1081907175945247,0.01161096961625823,2.0854336353210696,2.1309477998679798,2.0979466427520554,0.045867633826198226,2.005170596288233,2.1907226892158778,2.0979466427520554,0.0461603230135609,2.0042362050316287,2.191657080472482,0,0,0,15.805225671750943,0.7632
228,1121706,2.0,2.024829333934193,0.011515305264523695,2.0022597503447424,2.047398917523644,2.034157902373739,0.04185543134837397,1.9494973014311607,2.1188185033163167,2.034157902373739,0.041908002745837,1.949080133742278,2.1192356710051996,0,1,1,13.244727170785179,0.7579
229,1122706,2.0,1.9890077707936267,0.01174671493748499,1.9659846325794974,2.012030909007756,1.9803712789361112,0.0468668324455357,1.8855741624976419,2.0751683953745803,1.9803712789361112,0.04639273357531562,1.8861890226916571,2.0745535351805655,1,1,1,15.597933578309664,0.7439
230,1123706,2.0,2.016277338477316,0.011685543319691783,1.9933740944309375,2.0391805825236946,2.0143645155349903,0.05161361075204772,1.9099661337165117,2.118762897353469,2.0143645155349903,0.050355608760489896,1.9121371949584474,2.1165918361115335,1,1,1,18.56940044446471,0.7016
231,1124706,2.0,1.9651997072978158,0.011759264538569252,1.942151972317541,1.9882474422780905,1.9719227897716622,0.053943328484858916,1.8628121090487777,2.0810334704945466,1.9719227897716622,0.05329846034945502,1.863721162852697,2.0801244166906274,0,1,1,20.54324314099525,0.8042
232,1125706,2.0,2.0025345943699935,0.0117857210592266,1.9794350055620742,2.025634183177913,2.003361257245527,0.05532986497693482,1.8914460417498211,2.115276472741233,2.003361257245527,0.05483498799343556,1.8920403133745411,2.114682201116513,1,1,1,21.647272749061973,0.7437
233,1126706,2.0,1.941789560184679,0.011528148528332291,1.9191948042607194,1.9643843161086387,1.937668773923182,0.04703282687323157,1.8425359020630354,2.0328016457833282,1.937668773923182,0.047730830347787065,1.8407700368121673,2.0345675110341963,0,1,1,17.142685304433908,0.7986
234,1127706,2.0,1.9687057257239766,0.011541332696663735,1.946085129304921,1.9913263221430322,1.9627862096317354,0.03889787444048918,1.884107832192228,2.0414645870712427,1.9627862096317354,0.038605234770667476,1.8844134164518376,2.041159002811633,0,1,1,11.188721784314822,0.7562
235,1128706,2.0,2.034135039885664,0.011572087321673868,2.011454165509231,2.0568159142620974,2.0406743663741955,0.04532154044588395,1.9490028980322274,2.1323458347161637,2.0406743663741955,0.04648281681381696,1.9463092314330575,2.1350395013153336,0,1,1,16.134721435891095,0.8296
236,1129706,2.0,1.9073985390302786,0.011634772062605356,1.8845948048192394,1.9302022732413178,1.9145861448696873,0.044584439699198494,1.824405603515192,2.0047666862241824,1.9145861448696873,0.04566504247016919,1.8218811801071082,2.0072911096322663,0,1,1,15.404654878251028,0.8162
237,1130706,2.0,1.9595441139097394,0.012117433966453938,1.9357943797504473,1.9832938480690314,1.9599901951620289,0.06766928186759082,1.8231161531630447,2.096864237161013,1.9599901951620289,0.06654903999538656,1.8248884614499454,2.0950919288741123,0,1,1,30.162147985282868,0.7384
238,1131706,2.0,2.0163054968130014,0.01176010822785675,1.993256108232109,2.0393548853938936,2.0111507934734125,0.06168881000779992,1.8863733976027628,2.135928189344062,2.0111507934734125,0.06329032623890928,1.8826646003942522,2.139636986552573,1,1,1,28.963566018319742,0.7126
239,1132706,2.0,1.9637776382637864,0.011440031255668084,1.9413555890206644,1.9861996875069083,1.9703753158339479,0.04011042480124223,1.889244323789658,2.051506307878238,1.9703753158339479,0.0375441781647557,1.8941565820820339,2.046594049585862,0,1,1,10.770373947398562,0.7634
240,1133706,2.0,1.9259961404356674,0.011576809070220111,1.9033060116021394,1.9486862692691953,1.9206692745667797,0.05117957946040234,1.817148803900924,2.0241897452326354,1.9206692745667797,0.04973742979482145,1.8196969240095178,2.0216416251240417,0,1,1,18.458182546554493,0.7618
241,1134706,2.0,1.9586469938069235,0.01173596814782596,1.9356449189134755,1.9816490687003716,1.9517709620529453,0.052303099701284245,1.8459779571973802,2.05756396690851,1.9517709620529453,0.05047035559169344,1.8493106930246344,2.054231231081256,0,1,1,18.49417168336938,0.7901
242,1135706,2.0,2.0816797199961967,0.011545253471690862,2.0590514389992967,2.104308000993097,2.0715356187450173,0.053089779237552974,1.9641514043344628,2.1789198331555717,2.0715356187450173,0.05316523572502474,1.9636044521923464,2.1794667852976883,0,1,1,21.205501283545328,0.713
243,1136706,2.0,2.0069622980807607,0.012038684089718928,1.9833669108436562,2.030557685317865,2.0062276878280514,0.06334708617425315,1.8780961118126034,2.1343592638434994,2.0062276878280514,0.0642559062810764,1.875781263049927,2.1366741126061757,1,1,1,28.488400776709913,0.8088
244,1137706,2.0,2.0642540124798208,0.011586655236922034,2.0415445855141714,2.08696343944547,2.0742274607489954,0.03921133083795809,1.9949150579005002,2.1535398635974907,2.0742274607489954,0.039728722219183076,1.9935738667925764,2.1548810547054145,0,1,1,11.756905438436288,0.7286
245,1138706,2.0,1.9521218577130515,0.011554281881087614,1.9294758813588961,1.9747678340672068,1.9471531517390763,0.052945397141610354,1.8400609776830008,2.0542453257951516,1.9471531517390763,0.053844131957789455,1.8378437525618103,2.0564625509163426,0,1,1,21.716550533577035,0.709
246,1139706,2.0,1.9469791938733014,0.011871627246841661,1.9237112320316074,1.9702471557149954,1.9430702144098284,0.04985553920805358,1.8422278679401618,2.043912560879495,1.9430702144098284,0.05093100224043715,1.839674782967781,2.046465645851876,0,1,1,18.405344096115673,0.7815
247,1140706,2.0,2.0214329868090277,0.012072676018582492,1.9977709766155856,2.0450949970024697,2.0186331724922417,0.05489574770236115,1.907596042066047,2.1296703029184365,2.0186331724922417,0.05399990275994559,1.9090075417745287,2.1282588032099548,1,1,1,20.006856785426983,0.8608
248,1141706,2.0,2.0349707715435494,0.011507770517948218,2.012415955786019,2.05752558730108,2.0331631969106425,0.048192498367643374,1.9356846680485238,2.1306417257727612,2.0331631969106425,0.045010863256097586,1.9417862865570468,2.124540107264238,0,1,1,15.298621462553514,0.8233
249,1142706,2.0,2.084964382551929,0.01159617618432101,2.062236294872279,2.107692470231579,2.0793738043879375,0.05168160937296751,1.9748378823763495,2.1839097263995257,2.0793738043879375,0.05262194994574169,1.9725455666030947,2.1862020421727806,0,1,1,20.592271904067204,0.7999
250,1143706,2.0,2.0564349865564178,0.011517210497458822,2.0338616687790316,2.079008304333804,2.0513319342606424,0.05298891601339624,1.9441517349777553,2.1585121335435296,2.0513319342606424,0.05196258382024769,1.9458422808747846,2.1568215876465002,0,1,1,20.355738698912077,0.735
251,1144706,2.0,1.9668707196186195,0.011696096608875849,1.9439467915055217,1.9897946477317172,1.9510726597122243,0.04927360995173595,1.851407376265415,2.050737943159034,1.9510726597122243,0.050331387740758106,1.8488945104198693,2.0532508090045796,0,1,1,18.518078304030684,0.8266
252,1145706,2.0,1.9546772132881662,0.011662308132801062,1.9318195093712676,1.977534917205065,1.95333996401206,0.05109184250997945,1.8499969580791762,2.0566829699449434,1.95333996401206,0.051787723034278504,1.8482052968941383,2.0584746311299815,0,1,1,19.718987408915783,0.7742
253,1146706,2.0,2.0237106402907887,0.011742375512026074,2.0006960071942728,2.0467252733873047,2.0329666044459342,0.049006569399299475,1.9338414614998198,2.1320917473920487,2.0329666044459342,0.04623340671378011,1.9391077989262666,2.1268254099656017,0,1,1,15.50243296212469,0.8803
254,1147706,2.0,2.009470059562405,0.011587933797859069,1.986758126663367,2.0321819924614433,2.0078939405568823,0.04623481783761244,1.91437519432719,2.1014126867865746,2.0078939405568823,0.045806523633536315,1.9149017537628534,2.100886127350911,1,1,1,15.625814198695155,0.7175
255,1148706,2.0,1.9819154753535404,0.01152965865623071,1.9593177596332878,2.004513191073793,1.9859252429245113,0.049362688119828524,1.8860797818759276,2.085770703973095,1.9859252429245113,0.047284764334868785,1.889932067962845,2.0819184178861776,1,1,1,16.81936355154319,0.7928
256,1149706,2.0,2.023365294506664,0.011641360371942942,2.000548647446604,2.046181941566724,2.017843777809477,0.05081886408377233,1.9150529228606483,2.120634632758305,2.017843777809477,0.05235972449811058,1.911547885984859,2.124139669634095,0,1,1,20.22959733943259,0.8992
257,1150706,2.0,2.0718950919868386,0.011382679120866357,2.0495854508623643,2.094204733111313,2.067620850720661,0.042100454224177186,1.9824646442319944,2.1527770572093274,2.067620850720661,0.04227053259790135,1.9818071073622967,2.153434594079025,0,1,1,13.79070451829305,0.7743
258,1151706,2.0,1.9196003240634474,0.011495041513209384,1.8970704566967642,1.9421301914301305,1.91938120505585,0.04613955305930174,1.826055150028246,2.012707260083454,1.91938120505585,0.045755322546387645,1.826492961994777,2.0122694481169234,0,1,1,15.843902251168078,0.7735
259,1152706,2.0,2.0248686350194007,0.011244352995243912,2.0028301081192676,2.046907161919534,2.0252857581403827,0.04120626784972291,1.9419382143121455,2.10863330196862,2.0252857581403827,0.04187662870688266,1.9402716821941444,2.110299834086621,0,1,1,13.869936754835365,0.8091
260,1153706,2.0,2.0195403115644206,0.012137665619862471,1.9957509240931002,2.0433296990357412,2.0413072457567494,0.06284906128138013,1.9141830201700678,2.168431471343431,2.0413072457567494,0.0557327406249981,1.9281637671508207,2.154450724362678,1,1,1,21.08387640103764,0.7728
261,1154706,2.0,2.0192082942662433,0.011258301263436903,1.997142429262805,2.0412741592696815,2.012540375457477,0.04234953882029174,1.9268803478179286,2.0982004030970254,2.012540375457477,0.03700944120830044,1.9374072154403914,2.0876735354745626,1,1,1,10.806357328963617,0.89
262,1155706,2.0,1.9270241627121192,0.011682530309719098,1.9041268240567721,1.9499215013674662,1.9286591690829809,0.04751502675748211,1.8325509558953181,2.024767382270644,1.9286591690829809,0.04863911087992284,1.8299165244626021,2.0274018137033596,0,1,1,17.33394531076006,0.7287
263,1156706,2.0,1.9781818269298417,0.012029741325871892,1.9546039671877997,2.0017596866718836,1.9787675329751184,0.05721479688626239,1.8630396828215279,2.094495383128709,1.9787675329751184,0.05684364614717023,1.8633687962610912,2.0941662696891457,1,1,1,22.328074722024663,0.7717
264,1157706,2.0,2.0898677893933195,0.011595330819378037,2.0671413585985112,2.112594220188128,2.083915571463425,0.05052943893851131,1.9817101341279464,2.186121008798904,2.083915571463425,0.048113089237000646,1.986240807550774,2.1815903353760766,0,1,1,17.217107785443215,0.8312
265,1158706,2.0,1.9914773598668838,0.01155972757082362,1.9688207101569748,2.0141340095767926,1.9877949935495862,0.0499136201651106,1.8868351672554533,2.0887548198437194,1.9877949935495862,0.0503530775479899,1.8855728116076076,2.090017175491565,1,1,1,18.973910195534806,0.7475
266,1159706,2.0,2.030553304673503,0.011594458884240256,2.007828582840162,2.0532780265068444,2.0368901023325927,0.04596423465650647,1.9439186622464382,2.1298615424187473,2.0368901023325927,0.0436693370761772,1.9482366349128089,2.125543569752377,0,1,1,14.185747607681188,0.7762
267,1160706,2.0,2.005123570031868,0.011700796046372964,1.9821904311905285,2.028056708873208,1.9931785718742159,0.043433006793566334,1.9053270234029744,2.0810301203454573,1.9931785718742159,0.04368311787157469,1.9044971279524379,2.0818600157959937,1,1,1,13.937870923122752,0.8079
268,1161706,2.0,1.962003875609104,0.011248806095069641,1.939956620793693,1.9840511304245152,1.9610537450980223,0.03909233207002449,1.881982039976922,2.0401254502191226,1.9610537450980223,0.03726843176829273,1.8853948062917543,2.03671268390429,0,1,1,10.97663885230375,0.7302
269,1162706,2.0,2.1196361560488604,0.011963332651772234,2.0961884549163146,2.143083857181406,2.123249354079574,0.05785952377292464,2.0062174207064283,2.24028128745272,2.123249354079574,0.056681947168079484,2.0081788837449888,2.2383198244141593,0,0,0,22.44838820731478,0.7892
270,1163706,2.0,1.9301336855819478,0.011478542239281702,1.9076361561979338,1.9526312149659617,1.9323134311246477,0.0456011061535818,1.8400764877641653,2.02455037448513,1.9323134311246477,0.045980392624632396,1.838968271513318,2.0256585907359774,0,1,1,16.046188043408456,0.8456
271,1164706,2.0,1.9617557534921062,0.011552940036935945,1.9391124071041608,1.9843990998800516,1.956337716083588,0.03680331533261152,1.881895984333065,2.030779447834111,1.956337716083588,0.037318724513085634,1.8805766775773824,2.0320987545897937,0,1,1,10.434425566309008,0.8311
272,1165706,2.0,1.9832443247690676,0.011501312192457898,1.9607021670968987,2.0057864824412364,1.9851351372119248,0.05567994622255072,1.8725118155594362,2.0977584588644134,1.9851351372119248,0.05700766451674191,1.8694034255054512,2.100866848918398,1,1,1,24.568108093531063,0.76
273,1166706,2.0,1.910356168621326,0.011470005474251662,1.8878753709893155,1.9328369662533365,1.9061963297578666,0.048239467069770045,1.8086227977284304,2.0037698617873025,1.9061963297578666,0.047545896966323026,1.8096730273707602,2.0027196321449727,0,1,1,17.182994039283383,0.8441
274,1167706,2.0,2.1307392406575927,0.011603295300704874,2.107997199766228,2.1534812815489572,2.1380913083389212,0.05071752811634461,2.035505424731282,2.2406771919465607,2.1380913083389212,0.049604599735666825,2.037388617137859,2.2387939995399835,0,0,0,18.27600251367777,0.8026
275,1168706,2.0,1.9697530009350988,0.011604423797015798,1.9470087482316083,1.9924972536385892,1.9716807211138039,0.03704169193911515,1.8967568271657569,2.046604615061851,1.9716807211138039,0.037528219299965256,1.895494385579827,2.047867056647781,0,1,1,10.458484416112357,0.7612
276,1169706,2.0,1.958273989896093,0.011882955024014503,1.9349838260191152,1.9815641537730708,1.9573835766710028,0.05495208451183315,1.8462324942918251,2.0685346590501803,1.9573835766710028,0.05633170221372901,1.843024141395074,2.0717430119469316,0,1,1,22.472782207743126,0.8874
277,1170706,2.0,2.0577886557762444,0.01163731186540592,2.0349799436431883,2.0805973679093004,2.065002053712304,0.04952959153183293,1.964818998647736,2.165185108776872,2.065002053712304,0.050427348428955326,1.9626290938660396,2.1673750135585688,0,1,1,18.777030829116363,0.8005
278,1171706,2.0,1.9745671864322332,0.011441816498924727,1.9521416381766246,1.9969927346878418,1.9699692439648855,0.05008732343620249,1.8686580696415342,2.0712804182882367,1.9699692439648855,0.050373837026668734,1.8677049180406546,2.0722335698891166,0,1,1,19.382960413803918,0.8004
279,1172706,2.0,1.9632895138812372,0.01180209974738089,1.9401578234344214,1.986421204328053,1.9720451209027965,0.04869499715254837,1.873550192311121,2.070540049494472,1.9720451209027965,0.04993494465781109,1.870671793856232,2.073418447949361,0,1,1,17.901547867460184,0.8701
280,1173706,2.0,2.028251047937359,0.011688754811970696,2.0053415094817773,2.0511605863929407,2.0278153906241605,0.05120966869962647,1.9242340587273354,2.1313967225209858,2.0278153906241605,0.0509993169987849,1.9242812728495748,2.1313495083987464,0,1,1,19.03672438618668,0.761
281,1174706,2.0,1.9974645830572908,0.011743213224585297,1.9744483080743291,2.0204808580402522,1.9932848216198875,0.05802783428990928,1.8759124480922902,2.1106571951474846,1.9932848216198875,0.05848591471246774,1.8745521024711334,2.1120175407686417,1,1,1,24.8043973656835,0.8248
282,1175706,2.0,1.9707515470618802,0.012007528212781511,1.9472172242214798,1.9942858699022805,1.9651822354339252,0.06200566615072848,1.839763937520016,2.0906005333478346,1.9651822354339252,0.06098839125714433,1.8413692188115627,2.088995252056288,0,1,1,25.798064488913617,0.7983
283,1176706,2.0,2.0039942539767903,0.011658123624856825,1.9811447515447553,2.0268437564088253,2.0001523258275045,0.05398231559430326,1.8909627862323484,2.1093418654226603,2.0001523258275045,0.05475125484244924,1.8890013692901932,2.1113032823648155,1,1,1,22.05620764538511,0.7964
284,1177706,2.0,1.9821646730062306,0.011604782827378486,1.9594197166161598,2.0049096293963014,1.9759934434649207,0.04905575277596932,1.8767688177493995,2.075218069180442,1.9759934434649207,0.048898591618991745,1.8767240249389299,2.0752628619909115,1,1,1,17.754917822276656,0.8068
285,1178706,2.0,1.937229288931928,0.011732640665659062,1.9142337357836863,1.9602248420801698,1.9403061478154968,0.043660236222778134,1.8519949844410235,2.0286173111899704,1.9403061478154968,0.043478205140498,1.852040698853677,2.028571596777317,0,1,1,13.732565370967903,0.8257
286,1179706,2.0,1.969258288716878,0.011692057885175501,1.9463422763567764,1.9921743010769795,1.9689299921014716,0.05514801199346876,1.857382608984204,2.0804773752187393,1.9689299921014716,0.053959511420708046,1.8593863601617773,2.078473624041166,0,1,1,21.29874940279995,0.7854
287,1180706,2.0,2.059693020695258,0.011788804436537821,2.036587388578858,2.0827986528116584,2.0599078019745822,0.05014523795797514,1.9584794844739033,2.161336119475261,2.0599078019745822,0.04550639710705003,1.9675249044214516,2.152290699527713,0,1,1,14.900655638986565,0.8288
288,1181706,2.0,1.979651773129335,0.011760606599275029,1.956601407758412,2.002702138500258,1.9773745883625349,0.05877066978125654,1.8584996882315084,2.0962494884935614,1.9773745883625349,0.05829405094224365,1.8590313733748567,2.095717803350213,1,1,1,24.569087487881994,0.7809
289,1182706,2.0,1.9662149850642334,0.011743383614189317,1.9431983761237845,1.9892315940046823,1.9676184195671087,0.05752555227324616,1.8512620073139137,2.0839748318203037,1.9676184195671087,0.059086181658309506,1.8476670937325346,2.087569745401683,0,1,1,25.31543269514557,0.7627
290,1183706,2.0,2.054708969741184,0.011432486699010093,2.032301707557391,2.077116231924977,2.0600878527929964,0.045857505053582055,1.9673322937055762,2.1528434118804167,2.0600878527929964,0.04497528866893697,1.9687831626908396,2.1513925428951532,0,1,1,15.47627754025797,0.863
291,1184706,2.0,1.9908302750852425,0.01142309143274484,1.9684414272849546,2.0132191228855305,1.9907202760384792,0.04546879300265854,1.8987509612869709,2.082689590789988,1.9907202760384792,0.045750285618197224,1.8978422584852594,2.0835982935916992,1,1,1,16.040589080347313,0.8902
292,1185706,2.0,2.023433182805672,0.011636594190781707,2.000625877289032,2.0462404883223124,2.0207898812713765,0.05079970605899647,1.9180377770853079,2.123541985457445,2.0207898812713765,0.051613806393614146,1.9160082837045223,2.1255714788382307,0,1,1,19.673426106983282,0.7898
293,1186706,2.0,1.9747531457116598,0.012031007036006564,1.951172805223339,1.9983334861999806,1.9667259597781217,0.05970152997159576,1.8459682171922724,2.087483702363971,1.9667259597781217,0.06054028956516513,1.8438226379533085,2.0896292816029347,0,1,1,25.321243298662562,0.8253
294,1187706,2.0,1.970974848809324,0.011359221771769321,1.9487111832442527,1.9932385143743951,1.9697241384063202,0.04343539693031134,1.881867755427187,2.0575805213854537,1.9697241384063202,0.0441733941026582,1.880047380820787,2.0594008959918537,0,1,1,15.122527493474692,0.7938
295,1188706,2.0,2.0703135710928477,0.011713085697438945,2.047356344978036,2.0932707972076594,2.0687324489992127,0.05039637535585545,1.9667961581641595,2.170668739834266,2.0687324489992127,0.04228046543761375,1.9828985409041984,2.154566357094227,0,1,1,13.029773835881612,0.8523
296,1189706,2.0,2.020484396728852,0.011269867764143005,1.998395861800603,2.0425729316571015,2.0134710493210233,0.03691498936146203,1.9388034355263404,2.088138663115706,2.0134710493210233,0.036232643616559174,1.9399148722535773,2.0870272263884693,1,1,1,10.336235700538033,0.7808
297,1190706,2.0,1.9449692741935303,0.011714451821677742,1.9220093705244123,1.9679291778626482,1.9434672770976924,0.050134248645183205,1.842061187580215,2.0448733666151697,1.9434672770976924,0.05103364437891577,1.839863471036547,2.047071083158838,0,1,1,18.97882078371301,0.8848
298,1191706,2.0,2.0158418620729925,0.011743231099646693,1.9928255520555542,2.0388581720904306,2.0134839637967965,0.05068208064792116,1.9109697794616756,2.1159981481319177,2.0134839637967965,0.05146695159921624,1.9090004973123509,2.117967430281242,1,1,1,19.20797916830164,0.7198
299,1192706,2.0,1.9993515366131283,0.011547535794034,1.9767187823466346,2.021984290879622,2.0033742759345032,0.05259921221714581,1.8969823269817958,2.1097662248872107,2.0033742759345032,0.054298795237697574,1.8931418612280115,2.113606690640995,1,1,1,22.11066238433971,0.8806
300,1193706,2.0,1.9761413235483873,0.011693746449724741,1.9532220016625836,1.999060645434191,1.9721948745279512,0.048943094141172275,1.8731981224100975,2.071191626645805,1.9721948745279512,0.049719402175016116,1.8712591219845836,2.073130627071319,0,1,1,18.07775307837956,0.7491
301,1194706,2.0,1.9344368926873379,0.011616689323239096,1.9116685999941982,1.9572051853804775,1.9320688114716507,0.04863273102645939,1.8336998280078411,2.03043779493546,1.9320688114716507,0.05007741690900275,1.8304062503783864,2.033731372564915,0,1,1,18.58313956389615,0.8365
302,1195706,2.0,2.0405992678665106,0.011898606168685683,2.0172784283096603,2.063920107423361,2.0412368571477706,0.05158415052710036,1.9368980642587952,2.1455756500367458,2.0412368571477706,0.05265757391909994,1.9343362988521773,2.148137415443364,0,1,1,19.58526769797335,0.7841
303,1196706,2.0,1.972886546225337,0.011593756768714361,1.9501632005131395,1.9956098919375347,1.971267822156242,0.047559264578483085,1.8750701295297185,2.0674655147827656,1.971267822156242,0.047790161967360065,1.8742486354539365,2.068287008858548,0,1,1,16.991379312951647,0.7956
304,1197706,2.0,1.9948800298472664,0.011692952012344156,1.9719622650301167,2.0177977946644163,1.9973431137804305,0.04464497151085345,1.9070401352801274,2.0876460922807336,1.9973431137804305,0.045821708930432845,1.9043200991947793,2.0903661283660817,1,1,1,15.356570215108109,0.8019
305,1198706,2.0,2.0594374093149135,0.011781673138259867,2.0363457542863013,2.0825290643435257,2.064508815603796,0.0540606454096355,1.9551608390023993,2.173856792205193,2.064508815603796,0.0552311885636708,1.9523835418139983,2.176634089393594,0,1,1,21.97631334886007,0.7909
306,1199706,2.0,2.0054201100216806,0.011737169815879831,1.9824156799021255,2.0284245401412355,2.0054539108227143,0.05039792743414938,1.903514480612989,2.1073933410324397,2.0054539108227143,0.05167928778032522,1.900539378973545,2.1103684426718834,1,1,1,19.386805953547096,0.786
307,1200706,2.0,2.0717491156813903,0.011549405314873076,2.049112697221384,2.094385534141397,2.068964950935886,0.04366034967129435,1.9806535580901288,2.1572763437816427,2.068964950935886,0.04304993590626261,1.981568934741913,2.1563609671298587,0,1,1,13.893951320065483,0.9001
308,1201706,2.0,1.9725474919422759,0.011530146458843009,1.9499488201464714,1.9951461637380803,1.9675491583818818,0.044797384579528914,1.876937895351474,2.05816042141229,1.9675491583818818,0.04623976158835653,1.8736774517809536,2.06142086498281,0,1,1,16.082794943629878,0.8023
309,1202706,2.0,2.014105053630521,0.01166562449913048,1.9912408497550573,2.036969257505985,2.006057733001072,0.05269886822116504,1.8994642107539077,2.1126512552482364,2.006057733001072,0.05414884018733676,1.896129743231199,2.115985722770945,1,1,1,21.54578550115369,0.7922
310,1203706,2.0,1.959650160016109,0.011778088793330773,1.9365655301744658,1.982734789857752,1.9713279852373202,0.05259877187395578,1.864936926962785,2.0777190435118555,1.9713279852373202,0.05383323118726437,1.8620407158007213,2.080615254673919,0,1,1,20.890616069818087,0.8375
311,1204706,2.0,2.0667677220477967,0.011963235886177112,2.0433202105723325,2.090215233523261,2.066188705407305,0.06586419833812589,1.9329657894732775,2.1994116213413326,2.066188705407305,0.06706978324373783,1.9300298066981607,2.202347604116449,0,1,1,31.430875145155753,0.7675
312,1205706,2.0,1.9739121609377237,0.011859429640195446,1.9506681059657538,1.9971562159096936,1.9681274357130212,0.05209992901250369,1.86274538236487,2.073509489061172,1.9681274357130212,0.0496746393881527,1.8672825564581557,2.068972314967887,0,1,1,17.544534119887,0.7348
313,1206706,2.0,1.9930788894424327,0.01162067991962845,1.9703027753240931,2.0158550035607723,1.982913747791042,0.05015274229863552,1.8814702513286483,2.0843572442534355,1.982913747791042,0.05100175010234986,1.8793746905536188,2.086452805028465,1,1,1,19.262252862016503,0.8979
314,1207706,2.0,1.9161482933933551,0.01199282102074519,1.8926427961196597,1.9396537906670506,1.915462029807319,0.06228501634338793,1.789478692795207,2.0414453668194312,1.915462029807319,0.06309509835682307,1.7873721703993974,2.043551889215241,0,1,1,27.6788816455639,0.7943
315,1208706,2.0,2.053570621734181,0.011439186677478166,2.0311502278338933,2.075991015634469,2.060090110649262,0.04820235146928522,1.962591652007918,2.157588569290606,2.060090110649262,0.048886844172685205,1.9608445407071546,2.159335680591369,0,1,1,18.263908006249853,0.8147
316,1209706,2.0,2.007142381813352,0.011531860051246064,1.9845403514381534,2.0297444121885504,2.003535713448327,0.043797556468656296,1.9149467936593785,2.092124633237275,2.003535713448327,0.04313270945744381,1.9159716580118518,2.0910997688848023,1,1,1,13.98990461786301,0.7789
317,1210706,2.0,2.0737129887831136,0.011811750784309934,2.0505623826515036,2.0968635949147236,2.0717355013955294,0.052099139417899044,1.9663550451532157,2.177115957637843,2.0717355013955294,0.052312046262176656,1.965536401535686,2.177934601255373,0,1,1,19.614392714779296,0.9208
318,1211706,2.0,2.081128958990467,0.011423445251109367,2.0587394177189275,2.1035185002620067,2.0851216863865645,0.0500543938335623,1.983877118471474,2.186366254301655,2.0851216863865645,0.04882317285176534,1.9860053760978589,2.1842379966752703,0,1,1,18.26660297319269,0.7213
319,1212706,2.0,1.949313961258715,0.011617728714913154,1.9265436313953284,1.9720842911221015,1.9433103864766545,0.043309526796915826,1.8557085998734442,2.030912173079865,1.9433103864766545,0.04405877658033163,1.8538663148319128,2.032754458121396,0,1,1,14.382103338914018,0.8147
320,1213706,2.0,2.0638545588450388,0.011402099301141529,2.041506854866652,2.0862022628234254,2.0528555512712594,0.0408217770842421,1.9702857134231981,2.1354253891193204,2.0528555512712594,0.04117927417631708,1.9692571802863235,2.1364539222561953,0,1,1,13.043307621332643,0.8446
321,1214706,2.0,2.047975990585223,0.011608501937781466,2.025223744872708,2.0707282362977377,2.0438660328092033,0.04909025731280562,1.9445716150803232,2.1431604505380832,2.0438660328092033,0.050101851979800084,1.942153865884986,2.1455781997334205,0,1,1,18.627527048085643,0.8203
322,1215706,2.0,1.9480220486570559,0.011436403835512721,1.9256071090267952,1.9704369882873165,1.9483144853191008,0.04620055788333107,1.8548650363878543,2.0417639342503473,1.9483144853191008,0.04614498762238794,1.854635180097877,2.0419937905403245,0,1,1,16.28058862076692,0.8936
323,1216706,2.0,2.0766753474442994,0.011565715677050361,2.0540069612618503,2.0993437336267484,2.0698824497995933,0.05006000731911444,1.9686265275382469,2.17113837206094,2.0698824497995933,0.05034672413711806,1.9676731659673972,2.1720917336317895,0,1,1,18.94948504744436,0.7983
324,1217706,2.0,1.993961272073248,0.011739792230672981,1.970951702115146,2.01697084203135,1.9976483307890005,0.050014593032127526,1.8964842675935822,2.0988123939844185,1.9976483307890005,0.04998838812416343,1.896166507737681,2.0991301538403198,1,1,1,18.13081992498409,0.8615
325,1218706,2.0,2.008400715527212,0.011940981876430393,1.984996821109363,2.0318046099450613,2.004411513348909,0.05170763643260258,1.8998229466401217,2.109000080057696,2.004411513348909,0.051894800993964395,1.899059466416088,2.10976356028173,1,1,1,18.8872019212514,0.7971
326,1219706,2.0,2.0004131170915085,0.011395547488922306,1.978078254429105,2.022747979753912,2.007582734910663,0.036284323898564806,1.9341907624213632,2.080974707399963,2.007582734910663,0.03562233772523275,1.935265544671857,2.0798999251494696,1,1,1,9.77179714746981,0.723
327,1220706,2.0,1.9950645515752243,0.011584284156667582,1.9723597718414778,2.017769331308971,1.996323280065605,0.05059276484424705,1.8939897539955914,2.0986568061356183,1.996323280065605,0.051505373084551595,1.891761813819165,2.100884746312045,1,1,1,19.768179264218762,0.8034
328,1221706,2.0,2.0518969868108328,0.011132545909833239,2.030077597771321,2.0737163758503447,2.051383725393091,0.038286024389443,1.9739429314962587,2.1288245192899233,2.051383725393091,0.03862831233888145,1.972964082258997,2.1298033685271847,0,1,1,12.039888890469296,0.8081
329,1222706,2.0,2.0594492016268284,0.011490091032957873,2.0369290370231443,2.0819693662305125,2.0607819604563873,0.04330066017281438,1.9731981082932382,2.148365812619536,2.0607819604563873,0.04099593545963672,1.9775557868537395,2.1440081340590353,0,1,1,12.73018345962981,0.7607
330,1223706,2.0,1.9746423560240485,0.011897061471646816,1.9513245440177616,1.9979601680303354,1.9738201591535103,0.045542183085668535,1.8817023989474768,2.065937919359544,1.9738201591535103,0.042631163415450896,1.8872742963132674,2.060366021993753,0,1,1,12.840293726279448,0.884
331,1224706,2.0,1.997066026325819,0.011566599551182456,1.9743959077819042,2.019736144869734,1.9895044876583388,0.05245213600456332,1.8834100284253752,2.095598946891302,1.9895044876583388,0.04868922473092785,1.8906601065117195,2.088348868804958,1,1,1,17.719616513247793,0.8061
332,1225706,2.0,2.0068947379259767,0.011678904615551171,1.984004505500618,2.0297849703513355,2.0048983102764715,0.05146260513451453,1.9008053661494517,2.1089912544034912,2.0048983102764715,0.051811523161263355,1.8997153263320645,2.1100812942208784,1,1,1,19.681060523850984,0.7586
333,1226706,2.0,2.047960001108493,0.011872405752637219,2.024690513423478,2.071229488793508,2.046865274580915,0.05474127412224216,1.9361405964626124,2.1575899526992175,2.046865274580915,0.055117991027702394,1.934969804006345,2.158760745155485,0,1,1,21.553077878724103,0.8275
334,1227706,2.0,2.0288180827584674,0.011913487724518905,2.0054680758881505,2.0521680896287844,2.0363899953749947,0.05534985442532437,1.9244343474035346,2.1483456433464547,2.0363899953749947,0.056841489683141976,1.9209956365156882,2.151784354234301,0,1,1,22.764234942373445,0.7782
335,1228706,2.0,1.994202258974183,0.011847781826692248,1.970981033297178,2.017423484651188,2.006076228006895,0.05508892594873821,1.8946483576958046,2.117504098317985,2.006076228006895,0.05532662618056863,1.8937572055543797,2.11839525045941,1,1,1,21.80691742636076,0.8567
336,1229706,2.0,2.045699424113263,0.01158692038312883,2.0229894774705977,2.0684093707559286,2.043187957434973,0.04517790269388227,1.9518070238697531,2.134568891000193,2.043187957434973,0.04645789309473567,1.9488734203335434,2.137502494536403,0,1,1,16.076184246571483,0.8117
337,1230706,2.0,2.005130220451235,0.011943182969796563,1.9817220119696615,2.028538428932808,2.0119510650806314,0.06386474685338998,1.8827724215098331,2.1411297086514294,2.0119510650806314,0.06569776941793551,1.8785775025169176,2.145324627644345,1,1,1,30.259453321130216,0.7754
338,1231706,2.0,2.0110210355255345,0.011435844625110847,1.9886071919275212,2.0334348791235475,2.0047907400870977,0.03594280504372828,1.932089554684497,2.0774919254896984,2.0047907400870977,0.03339804639106398,1.936989101320526,2.0725923788536695,1,1,1,8.52914769663793,0.8661
339,1232706,2.0,2.026122981383177,0.011726721344673,2.003139029890881,2.049106932875473,2.0232618292365467,0.05200872670399176,1.9180642499697091,2.1284594085033843,2.0232618292365467,0.05234513609293763,1.916995553448931,2.129528105024163,0,1,1,19.925051646270123,0.8448
340,1233706,2.0,2.043281043345231,0.011735985463664944,2.020278934513362,2.0662831521770997,2.0495069858228114,0.04744699318249015,1.9535363835295425,2.1454775881160804,2.0495069858228114,0.04545804065465364,1.9572222570870728,2.14179171455855,0,1,1,15.003144758293576,0.9122
341,1234706,2.0,2.0044170956226033,0.012030301165544443,1.980838138614966,2.0279960526302405,1.9975766155421077,0.06122350390635148,1.8737403900978955,2.12141284098632,1.9975766155421077,0.0629055699038257,1.869871519349245,2.1252817117349703,1,1,1,27.34168045840593,0.816
342,1235706,2.0,1.9876069421409899,0.011623087099926254,1.9648261100359623,2.0103877742460172,1.9882955828144255,0.05219095760735176,1.8827294067540117,2.0938617588748394,1.9882955828144255,0.052561233732746945,1.8815906054949567,2.0950005601338946,1,1,1,20.44975534225301,0.8078
343,1236706,2.0,2.0245274972086422,0.011704428318807882,2.0015872392441483,2.047467755173136,2.0240776553536737,0.05031121680488744,1.922313613946427,2.1258416967609204,2.0240776553536737,0.049288152248174434,1.9240173867058448,2.1241379240015026,0,1,1,17.73309995838567,0.8641
344,1237706,2.0,1.9275869984957643,0.0115967286899883,1.9048578279249049,1.9503161690666238,1.9288747757128684,0.055806523437589836,1.8159954274768368,2.0417541239489,1.9288747757128684,0.04979568974189953,1.8277841511751438,2.029965400250593,0,1,1,18.437944828893748,0.8348
345,1238706,2.0,1.9757913417008552,0.011811953917697996,1.9526403374351204,1.99894234596659,1.9817871507299418,0.04838095621358058,1.8839274298940363,2.0796468715658474,1.9817871507299418,0.047191215435476684,1.8859838901306107,2.077590411329273,0,1,1,15.96168875445707,0.7784
346,1239706,2.0,2.0129267688445034,0.01195302363908983,1.9894992730055314,2.0363542646834754,2.013601596440471,0.05742621164680995,1.8974461195703594,2.129757073310583,2.013601596440471,0.05862004676340882,1.894596574751669,2.132606618129273,1,1,1,24.051200807071076,0.8121
347,1240706,2.0,2.0092282385898965,0.011405824120419489,1.986873234099876,2.031583243079917,2.0192085755280424,0.03829824682569606,1.9417430594203804,2.0966740916357045,2.0192085755280424,0.039521673583820444,1.9389753126478064,2.0994418384082785,1,1,1,12.006524544932697,0.7996
348,1241706,2.0,1.9559434876559756,0.011801761398961918,1.932812460359875,1.979074514952076,1.9523314253580577,0.05585669199438501,1.8393506016377252,2.0653122490783904,1.9523314253580577,0.05563514591380078,1.8393860745490862,2.065276776167029,0,1,1,22.223108296242984,0.8145
349,1242706,2.0,2.041371871050178,0.011538836264932526,2.0187561675474055,2.0639875745529506,2.0411523429423766,0.04617221511670462,1.947760222667834,2.134544463216919,2.0411523429423766,0.046768131738669706,1.9462079879102467,2.1360966979745064,0,1,1,16.42767192859624,0.8496
350,1243706,2.0,2.005479798175373,0.011639557706851466,1.9826666842739686,2.0282929120767776,2.0037014370079596,0.050005344761661956,1.9025560802052381,2.104846793810681,2.0037014370079596,0.05127732228600623,1.8996029384956903,2.107799935520229,1,1,1,19.407863125501272,0.7759
351,1244706,2.0,1.84685794233493,0.011515009201571927,1.8242889390182018,1.8694269456516583,1.8512788416221082,0.036422934221332394,1.777606503291523,1.9249511799526935,1.8512788416221082,0.03520356936612146,1.7798117963492341,1.9227458868949823,0,0,0,9.346409838636715,0.8177
352,1245706,2.0,2.0195237302136877,0.01193324224631717,1.9961350051921143,2.0429124552352613,2.0261811295637324,0.05283307865578934,1.9193161410890793,2.1330461180383855,2.0261811295637324,0.05264998829791032,1.919295970897857,2.133066288229608,1,1,1,19.466131107714858,0.8381
353,1246706,2.0,1.9834028266688022,0.01165613670755712,1.960557218523115,2.0062484348144896,1.9852843841763206,0.052134701712364756,1.8798319964038954,2.0907367719487455,1.9852843841763206,0.05129919830384899,1.8811414749867903,2.089427293365851,1,1,1,19.369209270830858,0.7916
354,1247706,2.0,2.032089690922608,0.011587737829700906,2.009378142114102,2.054801239731114,2.040827264514063,0.045849693228569924,1.9480875063341636,2.133567022693962,2.040827264514063,0.045420553172271734,1.9486186394135177,2.1330358896146078,0,1,1,15.364113849155038,0.7997
355,1248706,2.0,1.927042122305655,0.011500305105400191,1.9045019384878485,1.9495823061234616,1.927687130997172,0.042242351984851954,1.8422439091964151,2.013130352797929,1.927687130997172,0.042699042213999096,1.8410034668698363,2.0143707951245076,0,1,1,13.78534190637164,0.8537
356,1249706,2.0,1.864182935944006,0.011477635126033132,1.8416871844692893,1.886678687418723,1.8691754145776696,0.04535224378253003,1.7774418428754524,1.9609089862798867,1.8691754145776696,0.045133300148698145,1.7775499441176952,1.960800885037644,0,0,0,15.462843193889302,0.7941
357,1250706,2.0,1.9201387815924726,0.011782572615529969,1.897045363620806,1.9432321995641393,1.923801247830624,0.04999338420414133,1.822680083538998,2.0249224121222498,1.923801247830624,0.050053867875249194,1.8221864938174854,2.0254160018437624,0,1,1,18.046585184191958,0.8523
358,1251706,2.0,1.899068960710131,0.01145484342026844,1.8766178801578592,1.9215200412624027,1.8916368330875708,0.05280396448046166,1.7848307335909974,1.9984429325841442,1.8916368330875708,0.054163482402316915,1.7816791180409792,2.0015945481341624,0,0,1,22.358097429020724,0.86
359,1252706,2.0,1.9874275717770846,0.01181304775802769,1.9642744236236986,2.0105807199304704,1.9899649202749365,0.05374644740594122,1.881252469122706,2.098677371427167,1.9899649202749365,0.054485964923874274,1.8793525309046093,2.1005773096452636,1,1,1,21.273814766474764,0.793
360,1253706,2.0,1.9301920192459951,0.011457409744027102,1.9077359087915837,1.9526481297004066,1.9206879089894089,0.03813235254585329,1.8435579457352709,1.997817872243547,1.9206879089894089,0.0387749841656213,1.8419705062169995,1.9994053117618182,0,0,0,11.453292938885571,0.6672
361,1254706,2.0,1.9119827218122172,0.011543299126404833,1.889358271261691,1.9346071723627434,1.9145241510838364,0.05308357642458885,1.8071524830467431,2.02189581912093,1.9145241510838364,0.052085130122329036,1.8087857154785456,2.0202625866891273,0,1,1,20.359523397049706,0.8176
362,1255706,2.0,1.9374285741509871,0.011813775067928673,1.9142740004963896,1.9605831478055846,1.940846682998769,0.055834792677721186,1.8279101548274073,2.0537832111701304,1.940846682998769,0.05379840585915304,1.8316301127368726,2.050063253260665,0,1,1,20.737739679050552,0.7594
363,1256706,2.0,1.9371801934051458,0.01195643123104732,1.9137460188086632,1.9606143680016284,1.9370871055717265,0.06413079607627353,1.8073703266535188,2.066803884489934,1.9370871055717265,0.06565284609868163,1.8038047421945933,2.0703694689488596,0,1,1,30.151156509137678,0.8816
364,1257706,2.0,2.028560623126812,0.011667439949600645,2.005692861033811,2.051428385219813,2.020773936359649,0.047192064371195,1.9253189762582426,2.1162288964610556,2.020773936359649,0.04744972185241804,1.9244458798337818,2.1171019928855164,0,1,1,16.53926452598165,0.7833
365,1258706,2.0,2.0243700130063926,0.011631599326729716,2.001572497243402,2.0471675287693833,2.0239022386787426,0.043800413137670455,1.9353075407313178,2.1124969366261674,2.0239022386787426,0.04344821988660411,1.9356976630185834,2.112106814338902,0,1,1,13.952920126487484,0.8108
366,1259706,2.0,1.9379361759351055,0.01139244942802677,1.9156073853604791,1.9602649665097318,1.9453453110458112,0.045397987212437506,1.8535192145232688,2.0371714075683536,1.9453453110458112,0.0429629980841465,1.8581257880137811,2.0325648340778413,0,1,1,14.221812263821848,0.9299
367,1260706,2.0,2.023581702757394,0.01155265241177737,2.0009389201044008,2.0462244854103875,2.023993252154692,0.05096999627544385,1.9208967034940443,2.12708980081534,2.023993252154692,0.05178111667293875,1.9188719966633032,2.129114507646081,0,1,1,20.089975640973673,0.8189
368,1261706,2.0,2.0975773045743105,0.012023708777971891,2.0740112684088876,2.1211433407397333,2.092033643414641,0.05204876307506493,1.9867550829435625,2.1973122038857196,2.092033643414641,0.050854671945315025,1.9887931707098867,2.1952741161193954,0,1,1,17.888948614701174,0.7435
369,1262706,2.0,1.98331154612821,0.011521014121496826,1.9607307733846988,2.0058923188717213,1.987199357007769,0.04694790118680802,1.8922382635624295,2.0821604504531086,1.987199357007769,0.04792300721694287,1.889910480111055,2.0844882339044832,1,1,1,17.302414323168577,0.9282
370,1263706,2.0,2.066092020810211,0.011651571388221238,2.043255360526,2.0889286810944223,2.0693211036891745,0.039119775868491365,1.9901938882461039,2.148448319132245,2.0693211036891745,0.03950248370139843,1.9891267983413856,2.1495154090369635,0,1,1,11.494227914004671,0.8296
371,1264706,2.0,2.0000861922976143,0.011209339775386604,1.9781162900473843,2.0220560945478443,2.003291633821834,0.03543520304964999,1.9316171703636482,2.07496609728002,2.003291633821834,0.03423811565422199,1.9337845637838458,2.072798703859822,1,1,1,9.329527345909852,0.8145
372,1265706,2.0,1.9784062737755554,0.011452646200351092,1.955959499695188,2.000853047855923,1.9849205954646376,0.03855084013605469,1.906944161161651,2.0628970297676243,1.9849205954646376,0.03858971954468386,1.9065792998680178,2.0632618910612575,1,1,1,11.353546827411295,0.8596
373,1266706,2.0,2.0336362887061123,0.01142923739876428,2.011235395033776,2.0560371823784487,2.0411535412092294,0.042868588602246294,1.9544436362886746,2.1278634461297843,2.0411535412092294,0.04402148476245099,1.951785175979626,2.1305219064388328,0,1,1,14.835249871424441,0.7799
374,1267706,2.0,1.9751694002813427,0.011784245765963463,1.9520727029950857,1.9982660975675997,1.9701648801826583,0.046671563310005874,1.8757627328515887,2.064567027513728,1.9701648801826583,0.04698499010067202,1.8747802792705202,2.0655494810947963,0,1,1,15.896982519933454,0.7531
375,1268706,2.0,2.0385513983202417,0.011664159975732474,2.0156900648578926,2.0614127317825908,2.0521385633854456,0.05595969204006715,1.9389494024079483,2.165327724362943,2.0521385633854456,0.0575803973732206,1.9352441421662654,2.169032984604626,0,1,1,24.369262188252858,0.8977
376,1269706,2.0,1.9316301598508892,0.011893802944557812,1.9083187344403394,1.954941585261439,1.9375013692010212,0.054887516718207435,1.826480887511737,2.0485218508903054,1.9375013692010212,0.0529412182587985,1.8300249822826027,2.0449777561194398,0,1,1,19.812824106185946,0.7494
377,1270706,2.0,1.9400007202568752,0.011472584365694271,1.9175148680905172,1.9624865724232332,1.9446783158963485,0.03367542989867597,1.8765633296119621,2.012793302180735,1.9446783158963485,0.03385361916119678,1.8759518152372352,2.013404816555462,0,1,1,8.70738381894916,0.8383
378,1271706,2.0,1.943612086456535,0.011862947773350578,1.9203611360702881,1.9668630368427817,1.9387255519976607,0.05601765831538371,1.8254191431614124,2.0520319608339093,1.9387255519976607,0.05359473184927282,1.8299224619580008,2.0475286420373204,0,1,1,20.410750214135263,0.8063
379,1272706,2.0,1.958247658251715,0.011596013626666951,1.935519889179212,1.980975427324218,1.957501189331841,0.046949432643674474,1.8625369982226032,2.052465380441079,1.957501189331841,0.0457717808735622,1.864579534090285,2.050422844573397,0,1,1,15.580385039508185,0.8982
380,1273706,2.0,1.9708338447352975,0.011614317556888805,1.9480702006187842,1.9935974888518109,1.9828757186220871,0.03797902061147952,1.9060558984793585,2.059695538764816,1.9828757186220871,0.03785151568532756,1.9060330565330115,2.0597183807111628,0,1,1,10.62133621877468,0.8651
381,1274706,2.0,1.9397240708203005,0.011596305854290325,1.9169957289921804,1.9624524126484206,1.9321669322818187,0.04082540450481034,1.849589757283111,2.0147441072805266,1.9321669322818187,0.040818359833895035,1.849301256364853,2.0150326081987844,0,1,1,12.390013424441657,0.7984
382,1275706,2.0,1.9905043434249543,0.011894910914746324,1.9671907464327392,2.0138179404171694,1.9763868183677824,0.05592561425442646,1.8632665862178757,2.0895070505176894,1.9763868183677824,0.0560048655164753,1.8626908968621918,2.090082739873373,1,1,1,22.16813358384072,0.8206
383,1276706,2.0,1.9348813074514764,0.012210975581194251,1.9109482350962375,1.9588143798067152,1.9420018756168629,0.07004209298121217,1.8003283701233945,2.0836753811103312,1.9420018756168629,0.06866759422452769,1.8025992481677717,2.081404503065954,0,1,1,31.622990580987942,0.8645
384,1277706,2.0,2.029620890123749,0.011906950252629202,2.0062836964628854,2.0529580837846124,2.0259129492127683,0.05671901110540993,1.9111879204563915,2.140637977969145,2.0259129492127683,0.05680704819806524,1.9105885102853768,2.14123738814016,0,1,1,22.761630444924915,0.7732
385,1278706,2.0,1.9980780752800789,0.011913191114610637,1.9747286497544994,2.0214275008056584,1.9992827635959594,0.055388012030953636,1.8872499345820626,2.111315592609856,1.9992827635959594,0.05501442147887597,1.8875975503835873,2.1109679768083316,1,1,1,21.325385118703835,0.7427
386,1279706,2.0,2.026066458107274,0.011602627006415355,2.003325727048648,2.0488071891659,2.0283380863755798,0.049949083500433894,1.9273065287150941,2.1293696440360654,2.0283380863755798,0.051071486210558625,1.9246574573119966,2.132018715439163,0,1,1,19.375116851508977,0.7984
387,1280706,2.0,2.070380760009928,0.011575533826815365,2.047693130607545,2.093068389412311,2.071614864597633,0.04555672788532307,1.9794676847574044,2.1637620444378616,2.071614864597633,0.046573808364048876,1.9770650069889653,2.1661647222063007,0,1,1,16.188307558228214,0.7367
388,1281706,2.0,2.006346587220952,0.01163069809623093,1.9835508378372808,2.029142336604623,2.005959220439107,0.04971216640748962,1.9054068728313212,2.1065115680468924,2.005959220439107,0.05020811666846388,1.9040313247279401,2.1078871161502737,1,1,1,18.635296059749596,0.8185
389,1282706,2.0,2.026478587605244,0.011385364361235821,2.004163683506356,2.048793491704132,2.0197254534962203,0.04828187579891544,1.9220661417154115,2.1173847652770292,2.0197254534962203,0.049417275875181466,1.91940304994948,2.1200478570429606,0,1,1,18.839255455312937,0.7265
390,1283706,2.0,2.0659134971657624,0.011605577641238778,2.0431669829691512,2.0886600113623737,2.0727396806230045,0.05291202619645312,1.9657150056746915,2.1797643555713173,2.0727396806230045,0.05467648644994638,1.9617405119920959,2.183738849253913,0,1,1,22.195640129549442,0.8124
391,1284706,2.0,2.040848124039774,0.011532319984478701,2.0182451922120044,2.0634510558675436,2.052023803428559,0.04354990435919327,1.9639358073127493,2.1401117995443686,2.052023803428559,0.04334247235814679,1.9640339066643138,2.140013700192804,0,1,1,14.125180086125516,0.8202
392,1285706,2.0,1.9924890467701004,0.011665462595737424,1.9696251602194559,2.0153529333207447,1.995050028458901,0.059445258572944866,1.874810643704168,2.115289413213634,1.995050028458901,0.0601821479811352,1.8728737727032632,2.117226284214539,1,1,1,26.615304394557118,0.7728
393,1286706,2.0,1.9888475948999005,0.011605820068114215,1.9661006055553445,2.0115945842444565,1.9973019359195758,0.04466844465042335,1.906951478513,2.087652393326152,1.9973019359195758,0.042532957005633844,1.9109554426905075,2.083648429148644,1,1,1,13.430725959688198,0.8656
394,1287706,2.0,2.022297101402899,0.011725368865417593,1.9993158007212333,2.045278402084565,2.032110623498518,0.04661799924440183,1.937816819716586,2.12640442728045,2.032110623498518,0.04617364031816273,1.9383731502124362,2.1258480967846,1,1,1,15.507264810933671,0.8679
395,1288706,2.0,1.9022799405676212,0.011349894441127845,1.8800345562346792,1.9245253249005632,1.9106374802664086,0.03725133449747177,1.8352895442191204,1.9859854163136967,1.9106374802664086,0.03610222968432669,1.8373460575567422,1.983928902976075,0,0,0,10.117760733627957,0.8298
396,1289706,2.0,2.028995399990979,0.01166612134711002,2.0061302223113695,2.0518605776705887,2.0356364209343645,0.05083062879694922,1.9328217696070162,2.138451072261713,2.0356364209343645,0.05018168567067782,1.9337621830013547,2.1375106588673742,0,1,1,18.502802472363133,0.7743
397,1290706,2.0,2.1125341577541152,0.011786558069799299,2.0894329284356186,2.135635387072612,2.1045369907660687,0.05174456418164784,1.9998737306345902,2.2092002508975472,2.1045369907660687,0.050445417165347985,2.0021273494348,2.2069466320973374,0,1,0,18.317636446941737,0.8262
398,1291706,2.0,1.9644499207272688,0.011565725782366853,1.9417815147387634,1.9871183267157742,1.9603151342767056,0.04805761244206018,1.8631094379515047,2.057520830601906,1.9603151342767056,0.04929493008811791,1.860241105882271,2.06038916267114,0,1,1,18.165975648098527,0.8166
399,1292706,2.0,2.034085553743984,0.011600414690490597,2.0113491587448933,2.056821948743075,2.0386641613252214,0.04845105376085812,1.9406626548169208,2.136665667833522,2.0386641613252214,0.047927609074248215,1.941365942161507,2.1359623804889356,0,1,1,17.069645397318997,0.8483
400,1293706,2.0,1.945809050990221,0.01144201210227294,1.9233831193590947,1.9682349826213474,1.9498477408265447,0.03995663016552359,1.8690278277954733,2.0306676538576163,1.9498477408265447,0.04058036762868404,1.8674652147722397,2.0322302668808496,0,1,1,12.578450604872785,0.7464
401,1294706,2.0,1.9422036052304195,0.011583582668234057,1.9195002003887383,1.9649070100721007,1.9384840834027246,0.03943202239643911,1.858725289742761,2.018242877062688,1.9384840834027246,0.03682222718851649,1.8637309880514819,2.0132371787539673,0,1,1,10.104953086119545,0.8955
402,1295706,2.0,2.0161264322243704,0.011604608618252766,1.9933818172779119,2.038871047170829,2.01245412685415,0.04402804132302534,1.9233990074430631,2.1015092462652363,2.01245412685415,0.04379610707762364,1.9235433026493651,2.1013649510589345,1,1,1,14.24328033522814,0.8261
403,1296706,2.0,1.989622000516543,0.011461176559531685,1.9671585072394062,2.0120854937936796,1.9974538990473865,0.0532812562801109,1.8896823857614544,2.1052254123333185,1.9974538990473865,0.054586593738831214,1.8866372223220047,2.108270575772768,1,1,1,22.68368374027562,0.8866
404,1297706,2.0,1.9718793717439425,0.011506222543665054,1.949327589960256,1.994431153527629,1.976787309431477,0.04995121417316321,1.8757514420786081,2.077823176784346,1.976787309431477,0.05097012825197531,1.873312447963205,2.080262170899749,0,1,1,19.6230230360053,0.7703
405,1298706,2.0,2.0045970592721867,0.011720466833878977,1.9816253663957877,2.0275687521485857,2.008220139944625,0.04893645044031617,1.9092368259801684,2.107203453909081,2.008220139944625,0.05052135379470778,1.905656339060048,2.1107839408292017,1,1,1,18.580617313506217,0.8276
406,1299706,2.0,2.0297525863878114,0.011451209841533251,2.0073086275189955,2.0521965452566273,2.0339474015405035,0.046616407168757826,1.9396568180355205,2.1282379850454864,2.0339474015405035,0.04674119635713034,1.9390577282399872,2.12883707484102,0,1,1,16.660840317652504,0.8546
407,1300706,2.0,2.085635306549131,0.011635149812813845,2.062830831961288,2.108439781136974,2.086980865448762,0.05519787587775977,1.9753326231055013,2.198629107792023,2.086980865448762,0.05246385806829181,1.9804735712377222,2.193488159659802,0,1,1,20.33183093081746,0.8862
408,1301706,2.0,2.0134509788673567,0.011702058441748975,1.9905153657765458,2.0363865919581676,2.017982169806567,0.04997098184600505,1.9169063185613309,2.1190580210518033,2.017982169806567,0.04629738533131734,1.9239934807881984,2.1119708588249355,1,1,1,15.652669089611358,0.841
409,1302706,2.0,1.9595743203972738,0.01165680514051643,1.9367274021470602,1.9824212386474873,1.9540353147604492,0.04600835734813753,1.8609746281065649,2.047096001414334,1.9540353147604492,0.046663975007565514,1.8593024091339148,2.0487682203869837,0,1,1,16.02523431153891,0.8823
410,1303706,2.0,2.0108393417679373,0.011359467298478637,1.9885751949793586,2.033103488556516,2.016361569737361,0.039659020373142735,1.9361436293310523,2.0965795101436697,2.016361569737361,0.040765757139648036,1.9336026829670336,2.0991204565076886,1,1,1,12.878790970643877,0.8609
411,1304706,2.0,1.9637903197427602,0.01218881304790049,1.9399006851545832,1.9876799543309371,1.9641118420565145,0.06934531353577962,1.8238477060205907,2.1043759780924383,1.9641118420565145,0.07088699027958954,1.8202036010801148,2.108020083032914,0,1,1,33.82285339475315,0.8028
412,1305706,2.0,2.0110194934684285,0.011896896483525703,1.9877020048329168,2.03433698210394,2.01730541836841,0.061875848256962684,1.8921497019294793,2.142461134807341,2.01730541836841,0.06002893416744384,1.8954402031906645,2.1391706335461556,1,1,1,25.459736192151656,0.7866
413,1306706,2.0,1.9550491484178512,0.011420741601801714,1.9326649062015815,1.9774333906341208,1.9675692747003046,0.03649755113092883,1.8937460094241976,2.0413925399764117,1.9675692747003046,0.037257980488298696,1.8919315531204128,2.043206996280196,0,1,1,10.642655654820171,0.826
414,1307706,2.0,2.0399318360348024,0.011538512490620283,2.017316767118021,2.0625469049515837,2.046072751496867,0.044914038051216576,1.9552255345484857,2.1369199684452482,2.046072751496867,0.039746754324792175,1.9653825504198879,2.1267629525738463,0,1,1,11.865982181153946,0.8998
415,1308706,2.0,1.958711520618855,0.011293775773155112,1.936576126854,1.98084691438371,1.9580838633488484,0.04242421670969295,1.8722727854204806,2.043894941277216,1.9580838633488484,0.040209753425855074,1.8764537241260286,2.0397140025716682,0,1,1,12.67606617873102,0.8331
416,1309706,2.0,2.0093613142688236,0.011486728492902996,1.9868477401225437,2.0318748884151034,2.009558680227699,0.04109438420973116,1.9264374424221735,2.092679918033224,2.009558680227699,0.04202842869608334,1.9242364339198759,2.094880926535522,1,1,1,13.387318474357656,0.8595
417,1310706,2.0,1.9770662463157926,0.01171974670990952,1.9540959648564382,2.0000365277751473,1.9747691379010532,0.0434600951363794,1.8868627980847648,2.0626754777173417,1.9747691379010532,0.04403692496136718,1.8853694274012163,2.06416884840089,1,1,1,14.118791308733897,0.7938
418,1311706,2.0,2.0596260645681257,0.011814544486669616,2.036469982880507,2.0827821462557443,2.0677837834314885,0.05908945800255053,1.948264073259836,2.187303493603141,2.0677837834314885,0.059940871506022744,1.9460973449608767,2.1894702219021003,0,1,1,25.740213347322758,0.8403
419,1312706,2.0,2.002999268323755,0.011590899029711934,1.9802815236770794,2.0257170129704307,2.0085648179951865,0.05188608903339629,1.9036152968311169,2.113514339159256,2.0085648179951865,0.051470815691254945,1.9040735069868577,2.1130561290035152,1,1,1,19.71913482661361,0.8462
420,1313706,2.0,2.034708207752975,0.011742970006158185,2.011692409469371,2.057724006036579,2.0371165379172975,0.0485314581824576,1.9389523981154968,2.1352806777190985,2.0371165379172975,0.04958176216727801,1.9364602094448835,2.1377728663897115,0,1,1,17.82740013854493,0.8024
421,1314706,2.0,2.031218494306329,0.011484484388938282,2.008709318522998,2.0537276700896605,2.0397087482329304,0.044892166839334134,1.9489057699862338,2.130511726479627,2.0397087482329304,0.04356930835082294,1.9512583499215408,2.12815914654432,0,1,1,14.392569255507176,0.8061
422,1315706,2.0,1.9735405274091742,0.011836585302791311,1.950341246515767,1.9967398083025814,1.9672747221377742,0.05417859581506547,1.8576881683222997,2.0768612759532488,1.9672747221377742,0.05088289821120736,1.863976947066847,2.0705724972087016,0,1,1,18.479525499640413,0.8023
423,1316706,2.0,1.955723739478759,0.011706440937004705,1.9327795368550844,1.9786679421024336,1.9544698457394474,0.0510899410157066,1.851130685941764,2.057809005537131,1.9544698457394474,0.05113718561875228,1.850655839786409,2.0582838516924857,0,1,1,19.081999868031694,0.8392
424,1317706,2.0,1.9947514348875566,0.011512817491375813,1.9721867272438771,2.017316142531236,1.9929231694787453,0.040566426843526064,1.9108698262440096,2.074976512713481,1.9929231694787453,0.04146789139678224,1.9087388743863134,2.077107464571177,1,1,1,12.973604816077415,0.855
425,1318706,2.0,2.0582948485742114,0.01157067145908346,2.0356167492374624,2.0809729479109604,2.052599736419385,0.05028791209878425,1.9508828332295671,2.1543166396092026,2.052599736419385,0.04919518451712095,1.9527282022994392,2.1524712705393307,0,1,1,18.07707097148592,0.7768
426,1319706,2.0,1.9910381072636842,0.011613796722072831,1.9682754839646521,2.0138007305627164,1.9916428860328157,0.046304213625014495,1.8979837735740563,2.085301998491575,1.9916428860328157,0.04740043665196829,1.8954148837831268,2.0878708882825046,1,1,1,16.65774633415105,0.842
427,1320706,2.0,1.9608288700978582,0.011673285668762296,1.9379496506058365,1.98370808958988,1.959113927087132,0.058284550129231484,1.8412222967623082,2.077005557411956,1.959113927087132,0.05954519624367726,1.8382307521036203,2.0799971020706436,0,1,1,26.019996534812368,0.7579
428,1321706,2.0,2.1323538382504674,0.011723243203016763,2.1093767037905504,2.1553309727103844,2.119554248987442,0.050741519654559766,2.016919837913297,2.222188660061587,2.119554248987442,0.050736624707316554,2.0165534249164567,2.2225550730584276,0,0,0,18.73042340459587,0.8474
429,1322706,2.0,1.8910880875523062,0.01178083475140012,1.867998075731744,1.9141780993728683,1.8833357801230286,0.05477034071744695,1.772552309266529,1.9941192509795282,1.8833357801230286,0.054854834440371404,1.7719745458227707,1.9946970144232865,0,0,0,21.680919094761652,0.805
430,1323706,2.0,2.023546866203704,0.011572870858481361,2.0008644561233475,2.0462292762840604,2.026904931880316,0.048577625586301944,1.9286474096899577,2.1251624540706744,2.026904931880316,0.049157485232961824,1.9271099313760311,2.126699932384601,0,1,1,18.04251608402665,0.8772
431,1324706,2.0,2.071498987385622,0.011483036234844597,2.0489926499321585,2.094005324839086,2.0667790132245942,0.043403321657340434,1.9789875086088569,2.1545705178403316,2.0667790132245942,0.0421243087426827,1.9812621200740088,2.1522959063751794,0,1,1,13.457119342026065,0.8273
432,1325706,2.0,2.096927991165516,0.011851601192287597,2.0736992796695004,2.1201567026615313,2.1062850835311964,0.0570083853281958,1.9909747401618978,2.2215954269004947,2.1062850835311964,0.05828724518775793,1.9879556849596574,2.2246144821027354,0,1,1,24.187612468271222,0.8624
433,1326706,2.0,2.0329194474783554,0.011630434363889984,2.010124215000574,2.0557146799561368,2.0311030094170577,0.041656830684258725,1.946844116234499,2.1153619025996164,2.0311030094170577,0.0422966197559346,1.9452363063123448,2.1169697125217706,0,1,1,13.225723913326458,0.8574
434,1327706,2.0,2.000068502733918,0.01163338569910053,1.9772674857454173,2.022869519722418,1.998116496366174,0.0465577892736195,1.903944478745439,2.092288513986909,1.998116496366174,0.04677890424384062,1.9031502719858895,2.0930827207464584,1,1,1,16.169174012171432,0.7057
435,1328706,2.0,2.0232354428403316,0.011644848690443216,2.0004119588016445,2.046058926879019,2.026085238110808,0.05052913699263926,1.923880411518503,2.128290064703113,2.026085238110808,0.05176040445615384,1.921006030654926,2.1311644455666903,0,1,1,19.757301297886446,0.8217
436,1329706,2.0,2.072523968277023,0.011615369477658623,2.049758262433686,2.0952896741203597,2.071096431834212,0.050053203391967296,1.9698542718145269,2.1723385918538978,2.071096431834212,0.050111290021267435,1.969365104667185,2.1728277590012395,0,1,1,18.612517023730323,0.8199
437,1330706,2.0,1.9471347058321364,0.011395405414964664,1.924800121629573,1.9694692900347,1.9460044702307966,0.03655154740548654,1.8720719871804257,2.0199369532811673,1.9460044702307966,0.03479030354726275,1.8753763991732624,2.0166325412883306,0,1,1,9.320879094933549,0.7986
438,1331706,2.0,2.0751825411469054,0.011671900855967034,2.052306035838088,2.098059046455723,2.0753987029112553,0.0485105415259229,1.9772768710407047,2.173520534781806,2.0753987029112553,0.047316909826598516,1.979340269131971,2.1714571366905395,0,1,1,16.43423784991322,0.8305
439,1332706,2.0,2.066185619160696,0.011693229779250953,2.043267309930413,2.089103928390979,2.060819575448342,0.05568126490094328,1.9481935865170423,2.1734455643796413,2.060819575448342,0.05509360646648288,1.9489736081648306,2.172665542731853,0,1,1,22.199001329789926,0.7772
440,1333706,2.0,2.01773893628106,0.011584701286429437,1.9950333389880033,2.0404445335741164,2.013567694225659,0.0469949861159388,1.9185113625216959,2.108624025929622,2.013567694225659,0.04786596539745934,1.91639461837892,2.1107407700723977,1,1,1,17.071982827218793,0.8876
441,1334706,2.0,1.9360839905977025,0.011564749593998063,1.9134174979032421,1.958750483292163,1.929128018679393,0.043897226925547074,1.8403374963622958,2.01791854099649,1.929128018679393,0.044447223780421256,1.8388953572940427,2.0193606800647435,0,1,1,14.771235154760749,0.8614
442,1335706,2.0,2.009957815422705,0.0118333858856219,1.9867648052717213,2.0331508255736885,2.0030363883969073,0.055834713094251594,1.890100021198307,2.1159727555955077,2.0030363883969073,0.05714488346368879,1.8870261074183308,2.119046669375484,1,1,1,23.320435083222904,0.8081
443,1336706,2.0,1.942943616239953,0.011346357892952859,1.9207051634140635,1.9651820690658424,1.9395827505678498,0.044522723649822904,1.849527041706047,2.0296384594296524,1.9395827505678498,0.039635790288331633,1.8591178184610397,2.02004768267466,0,1,1,12.202872887532676,0.8775
444,1337706,2.0,1.898690937261377,0.011712170727593481,1.8757355044545094,1.9216463700682445,1.8961956265812656,0.05277463976452344,1.789448841921353,2.002942411241178,1.8961956265812656,0.05379263128451204,1.7869907793291304,2.005400473833401,0,1,1,21.09457539412872,0.7569
445,1338706,2.0,1.9556103319397704,0.011561424730338665,1.9329503558583359,1.978270308021205,1.9516729649941875,0.04852211738951287,1.853527718729462,2.049818211258913,1.9516729649941875,0.04980970663841376,1.85055388464372,2.052792045344655,0,1,1,18.56116603364035,0.8989
446,1339706,2.0,2.0208419418876415,0.01117372454943769,1.9989418441975726,2.0427420395777105,2.02860816344413,0.03693448489513176,1.953901116210512,2.103315210677748,2.02860816344413,0.03702247878195576,1.9534485357454014,2.1037677911428583,1,1,1,10.978299221456943,0.9534
447,1340706,2.0,2.0192479235773613,0.011815975432240056,1.9960890372879607,2.042406809866762,2.022128108279209,0.05998624885980675,1.9007944673834125,2.143461749175006,2.022128108279209,0.06148935057789972,1.89729809016805,2.146958126390368,1,1,1,27.08074787482571,0.837
448,1341706,2.0,1.989502261635465,0.011609425408091354,1.9667482059544017,2.0122563173165284,1.9869112623989698,0.03856266376584154,1.9089109125473716,2.064911612250568,1.9869112623989698,0.03897068118721349,1.9077965735514912,2.0660259512464485,1,1,1,11.268199909862266,0.8736
449,1342706,2.0,1.9429872036779319,0.011887024186688522,1.919689064388666,1.9662853429671978,1.9410217193028536,0.06267928532876399,1.8142408979939693,2.067802540611738,1.9410217193028536,0.06454192027789754,1.8099946552421922,2.072048783363515,0,1,1,29.480678348810976,0.8284
450,1343706,2.0,2.01925946962874,0.01161309114654454,1.9964982292323314,2.042020710025148,2.0234514350979667,0.04924552909563565,1.9238429505438184,2.123059919652115,2.0234514350979667,0.04921461356894822,1.923540457905868,2.1233624122900654,1,1,1,17.959427545613554,0.8311
451,1344706,2.0,1.9655050620872832,0.011829777608204733,1.9423191240300834,1.9886910001444829,1.9641018715273482,0.05892099988947111,1.844922900051428,2.0832808430032683,1.9641018715273482,0.06009352694858813,1.8421055260324937,2.0860982170222027,0,1,1,25.80490278823677,0.7696
452,1345706,2.0,2.0040859334454364,0.011843284845965557,1.9808735216886948,2.027298345202178,2.0020480009936734,0.042413289314602975,1.9162590258081338,2.087836976179213,2.0020480009936734,0.03935021165018457,1.9221628243443047,2.0819331776430423,1,1,1,11.039509962721382,0.7694
453,1346706,2.0,2.003921434294899,0.011661712998076702,1.9810648968206264,2.0267779717691723,2.007780333430157,0.056541426421639555,1.8934145036011802,2.122146163259134,2.007780333430157,0.05699705384818752,1.89207016252604,2.123490504334274,1,1,1,23.88801799904824,0.8327
454,1347706,2.0,1.9126161094084104,0.011575341930452976,1.8899288561159862,1.9353033627008347,1.9070644561084227,0.04159944952263887,1.8229216272804534,1.991207284936392,1.9070644561084227,0.040046007312441775,1.8257667391686634,1.988362173048182,0,0,0,11.968804884436219,0.8246
455,1348706,2.0,2.0142011374922837,0.011679658535234809,1.9913094274114975,2.03709284757307,2.006114944059623,0.042881863779014616,1.919378187559557,2.0928517005596894,2.006114944059623,0.03751079046237481,1.9299639909470188,2.0822658971722277,1,1,1,10.314594051086212,0.8273
456,1349706,2.0,1.912558839037337,0.011632667442963039,1.8897592298049977,1.9353584482696762,1.916686164957674,0.043489070211209166,1.8287212175206202,2.004651112394728,1.916686164957674,0.04222036912933201,1.8309742588545612,2.002398071060787,0,1,1,13.173022294346048,0.834
457,1350706,2.0,1.9939988749875956,0.011141528290387516,1.972161880805702,2.0158358691694893,1.9890453153674426,0.03291007704183199,1.9224784013572187,2.055612229377666,1.9890453153674426,0.031428207690419936,1.9252426617644227,2.0528479689704624,1,1,1,7.957006158941339,0.8003
458,1351706,2.0,2.0498350724329817,0.011821197314235168,2.026665951442939,2.0730041934230243,2.052091813450165,0.04599098479099449,1.9590662661098717,2.1451173607904583,2.052091813450165,0.044289230841937505,1.962179894781838,2.142003732118492,0,1,1,14.036969080315359,0.7794
459,1352706,2.0,2.0417221971221022,0.011302633894550988,2.0195694417583407,2.0638749524858637,2.040930017087904,0.04145425185908385,1.957080878255618,2.12477915592019,2.040930017087904,0.041455533856957466,1.956770809135044,2.125089225040764,0,1,1,13.452583720840407,0.796
460,1353706,2.0,2.033362655113323,0.011652921747525264,2.01052334817351,2.056201962053136,2.0276895750749793,0.04129484178768157,1.9441628735466812,2.1112162766032774,2.0276895750749793,0.040600709495911214,1.945265752834741,2.1101133973152177,0,1,1,12.139410169627041,0.8078
461,1354706,2.0,2.0311322436318133,0.011669887954111608,2.0082596835381366,2.05400480372549,2.035384086621289,0.05779929807945843,1.9184739712114702,2.1522942020311078,2.035384086621289,0.059370225828876154,1.9148561204640742,2.1559120527785036,0,1,1,25.88236927496748,0.8329
462,1355706,2.0,2.1395470828663514,0.011743384035579769,2.1165304730999925,2.1625636926327103,2.1460529207842938,0.05709280726159086,2.030571817936865,2.2615340236317225,2.1460529207842938,0.057832108742046306,2.0286474983196294,2.263458343248958,0,0,0,24.252221697789327,0.8877
463,1356706,2.0,2.002794233976253,0.011473336401598975,1.9803069078466065,2.025281560105899,2.0076593374137053,0.04408111464913422,1.918496867067802,2.0968218077596084,2.0076593374137053,0.043430529889157125,1.919490674357614,2.0958280004697967,1,1,1,14.328832353334558,0.8323
464,1357706,2.0,2.1140854982119253,0.01153082502038145,2.0914854964599443,2.136685499963906,2.1155246564074153,0.048241500990535056,2.0179470103849155,2.213102302429915,2.1155246564074153,0.04722526810224534,2.019652265219299,2.2113970475955314,0,0,0,16.773670234960505,0.8403
465,1358706,2.0,1.8970792633098807,0.011960076681024156,1.873637943762736,1.9205205828570255,1.9020160060061293,0.05812328455282353,1.7844505660984202,2.0195814459138384,1.9020160060061293,0.05681879147773371,1.7866677269535791,2.0173642850586795,0,1,1,22.569194333769563,0.8054
466,1359706,2.0,1.9731547098219258,0.011601337442881152,1.9504165062613827,1.9958929133824688,1.980938325388518,0.05311637329373481,1.8735003194219975,2.0883763313550383,1.980938325388518,0.05268527474521303,1.8739815314262134,2.0878951193508226,0,1,1,20.623500432514753,0.8336
467,1360706,2.0,1.9975557029510087,0.011705210886228064,1.9746139111825556,2.020497494719462,1.9895359645468678,0.05806733114716779,1.8720837010847238,2.106988228009012,1.9895359645468678,0.05852062276168919,1.870732784312215,2.1083391447815205,1,1,1,24.995359829520805,0.6916
468,1361706,2.0,2.016301599178932,0.01162700045038585,1.9935130970479449,2.0390901013099194,2.0022659581806432,0.04652515254180701,1.908159954581005,2.0963719617802816,2.0022659581806432,0.04764048232775576,1.905550637301396,2.0989812790598905,1,1,1,16.7886942890002,0.8289
469,1362706,2.0,1.9078672432158839,0.011769095285650504,1.8848002403253887,1.930934246106379,1.9029876035862927,0.05605065866918379,1.789614445234055,2.0163607619385306,1.9029876035862927,0.05494225240434006,1.7914489013843105,2.0145263057882747,0,1,1,21.793488888410177,0.8429
470,1363706,2.0,2.0364487386405172,0.01195808311889881,2.013011326403339,2.0598861508776953,2.032784260458979,0.05802086833885469,1.9154259768973294,2.1501425440206288,2.032784260458979,0.05898834779105258,1.9130315479339748,2.1525369729839836,0,1,1,24.33376606932287,0.8475
471,1364706,2.0,2.025821806347076,0.011550192774145514,2.003183844495256,2.048459768198896,2.0247644164235914,0.04614509521321394,1.9314271513315917,2.118101681515591,2.0247644164235914,0.045975776697240026,1.931428627643057,2.118100205204126,0,1,1,15.844541783473234,0.7525
472,1365706,2.0,2.03657109413456,0.01149905630074049,2.0140333579289105,2.0591088303402096,2.036788898210846,0.04143160899085752,1.9529855589025253,2.1205922375191673,2.036788898210846,0.04184182735260247,1.9518454727698458,2.1217323236518464,0,1,1,13.240271346704992,0.8033
473,1366706,2.0,1.9558933973770847,0.011671978605393393,1.9330167396821916,1.9787700550719778,1.9474655685307012,0.05265234915752035,1.8409661399711796,2.053964997090223,1.9474655685307012,0.05062993836379294,1.844681329251539,2.0502498078098634,0,1,1,18.815936195223863,0.8341
474,1367706,2.0,2.0537171431712333,0.011666262619730977,2.030851688602375,2.076582597740092,2.0530271583315405,0.05185265700361467,1.9481452598305486,2.1579090568325325,2.0530271583315405,0.05105514964695693,1.9493796942552455,2.1566746224078353,0,1,1,19.152065119261714,0.8485
475,1368706,2.0,2.0222997511318774,0.011627387387908458,1.9995104906172816,2.045089011646473,2.017453867204775,0.05618386526001891,1.9038112730907657,2.131096461318784,2.017453867204775,0.05534667699897452,1.9050941394268457,2.129813594982704,1,1,1,22.657856298170525,0.8022
476,1369706,2.0,2.0778487905406076,0.011712230327814543,2.054893240919453,2.100804340161762,2.0743617520845468,0.047991651619736134,1.977289474115739,2.1714340300533546,2.0743617520845468,0.04836220368502402,1.9761812589559216,2.172542245213172,0,1,1,17.05033650868054,0.851
477,1370706,2.0,2.0735731024302466,0.011632048572185832,2.050774706162342,2.096371498698151,2.079592105950511,0.045982288076074664,1.9865841493765202,2.1726000625245017,2.079592105950511,0.045669675233641974,1.986877736178076,2.1723064757229458,0,1,1,15.414996572598087,0.953
478,1371706,2.0,1.938863588297866,0.011493076425418093,1.9163375724324803,1.9613896041632517,1.9400908886012707,0.037721226295196045,1.8637925066813257,2.0163892705212154,1.9400908886012707,0.0377299444657849,1.8634950292088357,2.0166867479937056,0,1,1,10.77704615114079,0.8923
479,1372706,2.0,2.0855654711964706,0.011670998464883313,2.062690734541677,2.108440207851264,2.0862035741797698,0.05856389762714951,1.9677469102073721,2.2046602381521674,2.0862035741797698,0.05504619927036329,1.974453848620957,2.1979532997385824,0,1,1,22.24531972293312,0.9966
480,1373706,2.0,1.8790620125551583,0.011948781519046891,1.8556428311186886,1.902481193991628,1.8866049010874717,0.06668216632257401,1.7517274887384202,2.021482313436523,1.8866049010874717,0.06205023735925262,1.7606362222746375,2.012573579900306,0,1,1,26.967435820353924,0.9688
481,1374706,2.0,1.9588930029675349,0.011679062715606196,1.936002460671762,1.9817835452633077,1.9579109496661657,0.037753251171477646,1.8815477913197507,2.0342741080125806,1.9579109496661657,0.038890685819745634,1.878958660048407,2.0368632392839245,0,1,1,11.088561830349779,1.017
482,1375706,2.0,2.001718541029394,0.012228606402066508,1.9777509129002278,2.0256861691585604,1.9945864572697722,0.06907163825806122,1.8548758817331281,2.1342970328064164,1.9945864572697722,0.06855913140370691,1.8554040210531497,2.1337688934863945,1,1,1,31.43233757332201,1.0445
483,1376706,2.0,2.0213409642710065,0.011545565878130928,1.9987120709687354,2.043969857573278,2.015769317389191,0.04098597693227264,1.932867353999447,2.098671280778935,2.015769317389191,0.03975050507189793,1.9350715018907756,2.0964671328876063,1,1,1,11.853725202491615,0.8851
484,1377706,2.0,2.0233283075940256,0.011694429049588036,2.0004076478370743,2.046248967350977,2.021355786666478,0.05495455112133585,1.910199715098656,2.1325118582343,2.021355786666478,0.05504706309557766,1.909604307449249,2.133107265883707,0,1,1,22.156964387344015,0.9483
485,1378706,2.0,2.0166508503183325,0.011555908129522386,1.994001686575815,2.03930001406085,2.0137328177182914,0.053307468558682645,1.9059082850944988,2.121557350342084,2.0137328177182914,0.05412280080090735,1.9038576907132554,2.1236079447233274,1,1,1,21.93574377519276,1.0331
486,1379706,2.0,2.0317965180645525,0.011699342437140058,2.008866228244957,2.054726807884148,2.022900842947732,0.04613957869338254,1.9295747360703055,2.1162269498251582,2.022900842947732,0.04581020211618606,1.929901188436912,2.115900497458552,0,1,1,15.33209530134396,1.0441
487,1380706,2.0,1.9961636496737944,0.011676786135630062,1.9732775693927829,2.019049729954806,1.9940674276299755,0.05561067785729998,1.8815842144709254,2.1065506407890253,1.9940674276299755,0.05631838948069616,1.8797350186389234,2.1083998366210275,1,1,1,23.26236157329522,0.8784
488,1381706,2.0,2.0116275847499483,0.011591567296413474,1.9889085303246055,2.034346639175291,2.0021994264262455,0.045729131847965024,1.9097035266562028,2.0946953261962884,2.0021994264262455,0.04630913234141694,1.9081868897095406,2.0962119631429506,1,1,1,15.960590910201688,1.1008
489,1382706,2.0,2.007932630159663,0.011860389144334018,1.9846866945941384,2.0311785657251873,2.005229752931898,0.04875925425015981,1.906604852092336,2.10385465377146,2.005229752931898,0.0441271715070544,1.9156468322041644,2.0948126736596318,1,1,1,13.842492726680527,0.9625
490,1383706,2.0,2.0224652921634916,0.011722630222904384,1.9994893591225182,2.0454412252044647,2.018017255570149,0.047940121711697765,1.9210492066784408,2.1149853044618574,2.018017255570149,0.04728560274794393,1.922022378539452,2.114012132600846,1,1,1,16.270755797421735,0.9653
491,1384706,2.0,1.9986550625988182,0.01159126859774949,1.9759365936120992,2.0213735315855375,1.9958522754537675,0.05296700217759724,1.8887164010875743,2.1029881498199607,1.9958522754537675,0.0532624016719348,1.8877238515419184,2.1039806993656165,1,1,1,21.11443923243665,1.0874
492,1385706,2.0,2.0125340944551255,0.011640116376319848,1.9897198855816838,2.0353483033285675,2.0089316066573124,0.04516974992990365,1.9175671636137652,2.1002960497008596,2.0089316066573124,0.04523656648755146,1.9170964943841104,2.1007667189305144,1,1,1,15.103048718008191,0.9926
493,1386706,2.0,1.9671898966239638,0.011605123127589908,1.9444442732577347,1.989935519990193,1.9617124892862277,0.045591040599922764,1.8694959054297366,2.0539290731427187,1.9617124892862277,0.04314574156470781,1.874121977265474,2.0493030013069813,0,1,1,13.822174466971482,1.0679
494,1387706,2.0,2.077358542123303,0.011581284809932885,2.0546596410011335,2.1000574432454724,2.0828179058545646,0.04616289460081804,1.989444638102876,2.176191173606253,2.0828179058545646,0.04570540553959046,1.990030999704745,2.1756048120043845,0,1,1,15.57477026885098,1.1052
495,1388706,2.0,2.0518143011531835,0.01172514850910727,2.02883343236195,2.074795169944417,2.0549115212378055,0.05051957360199348,1.9527260384289244,2.1570970040466864,2.0549115212378055,0.05000280473846407,1.9534004309034958,2.1564226115721152,0,1,1,18.186621415261115,1.0899
496,1389706,2.0,2.0339077213478114,0.011567656462975752,2.011235531294847,2.056579911400776,2.0364198069060757,0.052137360493919566,1.9309620412403412,2.14187757257181,2.0364198069060757,0.05234858471734201,1.930146530038715,2.1426930837734366,0,1,1,20.479489401716037,1.0127
497,1390706,2.0,2.0119681990977343,0.011405998503419335,1.9896128528233146,2.0343235453721538,2.008562946888045,0.044786983726650936,1.9179727215683138,2.099153172207776,2.008562946888045,0.04318095327250758,1.9209009513001196,2.09622494247597,1,1,1,14.332364046342626,1.1664
498,1391706,2.0,2.025695609973669,0.011304678375338275,2.0035388475011975,2.047852372446141,2.0300310645366797,0.034275430410997544,1.960702462664003,2.0993596664093563,2.0300310645366797,0.03282245577558291,1.9633979368420227,2.0966641922313367,0,1,1,8.4299640357246,0.8907
499,1392706,2.0,1.9772441786190809,0.011875993728723574,1.953967658630159,2.0005206986080024,1.9885113045241454,0.04862884036380306,1.8901501906683638,2.0868724183799268,1.9885113045241454,0.04749973737723389,1.8920817110848138,2.084940897963477,1,1,1,15.997145603977334,1.1532
500,1393706,2.0,2.0299609033058688,0.011684672127876796,2.007059366764071,2.0528624398476665,2.035594599997258,0.048059459300035925,1.9383851680491988,2.1328040319453168,2.035594599997258,0.04874671610821497,1.9366335051498018,2.1345556948447135,0,1,1,17.404344341461798,1.0797
501,1394706,2.0,2.0005050841365435,0.01150810021497103,1.9779496221847226,2.0230605460883644,2.0011133731883923,0.05055294189957194,1.8988603966269824,2.1033663497498023,2.0011133731883923,0.04265702524868362,1.9145150080354647,2.08771173834132,1,1,1,13.739592797678332,0.8757
502,1395706,2.0,2.08043128582213,0.011224380921827164,2.05843190346659,2.1024306681776697,2.078475302371505,0.04037080549217002,1.9968176406679223,2.1601329640750873,2.078475302371505,0.03854108098720363,2.0002327482960442,2.1567178564469653,0,1,0,11.790249323163037,1.0564
503,1396706,2.0,1.9995498023199705,0.011825488323960368,1.9763722711054093,2.0227273335345317,1.996154239440594,0.052383144585040294,1.8901993285254601,2.102109150355728,1.996154239440594,0.052699766781010966,1.8891680250815197,2.1031404537996683,1,1,1,19.859998864037287,1.0107
504,1397706,2.0,1.9631650241078968,0.01155491145734804,1.9405178138069454,1.9858122344088482,1.968983888449945,0.04463547957149827,1.8787001092091893,2.059267667690701,1.968983888449945,0.04567906170780328,1.876250463121897,2.061717313777993,0,1,1,15.627917328394492,1.063
505,1398706,2.0,2.037133591596074,0.01161062022336243,2.0143771941201116,2.059889989072037,2.0306782345991286,0.043728650333533084,1.9422286906240287,2.1191277785742284,2.0306782345991286,0.04104712603566232,1.9473481386022393,2.114008330596018,0,1,1,12.498407207006183,1.0191
506,1399706,2.0,1.9343950378700527,0.011588758135585693,1.9116814892987593,1.9571085864413462,1.9281494513498743,0.0476753772916217,1.8317168985927843,2.024582004106964,1.9281494513498743,0.04842403875984929,1.8298434263456023,2.0264554763541462,0,1,1,17.46015999881353,0.9838
507,1400706,2.0,2.026803384957468,0.011670369406126334,2.003929881235182,2.0496768886797536,2.0289002353741843,0.04966146654845976,1.9284504379109055,2.129350032837463,2.0289002353741843,0.05092624177550417,1.9255144681897396,2.132286002558629,0,1,1,19.042065243598127,0.9344
508,1401706,2.0,1.9692254275790555,0.011371069762535735,1.946938540378793,1.991512314779318,1.9676835545398053,0.041851215185509286,1.883031481591571,2.0523356274880395,1.9676835545398053,0.042165910748727276,1.8820822048269177,2.053284904252693,0,1,1,13.750558003467987,0.9329
509,1402706,2.0,2.031861489673326,0.011746763751868255,2.0088382557847635,2.0548847235618886,2.034965765074282,0.058454092892477286,1.9167312021416827,2.1532003280068808,2.034965765074282,0.0600881349667854,1.9129803658844342,2.1569511642641297,0,1,1,26.166219492223767,0.9873
510,1403706,2.0,1.9846844551971539,0.011406606990079565,1.9623279163107952,2.0070409940835128,1.9760502452207613,0.04620165744485319,1.882598572216408,2.069501918225115,1.9760502452207613,0.046418903167411846,1.8818148618799135,2.070285628561609,1,1,1,16.560627622197597,1.1099
511,1404706,2.0,1.9846351143790346,0.011342609641580164,1.9624040079908407,2.0068662207672285,1.981235302129255,0.03771657230940208,1.9049463337841175,2.0575242704743926,1.981235302129255,0.03883758710123874,1.902390808640917,2.060079795617593,1,1,1,11.724072854432194,1.054
512,1405706,2.0,1.911617282421752,0.011653868929191803,1.8887761190399859,1.9344584458035183,1.9096192106578123,0.04810939946302128,1.8123087651955376,2.0069296561200867,1.9096192106578123,0.04565059666246549,1.8169435724439824,2.002294848871642,0,1,1,15.344497044726214,1.0124
513,1406706,2.0,2.0141725310745,0.011922354418852962,1.990805145802626,2.0375399163463737,2.007203063390383,0.06252196504106719,1.8807404523989604,2.133665674381805,2.007203063390383,0.06368570494499928,1.8779142088653278,2.136491917915438,1,1,1,28.53381654911459,1.0319
514,1407706,2.0,2.0076479853998377,0.011458091509093887,1.9851905387104494,2.030105432089226,2.0059811750307657,0.04034333806103871,1.9243790714507292,2.087583278610802,2.0059811750307657,0.039538770125499785,1.9257132043257208,2.0862491457358106,1,1,1,11.907531517104438,0.9587
515,1408706,2.0,1.9702779863192825,0.011481771964060592,1.947774126791022,1.992781845847543,1.975530500264023,0.03811416056390328,1.8984373337665927,2.0526236667614532,1.975530500264023,0.03801427736124779,1.8983574144062465,2.0527035861217997,0,1,1,10.96164274616793,0.9723
516,1409706,2.0,1.9051644288794067,0.01144952026078425,1.882723781528008,1.9276050762308055,1.9146692343784233,0.04484668700679197,1.8239582477760545,2.005380220980792,1.9146692343784233,0.04594700616090491,1.821391852891803,2.007946615865044,0,1,1,16.10422602866135,1.0968
517,1410706,2.0,1.9017908712035454,0.011804451699842448,1.8786545710146116,1.9249271713924792,1.9055659886281389,0.05459565982949209,1.7951358432176094,2.015996134038668,1.9055659886281389,0.05448243058322891,1.794960774350777,2.016171202905501,0,1,1,21.302045566762306,1.0332
518,1411706,2.0,1.9289562561574174,0.011387865264346124,1.9066364503785043,1.9512760619363305,1.9292309171557243,0.04592507057590369,1.8363386938997965,2.022123140411652,1.9292309171557243,0.04623407900056556,1.8353707468213234,2.023091087490125,0,1,1,16.48313369481636,1.0243
519,1412706,2.0,2.039029621358153,0.011426966480977406,2.016633178602891,2.0614260641134154,2.0452369379575193,0.035836101914155385,1.9727515800062452,2.117722295908793,2.0452369379575193,0.035579263170202845,1.9730071937143852,2.1174666822006536,0,1,1,9.694646831794456,1.0622
520,1413706,2.0,1.9990832774336487,0.011573734609842751,1.9763991744317322,2.0217673804355654,2.002539865869304,0.048277916278660675,1.904888562974162,2.1001911687644457,2.002539865869304,0.04933458908228419,1.902385325436386,2.1026944063022217,1,1,1,18.170044513146465,1.0551
521,1414706,2.0,2.0191686452652675,0.011904671936778306,1.9958359170214173,2.0425013735091175,2.0148103099874635,0.04221933651161035,1.9294136413754528,2.1002069785994744,2.0148103099874635,0.04153073470473742,1.9304984361973143,2.0991221837776126,1,1,1,12.170386333698172,1.0502
522,1415706,2.0,1.9511894077571101,0.011797238133356971,1.9280672458986878,1.9743115696155324,1.9441427021126754,0.059332344692896756,1.8241317072378618,2.0641536969874887,1.9441427021126754,0.059797587679478896,1.8227471452743202,2.0655382589510305,0,1,1,25.692516057579738,1.0339
523,1416706,2.0,1.972004336784524,0.011679832634277654,1.9491122854758842,1.9948963880931636,1.966887234340982,0.04474657756813368,1.8763787381911974,2.0573957304907666,1.966887234340982,0.04417224721316827,1.877212805064895,2.056561663617069,0,1,1,14.302954230357127,0.9777
524,1417706,2.0,2.0552739229611343,0.011449283065721103,2.0328337405035164,2.0777141054187522,2.057278217628642,0.04741016809603673,1.9613821011033719,2.153174334153912,2.057278217628642,0.04386062834719986,1.9682364082829498,2.146320026974334,0,1,1,14.675506957782021,0.983
525,1418706,2.0,2.1522037255408466,0.011976370345107719,2.128730470998922,2.175676980082771,2.1594671652757773,0.06149477617928059,2.0350822398682538,2.283852090683301,2.1594671652757773,0.06011440744806113,2.037428430113397,2.2815059004381575,0,0,0,25.19455585433668,1.0747
526,1419706,2.0,2.0173251891806094,0.01155050132794215,1.9946866225744608,2.0399637557867583,2.017626063319904,0.044072936008787506,1.9284801358355683,2.1067719908042397,2.017626063319904,0.04521159553810643,1.9258416447691462,2.1094104818706616,1,1,1,15.321384046583148,1.0088
527,1420706,2.0,2.0073409883749997,0.011494702138264399,1.984811786170986,2.0298701905790133,2.004323766135652,0.05002102939952556,1.90314668415834,2.1055008481129645,2.004323766135652,0.048961587956811076,1.9049264582448036,2.1037210740265007,1,1,1,18.14326924955255,1.008
528,1421706,2.0,2.070038310918272,0.01129506035151618,2.047900399426094,2.09217622241045,2.07336096112521,0.037676558783782746,1.9971529277750215,2.149568994475399,2.07336096112521,0.03374648444737668,2.004851955498014,2.1418699667524064,0,1,0,8.92647436086763,1.0492
529,1422706,2.0,2.044685888525935,0.011308975910507012,2.02252070303931,2.06685107401256,2.047862413949547,0.03659690295287339,1.9738381906453033,2.1218866372537906,2.047862413949547,0.0367391817717165,1.9732779097573547,2.122446918141739,0,1,1,10.553886070227913,0.8771
530,1423706,2.0,1.961668311844618,0.011788437951549451,1.938563398025596,1.9847732256636401,1.949583299278909,0.05031200111541689,1.8478176714538759,2.051348927103942,1.949583299278909,0.050052058133049124,1.847972219237759,2.051194379320059,0,1,1,18.02732783983356,0.9809
531,1424706,2.0,1.989220696428942,0.011492462956783231,1.9666958829399863,2.011745509917898,1.9979631189500056,0.039381466979313225,1.9183065832732211,2.07761965462679,1.9979631189500056,0.03901750339891078,1.918753375959342,2.077172861940669,1,1,1,11.526374568770821,1.1183
532,1425706,2.0,2.008542274665401,0.011584202638326668,1.9858376547046668,2.0312468946261353,2.0110009693483533,0.04324410922378731,1.9235315022763206,2.098470436420386,2.0110009693483533,0.04198001599060059,1.9257770060577588,2.0962249326389477,1,1,1,13.132666256915055,1.1254
533,1426706,2.0,2.031760918376869,0.011581494498452086,2.009061606272754,2.054460230480984,2.034112384161027,0.040649983435145955,1.9518900317671124,2.116334736554941,2.034112384161027,0.040505468862957264,1.95188191068484,2.1163428576372136,0,1,1,12.232018150598439,0.9233
534,1427706,2.0,1.9874024562002708,0.011744828624934272,1.9643830150908046,2.010421897309737,1.9968567110363296,0.05530914597860173,1.884983403670424,2.108730018402235,1.9968567110363296,0.05704632092485062,1.881046522649277,2.1126668994233824,1,1,1,23.591845387014832,1.0111
535,1428706,2.0,2.0099812686516882,0.011868517521114865,1.9867194017604206,2.033243135542956,2.0124190757318425,0.04977574903134325,1.911738120128116,2.113100031335569,2.0124190757318425,0.049370575512808726,1.9121914789610073,2.112646672502678,1,1,1,17.303877387937742,0.9244
536,1429706,2.0,1.9610622223227556,0.011454081910493168,1.9386126343022172,1.983511810343294,1.9651672986834334,0.04180590465170612,1.880606874940505,2.049727722426362,1.9651672986834334,0.04160490726106099,1.8807048465986334,2.0496297507682337,0,1,1,13.1937590194209,0.9887
537,1430706,2.0,1.99478341420693,0.011504263298650733,1.9722354724729088,2.0173313559409514,1.9968105939474032,0.04039487657900467,1.915104243875045,2.0785169440197615,1.9968105939474032,0.03977168318087959,1.9160697846020387,2.0775514032927678,1,1,1,11.951717427381912,0.9069
538,1431706,2.0,1.9930382799677586,0.011910291587054084,1.9696945374117623,2.016382022523755,1.9935777663614869,0.04875361464284721,1.8949642727044287,2.092191260018545,1.9935777663614869,0.04962459533919567,1.8928344819271707,2.094321050795803,1,1,1,17.3599779311617,0.9555
539,1432706,2.0,1.9990982172284457,0.011798977458110909,1.9759726463561484,2.022223788100743,1.992338218660685,0.051066980945058245,1.8890454999894255,2.095630937331945,1.992338218660685,0.05046292536138443,1.8898930338018332,2.094783403519537,1,1,1,18.29178565114479,1.0428
540,1433706,2.0,1.9472976124835704,0.01160132502700478,1.9245594332576978,1.9700357917094429,1.949394247700819,0.04065964356720913,1.867152355845494,2.031636139556144,1.949394247700819,0.040310192565962105,1.8675602061833614,2.031228289218277,0,1,1,12.07298210816434,1.1277
541,1434706,2.0,1.9882979307689506,0.011458775607006562,1.9658391432722917,2.0107567182656094,1.9906047097539228,0.04540223097125692,1.8987700294189496,2.082439390088896,1.9906047097539228,0.043488366260117955,1.9023186326226027,2.078890786885243,1,1,1,14.403557001212025,0.9679
542,1435706,2.0,1.9724617420138058,0.011486220066898686,1.949949164364183,1.9949743196634284,1.9744515827404199,0.04956556351405263,1.8741957674740404,2.0747073980067996,1.9744515827404199,0.049569710988137235,1.8738197194623243,2.0750834460185152,0,1,1,18.624237793760894,0.9105
543,1436706,2.0,1.9744380578277236,0.01137349380356548,1.9521464195943459,1.9967296960611014,1.971302459754455,0.04718389133219499,1.8758640311848231,2.066740888324087,1.971302459754455,0.048706348150233524,1.8724233162185446,2.0701816032903655,0,1,1,18.33932499565819,0.9905
544,1437706,2.0,1.9841429513164468,0.011261533714848603,1.96207075082466,2.0062151518082336,1.9855601841675259,0.03700554221255262,1.9107094099431587,2.060410958391893,1.9855601841675259,0.036323835574109155,1.911818877584065,2.0593014907509866,1,1,1,10.403711954852305,0.957
545,1438706,2.0,1.9191403074220192,0.01140972631413491,1.8967776547728559,1.9415029600711826,1.9198174134604886,0.039757865604417464,1.8393995397023917,2.000235287218586,1.9198174134604886,0.03532371866337431,1.848106452146688,1.9915283747742893,0,1,0,9.584785102296598,1.018
546,1439706,2.0,1.9796452253021581,0.011731787679394357,1.9566513439762745,2.002639106628042,1.9770993909913963,0.05392676810517915,1.8680222067981225,2.08617657518467,1.9770993909913963,0.05346254871554824,1.8685646469794917,2.0856341350033007,1,1,1,20.766864483022317,0.9179
547,1440706,2.0,1.9981531655427547,0.01153911921803047,1.975536907462101,2.0207694236234084,1.9989900357893544,0.04561678209545609,1.90672138484358,2.091258686735129,1.9989900357893544,0.04607793256167198,1.9054468595785194,2.0925332120001894,1,1,1,15.945592047585626,1.1014
548,1441706,2.0,1.920929907550327,0.01161760919655606,1.8981598119386158,1.9437000031620382,1.9120188139964933,0.039659514825841805,1.8317998734652,1.9922377545277867,1.9120188139964933,0.038841473597353716,1.8331664305015791,1.9908711974914075,0,0,0,11.177839512575794,0.9484
549,1442706,2.0,1.9471522425689776,0.011691453835022703,1.9242374141254204,1.9700670710125348,1.9486346948534923,0.046827139976883696,1.8539178640109593,2.0433515256960253,1.9486346948534923,0.04760859638421516,1.8519841058810265,2.045285283825958,0,1,1,16.58187805448125,0.9939
550,1443706,2.0,1.979641235561041,0.011502781439913415,1.957096198216775,2.0021862729053073,1.980790488503214,0.039512939139736226,1.9008680252813044,2.0607129517251237,1.980790488503214,0.039899362830726384,1.8997904756884192,2.0617905013180087,1,1,1,12.031677559830685,1.0077
551,1444706,2.0,2.0098844012981747,0.0120005304311552,1.9863637938577337,2.0334050087386157,2.000399800555913,0.058947045590333896,1.8811681466773515,2.119631454434474,2.000399800555913,0.060535102128125635,1.877507009788161,2.123292591323665,1,1,1,25.445657294707182,1.0045
552,1445706,2.0,2.016458452568169,0.01135916272046852,1.9941949027415204,2.038722002394817,2.023358010072886,0.04086318505666052,1.940704416694997,2.106011603450775,2.023358010072886,0.03922333110289687,1.9437304146285068,2.102985605517265,1,1,1,11.923295470816672,1.0544
553,1446706,2.0,1.9412968297663313,0.011888585030876182,1.917995631278672,1.9645980282539908,1.9473927063337626,0.05592894480479228,1.834265737509872,2.060519675157653,1.9473927063337626,0.05088309790197788,1.844094525869019,2.050690886798506,0,1,1,18.31836685744396,1.043
554,1447706,2.0,1.9772247421331073,0.011659248479023639,1.9543730350274175,2.0000764492387972,1.9795570457885534,0.04717138126549756,1.8841439212172393,2.0749701703598675,1.9795570457885534,0.047543192999783636,1.8830392327453565,2.0760748588317504,1,1,1,16.627829980855658,0.9414
555,1448706,2.0,1.9431443231019672,0.01168845800398745,1.9202353663793428,1.9660532798245915,1.9475004217973548,0.0493813633461878,1.8476171865379847,2.047383657056725,1.9475004217973548,0.049652753681381064,1.8466999728893216,2.048300870705388,0,1,1,18.045637802965025,1.1754
556,1449706,2.0,1.960176605511442,0.011697477807608936,1.937249970298572,1.983103240724312,1.9556789020383503,0.0532188439904457,1.8480336295240227,2.063324174552678,1.9556789020383503,0.05360027651588222,1.846864555727047,2.0644932483496534,0,1,1,20.996630254005698,1.027
557,1450706,2.0,2.0167463763846625,0.011401446236308305,1.9943999523898284,2.0390928003794966,2.0134042874023854,0.05107799783119148,1.910089284975577,2.1167192898291938,2.0134042874023854,0.05213636741573531,1.9075618345615284,2.1192467402432427,1,1,1,20.910366737550405,0.9378
558,1451706,2.0,1.9147524881579492,0.012146003342079313,1.8909467590513707,1.9385582172645277,1.9107404791220486,0.06090067889029989,1.7875572289065647,2.0339237293375327,1.9107404791220486,0.060475018510154514,1.7879696645834977,2.0335112936605997,0,1,1,24.790496643756942,1.0883
559,1452706,2.0,1.9322133643715755,0.011671266560074106,1.9093381022598637,1.9550886264832874,1.92791615840285,0.044016371112183296,1.8388846442212683,2.0169476725844313,1.92791615840285,0.043737596972815616,1.8391241160257188,2.016708200779981,0,1,1,14.043451564441298,1.0344
560,1453706,2.0,2.00725492340956,0.011638683768393668,1.9844435223960575,2.0300663244230623,1.9979438329577826,0.04873823022571297,1.8993614572215718,2.0965262086939935,1.9979438329577826,0.04878223757211264,1.898910625704845,2.09697704021072,1,1,1,17.567731990484397,1.0015
561,1454706,2.0,1.917327764749733,0.01184427537860023,1.894113411584702,1.9405421179147642,1.9221711812800892,0.05677370293252223,1.8073355278616121,2.037006834698566,1.9221711812800892,0.05658579659958942,1.8072959069769015,2.037046455583277,0,1,1,22.82432149427718,1.0252
562,1455706,2.0,1.9601530131387221,0.011333750457163666,1.937939270432917,1.9823667558445273,1.9618536510115092,0.039965103061069096,1.8810165999315513,2.042690702091467,1.9618536510115092,0.038575333248125024,1.8835415611495916,2.040165740873427,0,1,1,11.584360940866125,0.9638
563,1456706,2.0,2.0150692605441267,0.011560507438201268,1.9924110823222447,2.0377274387660087,2.0161486784048455,0.04519570351235509,1.9247317392857313,2.1075656175239597,2.0161486784048455,0.04548128344303011,1.923816764300149,2.108480592509542,1,1,1,15.477885453457862,1.1597
564,1457706,2.0,1.9467880827614157,0.012012321225420581,1.9232443657888654,1.970331799733966,1.9386055991971456,0.051113098417027464,1.8352195991340787,2.0419915992602125,1.9386055991971456,0.05228578189971628,1.8324598188277634,2.0447513795665277,0,1,1,18.945817057397495,1.0435
565,1458706,2.0,2.063655938418419,0.011675285090036994,2.040772800132709,2.0865390767041294,2.058097385015919,0.04151122706760133,1.9741330029466977,2.1420617670851407,2.058097385015919,0.040258247272266075,1.9763687980510292,2.1398259719808093,0,1,1,11.889805162413207,1.0677
566,1459706,2.0,1.9583317368625657,0.012007746194698606,1.9347969867854584,1.981866486939673,1.9594263168150408,0.059314511671036685,1.8394513926316205,2.079401240998461,1.9594263168150408,0.05997959279648624,1.837661269945667,2.0811913636844146,0,1,1,24.950774233163415,0.9738
567,1460706,2.0,2.0431832602780986,0.011596627889649814,2.020454287272272,2.065912233283925,2.0435691709106085,0.04741031643644584,1.94767275433854,2.139465587482677,2.0435691709106085,0.04798322260626829,1.9461580502746223,2.1409802915465947,0,1,1,17.120458093929432,1.0178
568,1461706,2.0,2.005122482972887,0.01144482173159786,1.9826910445694739,2.0275539213763003,1.9974334226844606,0.04822154184528468,1.8998961478438305,2.0949706975250906,1.9974334226844606,0.04917647783557684,1.8975998651470287,2.0972669802218924,1,1,1,18.4627664263293,1.1618
569,1462706,2.0,1.9360436321315446,0.011773264443406843,1.9129684578420012,1.959118806421088,1.927710401543013,0.04953802788009061,1.827510282353426,2.0279105207326005,1.927710401543013,0.04931838379942055,1.8275887595833162,2.02783204350271,0,1,1,17.547848411562725,0.9863
570,1463706,2.0,1.976980855524089,0.011746391951396236,1.9539583503510614,2.000003360697117,1.9846699532310965,0.055061239184897505,1.873298084685832,2.096041821776361,1.9846699532310965,0.052228471384485796,1.8786405193930558,2.0906993870691375,1,1,1,19.7699537761252,1.1079
571,1464706,2.0,1.9496925808815908,0.01193908184109875,1.9262924104645611,1.9730927512986205,1.9486275912853284,0.06028620711295624,1.8266872275544963,2.0705679550161604,1.9486275912853284,0.06079292648771771,1.8252113892410724,2.0720437933295845,0,1,1,25.92771486329395,1.026
572,1465706,2.0,2.046158415030635,0.011457912020596645,2.0237013201322367,2.068615509929033,2.0564382032382027,0.04211008732148236,1.9712625119710852,2.14161389450532,2.0564382032382027,0.04139507808148112,1.9724017270344458,2.1404746794419593,0,1,1,13.05228192484339,0.9455
573,1466706,2.0,1.9987272655103774,0.011943419336157994,1.9753185937592483,2.022135937261506,2.0006254248695465,0.05846588526007427,1.8823670096220833,2.11888384011701,2.0006254248695465,0.05975720582231722,1.8793118475595727,2.1219390021795204,1,1,1,25.0335939064869,1.0986
574,1467706,2.0,2.041254863956315,0.011809292957430296,2.018109075076869,2.0644006528357606,2.0248893649980015,0.05398588186960433,1.9156926119301756,2.1340861180658273,2.0248893649980015,0.050434468353246276,1.9225019509369852,2.127276779059018,0,1,1,18.23925526180542,0.9659
575,1468706,2.0,1.9545572543977985,0.011528702417072951,1.9319614128718556,1.9771530959237413,1.958142953520931,0.04469273522862038,1.8677433637823935,2.0485425432594684,1.958142953520931,0.04553424589608325,1.8657035199203917,2.0505823871214703,0,1,1,15.599670985426293,0.9504
576,1469706,2.0,1.9880751334651143,0.011785603619548784,1.9649757748347338,2.011174492095495,1.9972070806195779,0.055110835920638465,1.8857348932072666,2.108679268031889,1.9972070806195779,0.052394427971758986,1.8908407369979685,2.1035734242411874,1,1,1,19.763622289043877,1.0077
577,1470706,2.0,1.99190278249413,0.011689779227198117,1.9689912362215973,2.0148143287666627,1.9839197344924233,0.05005488909777216,1.8826741648109127,2.085165304173934,1.9839197344924233,0.049722592211686525,1.8829775058303198,2.084861963154527,1,1,1,18.092346862362056,1.0426
578,1471706,2.0,2.021901960082877,0.011700081479323847,1.998970221767218,2.0448336983985356,2.0208886373454,0.04957460286517369,1.9206145382655846,2.121162736425215,2.0208886373454,0.05029510402659626,1.918784147908831,2.1229931267819686,1,1,1,18.478795068696268,1.029
579,1472706,2.0,1.9903241578161113,0.011664177944265892,1.9674627891360836,2.0131855264961387,1.9879880727130366,0.049073697653285064,1.8887271500571077,2.0872489953689657,1.9879880727130366,0.048616573303702726,1.8892911818048257,2.0866849636212472,1,1,1,17.372423844265718,1.1042
580,1473706,2.0,2.0474036467536685,0.011788224372663502,2.024299151541571,2.070508141965766,2.052298925519826,0.048710434049638235,1.9537727728565732,2.150825078183079,2.052298925519826,0.04986791399155798,1.951061677960258,2.1535361730793943,0,1,1,17.895573328003568,0.9465
581,1474706,2.0,1.9125850382433445,0.011776426122657698,1.8895036671763388,1.9356664093103502,1.9182272604028228,0.05553790504205242,1.8058912441563995,2.030563276649246,1.9182272604028228,0.056648471326370776,1.8032247496398952,2.0332297711657503,0,1,1,23.13925465768334,1.0312
582,1475706,2.0,1.9703413999477315,0.01188897967070263,1.9470394279802254,1.9936433719152375,1.97439428294155,0.06210624783612498,1.8487725393658672,2.1000160265172325,1.97439428294155,0.05875047677976548,1.8551244742424604,2.0936640916406395,0,1,1,24.419323140719065,0.978
583,1476706,2.0,2.093729621826897,0.011465893538450225,2.071256883440964,2.1162023602128297,2.0882544332618163,0.0493553137941508,1.9884238881948224,2.1880849783288103,2.0882544332618163,0.04871831119901021,1.9893510034457382,2.1871578630778945,0,1,1,18.05380055835345,1.0944
584,1477706,2.0,2.051839453123094,0.011429626491280402,2.0294377968434394,2.0742411094027484,2.054346190684361,0.04103028570330551,1.9713546043457708,2.1373377770229514,2.054346190684361,0.039292122890534714,1.9745789404864997,2.1341134408822224,0,1,1,11.818079597422127,1.1458
585,1478706,2.0,2.0532669115265367,0.012037878313826135,2.0296731035811617,2.0768607194719118,2.071393266466238,0.062235230690526736,1.9455106304421164,2.1972759024903596,2.071393266466238,0.06287325192395152,1.9437537792605428,2.199032753671933,0,1,1,27.279220052661053,0.8517
586,1479706,2.0,2.011548152188873,0.011379243417768754,1.9892452449187317,2.033851059459014,2.0084855849807406,0.03899408089239026,1.9296126116245238,2.087358558336957,2.0084855849807406,0.039791433610108,1.9277046801324131,2.089266489829068,1,1,1,12.227914604706237,0.9524
587,1480706,2.0,2.039217224199405,0.011845588818969518,2.0160002967385546,2.0624341516602556,2.046794871974218,0.04186466546233878,1.9621155932731686,2.1314741506752672,2.046794871974218,0.038550291617915594,1.9685336193243248,2.1250561246241113,0,1,1,10.59112340710303,1.0231
588,1481706,2.0,1.9968012722357342,0.011455230331512557,1.9743494333513587,2.0192531111201095,2.003324615208229,0.04814625216194399,1.9059396281264644,2.100709602289993,2.003324615208229,0.0480887873838968,1.905699186680235,2.1009500437362227,1,1,1,17.623006438112437,1.0201
589,1482706,2.0,2.045707215445325,0.012041836626188475,2.02210564935028,2.0693087815403697,2.046323190105672,0.05598469673993789,1.9330834523487883,2.1595629278625563,2.046323190105672,0.055190416653481254,1.9342806876940002,2.1583656925173442,0,1,1,21.005928550739814,0.8717
590,1483706,2.0,2.0944655894156274,0.011633943005226082,2.0716634801271927,2.117267698704062,2.103379841814605,0.053424312309087625,1.9953189703978054,2.2114407132314047,2.103379841814605,0.0515248953899157,1.9987787431812676,2.2079809404479422,0,1,1,19.614641447841255,1.0622
591,1484706,2.0,1.9070216738537522,0.012008021440757414,1.8834863843042828,1.9305569634032216,1.9022846906814408,0.06054563938336721,1.7798195756528838,2.0247498057099977,1.9022846906814408,0.061907721683279876,1.7766053340722987,2.027964047290583,0,1,1,26.579495509931117,1.0909
592,1485706,2.0,2.1008926900163787,0.011375161964388666,2.078597782247867,2.12318759778489,2.096531082836569,0.04367413804763193,2.0081918003671917,2.184870365305946,2.096531082836569,0.04084735819016496,2.0136065371266336,2.179455628546504,0,0,0,12.89474533135794,1.0201
593,1486706,2.0,2.0953609531614585,0.011474680623403568,2.072870992405488,2.117850913917429,2.084457411474122,0.044127949298369586,1.9952002091084673,2.1737146138397767,2.084457411474122,0.041094126223309276,2.0010319000236616,2.167882922924582,0,1,0,12.825617623514793,0.9964
594,1487706,2.0,1.9444127122111554,0.011780579077424462,1.9213232015023773,1.9675022229199335,1.9394789657486142,0.05577476807447609,1.8266638487972153,2.0522940827000133,1.9394789657486142,0.05614367917113628,1.8255012375421469,2.0534566939550816,0,1,1,22.712684102790426,0.9486
595,1488706,2.0,1.9956881422577222,0.011696505452014653,1.972763412826797,2.018612871688647,2.003943380572816,0.050307318841870945,1.9021872235399693,2.1056995376056626,2.003943380572816,0.051017151690169446,1.9003730564498527,2.1075137046957795,1,1,1,19.0248026770305,0.9097
596,1489706,2.0,1.978604761578845,0.01167859600816173,1.9557151340128547,2.001494389144835,1.982698196516425,0.0544116010951938,1.8726403450365143,2.092756047996336,1.982698196516425,0.05427290202072732,1.8725183478349925,2.0928780451978577,1,1,1,21.596571819080573,0.9514
597,1490706,2.0,1.9819151139821038,0.011587293372298042,1.9592044362941001,2.0046257916701076,1.9781847573594076,0.04430302891132384,1.8885734230503468,2.0677960916684683,1.9781847573594076,0.042301153898715534,1.8923088494554874,2.064060665263328,1,1,1,13.32724627260746,0.9872
598,1491706,2.0,1.9474046685025546,0.011905756545541404,1.9240698144645914,1.9707395225405178,1.951126856390435,0.05191633465846636,1.8461161576751652,2.0561375551057046,1.951126856390435,0.05264920307867096,1.8442432918043627,2.0580104209765073,0,1,1,19.5555307956048,1.0229
599,1492706,2.0,2.0338721509676345,0.01157353884969229,2.0111884316485624,2.0565558702867066,2.0268695030317776,0.04670605463707001,1.9323975904066353,2.12134141565692,2.0268695030317776,0.04783646596078771,1.929756314225305,2.1239826918382505,0,1,1,17.083853066296836,1.0347
600,1493706,2.0,1.9658111686123683,0.01163955516983995,1.9429980596834149,1.9886242775413216,1.9715729270571525,0.04630410767562393,1.8779140289012635,2.0652318252130413,1.9715729270571525,0.04510664475641523,1.8800015699203823,2.063144284193923,0,1,1,15.017867924442834,0.9349
601,1494706,2.0,2.0992296259591554,0.011544590199012996,2.076602644952816,2.121856606965495,2.104118719566073,0.042518345914691266,2.018117247349445,2.190120191782701,2.104118719566073,0.035179527029388494,2.0327004828316144,2.175536956300532,0,0,0,9.285877498242346,0.9428
602,1495706,2.0,1.92558045702175,0.011745708985196234,1.902559290437877,1.9486016236056232,1.9245083832529057,0.04661329199874006,1.830224100774032,2.0187926657317794,1.9245083832529057,0.046497073406554866,1.8301143058898206,2.018902460615991,0,1,1,15.670857604753982,0.9386
603,1496706,2.0,2.0280224247339698,0.01148899181885712,2.0055044145503347,2.050540434917605,2.029020480294884,0.03810489042558527,1.951946064422057,2.106094896167711,2.029020480294884,0.03856461165662278,1.9507301564208783,2.1073108041688893,0,1,1,11.267150215308593,1.1615
604,1497706,2.0,1.9086493866153285,0.011488587100825953,1.8861321696644582,1.9311666035661987,1.9030035141873296,0.03539264149344933,1.8314151396024134,1.9745918887722458,1.9030035141873296,0.03503828206916921,1.8318720199664373,1.9741350084082219,0,0,0,9.301486640240398,1.0354
605,1498706,2.0,1.9234784996985619,0.011694738052847807,1.9005572343063502,1.9463997650907736,1.9152524855722366,0.055432973240101796,1.8031287139288419,2.0273762572156313,1.9152524855722366,0.05654184852493109,1.800466430603844,2.030038540540629,0,1,1,23.375397690899735,0.8426
606,1499706,2.0,1.9433467014462127,0.011972944128982844,1.919880162164496,1.9668132407279293,1.9426398811231864,0.05755597047525852,1.8262219422489772,2.059057819997396,1.9426398811231864,0.05824281733932978,1.8244006758789766,2.0608790863673963,0,1,1,23.663710168557643,1.1826
607,1500706,2.0,2.017322733684178,0.01162748795810903,1.9945332760556111,2.040112191312745,2.0166346813780693,0.04756011907618831,1.920435260366796,2.1128341023893427,2.0166346813780693,0.04441941110556235,1.926458482724456,2.106810880031683,1,1,1,14.593981664505494,1.0331
608,1501706,2.0,2.0107335810290916,0.011662202130215234,1.9878760848734434,2.03359107718474,2.0184559528568453,0.05396391711225575,1.9093036277042692,2.127608278009421,2.0184559528568453,0.05338065299662329,1.9100874659932199,2.1268244397204707,1,1,1,20.951090629684565,1.0229
609,1502706,2.0,1.9778154430482726,0.011494355688940033,1.9552869198724572,2.0003439662240883,1.9755915636688124,0.03785836899186867,1.8990157844615583,2.0521673428760665,1.9755915636688124,0.036339738413912456,1.9018179726041853,2.0493651547334397,1,1,1,9.995265379654674,1.0962
610,1503706,2.0,1.9703055943451857,0.011907334060964935,1.9469676484338074,1.993643540256564,1.963860654540885,0.058246141553888665,1.8460467128926585,2.0816745961891114,1.963860654540885,0.05789891986299568,1.8463195982898861,2.0814017107918836,0,1,1,23.643504416828424,0.9586
611,1504706,2.0,2.0661477298382085,0.011707517374098647,2.043201417436598,2.089094042239819,2.0766160409717247,0.05690341555132967,1.9615180190169716,2.191714062926478,2.0766160409717247,0.057613300772407484,1.9596548223009886,2.1935772596424608,0,1,1,24.216751932221992,0.9152
612,1505706,2.0,2.0217447610681,0.011593675225600527,1.9990215751774687,2.0444679469587315,2.022699889599449,0.04230408882523224,1.9371317932522232,2.108267985946675,2.022699889599449,0.04219161594150197,1.9370463555709123,2.1083534236279857,1,1,1,13.243722060255632,1.0877
613,1506706,2.0,1.9485020211239221,0.01180430016222331,1.9253660179432641,1.9716380243045801,1.9532426570514154,0.046619413893091814,1.858945991872423,2.0475393222304077,1.9532426570514154,0.046369020462126556,1.85910854098605,2.047376773116781,0,1,1,15.430334988648845,0.9403
614,1507706,2.0,1.978482824384744,0.011742367333886283,1.9554682073170873,2.001497441452401,1.9773767277951477,0.04294001596975391,1.890522347386893,2.0642311082034026,1.9773767277951477,0.04326186349270046,1.8895504757277324,2.065202979862563,1,1,1,13.57372733154497,1.1839
615,1508706,2.0,2.033089153632287,0.011556528911133927,2.0104387731801685,2.055739534084405,2.0413150675653196,0.0431026451431094,1.9541317386047856,2.1284983965258535,2.0413150675653196,0.03918210749066293,1.9617711605029675,2.1208589746276716,0,1,1,11.495312000855172,0.9673
616,1509706,2.0,1.965337297382933,0.01148097661811154,1.9428349967040879,1.9878395980617782,1.9668430678304665,0.046684459097520045,1.8724148363070852,2.061271299353848,1.9668430678304665,0.045577906684223395,1.8743149981177702,2.0593711375431627,0,1,1,15.759813901348195,0.9606
617,1510706,2.0,1.9116477878406246,0.011481798183274878,1.8891438769236484,1.9341516987576008,1.8973027616572202,0.053161350081986955,1.7897737815494896,2.0048317417649506,1.8973027616572202,0.05014085761271229,1.7955114090883815,1.999094114226059,0,1,0,19.07057105362472,1.0129
618,1511706,2.0,1.9885219042455278,0.011457036410689772,1.9660665255110117,2.010977282980044,1.9918954380695362,0.04179275641468758,1.9073616091462395,2.076429266992833,1.9918954380695362,0.040616584339259396,1.9094393881839569,2.0743514879551155,1,1,1,12.567885356518138,1.0229
619,1512706,2.0,1.9932356696234363,0.011446971301078381,1.970800018141259,2.0156713211056134,2.002912489090273,0.04344953001629972,1.9150275192464388,2.090797458934107,2.002912489090273,0.043074287553470134,1.9154670364242383,2.0903579417563076,1,1,1,14.159731490670545,0.9551
620,1513706,2.0,1.9374966054740534,0.011556370623707304,1.9148465352595905,1.9601466756885164,1.941177389118567,0.04767511024788176,1.8447453765084252,2.037609401728709,1.941177389118567,0.047779631232211524,1.8441795809451769,2.0381751972919573,0,1,1,17.09395922736377,0.9304
621,1514706,2.0,2.0074899897290672,0.011572934043409505,1.9848074558085271,2.0301725236496075,2.012526243641883,0.04553862475921768,1.9204156808304522,2.1046368064533136,2.012526243641883,0.045102718663349764,1.920962856897772,2.104089630385994,1,1,1,15.18862589881679,0.9952
622,1515706,2.0,2.0039759149162824,0.011557141236854238,1.9813243343278053,2.0266274955047594,2.0076680383861762,0.05652995829991175,1.893325405022888,2.1220106717494644,2.0076680383861762,0.05508637260039414,1.8958367566315637,2.119499320140789,1,1,1,22.718910947690976,1.0549
623,1516706,2.0,2.0426787890323297,0.0118577239183298,2.0194380772137843,2.065919500850875,2.0481618002243915,0.0559596706935322,1.9349726824243367,2.1613509180244463,2.0481618002243915,0.05725159987851327,1.9319348734060053,2.1643887270427777,0,1,1,23.311627015308495,0.9353
624,1517706,2.0,2.0514923191379504,0.011545471076435424,2.028863611643588,2.0741210266323127,2.0516556047332783,0.05480230809037986,1.94080747376181,2.162503735704747,2.0516556047332783,0.05317966843399396,1.9436951382237027,2.159616071242854,0,1,1,21.21621634191299,0.954
625,1518706,2.0,2.0050843943240646,0.011655862188852062,1.9822393242251524,2.027929464422977,1.9908223992347542,0.043815530330057695,1.9021971238795512,2.0794476745899573,1.9908223992347542,0.04353116888036435,1.902449428164722,2.0791953703047863,1,1,1,13.947997139600652,1.0655
626,1519706,2.0,2.0616819042655963,0.011803836863884733,2.038546809132996,2.0848169993981966,2.056498283708929,0.0553222678450732,1.944598434862858,2.1683981325550006,2.056498283708929,0.055925770555585355,1.9429629335105258,2.1700336339073325,0,1,1,22.447994944711244,1.0919
627,1520706,2.0,2.0131077506972894,0.01128314462155952,1.990993193606676,2.035222307787903,2.006614030809674,0.035631957854083636,1.9345415931950862,2.0786864684242614,2.006614030809674,0.0348578404360919,1.9358488525786783,2.0773792090406693,1,1,1,9.544224485636478,0.9869
628,1521706,2.0,2.0417593976795168,0.012070191501237587,2.0181022570505895,2.065416538308444,2.03903325867112,0.06444021270631767,1.9086906255448137,2.169375891797426,2.03903325867112,0.0643722384249198,1.9083506670854689,2.169715850256771,0,1,1,28.44257430471519,1.045
629,1522706,2.0,1.981862626675099,0.01130575037032905,1.9597037631310537,2.004021490219144,1.9872618907821649,0.04120289962075698,1.9039211598400736,2.070602621724256,1.9872618907821649,0.040604006595692035,1.9048313750735213,2.0696924064908084,1,1,1,12.898493679261312,0.9981
630,1523706,2.0,2.031628400876783,0.011545218961570618,2.0090001875184758,2.05425661423509,2.0326189551789895,0.04380246612376792,1.9440201046752263,2.1212178056827526,2.0326189551789895,0.0400983149392505,1.951215048111338,2.114022862246641,0,1,1,12.062793606831963,0.9695
631,1524706,2.0,1.9859424433388755,0.011607020110305448,1.9631931019548448,2.0086917847229064,1.9857431925984002,0.04488399440785165,1.8949567446546578,2.0765296405421423,1.9857431925984002,0.04570548545729393,1.892956124207017,2.0785302609897833,1,1,1,15.505835721012676,1.1027
632,1525706,2.0,2.049138395561313,0.011470594806980951,2.0266564428583784,2.071620348264248,2.0464820524850063,0.04824709201063796,1.9488930975569108,2.144071007413102,2.0464820524850063,0.049128649557572256,1.9467455915139462,2.1462185134560663,0,1,1,18.34415770319476,0.9375
633,1526706,2.0,1.9554414258552506,0.01151999121263707,1.932862657976264,1.9780201937342372,1.9523477316461577,0.04410384474446251,1.8631392853428224,2.041556177949493,1.9523477316461577,0.04506252414925843,1.8608659441037756,2.04382951918854,0,1,1,15.301243765402054,1.0081
634,1527706,2.0,2.078869658640326,0.011552805553103998,2.0562265758358476,2.1015127414448043,2.086271975625903,0.04671498753813988,1.9917819945028772,2.180761956748929,2.086271975625903,0.04740195445690794,1.9900408920683728,2.182503059183434,0,1,1,16.83517246908615,0.9273
635,1528706,2.0,1.8791793672010788,0.011695036283972336,1.8562575172866038,1.9021012171155538,1.88436796822623,0.04258722320758047,1.7982271785346782,1.9705087579177818,1.88436796822623,0.03959327420486822,1.8039893483575373,1.9647465880949226,0,0,0,11.461453273526795,0.9944
636,1529706,2.0,1.9957610082796469,0.011939646280646081,1.972359731581433,2.019162284977861,2.008280860540241,0.05634328372805497,1.8943158121384491,2.1222459089420327,2.008280860540241,0.05534827407235753,1.895917890530975,2.120643830549507,1,1,1,21.48944721901922,0.9309
637,1530706,2.0,2.0028665610459475,0.01172764779475103,1.9798807937448648,2.02585232834703,2.0034621326741457,0.047712560771923755,1.9069543692290734,2.099969896119218,2.0034621326741457,0.04828812364564716,1.9054320300207845,2.1014922353275067,1,1,1,16.953478927715786,1.114
638,1531706,2.0,2.036785021105678,0.011822458615526919,2.01361342801053,2.0599566142008263,2.026083109293226,0.05209035816088667,1.9207204148197377,2.131445803766714,2.026083109293226,0.052589774993109135,1.9193201901348134,2.132846028451638,0,1,1,19.787321969968378,1.0512
639,1532706,2.0,1.9875070209179737,0.01171265343497881,1.9645506420220158,2.0104633998139314,1.9908410437050839,0.05449458126479234,1.880615348989583,2.1010667384205846,1.9908410437050839,0.054676740913879245,1.8798413584849278,2.10184072892524,1,1,1,21.79187773068193,1.0456
640,1533706,2.0,2.0308669142095543,0.012288597615625087,2.006781705462424,2.0549521229566845,2.031639821993815,0.061105047956347025,1.9080431963241011,2.155236447663529,2.031639821993815,0.06284741983102918,1.9040527767247648,2.159226867262865,0,1,1,26.155935511386602,1.127
641,1534706,2.0,1.9309705004403215,0.011794807628712671,1.9078531022834664,1.9540878985971766,1.9261568974249077,0.05853338989098667,1.8077619411734374,2.044551853676378,1.9261568974249077,0.06027372299355666,1.8037947345105234,2.048519060339292,0,1,1,26.114054831563962,1.0297
642,1535706,2.0,1.9760086031885027,0.011543723335254922,1.9533833212039085,1.998633885173097,1.9733744765435501,0.043177415076333756,1.8860399111179915,2.0607090419691088,1.9733744765435501,0.044211069989465966,1.8836212328415045,2.0631277202455958,0,1,1,14.667977405273994,0.9544
643,1536706,2.0,1.9499056651379134,0.011837717677735504,1.9267041648303986,1.9731071654454282,1.9541189259117042,0.05634297816938856,1.8401544955606526,2.068083356262756,1.9541189259117042,0.056959616235396304,1.8384847574021292,2.069753094421279,0,1,1,23.152513865560806,0.9851
644,1537706,2.0,1.8896046396165354,0.011659299308889265,1.8667528328861396,1.9124564463469311,1.893693030352216,0.05841695222031433,1.7755335915199648,2.011852469184467,1.893693030352216,0.05719742216051367,1.7775760901486752,2.0098099705557564,0,1,1,24.066227025223306,0.8843
645,1538706,2.0,2.0165172552385044,0.011750704760120684,1.9934862971157046,2.0395482133613045,2.0263701873120907,0.04553940746315584,1.9342580413325112,2.1184823332916705,2.0263701873120907,0.044400072128453295,1.9362332488692306,2.116507125754951,1,1,1,14.277084239454902,1.0616
646,1539706,2.0,2.016851016523521,0.01122782770618426,1.994844878594779,2.038857154452263,2.0231043853885553,0.034647447375081304,1.9530233081805268,2.093185462596584,2.0231043853885553,0.035116237903445924,1.9518146324104446,2.094394138366666,1,1,1,9.78192854083631,1.0018
647,1540706,2.0,2.024284095382656,0.011391835200554767,2.001956508671753,2.0466116820935594,2.030584359438737,0.040757969389055626,1.9481435848363582,2.1130251340411164,2.030584359438737,0.03983174121938421,1.9497216257932493,2.111447093084225,0,1,1,12.225628540444317,0.9647
648,1541706,2.0,1.9665999260353617,0.01156968553626169,1.9439237590718348,1.9892760929988886,1.9632281910788856,0.0438337661702035,1.8745660302554004,2.0518903519023706,1.9632281910788856,0.044381306657750655,1.8731293485668763,2.053327033590895,0,1,1,14.714891318859578,1.0382
649,1542706,2.0,2.03662170660803,0.011739409364463544,2.013612887053909,2.059630526162151,2.034987485605848,0.055747920547350616,1.9222266729037913,2.147748298307905,2.034987485605848,0.05586990890232686,1.92156554059261,2.148409430619086,0,1,1,22.649751010481072,0.881
650,1543706,2.0,1.9850047860462126,0.011783813851345151,1.9619089352970518,2.008100636795373,1.997891008071404,0.04562991539598115,1.9055957925179074,2.090186223624901,1.997891008071404,0.04456795657520278,1.907413246082168,2.08836877006064,1,1,1,14.304533458937115,1.0263
651,1544706,2.0,2.0236963830272394,0.011671206202577418,2.000821239214047,2.046571526840432,2.0277530245779025,0.0484638455830904,1.929725644166922,2.125780404988883,2.0277530245779025,0.046300059342626994,1.9337589070279741,2.121747142127831,0,1,1,15.737350270547385,1.0175
652,1545706,2.0,1.9821369624339351,0.011622622684006512,1.9593570405673841,2.0049168843004863,1.9800731157855078,0.045540740606692755,1.8879582732686009,2.0721879583024148,1.9800731157855078,0.046589670495954194,1.8854910563371001,2.0746551752339153,1,1,1,16.068339516421293,0.8825
653,1546706,2.0,1.9200095120007505,0.011874675987717388,1.8967355747367418,1.9432834492647593,1.9110127340506522,0.0548590347198862,1.800049862640757,2.0219756054605473,1.9110127340506522,0.05139693224467582,1.80667141441299,2.015354053688314,0,1,1,18.734014800883635,0.9129
654,1547706,2.0,2.030099619559195,0.011602251500851684,2.00735962447795,2.05283961464044,2.0364804747708076,0.04814862006400592,1.939090698155043,2.1338702513865724,2.0364804747708076,0.048776251915529006,1.9374594190467562,2.135501530494859,0,1,1,17.67389616938758,1.0191
655,1548706,2.0,2.001055750159589,0.011575051378485138,1.9783690663385576,2.0237424339806207,2.0093444757900647,0.03808283179615614,1.9323146777066924,2.086374273873437,2.0093444757900647,0.03459081835009193,1.9391213812128756,2.079567570367254,1,1,1,8.930500899373794,0.8862
656,1549706,2.0,1.9736731482052539,0.01163373674767214,1.9508714431741963,1.9964748532363115,1.9693116296055992,0.05315943189032332,1.8617865294067297,2.076836729804469,1.9693116296055992,0.05102275135990093,1.8657299375487184,2.07289332166248,0,1,1,19.234871235710827,1.1338
657,1550706,2.0,1.960059000369484,0.011537282910004,1.9374463413864267,1.9826716593525413,1.9611296304647876,0.04554602209838222,1.8690041051225963,2.053255155806979,1.9611296304647876,0.046821307860879166,1.8660773221653668,2.0561819387642086,0,1,1,16.469484160035524,0.9666
658,1551706,2.0,1.9700609673473317,0.011602310372769736,1.9473208568792475,1.992801077815416,1.9783540621186873,0.04063873654727216,1.896154458702754,2.060553665534621,1.9783540621186873,0.040467961442152915,1.8961997327548434,2.060508391482531,0,1,1,12.165604593141333,1.1269
659,1552706,2.0,2.0181893978179652,0.011490241986663235,1.9956689373504553,2.0407098582854752,2.0138007907370263,0.05340092732953642,1.9057872199060302,2.1218143615680227,2.0138007907370263,0.053842420495433904,1.9044948660130572,2.1231067154609953,1,1,1,21.95789988688402,0.9823
660,1553706,2.0,1.9946496694892497,0.01160361642704078,1.9719069992018325,2.017392339776667,1.9944194105452222,0.05388046520500138,1.8854358828077094,2.103402938282735,1.9944194105452222,0.05442127446926174,1.883938349779686,2.104900471310758,1,1,1,21.996353364845024,1.0048
661,1554706,2.0,1.9709920332160404,0.011548166009917319,1.9483580437491128,1.993626022682968,1.9722668454862793,0.03956474404044692,1.8922395969620887,2.05229409401047,1.9722668454862793,0.038846088954296074,1.8934050923186447,2.051128598653914,0,1,1,11.315364902109163,0.9592
662,1555706,2.0,2.0067747102895233,0.011607869208784708,1.9840237047030538,2.0295257158759927,2.011356964315749,0.050587718368820166,1.9090336457057597,2.1136802829257384,2.011356964315749,0.048930935056155124,1.912021885121546,2.1106920435099523,1,1,1,17.768960340757054,0.9792
663,1556706,2.0,2.034501348531859,0.012022182174913859,2.0109383044534486,2.0580643926102695,2.028996310905861,0.06079542174134746,1.906025963369832,2.1519666584418897,2.028996310905861,0.06207182682654312,1.9029838031443134,2.155008818667408,0,1,1,26.65768581881004,1.1561
664,1557706,2.0,2.0053031802284016,0.011701002926793986,1.9823696359088876,2.0282367245479156,2.0069206574819187,0.049025251550689104,1.9077577263178218,2.106083588646016,2.0069206574819187,0.0497615902129273,1.9058992586683103,2.107942056295527,1,1,1,18.085991609823107,0.912
665,1558706,2.0,2.0708162065995435,0.011661305716233404,2.0479604673830147,2.093671945816072,2.0694945366532327,0.04251423051773018,1.98350138861267,2.1554876846937954,2.0694945366532327,0.04371372099681649,1.980750965084272,2.1582381082221933,0,1,1,14.052098647108414,1.0679
666,1559706,2.0,2.0796951560853114,0.01138144263395979,2.0573879384306415,2.1020023737399813,2.0873492714065804,0.04598335844549737,1.9943391498060772,2.1803593930070835,2.0873492714065804,0.04467194105074306,1.996660409709135,2.178038133104026,0,1,1,15.405472374097121,1.023
667,1560706,2.0,2.020580912348887,0.011651156774486032,1.9977450646926644,2.043416760005109,2.0276710015489585,0.049727856767013696,1.9270869171934313,2.1282550859044855,2.0276710015489585,0.04842978419388161,1.9293533126935063,2.1259886904044105,1,1,1,17.277741639335485,0.9764
668,1561706,2.0,1.9855145095815419,0.012010393830108719,1.9619745702343867,2.0090544489286972,1.9729849269089155,0.06445190907697923,1.8426186356398748,2.103351218177956,1.9729849269089155,0.06606498185997958,1.8388658834552558,2.107103970362575,1,1,1,30.257158701501567,1.0739
669,1562706,2.0,2.05986427805216,0.01157795367261451,2.0371719058391626,2.0825566502651576,2.064017400983132,0.04741413782447965,1.9681132549241853,2.1599215470420785,2.064017400983132,0.04796937702696457,1.9666343883674613,2.1614004135988023,0,1,1,17.16581950870106,0.9564
670,1563706,2.0,1.989303869834963,0.011659816791892886,1.9664510488565177,2.0121566908134083,1.991965427829618,0.052654420847063746,1.8854618088824677,2.098469046776768,1.991965427829618,0.054167144372306665,1.8820002785887173,2.101930577070519,1,1,1,21.581838006322844,1.0053
671,1564706,2.0,1.9285263626555735,0.01154200286584481,1.9059044527290596,1.9511482725820875,1.928192592741778,0.04709496596223712,1.8329340327105208,2.0234511527730352,1.928192592741778,0.04273077233718921,1.8414445130397898,2.014940672443766,0,1,1,13.70626516289821,0.9352
672,1565706,2.0,2.083290344690184,0.011663124880719354,2.060431039976781,2.1061496494035867,2.0832576190986507,0.03859705878554929,2.0051876987529953,2.161327539444306,2.0832576190986507,0.03980615362811014,2.002446831025073,2.1640684071722283,0,0,0,11.648515395913646,0.8507
673,1566706,2.0,1.9752289654492565,0.011984967806419567,1.951738860192802,1.998719070705711,1.9776468953405189,0.0523030770123096,1.871853936377737,2.083439854303301,1.9776468953405189,0.05215867065137846,1.871759164524157,2.083534626156881,0,1,1,18.939969912311472,1.0806
674,1567706,2.0,2.0693659379590983,0.012005310238296022,2.045835962268808,2.0928959136493885,2.071883119817542,0.05459361942004814,1.9614571015246678,2.1823091381104156,2.071883119817542,0.05423499855656985,1.9617802192592035,2.1819860203758803,0,1,1,20.408566031692462,0.9995
675,1568706,2.0,2.070511875575437,0.011724738522198887,2.0475318103437776,2.093491940807096,2.0811935893629547,0.056670216477339524,1.9665672570577224,2.195819921668187,2.0811935893629547,0.05783329978514938,1.9637857489522441,2.198601429773665,0,1,1,24.330420378925513,0.8445
676,1569706,2.0,1.9672054834963393,0.011419157528662804,1.9448243460063708,1.9895866209863078,1.9723530143102583,0.04351020295178579,1.8843453218707245,2.060360706749792,1.9723530143102583,0.03781727933181628,1.8955798557138803,2.0491261729066363,0,1,1,10.96762100270277,0.9643
677,1570706,2.0,2.0153986367643757,0.011724220965177919,1.9924195859258376,2.038377687602914,2.017235160809522,0.047815494652847707,1.9205191939381407,2.1139511276809033,2.017235160809522,0.04909392735435598,1.9175691896584977,2.1169011319605464,1,1,1,17.534264818295554,0.9682
678,1571706,2.0,1.9917337297586832,0.011411383717786213,1.9693678286580554,2.014099630859311,1.9910295954490498,0.04014355626950586,1.9098315886847355,2.072227602213364,1.9910295954490498,0.03567579991468597,1.9186038711955729,2.0634553197025265,1,1,1,9.773965929229885,0.9913
679,1572706,2.0,2.0589063743682687,0.011631552211184604,2.03610895095005,2.0817037977864876,2.0602320211874794,0.04840433739203315,1.962325007454218,2.1581390349207408,2.0602320211874794,0.04916389633177816,1.9604240054606585,2.1600400369143,0,1,1,17.865584917875946,0.9847
680,1573706,2.0,1.9362010463753965,0.011864057064887346,1.9129479218176892,1.9594541709331037,1.9471940083748407,0.04931499141155383,1.847445023025,2.0469429937246812,1.9471940083748407,0.04803793350048278,1.849671818718748,2.0447161980309336,0,1,1,16.394651123622914,1.0275
681,1574706,2.0,1.97467299291759,0.011924279196705865,1.9513018351504463,1.9980441506847335,1.9716402754115565,0.0608078962285763,1.8486446958434777,2.0946358549796353,1.9716402754115565,0.06252453734980264,1.8447087164275375,2.0985718343955755,0,1,1,27.49392233183869,1.049
682,1575706,2.0,1.9703972392381177,0.011435033046186753,1.9479849863055663,1.9928094921706692,1.9738559513918683,0.04110195155248817,1.8907194071908597,2.056992495592877,1.9738559513918683,0.03808430678564166,1.8965406982444188,2.0511712045393176,0,1,1,11.09218902320812,1.0248
683,1576706,2.0,1.9157183889836271,0.011485118762484106,1.893207969850993,1.9382288081162613,1.9189419618566639,0.045287160241137735,1.8273400340426649,2.010543889670663,1.9189419618566639,0.04567540370604036,1.8262159626669963,2.0116679610463315,0,1,1,15.815896285599948,0.9552
684,1577706,2.0,2.0203966012024104,0.011541996577425332,1.997774703600972,2.0430184988038484,2.017697594153361,0.03815994257832866,1.9405118247910513,2.0948833635156703,2.017697594153361,0.035938453722762755,1.9447386543217222,2.0906565339849994,1,1,1,9.695202675591734,0.9617
685,1578706,2.0,1.9800822984803694,0.012303245920633284,1.9559683795829887,2.00419621737775,1.9878891894506703,0.06372953962525504,1.858984028312544,2.1167943505887967,1.9878891894506703,0.06355425066540352,1.858867201300825,2.1169111776005156,1,1,1,26.68393016114516,1.1006
686,1579706,2.0,2.029055001716391,0.011387243142196832,2.0067364152744847,2.0513735881582975,2.0292813589647065,0.03813863815496623,1.9521386818660889,2.1064240360633244,2.0292813589647065,0.036492666827929836,1.9551973067143278,2.1033654112150852,0,1,1,10.270084489514451,0.995
687,1580706,2.0,2.1068536329179772,0.011748669352838206,2.083826664120145,2.1298806017158096,2.101426868976673,0.05187860320901464,1.996492489321609,2.2063612486317368,2.101426868976673,0.052999748794385515,1.9938316587539142,2.2090220791994315,0,1,1,20.350273923331223,1.0011
688,1581706,2.0,2.042337485663212,0.011452662113259397,2.0198906803941172,2.064784290932307,2.0472135151437034,0.04034907166828135,1.9655998142483582,2.1288272160390487,2.0472135151437034,0.04145447921380121,1.9630564482302766,2.1313705820571305,0,1,1,13.101771809590085,1.0286
689,1582706,2.0,2.0078759798641097,0.011614510674271303,1.985111957244482,2.0306400024837377,2.0185394629006392,0.044301855517682516,1.9289305020042424,2.108148423797036,2.0185394629006392,0.042219702354124485,1.9328289104231615,2.104250015378117,1,1,1,13.213823439769092,1.0281
690,1583706,2.0,1.9532671699105464,0.011528405816975763,1.930671909710112,1.9758624301109808,1.9579931269826258,0.050276200328501115,1.8562999130842175,2.059686340881034,1.9579931269826258,0.05017697909592182,1.8561284439043433,2.0598578100609086,0,1,1,18.943948761069503,0.9976
691,1584706,2.0,2.0234332332574994,0.011828622381827969,2.000249559402392,2.0466169071126066,2.0202613888773717,0.05367792863086049,1.911687530029349,2.1288352477253945,2.0202613888773717,0.05496245204166532,1.9086816792315078,2.131841098523236,0,1,1,21.590557880261844,0.9766
692,1585706,2.0,2.0301528578372463,0.011752096778907796,2.0071191714077576,2.053186544266735,2.030934036935216,0.053521960992800856,1.9226756524125161,2.139192421457916,2.030934036935216,0.05423902982462915,1.9208229524676297,2.1410451214028026,0,1,1,21.300662289563657,0.9834
693,1586706,2.0,1.9606346705301427,0.011202166643866411,1.9386788273593487,1.9825905137009368,1.9690806370957255,0.036688493771760235,1.8948711538737608,2.0432901203176903,1.9690806370957255,0.03737787685402788,1.8931995129531984,2.0449617612382522,0,1,1,11.133333017974865,0.8692
694,1587706,2.0,1.959918596241434,0.011528042486329491,1.9373240481559806,1.9825131443268875,1.9582408736591086,0.040318152957555795,1.8766897117592072,2.03979203555901,1.9582408736591086,0.04040025521096204,1.8762239952519972,2.04025775206622,0,1,1,12.281660282516741,1.1337
695,1588706,2.0,2.0533927648173655,0.012168803613493899,2.0295423479999766,2.0772431816347545,2.0516263780767816,0.06960001857021937,1.9108470524804089,2.1924057036731543,2.0516263780767816,0.07033867078939621,1.9088312848446376,2.1944214713089254,0,1,1,33.411236579262784,0.9231
696,1589706,2.0,2.057547766643573,0.011702350576444824,2.0346115809792797,2.0804839523078664,2.063494677072886,0.048349623854565524,1.9656983319150636,2.1612910222307087,2.063494677072886,0.04782659237079661,1.9664015327197346,2.160587821426038,0,1,1,16.702930280344795,1.1084
697,1590706,2.0,1.999808932464592,0.011935610252850599,1.9764155662354979,2.023202298693686,1.9967969053966514,0.054508757411116944,1.8865425367186988,2.107051274074604,1.9967969053966514,0.05588951199212038,1.8833351639954052,2.1102586467978974,1,1,1,21.92660420952004,0.9611
698,1591706,2.0,2.0020620756774545,0.011557148534796564,1.9794104807852735,2.0247136705696356,2.0249968645937804,0.051796787424069124,1.9202279729840415,2.1297657562035193,2.0249968645937804,0.05301032490149961,1.9173801837321194,2.1326135454554414,1,1,1,21.038731066623594,0.9737
699,1592706,2.0,1.9998349293542514,0.01151700783990938,1.9772620087783637,2.0224078499301394,2.008113344848707,0.04756669819904246,1.9119006163053751,2.1043260733920395,2.008113344848707,0.046535408523894234,1.9136414430599809,2.1025852466374335,1,1,1,16.326298655079352,1.0833
700,1593706,2.0,2.043481041826015,0.011463822726724174,2.0210123621564837,2.0659497214955462,2.0502933239584435,0.04157382011339668,1.9662023355038345,2.1343843124130526,2.0502933239584435,0.041751447711741274,1.965533378942908,2.135053268973979,0,1,1,13.2642944719764,0.886
701,1594706,2.0,1.9686624066818235,0.01180663162309598,1.9455218339218237,1.9918029794418233,1.959732980322449,0.05922493924930288,1.8399392334631552,2.079526727181743,1.959732980322449,0.05923008153391345,1.839489522209537,2.0799764384353607,0,1,1,25.16706870707648,1.092
702,1595706,2.0,1.9394378872899223,0.011689591317444544,1.9165267093137388,1.9623490652661058,1.94261716605188,0.05223031640099175,1.8369713793169469,2.0482629527868133,1.94261716605188,0.0518583109945566,1.8373391977561588,2.0478951343476015,0,1,1,19.680588454575222,0.9959
703,1596706,2.0,1.9911170503639135,0.011558686207622935,1.9684624416883727,2.0137716590394543,1.9873205673792658,0.04110691757616256,1.9041739784472622,2.070467156311269,1.9873205673792658,0.0412732080009319,1.9035315005922484,2.071109634166283,1,1,1,12.75027361912448,1.016
704,1597706,2.0,2.0572272439501624,0.011584573159154067,2.0345218977819512,2.0799325901183736,2.047781738790102,0.05120736012123006,1.9442050764338374,2.1513584011463665,2.047781738790102,0.0504910370905512,1.945279484086992,2.150283993493212,0,1,1,18.996277681490373,1.1437
705,1598706,2.0,2.024156949532287,0.011705014828729866,2.0012155420294695,2.0470983570351047,2.023623153891417,0.043222138064227096,1.9361981276843296,2.1110481800985044,2.023623153891417,0.04443580457231921,1.9334136747309691,2.113832633051865,0,1,1,14.41193051977047,0.9315
706,1599706,2.0,1.9221055592190044,0.01188112422317824,1.8988189836457285,1.9453921347922802,1.9130103437068213,0.04974071554404371,1.8124002500197527,2.01362043739389,1.9130103437068213,0.05024243388397645,1.8110127803443672,2.0150079070692755,0,1,1,17.88241897784084,1.0569
707,1600706,2.0,2.0298378958769043,0.011619387910490948,2.007064314049942,2.052611477703867,2.0243974829069233,0.04665105361333371,1.930036820353085,2.1187581454607614,2.0243974829069233,0.047093484819355574,1.9287926260062125,2.1200023398076344,0,1,1,16.426882682157366,1.1403
708,1601706,2.0,2.0579604604700896,0.011375247769705032,2.035665384526248,2.0802555364139312,2.054720084853733,0.038650444083430706,1.9765421825507892,2.1328979871566767,2.054720084853733,0.03875376921072138,1.9760457507294635,2.1333944189780025,0,1,1,11.606630724013925,0.833
709,1602706,2.0,1.8792050249297547,0.011730255927790577,1.8562141457818477,1.9021959040776617,1.8798739755865659,0.04728968878407511,1.7842215514716528,1.975526399701479,1.8798739755865659,0.048258402218266314,1.7819042106385696,1.9778437405345621,0,0,0,16.925086717514105,1.1567
710,1603706,2.0,2.0266187775410804,0.011607453221650762,2.0038685872744115,2.0493689678077494,2.027012787402397,0.04595099441592226,1.9340681282306513,2.119957446574143,2.027012787402397,0.04338131748389204,1.9389440308404027,2.1150815439643917,0,1,1,13.967915221851658,0.989
711,1604706,2.0,1.9416531335662892,0.011602284415672973,1.91891307397318,1.9643931931593985,1.9349834905116208,0.04694840181041966,1.8400213844594475,2.029945596563794,1.9349834905116208,0.048275065354964286,1.8369798975977043,2.032987083425537,0,1,1,17.31245772417928,1.0339
712,1605706,2.0,1.9766532102094452,0.011720266446790834,1.953681910084522,1.9996245103343684,1.9753041138831748,0.057246452062560974,1.859512235091913,2.0910959926744366,1.9753041138831748,0.05864129028393405,1.8562559655549307,2.094352262211419,0,1,1,25.034104747625804,1.0004
713,1606706,2.0,2.0319702065214624,0.011627733420649681,2.0091802677951565,2.0547601452477684,2.0271208370054956,0.03573165668409148,1.954846739472713,2.099394934538278,2.0271208370054956,0.03392972571297273,1.9582398318322303,2.096001842178761,0,1,1,8.514723794980936,1.0536
714,1607706,2.0,1.9275676486681177,0.011487376186450116,1.9050528050658124,1.950082492270423,1.9271244049215415,0.038883760663539386,1.8484745752905178,2.005774234552565,1.9271244049215415,0.036015701829339844,1.8540086430962983,2.0002401667467846,0,1,1,9.829741055632482,0.9726
715,1608706,2.0,1.9398762721884748,0.011779078267484235,1.9167897030131273,1.9629628413638223,1.9470968924381236,0.060053905875086584,1.8256264023118436,2.0685673825644035,1.9470968924381236,0.05828335670554392,1.828775387905156,2.065418396971091,0,1,1,24.483105113398565,1.086
716,1609706,2.0,2.067504760484676,0.011642790360622478,2.044685310698306,2.090324210271046,2.064230923666364,0.05081784309638277,1.9614421338594579,2.1670197134732705,2.064230923666364,0.05189643431107008,1.9588755609235375,2.1695862864091904,0,1,1,19.868307990134817,0.8718
717,1610706,2.0,1.9402443858211411,0.011497249962049738,1.9177101899742692,1.962778581668013,1.9360181179911713,0.043252028796969946,1.8485326320703717,2.023503603911971,1.9360181179911713,0.038552715281214116,1.8577519450432003,2.014284290939142,0,1,1,11.244029982834558,0.9083
718,1611706,2.0,2.0103220416715417,0.011565320686295509,1.9876544296567464,2.0329896536863368,2.0213243992379217,0.049462659137149055,1.921276727720337,2.1213720707555064,2.0213243992379217,0.05055952787405016,1.9186831008522183,2.123965697623625,1,1,1,19.11131895657487,1.1459
719,1612706,2.0,2.0203386390894638,0.0117422172542264,1.9973243161725351,2.0433529620063924,2.0159732905045598,0.051911820999834775,1.9109717215256203,2.120974859483499,2.0159732905045598,0.051955473646594634,1.9104980715386062,2.1214485094705133,1,1,1,19.577732665468886,0.8764
720,1613706,2.0,2.0085100906612396,0.012210905746594124,1.9845771551793019,2.032443026143177,2.016565772582787,0.06109822452539439,1.8929829486049046,2.1401485965606697,2.016565772582787,0.05760120104055449,1.8996291176736155,2.1335024274919587,1,1,1,22.251911289679438,1.0699
721,1614706,2.0,1.982515731644681,0.011330735156778462,1.9603078988190334,2.0047235644703285,1.9887872658556005,0.044908308966465554,1.8979516370749252,2.079622894636276,1.9887872658556005,0.04552037595623669,1.8963759897299082,2.081198541981293,1,1,1,16.139701694029892,1.0246
722,1615706,2.0,1.9607975299499023,0.011629955750911893,1.9380032355363206,1.983591824363484,1.9598374345106644,0.05294760607843591,1.852740792458129,2.0669340765632,1.9598374345106644,0.05374875697313232,1.8507216568459075,2.0689532121754213,0,1,1,21.358990628277606,0.9892
723,1616706,2.0,2.0454848483051267,0.011683004069531894,2.022586581097609,2.068383115512644,2.042570762862668,0.056237606019388556,1.9288194678026462,2.15632205792269,2.042570762862668,0.0572913917444484,1.9262630542617671,2.158878471463569,0,1,1,24.047486461849584,0.8569
724,1617706,2.0,1.9899200122276555,0.011478716663449138,1.9674221409785553,2.0124178834767554,2.0019595281490283,0.036808615433329306,1.9275070759329083,2.0764119803651484,2.0019595281490283,0.0341322396618051,1.932667397802657,2.0712516584953997,1,1,1,8.841845068640936,0.9641
725,1618706,2.0,1.9135503701408905,0.011775146586846953,1.8904715069179907,1.9366292333637902,1.9105824876298039,0.04122714385676674,1.8271927180916725,1.9939722571679352,1.9105824876298039,0.03953684978156789,1.8303184154302001,1.9908465598294076,0,0,0,11.273829972214855,1.0237
726,1619706,2.0,2.063759748022016,0.011664472619060652,2.0408978017900035,2.0866216942540285,2.060861948019864,0.05136924075190619,1.956957851181801,2.164766044857927,2.060861948019864,0.04920380860603631,1.9609729060686372,2.1607509899710906,0,1,1,17.793739368582646,0.9401
727,1620706,2.0,1.9522166279774784,0.01170378176760842,1.9292776372300493,1.9751556187249075,1.949725537391459,0.04544502116584374,1.8578043057184286,2.0416467690644895,1.949725537391459,0.04217045827566161,1.864114955708088,2.03533611907483,0,1,1,12.982675760667874,0.8843
728,1621706,2.0,2.0294598358200187,0.01175254572874427,2.0064252694650198,2.0524944021750176,2.021182676454681,0.046955399885388646,1.9262064154598104,2.1161589374495517,2.021182676454681,0.04607333611752382,1.9276488315215532,2.114716521387809,0,1,1,15.36863940824883,1.1125
729,1622706,2.0,1.9965259519134624,0.01204379875632067,1.9729205401140255,2.020131363712899,1.9985152681586638,0.05859381860131256,1.8799980833035077,2.11703245301382,1.9985152681586638,0.05975026940500896,1.8772157725244611,2.119814763792866,1,1,1,24.612331466459462,0.9589
730,1623706,2.0,2.079668795484568,0.01125799311052385,2.057603534449741,2.1017340565193945,2.0678655334992513,0.03870113196531359,1.989585105277867,2.1461459617206353,2.0678655334992513,0.038982273894731995,1.9887273102043295,2.147003756794173,0,1,1,11.989812182624812,0.9369
731,1624706,2.0,2.0509704286531663,0.011637160575913958,2.0281620130420657,2.073778844264267,2.0539971469944223,0.04738518263161236,1.9581515683411763,2.149842725647668,2.0539971469944223,0.047233276205847476,1.958108498491693,2.1498857954971515,0,1,1,16.474114742652993,1.0211
732,1625706,2.0,2.010016467687265,0.011686768498846497,1.9871108223338687,2.0329221130406614,2.006239685151837,0.05212214786433421,1.9008126899338347,2.111666680369839,2.006239685151837,0.053209179009165185,1.898219308989639,2.114260061314035,1,1,1,20.729280751338116,1.0102
733,1626706,2.0,1.9543893255513374,0.01183855797426696,1.9311861782928847,1.97759247280979,1.9528809097369668,0.05487416361544108,1.8418874372474026,2.063874382226531,1.9528809097369668,0.05538221731797152,1.8404490312756694,2.065312788198264,0,1,1,21.884824506623293,1.0443
734,1627706,2.0,2.0841544453568392,0.011539888255107064,2.0615366799912125,2.106772210722466,2.0905768060887713,0.04714927923594556,1.9952083870919464,2.185945225085596,2.0905768060887713,0.04668671127471739,1.9957977433860328,2.18535586879151,0,1,1,16.367537992376004,0.9948
735,1628706,2.0,2.0293384990150485,0.011596189071604623,2.0066103860767863,2.0520666119533106,2.040298678643332,0.046138943302136214,1.9469738569660102,2.133623500320654,2.040298678643332,0.047033613247876874,1.944815367494557,2.1357819897921075,0,1,1,16.45076550704152,0.9382
736,1629706,2.0,1.987010179269933,0.011884374358402252,1.9637172335486734,2.010303124991193,1.9937893938067348,0.06576672821895813,1.8607636297977228,2.126815157815747,1.9937893938067348,0.06299862938914838,1.8658953768149196,2.12168341079855,1,1,1,28.10020929572754,1.0868
737,1630706,2.0,2.0625244164118115,0.011843280380373954,2.0393120134074687,2.0857368194161543,2.063608311238858,0.048688385337461317,1.9651267563055241,2.162089866172192,2.063608311238858,0.04836864476782443,1.9654147420169732,2.161801880460743,0,1,1,16.67953028815534,1.1156
738,1631706,2.0,1.8714584429153822,0.011936234907613499,1.84806385238545,1.8948530334453144,1.8789171204778503,0.055287828240627106,1.7670869323069818,1.9907473086487188,1.8789171204778503,0.054618141902379076,1.7680363975755282,1.9897978433801724,0,0,0,20.938189616308648,0.9754
739,1632706,2.0,2.011451685066024,0.011392946751931213,1.9891219197544563,2.033781450377592,2.0022367630064526,0.0447440745509836,1.9117333296867303,2.092740196326175,2.0022367630064526,0.04528392170202809,1.9103055145368977,2.0941680114760075,1,1,1,15.798502616579183,0.9045
740,1633706,2.0,1.9682914428638052,0.011641774686706867,1.9454739837617296,1.9911089019658808,1.9586247332762374,0.053341012581502326,1.8507323514620662,2.066517115090409,1.9586247332762374,0.0548861440303507,1.8471999371291323,2.0700495294233425,0,1,1,22.22731797419133,1.0138
741,1634706,2.0,1.99398640835008,0.011593437610542042,1.9712636881764054,2.0167091285237544,2.0021930467796145,0.03921833040850233,1.9228664859633353,2.0815196075958937,2.0021930467796145,0.03941951683859886,1.9221671731177772,2.082218920441452,1,1,1,11.561072782352598,1.0296
742,1635706,2.0,2.0334605363006912,0.01147120481406441,2.0109773880058426,2.05594368459554,2.0449873961056957,0.045091082990903975,1.9537820719653702,2.1361927202460214,2.0449873961056957,0.04636022424781273,1.9508711373047474,2.139103654906644,0,1,1,16.33326423536557,1.0616
743,1636706,2.0,2.0585833061217214,0.011489203734428494,2.0360648805911983,2.0811017316522444,2.0541964118637583,0.05387425725248779,1.9452254408954266,2.16316738283209,2.0541964118637583,0.05434509183324276,1.9438700100715993,2.1645228136559176,0,1,1,22.37385362563747,0.9328
744,1637706,2.0,1.993277842605773,0.011587447958560721,1.9705668619342618,2.0159888232772842,2.0023445917460085,0.04434590492459483,1.9126465325142172,2.0920426509778,2.0023445917460085,0.044465079673286896,1.9120756809709856,2.0926135025210315,1,1,1,14.725245915152431,1.2108
745,1638706,2.0,2.0393827250797694,0.011462267971332006,2.0169170926748117,2.061848357484727,2.0311993002128403,0.04123023394976311,1.9478032803716632,2.1145953200540175,2.0311993002128403,0.04097674967212556,1.9480120758295285,2.114386524596152,0,1,1,12.78008959441935,1.0645
746,1639706,2.0,2.0183818124790593,0.011567346222897063,1.9957102304854757,2.0410533944726432,2.0103965892740248,0.05501879622914694,1.8991105697099764,2.121682608838073,2.0103965892740248,0.05662390445206168,1.8954439519174044,2.125349226630645,1,1,1,23.96250163841995,1.0419
747,1640706,2.0,2.010168713944611,0.01185528395714021,1.986932784362121,2.0334046435271014,2.0139979513822475,0.05820491168995912,1.8962674050054256,2.1317284977590694,2.0139979513822475,0.05898348710792381,1.8942551065685995,2.1337407961958954,1,1,1,24.75352014314672,1.089
748,1641706,2.0,2.0541992195730603,0.011451858011349974,2.0317539903147477,2.076644448831373,2.047947435993187,0.038417928949033314,1.9702398399413599,2.1256550320450143,2.047947435993187,0.035156097614605655,1.9765767634994331,2.119318108486941,0,1,1,9.424306761614492,0.966
749,1642706,2.0,1.9683954829916575,0.011491410415078321,1.9458727324465355,1.9909182335367794,1.9665421794365725,0.03133868008026021,1.9031537157922933,2.029930643080852,1.9665421794365725,0.030131826388062038,1.905371319793505,2.0277130390796403,0,1,1,6.875499288883096,0.8553
750,1643706,2.0,1.9590211107201565,0.011735284981415281,1.9360203748082687,1.9820218466320443,1.961425882126009,0.044078728437545775,1.872268238348619,2.050583525903399,1.961425882126009,0.044683676692540183,1.8707131958091083,2.05213856844291,0,1,1,14.498080959283849,1.108
751,1644706,2.0,2.004773340762206,0.011682842120654374,1.981875390968656,2.027671290555756,2.005171966543845,0.06070844841672144,1.8823775391618227,2.1279663939258677,2.005171966543845,0.06126793098147509,1.880791454110858,2.1295524789768328,1,1,1,27.502325218677413,1.0147
752,1645706,2.0,1.9683184249246901,0.011676470186067104,1.945432963893443,1.9912038859559373,1.9684475329873603,0.04448269952404671,1.8784727805613475,2.058422285413373,1.9684475329873603,0.041983702640481575,1.8832160853996138,2.053678980575107,0,1,1,12.92820783457886,1.1147
753,1646706,2.0,2.004863930492483,0.01197631152562676,1.9813907912346225,2.0283370697503433,2.000438756219757,0.060733253098861927,1.8775941566323946,2.1232833558071196,2.000438756219757,0.056356345350674526,1.8860292927161384,2.1148482197233758,1,1,1,22.143153725697506,1.0029
754,1647706,2.0,1.9062174777897756,0.011927358938638881,1.8828402838393614,1.9295946717401897,1.9042009522159384,0.059592509030153756,1.7836637252984378,2.024738179133439,1.9042009522159384,0.06042726062927867,1.78152709132999,2.026874813101887,0,1,1,25.66712557414984,0.9587
755,1648706,2.0,1.943112938612823,0.011578136210686055,1.9204202086317792,1.9658056685938667,1.95156041034011,0.04366288775429687,1.8632438837369096,2.0398769369433105,1.95156041034011,0.04318865030636308,1.8638827889427307,2.039238031737489,0,1,1,13.914318979077702,1.0154
756,1649706,2.0,1.9164687886614626,0.011817922760469269,1.8933060856788666,1.9396314916440587,1.9112017892975255,0.05814407696635675,1.7935942927637571,2.0288092858312936,1.9112017892975255,0.059734111918780274,1.7899350951042163,2.0324684834908346,0,1,1,25.548330651698627,0.8563
757,1650706,2.0,1.9541594400659001,0.01135598762537383,1.9319021133112848,1.9764167668205155,1.9458893609958978,0.042786720034227885,1.8593450508845102,2.0324336711072855,1.9458893609958978,0.03830593324083818,1.868124182224644,2.023654539767152,0,1,1,11.378428208117766,0.9873
758,1651706,2.0,1.9817441893258234,0.011616054989636332,1.9589771399036995,2.0045112387479476,1.9781500001175443,0.046409050536576006,1.8842788349896848,2.072021165245404,1.9781500001175443,0.04490521669443217,1.886987563686378,2.0693124365487106,1,1,1,14.944323988228712,0.9675
759,1652706,2.0,1.935962761699258,0.01136376614694537,1.9136901893225096,1.9582353340760066,1.929613991982541,0.03537250157898122,1.8580663542197497,2.0011616297453325,1.929613991982541,0.03499403767716854,1.85857231865263,2.000655665312452,0,1,1,9.482951609820642,1.048
760,1653706,2.0,1.98816580039729,0.011833197203023333,1.964973160057404,2.0113584407371756,1.9916596200143242,0.051343768534964696,1.887807045598182,2.095512194430466,1.9916596200143242,0.0508280484280739,1.888473195922999,2.0948460441056493,1,1,1,18.45026743855249,0.934
761,1654706,2.0,2.0308514132089766,0.01144414963730952,2.0084212920861626,2.0532815343317905,2.027830688999614,0.0470105408749347,1.9327428948258667,2.1229184831733616,2.027830688999614,0.04835925752796934,1.9296561768877833,2.1260052011114445,0,1,1,17.856329581759386,0.9607
762,1655706,2.0,2.0380401178819887,0.01173730868999768,2.015035415574164,2.0610448201898133,2.0330734168572775,0.05313193728754115,1.9256039297418055,2.1405429039727495,2.0330734168572775,0.05452836012020066,1.9223749606627683,2.1437718730517865,0,1,1,21.582801707265304,1.0011
763,1656706,2.0,2.0005761013152132,0.011398698377890887,1.978235063023912,2.0229171396065144,1.9958859799502182,0.048348134988838415,1.8980926463075831,2.0936793135928533,1.9958859799502182,0.047809627368722664,1.8988272763822798,2.092944683518157,1,1,1,17.592201622181157,0.9791
764,1657706,2.0,1.9531645450663246,0.01206259406336411,1.9295222951420044,1.976806794990645,1.9521987102610632,0.05591588086832898,1.839098165742837,2.065299254779289,1.9521987102610632,0.056907991436547255,1.836669345664926,2.0677280748572002,0,1,1,22.256921243231655,1.0642
765,1658706,2.0,1.9999106294940772,0.01182819491607558,1.9767277934564493,2.023093465531705,2.008691236343488,0.05219914279469629,1.9031085041789537,2.1142739685080225,2.008691236343488,0.05336850586461049,1.9003474094688675,2.117035063218109,1,1,1,20.3579078022758,1.0923
766,1659706,2.0,1.9426770554743205,0.011808787501999781,1.919532257269314,1.9658218536793268,1.9371548266500447,0.055572196214252634,1.8247494499609747,2.049560203339115,1.9371548266500447,0.05611215807459917,1.8232410896715645,2.051068563628525,0,1,1,22.57892852687064,1.0648
767,1660706,2.0,1.9145786647460235,0.011497118023037827,1.8920447274948629,1.937112601997184,1.9176936651444925,0.045965379999751005,1.8247199083829568,2.010667421906028,1.9176936651444925,0.04378672049694806,1.8288018967115565,2.0065854335774285,0,1,1,14.504636809643538,0.9367
768,1661706,2.0,2.0167691571989437,0.011355340511027871,1.9945130987651405,2.039025215632747,2.0128068217024717,0.03801073671239436,1.9359228496904037,2.08969079371454,2.0128068217024717,0.03774669208266365,1.9361769628402319,2.0894366805647118,1,1,1,11.04987774469913,1.0256
769,1662706,2.0,2.0273941959083355,0.011439006334218606,2.0049741554743417,2.0498142363423293,2.0409670602451357,0.04915339568044428,1.941544933113327,2.1403891873769445,2.0409670602451357,0.04842619037375482,1.9426566672324157,2.139277453257856,0,1,1,17.921898320880576,0.9574
770,1663706,2.0,2.0190775541402988,0.012017366179670252,1.9955239492391155,2.0426311590414823,2.02583828487672,0.056153653431727006,1.9122567999534745,2.1394197697999653,2.02583828487672,0.057720290018363624,1.9086598664895307,2.1430167032639087,1,1,1,23.06951263314281,0.9424
771,1664706,2.0,2.0229003551622298,0.011898660743578454,1.9995794086405554,2.046221301683904,2.0242209537319695,0.055813410522342836,1.9113276750521424,2.1371142324117964,2.0242209537319695,0.05699110508746309,1.9085228594541623,2.139919048009777,1,1,1,22.941298325208432,0.9979
772,1665706,2.0,2.0155725975841117,0.011724964791499096,1.9925920888727733,2.03855310629545,2.0175758708598432,0.05468971766402786,1.90695547552144,2.1281962661982465,2.0175758708598432,0.054949525165310396,1.9060224041681548,2.1291293375515314,1,1,1,21.963664103590173,1.0674
773,1666706,2.0,1.9617344057926147,0.011626511594725986,1.9389468618011145,1.984521949784115,1.9621241135900724,0.04926876502922788,1.8624686299240285,2.061779597256116,1.9621241135900724,0.05064354068364797,1.85931226013353,2.064935967046615,0,1,1,18.97357919723226,0.973
774,1667706,2.0,1.9601141296990834,0.012291530955113941,1.936023171712201,1.9842050876859658,1.9591527631427752,0.06933117290493411,1.8189172292324662,2.099388297053084,1.9591527631427752,0.07076044483550459,1.8155014230756963,2.102804103209854,0,1,1,33.14127026865673,1.0192
775,1668706,2.0,1.9472685115360768,0.011277262994800061,1.9251654822220825,1.9693715408500712,1.9498252567186796,0.037260138558128465,1.8744595127778416,2.0251910006595177,1.9498252567186796,0.03568616815277752,1.877378483822851,2.0222720296145082,0,1,1,10.013650231736845,1.0209
776,1669706,2.0,2.0782188482308905,0.011607255499189315,2.055469045493125,2.1009686509686563,2.0874573638698712,0.0445478441009717,1.9973508440996226,2.17756388364012,2.0874573638698712,0.0444590270339099,1.9972007406060344,2.177713987133708,0,1,1,14.671037249342215,1.0219
777,1670706,2.0,2.0311839600387716,0.01179723386424913,2.008061806547647,2.054306113529896,2.0274645056077474,0.04855106857487925,1.9292607000432571,2.125668311172238,2.0274645056077474,0.04763118253005701,1.9307680643215395,2.1241609468939555,0,1,1,16.301304127529473,0.9538
778,1671706,2.0,1.9525165401270672,0.011479925247659067,1.9300163000964434,1.975016780157691,1.9547674009575569,0.04446181862786402,1.864834884130655,2.0446999177844587,1.9547674009575569,0.04315573866030038,1.8671565937537813,2.0423782081613324,0,1,1,14.131849011186835,1.0977
779,1672706,2.0,1.9747298995986915,0.011835847451298214,1.9515320648676369,1.9979277343297461,1.9670202230068634,0.053672229770076615,1.8584578911928027,2.075582554820924,1.9670202230068634,0.05409972580565323,1.8571919407326372,2.07684850528109,0,1,1,20.892548060565492,1.0323
780,1673706,2.0,2.06517768584154,0.011890660086849131,2.041872420318908,2.088482951364172,2.069232110644682,0.05934336473658196,1.9491988256275679,2.189265395661796,2.069232110644682,0.05691857795742243,1.9536812542685833,2.18478296702078,0,1,1,22.91374912502834,1.1537
781,1674706,2.0,1.9037108161684786,0.012011054311460205,1.880169582301662,1.9272520500352952,1.9091612703619054,0.05280233499799282,1.8023584668047261,2.015964073919085,1.9091612703619054,0.051917180144771244,1.8037637913376041,2.014558749386207,0,1,1,18.68357287696236,1.0567
782,1675706,2.0,2.002845368537005,0.01163988843437466,1.9800316064215664,2.0256591306524436,2.010223147511881,0.04862364551568313,1.9118725412282225,2.108573753795539,2.010223147511881,0.04920828504261865,1.9103250179112579,2.1101212771125035,1,1,1,17.87223325798372,0.9937
783,1676706,2.0,2.067859132308652,0.012212884938406488,2.0439223176820436,2.0917959469352603,2.0625127220139245,0.06350244100735233,1.934066911188183,2.1909585328396664,2.0625127220139245,0.0647266375747163,1.9311106619045064,2.1939147821233425,0,1,1,28.088565668623836,1.1245
784,1677706,2.0,2.0552546742222724,0.011753121262933314,2.0322189798409913,2.0782903686035534,2.0508104736634984,0.046221584892787625,1.9573184935911487,2.144302453735848,2.0508104736634984,0.04216765921833092,1.965205574368606,2.136415372958391,0,1,1,12.872193298709826,0.8272
785,1678706,2.0,1.9355587325647763,0.011523299791232396,1.9129734799909028,1.9581439851386497,1.923365746883265,0.044566326055334254,1.8332218438317427,2.0135096499347873,1.923365746883265,0.043265277788407344,1.8355325634270658,2.0111989303394644,0,1,1,14.096953643713219,1.0557
786,1679706,2.0,1.9833119831995496,0.011992882466790342,1.9598063654938187,2.0068176009052805,1.984875123157089,0.05454617359587915,1.8745450731019553,2.0952051732122228,1.984875123157089,0.056333620268394856,1.8705117940231764,2.0992384522910017,1,1,1,22.064199158843532,1.034
787,1680706,2.0,2.0487949191337833,0.011705701758803687,2.025852165272761,2.071737672994806,2.0458791426511924,0.04758050133793906,1.949638494624146,2.1421197906782385,2.0458791426511924,0.04747565928852837,1.9494984303306389,2.142259854971746,0,1,1,16.44928780129502,1.0476
788,1681706,2.0,1.9521134603744845,0.011884016773462772,1.9288212155068276,1.9754057052421414,1.9506298079399484,0.048149684807438815,1.85323787767731,2.048021738202587,1.9506298079399484,0.04791568427858111,1.8533557973984607,2.047903818481436,0,1,1,16.256568451604803,0.8498
789,1682706,2.0,1.954688155450725,0.012011746372446588,1.9311455651693,1.97823074573215,1.9565248072776733,0.06552122187157387,1.8239956267283268,2.08905398782702,1.9565248072776733,0.0654952623855,1.8235623558460332,2.089487258709313,0,1,1,29.730859574787765,0.961
790,1683706,2.0,1.9547374327022944,0.011539188198769245,1.932121039421877,1.9773538259827117,1.95291114628352,0.04873594956049116,1.854333383628145,2.0514889089388952,1.95291114628352,0.048483643990827156,1.8544841162272747,2.0513381763397653,0,1,1,17.65387284173924,0.9736
791,1684706,2.0,1.9736841182088405,0.011553919104158964,1.9510388528843996,1.9963293835332814,1.9636316734687242,0.05000905261323115,1.8624788168283009,2.0647845301091476,1.9636316734687242,0.04998756987512163,1.862151511551272,2.0651118353861766,0,1,1,18.71825690129292,1.0202
792,1685706,2.0,1.9482292795845455,0.011783933915117693,1.9251331935147147,1.9713253656543763,1.9392402189628977,0.060855517604830586,1.8161483160694696,2.0623321218563255,1.9392402189628977,0.06051759958956375,1.8163829602374446,2.0620974776883507,0,1,1,26.374412266833986,0.9825
793,1686706,2.0,1.995914753521148,0.011636925776940525,1.973106798107579,2.0187227089347175,1.9884615309487135,0.051543469043421816,1.8842050241273882,2.0927180377700387,1.9884615309487135,0.05141478666405058,1.8840839649127243,2.0928390969847026,1,1,1,19.52088700801063,0.8922
794,1687706,2.0,2.020004493322304,0.011629333717160064,1.997211418072473,2.042797568572135,2.0247189891299984,0.05067362907367721,1.9222218997173606,2.127216078542636,2.0247189891299984,0.050146547757647125,1.9229160849528144,2.1265218933071823,1,1,1,18.593982328723676,0.9727
795,1688706,2.0,1.9741660284464422,0.011615365846249207,1.9514003297205371,1.9969317271723472,1.9739907502749596,0.04652473012607312,1.8798856010917908,2.0680958994581284,1.9739907502749596,0.04737291515887516,1.8778186196265962,2.070162880923323,0,1,1,16.633913338556887,1.1484
796,1689706,2.0,2.0619829199482274,0.011618563385822525,2.0392109541599193,2.0847548857365354,2.0558854595652214,0.05320868048627607,1.9482607446784936,2.1635101744519494,2.0558854595652214,0.052303581405925705,1.9497035442771644,2.162067374853278,0,1,1,20.265531189900692,0.994
797,1690706,2.0,2.0238831255502134,0.011576877295931546,2.0011928629967484,2.0465733881036785,2.0312370204299364,0.03730034824139709,1.9557899447278533,2.1066840961320192,2.0312370204299364,0.035558251351178245,1.959049932447191,2.103424108412682,0,1,1,9.434044720831087,0.9632
798,1691706,2.0,2.023375908765287,0.011922072047901933,2.000009076930308,2.0467427406002665,2.0279086419163974,0.04971747653406284,1.9273455535638078,2.128471730268987,2.0279086419163974,0.04987947825330663,1.926647917657369,2.1291693661754256,0,1,1,17.504121532332565,0.9515
799,1692706,2.0,1.9910315882849199,0.011587329214764663,1.9683208403469723,2.0137423362228675,1.988719440136248,0.04904082219377707,1.8895250143737579,2.087913865898738,1.988719440136248,0.05041711073852974,1.8863672639064832,2.091071616366013,1,1,1,18.93168263354245,1.0212
800,1693706,2.0,2.019856175952827,0.011470417004236962,1.9973745717368665,2.042337780168787,2.029764340974726,0.04397491164433405,1.9408166864823126,2.118711995467139,2.029764340974726,0.044470342578879864,1.939484745933333,2.1200439360161187,1,1,1,15.030815238648403,1.0028
801,1694706,2.0,1.9878759195645854,0.01154129193824653,1.9652554030305598,2.0104964360986113,1.985184560856252,0.04969025397698049,1.884676535322693,2.085692586389811,1.985184560856252,0.049906516214941805,1.8838689466169443,2.0865001750955594,1,1,1,18.69845207445937,1.0448
802,1695706,2.0,1.993646563325345,0.01167580698415878,1.9707624021459527,2.0165307245047375,1.9928936366650778,0.05347065577796599,1.884739026734575,2.101048246595581,1.9928936366650778,0.05405886025596935,1.883148315867257,2.1026389574628985,1,1,1,21.436800006415776,1.0604
803,1696706,2.0,2.000108705741243,0.011518038420326438,1.9775337652648548,2.0226836462176316,2.0001193820045566,0.0475045171359893,1.9040324265328603,2.0962063374762527,2.0001193820045566,0.0484025840976574,1.9018569122800983,2.0983818517290147,1,1,1,17.65956699627596,1.0915
804,1697706,2.0,1.9628598294244144,0.01175669990339258,1.9398171210367194,1.9859025378121093,1.9603144669137769,0.04915223569225189,1.860894686079552,2.0597342477480014,1.9603144669137769,0.05060537678301217,1.8575800902944881,2.063048843533066,0,1,1,18.52774053041832,0.9765
805,1698706,2.0,1.8793091632895305,0.011862705203874117,1.8560586883307213,1.9025596382483396,1.8715930688183298,0.0593828144233761,1.751479989277939,1.9917061483587206,1.8715930688183298,0.059321339795626815,1.7511643465847953,1.9920217910518643,0,0,0,25.006587275670277,0.991
806,1699706,2.0,1.9691697097129843,0.011526003741664142,1.9465791574936486,1.99176026193232,1.9674567243246015,0.048685998121224726,1.8689799979918735,2.0659334506573295,1.9674567243246015,0.04902056548452945,1.867939685687143,2.0669737629620597,0,1,1,18.088357013438294,1.0269
807,1700706,2.0,2.076740274978098,0.011874746216384959,2.0534662000684305,2.1000143498877657,2.0724357935855404,0.057900993096916153,1.955319980587297,2.189551606583784,2.0724357935855404,0.0571404013216507,1.956434611839051,2.1884369753320296,0,1,1,23.15463285033631,1.0456
808,1701706,2.0,1.9212683823409988,0.011573502454932253,1.8985847343543458,1.9439520303276518,1.9186369916668478,0.052331162850193916,1.8127872237347955,2.0244867595989002,1.9186369916668478,0.053123126884542,1.8107913106050901,2.0264826727286054,0,1,1,21.06869538651228,0.9157
809,1702706,2.0,1.8822145205088414,0.01146129707757514,1.8597507910206799,1.904678249997003,1.8768878868050205,0.04322775819979579,1.789451492800749,1.964324280809292,1.8768878868050205,0.04430167622922525,1.7869507026572906,1.9668250709527504,0,0,0,14.940763056023462,1.0728
810,1703706,2.0,1.9673083232831203,0.01139404736865418,1.9449764008024149,1.9896402457638258,1.9748038845680305,0.04270303303805845,1.88842884738392,2.0611789217521412,1.9748038845680305,0.041118151110557104,1.891329600003493,2.058278169132568,0,1,1,13.02300223984813,1.0112
811,1704706,2.0,2.016027630031996,0.011658517174789572,1.993177356256267,2.0388779038077254,2.0117323482047325,0.05184908771786199,1.9068576692656234,2.1166070271438415,2.0117323482047325,0.051831603468868094,1.9065085990686554,2.1169560973408097,1,1,1,19.76526562627313,0.9972
812,1705706,2.0,2.036411758537982,0.01131846734515067,2.014227970181294,2.05859554689467,2.021909174300393,0.04285000548639856,1.9352368572795295,2.108581491321257,2.021909174300393,0.043997109987583674,1.9325902924944973,2.111228056106289,0,1,1,15.110298922510028,1.0305
813,1706706,2.0,2.066611799675532,0.011430070353040622,2.0442092734428132,2.0890143259082508,2.0673534300496623,0.0437061681230504,1.978949360637568,2.1557574994617563,2.0673534300496623,0.04033537436568307,1.9854682667609436,2.149238593338381,0,1,1,12.453011157324767,0.9692
814,1707706,2.0,2.0390387137403656,0.011539851596345423,2.0164210202245916,2.0616564072561396,2.0279985262283144,0.04782772676227508,1.9312578175802615,2.1247392348763676,2.0279985262283144,0.04854243020994685,1.9294521538025624,2.1265448986540667,0,1,1,17.694674670313535,0.9821
815,1708706,2.0,2.0433706920121777,0.01179337780142133,2.0202560962653178,2.0664852877590376,2.031403016153572,0.057616891688449884,1.9148618524946028,2.147944179812541,2.031403016153572,0.05935495398539723,1.9109060534868827,2.151899978820261,0,1,1,25.330136052139114,1.0034
816,1709706,2.0,1.9909028014582084,0.011666147175168867,1.9680375731565338,2.0137680297598832,1.9899418956781272,0.04350813282779719,1.9019383904595886,2.077945400896666,1.9899418956781272,0.043274610870685716,1.9020897650575996,2.0777940262986547,1,1,1,13.759778431937605,0.9526
817,1710706,2.0,2.038491106707079,0.011449654807343472,2.0160501956492696,2.060932017764888,2.0375196893281986,0.042080968783246055,1.9524028958639765,2.1226364827924207,2.0375196893281986,0.04128995418505444,1.9536966259800261,2.121342752676371,0,1,1,13.00481010607411,1.0936
818,1711706,2.0,1.9551187259278746,0.011696319524010557,1.9321943609091412,1.978043090946608,1.954253645361713,0.05556643082241456,1.8418599302783643,2.0666473604450615,1.954253645361713,0.05522794443582183,1.8421349575015817,2.066372333221844,0,1,1,22.295607511710212,0.9676
819,1712706,2.0,2.024220247839971,0.011542971610300419,2.0015964392092136,2.046844056470728,2.022486917201618,0.04826584213128163,1.924860036574747,2.120113797828489,2.022486917201618,0.048879225481538266,1.923256814024811,2.121717020378425,0,1,1,17.93136604796387,0.8607
820,1713706,2.0,2.0064776499832657,0.011624651559688153,1.9836937515934496,2.029261548373082,1.9989745873535967,0.053068702209508566,1.8916330052562889,2.1063161694509045,1.9989745873535967,0.05432403192878296,1.8886909394404496,2.1092582352667435,1,1,1,21.838565285209985,1.0476
821,1714706,2.0,1.9473631039812809,0.01161204201179956,1.9246039198511877,1.970122288111374,1.9504714542794879,0.055908494747250286,1.8373858496013018,2.0635570589576737,1.9504714542794879,0.05588756377694009,1.837013667965325,2.0639292405936507,0,1,1,23.163978870927775,1.0261
822,1715706,2.0,2.0334324237577146,0.011505298452863686,2.0108824531587173,2.055982394356712,2.025195434362955,0.04519852294150959,1.9337727924100903,2.1166180763158198,2.025195434362955,0.04529672375139337,1.9332381963514857,2.1171526723744245,0,1,1,15.500217939192035,1.0068
823,1716706,2.0,1.979723012093709,0.011534854006015819,1.9571151136749905,2.0023309105124274,1.9871444596758836,0.041859589251169935,1.9024754485810738,2.071813470770693,1.9871444596758836,0.041843134550917115,1.902198380481221,2.072090538870546,1,1,1,13.159040319099581,0.9767
824,1717706,2.0,1.9572191851582428,0.011277037896933016,1.9351165970279607,1.9793217732885249,1.953224515247488,0.041484928842139154,1.869313326360122,2.037135704134854,1.953224515247488,0.03739245822631248,1.8773137893454814,2.0291352411494947,0,1,1,10.99456255249248,0.9278
825,1718706,2.0,2.0030733680015853,0.011712406848992347,1.9801174724052801,2.0260292635978905,2.01189556134402,0.041672608930570496,1.9276047536459124,2.096186369042128,2.01189556134402,0.04103514243639043,1.928589793347022,2.0952013293410183,1,1,1,12.274946012834148,1.0109
826,1719706,2.0,1.9562421402704901,0.011530518105351096,1.933642740060915,1.9788415404800652,1.9545099454739274,0.04833735181518234,1.8567384228587356,2.0522814680891193,1.9545099454739274,0.04737172571735795,1.8583402295202185,2.0506796614276364,0,1,1,16.87876893912463,1.0046
827,1720706,2.0,1.9818485493963318,0.011275131067004984,1.9597496985840335,2.0039474002086304,1.971777680642014,0.03593122130198112,1.8990999255686654,2.0444554357153626,1.971777680642014,0.0369436553502872,1.8967780730168478,2.0467772882671804,1,1,1,10.735852350698547,0.9688
828,1721706,2.0,1.9642959530947814,0.011638402751420049,1.9414851028644262,1.9871068033251367,1.9619317386049027,0.05175555160224303,1.8572462543175516,2.0666172228922535,1.9619317386049027,0.04588849030976399,1.8687731506116119,2.0550903265981937,0,1,1,15.5460756227726,1.0169
829,1722706,2.0,2.0568508886973422,0.011814628874379084,2.0336946416128523,2.080007135781832,2.066592454456217,0.055291827830958415,1.9547541763503016,2.1784307325621324,2.066592454456217,0.056105664552303265,1.952691900028832,2.180493008883602,0,1,1,22.551386782730948,1.0279
830,1723706,2.0,1.8691860448513247,0.011544786644471138,1.8465586788189623,1.891813410883687,1.8715268621255703,0.044229210180207555,1.782064840293667,1.9609888839574736,1.8715268621255703,0.042722353230269586,1.7847958741192884,1.9582578501318522,0,0,0,13.694258147156656,1.0142
831,1724706,2.0,1.9459055429723946,0.011330368974043964,1.9236984278517184,1.9681126580930708,1.943111703205417,0.04218877056030768,1.8577768600655684,2.0284465463452657,1.943111703205417,0.04138142896663839,1.859102936177916,2.027120470232918,0,1,1,13.338987362780706,1.076
832,1725706,2.0,2.0196868371473045,0.011640333674091966,1.9968722023780554,2.0425014719165535,2.017924201267811,0.048795769740967394,1.919225440876552,2.1166229616590706,2.017924201267811,0.04052196070876852,1.9356602475646913,2.100188154970931,1,1,1,12.118532805355661,0.9679
833,1726706,2.0,2.009188472956481,0.011902457632556216,1.985860084669157,2.032516861243805,2.0135292883453957,0.05394873993397975,1.9044076619335102,2.122650914757281,2.0135292883453957,0.05222855651300096,1.9074996816872813,2.11955889500351,1,1,1,19.254966063862927,1.0968
834,1727706,2.0,2.0114130820283105,0.011641133358288392,1.9885968799068374,2.0342292841497835,2.0073497377156095,0.04982320953633501,1.9065727841793758,2.1081266912518433,2.0073497377156095,0.04367650249774689,1.9186817237166878,2.0960177517145313,1,1,1,14.076840147328907,0.9092
835,1728706,2.0,2.0376924952329465,0.011362292196050953,2.015422811746866,2.0599621787190268,2.042852893915988,0.04244952136056001,1.9569906325000765,2.128715155331899,2.042852893915988,0.04291712664731333,1.955726494851553,2.1299792929804227,0,1,1,14.26689182766297,1.0471
836,1729706,2.0,2.070055819701237,0.01149477873178944,2.047526467376673,2.0925851720258013,2.0787197891583444,0.039471126659194646,1.9988818996611706,2.1585576786555185,2.0787197891583444,0.03540482592099747,2.0068441713578045,2.1505954069588844,0,1,0,9.486886292308423,1.0022
837,1730706,2.0,2.00181677172578,0.011720762473303881,1.9788444994067558,2.0247890440448044,1.9897077629346227,0.05413756990496477,1.880204191854995,2.0992113340142504,1.9897077629346227,0.05574090572184251,1.8765477083008553,2.10286781756839,1,1,1,22.617068463455404,0.9645
838,1731706,2.0,2.021085768392831,0.011538675996917921,1.998470379009595,2.043701157776067,2.020527807113191,0.04400133012729809,1.931526716195165,2.1095288980312166,2.020527807113191,0.04291094923959458,1.9334139488531419,2.1076416653732397,1,1,1,13.830067067347736,1.0496
839,1732706,2.0,2.0000112955594047,0.011807138965784208,1.9768697284260082,2.0231528626928013,2.0074035094519442,0.05309679703348981,1.9000051002092695,2.114801918694619,2.0074035094519442,0.0512350664192266,1.9033907949098394,2.1114162239940493,1,1,1,18.829780505453833,0.845
840,1733706,2.0,2.021198782695865,0.011298498371169497,1.9990541328089884,2.0433434325827418,2.0191090914840326,0.033128262860367616,1.952100854999776,2.086117327968289,2.0191090914840326,0.033218307050115276,1.9516723429785394,2.086545839989526,1,1,1,8.643975665736626,1.1149
841,1734706,2.0,2.0148485098637035,0.011595002742957937,1.9921227220868627,2.037574297640544,2.022865268494577,0.04415900561934144,1.933545248790483,2.1121852881986714,2.022865268494577,0.044863932138775486,1.9317866441671636,2.1139438928219905,1,1,1,14.971074055946906,0.8996
842,1735706,2.0,1.894922745791134,0.01138072393091401,1.8726169367685495,1.9172285548137185,1.8993423759656949,0.05256339694228308,1.7930228702442508,2.0056618816871388,1.8993423759656949,0.052234192831507424,1.7933013269726945,2.0053834249586955,0,1,1,21.065414008286155,1.0339
843,1736706,2.0,1.9646701014980492,0.011847680748664116,1.941449073930339,1.9878911290657595,1.9585185436274248,0.05416714673210952,1.8489551477680881,2.0680819394867616,1.9585185436274248,0.05280561149194652,1.8513174530815169,2.065719634173333,0,1,1,19.865223986078053,0.9279
844,1737706,2.0,1.9970737190113832,0.011810507832527501,1.973925549020501,2.0202218890022654,1.9944026154786054,0.05402922496243661,1.8851181927304614,2.1036870382267496,1.9944026154786054,0.055315130529362266,1.8821069304387446,2.1066983005184663,1,1,1,21.93566167585125,1.0333
845,1738706,2.0,1.9793068341274205,0.011626331907906313,1.9565196423156153,2.002094025939226,1.9758782177523222,0.047253543704119105,1.8802989039624403,2.071457531542204,1.9758782177523222,0.044692884151898836,1.8851468392991784,2.066609596205466,1,1,1,14.777172038388636,1.0594
846,1739706,2.0,2.019674154181219,0.011745943199416018,1.9966525285459105,2.0426957798165275,2.0171870912432137,0.04933689024953339,1.9173938113126323,2.116980371173795,2.0171870912432137,0.04997939703494625,1.9157235210733976,2.11865066141303,1,1,1,18.10532112211993,0.9736
847,1740706,2.0,1.9691665560054732,0.012032685856368157,1.9455829250897072,1.9927501869212392,1.9597969443691092,0.058146657209399794,1.8421842288011663,2.0774096599370524,1.9597969443691092,0.05849267432354435,1.8410505024803165,2.078543386257902,0,1,1,23.630765968724326,0.9369
848,1741706,2.0,1.9799539923539209,0.011602810771754861,1.957212901121848,2.002695083585994,1.9748406140382249,0.04528564604309923,1.8832417489788493,2.0664394790976,1.9748406140382249,0.04307199529542015,1.887399814903431,2.062281413173019,1,1,1,13.780455170099026,1.0823
849,1742706,2.0,2.07848983684105,0.011969936969630422,2.05502919148336,2.10195048219874,2.072682060349482,0.04562537664293182,1.9803960252905668,2.1649680954083976,2.072682060349482,0.04551286999817253,1.980286022128765,2.1650780985701994,0,1,1,14.457217609527488,0.9259
850,1743706,2.0,1.992211040203315,0.011833575913279755,1.969017657604966,2.015404422801664,1.9835142252816453,0.05507910707438067,1.872106215518563,2.0949222350447276,1.9835142252816453,0.05434268605228627,1.8731927074844796,2.093835743078811,1,1,1,21.08871897723417,0.89
851,1744706,2.0,1.9625359147471997,0.011693880387910756,1.9396163303473752,1.9854554991470241,1.952536070638526,0.050223253590030395,1.8509499516272678,2.054122189649784,1.952536070638526,0.0515835051497081,1.8478159878671612,2.0572561534098908,0,1,1,19.458278028191373,0.9408
852,1745706,2.0,1.865185711391974,0.011543250517138203,1.8425613561138598,1.8878100666700883,1.8669727845651858,0.047520063763891784,1.770854383070394,1.9630911860599776,1.8669727845651858,0.046122866763237666,1.7733383870755028,1.9606071820548687,0,0,0,15.965272806701813,1.0244
853,1746706,2.0,2.1412969674945743,0.011718613407222252,2.1183289072676703,2.1642650277214783,2.1313943541360314,0.050780939759754715,2.028680208373042,2.234108499899021,2.1313943541360314,0.050721465458550295,2.0284243049761526,2.2343644032959102,0,0,0,18.73402653645264,0.9692
854,1747706,2.0,1.9464540078052315,0.011692755175758223,1.923536628780701,1.969371386829762,1.937780424380717,0.048289904347703784,1.840104873327173,2.035455975434261,1.937780424380717,0.047412843535380396,1.8415272348186482,2.034033613942786,0,1,1,16.442138114418643,0.9946
855,1748706,2.0,2.0459270469258843,0.01227004931622666,2.02187819217755,2.0699759016742187,2.042298377103698,0.06874672716995125,1.9032449962747933,2.181351757932603,2.042298377103698,0.06729471569376687,1.9056828412444293,2.178913912962967,0,1,1,30.079409679404993,1.0099
856,1749706,2.0,2.1018424422097297,0.01194083252999723,2.0784388405055108,2.1252460439139487,2.091267276180811,0.056809170837189234,1.976359882153611,2.2061746702080107,2.091267276180811,0.05810645284274413,1.9733049055822514,2.20922964677937,0,1,1,23.679880910626434,0.9637
857,1750706,2.0,1.9270479639045421,0.011324930166785672,1.9048515086502111,1.9492444191588731,1.9270832466314691,0.04580956421671326,1.8344246570394822,2.019741836223456,1.9270832466314691,0.04605600523009335,1.8335845852703174,2.020581907992621,0,1,1,16.538703681107418,0.9373
858,1751706,2.0,1.9242612064260576,0.011387347132633964,1.9019424161666396,1.9465799966854755,1.9251289455934322,0.04983411095900642,1.8243299418485455,2.025927949338319,1.9251289455934322,0.048833664721000765,1.8259913356778095,2.0242665555090547,0,1,1,18.39049904498325,0.9483
859,1752706,2.0,1.9655923081992042,0.011417425006711824,1.943214566389862,1.9879700500085464,1.963332957043009,0.04204089718663821,1.8782972160333968,2.048368698052621,1.963332957043009,0.04139012485390565,1.8793065364258235,2.0473593776601944,0,1,1,13.141869113217963,1.0481
860,1753706,2.0,1.9224158173389112,0.011020102429821634,1.9008168134705186,1.9440148212073038,1.917920521595921,0.02819353106533186,1.8608937223062998,1.9749473208855421,1.917920521595921,0.02579464410566761,1.865554610090609,1.9702864331012329,0,0,0,5.478829909405752,0.9622
861,1754706,2.0,2.1411084051757343,0.011637172810144085,2.118299965585983,2.1639168447654855,2.1369150942496145,0.04771365960092601,2.0404051082130965,2.2334250802861324,2.1369150942496145,0.04814165616121436,2.0391823363976314,2.2346478521015976,0,0,0,17.11382498308163,1.0048
862,1755706,2.0,1.9619597065409218,0.011774801676308224,1.9388815193302558,1.9850378937515878,1.9690804101316286,0.059134121795645894,1.8494703589112278,2.0886904613520296,1.9690804101316286,0.059167095460417415,1.8489648205458904,2.089195999717367,0,1,1,25.249529980395376,0.9142
863,1756706,2.0,1.952172119091415,0.011893954515639064,1.9288603966070048,1.9754838415758251,1.9545875686664358,0.06164910813315822,1.8298904774171323,2.0792846599157393,1.9545875686664358,0.06154234063670421,1.8296499750167794,2.0795251623160924,0,1,1,26.772903506701983,1.0541
864,1757706,2.0,2.042979342055083,0.01180674702682659,2.0198385431079275,2.066120141002238,2.0529219247577606,0.053535420729869755,1.9446363153471053,2.161207534168416,2.0529219247577606,0.05443227580561766,1.9424185300920669,2.163425319423454,0,1,1,21.254577126195837,0.9865
865,1758706,2.0,2.0655012797769543,0.011787620155374877,2.0423979688089813,2.0886045907449273,2.0600056011545678,0.0503447431817693,1.9581737462492204,2.161837456059915,2.0600056011545678,0.05016077559774413,1.958173812926401,2.1618373893827343,0,1,1,18.10823911875328,0.9299
866,1759706,2.0,2.0539462050120787,0.011599511487074374,2.0312115802591544,2.076680829765003,2.0504050044985727,0.04677505648880329,1.9557935224544636,2.1450164865426817,2.0504050044985727,0.046161802096742,1.9566915640796534,2.144118444917492,0,1,1,15.837481146922054,0.9788
867,1760706,2.0,2.028787985973056,0.011562230267572231,2.0061264310676554,2.0514495408784565,2.01633943043395,0.044602715619111236,1.9261219225421922,2.106556938325708,2.01633943043395,0.04465411718064962,1.9256867531164934,2.106992107751407,0,1,1,14.915567670468391,0.9837
868,1761706,2.0,2.100776097967302,0.011630900896954125,2.077979951101517,2.123572244833087,2.101798327437646,0.043532816848492764,2.013744894074576,2.1898517608007158,2.101798327437646,0.04190398239743125,2.016728720547358,2.186867934327934,0,0,0,12.980274798159314,1.0265
869,1762706,2.0,1.971388150139859,0.011609289675493389,1.948634360489799,1.9941419397899187,1.962313873419661,0.04917069296099501,1.862856759235541,2.061770987603781,1.962313873419661,0.04888895989972932,1.8630640083233074,2.0615637385160146,0,1,1,17.734146833890755,0.8279
870,1763706,2.0,2.055837623674144,0.011327500364547625,2.033636130924766,2.0780391164235215,2.058152073043698,0.035020785293318576,1.9873158486183455,2.1289882974690504,2.058152073043698,0.03490430677686534,1.9872925631259015,2.1290115829614944,0,1,1,9.494888397747202,1.0761
871,1764706,2.0,2.0177837453793166,0.01159360118033924,1.9950607046147306,2.0405067861439026,2.018472832177133,0.03984796169932762,1.9378727218659304,2.0990729424883354,2.018472832177133,0.040507801366995375,1.9362376234660057,2.1007080408882604,1,1,1,12.207890643881422,0.9714
872,1765706,2.0,2.0280689411226294,0.0117575030859283,2.005024658526091,2.0511132237191676,2.0241882722240265,0.045904686867771535,1.9313372789094543,2.117039265538599,2.0241882722240265,0.04527864815732722,1.9322677296193789,2.1161088148286744,0,1,1,14.830531009221952,1.0458
873,1766706,2.0,1.9854716711849585,0.011473069864992923,1.9629848674574606,2.0079584749124564,1.99161136008069,0.05016855291165299,1.8901358836349056,2.0930868365264743,1.99161136008069,0.048454659653368065,1.8932431713577154,2.0899795488036643,1,1,1,17.83658954281745,0.8996
874,1767706,2.0,2.0150936960449304,0.01126842374559993,1.9930079913410186,2.037179400748842,2.0130285516408013,0.043528417026183125,1.9249840177583672,2.1010730855232356,2.0130285516408013,0.04453621087276375,1.9226152368537746,2.1034418664278283,1,1,1,15.620689111329597,1.1216
875,1768706,2.0,2.0097508254654315,0.011260340970188642,1.987680962710221,2.031820688220642,2.0194183986499703,0.03722688280111169,1.9441199208268891,2.0947168764730515,2.0194183986499703,0.03768354060357604,1.9429167441061068,2.095920053193834,1,1,1,11.199543439265408,1.0545
876,1769706,2.0,1.9653708781328223,0.011777291988535782,1.9422878099998802,1.9884539462657644,1.9660771966818893,0.05472860199250359,1.8553781503653466,2.076776242998432,1.9660771966818893,0.05628784015834322,1.8518068061123487,2.08034758725143,0,1,1,22.84221863813916,1.0219
877,1770706,2.0,2.042937669197544,0.01156091379028039,2.020278694540222,2.0655966438548656,2.0400011048472058,0.04339346145352697,1.9522295443761917,2.12777266531822,2.0400011048472058,0.04107794977871876,1.9566084333251594,2.123393776369252,0,1,1,12.625052532642016,0.8875
878,1771706,2.0,2.1061593074737686,0.011268089045775257,2.084074258769459,2.128244356178078,2.0986781784613577,0.03572848502506505,2.0264104962144893,2.170945860708226,2.0986781784613577,0.035659913676766776,2.026284704985431,2.1710716519372846,0,0,0,10.015209408313346,0.9238
879,1772706,2.0,2.04081126497766,0.01146016346003762,2.018349757339044,2.063272772616276,2.043624947467753,0.048225281862092184,1.9460801077290857,2.14116978720642,2.043624947467753,0.04896913955792302,1.9442123090116161,2.14303758592389,0,1,1,18.25842541544078,0.9858
880,1773706,2.0,2.0569185397689496,0.011642239905937823,2.0341001688539366,2.0797369106839625,2.068762111773215,0.050531047742517377,1.9665534203244812,2.170970803221949,2.068762111773215,0.04757452451024953,1.9721806923822174,2.165343531164213,0,1,1,16.69843706399401,1.0754
881,1774706,2.0,2.005201497290863,0.011889665364859792,1.9818981813875047,2.0285048131942216,2.001489416661347,0.056692962072198434,1.886817077047923,2.116161756274771,2.001489416661347,0.058306343659435225,1.8831212461310385,2.1198575871916554,1,1,1,24.048741435349584,1.0414
882,1775706,2.0,2.027339743744152,0.011409899275949225,2.004976752096062,2.049702735392242,2.026731092630508,0.034828315280262145,1.956284175552944,2.0971780097080717,2.026731092630508,0.03479709246373368,1.956089239339822,2.097372945921194,0,1,1,9.300842565751612,0.9162
883,1776706,2.0,2.0183587435509396,0.011606274598303153,1.9956108633435834,2.0411066237582958,2.0156344391538674,0.04412281413991174,1.9263876236265984,2.1048812546811364,2.0156344391538674,0.04213085277475065,1.9301042609118981,2.1011646173958365,1,1,1,13.176947529155099,1.0205
884,1777706,2.0,2.048780075278242,0.011510003529992216,2.0262208828975283,2.071339267658956,2.0486929784052497,0.04530967920610322,1.9570455016852863,2.140340455125213,2.0486929784052497,0.0426924462886262,1.9620227047183076,2.1353632520921915,0,1,1,13.757868933800944,1.0389
885,1778706,2.0,2.0317769348270014,0.011381354401391154,2.009469890104988,2.0540839795490147,2.0230863107361468,0.05605291159194046,1.9097085954175055,2.136464026054788,2.0230863107361468,0.05395161432881908,1.9135587107453063,2.1326139107269872,0,1,1,22.470927279021335,1.1231
886,1779706,2.0,1.9846672042731142,0.011742562575333088,1.9616522045392535,2.007682204006975,1.9813370588493684,0.05330314625165678,1.8735212689167506,2.089152848781986,1.9813370588493684,0.054611638989604694,1.8704695375618263,2.0922045801369102,1,1,1,21.629409097776005,1.1143
887,1780706,2.0,1.981108731106785,0.01151156426281951,1.9585464797459404,2.0036709824676295,1.9743977660146907,0.04028634467065506,1.8929109424478854,2.055884589581496,1.9743977660146907,0.040008557321973275,1.8931760765974945,2.055619455431887,1,1,1,12.079170128980202,0.9826
888,1781706,2.0,2.0202140300578586,0.011828151044360634,1.9970312800072119,2.0433967801085053,2.0278110584927256,0.049125153939018645,1.9284460556748644,2.127176061310587,2.0278110584927256,0.05004171982193806,1.926220966338927,2.1294011506465242,1,1,1,17.899080878359012,1.061
889,1782706,2.0,1.9791177770380246,0.011807769110079783,1.9559749748445037,2.0022605792315455,1.975141264028721,0.061629735674249404,1.850483357276151,2.099799170781291,1.975141264028721,0.06146683022661869,1.8503569646612446,2.0999255633961975,1,1,1,27.098542356240472,0.9202
890,1783706,2.0,1.974553574118935,0.011716625696573623,1.9515894097333142,1.997517738504556,1.9628729531680127,0.04806083827740844,1.8656607319749434,2.060085174361082,1.9628729531680127,0.04562157873746832,1.870256224473781,2.0554896818622446,0,1,1,15.16126741568651,1.1131
891,1784706,2.0,2.101741167151191,0.011866254063033873,2.0784837365562425,2.12499859774614,2.1004012463013915,0.06076286540085712,1.9774967501796619,2.223305742423121,2.1004012463013915,0.060469811120364675,1.9776410033261385,2.2231614892766447,0,1,1,25.96868383740958,0.9805
892,1785706,2.0,2.027259546750835,0.01173457721449636,2.004260198036618,2.0502588954650522,2.0421651544447665,0.04872593220200687,1.9436076538094404,2.1407226550800926,2.0421651544447665,0.04956838908943742,1.9415359747637018,2.1427943341258313,0,1,1,17.843281053453495,0.9756
893,1786706,2.0,1.9934015558602,0.011734144925514098,1.970403054416819,2.016400057303581,2.0100038411285372,0.050393124613741715,1.9080741255400409,2.1119335567170334,2.0100038411285372,0.05123607553272385,1.9059890779771211,2.1140186042799534,1,1,1,19.065527200029805,1.0502
894,1787706,2.0,1.9207230736372294,0.011832841130912743,1.8975311311858563,1.9439150160886025,1.9184566496610105,0.04796220803333315,1.8214439269670732,2.0154693723549477,1.9184566496610105,0.045558179744510895,1.8259686277650247,2.010944671556996,0,1,1,14.823633198946098,0.9834
895,1788706,2.0,2.008629535889998,0.011855423748734774,1.9853933323210171,2.031865739458979,2.0075990422624335,0.05512251618284,1.8961032292898237,2.1190948552350433,2.0075990422624335,0.054924031694191425,1.8960973300685824,2.1191007544562845,1,1,1,21.46301133811239,1.0548
896,1789706,2.0,2.0100404323536316,0.011799057566328333,1.9869147044721132,2.03316616023515,2.0110329746421916,0.055535220175998073,1.898702389049958,2.123363560234425,2.0110329746421916,0.0533105548989459,1.9028067944824163,2.119259154801967,1,1,1,20.414171832597077,0.9698
897,1790706,2.0,1.957889381031832,0.011597373521053918,1.9351589466153079,1.9806198154483563,1.9493946977949093,0.04885609009583123,1.8505739279695734,2.048215467620245,1.9493946977949093,0.04990907100588808,1.8480738970542465,2.050715498535572,0,1,1,18.51994456736837,1.0908
898,1791706,2.0,2.0213717506572197,0.011777598792677303,1.9982880811992099,2.04445542011523,2.031770976869234,0.045218349963827315,1.9403082309783557,2.1232337227601117,2.031770976869234,0.04547508870123123,1.9394516387589766,2.1240903149794907,1,1,1,14.908487926874564,1.0744
899,1792706,2.0,2.066514728983172,0.011737922332933748,2.043508823957293,2.0895206340090504,2.064079608795504,0.05160850142443928,1.9596915615675863,2.1684676560234215,2.064079608795504,0.045332557670179054,1.9720496240614074,2.1561095935296,0,1,1,14.915505696513984,0.97
900,1793706,2.0,2.058325691959015,0.01157248981556005,2.0356440287090605,2.0810073552089694,2.055257256656443,0.046023313244023964,1.962166318847748,2.1483481944651377,2.055257256656443,0.04306628073367039,1.9678280586987635,2.142686454614122,0,1,1,13.849086239372628,0.961
901,1794706,2.0,1.994108019024035,0.011891666083648224,1.970800781783908,2.017415256264162,1.9937183484943806,0.05554280318881547,1.8813724248109747,2.1060642721777865,1.9937183484943806,0.05683333645483691,1.8783405415684968,2.1090961554202643,1,1,1,22.84130396907842,1.0266
902,1795706,2.0,1.8511044194871387,0.01164019958415383,1.828290047529339,1.8739187914449382,1.8511529898816694,0.05514442060928273,1.7396128710245853,1.9626931087387536,1.8511529898816694,0.05318354827063767,1.7431846468849632,1.9591213328783756,0,0,0,20.87534993303224,0.7776
903,1796706,2.0,1.9484213533640795,0.011808867810616264,1.9252763977570773,1.9715663089710818,1.9461076189796953,0.05525257688309129,1.8343487334096336,2.0578665045497573,1.9461076189796953,0.056896704390915376,1.830601168304382,2.0616140696550085,0,1,1,23.214412705015974,1.0224
904,1797706,2.0,1.9806936174383571,0.011471059340814438,1.9582107542658391,2.0031764806108754,1.984302063233978,0.04765481067216178,1.8879111103913255,2.080693016076631,1.984302063233978,0.048850090507728365,1.885131107198492,2.0834730192694644,1,1,1,18.135256085637455,1.1425
905,1798706,2.0,2.038069385867767,0.01203840740460716,2.014474540923517,2.0616642308120174,2.0394463877787548,0.06478003188582838,1.908416405483598,2.170476370073912,2.0394463877787548,0.06628428927897156,1.9048821265950755,2.174010648962434,0,1,1,30.316784360962952,1.0554
906,1799706,2.0,2.104849992547673,0.011410138194855132,2.082486532627132,2.1272134524682142,2.108311917152322,0.0442560808251177,2.0187955443109438,2.1978282899937005,2.108311917152322,0.044133952021647486,2.0187152312481556,2.1979086030564887,0,0,0,14.961110418747074,1.1099
907,1800706,2.0,2.014781747017575,0.011549302610327052,1.9921455298547797,2.0374179641803707,2.010356203639387,0.05110041194521194,1.9069958643876688,2.113716542891105,2.010356203639387,0.049894630191686,1.9090647193101262,2.1116476879686474,1,1,1,18.663629080267384,1.0385
908,1801706,2.0,1.9396545230274154,0.011475985660442875,1.9171620044458493,1.9621470416089815,1.933051468480031,0.05095639693994042,1.8299824270718246,2.0361205098882373,1.933051468480031,0.050442600727339935,1.8306475448218917,2.03545539213817,0,1,1,19.32034805658102,1.0985
909,1802706,2.0,2.0078052874390813,0.011770413939587464,1.9847357000343617,2.030874874843801,2.0198817156335362,0.049299128173258884,1.920164816711757,2.1195986145553154,2.0198817156335362,0.04907660589193052,1.9202509089207107,2.119512522346362,1,1,1,17.384634585838665,1.0352
910,1803706,2.0,2.071885913525547,0.011612365018172475,2.0491260963145965,2.094645730736498,2.0593321232667305,0.04533248084398634,1.967638525880859,2.1510257206526022,2.0593321232667305,0.04204206638226516,1.973982190984067,2.1446820555493944,0,1,1,13.107707745047234,1.0417
911,1804706,2.0,1.9690889664018087,0.01194814143237814,1.9456710395121568,1.9925068932914607,1.9587690535907054,0.06140807274141823,1.834559502439682,2.082978604741729,1.9587690535907054,0.06045587024546348,1.836037112096116,2.0815009950852947,0,1,1,25.602138615991358,0.9876
912,1805706,2.0,2.034551180713984,0.011504583104091836,2.0120026121728163,2.057099749255152,2.0225725610289045,0.03494670528530518,1.951886177563117,2.093258944494692,2.0225725610289045,0.03493500355783677,1.9516507333326862,2.093494388725123,0,1,1,9.221038014573406,1.0962
913,1806706,2.0,2.019123522055197,0.011799780842461024,1.9959963765785076,2.0422506675318863,2.022267279767063,0.04607750516713558,1.9290667284475511,2.1154678310865753,2.022267279767063,0.045642605381051894,1.9296078647169879,2.114926694817138,1,1,1,14.962114414477725,1.0353
914,1807706,2.0,2.0264848828742847,0.011284173439796034,2.004368309336981,2.0486014564115886,2.0213155337764475,0.03413670870121142,1.9522675230465674,2.0903635445063276,2.0213155337764475,0.031202345187943684,1.9579714054303992,2.0846596621224958,0,1,1,7.646011884862377,0.9211
915,1808706,2.0,1.9299965422599148,0.011927838866216067,1.9066184076687342,1.9533746768510953,1.9303779920889481,0.061489650126843126,1.8060034351011454,2.054752549076751,1.9303779920889481,0.06319693726278533,1.8020813887106282,2.0586745954672683,0,1,1,28.0716884757151,1.0038
916,1809706,2.0,1.983623866756239,0.011785022660083235,1.9605256467854875,2.0067220867269904,1.9844986541192098,0.047245026117344074,1.8889365687747584,2.0800607394636614,1.9844986541192098,0.047404321325820946,1.8882627655623339,2.0807345426760855,1,1,1,16.179869808648416,1.0498
917,1810706,2.0,1.9636426381845629,0.011877040103660688,1.9403640673384501,1.9869212090306756,1.9673762372342671,0.0628719007569356,1.840205814447761,2.094546660020773,1.9673762372342671,0.06174387334838876,1.842029510428818,2.0927229640397162,0,1,1,27.0253479991056,1.0037
918,1811706,2.0,2.1111131107451393,0.011671447657915715,2.08823749368818,2.1339887278020986,2.11703876066417,0.045145828920284146,2.025722702429578,2.2083548188987616,2.11703876066417,0.043606996040600594,2.028511852274965,2.2055656690533745,0,0,0,13.959275783366191,0.9577
919,1812706,2.0,1.954672346255116,0.011327064275223253,1.9324717082251082,1.976872984285124,1.953130069391959,0.04033094544770349,1.8715530322383913,2.0347071065455267,1.953130069391959,0.038872521565988596,1.8742146551697632,2.032045483614155,0,1,1,11.77743447075387,1.0089
920,1813706,2.0,2.0490392767652463,0.011871097996757665,2.0257723522346556,2.072306201295837,2.053454090070531,0.06112228936800089,1.929822590354016,2.177085589787046,2.053454090070531,0.0616029356892187,1.928393481924352,2.1785146982167096,0,1,1,26.929050309189073,0.9488
921,1814706,2.0,2.0113433071372113,0.011493110773358623,1.988817223951099,2.0338693903233236,2.0130043711876735,0.04613260468043088,1.9196923705829205,2.1063163717924263,2.0130043711876735,0.0465592767557605,1.9184840143122022,2.1075247280631446,1,1,1,16.41108389930634,0.926
922,1815706,2.0,1.9365401470059558,0.011768949958580464,1.9134734289512838,1.9596068650606278,1.939654379189161,0.05164423844765814,1.8351940470088695,2.044114711369452,1.939654379189161,0.05166613285116767,1.83476655326597,2.044542205112352,0,1,1,19.27243014469334,1.0468
923,1816706,2.0,1.9222840591208543,0.011492280721734532,1.8997596028060306,1.944808515435678,1.924517628174593,0.04241588335636089,1.8387234060443436,2.0103118503048427,1.924517628174593,0.03759330563612507,1.8481991603535572,2.000836095995629,0,1,1,10.70061106921353,1.0416
924,1817706,2.0,1.9732059128497363,0.011465971858255604,1.9507330209598055,1.9956788047396672,1.9755157726746606,0.045089468378883654,1.884313714395408,2.0667178309539134,1.9755157726746606,0.04549388249728471,1.8831582811300334,2.067873264219288,0,1,1,15.742882720554384,0.9718
925,1818706,2.0,1.9405382667943907,0.011770272587861633,1.9174689564339629,1.9636075771548185,1.937106857067723,0.05860949474747185,1.8185579642140695,2.0556557499213763,1.937106857067723,0.056571141135364746,1.82226133493865,2.051952379196796,0,1,1,23.100258348675947,0.8454
926,1819706,2.0,1.9883291509404457,0.011743435521427065,1.9653124402636803,2.0113458616172113,1.9853810659954845,0.043426863221792185,1.897541944071087,2.073220187919882,1.9853810659954845,0.04100617580718463,1.9021341033820915,2.0686280286088774,1,1,1,12.1929334525407,1.127
927,1820706,2.0,2.0148758480909987,0.011514441800340858,1.9923079568602482,2.0374437393217493,2.0159252905980654,0.03913232403387697,1.936772694094806,2.0950778871013247,2.0159252905980654,0.037624139575048766,1.9395442265531613,2.0923063546429694,1,1,1,10.67695410065731,0.9631
928,1821706,2.0,1.9468936450893095,0.0116608094925739,1.9240388784532818,1.9697484117253372,1.9429137927923668,0.053719026681594076,1.834256805290294,2.0515707802944396,1.9429137927923668,0.054611052915104874,1.8320474612993134,2.0537801242854203,0,1,1,21.933285892162978,0.9515
929,1822706,2.0,1.907904083551007,0.011538755130397359,1.8852885390690015,1.9305196280330126,1.9082968863973255,0.056171049179522536,1.794680215252967,2.021913557541684,1.9082968863973255,0.052561428530857435,1.801591513616668,2.015002259177983,0,1,1,20.749919015937913,1.0121
930,1823706,2.0,2.0173288136142906,0.011637428304104356,1.9945198732655791,2.0401377539630023,2.0230760497111775,0.04807418644351327,1.925836829303729,2.1203152701186263,2.0230760497111775,0.04469809139360498,1.9323340999953615,2.113817999426993,1,1,1,14.752442193441723,0.9452
931,1824706,2.0,1.9456363706257105,0.011114446380361947,1.9238524560120995,1.9674202852393214,1.943850130469644,0.02799066334665464,1.88723366987256,2.0004665910667283,1.943850130469644,0.02803444307990145,1.886937185309053,2.000763075630235,0,1,1,6.362212872284608,0.9321
932,1825706,2.0,1.93337542238169,0.011679624100260202,1.9104837797922138,1.956267064971166,1.9331498591489946,0.05940832746853845,1.8129851746038115,2.053314543694178,1.9331498591489946,0.058537673210854804,1.8143120646623105,2.0519876536356785,0,1,1,25.119626668958873,0.911
933,1826706,2.0,2.050082545921418,0.012189957675924241,2.026190667903539,2.073974423939297,2.0479833759285215,0.064226535165828,1.9180729464231796,2.1778938054338637,2.0479833759285215,0.06531615662920606,1.9153845285127291,2.180582223344314,0,1,1,28.710241666754907,1.05
934,1827706,2.0,2.064847949044125,0.011968961712432776,2.041389215155418,2.088306682932832,2.0628445143953296,0.06230917339282047,1.9368123151386756,2.1888767136519838,2.0628445143953296,0.06310611098642997,1.934732298160732,2.190956730629927,0,1,1,27.799045118569087,0.9355
935,1828706,2.0,1.9043171495505236,0.011633938726977615,1.8815150486473016,1.9271192504537455,1.9035344149091942,0.05783567570463566,1.786550718807237,2.0205181110111514,1.9035344149091942,0.05905636010392202,1.783643630048615,2.0234251997697736,0,1,1,25.76794635977674,1.051
936,1829706,2.0,1.98986598478936,0.011845273414349253,1.9666496755102056,2.0130822940685142,1.9887624996567657,0.047977270005280695,1.8917193112489323,2.0858056880645988,1.9887624996567657,0.04651276031507077,1.8943365761763327,2.083188423137199,1,1,1,15.418923297043548,0.9637
937,1830706,2.0,2.032482866187378,0.011615398110834266,2.0097171042240483,2.055248628150708,2.029784997414085,0.05091640327207333,1.9267968508347322,2.1327731439934374,2.029784997414085,0.05124043436626691,1.9257613853601352,2.133808609468035,0,1,1,19.460652874276686,1.0345
938,1831706,2.0,2.063872351818052,0.011860098389945298,2.0406269861206576,2.0871177175154463,2.074413405205549,0.059442102674277845,1.9541804038583943,2.1946464065527036,2.074413405205549,0.05882793682732295,1.9549863442497903,2.1938404661613076,0,1,1,24.60314640496956,0.9139
939,1832706,2.0,1.9876781553524039,0.011748889732189613,1.9646507546189798,2.010705556085828,1.978447385847629,0.04275820017617943,1.8919607625941568,2.0649340091011013,1.978447385847629,0.04084000087284719,1.8955377762859111,2.061356995409347,1,1,1,12.083084977575185,1.0419
940,1833706,2.0,2.0303966154996593,0.011713238202309193,2.0074390904807946,2.053354140518524,2.0299773978166016,0.04865401637049527,1.9315653606806809,2.1283894349525223,2.0299773978166016,0.04992597550195225,1.928622279124456,2.1313325165087473,0,1,1,18.16766729613027,0.9362
941,1834706,2.0,2.005585525705045,0.01198908323610316,1.9820873543546296,2.02908369705546,2.0092525007149513,0.06129275745376856,1.8852761967491982,2.1332288046807046,2.0092525007149513,0.06207635940571154,1.8832307913284987,2.135274210101404,1,1,1,26.80899459186088,1.1003
942,1835706,2.0,2.0038539173938967,0.011483603284019756,1.9813464685444722,2.0263613662433215,2.005283415069096,0.048643391741487206,1.9068928682737987,2.103673961864393,2.005283415069096,0.04710420237192272,1.909656800379947,2.1009100297582446,1,1,1,16.825305041802338,0.9897
943,1836706,2.0,1.9730815443211687,0.011771575885881595,1.9500096795435606,1.9961534090987767,1.9832567046553815,0.05393538150113156,1.8741620982243241,2.092351311086439,1.9832567046553815,0.055070890804905404,1.871456852616534,2.095056556694229,0,1,1,21.88643313486487,1.0215
944,1837706,2.0,1.9679170464981182,0.011633360447178656,1.9451160790024753,1.990718013993761,1.970252404427574,0.04296191601592986,1.8833537269947709,2.0571510818603773,1.970252404427574,0.04371527061903295,1.881505686958266,2.058999121896882,0,1,1,14.120691780339085,1.0497
945,1838706,2.0,2.1197909274882343,0.011870183269273993,2.0965257957905674,2.143056059185901,2.1259649271877206,0.06230090526887583,1.9999494517902952,2.251980402585146,2.1259649271877206,0.0576524154029565,2.0089243015953966,2.2430055527800445,0,1,0,23.589577678229844,1.059
946,1839706,2.0,2.1181426051060455,0.011587309036941296,2.095431896715905,2.140853313496186,2.113779517745128,0.04759848965437221,2.017502484913766,2.2100565505764904,2.113779517745128,0.045061471879769194,2.0222998664233787,2.2052591690668777,0,0,0,15.12326516318837,0.9251
947,1840706,2.0,1.9900416415359343,0.011783830407848653,1.966945758336623,2.0131375247352454,1.9945570578882572,0.056173176675614944,1.88093608347687,2.1081780322996444,1.9945570578882572,0.05750049575991002,1.8778248455677387,2.1112892702087755,1,1,1,23.810592976475714,1.0981
948,1841706,2.0,2.0538504188434583,0.011422837717089327,2.0314620683167175,2.076238769370199,2.054578372004899,0.03225615887025408,1.989334132342773,2.119822611667025,2.054578372004899,0.03203312405908241,1.9895476728859292,2.119609071123869,0,1,1,7.864128072240534,0.9475
949,1842706,2.0,1.937678063178177,0.011383587916753953,1.9153666408464938,1.95998948550986,1.9385888576285732,0.0400754810546796,1.8575285459831676,2.019649169273979,1.9385888576285732,0.041237236211324635,1.854872817456831,2.0223048978003155,0,1,1,13.122626527028467,0.9501
950,1843706,2.0,2.040139258999036,0.011768927354598111,2.017072585247355,2.0632059327507166,2.0317781875784013,0.04921090881457455,1.9322397291524045,2.1313166460043984,2.0317781875784013,0.0492844775137402,1.9317253790380817,2.131830996118721,0,1,1,17.536646567184057,0.9627
951,1844706,2.0,2.017673201933345,0.01180358746774846,1.9945385956081896,2.0408078082585,2.0277331311032896,0.05522595939857731,1.9160280844774684,2.1394381777291107,2.0277331311032896,0.055829935296291995,1.9143923368245837,2.1410739253819955,1,1,1,22.372071766972958,1.0053
952,1845706,2.0,1.9608498204517741,0.011734147464444265,1.9378513140321814,1.983848326871367,1.962759669272551,0.052599596155129776,1.8563669437319696,2.0691523948131327,1.962759669272551,0.05334281318914904,1.8544680013020827,2.0710513372430195,0,1,1,20.665634689021783,1.0665
953,1846706,2.0,2.0867751798626557,0.011763707565201951,2.0637187367101983,2.109831623015113,2.0985003256171777,0.04612055373197488,2.0052127003564446,2.191787950877911,2.0985003256171777,0.043728629740181775,2.009726487690111,2.1872741635442443,0,0,0,13.817939848121208,0.9559
954,1847706,2.0,1.9688456066937987,0.011816324854847309,1.9456860355486725,1.992005177838925,1.9726850669937108,0.05059844261942331,1.8703400565394022,2.0750300774480195,1.9726850669937108,0.05181348881197146,1.8674980925662172,2.0778720414212044,0,1,1,19.227411804550165,0.9933
955,1848706,2.0,2.0176446374094135,0.011620625172755895,1.9948686305929724,2.0404206442258546,2.0228595574519925,0.04610633263686415,1.929600697071213,2.116118417832772,2.0228595574519925,0.04559274965472096,1.9303013549072103,2.1154177599967747,1,1,1,15.393330132477347,0.9259
956,1849706,2.0,2.049147083948834,0.011399221398979056,2.0268050205550368,2.0714891473426316,2.042334762818652,0.0431559567581633,1.9550436009384162,2.129625924698888,2.042334762818652,0.04294204804747096,1.955157770622174,2.12951175501513,0,1,1,14.19106958480524,0.969
957,1850706,2.0,1.9426325175624155,0.011562102940544217,1.9199712122134043,1.9652938229114267,1.9356870193637314,0.044569329688145795,1.845537040891394,2.025836997836069,1.9356870193637314,0.04405358251305261,1.8462534922361526,2.0251205464913102,0,1,1,14.517398560896119,1.0537
958,1851706,2.0,2.0295618397181645,0.011504057537976209,2.0070143012676547,2.0521093781686743,2.027158976112469,0.04989169985615486,1.9262434878282253,2.128074464396713,2.027158976112469,0.045588008885635606,1.934610397840593,2.119707554384345,0,1,1,15.70359760238348,0.8927
959,1852706,2.0,2.007040755751487,0.011419235602589145,1.984659465239435,2.0294220462635395,2.010319252758963,0.03475153005964967,1.940027648449925,2.080610857068001,2.010319252758963,0.03383521989500473,1.9416301045960203,2.079008400921906,1,1,1,8.779381872290415,1.0818
960,1853706,2.0,2.1036735705196965,0.011660137620675994,2.080820120728391,2.126527020311002,2.1009719353529466,0.04875947262680079,2.0023465928049355,2.1995972779009576,2.1009719353529466,0.04882535422123973,2.0018511966487766,2.2000926740571165,0,0,0,17.534098941605617,1.0042
961,1854706,2.0,1.9692345267432572,0.011728235664790837,1.946247607238069,1.9922214462484453,1.953646218061653,0.05439568272273612,1.843620564529174,2.063671871594132,1.953646218061653,0.0547799467012135,1.8424370139543882,2.0648554221689177,0,1,1,21.8161365231483,0.9607
962,1855706,2.0,2.099661143326858,0.011421326012079203,2.0772757556874923,2.122046530966224,2.0969099576088035,0.040448855859258975,2.0150944241364046,2.1787254910812024,2.0969099576088035,0.04043539904493495,2.014821733425715,2.178998181791892,0,0,0,12.534020775597945,1.0685
963,1856706,2.0,1.9498973188093158,0.011566645715281893,1.9272271097854288,1.9725675278332029,1.9475967772117337,0.04522564688830311,1.8561192718979742,2.039074282525493,1.9475967772117337,0.04525113612400286,1.8557320870040601,2.0394614674194074,0,1,1,15.305379704026853,0.9286
964,1857706,2.0,2.0662385603673044,0.011624646304123205,2.043454672278206,2.0890224484564026,2.0687731424651186,0.04893931920033025,1.96978402588583,2.1677622590444074,2.0687731424651186,0.04182717901247782,1.983859454735541,2.153686830194696,0,1,1,12.946657368512541,1.0188
965,1858706,2.0,1.9936496298241053,0.01163574629448911,1.9708439861536613,2.0164552734945493,2.002287090412463,0.048308920660084805,1.9045730752365335,2.100001105588393,2.002287090412463,0.048474284134011024,1.9038790618757477,2.100695118949179,1,1,1,17.355387775098578,1.0226
966,1859706,2.0,2.0589612804821353,0.011878629746946982,2.035679593992433,2.0822429669718376,2.06381810967898,0.043295669715492015,1.9762443516685437,2.151391867689416,2.06381810967898,0.040253486682418134,1.9820991872252833,2.1455370321326765,0,1,1,11.48350111182437,0.9895
967,1860706,2.0,2.0341558447640824,0.01169471185899399,2.011234630710881,2.057077058817284,2.028974313967989,0.04912842687921395,1.9296026910037132,2.128345936932265,2.028974313967989,0.05007974141717365,1.927307033872258,2.1306415940637207,0,1,1,18.337710144615496,0.9724
968,1861706,2.0,1.9531676164489935,0.011751606806760373,1.9301348903472675,1.9762003425507195,1.9626629661359694,0.049971164575290154,1.8615867452858674,2.0637391869860715,1.9626629661359694,0.05015579804077855,1.8608412828856618,2.064484649386277,0,1,1,18.21578055556587,0.9484
969,1862706,2.0,1.9502824379494326,0.011684714415523139,1.9273808185253711,1.973184057373494,1.9567349222176929,0.05908633569660737,1.8372215275059212,2.0762483169294645,1.9567349222176929,0.05829403991035569,1.8383917296259378,2.0750781148094477,0,1,1,24.88926680758146,0.919
970,1863706,2.0,1.9956662321615695,0.011541912491730876,1.973044499365064,2.0182879649580747,1.9937122894829553,0.04664954589864843,1.899354676569921,2.0880699023959894,1.9937122894829553,0.047301265666496214,1.8976856150371257,2.089738963928785,1,1,1,16.79538519268796,1.0406
971,1864706,2.0,1.9958989002485368,0.011718370798873744,1.9729313155252584,2.018866484971815,2.0016756788762824,0.0523720044687713,1.8957433009731741,2.107608056779391,2.0016756788762824,0.04897191873825708,1.9022573983841151,2.1010939593684497,1,1,1,17.464645239808757,0.9909
972,1865706,2.0,2.032666758269084,0.011527940073948919,2.010072410908208,2.0552611056299597,2.0317221889310373,0.053966346416697564,1.9225649500464248,2.14087942781565,2.0317221889310373,0.054649104463005506,1.9207786086889087,2.142665769173166,0,1,1,22.473084184987066,1.0209
973,1866706,2.0,1.9562705278073724,0.011896262248803519,1.932954282249074,1.979586773365671,1.9608687464549015,0.05583856922364957,1.8479245794983814,2.0738129134114214,1.9608687464549015,0.056243928705858336,1.8466875008731916,2.0750499920366114,0,1,1,22.352712854389488,0.996
974,1867706,2.0,2.005247423529739,0.01197388199806574,1.9817790460583977,2.0287158010010806,2.0033181021985773,0.06547215402852481,1.870888170729832,2.1357480336673227,2.0033181021985773,0.06752979842676823,1.8662253230192476,2.140410881377907,1,1,1,31.806871840748286,1.0008
975,1868706,2.0,1.964294344728478,0.011836606977878581,1.9410950213526805,1.9874936681042754,1.9600500416448174,0.06503808129615543,1.8284981051504712,2.0916019781391637,1.9600500416448174,0.06575911771880164,1.8265519354091306,2.093548147880504,0,1,1,30.86437594553963,1.0213
976,1869706,2.0,2.032551259543285,0.011632521176831485,2.009751936987296,2.055350582099274,2.0294939349423236,0.044434690304164526,1.9396162903294445,2.1193715795552026,2.0294939349423236,0.04219465525466045,1.9438342307800474,2.1151536391045997,0,1,1,13.157312268585757,0.9527
977,1870706,2.0,1.929235668939473,0.011702254094837942,1.9062996723756542,1.9521716655032917,1.933505001612404,0.04767999224814657,1.8370631142246547,2.0299468890001533,1.933505001612404,0.04716513563842319,1.8377546858158382,2.02925531740897,0,1,1,16.244379532092474,0.9976
978,1871706,2.0,1.9920127112138315,0.011659904660546144,1.9691597180159903,2.0148657044116725,2.0014776637226808,0.045008800909744115,1.910438770800799,2.0925165566445623,2.0014776637226808,0.04544432454451708,1.909220780170875,2.0937345472744866,1,1,1,15.190403383436816,0.9784
979,1872706,2.0,2.00597601692907,0.011636408728149743,1.983169074912509,2.028782958945631,2.0178653849519868,0.039768211017210724,1.9374265856213688,2.098304184282605,2.0178653849519868,0.03819627628435649,1.9403228216374742,2.0954079482664993,1,1,1,10.774673462322987,0.9796
980,1873706,2.0,1.9836971686789013,0.0116441987890764,1.9608749584234866,2.006519378934316,1.9898279260554008,0.046473815707209855,1.8958257610049656,2.083830091105836,1.9898279260554008,0.04242096502406121,1.9037087886360238,2.075947063474778,1,1,1,13.272167858259738,0.9326
981,1874706,2.0,1.9578547981739312,0.01167690524999554,1.9349684844330532,1.980741111914809,1.958032016672718,0.04630397734457346,1.8643733821362616,2.051690651209175,1.958032016672718,0.04304309289893543,1.8706498925221733,2.045414140823263,0,1,1,13.587871412978805,1.0209
982,1875706,2.0,2.1165849563740355,0.01177731924101186,2.093501834827222,2.1396680779208492,2.1207050695434377,0.051332399429732924,2.016875491313217,2.2245346477736585,2.1207050695434377,0.044981087769096685,2.02938860664207,2.2120215324448056,0,0,0,14.58703458378867,0.9733
983,1876706,2.0,2.024492910300336,0.011458748813303672,2.0020341753183697,2.0469516452823022,2.0330170940764423,0.04008473584707943,1.9519380628464826,2.1140961253064017,2.0330170940764423,0.03986853724101375,1.9520796605357162,2.1139545276171683,0,1,1,12.10559680531373,1.0542
984,1877706,2.0,2.0369352454351284,0.01162494244389747,2.0141507769227385,2.0597197139475183,2.0330329332645674,0.0418250590382175,1.9484337661179634,2.1176321004111713,2.0330329332645674,0.040904712814756626,1.9499919514765265,2.116073915052608,0,1,1,12.381266541961987,0.9501
985,1878706,2.0,1.9852898546411795,0.01184640285977547,1.9620713316896672,2.0085083775926917,1.985126926461465,0.05472547702236875,1.8744342009936394,2.0958196519292907,1.985126926461465,0.05406917044913513,1.8753606748587566,2.0948931780641735,1,1,1,20.831781795797234,0.8817
986,1879706,2.0,1.952275902955516,0.011819636378310417,1.929109841343668,1.9754419645673638,1.9566338664859635,0.05408312054375343,1.84724042963486,2.066027303337067,1.9566338664859635,0.05479434956821364,1.8453954230042122,2.0678723099677145,0,1,1,21.491331346437764,1.0024
987,1880706,2.0,1.9603408774958844,0.01173435498582525,1.9373419643418588,1.98333979064991,1.9569887027909192,0.05448474376792145,1.846782906291015,2.0671944992908236,1.9569887027909192,0.05521195945788777,1.8449024661612248,2.069074939420614,0,1,1,22.138483914496593,1.0589
988,1881706,2.0,1.9549726110687113,0.011658465356079804,1.932122438855787,1.9778227832816357,1.9538430419625004,0.05433009717124372,1.8439500477295108,2.0637360361954897,1.9538430419625004,0.05352130043706939,1.8451890256149373,2.0624970583100635,0,1,1,21.075143546057138,1.063
989,1882706,2.0,2.043408297244955,0.011483644474982858,2.0209007676627264,2.065915826827184,2.0429851155750707,0.038541916411645,1.9650267312084206,2.120943499941721,2.0429851155750707,0.03697801360016242,1.9679157569944319,2.1180544741557092,0,1,1,10.36878044336069,0.8277
990,1883706,2.0,1.9983263328455807,0.011669628306071541,1.9754542816527114,2.02119838403845,1.9958188542822461,0.047478967448122605,1.8997835779322076,2.0918541306322846,1.9958188542822461,0.048919596123528274,1.8965067943450666,2.0951309142194257,1,1,1,17.573233473295957,1.0893
991,1884706,2.0,2.0638848547197557,0.011574619861172943,2.0411990166571146,2.086570692782397,2.059787473690759,0.04294514271205967,1.9729227234673932,2.146652223914125,2.059787473690759,0.04346715418829499,1.9715444593546214,2.148030488026897,0,1,1,14.102916745419561,0.9682
992,1885706,2.0,1.9768248431017987,0.011361732591242967,1.9545562564209875,1.99909342978261,1.9830992938515917,0.0371160747091139,1.908024946550061,2.0581736411531226,1.9830992938515917,0.03730391861694001,1.9073683129125363,2.058830274790647,0,1,1,10.780025368548447,1.0613
993,1886706,2.0,2.011043635336861,0.011686871654808714,1.9881377878014936,2.0339494828722278,2.0200500672790973,0.05166805894146257,1.9155415536022768,2.124558580955918,2.0200500672790973,0.05293282147234986,1.91259072674342,2.1275094078147747,1,1,1,20.51415054145714,1.0179
994,1887706,2.0,2.101373427706604,0.011699034486108515,2.0784437414599393,2.124303113953269,2.095387931925659,0.05769869766964961,1.9786813000513126,2.2120945638000054,2.095387931925659,0.05710511876964001,1.9794583775677355,2.2113174862835825,0,1,1,23.825939568511295,0.9134
995,1888706,2.0,2.032285706459564,0.011299972672041326,2.010138166996076,2.054433245923052,2.0412615679330424,0.0410099098758193,1.9583111955956969,2.124211940270388,2.0412615679330424,0.04048139850159071,1.9590799598883015,2.123443175977783,0,1,1,12.833828420077726,1.1189
996,1889706,2.0,1.9736387210098623,0.011664568181320318,1.9507765874792626,1.9965008545404619,1.9692323811452068,0.05046557801113456,1.867156114727678,2.0713086475627356,1.9692323811452068,0.04664918816368726,1.8745294944076634,2.0639352678827505,0,1,1,15.993770072203844,0.99
997,1890706,2.0,2.0290202873975605,0.01159436660004596,2.006295746437916,2.051744828357205,2.038904594583255,0.04861978202923411,1.9405618029385567,2.1372473862279535,2.038904594583255,0.04700785475461513,1.9434735759558703,2.1343356132106397,0,1,1,16.43791794490333,1.042
998,1891706,2.0,1.8571988886462083,0.011747053218629523,1.8341750874132192,1.8802226898791974,1.8627342567911134,0.050336846976352025,1.7609183734687663,1.9645501401134604,1.8627342567911134,0.047213128983505735,1.7668865093241923,1.9585820042580344,0,0,0,16.153539378490855,0.8723
999,1892706,2.0,2.00871852067256,0.011772477625620847,1.9856448885175397,2.0317921528275806,2.010111993206962,0.047897224252715066,1.9132307126160308,2.1069932737978934,2.010111993206962,0.04912376265750388,1.9103854531704756,2.109838533243449,1,1,1,17.4119536083305,0.934
1000,1893706,2.0,1.9881146315069285,0.011506687315651725,1.9655619387868872,2.01066732422697,1.9784695089606004,0.04057690042675794,1.8963949809041614,2.0605440370170394,1.9784695089606004,0.03937911057057515,1.8985256643838289,2.0584133535373716,1,1,1,11.712003196475798,0.9367
1001,1894706,2.0,1.9650797606415211,0.011754983159922214,1.9420404170091987,1.9881191042738435,1.9676224981920067,0.050792168385583196,1.8648856403895093,2.070359355994504,1.9676224981920067,0.04170983885997731,1.8829470236363226,2.052297972747691,0,1,1,12.590210794323841,1.0639
1002,1895706,2.0,2.030226148815776,0.011425634749019729,2.007832316207188,2.052619981424364,2.0255038785897934,0.04517703494491215,1.9341247002125361,2.1168830569670507,2.0255038785897934,0.04522207049224966,1.9336981947515814,2.117309562428005,0,1,1,15.665353956314737,1.0639
1003,1896706,2.0,1.9954855191669836,0.011368028963970801,1.9732045918223926,2.0177664465115743,1.9935178902912434,0.036543972516436526,1.9196007289001742,2.0674350516823123,1.9935178902912434,0.03722275395982582,1.9179516823660892,2.069084098216398,1,1,1,10.721280546403147,1.0018
1004,1897706,2.0,2.0137531373485578,0.011477435649469658,1.9912577768407211,2.0362484978563944,2.0197703233073487,0.04114578750851796,1.9365451125161075,2.10299553409859,2.0197703233073487,0.03936714333517674,1.9398507735100388,2.0996898731046585,1,1,1,11.764624498819815,0.9216
1005,1898706,2.0,1.9698381161543161,0.011742270535564779,1.9468236888078834,1.992852543500749,1.969009454861768,0.04354523957380504,1.8809308941650071,2.057088015558529,1.969009454861768,0.04259148285903717,1.8825441478336982,2.055474761889838,0,1,1,13.156529904604817,0.9597
1006,1899706,2.0,1.9624310256928574,0.011423302868714777,1.9400417634856835,1.9848202879000314,1.956301948296372,0.03763413111330346,1.88017973301002,2.0324241635827236,1.956301948296372,0.038104632219592295,1.8789454323243142,2.03365846426843,0,1,1,11.126848259529114,0.8878
1007,1900706,2.0,2.0474755750257883,0.011283813948114035,2.025359706079234,2.0695914439723424,2.0447599404805668,0.03916809306694174,1.9655349942789089,2.1239848866822246,2.0447599404805668,0.03869305914019214,1.9662088543518033,2.12331102660933,0,1,1,11.75856436670795,0.9598
1008,1901706,2.0,2.0415765149572906,0.011714715004840797,2.018616095458652,2.0645369344559295,2.046412075917249,0.05019226706999312,1.9448886330587138,2.147935518775784,2.046412075917249,0.04899383611940111,1.946949300775855,2.145874851058643,0,1,1,17.491193135349317,0.9336
1009,1902706,2.0,1.8575009289689361,0.012048737216952515,1.8338858379645218,1.8811160199733505,1.8568970084158969,0.05998499794799273,1.7355658977280684,1.9782281191037254,1.8568970084158969,0.06163106050465203,1.7317793038589262,1.9820147129728676,0,0,0,26.164727537251206,1.0088
1010,1903706,2.0,2.0044297277963814,0.012087285264252247,1.9807390840075854,2.0281203715851777,2.006962419054367,0.05595111800334595,1.8937906007030938,2.12013423740564,2.006962419054367,0.05230813842750599,1.9007712525206706,2.113153585588063,1,1,1,18.727550863967522,1.1137
1011,1904706,2.0,1.9960535288747323,0.011731223304480645,1.9730607537033533,2.0190463040461113,2.001251079273226,0.06055794930971568,1.8787610650684177,2.1237410934780345,2.001251079273226,0.061557567556261905,1.8762825733334527,2.1262195852129993,1,1,1,27.534443120828893,1.1514
1012,1905706,2.0,1.9560564012276376,0.011470427393673535,1.9335747766487559,1.9785380258065193,1.9613981459496928,0.036222003907137916,1.888132227541189,2.034664064358197,1.9613981459496928,0.028890530785777264,1.9027472503501257,2.02004904154926,0,1,1,6.343834455112805,0.9101
1013,1906706,2.0,2.0637706154832296,0.011386072615594557,2.0414543232313065,2.0860869077351527,2.06598091763352,0.04107033623506052,1.9829083214480063,2.149053513819034,2.06598091763352,0.039502719038644725,1.9857861345257215,2.1461757007413182,0,1,1,12.036662442254796,1.0126
1014,1907706,2.0,2.0059542163535737,0.01140752906026732,1.9835958702428558,2.0283125624642917,2.0083976972489634,0.04328298938314397,1.9208495876316307,2.0959458068662964,2.0083976972489634,0.04130961553795079,1.924534719232396,2.092260675265531,1,1,1,13.113515640815681,0.9435
1015,1908706,2.0,2.0433771647855403,0.011627528336538077,2.0205876280167065,2.066166701554374,2.0396701854945634,0.05414413922826876,1.930153326704338,2.1491870442847887,2.0396701854945634,0.05489429949084883,1.9282288328824424,2.1511115381066843,0,1,1,22.288440462220233,1.1053
1016,1909706,2.0,1.989051316038221,0.011631871618519479,1.9662532665931292,2.0118493654833127,1.981072413836511,0.05286123750375918,1.8741504687157506,2.087994358957271,1.981072413836511,0.0512833397711964,1.876961699179849,2.0851831284931728,1,1,1,19.438081573159362,0.9777
1017,1910706,2.0,2.032239379200152,0.011643987222112464,2.009417583608367,2.0550611747919367,2.0260248801941305,0.049826348983147854,1.9252415765273345,2.1268081838609265,2.0260248801941305,0.05060959158857344,1.9232819470646558,2.128767813323605,0,1,1,18.891316533658664,1.0809
1018,1911706,2.0,1.9838128347076596,0.01162026755390737,1.9610375288112818,2.0065881406040376,2.001818552008805,0.04887096210794154,1.902967700699611,2.100669403317999,2.001818552008805,0.0494019650484494,1.9015272310928015,2.1021098729248084,1,1,1,18.07407968915129,1.0171
1019,1912706,2.0,1.9157282224637764,0.011475168577476368,1.893237305335397,1.9382191395921557,1.9065678743182484,0.04965374484795275,1.8061336954684724,2.0070020531680246,1.9065678743182484,0.048537090011710714,1.808032343071274,2.005103405565223,0,1,1,17.890781908115073,0.9923
1020,1913706,2.0,2.046736210795904,0.0117504946849188,2.0237056644129336,2.0697667571788743,2.040661551531033,0.06055663477898459,1.9181741962155985,2.1631489068464673,2.040661551531033,0.06059184790810154,1.917653560705457,2.1636695423566086,0,1,1,26.589862683322067,1.0626
1021,1914706,2.0,1.972667455867879,0.011679837223983427,1.9497753955635813,1.9955595161721766,1.978870851122879,0.04593031215930177,1.8859680257638052,2.0717736764819525,1.978870851122879,0.046558327305387136,1.884352421734138,2.07338928051162,0,1,1,15.88989976402774,1.0886
1022,1915706,2.0,1.9311542392868908,0.011635360367961813,1.9083493520185408,1.9539591265552407,1.9309527164271407,0.03922268677959257,1.851617344018613,2.0102880888356687,1.9309527164271407,0.03981870468464098,1.850116448354192,2.0117889845000896,0,1,1,11.711555449163306,0.9445
1023,1916706,2.0,1.96890316812767,0.011652733576664423,1.9460642299959672,1.991742106259373,1.9641058235173787,0.0531224693814763,1.8566554870495358,2.0715561599852217,1.9641058235173787,0.05459215830740786,1.8532778501172122,2.0749337969175454,0,1,1,21.94850251983881,0.953
1024,1917706,2.0,1.994585934977375,0.011796934949291798,1.971464367348801,2.0177075026059486,1.9863382372322966,0.05535100192312552,1.8743802682274533,2.0982962062371397,1.9863382372322966,0.0537794002437996,1.8771602504208107,2.0955162240437826,1,1,1,20.78229665943537,1.1805
1025,1918706,2.0,1.9957778433848123,0.011396360462745614,1.9734413873229948,2.01811429944663,1.9975690914876527,0.033409009827389785,1.9299929906623725,2.065145192312933,1.9975690914876527,0.03412150876060302,1.928298746028889,2.0668394369464163,1,1,1,8.964459258055768,0.9706
1026,1919706,2.0,2.0008485630516315,0.01196709897364758,1.977393480063856,2.024303646039407,2.0067529439084155,0.06372258189494322,1.877861856108215,2.135644031708616,2.0067529439084155,0.06405741973944777,1.8767094682321026,2.136796419584728,1,1,1,28.652407324242947,1.0424
1027,1920706,2.0,1.8719546362984836,0.011908658222079049,1.8486140950790118,1.8952951775179554,1.8719652763069046,0.06015246005659979,1.7502954415325462,1.993635111081263,1.8719652763069046,0.05912150455472659,1.7519422411802654,1.9919883114335437,0,0,0,24.64706968323063,0.9999
1028,1921706,2.0,1.9517497324692183,0.01163402266183115,1.9289474670567064,1.9745519978817303,1.9564090477638323,0.04490408332835884,1.8655819661429869,2.047236129384678,1.9564090477638323,0.04551654024738956,1.8640055585410809,2.0488125369865835,0,1,1,15.306597993902018,1.1012
1029,1922706,2.0,2.0065191172026555,0.011628269708021636,1.983728127372415,2.029310107032896,2.0152046904613017,0.04601306529804408,1.9221344810798893,2.108274899842714,2.0152046904613017,0.04747484369579598,1.9188256338820204,2.1115837470405827,1,1,1,16.66851439686017,0.9101
1030,1923706,2.0,1.9009020264337504,0.012252154649720723,1.8768882445872828,1.924915808280218,1.9072701157355156,0.0706238716871649,1.7644198517360459,2.0501203797349854,1.9072701157355156,0.07126539705823115,1.762593668157692,2.051946563313339,0,1,1,33.83237441969645,0.9329
1031,1924706,2.0,1.9045548927489382,0.012084323165404965,1.8808700545672015,1.928239730930675,1.8989574508001896,0.06269976606752214,1.7721352032869837,2.0257796983133955,1.8989574508001896,0.06041732965532616,1.7763037508631974,2.021611150737182,0,1,1,24.996453239776542,1.0358
1032,1925706,2.0,2.0764576815373634,0.011397235268934278,2.0541195108869226,2.0987958521878043,2.0701974887197125,0.042842654441877084,1.9835400405898551,2.15685493684957,2.0701974887197125,0.04372517788736313,1.98143065842642,2.158964319013005,0,1,1,14.718520032836096,1.0826
1033,1926706,2.0,2.0082029901572844,0.011447065950914324,1.9857671531648375,2.030638827149731,2.0056275967074395,0.043471946696893075,1.917697284847312,2.093557908567567,2.0056275967074395,0.03338650519158354,1.9378493878214345,2.0734058055934446,1,1,1,8.506551809054193,1.0083
1034,1927706,2.0,2.0299159029115743,0.011617958492034806,2.007145122693305,2.052686683129844,2.037127754365616,0.0442268017286199,1.9476706040868705,2.1265849046443615,2.037127754365616,0.042792780768818935,1.950253790854958,2.1240017178762742,0,1,1,13.566923513497834,0.9272
1035,1928706,2.0,2.0032866396125755,0.011659845326052966,1.980433762708204,2.026139516516947,2.0079177757078286,0.043109230991139676,1.9207211256122831,2.095114425803374,2.0079177757078286,0.042009205480378745,1.922634554602614,2.093200996813043,1,1,1,12.980856740628877,0.892
1036,1929706,2.0,1.9811574867926018,0.011714922853170981,1.9581966599187215,2.004118313666482,1.9838164194233614,0.0546110280868938,1.8733551887781288,2.094277650068594,1.9838164194233614,0.0534469385964921,1.8753133656379135,2.0923194732088093,1,1,1,20.814539279564393,1.0916
1037,1930706,2.0,1.9578711925043302,0.01168503321892557,1.934968948237082,1.9807734367715784,1.9623993140691076,0.05399850123078679,1.8531770359340014,2.071621592204214,1.9623993140691076,0.05217270413663647,1.8564830937630625,2.0683155343751527,0,1,1,19.935484330355656,1.0807
1038,1931706,2.0,2.106904439127272,0.011675209908038366,2.0840214481955717,2.1297874300589723,2.104595384179751,0.05641728435232716,1.9904806553871668,2.2187101129723352,2.104595384179751,0.05575811887720472,1.9914003849828126,2.2177903833766894,0,1,1,22.807980446611015,1.0014
1039,1932706,2.0,2.043224969198394,0.011422125925716264,2.0208380137571087,2.065611924639679,2.0452886485023294,0.04311753804276492,1.9580751958088891,2.1325021011957697,2.0452886485023294,0.042487341369643786,1.9590347599375368,2.131542537067122,0,1,1,13.836467412308858,1.1453
1040,1933706,2.0,2.027868401860535,0.01140715227705028,2.0055107942313524,2.0502260094897173,2.0306820926248066,0.04118984203357061,1.9473677731457548,2.1139964121038584,2.0306820926248066,0.04082790180695593,1.947797045472679,2.1135671397769342,0,1,1,12.810310163232737,0.9609
1041,1934706,2.0,1.9194784481168365,0.012011314811554118,1.895936703679218,1.943020192554455,1.9316841773082607,0.06087624737777492,1.8085503444913238,2.0548180101251976,1.9316841773082607,0.06245196603322001,1.8048999459293997,2.058468408687122,0,1,1,27.034051081502678,1.0303
1042,1935706,2.0,1.9559219734890352,0.011720924497024767,1.9329493836093534,1.978894563368717,1.9619357030251228,0.04578115734652763,1.869334571751527,2.0545368342987183,1.9619357030251228,0.044931203349675965,1.8707205108791172,2.0531508951711284,0,1,1,14.695093828386566,1.0254
1043,1936706,2.0,2.0476426550571167,0.011559490742672925,2.0249864695218536,2.07029884059238,2.0429636363021997,0.036823142933815334,1.9684817994427557,2.1174454731616437,2.0429636363021997,0.0366984073780548,1.9684619085298498,2.1174653640745498,0,1,1,10.078990402122576,0.8896
1044,1937706,2.0,1.9881906613579954,0.011463361524419317,1.9657228856283713,2.0106584370876193,1.9909641290294635,0.03966403186067025,1.9107360519328371,2.07119220612609,1.9909641290294635,0.04009546266899057,1.90956601237828,2.072362245680647,1,1,1,12.233943774824084,1.0466
1045,1938706,2.0,1.9869594780390472,0.011559784802225569,1.9643027161576516,2.009616239920443,1.9811489394262212,0.04574179157948958,1.8886274329321737,2.0736704459202686,1.9811489394262212,0.046699664234310115,1.8863435808175193,2.0759542980349233,1,1,1,16.320295482510208,0.969
1046,1939706,2.0,2.086575825120854,0.011555143589282304,2.063928159849672,2.1092234903920364,2.0829502497522325,0.051835621471856684,1.9781028088666455,2.1877976906378196,2.0829502497522325,0.05232264336935221,1.9767296366210954,2.1891708628833695,0,1,1,20.50353104665828,0.9192
1047,1940706,2.0,1.9937895685522036,0.011677224162899565,1.9709026297535195,2.0166765073508874,1.9879508199803304,0.04825880177110873,1.8903381798260548,2.085563460134606,1.9879508199803304,0.049730765191622554,1.8869919992868613,2.0889096406737995,1,1,1,18.13723369106778,0.793
1048,1941706,2.0,1.9641245044721924,0.011817085275709667,1.940963442929563,1.9872855660148219,1.966333166660011,0.0551588177569012,1.8547639268231646,2.0779024064968574,1.966333166660011,0.05469462436015638,1.8552971761137833,2.0773691572062387,0,1,1,21.42242094585873,1.0752
1049,1942706,2.0,1.9783761199051926,0.011678600433462851,1.9554864836657715,2.0012657561446137,1.9788242378584484,0.04524467426274518,1.8873082460471728,2.070340229669724,1.9788242378584484,0.04201738250693272,1.893524416506797,2.0641240592100996,1,1,1,12.944234997851767,0.9184
1050,1943706,2.0,2.015775055436739,0.011528147340456298,1.9931803018409733,2.0383698090325044,2.0176836431852343,0.04619255592741005,1.9242503797375718,2.1111169066328968,2.0176836431852343,0.046960032275096014,1.92234970935267,2.1130175770177986,1,1,1,16.593489940727306,0.9083
1051,1944706,2.0,1.9843782501453913,0.011742152750958917,1.9613640536525438,2.0073924466382387,1.980787810278183,0.05374481507083579,1.8720786608353488,2.0894969597210173,1.980787810278183,0.05422573107643514,1.870703723704741,2.090871896851625,1,1,1,21.32629343090009,1.0154
1052,1945706,2.0,1.919810669727006,0.011428294229774273,1.8974116246319217,1.9422097148220905,1.9228040174865044,0.04751561893989204,1.826694606496858,2.018913428476151,1.9228040174865044,0.04800311812605483,1.8253525067980627,2.020255528174946,0,1,1,17.64314775209395,1.0563
1053,1946706,2.0,1.9525591479488993,0.011576042160194061,1.9298705222314017,1.975247773666397,1.9593958036294397,0.0469245334626465,1.8644819758675835,2.054309631391296,1.9593958036294397,0.045874356643384,1.866265908504322,2.0525256987545575,0,1,1,15.704343051647225,1.0374
1054,1947706,2.0,1.9846836826432692,0.01203777040197271,1.9610900862012404,2.008277279085298,1.9825586296006268,0.0606526361693949,1.8598770931444986,2.1052401660567552,1.9825586296006268,0.062126025909364356,1.85643609185134,2.1086811673499137,1,1,1,26.635143166478027,1.0427
1055,1948706,2.0,2.0247353526406804,0.012033511058750557,2.001150104357965,2.048320600923396,2.0280126653708304,0.05667511910706029,1.9133764165609777,2.142648914180683,2.0280126653708304,0.05844220619406904,1.9093686792318096,2.146656651509851,0,1,1,23.586770510017836,1.0287
1056,1949706,2.0,2.0516826086451356,0.011549726088406044,2.029045561480557,2.074319655809714,2.0559949730582607,0.051107845601618185,1.952619597817227,2.1593703482992943,2.0559949730582607,0.050904936461282045,1.9526524579611322,2.1593374881553893,0,1,1,19.42568893352441,1.0133
1057,1950706,2.0,2.0667741398903265,0.012004589935882,2.043245575966826,2.090302703813827,2.0790964390457436,0.061211265859244135,1.9552849673882944,2.202907910703193,2.0790964390457436,0.06228594330733196,1.9526492517189777,2.2055436263725094,0,1,1,26.92064326317839,0.8932
1058,1951706,2.0,2.0029818771131787,0.01174618006500212,1.9799597872298522,2.0260039669965053,2.001203605827594,0.05036720438385265,1.8993263188527396,2.1030808928024487,2.001203605827594,0.05120024106765127,1.8972615905078265,2.105145621147362,1,1,1,18.999873229427557,1.1123
1059,1952706,2.0,2.0102157341438014,0.011444127652960854,1.9877856561095193,2.0326458121780835,2.0097019895354555,0.047959586425357574,1.9126945695441666,2.1067094095267445,2.0097019895354555,0.04912960832580756,1.9099635821613996,2.1094403969095117,1,1,1,18.429825225700842,1.0212
1060,1953706,2.0,1.9667660917504333,0.011802597562451615,1.9436334256040078,1.9898987578968588,1.9686238039179353,0.05240963704529315,1.8626153069439986,2.074632300891872,1.9686238039179353,0.05160673244997789,1.863856567220141,2.07339104061573,0,1,1,19.118663342458373,0.9111
1061,1954706,2.0,1.9481853293688673,0.011447851508866787,1.9257479527111259,1.9706227060266088,1.95230517967379,0.03708418255915029,1.877295340334411,2.027315019013169,1.95230517967379,0.03698718436001104,1.8772172034608745,2.0273931558867053,0,1,1,10.438895955775433,0.9818
1062,1955706,2.0,1.9803325932074884,0.011375697061173603,1.95803663666855,2.0026285497464267,1.9822547768193541,0.03864165334383601,1.9040946554655689,2.060414898173139,1.9822547768193541,0.039108138253427016,1.9028610352919615,2.061648518346747,1,1,1,11.81893236548028,0.9135
1063,1956706,2.0,1.9268644762902087,0.011449649308427777,1.9044235760100763,1.9493053765703412,1.9262006852955105,0.05326983566310736,1.8184522723878929,2.033949098203128,1.9262006852955105,0.05021954787363483,1.8242495830040968,2.028151787586924,0,1,1,19.238057885802853,0.9708
1064,1957706,2.0,2.0052361699686334,0.011624372492534273,1.9824528185403882,2.0280195213968786,2.0023684039475533,0.03872798967428922,1.9240336508820912,2.0807031570130157,2.0023684039475533,0.0389569567738114,1.923281577140533,2.0814552307545737,1,1,1,11.231325418406856,0.8696
1065,1958706,2.0,2.023288324391336,0.011658225256697281,2.000438622764554,2.046138026018118,2.020789566674677,0.04887955765357038,1.921921329233387,2.1196578041159673,2.020789566674677,0.04573745137641471,1.9279376040174532,2.1136415293319013,0,1,1,15.391432315794624,1.0264
1066,1959706,2.0,1.9226127941201163,0.011646518461364684,1.8997860373905606,1.945439550849672,1.9199148381662814,0.060403414252690524,1.7977374006181452,2.0420922757144178,1.9199148381662814,0.06190137170203988,1.7942483727043987,2.045581303628164,0,1,1,28.249340075639445,1.0369
1067,1960706,2.0,1.9616895951528228,0.012101882997467832,1.9379703403326682,1.9854088499729774,1.96958734323778,0.05873878647180631,1.8507769331872792,2.0883977532882807,1.96958734323778,0.057272306401320715,1.853318379943276,2.085856306532284,0,1,1,22.39666974662091,0.9737
1068,1961706,2.0,1.993543689518813,0.01203559005053564,1.9699543664870744,2.0171330125505516,2.0025556410873135,0.05636369501096863,1.888549306968906,2.116561975205721,2.0025556410873135,0.05739997595713327,1.8860274948153584,2.1190837873592687,1,1,1,22.745141748918442,1.0971
1069,1962706,2.0,2.0212563084092006,0.011920814381100991,1.9978919415558556,2.0446206752625455,2.0260710280245204,0.05988623825524066,1.904939677670487,2.147202378378554,2.0260710280245204,0.06138704160697195,1.9014487081663731,2.150693347882668,1,1,1,26.518048285126994,0.995
1070,1963706,2.0,2.0020321630552314,0.01158610849417692,1.979323807685671,2.0247405184247915,2.0091968695385023,0.046908587191779004,1.9143152961539383,2.1040784429230666,2.0091968695385023,0.04785813822543928,1.9120396836957372,2.106354055381267,1,1,1,17.06225457281463,0.9354
1071,1964706,2.0,2.0263231718923147,0.011819072679965422,2.0031582151089213,2.049488128675708,2.026342698836599,0.05700549922858476,1.911038193154778,2.14164720451842,2.026342698836599,0.05874815003211674,1.907077613686358,2.1456077839868395,0,1,1,24.70708924867143,0.9896
1072,1965706,2.0,1.9562715818064484,0.01165088188147499,1.9334362729306271,1.9791068906822697,1.949167219658071,0.05383024790852855,1.8402852659901625,2.0580491733259794,1.949167219658071,0.05423565253150632,1.8390629914600292,2.0592714478561125,0,1,1,21.669662170603353,0.9732
1073,1966706,2.0,2.0518499599780347,0.011344375101711011,2.0296153933515684,2.074084526604501,2.055765628516367,0.040649404827370846,1.9735444464671454,2.1379868105655886,2.055765628516367,0.03742336160329099,1.9797921654237465,2.1317390916089876,0,1,1,10.882393758114228,0.9916
1074,1967706,2.0,2.013018222739431,0.011575300569440412,1.990331050513102,2.03570539496576,2.0159269046734165,0.04800369159569098,1.9188302735545675,2.1130235357922658,2.0159269046734165,0.0483889376122473,1.9176921387871821,2.114161670559651,1,1,1,17.47541993106285,0.9802
1075,1968706,2.0,2.07092781912167,0.011495625289615438,2.048396807574256,2.093458830669084,2.0735672357359443,0.04376182707141514,1.985050585474374,2.1620838859975144,2.0735672357359443,0.04123695854558513,1.989851759255621,2.157282712216267,0,1,1,12.867911165738773,1.0502
1076,1969706,2.0,1.9791934236817144,0.011319024555481325,1.9570085432128466,2.0013783041505824,1.9700218940351555,0.041967079346002516,1.8851354637015338,2.054908324368777,1.9700218940351555,0.03989840688433705,1.8890238218947049,2.0510199661756063,1,1,1,12.424905827424762,1.0144
1077,1970706,2.0,2.0752903561081615,0.01190601663289099,2.05195499230836,2.0986257199079628,2.0684903052201786,0.050063105108350575,1.967228117088672,2.169752493351685,2.0684903052201786,0.04863311429163434,1.9697598343212268,2.1672207761191307,0,1,1,16.685191380027174,1.0062
1078,1971706,2.0,2.0855859397534124,0.011283604367871862,2.063470481576585,2.10770139793024,2.085391647779234,0.038471552787154646,2.007575587276941,2.1632077082815266,2.085391647779234,0.03824690001807696,2.0077463128215376,2.16303698273693,0,0,0,11.489384947360538,0.8602
1079,1972706,2.0,1.970932183166623,0.011590296985516736,1.9482156185048871,1.993648747828359,1.9742664759140844,0.04272224139806822,1.8878525861545932,2.0606803656735755,1.9742664759140844,0.04129348056931021,1.8904362536252763,2.0580966982028928,0,1,1,12.693279770152449,0.9877
1080,1973706,2.0,2.019366534108583,0.011906843333858016,1.9960295500046603,2.0427035182125053,2.031258221566218,0.04693937055739836,1.9363143829475276,2.1262020601849088,2.031258221566218,0.039119953207846066,1.9518404944061873,2.1106759487262488,1,1,1,10.794520975247288,0.9642
1081,1974706,2.0,2.0250765489776135,0.01133443787881421,2.002861458950131,2.047291639005096,2.0261720483305616,0.03931395472487818,1.9466520690778142,2.105692027583309,2.0261720483305616,0.039734302183250234,1.9455071264448505,2.106836970216273,0,1,1,12.28941492608461,0.9798
1082,1975706,2.0,2.143917966394251,0.011910971452758637,2.1205728913259594,2.1672630414625424,2.12708648683941,0.05641009890358389,2.012986291988755,2.2411866816900647,2.12708648683941,0.05439904957911958,2.016650544999556,2.237522428679264,0,0,0,20.85874892845387,0.9857
1083,1976706,2.0,1.9403684525082652,0.011598245703722584,1.9176363086451225,1.9631005963714079,1.945078873102906,0.04193943899394403,1.8602483506584198,2.029909395547392,1.945078873102906,0.04230329455692937,1.8591986194317742,2.030959126774038,0,1,1,13.303434414887024,1.0194
1084,1977706,2.0,2.0890107715755235,0.01158380779230087,2.0663069254987794,2.1117146176522676,2.089130079412362,0.046221619807797154,1.9956380287177393,2.1826221301069846,2.089130079412362,0.0456527890986844,1.996449990316382,2.181810168508342,0,1,1,15.532163201846,1.1173
1085,1978706,2.0,1.9511927087879988,0.011774386165182355,1.9281153359641747,1.9742700816118228,1.957929545708726,0.03834603079183209,1.8803673774066372,2.035491714010815,1.957929545708726,0.037055765118512066,1.8827023431542522,2.0331567482632,0,1,1,9.904556168917653,1.0089
1086,1979706,2.0,2.042713130057532,0.011905527793213544,2.0193787243658927,2.066047535749171,2.039603156585302,0.05610943317980969,1.9261111155640918,2.1530951976065125,2.039603156585302,0.054548697420815195,1.9288634134755762,2.150342899695028,0,1,1,20.9928528922782,1.0932
1087,1980706,2.0,1.9304318852371773,0.011707276808327045,1.9074860443358153,1.9533777261385394,1.9277776973919325,0.04241529812607591,1.8419846590016666,2.0135707357821984,1.9277776973919325,0.04255943165109882,1.8413774577752082,2.014177937008657,0,1,1,13.215386384512493,1.0371
1088,1981706,2.0,2.0242995193531765,0.01179232354396461,2.001186989912962,2.047412048793391,2.0136472891916517,0.051435930033164816,1.9096083005499231,2.1176862778333803,2.0136472891916517,0.049635959305623055,1.912880934678995,2.1144136437043084,0,1,1,17.717158358599267,0.9183
1089,1982706,2.0,1.992213717139842,0.011216912228899803,1.9702289731534515,2.0141984611262327,1.981914219006067,0.03125249615463525,1.9187000788056026,2.0451283592065317,1.981914219006067,0.03179772635018316,1.9173614026422254,2.0464670353699086,1,1,1,8.036102950300172,1.0828
1090,1983706,2.0,2.020075720672553,0.011317474548822731,1.9978938781609117,2.042257563184194,2.0186853926924906,0.037541383932359146,1.9427507762868939,2.0946200090980875,2.0186853926924906,0.036401990168143133,1.9447854238480522,2.092585361536929,1,1,1,10.345493282189402,1.1008
1091,1984706,2.0,2.0330842161609297,0.01177498291495541,2.010005673729043,2.0561627585928166,2.0374096368784915,0.04866136973577166,1.9389827261573946,2.1358365475995886,2.0374096368784915,0.04845237960547108,1.9390460768988296,2.1357731968581537,0,1,1,16.932054234066094,1.1187
1092,1985706,2.0,1.989971624041062,0.01170739459302456,1.967025552285935,2.0129176957961894,1.9880996452295152,0.055620674452595595,1.8755962120479295,2.1006030784111007,1.9880996452295152,0.05657493140726129,1.8732464284394148,2.102952862019616,1,1,1,23.352186987609297,0.9402
1093,1986706,2.0,1.9445823884866917,0.0115019436373203,1.9220389932053343,1.9671257837680491,1.9369953734595762,0.041380177655702025,1.8532960638458797,2.020694683073273,1.9369953734595762,0.03808795952954917,1.8596727048477601,2.014318042071392,0,1,1,10.96561373647813,0.94
1094,1987706,2.0,1.9657014392955974,0.011914887054675586,1.9423486897885707,1.989054188802624,1.9656654754547398,0.05921904463956044,1.8458836515690493,2.0854472993404305,1.9656654754547398,0.061146185442272016,1.8415321196061176,2.0897988313033617,0,1,1,26.336549709188485,0.8939
1095,1988706,2.0,2.02345503092269,0.011526422044624868,2.0008636588446165,2.0460464030007635,2.028189981758091,0.0429949998547506,1.9412243859449052,2.115155577571277,2.028189981758091,0.0441972379462957,1.9384648185965492,2.1179151449196327,0,1,1,14.702839762859451,1.0213
1096,1989706,2.0,2.0218199764664515,0.011792569088607497,1.9987069657675804,2.0449329871653226,2.0226653120920997,0.051522390331439724,1.9184514409901068,2.1268791831940925,2.0226653120920997,0.051964353407531395,1.9171720662530674,2.128158557931132,1,1,1,19.417539480167097,0.8389
1097,1990706,2.0,1.926907583318235,0.011669417951330668,1.9040359444130817,1.9497792222233883,1.930822162581245,0.03892362059834564,1.8520917086220154,2.0095526165404745,1.930822162581245,0.03855907859646255,1.8525430714165383,2.0091012537459516,0,1,1,10.91829703998357,1.1137
1098,1991706,2.0,2.0417385871823686,0.011514492956635904,2.019170595687122,2.064306578677615,2.0405034591988827,0.05062740941780309,1.9380998578645088,2.1429070605332567,2.0405034591988827,0.05147116289912423,1.9360114433211058,2.1449954750766596,0,1,1,19.981970984972424,0.9503
1099,1992706,2.0,1.9605456452126095,0.011608367282102561,1.9377936634203754,1.9832976270048437,1.9570102208015263,0.041372705360466236,1.8733260253315551,2.0406944162714975,1.9570102208015263,0.04232102047868345,1.8710939815961058,2.0429264600069468,0,1,1,13.291377148629458,1.0763
1100,1993706,2.0,1.9825468684055658,0.011597866773837062,1.9598154672313515,2.0052782695797804,1.9826584916527434,0.05255122234525392,1.8763636113781654,2.0889533719273214,1.9826584916527434,0.05418166548551388,1.8726638629847938,2.0926531203206933,1,1,1,21.82470941454704,0.9693
1101,1994706,2.0,1.9759229209345122,0.012052117292364368,1.9523012051040256,1.9995446367649987,1.974206978591038,0.05896655393287949,1.8549358653651449,2.0934780918169316,1.974206978591038,0.059006298980740654,1.8544178232135264,2.0939961339685498,0,1,1,23.97011136285286,1.0155
1102,1995706,2.0,2.068600374029489,0.011319601953785799,2.0464143618807396,2.0907863861782388,2.070251436084454,0.04332473815769401,1.9826188815999164,2.157883990568992,2.070251436084454,0.04473023900968595,1.979444223238358,2.1610586489305503,0,1,1,15.614933055077064,1.0115
1103,1996706,2.0,2.0379295609749697,0.011603656949896636,2.0151868112642144,2.060672310685725,2.039400755673986,0.05323843186608578,1.9317158629414588,2.1470856484065135,2.039400755673986,0.05164316978123591,1.9345595472611206,2.1442419640868517,0,1,1,19.807789853990904,1.1536
1104,1997706,2.0,1.999210613331443,0.011409418199732763,1.9768485645754108,2.021572662087475,2.004241416749515,0.04225087525391871,1.9187809550098076,2.089701878489222,2.004241416749515,0.04355523652884461,1.9158195857554885,2.092663247743541,1,1,1,14.573160737217798,0.8897
1105,1998706,2.0,1.9456974126565352,0.011698230888113748,1.9227693014329983,1.968625523880072,1.952631369690206,0.044666324510781744,1.8622852006708324,2.0429775387095797,1.952631369690206,0.04562301460393381,1.8600117260320788,2.045251013348333,0,1,1,15.20994275159101,1.0581
1106,1999706,2.0,1.944488211087244,0.01141951049467082,1.922106381796612,1.9668700403778758,1.9508316040623752,0.03940720006260337,1.8711230183116754,2.0305401898130753,1.9508316040623752,0.04035138696651828,1.868913933465749,2.0327492746590017,0,1,1,12.485960538214012,0.9671
1107,2000706,2.0,2.082970322189038,0.011454198639032064,2.0605205053847677,2.1054201389933085,2.083541228570646,0.043478761616190346,1.995597132235135,2.1714853249061568,2.083541228570646,0.04192870526113721,1.9984214315987394,2.1686610255425522,0,1,1,13.399650867481101,1.0602
1108,2001706,2.0,2.1058316790907714,0.011352885083489469,2.08358043320651,2.1280829249750326,2.1086056697132625,0.04042674992580983,2.0268348497117303,2.1903764897147946,2.1086056697132625,0.04047756440248288,2.026431845303518,2.190779494123007,0,0,0,12.712069576145856,1.0073
1109,2002706,2.0,1.9858431353210357,0.01150114427099959,1.9633013067688774,2.008384963873194,1.975056110372215,0.03993815556337286,1.8942735657511651,2.055838654993265,1.975056110372215,0.04036519218691685,1.8931104136882064,2.0570018070562237,1,1,1,12.31776591550173,1.1447
1110,2003706,2.0,1.9362298670988976,0.011818562253552442,1.9130659107328902,1.9593938234649049,1.9359853875810293,0.05694142271321423,1.820810488885036,2.051160286277023,1.9359853875810293,0.0564746782432748,1.8213356955339701,2.0506350796280888,0,1,1,22.833802283817537,0.961
1111,2004706,2.0,1.9673165754133928,0.011719712858777622,1.9443463603010376,1.990286790525748,1.9702018983896492,0.05145037076219908,1.8661337006164243,2.074270096162874,1.9702018983896492,0.05159118815004473,1.8654662182983883,2.07493757848091,0,1,1,19.378364344413843,0.9166
1112,2005706,2.0,1.9944677996768,0.011813234461816086,1.971314285590713,2.017621313762887,1.9993673073441518,0.05405370711253136,1.890033364773308,2.1087012499149953,1.9993673073441518,0.05471814377865156,1.8882835698399691,2.1104510448483347,1,1,1,21.45482938171173,0.8648
1113,2006706,2.0,1.9329669635600903,0.011602856804645647,1.9102257821052093,1.9557081450149714,1.9319961743571232,0.057013632029681516,1.8166752185323694,2.047317130181877,1.9319961743571232,0.05698699433183389,1.81630642535691,2.0476859233573363,0,1,1,24.12246240139329,0.8937
1114,2007706,2.0,1.988004461141921,0.011396807934451433,1.9656671280516758,2.010341794232166,1.986976686541792,0.040277429715527724,1.9055078951737752,2.0684454779098087,1.986976686541792,0.0401991674472179,1.9053680379981317,2.068585335085452,1,1,1,12.44135431811871,0.8137
1115,2008706,2.0,1.9984976444491358,0.011452183046203065,1.9760517781342175,2.020943510764054,1.9943363178031184,0.04235508528129096,1.9086650713872686,2.080007564218968,1.9943363178031184,0.03565973712941101,1.921943202737378,2.0667294328688586,1,1,1,9.695712135441577,1.0125
1116,2009706,2.0,2.0380086755907736,0.011714760911778742,2.01504816611619,2.0609691850653573,2.038655436556466,0.046382735846960205,1.944837497912356,2.132473375200576,2.038655436556466,0.04744133305466748,1.9423444101954206,2.1349664629175114,0,1,1,16.400115576358615,0.9086
1117,2010706,2.0,1.9684727032325466,0.011278901325515133,1.946366462849356,1.9905789436157373,1.9712533994162689,0.03769053674993318,1.8950170929608672,2.0474897058716706,1.9712533994162689,0.036920045061722286,1.8963017232251065,2.046205075607431,0,1,1,10.714967310483097,0.9165
1118,2011706,2.0,2.0129581005683415,0.011723459013381492,1.9899805431278823,2.0359356580088006,2.0098116157431445,0.05136814764025582,1.9059097299320913,2.1137135015541975,2.0098116157431445,0.04608994523359915,1.9162440525117908,2.103379178974498,1,1,1,15.456132968004619,1.0168
1119,2012706,2.0,1.996706018977221,0.011600390075368,1.9739696722228839,2.019442365731558,2.0070372001782966,0.04925921460949398,1.9074010340595309,2.1066733662970623,2.0070372001782966,0.050229622379711056,1.9050656455522244,2.109008754804369,1,1,1,18.748850246547764,0.9543
1120,2013706,2.0,1.9024984895675394,0.011777906023209729,1.879414217948751,1.9255827611863279,1.9009789803261048,0.05809042617496702,1.7834800027609332,2.0184779578912764,1.9009789803261048,0.05532387677757687,1.788665539458401,2.0132924211938086,0,1,1,22.064243476167036,1.0543
1121,2014706,2.0,2.080940100265632,0.011659052185777894,2.058088777887634,2.1037914226436296,2.0898524819780295,0.048250082921942786,1.992257477360795,2.187447486595264,2.0898524819780295,0.046449448632323136,1.9955550880466932,2.1841498759093656,0,1,1,15.872108877086438,0.916
1122,2015706,2.0,2.011387295454993,0.01179002174676967,1.9882792774543805,2.0344953134556056,2.0174533169283237,0.055212156974235226,1.905776188340894,2.1291304455157536,2.0174533169283237,0.0569911675688754,1.901755095806506,2.1331515380501416,1,1,1,23.366082000363747,0.8921
1123,2016706,2.0,1.9625975889622516,0.011391585195563655,1.9402704922521272,1.984924685672376,1.9620104786343537,0.04340843831646525,1.8742086245986638,2.0498123326700437,1.9620104786343537,0.044705066977306904,1.8712543677307605,2.052766589537947,0,1,1,15.400867154742853,0.9154
1124,2017706,2.0,1.9374981178229378,0.011623452749775377,1.914716569057375,1.9602796665885005,1.940656361540467,0.04487620166930228,1.8498856758982307,2.0314270471827034,1.940656361540467,0.04235136572902288,1.8546785182017478,2.026634204879186,0,1,1,13.275917063671258,0.8945
1125,2018706,2.0,2.031687642193346,0.01162130506094813,2.0089103028205346,2.054464981566157,2.0433370432526483,0.03887631848420534,1.964702266850189,2.1219718196551076,2.0433370432526483,0.03837857437444366,1.9654243951401449,2.121249691365152,0,1,1,10.906059762755914,0.9301
1126,2019706,2.0,1.9813122209246306,0.01154439175915087,1.958685628853274,2.003938812995987,1.9709083178763989,0.04475515978363649,1.880382462557243,2.061434173195555,1.9709083178763989,0.04343119954983421,1.8827382953368577,2.05907834041594,1,1,1,14.153424639622907,0.8738
1127,2020706,2.0,2.064003419368787,0.011705509233909108,2.041061042849624,2.08694579588795,2.05467117232088,0.046792908629768086,1.9600235809133384,2.149318763728422,2.05467117232088,0.04400592637036816,1.9653343923063948,2.1440079523353655,0,1,1,14.13323927995899,0.932
1128,2021706,2.0,1.9335055439249487,0.011427350683118799,1.9111083481473266,1.9559027397025708,1.9409235011753214,0.04811913986687039,1.8435933538866238,2.038253648464019,1.9409235011753214,0.04808598565413247,1.8433037604611349,2.038543241889508,0,1,1,17.70703862319769,0.9568
1129,2022706,2.0,1.959059591765317,0.011597654268240479,1.9363286070944186,1.9817905764362156,1.9594873056334838,0.047742955327908204,1.8629180633960032,2.0560565478709645,1.9594873056334838,0.046445298209186366,1.8651983375090633,2.0537762737579044,0,1,1,16.037740985610135,0.9159
1130,2023706,2.0,2.0906342018292468,0.011601857084097195,2.067894979790635,2.1133734238678583,2.0870959167407923,0.053120549671416745,1.979649463253056,2.1945423702285285,2.0870959167407923,0.052986159644574295,1.9795282939588037,2.194663539522781,0,1,1,20.85786559410672,0.9668
1131,2024706,2.0,2.025224348105523,0.011531031810134174,2.0026239410530744,2.047824755157972,2.027130854901236,0.04919334950486601,1.9276279135315488,2.1266337962709234,2.027130854901236,0.05061161815812435,1.924383807616849,2.1298779021856236,0,1,1,19.26478228049801,0.8353
1132,2025706,2.0,1.976394453831627,0.01164016425619802,1.9535801511153483,1.9992087565479055,1.9857252865377477,0.05052383728337623,1.883531179619248,2.0879193934562474,1.9857252865377477,0.05113192829046972,1.8819219535285372,2.0895286195469582,0,1,1,19.29594821084355,0.9421
1133,2026706,2.0,2.049548632574741,0.011461872038877803,2.027083776183134,2.0720134889663484,2.04381062505734,0.04357385648551387,1.955674181193106,2.1319470689215736,2.04381062505734,0.04353853214412124,1.955422705767177,2.132198544347503,0,1,1,14.429007362946392,0.7963
1134,2027706,2.0,1.9735004100395561,0.011662110846918167,1.9506430927958827,1.9963577272832296,1.9787780455500679,0.05587011771837929,1.8657700657397172,2.0917860253604186,1.9787780455500679,0.05471886301106187,1.8676928479264667,2.089863243173669,0,1,1,22.015056246933007,0.9091
1135,2028706,2.0,1.9981247590321591,0.011424744441511292,1.975732671394223,2.0205168466700956,1.994516763340389,0.04243271430771622,1.9086884973976574,2.0803450292831207,1.994516763340389,0.042284531933577736,1.9086745998196781,2.0803589268611002,1,1,1,13.698407036295722,1.0033
1136,2029706,2.0,2.0046509705629516,0.011461335642799324,1.9821871654883396,2.0271147756375636,1.9859813092094531,0.045839690997964214,1.8932617824505802,2.078700835968326,1.9859813092094531,0.04615138468336399,1.8922890172640245,2.079673601154882,1,1,1,16.214330070348506,0.8491
1137,2030706,2.0,1.9726626165480385,0.011584307583034203,1.9499577908994572,1.9953674421966199,1.964816133917096,0.045988527468740076,1.8717955569802143,2.0578367108539775,1.964816133917096,0.04402199279328203,1.8754467373300747,2.0541855305041175,0,1,1,14.44106544637985,1.0112
1138,2031706,2.0,1.9823945857496204,0.011764792807150506,1.9593360155620294,2.0054531559372113,1.9793861836804096,0.05110495196701468,1.8760166613678142,2.082755705993005,1.9793861836804096,0.05250262010558,1.8728001983501559,2.0859721690106636,1,1,1,19.915599678997715,0.947
1139,2032706,2.0,1.9467747233512047,0.01137805623524912,1.924474142916045,1.9690753037863644,1.9453401577241176,0.040735628990972515,1.8629445708420913,2.027735744606144,1.9453401577241176,0.040209942372520055,1.8637096349191753,2.02697068052906,0,1,1,12.489088685550298,0.9295
1140,2033706,2.0,1.9563860563714923,0.011356192025015597,1.9341283290009408,1.9786437837420439,1.9665510064817942,0.04003581233611272,1.8855709323932432,2.0475310805703453,1.9665510064817942,0.038984060466830346,1.8874091562526911,2.045692856710897,0,1,1,11.784432928435079,0.9149
1141,2034706,2.0,2.016906040102297,0.011556108345324065,1.994256483944019,2.039555596260575,2.0082887765820097,0.04782013332855345,1.9115634271033972,2.105014126060622,2.0082887765820097,0.04778515380958346,1.9112797569805122,2.105297796183507,1,1,1,17.09868716388151,0.9662
1142,2035706,2.0,1.9408151917180685,0.011394040624714141,1.9184832824552425,1.9631471009808945,1.941421588098473,0.04342563928035913,1.8535849418292991,2.029258234367647,1.941421588098473,0.044099095086321725,1.8518956655350656,2.0309475106618806,0,1,1,14.97972458364867,0.9368
1143,2036706,2.0,2.030770571796335,0.011919230644416632,2.0074093090098524,2.054131834582818,2.022998143283213,0.05358029257736163,1.9146217719940708,2.1313745145723555,2.022998143283213,0.053940576962550765,1.9134929503371412,2.132503336229285,0,1,1,20.480225184765235,0.8821
1144,2037706,2.0,1.9845148680339866,0.011829336106593976,1.9613297953040432,2.00769994076393,1.9829328429232147,0.05530396740207006,1.8710700102170386,2.0947956756293906,1.9829328429232147,0.05661723194458909,1.8679937514769158,2.0978719343695134,1,1,1,22.907438118832008,0.9268
1145,2038706,2.0,1.9918840127514192,0.011703030256723855,1.968946494938258,2.0148215305645807,1.9988241204094943,0.052107571586382476,1.893426608496553,2.1042216323224356,1.9988241204094943,0.050624240607691516,1.896051448190167,2.101596792628822,1,1,1,18.712007700372038,0.9
1146,2039706,2.0,1.9527534075877173,0.011417771386752002,1.9303749868859714,1.9751318282894632,1.9483671752611407,0.038127273007306936,1.8712474863434982,2.025486864178783,1.9483671752611407,0.038335672139883176,1.8705416233151582,2.0261927272071234,0,1,1,11.273103080459508,0.917
1147,2040706,2.0,1.9649646741811106,0.011377814332648822,1.9426645678663352,1.987264780495886,1.9719936659122652,0.036544802884081434,1.8980748249441004,2.04591250688043,1.9719936659122652,0.03481172827952108,1.9013221003359129,2.0426652314886176,0,1,1,9.361242270294802,0.9007
1148,2041706,2.0,2.00907853202173,0.011903066517275872,1.9857489503422845,2.0324081137011754,2.0111693402165023,0.05078232564005103,1.9084523912460212,2.1138862891869836,2.0111693402165023,0.051243969478653936,1.9071385515028683,2.115200128930136,1,1,1,18.533942298380516,1.0089
1149,2042706,2.0,2.0442906004345254,0.011296743332371849,2.0221493903604837,2.066431810508567,2.039273707027586,0.041470492230994214,1.955391718942499,2.123155695112673,2.039273707027586,0.036874095684639986,1.9644153130311366,2.1141321010240355,0,1,1,10.65457752211583,0.8775
1150,2043706,2.0,1.97992412944545,0.01147490458713892,1.9574337297286242,2.0024145291622757,1.9774337669873143,0.03901719340202508,1.89851404416772,2.0563534898069085,1.9774337669873143,0.038193216708814086,1.8998974149413674,2.0549701190332614,1,1,1,11.07833026016853,0.9459
1151,2044706,2.0,1.9723619838525028,0.011631280889571646,1.9495650922148735,1.9951588754901322,1.9677071877412144,0.05102875368449649,1.864491791002791,2.070922584479638,1.9677071877412144,0.04988768270903148,1.8664298075515722,2.068984567930857,0,1,1,18.396346245627278,0.8629
1152,2045706,2.0,2.0614720277311807,0.011463896420864789,2.039003203623788,2.083940851838573,2.061241282202869,0.04502752689508596,1.9701645124004676,2.1523180520052705,2.061241282202869,0.04527774881042564,1.9693225653694963,2.153159999036242,0,1,1,15.599301233221206,1.0968
1153,2046706,2.0,2.059086542226058,0.01184266224301563,2.035875350748675,2.082297733703441,2.051669051548182,0.0558866871781204,1.9386275568420632,2.1647105462543013,2.051669051548182,0.054339653332878726,1.9413536904987299,2.161984412597634,0,1,1,21.054020451150404,0.8366
1154,2047706,2.0,2.0069804617877245,0.011714576757432421,1.9840203132490268,2.029940610326422,2.0079618849159546,0.05962680799519497,1.8873552817932984,2.128568488038611,2.0079618849159546,0.06011345519034581,1.885925082939512,2.1299986868923972,1,1,1,26.332383853473072,0.9184
1155,2048706,2.0,1.9114851233138472,0.011771793735215657,1.8884128315593902,1.9345574150683043,1.9178289624071982,0.047731103193880124,1.8212836933735992,2.0143742314407973,1.9178289624071982,0.04845883351467912,1.8194523002952847,2.016205624519112,0,1,1,16.94574332223355,0.9813
1156,2049706,2.0,2.0035862205288293,0.011886992664513478,1.980288143021891,2.0268842980357675,2.0120001068443596,0.05989345916859509,1.8908541508144499,2.1331460628742693,2.0120001068443596,0.06075135672501066,1.8886682959049508,2.1353319177837684,1,1,1,26.119687282389034,0.9998
1157,2050706,2.0,1.9948256435096952,0.011746886834997874,1.9718021683826317,2.0178491186367586,1.9980475304866299,0.05238496755577305,1.8920889322651475,2.104006128708112,1.9980475304866299,0.04951550662975568,1.8975257079062304,2.0985693530670293,1,1,1,17.76793202676779,0.9556
1158,2051706,2.0,2.0324658301125633,0.011775297903363457,2.0093866703147407,2.055544989910386,2.0479869898202336,0.05974695352784272,1.927137369419608,2.1688366102208594,2.0479869898202336,0.06152488209634107,1.923084838891784,2.172889140748683,0,1,1,27.299693673606402,0.8969
1159,2052706,2.0,1.907874832951706,0.011414991010357842,1.885501861687556,1.9302478042158557,1.9056318215273809,0.049289170002625664,1.8059350649069217,2.0053285781478403,1.9056318215273809,0.05000513029369207,1.8041160100649651,2.0071476329897964,0,1,1,19.190132740605637,0.8721
1160,2053706,2.0,2.0151115726184305,0.011624558908877048,1.9923278558208672,2.0378952894159936,2.0170053496318134,0.04596311456621147,1.9240361751421282,2.109974524121499,2.0170053496318134,0.046788127299386174,1.9220204014533433,2.1119902978102836,1,1,1,16.200124805424217,0.9099
1161,2054706,2.0,2.0163428871587388,0.011465816462585552,1.9938702998387245,2.0388154744787528,2.004378131230063,0.04037061871743199,1.9227208473140471,2.0860354151460787,2.004378131230063,0.039497406044300985,1.9241941340742044,2.084562128385921,1,1,1,11.866623902449902,1.0013
1162,2055706,2.0,1.9855857653816456,0.011567709080631802,1.9629134721999704,2.008258058563321,1.9779670385313648,0.04401471638501611,1.8889388713513995,2.06699520571133,1.9779670385313648,0.0427039598022503,1.8912733911691326,2.064660685893597,1,1,1,13.628296684312172,0.9665
1163,2056706,2.0,2.037872210162371,0.012010809713160533,2.0143314556994127,2.0614129646253296,2.035080503836367,0.06394742267084641,1.905734632640293,2.164426375032441,2.035080503836367,0.06560548040137752,1.901894297936858,2.168266709735876,0,1,1,29.835661207298642,0.9057
1164,2057706,2.0,2.031872991299595,0.01167009155175277,2.0090000321618744,2.054745950437316,2.035195912921917,0.04869069595444541,1.9367096843245897,2.1336821415192446,2.035195912921917,0.05012077743338239,1.9334453252843367,2.1369465005594974,0,1,1,18.445357264815968,0.866
1165,2058706,2.0,2.098095951409127,0.011779836016454697,2.075007897073088,2.1211840057451656,2.0998462153410675,0.051054644950051416,1.9965784485748979,2.203113982107237,2.0998462153410675,0.04900543193023149,2.0003598994521723,2.1993325312299628,0,1,0,17.30652815157943,0.8486
1166,2059706,2.0,1.956756454350408,0.011435190175952526,1.9343438934491748,1.979169015251641,1.9537618829772112,0.04823994870990938,1.8561873767386385,2.051336389215784,1.9537618829772112,0.04773855084765919,1.8568474724181963,2.050676293536226,0,1,1,17.42816566605082,0.8809
1167,2060706,2.0,2.017134322188529,0.011712266180010566,1.994178702298362,2.0400899420786964,2.019836810597467,0.05299037029206414,1.9126536697583232,2.127019951436611,2.019836810597467,0.05384178641624348,1.9105321731226896,2.129141448072245,1,1,1,21.132800543908917,0.8287
1168,2061706,2.0,1.9297042639129027,0.011369047178500045,1.907421340904506,1.9519871869212995,1.9256709698653718,0.0455237939484027,1.8335904052003131,2.01775153453043,1.9256709698653718,0.046295684935157524,1.8316857328347285,2.019656206896015,0,1,1,16.581846486860602,0.8925
1169,2062706,2.0,2.076736225712886,0.0119903203666198,2.053235629631214,2.100236821794558,2.071655849613289,0.054886824776384006,1.9606367675084482,2.1826749317181293,2.071655849613289,0.05258959434738931,1.9648932971851845,2.1784184020413933,0,1,1,19.237032008440195,0.8877
1170,2063706,2.0,1.9719298307951276,0.011513687506291826,1.9493634179535468,1.9944962436367084,1.9701381983783006,0.049345615619278846,1.8703272697215612,2.06994912703504,1.9701381983783006,0.04241111463444406,1.8840390583129816,2.0562373384436197,0,1,1,13.568458074432687,0.9699
1171,2064706,2.0,2.011132694608672,0.011318268278924662,1.9889492964146174,2.0333160928027265,2.014224787335856,0.047603549488087364,1.9179375200247812,2.110512054646931,2.014224787335856,0.04796124942389297,1.9168582746316187,2.1115913000400934,1,1,1,17.956471837988676,0.978
1172,2065706,2.0,2.016636837399566,0.011754145237975301,1.9935991360640812,2.0396745387350506,2.0123481304465347,0.05548074771418031,1.9001277258082119,2.1245685350848573,2.0123481304465347,0.05418514180748602,1.9023464444697882,2.1223498164232812,1,1,1,21.250948714612747,0.9929
1173,2066706,2.0,2.006808420669983,0.01186392304463852,1.983555558787137,2.0300612825528295,2.016511383085554,0.059317702204125224,1.8965300054398253,2.1364927607312825,2.016511383085554,0.060946835947546664,1.8927827282266665,2.1402400379444413,1,1,1,26.39038258938096,0.9121
1174,2067706,2.0,1.9968531230261442,0.01175092246677305,1.9738217382061465,2.019884507846142,1.9989178695445973,0.04745912184718271,1.9029227347113826,2.094913004377812,1.9989178695445973,0.04646244516284448,1.90459409125361,2.0932416478355846,1,1,1,15.633643397500602,0.9678
1175,2068706,2.0,2.0278053079163834,0.011850368767933439,2.0045790119277154,2.0510316039050513,2.033683535009593,0.06714912290721535,1.8978616138167361,2.16950545620245,2.033683535009593,0.06775691370389471,1.896129687305542,2.171237382713644,0,1,1,32.69215138147987,0.9141
1176,2069706,2.0,2.0543616247501464,0.011675654282733329,2.031477762860048,2.0772454866402446,2.061648971414815,0.0471334248617754,1.9663126209166673,2.156985321912963,2.061648971414815,0.04480191956460836,1.9706962393058696,2.152601703523761,0,1,1,14.724168880436977,0.8451
1177,2070706,2.0,2.015843632579558,0.011900429500012596,1.9925192193589751,2.0391680458001407,2.013845631665855,0.05988188971656725,1.8927230770615118,2.134968186270198,2.013845631665855,0.0604164379874096,1.8911937419109697,2.1364975214207407,1,1,1,25.77418620164848,0.7568
1178,2071706,2.0,1.9885961129755574,0.011518829016450105,1.9660196229592402,2.0111726029918744,1.99431831022239,0.047647581991078825,1.8979419787673277,2.090694641677452,1.99431831022239,0.04895165658284897,1.8949411640925602,2.09369545635222,1,1,1,18.060015695304703,0.9483
1179,2072706,2.0,1.990583932764054,0.011765170773104714,1.9675246217768054,2.0136432437513023,1.9848474848640214,0.04326222725746585,1.8973413706097784,2.0723535991182644,1.9848474848640214,0.042815886216451764,1.8979266148009382,2.0717683549271046,1,1,1,13.243824113804155,1.0276
1180,2073706,2.0,2.0285016627227144,0.011376123873996271,2.0062048696460155,2.0507984557994132,2.0223010401381036,0.03610356595796092,1.9492746850939877,2.0953273951822196,2.0223010401381036,0.03607618868508717,1.9490624834674528,2.0955395968087545,0,1,1,10.05663469020327,0.9393
1181,2074706,2.0,2.0709581080657395,0.011681942119157095,2.0480619222427103,2.0938542938887688,2.0719208583932676,0.04919585165526912,1.9724128559466794,2.171428860839856,2.0719208583932676,0.050691882888891066,1.969010865042592,2.174830851743943,0,1,1,18.829845019631513,0.8763
1182,2075706,2.0,2.071822130402085,0.011266186335785404,2.0497408109408286,2.0939034498633418,2.0717499262163708,0.043499566374037006,1.9837637482860697,2.159736104146672,2.0717499262163708,0.04224138625632222,1.985995353077126,2.1575044993556154,0,1,1,14.057965222161128,0.8575
1183,2076706,2.0,1.9667994588911621,0.011806700373952593,1.9436587513819594,1.9899401664003649,1.9557921634355582,0.05218164624429495,1.8502448213846525,2.061339505486464,1.9557921634355582,0.05335512216760729,1.847475506910333,2.0641088199607833,0,1,1,20.421853353921612,0.9882
1184,2077706,2.0,1.9498309908424096,0.011675415953582761,1.9269475960688631,1.9727143856159561,1.9473397990992283,0.042183243481682495,1.8620161355311293,2.0326634626673274,1.9473397990992283,0.04047576297859434,1.8651696317744022,2.0295099664240546,0,1,1,12.018364304939464,1.0123
1185,2078706,2.0,2.0311905632570872,0.011482782309515983,2.0086847234881224,2.053696403026052,2.0248036525643136,0.044921291471273196,1.9339417641890446,2.115665540939583,2.0248036525643136,0.045282917716648795,1.932874442293437,2.1167328628351902,0,1,1,15.551580791608806,0.8357
1186,2079706,2.0,1.9621528658895278,0.012035548560778144,1.9385636241762196,1.9857421076028359,1.9611192913100595,0.06225690093727131,1.8351928230746126,2.0870457595455063,1.9611192913100595,0.0626023655664021,1.8340297326464803,2.0882088499736384,0,1,1,27.055135264188365,0.9624
1187,2080706,2.0,2.0020042344493296,0.01153163627995742,1.9794026426577975,2.0246058262408617,2.0073896996551697,0.050642742657414724,1.9049550839162586,2.1098243153940808,2.0073896996551697,0.050656708809492794,1.9045511134819493,2.11022828582839,1,1,1,19.297100934682113,0.9691
1188,2081706,2.0,1.9998004106071325,0.012032575273485772,1.9762169964298333,2.023383824784432,1.998425817346836,0.05612405947617841,1.884904191848767,2.1119474428449054,1.998425817346836,0.05485585874242035,1.8870625036028676,2.1097891310908046,1,1,1,20.783986986306004,0.9729
1189,2082706,2.0,1.9958125526988888,0.01166615433123592,1.9729473103715804,2.018677795026197,1.9986603490539736,0.04838719029550174,1.9007880185971713,2.096532679510776,1.9986603490539736,0.04858665311036643,1.9000241993674696,2.097296498740478,1,1,1,17.345168879663063,0.9844
1190,2083706,2.0,2.0829149855404516,0.011699600800140987,2.0599841893386794,2.105845781742224,2.0675537351008457,0.04823247450518836,1.9699943468682968,2.165113123333395,2.0675537351008457,0.04726266099092238,1.971605432312966,2.1635020378887253,0,1,1,16.3190266775216,0.7861
1191,2084706,2.0,2.0652802913485164,0.011527452350651318,2.0426868999077383,2.0878736827892945,2.0770310444373092,0.04080915048846574,1.9944867462898759,2.1595753425847426,2.0770310444373092,0.03975236864982447,1.9963294456745702,2.157732643200048,0,1,1,11.892121866958025,0.7719
1192,2085706,2.0,2.0523327697888276,0.01136170982688996,2.0300642277253287,2.0746013118523265,2.052871181370945,0.03875249038938353,1.974486870931527,2.131255491810363,2.052871181370945,0.0385220994418202,1.9746671618812577,2.131075200860632,0,1,1,11.495622909843345,0.7633
1193,2086706,2.0,1.9371198318831815,0.01131152806777016,1.914949644260238,1.959290019506125,1.9414516610811807,0.04125671749566091,1.8580020732121856,2.024901248950176,1.9414516610811807,0.041822085678958516,1.856548313368362,2.0263550087939994,0,1,1,13.67000960942266,0.8212
1194,2087706,2.0,2.031216731805989,0.011645302821585006,2.0083923576866196,2.054041105925358,2.027319578148963,0.052655274579582544,1.9208142323647988,2.133824923933127,2.027319578148963,0.05402476216541916,1.9176434801551063,2.1369956761428193,0,1,1,21.52207570420635,0.9767
1195,2088706,2.0,1.9945341498664817,0.011338026687963416,1.9723120259023195,2.016756273830644,2.0076295868350504,0.0413930963583821,1.9239041466787443,2.091355026991357,2.0076295868350504,0.04254506618143811,1.9212585106721773,2.0940006629979235,1,1,1,14.0806744410617,0.9562
1196,2089706,2.0,1.93163286410635,0.01148679287977541,1.9091191637641192,1.954146564448581,1.926952965816994,0.04216359571358594,1.8416690436110228,2.012236888022965,1.926952965816994,0.03892301853711475,1.8479350372933623,2.0059708943406256,0,1,1,11.481944559383372,0.8582
1197,2090706,2.0,2.048767737548511,0.01183842363719364,2.025564853585884,2.071970621511138,2.053696628104279,0.05173510076077475,1.9490525095482731,2.158340746660285,2.053696628104279,0.05222047498335603,1.9476834278235695,2.159709828384989,0,1,1,19.457806546585502,0.9844
1198,2091706,2.0,1.973006711273677,0.011836600876332622,1.9498073998566898,1.9962060226906644,1.9686241752803753,0.053299997351438075,1.860814754599638,2.076433595961112,1.9686241752803753,0.052874685137819406,1.8612828577783476,2.075965492782403,0,1,1,19.95453358396518,0.8276
1199,2092706,2.0,1.9461064613639536,0.011564146592461064,1.9234411505307882,1.968771772197119,1.9493380390231658,0.0494846359122204,1.8492459152821925,2.049430162764139,1.9493380390231658,0.049762668124580904,1.8483144519325636,2.050361626113768,0,1,1,18.517405587346136,0.8951
1200,2093706,2.0,1.9929765127792927,0.012004377613656109,1.9694483649997079,2.0165046605588777,1.987140782782323,0.059815748707031546,1.8661520109974097,2.1081295545672365,1.987140782782323,0.061773844026821734,1.8617332122649723,2.112548353299674,1,1,1,26.48073028215572,0.8852
1201,2094706,2.0,1.9979245393612741,0.011950609075646693,1.974501775979689,2.0213473027428592,1.9906816184177254,0.05646035204384613,1.8764797769965589,2.104883459838892,1.9906816184177254,0.057447751192076256,1.8740564832625384,2.1073067535729124,1,1,1,23.10819295611974,0.9083
1202,2095706,2.0,2.1000928696624297,0.011496393195630556,2.0775603530468825,2.122625386277977,2.103636192533057,0.0480388567848649,2.0064684331053644,2.2008039519607494,2.103636192533057,0.04347272190700113,2.0153818751270314,2.1918905099390824,0,0,0,14.299157444588575,1.0954
1203,2096706,2.0,1.9681457575906758,0.011484261341068055,1.9456370189731367,1.9906544962082149,1.9659819442744075,0.04017051995174021,1.8847293983148672,2.047234490233948,1.9659819442744075,0.041033704692284796,1.882679095053117,2.049284793495698,0,1,1,12.766602116714889,0.8689
1204,2097706,2.0,2.0446352115855984,0.011604450283519863,2.0218909069695137,2.067379516201683,2.0388603084637107,0.05090856843394323,1.9358880093403037,2.141832607587118,2.0388603084637107,0.04931148143451287,1.9387526790497365,2.138967937877685,0,1,1,18.057056438510532,0.8765
1205,2098706,2.0,2.063443146678062,0.011624840807672216,2.040658877369013,2.086227415987111,2.0649765818084655,0.04746234871915731,1.9689749200106077,2.1609782436063236,2.0649765818084655,0.04704351659691495,1.969473165792292,2.160479997824639,0,1,1,16.376667394165374,0.9482
1206,2099706,2.0,2.045540299722149,0.011659312278090028,2.0226884675725865,2.068392131871711,2.043139095617577,0.05804401013685795,1.9257340033512327,2.160544187883921,2.043139095617577,0.05855938711083259,1.9242572195703949,2.1620209716647594,0,1,1,25.22592943668251,0.8842
1207,2100706,2.0,2.0869608768917423,0.011725838604046704,2.063978655539281,2.1099430982442033,2.0860140595860748,0.0521361941906265,1.9805586529914212,2.1914694661807284,2.0860140595860748,0.05271662363517966,1.9789936239937072,2.193034495178442,0,1,1,20.211909716507257,0.9477
1208,2101706,2.0,2.0833911969889694,0.01151307475293792,2.0608259851218937,2.105956408856045,2.083317524629161,0.04337249041494308,1.9955883820874742,2.171046667170848,2.083317524629161,0.043327333485492586,1.995358361410316,2.1712766878480063,0,1,1,14.162544085410659,0.8695
1209,2102706,2.0,2.040881587354871,0.01180056229244367,2.01775291026436,2.064010264445382,2.049518089223471,0.05347758555121382,1.9413494625035415,2.1576867159434,2.049518089223471,0.048877131561482275,1.9502922369303706,2.148743941516571,0,1,1,17.15560419162933,0.9697
1210,2103706,2.0,1.999538163004944,0.011825344572466723,1.976360913538133,2.022715412471755,1.998607520404876,0.05165564138444742,1.8941241236078792,2.103090917201873,1.998607520404876,0.05294242080135454,1.8911286921952803,2.106086348614472,1,1,1,20.043796401883885,0.8314
1211,2104706,2.0,1.949539982731673,0.011625556886518536,1.926754309933875,1.972325655529471,1.9433343995970933,0.039801093016678335,1.8628290901447195,2.0238397090494673,1.9433343995970933,0.041035091553834044,1.8600287348971762,2.0266400642970104,0,1,1,12.459002765745224,1.0091
1212,2105706,2.0,1.976507168433133,0.01146803602249533,1.954030230855634,1.998984106010632,1.9782657211990862,0.0517329722178503,1.8736259080275264,2.0829055343706457,1.9782657211990862,0.052956427658121974,1.870758457558517,2.085772984839655,0,1,1,21.32353800521117,0.8286
1213,2106706,2.0,2.001528254456631,0.011862158746694083,1.9782788505342137,2.024777658379048,2.0088981327335538,0.06412855493545747,1.8791858869505254,2.138610378516582,2.0088981327335538,0.06186101373030631,1.8833135983100557,2.134482667157052,1,1,1,27.19609826819624,0.9286
1214,2107706,2.0,2.0293081795936985,0.011587571829224548,2.0065969561401475,2.0520194030472494,2.029247110939553,0.0488571427140324,1.9304242119929393,2.1280700098861662,2.029247110939553,0.04554851113003432,1.9367787173744713,2.1217155045046345,0,1,1,15.451245483202063,0.9235
1215,2108706,2.0,1.999459138694431,0.011721935220426298,1.9764845678332839,2.022433709555578,1.9844742796875317,0.04921386775100825,1.8849298362476774,2.084018723127386,1.9844742796875317,0.04897849886173888,1.8850426408345151,2.083905918540548,1,1,1,17.458716253550243,0.9209
1216,2109706,2.0,1.9432428227708496,0.011497559178553855,1.920708020870766,1.965777624670933,1.9437267722456666,0.04307172831840564,1.8566059784657374,2.030847566025596,1.9437267722456666,0.04394630751461595,1.854511024942917,2.032942519548416,0,1,1,14.609436784454626,0.8547
1217,2110706,2.0,1.9197410415847873,0.011432407487027065,1.8973339346536282,1.9421481485159464,1.9155036098321219,0.042020287600304046,1.8305095556456537,2.00049766401859,1.9155036098321219,0.04165033234730257,1.8309489399196013,2.0000582797446427,0,1,1,13.272769459872437,0.844
1218,2111706,2.0,2.0655791249159847,0.011518060633542094,2.0430041409024935,2.088154108929476,2.0623190072903346,0.046228576429622845,1.968812885499911,2.155825129080758,2.0623190072903346,0.04222697244404359,1.976593695745673,2.1480443188349962,0,1,1,13.44067775460478,0.9651
1219,2112706,2.0,1.9294236549047978,0.011685218598901344,1.9065210472994736,1.952326262510122,1.930624465851616,0.04541935910761622,1.8387551405907518,2.0224937911124803,1.930624465851616,0.045869408415883134,1.8375046161623787,2.023744315540853,0,1,1,15.40893401686255,0.816
1220,2113706,2.0,1.8983600410607233,0.011751133203498292,1.875328243204334,1.9213918389171127,1.9116120215686694,0.045920904455382154,1.8187282250868924,2.0044958180504464,1.9116120215686694,0.041294703628061195,1.8277793163385943,1.9954447267987445,0,1,0,12.348926583769089,0.8962
1221,2114706,2.0,2.005801178746384,0.011652535875986903,1.9829626281008887,2.028639729391879,2.011614222039533,0.053552160618556166,1.9032947530080295,2.119933691071037,2.011614222039533,0.05259478959087954,1.9048411227064301,2.1183873213726363,1,1,1,20.37251032642604,0.7577
1222,2115706,2.0,2.037334576164495,0.011662496625725492,2.0144765028082534,2.060192649520737,2.0256849497912346,0.049461086847830085,1.925640458528979,2.12572944105349,2.0256849497912346,0.05016274334290076,1.9238491668280246,2.1275207327544443,0,1,1,18.5003309229875,0.9498
1223,2116706,2.0,1.968909739245574,0.011818347974791789,1.9457462028582204,1.9920732756329278,1.9773647668818508,0.054603761638144316,1.8669182340165247,2.0878112997471767,1.9773647668818508,0.05528681504374051,1.865126565333843,2.0896029684298587,0,1,1,21.88414570693753,0.9198
1224,2117706,2.0,2.06888337763999,0.011526518593175421,2.046291816330235,2.091474938949745,2.060218548105663,0.035483711921483356,1.9884459661928784,2.1319911300184473,2.060218548105663,0.03251636684797446,1.9942068139696933,2.1262302822416324,0,1,1,7.958069339264403,0.9736
1225,2118706,2.0,2.012483812216325,0.01158694364611874,1.989773819979037,2.0351938044536126,2.0205938040108697,0.04517921151504006,1.929210223104978,2.1119773849167616,2.0205938040108697,0.04487406103864543,1.9294946169235259,2.111692991098214,1,1,1,14.998677227802423,0.9313
1226,2119706,2.0,2.0937794749658893,0.011739210497994364,2.070771045182886,2.1167879047488927,2.098247196184423,0.05230792260519366,1.9924444360849123,2.2040499562839337,2.098247196184423,0.05117701765138842,1.9943523269061318,2.2021420654627146,0,1,1,19.00518787709716,0.9068
1227,2120706,2.0,2.0456096904150787,0.01150586939712897,2.0230586007858844,2.068160780044273,2.0481554724127364,0.043774932235802984,1.9596123144541533,2.1366986303713196,2.0481554724127364,0.04037308887528724,1.96619374459906,2.1301172002264126,0,1,1,12.312466886504916,0.9923
1228,2121706,2.0,2.0442243569676806,0.011781844942079369,2.0211323652097697,2.0673163487255914,2.0510885508201944,0.04552888684386447,1.9589976848017285,2.14317941683866,2.0510885508201944,0.04552711580465757,1.9586635920747875,2.1435135095656013,0,1,1,14.931851792782446,0.7053
1229,2122706,2.0,2.020175902585457,0.01147568450943758,1.9976839742490153,2.042667830921899,2.017466477708899,0.044504774704796184,1.9274470740152259,2.107485881402572,2.017466477708899,0.044340706558856,1.9274500577795433,2.1074828976382545,1,1,1,14.929594712769708,0.8796
1230,2123706,2.0,2.021633049968342,0.011553902259278569,1.99898781765926,2.044278282277424,2.026887833887873,0.04554457477187032,1.9347652360398755,2.1190104317358704,2.026887833887873,0.043883420101976336,1.9377997548201102,2.1159759129556353,1,1,1,14.425921223752958,1.0579
1231,2124706,2.0,1.9523922238151823,0.011855982146153242,1.9291549258073721,1.9756295218229925,1.939278590125136,0.058486811809799026,1.8209778469355566,2.057579333314715,1.939278590125136,0.05857381839657224,1.8203674170103588,2.058189763239913,0,1,1,24.407989032747977,0.9166
1232,2125706,2.0,2.0458495980081546,0.011854392790828438,2.0226154150795397,2.0690837809367695,2.0456883319498473,0.058791329240101775,1.9267716441190017,2.164605019780693,2.0456883319498473,0.05899642870201972,1.9259192143034212,2.1654574495962735,0,1,1,24.768107213909826,0.9517
1233,2126706,2.0,2.0406966766946493,0.01136830203259518,2.018415214145389,2.0629781392439095,2.041174382248178,0.04388208491677726,1.9524144875347305,2.129934276961625,2.041174382248178,0.04147088981473998,1.9569840000436778,2.125364764452678,0,1,1,13.307470157108721,0.8848
1234,2127706,2.0,2.0446666366693704,0.011340129532728328,2.022440391205204,2.066892882133537,2.039642281043216,0.0342295512617606,1.97040647850912,2.108878083577312,2.039642281043216,0.03038452179549682,1.9779584224500826,2.1013261396363494,0,1,1,7.1790797966927435,1.0455
1235,2128706,2.0,1.9878367603649738,0.011787085459480581,1.964734497381696,2.0109390233482514,1.9830787101117733,0.05332184933197615,1.8752250896284168,2.0909323305951295,1.9830787101117733,0.05364963997469617,1.874164150651366,2.0919932695721806,1,1,1,20.71670869026694,0.96
1236,2129706,2.0,1.959593739888786,0.011938453472316405,1.9361948010519385,1.9829926787256333,1.956349985856591,0.048560410017772386,1.8581272854403805,2.054572686272801,1.956349985856591,0.04988784993012185,1.8550722661900874,2.0576277055230947,0,1,1,17.461977802214705,0.919
1237,2130706,2.0,2.036222702944203,0.011421711819134503,2.013836559136904,2.058608846751502,2.0398027450482856,0.049233320551778335,1.9402189546049444,2.139386535491627,2.0398027450482856,0.050125705409040947,1.9380421530882506,2.141563337008321,0,1,1,19.260102684957356,0.9397
1238,2131706,2.0,1.9418843393128422,0.011938009668631776,1.918486270315233,1.9652824083104514,1.939824101042935,0.05712136044671146,1.8242852439272246,2.055362958158645,1.939824101042935,0.055150871545777316,1.8278618794679362,2.0517863226179336,0,1,1,21.342284619440143,0.9311
1239,2132706,2.0,1.993551407226912,0.012029192754349435,1.969974622665297,2.0171281917885273,1.9890064007844985,0.060945113898800855,1.8657332722807878,2.1122795292882093,1.9890064007844985,0.06245277631614823,1.8622205244438408,2.1157922771251565,1,1,1,26.954453505544492,0.9571
1240,2133706,2.0,2.0534434234681638,0.011669399003060653,2.030571821700937,2.0763150252353904,2.0603111450218083,0.04054079535161264,1.978309646373033,2.142312643670584,2.0603111450218083,0.03715145190024111,1.9848896879731177,2.135732602070499,0,1,1,10.135719952953634,1.0111
1241,2134706,2.0,2.0417095234853155,0.011993492325983181,2.018202710477531,2.0652163364931,2.038959247324607,0.05348943707292534,1.9307666486393233,2.147151846009891,2.038959247324607,0.05112955857307595,1.9351607250974654,2.142757769551749,0,1,1,18.17409372269409,0.7027
1242,2135706,2.0,2.0033224923349198,0.011484630670096578,1.9808130298457864,2.0258319548240533,1.9944239140585789,0.049593033957215926,1.8941125345762435,2.0947352935409143,1.9944239140585789,0.048979910260835556,1.8949894099130664,2.0938584182040914,1,1,1,18.18871019510241,1.0777
1243,2136706,2.0,2.0357857713551817,0.011673472737004673,2.0129061852161425,2.058665357494221,2.0299502108247367,0.056479036125051715,1.9157105772821663,2.144189844367307,2.0299502108247367,0.05701568782750782,1.9142022109314665,2.145698210718007,0,1,1,23.855503600905653,0.7873
1244,2137706,2.0,1.9702645871670676,0.01160577509511677,1.9475176859679668,1.9930114883661685,1.9614373229822475,0.04513253859921244,1.870148146959412,2.0527264990050833,1.9614373229822475,0.04545323662802469,1.8691623469390557,2.053712299025439,0,1,1,15.33844478091856,1.0808
1245,2138706,2.0,1.9897695482206632,0.01195747842963898,1.9663333211526564,2.0132057752886703,1.990152832128037,0.05445369417253289,1.8800098393627962,2.100295824893278,1.990152832128037,0.05357484321745338,1.881390118157516,2.0989155460985582,1,1,1,20.074401467770166,0.9871
1246,2139706,2.0,1.9409191363433522,0.011609398624091563,1.9181651331579639,1.9636731395287406,1.9349077077022274,0.04786233757587767,1.8380969920757655,2.0317184233286896,1.9349077077022274,0.04651851884962299,1.8404700937751448,2.02934532162931,0,1,1,16.055813305881674,0.9156
1247,2140706,2.0,1.9658615954292942,0.011381572714439615,1.9435541228215687,1.9881690680370196,1.9549933191324507,0.04015735123393527,1.8737674094188428,2.0362192288460585,1.9549933191324507,0.03855842278903018,1.8767155593276117,2.0332710789372896,0,1,1,11.477147612845618,0.839
1248,2141706,2.0,1.9511236504788676,0.011567019352827413,1.9284527091388481,1.973794591818887,1.9482607554563203,0.04515566916368971,1.8569247934507411,2.039596717461899,1.9482607554563203,0.04649009158598296,1.8538808519425318,2.0426406589701087,0,1,1,16.153918189451304,0.7337
1249,2142706,2.0,2.029061075012238,0.011438438389842601,2.0066421477287664,2.05148000229571,2.0316081288632097,0.04954834509104216,1.9313871411447108,2.1318291165817085,2.0316081288632097,0.050114482635453865,1.9298703203448107,2.1333459373816086,0,1,1,19.19521707367042,0.991
1250,2143706,2.0,2.007286058321068,0.011796956602228138,1.984164448253519,2.030407668388617,2.0039866281102023,0.05344137381010067,1.8958912465502213,2.1120820096701833,2.0039866281102023,0.05151429516808503,1.8994070490712447,2.10856620714916,1,1,1,19.068457386558837,0.8256
1251,2144706,2.0,2.049664638558921,0.01157650193572873,2.026975111697934,2.0723541654199074,2.049355998379036,0.04735275058601564,1.953576019729937,2.1451359770281355,2.049355998379036,0.04664353983329163,1.9546645783618102,2.144047418396262,0,1,1,16.23410336259395,0.9383
1252,2145706,2.0,2.030970795561165,0.011867200749534543,2.0077115094947704,2.0542300816275594,2.0174938097239856,0.05268683336927354,1.9109246302624663,2.124062989185505,2.0174938097239856,0.04808711919788603,1.9198717677936379,2.115115851654333,0,1,1,16.419538339562408,0.9436
1253,2146706,2.0,1.9332658721640748,0.011542140442476801,1.910643692592317,1.9558880517358326,1.9311232877123126,0.045028112694274654,1.8400453330192112,2.022201242405414,1.9311232877123126,0.0441946788121215,1.8414033198693474,2.020843255555278,0,1,1,14.661123602359089,0.84
1254,2147706,2.0,1.9664329384911068,0.011290207771712654,1.9443045378805757,1.988561339101638,1.9724126051303852,0.0469344446668532,1.8774787300657734,2.067346480194997,1.9724126051303852,0.04785231662496822,1.8752672377648916,2.069557972495879,0,1,1,17.9639594830967,1.0057
1255,2148706,2.0,1.927437299475307,0.011617812413259009,1.904666805566177,1.950207793384437,1.9211325845933618,0.0476795266187618,1.8246916390299412,2.017573530156782,1.9211325845933618,0.04384800640329468,1.8321163991560614,2.010148770030662,0,1,1,14.244623839504799,0.8818
1256,2149706,2.0,2.0531842322625757,0.01132865630220114,2.0309804739170287,2.0753879906081227,2.0518500330637957,0.03716931376593017,1.9766679996054513,2.12703206652214,2.0518500330637957,0.035987604795843973,1.9787913112490128,2.1249087548785788,0,1,1,10.09134567604461,0.884
1257,2150706,2.0,1.9745763024888299,0.011713030550792584,1.951619184459459,1.9975334205182007,1.9700803718355524,0.04918993754325574,1.8705843318096336,2.0695764118614712,1.9700803718355524,0.049024889474517025,1.8705545550317386,2.069606188639366,0,1,1,17.518410324450933,1.0012
1258,2151706,2.0,1.9158537100847042,0.011714932807118111,1.892892863701446,1.9388145564679624,1.9224084663327907,0.04833181991299351,1.8246481330459268,2.0201687996196545,1.9224084663327907,0.04725311544731354,1.8264795420286708,2.0183373906369106,0,1,1,16.269765395716874,0.9196
1259,2152706,2.0,1.9879759854591128,0.011436363417380005,1.9655611250469365,2.010390845871289,1.9902302192883012,0.0478821510700711,1.8933794270870399,2.0870810114895626,1.9902302192883012,0.047462557849827634,1.8938761043023256,2.086584334274277,1,1,1,17.223697275687726,0.9269
1260,2153706,2.0,1.9436024785459072,0.011385448482125313,1.9212874095731054,1.965917547518709,1.9398867129381738,0.040296409456471526,1.8583795314204854,2.021393894455862,1.9398867129381738,0.038532261069482196,1.861662064247606,2.018111361628742,0,1,1,11.453776469843373,0.9562
1261,2154706,2.0,2.0155217976381254,0.011700400224758819,1.9925894345928938,2.038454160683357,2.008617698163802,0.045306257427793165,1.9169771426437567,2.1002582536838474,2.008617698163802,0.04566786451958475,1.9159070043363304,2.1013283919912733,1,1,1,15.234211227991047,0.9275
1262,2155706,2.0,1.937130006657882,0.011295125871850237,1.914991966748209,1.9592680465675552,1.9297184561448417,0.039481101821058344,1.8498603899783401,2.009576522311343,1.9297184561448417,0.03890432985354882,1.8507384676658858,2.0086984446237977,0,1,1,11.863524391523512,0.79
1263,2156706,2.0,1.950367943172677,0.011613037235866895,1.9276068084392552,1.9731290779060988,1.9479585332231755,0.04721654169553586,1.8524540630600779,2.043463003386273,1.9479585332231755,0.04757820949057721,1.851369632924399,2.044547433521952,0,1,1,16.78512389864411,1.1053
1264,2157706,2.0,2.032266056856828,0.011592211677469466,2.009545739467823,2.054986374245833,2.037129740347067,0.04634799975390579,1.9433820620829758,2.130877418611158,2.037129740347067,0.04629570042415178,1.9431444718720936,2.1311150088220403,0,1,1,15.9495602088186,0.9289
1265,2158706,2.0,1.9117790458836468,0.012246003329395003,1.887777320403475,1.9357807713638187,1.9137447865374573,0.06923575165828624,1.7737022603163215,2.053787312758593,1.9137447865374573,0.07019033226269873,1.7712508365244268,2.0562387365504877,0,1,1,32.85230530303803,1.0185
1266,2159706,2.0,2.0292772321341515,0.011366138157207939,2.0070000107027175,2.0515544535655854,2.039662139476319,0.03933027595610765,1.9601091474173598,2.119215131535278,2.039662139476319,0.04033928700757867,1.9577690331022672,2.12155524585037,0,1,1,12.595939742562905,0.9748
1267,2160706,2.0,1.9843225725630422,0.011414396248924437,1.9619507670098812,2.006694378116203,1.9786116303051742,0.04172334319989816,1.8942182028611627,2.063005057749186,1.9786116303051742,0.03768867513357742,1.9020995521112471,2.055123708499101,1,1,1,10.902242858162593,0.9985
1268,2161706,2.0,2.007624523561441,0.01174354631559477,1.9846075957320974,2.030641451390785,2.008977429275861,0.05572560060117113,1.896261762926277,2.121693095625445,2.008977429275861,0.05716727386270663,1.8929216933707216,2.125033165181,1,1,1,23.69716732514054,0.9036
1269,2162706,2.0,1.872324902070231,0.011739280762362529,1.8493163345715966,1.8953334695688655,1.8741805700943255,0.049926247793390464,1.7731952020111292,1.9751659381775217,1.8741805700943255,0.04853659981284818,1.7756460340039484,1.9727151061847026,0,0,0,17.094473087234036,0.8475
1270,2163706,2.0,2.0403028498645566,0.011961393807962096,2.0168589487960507,2.0637467509330625,2.0440088279607,0.04471950280134375,1.9535550956958634,2.1344625602255363,2.0440088279607,0.04219232223759466,1.9583538600748658,2.129663795846534,0,1,1,12.442374835467382,0.8895
1271,2164706,2.0,2.0390349146187736,0.01168335530187935,2.016135959008505,2.0619338702290424,2.0393351689648456,0.053630320671959185,1.930857606303014,2.147812731626677,2.0393351689648456,0.05247443612634775,1.9328064001542808,2.1458639377754105,0,1,1,20.172531048264275,0.8454
1272,2165706,2.0,1.9593289444444644,0.011464307694321921,1.936859314255908,1.9817985746330207,1.9648313009167853,0.04641420191479913,1.8709497161429682,2.058712885690602,1.9648313009167853,0.04493989687268391,1.8735984599807969,2.0560641418527736,0,1,1,15.366270552751283,0.9404
1273,2166706,2.0,1.9969362981193388,0.011677480893116411,1.974048856138676,2.0198237401000014,2.0025560201886097,0.05281020490349034,1.895737298245039,2.1093747421321805,2.0025560201886097,0.05027111931258932,1.9005002223101033,2.104611818067116,1,1,1,18.532703581308407,0.9499
1274,2167706,2.0,2.008594402248863,0.011483116261314145,1.986087907946401,2.031100896551325,1.9977222163970583,0.04175826381421325,1.9132581553435495,2.082186277450567,1.9977222163970583,0.0428195881779821,1.910793830952522,2.0846506018415942,1,1,1,13.904822472315349,0.9907
1275,2168706,2.0,1.9768766373439703,0.011386588914345472,1.9545593331650901,1.9991939415228506,1.967347513928445,0.04046723891227884,1.8854947972216205,2.04920023063527,1.967347513928445,0.04097690609868208,1.8841599719823408,2.0505350558745494,0,1,1,12.95063446682163,0.8636
1276,2169706,2.0,1.9748192209630018,0.012023041596365918,1.9512544924494977,1.9983839494765059,1.9652861757790876,0.06183525552421644,1.840212565892102,2.090359785666073,1.9652861757790876,0.06300991686867002,1.8373692439856055,2.0932031075725694,0,1,1,27.465601462666864,0.9939
1277,2170706,2.0,1.9565454110084037,0.01182129394344543,1.9333761006285892,1.9797147213882182,1.9434437685861745,0.05711480442914869,1.82791817226766,2.058969364904689,1.9434437685861745,0.057703349421002276,1.826299741439998,2.060587795732351,0,1,1,23.827145265405452,0.7885
1278,2171706,2.0,1.9273765133335639,0.011436054555439733,1.9049622582796668,1.949790768387461,1.9200883117534824,0.041908092673832234,1.835321193226063,2.004855430280902,1.9200883117534824,0.04270324310886476,1.8333961193561743,2.0067805041507905,0,1,1,13.943419086097782,0.885
1279,2172706,2.0,1.961721919588057,0.01161217299308429,1.9389624787393631,1.984481360436751,1.9657641487935618,0.03692659807297838,1.8910730541635015,2.0404552434236223,1.9657641487935618,0.03780345594476885,1.8890190531648239,2.0425092444222996,0,1,1,10.598295257705667,0.9423
1280,2173706,2.0,2.00373573106948,0.011366628859126548,1.9814575478799583,2.0260139142590017,2.001692041734924,0.03941011526305695,1.9219775594347368,2.0814065240351116,2.001692041734924,0.039772516493525846,1.92094954067495,2.0824345427948985,1,1,1,12.243420956071114,0.9317
1281,2174706,2.0,2.004338580856272,0.011465784102151958,1.9818660569615423,2.026811104751002,2.00134097636788,0.05325107190129682,1.8936305167509024,2.109051435984858,2.00134097636788,0.0540916514220504,1.8915290859638219,2.111152866771939,1,1,1,22.256299742179234,0.9712
1282,2175706,2.0,1.9614058119242817,0.011525647634421293,1.9388159576623167,1.9839956661862466,1.9651276374094622,0.04428476242538317,1.8755532505556545,2.05470202426327,1.9651276374094622,0.04435564963072871,1.8750808814314255,2.055174393387499,0,1,1,14.810414469938435,0.829
1283,2176706,2.0,2.032357109891205,0.011685653574205038,2.0094536497499518,2.0552605700324587,2.031354915148859,0.05656312172056346,1.916945202435741,2.1457646278619764,2.031354915148859,0.058215283463461595,1.9131716066443443,2.1495382236533733,0,1,1,24.818070749949666,0.7104
1284,2177706,2.0,1.9941414773092911,0.011778471916075487,1.9710560965608668,2.0172268580577155,1.9990087916503065,0.05488403236444016,1.8879953577317496,2.1100222255688634,1.9990087916503065,0.05566015048824105,1.8860126788565212,2.112004904444092,1,1,1,22.331137767659648,0.9318
1285,2178706,2.0,2.076431658899114,0.011856950169878184,2.0531924635996663,2.0996708541985614,2.0744075670908426,0.05333916660355585,1.9665189191195023,2.182296215062183,2.0744075670908426,0.050209039367976,1.972477798200081,2.176337335981604,0,1,1,17.931550147568355,0.9262
1286,2179706,2.0,1.9843511182434797,0.011801536228396125,1.9612205322735785,2.007481704213381,1.9774502382818366,0.05128798802806096,1.8737104905905237,2.0811899859731495,1.9774502382818366,0.05193601355279053,1.8720145254065994,2.082885951157074,1,1,1,19.366901114914324,0.9568
1287,2180706,2.0,1.9520283668521865,0.011562096778271575,1.9293670735810076,1.9746896601233654,1.9544695772793395,0.04165521300274632,1.8702139561664872,2.0387251983921915,1.9544695772793395,0.04072292738096815,1.871797639541673,2.037141515017006,0,1,1,12.405228814364317,0.7053
1288,2181706,2.0,1.985259090184824,0.011680568924738642,1.9623655957733985,2.0081525845962496,1.981035080894383,0.050098625064695805,1.8797010468696969,2.0823691149190693,1.981035080894383,0.050796896154775645,1.8779118992800636,2.0841582625087023,1,1,1,18.91238759659414,0.8201
1289,2182706,2.0,2.0758120184587345,0.01158164562840189,2.0531124101453613,2.098511626772108,2.0803005068324554,0.051319351284764184,1.976497320966586,2.184103692698325,2.0803005068324554,0.05032844510982524,1.978128331398487,2.1824726822664235,0,1,1,18.88367344117724,1.0945
1290,2183706,2.0,2.002955689822001,0.011587878872775615,1.980243864574148,2.0256675150698538,2.0065283154415754,0.0484004270688372,1.908629211083537,2.104427419799614,2.0065283154415754,0.04966301092263252,1.9057070432267558,2.1073495876563952,1,1,1,18.367844676368914,0.9429
1291,2184706,2.0,1.9933612672075027,0.011457773159256326,1.9709044444723307,2.015818089942675,1.9946155668911936,0.043867618516567425,1.9058849332340961,2.083346200548291,1.9946155668911936,0.04527965215091176,1.9026929860712098,2.086538147711177,1,1,1,15.617291766669847,0.9795
1292,2185706,2.0,2.003680746346467,0.011698836329785214,1.9807514484790592,2.0266100442138746,2.0014835627385787,0.04989187048393401,1.9005677293270753,2.102399396150082,2.0014835627385787,0.050922345089985804,1.8981057062462987,2.104861419230859,1,1,1,18.94660762449278,0.9278
1293,2186706,2.0,1.955135687618782,0.011597989728058982,1.9324040454587208,1.9778673297788432,1.956162640557879,0.04454496219287317,1.8660619499969735,2.046263331118784,1.956162640557879,0.04479746825690448,1.865218945083994,2.0471063360317636,0,1,1,14.919061398138389,0.792
1294,2187706,2.0,2.0003085321403433,0.011640421437577963,1.9774937253578226,2.023123338922864,1.9898398364420333,0.05093221312420959,1.8868197114183174,2.092859961465749,1.9898398364420333,0.052254424205687613,1.8837577155759102,2.0959219573081564,1,1,1,20.151562460610354,0.9155
1295,2188706,2.0,2.129349536468572,0.011867088027469847,2.106090471333365,2.1526086016037795,2.1301569289920663,0.05053284299147342,2.02794460630957,2.232369251674563,2.1301569289920663,0.05213016998950201,2.02432705759534,2.2359868003887926,0,0,0,19.297007002957674,0.9043
1296,2189706,2.0,1.9771288976206314,0.011592114272536147,1.954408771141788,1.9998490240994748,1.9715867578153552,0.05077513784397982,1.8688843475347223,2.074289168095988,1.9715867578153552,0.050391140567529566,1.869287303835636,2.0738862117950743,0,1,1,18.896573867345566,1.0204
1297,2190706,2.0,2.038946288171329,0.011427281801482276,2.016549227399234,2.0613433489434243,2.047452375132333,0.03849433829858198,1.969590226582968,2.125314523681698,2.047452375132333,0.03902192084122829,1.9682336642569982,2.1266710860076676,0,1,1,11.660882316095392,0.8337
1298,2191706,2.0,2.0134908057118714,0.011387361775281843,1.991171986753391,2.035809624670352,2.0196026412614625,0.0432471350058808,1.9321270539674635,2.1070782285554617,2.0196026412614625,0.042149922751063856,1.9340337489093882,2.105171533613537,1,1,1,13.700844249783849,0.9915
1299,2192706,2.0,2.040655736055226,0.01155869771088503,2.018001104833706,2.0633103672767463,2.034381361773756,0.04109163885549151,1.9512656769713237,2.1174970465761884,2.034381361773756,0.038489211591508414,1.95624410816973,2.112518615377782,0,1,1,11.088178745957165,0.9832
1300,2193706,2.0,2.0320537571614405,0.011561701608995638,2.00939323840781,2.054714275915071,2.028768442300732,0.046949619143058834,1.9338038739608827,2.123733010640581,2.028768442300732,0.04696325885120346,1.9334279581704308,2.1241089264310333,0,1,1,16.499581847694007,0.8269
1301,2194706,2.0,1.9492894003563732,0.011892763223266522,1.9259800127621083,1.9725987879506381,1.946057624282164,0.05564960130417004,1.8334956810205534,2.0586195675437744,1.946057624282164,0.056397486103694126,1.831564640609666,2.060550607954662,0,1,1,22.488161259672573,0.904
1302,2195706,2.0,1.9897990728251553,0.011724154574334985,1.9668201521102782,2.0127779935400323,1.9966073100320512,0.05335235561813723,1.8886919847606727,2.1045226353034296,1.9966073100320512,0.05451857116207963,1.8859287264790328,2.1072858935850696,1,1,1,21.623493451078502,0.8892
1303,2196706,2.0,2.0300707434601946,0.011785573302665135,2.0069714442498143,2.053170042670575,2.032777956066344,0.060135837029434196,1.9111417445380972,2.154414167594591,2.032777956066344,0.06194170548815841,1.907029608665486,2.158526303467202,0,1,1,27.622621410411167,0.8993
1304,2197706,2.0,1.9630180260227121,0.011801178595496137,1.9398881410004147,1.9861479110450095,1.957707519259309,0.051429710085920566,1.8536811116483944,2.0617339268702235,1.957707519259309,0.05137960061101232,1.8534013847085566,2.062013653810061,0,1,1,18.955300873999942,0.8955
1305,2198706,2.0,2.0401556230034794,0.011803516296926463,2.0170211561705718,2.063290089836387,2.0371579853532324,0.045663837285504834,1.9447941563018059,2.1295218144046593,2.0371579853532324,0.046286680291287546,1.9431910287215008,2.131124941984964,0,1,1,15.377624792419471,0.8494
1306,2199706,2.0,1.9535702730481015,0.01171744333796723,1.930604506114797,1.976536039981406,1.9543388378062139,0.0455813704710713,1.8621418136315462,2.0465358619808813,1.9543388378062139,0.045054734486207025,1.862872864120551,2.0458048114918768,0,1,1,14.78478948635523,0.9405
1307,2200706,2.0,1.9754930145306697,0.011774524157027235,1.9524153712477994,1.99857065781354,1.9673178303481316,0.050048838423890456,1.8660844993097414,2.0685511613865217,1.9673178303481316,0.048753609014480545,1.8683427421570173,2.066292918539246,0,1,1,17.144578410298628,0.8988
1308,2201706,2.0,1.95588537540185,0.011464660665899323,1.9334150534017143,1.9783556974019856,1.9508146526426682,0.03787923598471239,1.8741966659584608,2.0274326393268756,1.9508146526426682,0.0331587775711682,1.88349875540435,2.0181305498809863,0,1,1,8.365166955819895,0.8799
1309,2202706,2.0,1.954614956839332,0.011551520456919236,1.9319743927770927,1.9772555209015714,1.9531849703721507,0.05184775458077583,1.848312987957321,2.05805695278698,1.9531849703721507,0.0528217152426901,1.8459511874741836,2.0604187532701177,0,1,1,20.909646765435863,0.8005
1310,2203706,2.0,2.031470450858003,0.011501659587776304,2.0089276123035216,2.0540132894124845,2.031333482970817,0.04708441133381309,1.9360962716906376,2.1265706942509968,2.031333482970817,0.0446396137812392,1.9407102491194903,2.1219567168221443,0,1,1,15.063290007222479,0.9072
1311,2204706,2.0,1.9280937522820012,0.011499865925390138,1.9055544292411972,1.9506330753228052,1.9171908936163757,0.052353075061719614,1.8112968040530326,2.023084983179719,1.9171908936163757,0.05246148913322946,1.8106884085991874,2.0236933786335642,0,1,1,20.81113056573697,0.9843
1312,2205706,2.0,2.0187772787226956,0.01158741914802835,1.9960663545187902,2.041488202926601,2.027394654461566,0.04714537228509359,1.9320341380187545,2.1227551709043775,2.027394654461566,0.047746668196715074,1.9304637648078762,2.1243255441152558,1,1,1,16.979023498582826,0.8531
1313,2206706,2.0,1.9344258672445696,0.011576540797191412,1.9117362642165159,1.9571154702726232,1.9302049789601727,0.04990659246156244,1.8292593675381954,2.03115059038215,1.9302049789601727,0.05062400532746745,1.8274327843850935,2.0329771735352518,0,1,1,19.122972176024014,0.8869
1314,2207706,2.0,2.060597064987097,0.011553006234326545,2.0379535888546503,2.083240541119544,2.061893464779827,0.04497815973545287,1.9709165494829635,2.1528703800766906,2.061893464779827,0.044209957718268085,1.9721424791083586,2.1516444504512955,0,1,1,14.643678441666209,0.8865
1315,2208706,2.0,2.0420106095673907,0.011804136874665042,2.018874926424466,2.0651462927103155,2.0376827220396727,0.056950603868398536,1.9224892527044526,2.152876191374893,2.0376827220396727,0.058568124508220465,1.918783108132781,2.156582335946564,0,1,1,24.618078986583132,0.8108
1316,2209706,2.0,2.00134664573808,0.011865085678260253,1.9780915051352082,2.0246017863409524,2.0174056392770203,0.048280717662841297,1.9197486700475328,2.115062608506508,2.0174056392770203,0.0416911405384197,1.9327681243321753,2.1020431542218656,1,1,1,12.346554994322778,0.9113
1317,2210706,2.0,1.9876395088152021,0.01168858320649701,1.9647303067001682,2.010548710930236,1.993143175390986,0.0530851360878347,1.885768352637207,2.100517998144765,1.993143175390986,0.05434209274952888,1.882822862062452,2.10346348871952,1,1,1,21.614688108344204,0.8763
1318,2211706,2.0,2.0098574602661365,0.011482487218975133,1.9873521988640037,2.032362721668269,2.010921580266375,0.048962860887505746,1.9118848461301943,2.109958314402556,2.010921580266375,0.04855993073481086,1.9123396798863481,2.109503480646402,1,1,1,17.88480361952892,0.8956
1319,2212706,2.0,1.9865582309259155,0.01174086419836006,1.9635465599497541,2.009569901902077,1.9798436487352336,0.052211160807192104,1.874236607845947,2.0854506896245204,1.9798436487352336,0.05285764314440051,1.8725369283191586,2.0871503691513085,1,1,1,20.268212997125723,0.8629
1320,2213706,2.0,2.004007608639056,0.011601546818407242,1.9812689947100226,2.0267462225680895,2.0045223054867414,0.04366638897058558,1.9161986970051446,2.092845913968338,2.0045223054867414,0.045015861748285285,1.913135247654526,2.0959093633189565,1,1,1,15.055644197785965,1.0333
1321,2214706,2.0,1.9829634291596248,0.01147269686772476,1.9604773564933387,2.0054495018259106,1.98834656663309,0.04417273227726374,1.898998782142654,2.077694351123526,1.98834656663309,0.04344705641629001,1.9001443529432396,2.0765487803229403,1,1,1,14.34133822143032,0.869
1322,2215706,2.0,2.065789946787204,0.011557717339246192,2.043137237058787,2.0884426565156207,2.0657765525877094,0.043490245258207764,1.9778092283937607,2.153743876781658,2.0657765525877094,0.04270254406785215,1.9790857793191032,2.152467325856316,0,1,1,13.650965251412677,0.8674
1323,2216706,2.0,1.9638446187357912,0.011596786483763792,1.9411153348912134,1.986573902580369,1.9596275852568898,0.05048138010691249,1.8575193560837135,2.061735814430066,1.9596275852568898,0.051452475158410976,1.855173507509696,2.064081663004084,0,1,1,19.6850816727941,0.8591
1324,2217706,2.0,2.0345535553108762,0.011468734077641929,2.012075249570431,2.0570318610513216,2.0347217981539023,0.044438772646509625,1.9448358962242294,2.1246077000835752,2.0347217981539023,0.04498389043657561,1.9433996455350655,2.1260439507727393,0,1,1,15.384488428417539,0.8608
1325,2218706,2.0,1.9679696388003012,0.011547138831277205,1.945337662566514,1.9906016150340884,1.9653114812750478,0.04652457743890547,1.8712066409308266,2.059416321619269,1.9653114812750478,0.046967663082687856,1.8699620560794923,2.0606609064706034,0,1,1,16.544327911662222,0.9769
1326,2219706,2.0,1.9732509637868434,0.01159466428323676,1.9505258393788665,1.9959760881948203,1.9663152130277053,0.04758596622664234,1.8700635112198998,2.062566914835511,1.9663152130277053,0.0466528354520906,1.8716049219010575,2.0610255041543533,0,1,1,16.18973468980207,1.0517
1327,2220706,2.0,2.015254166026416,0.01149240336105895,1.9927294693429332,2.0377788627098985,2.0131470092077266,0.047835084651554866,1.9163914178238368,2.1099026005916164,2.0131470092077266,0.049273255801370125,1.9131169819546578,2.113177036460795,1,1,1,18.382340177468826,0.9355
1328,2221706,2.0,1.9988415366842236,0.011628574489901287,1.976049949492476,2.0216331238759713,1.9944473823499609,0.057439347388194964,1.8782653359350217,2.1106294287649,1.9944473823499609,0.05767762024593653,1.8773555882060726,2.111539176493849,1,1,1,24.60150682428051,0.859
1329,2222706,2.0,2.0341698113188182,0.011565385099240433,2.011502073056971,2.0568375495806657,2.0330095907322865,0.04178443874044764,1.9484925858931508,2.117526595571422,2.0330095907322865,0.04125032595547544,1.9492669769671649,2.116752204497408,0,1,1,12.721390166782573,0.9348
1330,2223706,2.0,1.984488844262983,0.011524681347159189,1.9619008838892507,2.0070768046367156,1.9829488857273767,0.04428068815006897,1.8933827398732528,2.0725150315815006,1.9829488857273767,0.04481240560560596,1.8919748658234659,2.0739229056312873,1,1,1,15.119542986399189,0.945
1331,2224706,2.0,1.943973744664006,0.01118904714305899,1.9220436152422895,1.9659038740857224,1.9358525560596087,0.034384483227733006,1.8663033740447168,2.0054017380745006,1.9358525560596087,0.033646670075807066,1.8675461843794892,2.004158927739728,0,1,1,9.042696857136752,0.8733
1332,2225706,2.0,1.9785596206279972,0.011344226102491355,1.956325346034635,2.0007938952213595,1.974268315386549,0.0361054296470315,1.9012381906754723,2.0472984400976255,1.974268315386549,0.03597307133077306,1.9012390980744316,2.0472975326986664,1,1,1,10.055537500302878,0.9622
1333,2226706,2.0,1.9760379612723868,0.011583368372730376,1.953334976442175,1.9987409461025987,1.9769594784120441,0.04790964289496338,1.880053078746198,2.07386587807789,1.9769594784120441,0.04846677207649087,1.8785667001628577,2.0753522566612306,0,1,1,17.507271098859608,0.7772
1334,2227706,2.0,1.9684316776778243,0.011841551234182212,1.9452226637377414,1.9916406916179072,1.9730944087545677,0.05012671962312202,1.8717035481216502,2.074485269387485,1.9730944087545677,0.050072436338094856,1.8714419587577908,2.0747468587513445,0,1,1,17.88052430831594,0.7806
1335,2228706,2.0,1.9635013999691908,0.01147608424449454,1.941008688166434,1.9859941117719477,1.9662687164825567,0.043646331539103064,1.8779856779854989,2.0545517549796144,1.9662687164825567,0.04425862743016668,1.8764189260430972,2.056118506922016,0,1,1,14.873337302558056,0.8972
1336,2229706,2.0,2.03174529408539,0.011525181842229323,2.0091563527593457,2.0543342354114347,2.0379861694624744,0.04173128026114883,1.9535766877967393,2.122395651128209,2.0379861694624744,0.042747389739829875,1.9512043546396383,2.1247679842853104,0,1,1,13.756996567240723,0.9431
1337,2230706,2.0,1.9418450886121439,0.011466972203155392,1.9193702360822373,1.9643199411420504,1.9352233057483004,0.04414979615243691,1.8459219139492924,2.0245246975473083,1.9352233057483004,0.04228407233118247,1.8493820752700558,2.021064536226545,0,1,1,13.597406921930046,0.8103
1338,2231706,2.0,2.077680076322361,0.011718632673878529,2.0547119783335046,2.100648174311217,2.0726647210165474,0.050958975186049124,1.9695904646133473,2.1757389774197478,2.0726647210165474,0.0475665917303019,1.9760994060250143,2.1692300360080803,0,1,1,16.475939396058195,0.9222
1339,2232706,2.0,2.045376345770701,0.011776626223681393,2.0222945825128957,2.0684581090285064,2.04262109334423,0.055121193951215765,1.9311279548375209,2.1541142318509396,2.04262109334423,0.054300881324647374,1.9323844436560826,2.152857743032378,0,1,1,21.26042658503441,0.8751
1340,2233706,2.0,1.954646689989462,0.01161805905567661,1.9318757126700763,1.9774176673088475,1.9487387734459551,0.04820330594370268,1.8512383841978737,2.0462391626940364,1.9487387734459551,0.04453318850478101,1.8583315943921321,2.039145952499778,0,1,1,14.692659792450694,0.8748
1341,2234706,2.0,1.9671137973564028,0.01183378797420237,1.943919999126283,1.9903075955865226,1.963025079768165,0.04654496956337063,1.8688789924589477,2.057171167077382,1.963025079768165,0.04660272838451018,1.8684165113966735,2.057633648139656,0,1,1,15.508690155685366,0.9334
1342,2235706,2.0,2.0507015586056743,0.011440164321787256,2.028279248557751,2.0731238686535973,2.04785220585368,0.044706458098602,1.957424858990634,2.1382795527167264,2.04785220585368,0.04548219233425263,1.9555184466017068,2.1401859651056534,0,1,1,15.805864544651927,0.8783
1343,2236706,2.0,1.9624385754527842,0.011712741472880067,1.9394820240057107,1.9853951268998578,1.965307833157729,0.056169469627658106,1.8516943569585842,2.0789213093568737,1.965307833157729,0.05654220115929878,1.8505210623035109,2.080094604011947,0,1,1,23.3038838837104,0.9275
1344,2237706,2.0,1.9744196114006185,0.011550864729303698,1.9517803325408893,1.9970588902603477,1.9689227035815255,0.047040798693678956,1.873773707192544,2.064071699970507,1.9689227035815255,0.04610400163694603,1.8753266043342947,2.0625188028287567,0,1,1,15.931191136225058,0.9476
1345,2238706,2.0,2.050381544386403,0.011575077091720131,2.0276948101683567,2.073068278604449,2.047833372970501,0.041943461454734425,1.9629947143310977,2.132672031609904,2.047833372970501,0.041600738926648916,1.9633793830544384,2.1322873628865637,0,1,1,12.916781265436837,0.9125
1346,2239706,2.0,2.063600111463669,0.011391402851393487,2.041273372141551,2.0859268507857873,2.06775410408041,0.04722674249849564,1.9722290008457886,2.163279207315031,2.06775410408041,0.04713366355847325,1.9720676800028691,2.1634405281579507,0,1,1,17.120166083631272,0.87
1347,2240706,2.0,1.9744967128063302,0.01146066857116114,1.9520342151681043,1.9969592104445562,1.9705286026239437,0.04596178964767295,1.877562108034956,2.0634950972129316,1.9705286026239437,0.046953519228002685,1.8752078909799206,2.065849314267967,0,1,1,16.784808498823278,0.8745
1348,2241706,2.0,1.9604074139501457,0.011436290482925132,1.9379926964868743,1.9828221314134171,1.9559587386264736,0.03511500958569314,1.8849319275804883,2.026985549672459,1.9559587386264736,0.03350661711104687,1.8879366895804888,2.0239807876724583,0,1,1,8.584021760143862,0.9022
1349,2242706,2.0,2.075257289392736,0.011620942265193106,2.0524806610865385,2.0980339176989338,2.0776105760331394,0.04685076035839984,1.9828459684593858,2.172375183606893,2.0776105760331394,0.04653797574593135,1.983133462506602,2.172087689559677,0,1,1,16.03733830890679,0.8482
1350,2243706,2.0,1.9537998301951816,0.011700230666002853,1.9308677994790049,1.9767318609113582,1.9621873253725477,0.04181458021664637,1.8776093536431884,2.0467652971019072,1.9621873253725477,0.03582381687229182,1.8894611107199197,2.0349135400251757,0,1,1,9.374645732767307,0.9668
1351,2244706,2.0,2.0260191182727176,0.011646710431542058,2.0031919852885283,2.048846251256907,2.0239586061185446,0.04327776963964105,1.9364210544290001,2.111496157808089,2.0239586061185446,0.04319668512818379,1.936264673165685,2.1116525390714043,0,1,1,13.756067105493058,0.8014
1352,2245706,2.0,2.003197175406684,0.011849771229493156,1.9799720505718386,2.0264223002415296,2.0091364492673556,0.05652569739054917,1.8948024344067462,2.123470464127965,2.0091364492673556,0.05679824419454391,1.893829883417313,2.1244430151173983,1,1,1,22.97470211698491,0.9984
1353,2246706,2.0,2.0508066350398537,0.011871913162499654,2.0275381128137675,2.07407515726594,2.0457350515388852,0.0462329211058864,1.9522201418112328,2.1392499612665374,2.0457350515388852,0.04415922428246537,1.9560870602176672,2.135383042860103,0,1,1,13.83570995318698,0.8621
1354,2247706,2.0,2.0546473185171035,0.011512049427450405,2.0320841162510557,2.0772105207831513,2.056453941116153,0.051240463507487795,1.9528103208410823,2.160097561391223,2.056453941116153,0.052612316624945,1.9496452600122347,2.163262622220071,0,1,1,20.886687016070034,0.8415
1355,2248706,2.0,1.9459669563031128,0.011539336966355514,1.9233502714435844,1.9685836411626412,1.9557310392205571,0.04716771262145166,1.8603253351822435,2.0511367432588705,1.9557310392205571,0.047513008185219224,1.8592745046087202,2.052187573832394,0,1,1,16.95365511887812,0.8915
1356,2249706,2.0,1.9627552118843106,0.011857949755969256,1.9395140574321252,1.985996366336496,1.9646701750433095,0.05838268662935592,1.8465800449107597,2.082760305175859,1.9646701750433095,0.05807755270477924,1.84676647484396,2.082573875242659,0,1,1,23.98818577414516,0.7861
1357,2250706,2.0,1.9666400742044632,0.01160701254366194,1.9438907476507812,1.9893894007581452,1.9575410015144281,0.04057260580105493,1.8754751601584034,2.0396068428704526,1.9575410015144281,0.039467560203619426,1.8774175946363627,2.0376644083924935,0,1,1,11.562178042431773,0.8818
1358,2251706,2.0,2.0210844179492264,0.011419368868132225,1.9987028662415094,2.0434659696569435,2.0254324139998543,0.04556043116720803,1.9332777435649828,2.1175870844347258,2.0254324139998543,0.04635318917280745,1.93133043716045,2.1195343908392585,1,1,1,16.47688216388248,0.8608
1359,2252706,2.0,2.0332080358474203,0.011502318522459837,2.010663905804691,2.0557521658901496,2.036900968444073,0.044673680087466125,1.9465399213665284,2.1272620155216178,2.036900968444073,0.04537797207523322,1.9447787875662195,2.1290231493219265,0,1,1,15.563934241063626,0.9217
1360,2253706,2.0,2.007022852642499,0.011796829833348767,1.9839014910373878,2.0301442142476103,2.0040839994667405,0.06015943644074972,1.8824000536235075,2.1257679453099736,2.0040839994667405,0.06213201345951612,1.87794930634442,2.1302186925890614,1,1,1,27.739601996231222,0.9076
1361,2254706,2.0,1.9876289240266702,0.011880253216435464,1.9643440555952405,2.0109137924581,1.985802705409675,0.04766370575136274,1.8893937605710895,2.08221165024826,1.985802705409675,0.04815502132640825,1.8880428148298694,2.0835625959894806,1,1,1,16.429780616146747,0.7886
1362,2255706,2.0,2.0398913053240673,0.011597506953530878,2.017160609384694,2.0626220012634406,2.0358725130280764,0.04224307810258133,1.9504278225155813,2.1213172035405714,2.0358725130280764,0.04067205537343971,1.9533038509562195,2.1184411750999335,0,1,1,12.298806172344147,0.8382
1363,2256706,2.0,2.0911671094867605,0.011647133491057093,2.0683391473211583,2.113995071652363,2.0946989464766292,0.04324954650883565,2.0072184814574996,2.182179411495759,2.0946989464766292,0.03851747769029856,2.0165043096413484,2.17289358331191,0,0,0,10.936480255956345,0.9101
1364,2257706,2.0,2.100758043139713,0.011750097038052758,2.0777282761302787,2.1237878101491474,2.0901420938308086,0.05531289786908309,1.9782611975500937,2.202022990111524,2.0901420938308086,0.055163162519717625,1.9781549202521678,2.2021292674094495,0,1,1,22.04019367053725,0.9112
1365,2258706,2.0,2.0673313960020288,0.011827464824998433,2.0441499909166176,2.09051280108744,2.061984545515674,0.05310276926430754,1.9545740562959517,2.1693950347353956,2.061984545515674,0.05441122481399299,1.951523886634975,2.172445204396373,0,1,1,21.16380122996904,0.914
1366,2259706,2.0,2.0298340044542167,0.011881500558785337,2.006546691276705,2.0531213176317284,2.0271809674738765,0.056928637671314196,1.9120319289660466,2.1423300059817065,2.0271809674738765,0.056350173409732175,1.9127840336764976,2.1415779012712557,0,1,1,22.493028223451528,0.7579
1367,2260706,2.0,2.0366872473773125,0.011374866172465806,2.0143929193503167,2.0589815754043084,2.0336292435988783,0.04501589180521954,1.9425760079871035,2.124682479210653,2.0336292435988783,0.04542941718103922,1.9414026236038582,2.125855863593898,0,1,1,15.950773160503694,0.9281
1368,2261706,2.0,1.8694874223742086,0.011542033923384943,1.8468654515760345,1.8921093931723827,1.873873587370101,0.04803761943798065,1.776708330712716,1.9710388440274857,1.873873587370101,0.040750461711761644,1.7911457519691916,1.9566014227710102,0,0,0,12.465232251915499,0.8725
1369,2262706,2.0,2.0150680829877654,0.011576219605263666,1.9923791094843222,2.0377570564912086,2.011148530690496,0.04687538522896242,1.9163341146146484,2.1059629467663434,2.011148530690496,0.0468005036569362,1.9161384571704405,2.106158604210551,1,1,1,16.344345715902428,0.9414
1370,2263706,2.0,1.9921513582029373,0.0122236512370407,1.968193442018759,2.0161092743871154,1.9899704661504531,0.06267557085294521,1.8631971580780802,2.116743774222826,1.9899704661504531,0.05982524575221943,1.8685187604393474,2.111422171861559,1,1,1,23.9533953300551,0.8995
1371,2264706,2.0,1.9989456293704626,0.011636618826583636,1.976138275568538,2.0217529831723873,2.0006496355275774,0.05283046745743399,1.893789928700128,2.107509342355027,2.0006496355275774,0.052537007634166466,1.8939938398029073,2.1073054312522475,1,1,1,20.38341978174939,0.8813
1372,2265706,2.0,2.042774652381039,0.01183454739109488,2.0195793657211607,2.0659699390409174,2.0369534966918836,0.05627353971794643,1.9231295188660653,2.1507774745177017,2.0369534966918836,0.05752925222572761,1.9201629056421203,2.153744087741647,0,1,1,23.630567515375397,0.8856
1373,2266706,2.0,2.0659103605100637,0.011424484895877713,2.0435187815722218,2.0883019394479057,2.0758388066264604,0.040929746737350794,1.9930505795414166,2.158627033711504,2.0758388066264604,0.04067449252672576,1.9932651968703952,2.1584124163825256,0,1,1,12.67567310930692,0.9113
1374,2267706,2.0,2.024341655377243,0.011729291218103205,2.0013526670255786,2.047330643728907,2.020742617500866,0.05360776098339037,1.912310686116261,2.1291745488854703,2.020742617500866,0.049454667515596594,1.9203443048884685,2.1211409301132633,0,1,1,17.77751421089153,0.9114
1375,2268706,2.0,1.9917384926795503,0.011789706251755318,1.968631093037803,2.0148458923212975,1.9909637822440902,0.05743173277813093,1.8747971378317871,2.107130426656393,1.9909637822440902,0.05463646016953908,1.8800458712823749,2.1018816932058058,1,1,1,21.476284046884647,0.9025
1376,2269706,2.0,1.8992109129327062,0.011534121506032974,1.8766044501875727,1.9218173756778396,1.9040422622664983,0.047251034732847544,1.8084680233500259,1.9996165011829707,1.9040422622664983,0.04667987042591189,1.8092770872251558,1.9988074373078408,0,0,0,16.37910772948896,1.0114
1377,2270706,2.0,1.9844668968042554,0.011439329471225416,1.962046223033366,2.0068875705751448,1.9904413777928853,0.039491616476789476,1.910562043727709,2.0703207118580615,1.9904413777928853,0.03945367390523699,1.91034616159926,2.070536593986511,1,1,1,11.895255213350854,0.8147
1378,2271706,2.0,1.984081563973921,0.01184151420143003,1.9608726226166986,2.0072905053311434,1.9811072648568564,0.04354459201607099,1.8930300139692444,2.0691845157444684,1.9811072648568564,0.04272993748885878,1.8943608799870826,2.06785364972663,1,1,1,13.021170769845694,0.9812
1379,2272706,2.0,1.9719674680233177,0.0115965814303872,1.949238586075973,1.9946963499706625,1.9836703444022168,0.04470435276037997,1.8932472559876758,2.0740934328167575,1.9836703444022168,0.044394497507776645,1.8935447230409894,2.0737959657634444,0,1,1,14.655421902133936,0.7683
1380,2273706,2.0,2.087758217672588,0.011595545088326003,2.0650313669183586,2.1104850684268173,2.0890601751849553,0.049788375336674295,1.9883536804680821,2.1897666699018288,2.0890601751849553,0.049400042416859635,1.9887727574185854,2.189347592951325,0,1,1,18.149819308222167,1.0487
1381,2274706,2.0,2.0197222761888196,0.011740663909676275,1.996710997771265,2.0427335546063743,2.0175393881416728,0.05691613519924374,1.902415638270578,2.132663138012768,2.0175393881416728,0.058752385479675956,1.8982657045757623,2.136813071707583,1,1,1,25.04180891049605,0.9815
1382,2275706,2.0,1.9826673953814764,0.01147119328209633,1.9601842696888698,2.005150521074083,1.9835854466158007,0.03838602781766927,1.9059423766927226,2.061228516538879,1.9835854466158007,0.03758755462730273,1.9072786539633706,2.0598922392682306,1,1,1,10.736703247125398,0.7243
1383,2276706,2.0,1.9463254636214191,0.011417739587879476,1.9239471052443182,1.96870382199852,1.952316115178173,0.04465189368972,1.8619991352495295,2.042633095106816,1.952316115178173,0.044992206488171586,1.8609770800770593,2.0436551502792866,0,1,1,15.52795691176773,0.9036
1384,2277706,2.0,1.9879681082913083,0.011800436807725198,1.9648396771463261,2.0110965394362905,1.9879489741674072,0.041638249390681684,1.9037276651986492,2.072170283136165,1.9879489741674072,0.04091483506436902,1.9048874431201765,2.071010505214638,1,1,1,12.021687722863998,0.8999
1385,2278706,2.0,2.064593754483672,0.011826725206946455,2.041413799023005,2.0877737099443388,2.067712564471394,0.058867452150347936,1.9486419035211866,2.186783225421601,2.067712564471394,0.05052108381110869,1.9651493116826622,2.1702758172601255,0,1,1,18.248043403116593,0.9054
1386,2279706,2.0,1.9801485977274453,0.011662192973963554,1.9572911195177207,2.00300607593717,1.9800363555801292,0.0514355747768087,1.8759980855122065,2.0840746256480522,1.9800363555801292,0.05177696817195307,1.8749235219934817,2.085149189166777,1,1,1,19.7111873666939,0.9532
1387,2280706,2.0,1.8941504363691866,0.011430963843023499,1.871746158928281,1.9165547138100922,1.8962325713713952,0.049340855853425424,1.796431270249829,1.9960338724929614,1.8962325713713952,0.048540534374727294,1.7976900476957531,1.9947750950470373,0,0,0,18.031979464083268,0.9212
1388,2281706,2.0,2.011179076718104,0.011416671868716614,1.9888028110321079,2.0335553424041004,2.0135941601504865,0.040780242213567325,1.931108334508204,2.0960799857927688,2.0135941601504865,0.038961802387611676,1.934497496224473,2.0926908240765,1,1,1,11.646596798686563,1.0007
1389,2282706,2.0,1.9758974976349908,0.011752376258189971,1.952863263436175,1.9989317318338067,1.9737058062243604,0.05135285998479836,1.8698348426151896,2.0775767698335312,1.9737058062243604,0.051078966591443106,1.8700099911802375,2.0774016212684834,0,1,1,18.890037936531364,0.6954
1390,2283706,2.0,1.9600610125612379,0.01157664154215254,1.9373712120766886,1.9827508130457872,1.9669527941161222,0.04821576571217451,1.8694272026074872,2.0644783856247573,1.9669527941161222,0.04850390083406896,1.8684846404818105,2.065420947750434,0,1,1,17.554487810635173,1.0371
1391,2284706,2.0,1.9862325914477508,0.011663265885266222,1.9633730103705143,2.009092172524987,1.9820630369643712,0.04122694279646953,1.8986736741090775,2.065452399819665,1.9820630369643712,0.04194298325674526,1.8969142541203814,2.067211819808361,1,1,1,12.932374768889003,0.893
1392,2285706,2.0,2.0142143987564993,0.01141976883767998,1.9918320631228736,2.036596734390125,2.0149721326440173,0.03777915433253265,1.9385565802089362,2.0913876850790984,2.0149721326440173,0.036122171134830454,1.9416402266375823,2.088304038650452,1,1,1,10.005367981134341,0.9015
1393,2286706,2.0,2.020226775908963,0.011669577771596596,1.9973548237618444,2.0430987280560813,2.0093308106495824,0.05065602038091576,1.9068693381799071,2.1117922831192577,2.0093308106495824,0.05011799619133353,1.9075858692335357,2.111075752065629,1,1,1,18.44493428088686,0.9148
1394,2287706,2.0,1.9179745675042363,0.011911320985890572,1.8946288073635946,1.941320327644878,1.9160945997244485,0.05836553604631274,1.7980391599204935,2.0341500395284036,1.9160945997244485,0.05867810880301484,1.7969717058287118,2.035217493620185,0,1,1,24.267909116440592,0.8286
1395,2288706,2.0,2.051773461175574,0.011529157455580285,2.0291767277905453,2.074370194560603,2.045521087121163,0.04630094541866328,1.9518685852337152,2.1391735890086108,2.045521087121163,0.047378292897510235,1.9493380390829607,2.1417041351593653,0,1,1,16.887434439762178,0.8951
1396,2289706,2.0,1.9581772456341975,0.011688860815892536,1.9352674994147467,1.9810869918536482,1.956189259817628,0.050114957398502614,1.8548221905296478,2.0575563291056085,1.956189259817628,0.050607171387649065,1.8534512399572378,2.0589272796780183,0,1,1,18.74475432602157,0.7666
1397,2290706,2.0,1.9362220253679632,0.01169290507257356,1.9133043525510733,1.959139698184853,1.9436156004130332,0.04387735917671122,1.8548652644111077,2.0323659364149584,1.9436156004130332,0.044371268627239516,1.8535371361863486,2.0336940646397177,0,1,1,14.399879037130603,0.9937
1398,2291706,2.0,1.9419864901730655,0.0116482879901683,1.9191562652307852,1.9648167151153457,1.9392111306221065,0.036777289704736996,1.8648220406727736,2.0136002205714396,1.9392111306221065,0.03764032295468265,1.862797212569902,2.0156250486743112,0,1,1,10.441971006769913,0.8282
1399,2292706,2.0,2.0269017104216123,0.011467326189972073,2.0044261640902943,2.0493772567529303,2.016276409939921,0.038162298711608734,1.9390858748482196,2.0934669450316226,2.016276409939921,0.036419453211808187,1.9423409892320869,2.090211830647755,0,1,1,10.086546844065419,0.9031
1400,2293706,2.0,2.084817371357935,0.011535838639601715,2.06220754309285,2.1074271996230203,2.096698851028164,0.0392846047384131,2.0172382377265428,2.176159464329785,2.096698851028164,0.03676703207382273,2.0220578077168616,2.171339894339466,0,0,0,10.158247797358047,0.833
1401,2294706,2.0,2.059420352407788,0.011890135922998259,2.0361161142274256,2.0827245905881506,2.067273835746301,0.045163991378621225,1.9759210404721455,2.1586266310204567,2.067273835746301,0.045602897122542466,1.974695032746643,2.1598526387459596,0,1,1,14.709951111104294,0.9484
1402,2295706,2.0,1.9543001894600254,0.011709481023722297,1.9313500283758744,1.9772503505441763,1.951994057498965,0.05130791238053076,1.8482140090008237,2.055774105997106,1.951994057498965,0.05206978853865514,1.8462867669643224,2.0577013480336075,0,1,1,19.774082132325464,0.9356
1403,2296706,2.0,1.9696887365983664,0.01187621298575332,1.946411786873563,1.9929656863231697,1.9739708290918838,0.05423670181209421,1.8642667448038195,2.083674913379948,1.9739708290918838,0.0540166633044102,1.8643111726599713,2.083630485523796,0,1,1,20.687097062446362,1.0086
1404,2297706,2.0,1.9972258076939737,0.011534470402550949,1.9746186611242307,2.019832954263717,1.9941296218517213,0.04675341360084834,1.8995619166805622,2.0886973270228806,1.9941296218517213,0.04544337986248787,1.9018746561063926,2.08638458759705,1,1,1,15.521937535093906,0.8762
1405,2298706,2.0,2.0260998447806546,0.011642761233356018,2.0032804520826777,2.0489192374786316,2.02567252219745,0.05178890009576395,1.9209195842150573,2.1304254601798425,2.02567252219745,0.05204339202818316,1.9200188194279946,2.131326224966905,0,1,1,19.981091439309367,0.7714
1406,2299706,2.0,2.0023492454498886,0.011639770938302969,1.9795357136225187,2.0251627772772585,2.0044085106914022,0.04960062443930673,1.9040817780098631,2.1047352433729416,2.0044085106914022,0.04930159475021427,1.9043209523136069,2.1044960690691976,1,1,1,17.940439062293365,1.0594
1407,2300706,2.0,2.0466459763346414,0.011438494629457892,2.024226938823549,2.0690650138457336,2.050055678994676,0.042487372854333995,1.9641168557059983,2.1359945022833537,2.050055678994676,0.03966016159125857,1.9695412705125723,2.1305700874767797,0,1,1,12.021847471356928,0.8424
1408,2301706,2.0,2.051736429179481,0.011411305438588423,2.0293706815032615,2.0741021768557,2.0473056877425067,0.04367626462084699,1.9589621038727967,2.1356492716122166,2.0473056877425067,0.04143341544287794,1.9631913825574299,2.1314199929275834,0,1,1,13.183502599862583,1.0888
1409,2302706,2.0,2.0088761942656537,0.01167607946269874,1.9859914990381364,2.031760889493171,2.0096692338851687,0.05072726755733258,1.9070636503986769,2.112274817371661,2.0096692338851687,0.04939921733455356,1.9093834911249297,2.1099549766454078,1,1,1,17.899712370872045,0.8047
1410,2303706,2.0,2.0234091600106088,0.011806329486667471,2.0002691794271272,2.0465491405940903,2.0199452899942756,0.05659417854320573,1.905472758927994,2.134417821060557,2.0199452899942756,0.0566888473051904,1.9048608116366355,2.1350297683519157,0,1,1,23.055017390959797,0.9602
1411,2304706,2.0,1.863965005961432,0.011636822827597136,1.8411572523248683,1.886772759597996,1.8626874107690907,0.041866140217540766,1.7780051490940851,1.9473696724440963,1.8626874107690907,0.0386460542418667,1.7842317496570843,1.9411430718810971,0,0,0,11.029135538366951,0.9317
1412,2305706,2.0,1.9905146970839274,0.011981409709179533,1.9670315655699169,2.0139978285979376,1.9820443943157033,0.04919191009674567,1.8825443644237512,2.0815444242076553,1.9820443943157033,0.045499248549889994,1.8896760091051388,2.074412779526268,1,1,1,14.420908109514787,0.9566
1413,2306706,2.0,2.030734155414103,0.011749087062295663,2.007706367920778,2.0537619429074283,2.0245735162293457,0.05194261751312086,1.9195096554226136,2.1296373770360777,2.0245735162293457,0.049122423653323956,1.9248496945158606,2.124297337942831,0,1,1,17.480398486966784,0.8082
1414,2307706,2.0,2.0300893857049944,0.011621108454300914,2.007312431674131,2.052866339735858,2.028044153270264,0.042272793367003576,1.9425393579622356,2.113548948578292,2.028044153270264,0.03987876949125203,1.9470859471572053,2.1090023593833225,0,1,1,11.775744923513177,0.8551
1415,2308706,2.0,1.9228670356163344,0.011781324847503096,1.8997760632250615,1.9459580080076073,1.9171126597566217,0.06007082772567398,1.7956079419568085,2.038617377556435,1.9171126597566217,0.05775249607908249,1.7998688595902295,2.0343564599230137,0,1,1,24.029971548999743,0.8395
1416,2309706,2.0,1.9834675464915803,0.011775876879998546,1.9603872519204053,2.0065478410627553,1.9863068599111275,0.05237401137220489,1.8803704226626667,2.0922432971595883,1.9863068599111275,0.04766384721242311,1.8895441057942743,2.0830696140279805,1,1,1,16.382933739579283,0.7573
1417,2310706,2.0,1.9345652613373239,0.01167795178356846,1.9116768964283344,1.9574536262463134,1.925857792892812,0.052416207302968656,1.8198360063183328,2.031879579467291,1.925857792892812,0.0533123227561711,1.817628023792068,2.034087561993556,0,1,1,20.841158367600148,0.9368
1418,2311706,2.0,2.005646046489155,0.01166017754801038,1.982792518441712,2.028499574536598,2.0064673892585345,0.04851011310106667,1.9083464239590506,2.104588354558018,2.0064673892585345,0.04983146914829144,1.9053041286642258,2.1076306498528434,1,1,1,18.26404867527509,0.9614
1419,2312706,2.0,1.984526421701076,0.011261227109566061,1.9624548221446005,2.0065980212575516,1.9796703610476458,0.0365255015969106,1.9057905606177865,2.053550161477505,1.9796703610476458,0.03749238522820108,1.9035567725468587,2.0557839495484327,1,1,1,11.084464251229496,0.837
1420,2313706,2.0,1.9597239458792206,0.01150495343001073,1.937174651512589,1.9822732402458523,1.9541264858495206,0.04900055710893762,1.8550135039085298,2.0532394677905117,1.9541264858495206,0.048422260835813156,1.8558240702229303,2.052428901476111,0,1,1,17.7141531644391,0.9698
1421,2314706,2.0,1.9265401236283741,0.011549768900672932,1.9039029925532944,1.9491772547034538,1.9265703424283156,0.04750953569735919,1.8304732359581048,2.0226674488985266,1.9265703424283156,0.04518462601946129,1.8348406749111805,2.0183000099454507,0,1,1,15.30505149531098,0.778
1422,2315706,2.0,1.9850148085132955,0.011297157036213446,1.962872787594624,2.0071568294319673,1.9858343955780395,0.033499459919043705,1.9180753421736545,2.053593448982425,1.9858343955780395,0.03371504333405088,1.917389218804279,2.0542795723518,1,1,1,8.906541852038163,0.9818
1423,2316706,2.0,2.0296029307435304,0.011736726477139506,2.0065993695519393,2.0526064919351215,2.037306779678655,0.0544369803122587,1.9271975938868295,2.1474159654704805,2.037306779678655,0.05579924669852624,1.9240282865655802,2.15058527279173,0,1,1,22.60282407395876,0.884
1424,2317706,2.0,2.034381097282723,0.011810322595100389,2.0112332903505266,2.0575289042149194,2.0295869088595024,0.06304062936909688,1.9020752002412276,2.1570986174777773,2.0295869088595024,0.06357929506501947,1.9005140778754386,2.1586597398435665,0,1,1,28.9806349210583,0.8327
1425,2318706,2.0,2.006019403409757,0.01148576214079164,1.9835077232788116,2.028531083540702,2.0056177303644724,0.04832954233408115,1.9078620039157943,2.103373456813151,2.0056177303644724,0.048523816391326066,1.9071091459994776,2.1041263147294673,1,1,1,17.84802908709543,0.9759
1426,2319706,2.0,2.0493956719614905,0.01167574286919475,2.0265116364451186,2.0722797074778625,2.0512045714494085,0.04264605179928487,1.9649447896995775,2.137464353199239,2.0512045714494085,0.04266917123904195,1.9645815486251579,2.137827594273659,0,1,1,13.355475996146433,0.8792
1427,2320706,2.0,1.9481602478136422,0.011968735437475054,1.9247019574157027,1.9716185382115816,1.947158141304088,0.05152340139162023,1.8429422251398484,2.0513740574683275,1.947158141304088,0.0521897774363877,1.8412072603568563,2.0531090222513195,0,1,1,19.014037895784444,1.0172
1428,2321706,2.0,1.8668942330581428,0.011587510226348905,1.8441831303440095,1.8896053357722762,1.8715616902908443,0.05055946640679918,1.769295516667908,1.9738278639137805,1.8715616902908443,0.0508898046776451,1.7682498943476457,1.974873486234043,0,0,0,19.287738402531456,0.8246
1429,2322706,2.0,2.0139971353269064,0.011743678177432784,1.990979949053109,2.0370143216007035,2.0122707990371165,0.054489948950214036,1.902054474062252,2.122487124011981,2.0122707990371165,0.054689864309838215,1.9012444719067785,2.1232971261674547,1,1,1,21.687296098337615,0.8869
1430,2323706,2.0,1.9222332372892708,0.011482674655064145,1.8997276085191541,1.9447388660593874,1.9140887938219775,0.04594729458130121,1.8211516182721252,2.0070259693718295,1.9140887938219775,0.04368758708416698,1.8253982769162829,2.0027793107276723,0,1,1,14.475380812148192,0.898
1431,2324706,2.0,1.991335205349991,0.011517580728616928,1.9687611619328693,2.013909248767113,1.9800351603285995,0.050031159236787935,1.8788375888214353,2.081232731835764,1.9800351603285995,0.049824139459719904,1.8788867797931714,2.0811835408640276,1,1,1,18.71358882990138,0.8763
1432,2325706,2.0,1.9546633400217859,0.01160207421814597,1.931923692408259,1.9774029876353127,1.96067047742301,0.048391324766623514,1.8627897842090104,2.0585511706370094,1.96067047742301,0.04974787409040492,1.8596769238184792,2.061664031027541,0,1,1,18.385598604286145,0.7949
1433,2326706,2.0,1.8326174504522172,0.01186636803934508,1.8093597964678036,1.8558751044366308,1.8280739105381527,0.05746253743817751,1.7118449578196786,1.9443028632566268,1.8280739105381527,0.056057174474851715,1.7142717962014435,1.9418760248748619,0,0,0,22.316535769896873,0.9454
1434,2327706,2.0,1.9982303535586934,0.011645386300999896,1.9754058158226775,2.0210548912947095,1.9996092437382924,0.05286929747865803,1.8926709957794885,2.1065474916970963,1.9996092437382924,0.05389015227191961,1.8902064183564502,2.1090120691201344,1,1,1,21.414652056463044,0.9661
1435,2328706,2.0,2.015226514870478,0.011468175179158168,1.992749304550932,2.037703725190024,2.0142797222065565,0.0412830790821549,1.9307768129959222,2.0977826314171906,2.0142797222065565,0.04181174467311438,1.929397367851688,2.099162076561425,1,1,1,13.292538987693728,0.9301
1436,2329706,2.0,1.9882862839617763,0.011535903740524524,1.9656763281012273,2.0108962398223253,1.9884200271960657,0.04421111499465592,1.898994606331674,2.077845448060457,1.9884200271960657,0.044025525115690765,1.8990434596133172,2.077796594778814,1,1,1,14.564844170949444,0.8262
1437,2330706,2.0,2.0175004051311474,0.011900125890405214,1.9941765869744605,2.040824223287834,2.020390754013238,0.05772688696219584,1.903627103912816,2.13715440411366,2.020390754013238,0.058184705166215274,1.9022695227523956,2.1385119852740804,1,1,1,23.906421062647354,0.9012
1438,2331706,2.0,2.0212501647134085,0.011368705175927269,1.9989679120177368,2.04353241740908,2.023907623318534,0.03974865451992113,1.9435083807374114,2.1043068658996567,2.023907623318534,0.03997793867165418,1.942748093066103,2.1050671535709653,1,1,1,12.365702295951172,1.0252
1439,2332706,2.0,2.043745728816659,0.01176247315484196,2.0206917050640496,2.0667997525692683,2.0467975023666924,0.047878171072313104,1.949954760470758,2.143640244262627,2.0467975023666924,0.04699456382375714,1.9513934657634164,2.1422015389699687,0,1,1,15.962391403470855,1.0267
1440,2333706,2.0,2.0589073206409676,0.011800681826290946,2.035778409268421,2.082036232013514,2.054164633015699,0.06116410118633357,1.9304485609138926,2.1778807051175058,2.054164633015699,0.06289475581206716,1.9264814905962522,2.1818477754351457,0,1,1,28.406299962850152,1.0272
1441,2334706,2.0,1.9768518154248405,0.012059050059278566,1.9532165116208888,2.000487119228792,1.9762332621148098,0.07089681435266003,1.8328309194641523,2.119635604765467,1.9762332621148098,0.072638582443096,1.8287691000002144,2.123697424229405,1,1,1,36.28344577278845,1.0894
1442,2335706,2.0,2.05805749069117,0.011566341660942767,2.035387877602837,2.080727103779503,2.0566349331202707,0.043919367318868544,1.967799627630636,2.145470238609905,2.0566349331202707,0.04344995081374014,1.9684268434912093,2.144843022749332,0,1,1,14.111934256476834,0.9308
1443,2336706,2.0,1.963673687019147,0.011734875276760362,1.9406737541136272,1.9866736199246666,1.9748186080359869,0.04446005743869551,1.8848896535504247,2.064747562521549,1.9748186080359869,0.04338456122001684,1.8867432663395682,2.0628939497324055,0,1,1,13.66826728034736,0.9759
1444,2337706,2.0,1.9526472688571772,0.011607344214358146,1.929897292240876,1.9753972454734785,1.9505125602184579,0.04829749125480542,1.8528216631968082,2.0482034572401076,1.9505125602184579,0.049701450399960316,1.8496132517159574,2.0514118687209586,0,1,1,18.334640465553882,0.9413
1445,2338706,2.0,1.9860856445829118,0.011663641635710497,1.9632253270483373,2.0089459621174863,1.982225330163047,0.05198564559602897,1.8770744368437102,2.0873762234823836,1.982225330163047,0.052223522497760695,1.8762059430991829,2.088244717226911,1,1,1,20.047673863462983,0.9889
1446,2339706,2.0,2.046258007934358,0.011627448124189484,2.0234686283788386,2.0690473874898774,2.03771264930148,0.05390408814756263,1.928681339652544,2.1467439589504163,2.03771264930148,0.05206384788349372,1.9320174189379797,2.1434078796649807,0,1,1,20.04950724940746,0.9355
1447,2340706,2.0,1.9121509147024798,0.011375007386322064,1.8898563099014114,1.9344455195035481,1.9126937516847649,0.0421923437565708,1.8273516810732795,1.9980358222962502,1.9126937516847649,0.039998380454427704,1.8314927224070576,1.993894780962472,0,0,0,12.364638946886956,0.9717
1448,2341706,2.0,2.063520322754302,0.011366812079200287,2.0412417804600347,2.0857988650485693,2.0722648250478732,0.04866933712757989,1.9738217987557094,2.170707851340037,2.0722648250478732,0.04864797255707127,1.9735041902664578,2.1710254598292886,0,1,1,18.3169065866663,0.9844
1449,2342706,2.0,1.9982773057206384,0.011588418053158685,1.9755644236986536,2.020990187742623,1.9921424913578134,0.04570668103732206,1.8996920026386057,2.084592980077021,1.9921424913578134,0.04602285664633198,1.8987111251993658,2.085573857516261,1,1,1,15.772438248437615,0.9447
1450,2343706,2.0,2.0979298474596173,0.01153715539450284,2.0753174384023496,2.120542256516885,2.0954836582448064,0.04698878522826602,2.000439869020035,2.1905274474695777,2.0954836582448064,0.0418355290723665,2.0105530189924474,2.1804142974971654,0,0,0,13.14900973487707,0.9817
1451,2344706,2.0,2.061695240367706,0.011762257563107373,2.038641639167132,2.08474884156828,2.0516357323100123,0.048608968563600224,1.9533148129640658,2.149956651655959,2.0516357323100123,0.04889904590805348,1.9523653915281955,2.150906073091829,0,1,1,17.283010777678747,0.8788
1452,2345706,2.0,2.1042350336218845,0.011674164262082476,2.0813540921185982,2.1271159751251707,2.1103634364406343,0.053200413454068264,2.002755443204889,2.2179714296763797,2.1103634364406343,0.05349202609252243,2.0017688501720303,2.2189580227092383,0,0,0,20.995513261834304,0.9797
1453,2346706,2.0,1.9344838211486737,0.01155023988354882,1.9118457669641198,1.9571218753332276,1.944596541001477,0.04660894876659399,1.8503210435388286,2.0388720384641252,1.944596541001477,0.047212507328588185,1.8487500555611327,2.0404430264418214,0,1,1,16.708294533095874,0.9794
1454,2347706,2.0,1.982134371509636,0.011682086228208814,1.9592379032380554,2.0050308397812167,1.981339461728452,0.04701570293421759,1.8862412263042645,2.0764376971526395,1.981339461728452,0.048043945744669005,1.8838050665677701,2.078873856889134,1,1,1,16.913618114887164,0.9299
1455,2348706,2.0,1.963272916846944,0.01158654046619046,1.9405637148277948,1.9859821188660933,1.9658015515662453,0.04224477079891124,1.8803534372522535,2.051249665880237,1.9658015515662453,0.042985657633745636,1.8785360272029235,2.053067075929567,0,1,1,13.763839041634654,0.8935
1456,2349706,2.0,2.0280458495181444,0.011242485274889203,2.0060109832826396,2.050080715753649,2.0297731741065617,0.03613757559319733,1.9566780280820595,2.102868320131064,2.0297731741065617,0.035169138336926274,1.9583760275390345,2.101170320674089,0,1,1,9.785855558083833,0.8863
1457,2350706,2.0,1.9319533768476596,0.011576656656938796,1.9092635467386736,1.9546432069566455,1.925213457127219,0.049450707578917785,1.825189959917949,2.025236954336489,1.925213457127219,0.04803507375479166,1.8276970730635265,2.0227298411909116,0,1,1,17.216727972214105,0.9124
1458,2351706,2.0,2.020396292149625,0.011592472885426993,1.9976754628024307,2.043117121496819,2.0144263310683987,0.04901726893106475,1.9152795462765342,2.1135731158602633,2.0144263310683987,0.0463423261115326,1.9203464074158136,2.108506254720984,1,1,1,15.980982668971047,0.9624
1459,2352706,2.0,2.0493937999791627,0.011365498167463458,2.0271178329045783,2.071669767053747,2.048795152455423,0.04072560529665268,1.9664198404088826,2.1311704645019636,2.048795152455423,0.038091459637654645,1.9714653782463925,2.1261249266644535,0,1,1,11.232547844084806,0.9627
1460,2353706,2.0,2.05348302141659,0.011665394929378304,2.030619267489572,2.0763467753436076,2.0422662944072543,0.04857255072425856,1.9440190370942716,2.140513551720237,2.0422662944072543,0.047002560054737345,1.9468460245920691,2.1376865642224394,0,1,1,16.234694975547626,0.8688
1461,2354706,2.0,2.000258995564393,0.011399262757092294,1.9779168511101832,2.0226011400186024,2.000285461310101,0.03975585914196417,1.9198716460053897,2.0806992766148125,2.000285461310101,0.039630992616379666,1.9198302689951579,2.0807406536250443,1,1,1,12.08694013725992,1.0491
1462,2355706,2.0,1.984802152436682,0.01193486444133745,1.9614102479712927,2.008194056902071,1.9826424122583484,0.05395426055864682,1.873509619329076,2.091775205187621,1.9826424122583484,0.053149499590975306,1.874743191756171,2.0905416327605257,1,1,1,19.831856841068802,0.994
1463,2356706,2.0,2.0459251031951213,0.011359770164926161,2.0236603627992134,2.0681898435910293,2.0416053268466507,0.04492887476050306,1.9507280998211125,2.132482553872189,2.0416053268466507,0.04490077299349593,1.9504519116079857,2.132758742085316,0,1,1,15.623147970767537,0.9293
1464,2357706,2.0,1.961280088157726,0.011712867626760382,1.9383232894535904,1.9842368868618614,1.9632886267535101,0.05227610546694397,1.8575502228906384,2.0690270306163816,1.9632886267535101,0.05166138801490959,1.8584104333600249,2.0681668201469954,0,1,1,19.45385482412599,0.9708
1465,2358706,2.0,2.015663222585768,0.011873895274663086,1.992390815491228,2.038935629680308,2.0112629030005027,0.04939352735152298,1.91135506371799,2.1111707422830155,2.0112629030005027,0.044906154335679196,1.920098563056407,2.1024272429445987,1,1,1,14.30293947376727,0.9382
1466,2359706,2.0,1.9836526272425505,0.011702899301990147,1.9607153660959509,2.00658988838915,1.9976420953413898,0.05489855079333792,1.8865992951285282,2.1086848955542514,1.9976420953413898,0.05585729295837087,1.8842457620559991,2.1110384286267805,1,1,1,22.78100254511261,0.955
1467,2360706,2.0,1.9428570500045703,0.01177997988224431,1.9197687136967652,1.9659453863123755,1.9322854896565658,0.04253279033814727,1.846254800835768,2.0183161784773636,1.9322854896565658,0.03867040377754396,1.8537803963591317,2.010790582954,0,1,1,10.776266325672648,0.9305
1468,2361706,2.0,2.100448155175327,0.011394625286502248,2.0781150999964533,2.1227812103542005,2.1069479569546705,0.029807821423649287,2.046655947214978,2.167239966694363,2.1069479569546705,0.029841562627038,2.0463663640741414,2.1675295498351996,0,0,0,6.858719245402553,0.904
1469,2362706,2.0,2.031011868155998,0.011544778667956505,2.008384517757317,2.0536392185546792,2.035237942035264,0.04543996696620002,1.9433269334459609,2.127148950624567,2.035237942035264,0.04686295021508125,1.9401010952624265,2.1303747888081017,0,1,1,16.477375127975797,1.0689
1470,2363706,2.0,1.9802952321888854,0.011355872885829059,1.9580381303196455,2.0025523340581253,1.9802998708590613,0.04237166138817003,1.8945950961023377,2.0660046456157852,1.9802998708590613,0.042227750639733615,1.8945729794931596,2.066026762224963,1,1,1,13.827856106812671,0.955
1471,2364706,2.0,2.0106774399691574,0.011540517066293122,1.988058442156253,2.0332964377820617,2.004232119359521,0.0463797053898783,1.910420310393434,2.0980439283256076,2.004232119359521,0.047062931317008574,1.9086892893661604,2.0997749493528812,1,1,1,16.630580635679525,0.9539
1472,2365706,2.0,2.0225416743570763,0.01177474996526223,1.9994635884981982,2.0456197602159545,2.025844703562513,0.050983705148302236,1.9227204260892106,2.1289689810358152,2.025844703562513,0.04648835125569523,1.9314683331070392,2.1202210740179868,1,1,1,15.587802705099973,0.9196
1473,2366706,2.0,1.928301384994797,0.011800479417002024,1.9051728703371669,1.951429899652427,1.9276850278432938,0.044406064562966904,1.8378652842572145,2.017504771429373,1.9276850278432938,0.045149168690272475,1.8360273425312594,2.019342713155328,0,1,1,14.638622559257103,0.8649
1474,2367706,2.0,1.941898571984692,0.011566318400580096,1.919229004485832,1.964568139483552,1.9376164760811458,0.04598686465465494,1.844599262503216,2.030633689659076,1.9376164760811458,0.04126871660122832,1.8538365273202757,2.021396424842016,0,1,1,12.730681098806189,0.9641
1475,2368706,2.0,1.9670004319604515,0.011355802264242678,1.9447434685069775,1.9892573954139254,1.970760824987426,0.03970842079255521,1.8904429628013257,2.0510786871735265,1.970760824987426,0.03942048315168794,1.8907329896057252,2.0507886603691268,0,1,1,12.050588106923474,0.899
1476,2369706,2.0,2.048710337188928,0.011667760536086483,2.0258419467579607,2.0715787276198956,2.0571115758319944,0.05147131079508638,1.953001022844383,2.1612221288196056,2.0571115758319944,0.05245638463522774,1.9506194534966692,2.1636036981673197,0,1,1,20.212577387803492,0.9158
1477,2370706,2.0,2.0205681550332533,0.011817329891622883,1.9974066140522437,2.0437296960142626,2.0118846540360527,0.05727006250185293,1.896045018623617,2.1277242894484885,2.0118846540360527,0.05465117747661964,1.9009368653525507,2.1228324427195546,1,1,1,21.387515039316277,0.9743
1478,2371706,2.0,1.987611103126312,0.01145527981126088,1.9651591672634119,2.010063038989212,1.983503367812054,0.038949859543290305,1.9047198405771335,2.0622868950469746,1.983503367812054,0.03905915778208476,1.9042090619278627,2.0627976736962452,1,1,1,11.626107792420317,1.0772
1479,2372706,2.0,2.0341299418266323,0.011786242818076048,2.0110293303901594,2.057230553263105,2.030863948842624,0.05485050148371638,1.919918337532048,2.1418095601532,2.030863948842624,0.05539002627054586,1.9184162173647943,2.143311680320454,0,1,1,22.08576129870507,0.8758
1480,2373706,2.0,1.9889457570898588,0.011697161416068965,1.966019741993012,2.0118717721867054,1.9931469101925259,0.03758355496341623,1.9171269948253213,2.0691668255597304,1.9931469101925259,0.032701964252230646,1.9267583932947132,2.0595354270903385,1,1,1,7.816038912013604,1.0461
1481,2374706,2.0,2.006517323669539,0.011515866378340922,1.983946640317215,2.029088007021863,2.0067635552742784,0.04755529155550435,1.910573898845259,2.102953211703298,2.0067635552742784,0.04797271466908898,1.9093737668848694,2.1041533436636874,1,1,1,17.353830683092287,0.7996
1482,2375706,2.0,2.106592057451007,0.011410355852256223,2.084228170929799,2.128955943972215,2.1070986747898837,0.03612222427841883,2.0340345797303945,2.180162769849373,2.1070986747898837,0.036477571828737815,2.033045267017042,2.1811520825627255,0,0,0,10.220060456601441,1.1151
1483,2376706,2.0,2.0212058240463255,0.011516241722390408,1.9986344050331828,2.043777243059468,2.0286789751344987,0.046221867889391116,1.9351864226474886,2.122171527621509,2.0286789751344987,0.0470953879688004,1.9330702546350111,2.1242876956339862,1,1,1,16.723809576049742,0.9651
1484,2377706,2.0,1.985908405916134,0.011179447233264283,1.9639970919718701,2.007819719860398,1.9924538800866287,0.031295995374093145,1.9291517544099381,2.0557560057633193,1.9924538800866287,0.02818452063987495,1.9352362612816831,2.0496714988915743,1,1,1,6.355952525654483,1.0235
1485,2378706,2.0,2.0420864048209983,0.011961250886023685,2.018642783874344,2.0655300257676528,2.04560208846252,0.062073741973500955,1.920046094200015,2.171158082725025,2.04560208846252,0.06168090140820463,1.920383201492096,2.170820975432944,0,1,1,26.591829912603803,0.94
1486,2379706,2.0,2.045908563256196,0.011986587844799114,2.0224152827828643,2.069401843729528,2.05508060970433,0.055542665373383385,1.9427349647789471,2.1674262546297127,2.05508060970433,0.0567783178228423,1.9398144965394601,2.1703467228692,0,1,1,22.43747065790019,0.8662
1487,2380706,2.0,1.8966571627788436,0.011356381992960213,1.8743990630779623,1.9189152624797248,1.8915919012180522,0.03162681912289269,1.8276206213485322,1.9555631810875722,1.8915919012180522,0.027394812284157015,1.8359774756070553,1.9472063268290492,0,0,0,5.819111422183096,0.8862
1488,2381706,2.0,2.078407241333548,0.011494734184297969,2.055877976320463,2.1009365063466334,2.0813570672777124,0.04302400922374479,1.994332794477266,2.1683813400781586,2.0813570672777124,0.04324424572986765,1.993566581170302,2.1691475533851228,0,1,1,14.153335046731545,0.9449
1489,2382706,2.0,1.9749906132945418,0.011609794128004497,1.9522358349357285,1.9977453916533552,1.9763860160106057,0.04140223474926484,1.8926420917140372,2.0601299403071742,1.9763860160106057,0.04152555100470488,1.8920846656909904,2.060687366330221,0,1,1,12.793276030347682,0.987
1490,2383706,2.0,2.0917337338166937,0.01148910033457498,2.06921551094616,2.1142519566872275,2.096932126202206,0.047332097948348334,2.001193921455791,2.1926703309486206,2.096932126202206,0.04269504035685558,2.010256586276785,2.1836076661276267,0,0,0,13.809654476810175,0.8578
1491,2384706,2.0,2.010360599477683,0.011490695275482386,1.987839250580413,2.032881948374953,2.007536909316796,0.04265487440039001,1.9212592821718188,2.0938145364617733,2.007536909316796,0.04330072765553906,1.9196317588042773,2.0954420598293146,1,1,1,14.200308318158978,0.979
1492,2385706,2.0,2.030635369669639,0.011314022937912296,2.008460292191071,2.0528104471482074,2.0414372160520635,0.03759837322820812,1.9653873279152136,2.117487104188913,2.0414372160520635,0.03820955045506835,1.9638677047383477,2.1190067273657793,0,1,1,11.405379658206478,0.7937
1493,2386706,2.0,2.0238810122260475,0.01145750565905757,2.001424713781631,2.0463373106704643,2.0313999397993694,0.041521968180844304,1.9474138317779204,2.1153860478208184,2.0313999397993694,0.041383680137216716,1.9473866026526294,2.1154132769461094,0,1,1,13.046020495928378,0.8936
1494,2387706,2.0,1.9620311803151935,0.011615494783062362,1.9392652288777783,1.9847971317526087,1.9568422006425106,0.04942384964253318,1.8568730287372965,2.0568113725477244,1.9568422006425106,0.04789973137817316,1.8596005762106196,2.0540838250744016,0,1,1,17.005551761932644,0.8241
1495,2388706,2.0,2.025714291987069,0.012064366018544305,2.0020685690944133,2.0493600148797246,2.021171763677559,0.057219468530458,1.9054344642316723,2.1369090631234453,2.021171763677559,0.056717558641864604,1.9060289982077057,2.1363145291474117,0,1,1,22.10171874920608,0.9854
1496,2389706,2.0,2.1004794960297346,0.011847480094768466,2.0772588617364334,2.123700130323036,2.1033324153450614,0.06091959543138177,1.9801109028136925,2.2265539278764304,2.1033324153450614,0.056342333130349774,1.9889513981610165,2.2177134325291066,0,1,1,22.616098075495458,0.9409
1497,2390706,2.0,1.9657448170033551,0.011607679362279964,1.9429941835091975,1.9884954504975128,1.9650036043745085,0.046702526511219686,1.8705388280574884,2.059468380691529,1.9650036043745085,0.046313568068523804,1.8709820626530365,2.0590251460959808,0,1,1,15.919362630826637,0.8443
1498,2391706,2.0,1.9730756485244287,0.011300436407895577,1.9509272001553681,1.9952240968934893,1.9761582700185203,0.0351533974273069,1.905053812233863,2.0472627278031776,1.9761582700185203,0.032381407233629846,1.9104205184656253,2.0418960215714153,0,1,1,8.211093651346856,1.0265
1499,2392706,2.0,2.047955853936547,0.011693424885218531,2.0250371623055945,2.0708745455675,2.054899471111291,0.04437270124913598,1.96514721119716,2.1446517310254225,2.054899471111291,0.04344773909455865,1.9666958715108753,2.143103070711707,0,1,1,13.805460675150727,0.9484
1500,2393706,2.0,1.9575813423779287,0.011558110864798516,1.9349278613536025,1.9802348234022549,1.9542533065691459,0.048161759621934086,1.8568369526888666,2.051669660449425,1.9542533065691459,0.04950133667448667,1.853760250527281,2.0547463626110107,0,1,1,18.342568125728175,0.7934
1501,2394706,2.0,2.080445388961978,0.011466702216973143,2.057971065595265,2.1029197123286907,2.0788413698220034,0.04434517043133671,1.989144796243056,2.168537943400951,2.0788413698220034,0.04538416218458524,1.9867066223540775,2.1709761172899293,0,1,1,15.665042464709934,0.9753
1502,2395706,2.0,1.9592285034178523,0.011390288801531818,1.93690394759334,1.9815530592423645,1.954754421594562,0.03933039036925667,1.8752011981131653,2.034307645075959,1.954754421594562,0.039855927942999,1.8738425862897055,2.0356662568994186,0,1,1,12.243804273775824,0.9758
1503,2396706,2.0,2.0108252305243837,0.011355667378407354,1.988568531442289,2.0330819296064786,2.0027924586197505,0.040639291482718914,1.9205917327409276,2.084993184498573,2.0027924586197505,0.040347273018213274,1.9208831397821946,2.0847017774573064,1,1,1,12.624176216872359,0.9629
1504,2397706,2.0,1.9390669022507203,0.01175446259859353,1.916028578899854,1.9621052256015867,1.945992832090439,0.05477645242984661,1.8351969991287627,2.056788665052115,1.945992832090439,0.05285520291452461,1.838691065604382,2.053294598576496,0,1,1,20.219477658841353,0.9967
1505,2398706,2.0,1.9644918507920945,0.011861402837495302,1.9412439284244825,1.9877397731597066,1.966839875428644,0.05515793752603549,1.855272416026777,2.0784073348305108,1.966839875428644,0.05677128748812614,1.8515880346020197,2.0820917162552686,0,1,1,22.90790511589143,0.8868
1506,2399706,2.0,1.952738541056143,0.011632620649447962,1.929939023537408,1.975538058574878,1.9512950111343408,0.05252809186614584,1.8450469166698307,2.057543105598851,1.9512950111343408,0.05366430351005312,1.8423506831145493,2.0602393391541325,0,1,1,21.282167806010854,0.8666
1507,2400706,2.0,2.0399064415674193,0.011714058480423891,2.0169473088329926,2.062865574301846,2.0395844192064185,0.06017447215709362,1.9178700607562604,2.161298777656577,2.0395844192064185,0.05652533755042905,1.9248318832982658,2.1543369551145712,0,1,1,23.284748598910586,0.9762
1508,2401706,2.0,2.0091420517021903,0.011708235632576468,1.9861943315398318,2.0320897718645488,1.9982501902011378,0.04923198738956633,1.8986690963328976,2.097831284069378,1.9982501902011378,0.04905052692508934,1.898672326605657,2.0978280537966185,1,1,1,17.551104252896593,0.9607
1509,2402706,2.0,2.0331268958527904,0.011882932443201044,2.009836776233394,2.056417015472187,2.027922143325037,0.050359046997382834,1.9260613562217261,2.1297829304283478,2.027922143325037,0.051168061212805774,1.924045456583721,2.131798830066353,0,1,1,18.541747691103144,0.9141
1510,2403706,2.0,2.043388960104921,0.011882406552232985,2.0200998712128815,2.0666780489969607,2.0468811144472747,0.06258096962708673,1.92029915541547,2.173463073479079,2.0468811144472747,0.06396522176059567,1.9170248106187981,2.1767374182757515,0,1,1,28.978707060964805,0.9536
1511,2404706,2.0,2.0102326308221383,0.011659254872270909,1.9873809111859142,2.0330843504583624,2.0083562495220253,0.05160825494565496,1.9039687008445068,2.112743798199544,2.0083562495220253,0.05264320931318775,1.9014848529267805,2.11522764611727,1,1,1,20.386521183272112,0.8749
1512,2405706,2.0,2.0509629224867925,0.011676894914253114,2.0280766290035976,2.0738492159699873,2.0527892927089972,0.05563975226265143,1.9402472710142373,2.165331314403757,2.0527892927089972,0.05512200439607561,1.940885674563474,2.1646929108545208,0,1,1,22.284108234346633,1.0363
1513,2406706,2.0,1.9976605295059269,0.011497397276727953,1.9751260449275911,2.0201950140842624,2.0049440204594764,0.03683411487356443,1.9304399907571266,2.079448050161826,2.0049440204594764,0.03747098769089258,1.9288738712688245,2.0810141696501283,1,1,1,10.621630891449506,0.8872
1514,2407706,2.0,1.9314763079299686,0.011586340342288793,1.908767498146459,1.9541851177134781,1.9236432626470428,0.04748306733160784,1.8275996934999055,2.0196868317941803,1.9236432626470428,0.04450492931047501,1.8332934528076263,2.013993072486459,0,1,1,14.754471848726293,0.8392
1515,2408706,2.0,1.9214485490754971,0.011356885213353138,1.8991894630807695,1.9437076350702247,1.9217921329046195,0.043891924932501665,1.8330123348807132,2.0105719309285255,1.9217921329046195,0.04335674407832993,1.8337732630080807,2.009811002801158,0,1,1,14.574539758450758,0.9343
1516,2409706,2.0,1.9873847834321332,0.011450386835040013,1.9649424376264033,2.009827129237863,2.004038771553352,0.037870730078840696,1.9274379896877178,2.080639553418986,2.004038771553352,0.03763610268037558,1.9276334211134774,2.080444121993226,1,1,1,10.803611825202237,1.007
1517,2410706,2.0,1.972716817205223,0.011707983633141024,1.9497695909526822,1.9956640434577637,1.9762783008035196,0.04994414981435922,1.8752567224650596,2.0772998791419797,1.9762783008035196,0.05073410486321014,1.8732825922880325,2.0792740093190067,0,1,1,18.777414412371698,0.941
1518,2411706,2.0,2.058793100896364,0.01167476240015552,2.0359109870639966,2.081675214728731,2.0512452674968458,0.044840114354251843,1.9605475753390906,2.141942959654601,2.0512452674968458,0.04221108439088052,1.965552210414875,2.1369383245788165,0,1,1,13.072447817807763,0.9063
1519,2412706,2.0,1.954705593850128,0.011397195790382193,1.9323675005762275,1.9770436871240287,1.95547208135544,0.0403824733101112,1.8737908192624513,2.037153343448429,1.95547208135544,0.04097535153973131,1.8722876953317866,2.0386564673790932,0,1,1,12.925559714384407,0.9068
1520,2413706,2.0,2.033232423280814,0.011494356951742496,2.010703897629951,2.0557609489316766,2.0209431866337426,0.0442545660832245,1.9314298776470376,2.1104564956204475,2.0209431866337426,0.04537036107579041,1.9288364569061998,2.1130499163612853,0,1,1,15.580274734062654,1.0027
1521,2414706,2.0,2.007053516508803,0.0119428038445879,1.983646051098984,2.0304609819186217,2.0005573614448005,0.0511198301589704,1.8971577451484296,2.1039569777411713,2.0005573614448005,0.05252668387987718,1.8939225240555624,2.1071921988340385,1,1,1,19.344048347128556,0.9131
1522,2415706,2.0,1.9715043237989143,0.011796991695277112,1.948382644950253,1.9946260026475755,1.9607626095035149,0.05148028389814805,1.8566339067018163,2.0648913123052135,1.9607626095035149,0.052656907516032976,1.8538634040780713,2.0676618149289583,0,1,1,19.923615524870975,0.8964
1523,2416706,2.0,2.032734583416488,0.01189556534217547,2.009419703770081,2.056049463062895,2.03708298066789,0.05322022780431982,1.9294349091258043,2.1447310522099756,2.03708298066789,0.052863372253076,1.929764629542871,2.1444013317929085,0,1,1,19.74874737862682,0.8673
1524,2417706,2.0,2.0762742876045923,0.011430639837381351,2.053870645203076,2.0986779300061085,2.0644062286120577,0.04276667663713661,1.9779024600979733,2.150909997126142,2.0644062286120577,0.04190710222419682,1.979330288136718,2.1494821690873973,0,1,1,13.441080462457588,0.8823
1525,2418706,2.0,1.989817503664113,0.011826506205299738,1.966637977438786,2.01299702988944,1.9906231058014765,0.05264012554098043,1.8841484018401402,2.0970978097628126,1.9906231058014765,0.05335529533927105,1.8823060977190837,2.0989401138838693,1,1,1,20.35364185860515,0.9384
1526,2419706,2.0,1.9842229126096054,0.011909877484210863,1.9608799816802676,2.007565843538943,1.9890604046720033,0.04797380640981698,1.8920242220472652,2.0860965872967414,1.9890604046720033,0.0484204754210587,1.8907616136300611,2.0873591957139452,1,1,1,16.528883195646873,0.9534
1527,2420706,2.0,2.042151607254751,0.011688594102238993,2.019242383784455,2.065060830725047,2.0371681477729724,0.04544446022842444,1.9452480507029666,2.129088244842978,2.0371681477729724,0.04503495122215218,1.9457423362485138,2.128593959297431,0,1,1,14.844816658206916,0.9489
1528,2421706,2.0,1.9255899459094854,0.011560722056391292,1.9029313470436806,1.9482485447752902,1.9229651216576582,0.05215327072051882,1.8174751745210458,2.028455068794271,1.9229651216576582,0.05336697399982605,1.8146244046338815,2.031305838681435,0,1,1,21.309596999362622,0.9463
1529,2422706,2.0,1.9913738620524961,0.011636048383972244,1.9685676262975451,2.014180097807447,1.9928916538115438,0.04681132751622399,1.8982068066896105,2.087576500933477,1.9928916538115438,0.04407376781664024,1.9034171483391176,2.08236615928397,1,1,1,14.346610974003221,0.8592
1530,2423706,2.0,1.9849112820738422,0.011551478473617692,1.9622708002973617,2.0075517638503224,1.9835641180726646,0.05028837468865541,1.881846279206515,2.0852819569388146,1.9835641180726646,0.050321070995181925,1.8814069128872974,2.085721323258032,1,1,1,18.976870991691396,0.9626
1531,2424706,2.0,2.0749749866835323,0.011644188318920206,2.0521527969492466,2.097797176417818,2.067792041916907,0.04850830958668228,1.9696747245695927,2.1659093592642216,2.067792041916907,0.0486557703111712,1.9690155768530708,2.1665685069807434,0,1,1,17.460242215661474,0.9484
1532,2425706,2.0,2.0100763602092364,0.011812143499979616,1.9869249843690575,2.0332277360494153,2.008866729569624,0.05980990784631341,1.8878897720406504,2.1298436870985977,2.008866729569624,0.059172660462264735,1.8887398424295148,2.1289936167097334,1,1,1,25.094859201489086,0.8539
1533,2426706,2.0,2.02202178735227,0.011559461558349103,1.9993656590172306,2.0446779156873096,2.023100253762327,0.045392120513443136,1.9312860237585712,2.114914483766083,2.023100253762327,0.0441092123570215,1.9335537920474597,2.112646715477194,1,1,1,14.560738271147754,0.9012
1534,2427706,2.0,1.9554403064254982,0.011364722012661586,1.933165860586372,1.9777147522646243,1.957247386415954,0.04084651801404466,1.874627505313828,2.0398672675180802,1.957247386415954,0.04104783452869673,1.8739158521017387,2.0405789207301694,0,1,1,13.045564237578802,0.8879
1535,2428706,2.0,1.9853374993801687,0.011176128101606191,1.9634326908144146,2.0072423079459227,1.9796174153654371,0.03239096099526191,1.914100512669056,2.0451343180618182,1.9796174153654371,0.03304469060985113,1.9125331269717987,2.0467017037590756,1,1,1,8.742197988820498,0.9821
1536,2429706,2.0,1.991939542228838,0.011679865877783174,1.9690474257641246,2.0148316586935513,1.9887428204859947,0.051123971921557834,1.8853348266840455,2.092150814287944,1.9887428204859947,0.05029168467650421,1.8866452726991572,2.0908403682728323,1,1,1,18.540295697589862,0.885
1537,2430706,2.0,1.9868496672498142,0.011799468123968333,1.9637231346901078,2.0099761998095205,1.986822612747246,0.05323315598660293,1.8791483914882436,2.094496834006248,1.986822612747246,0.05308320665398553,1.8790579740620386,2.0945872514324533,1,1,1,20.239018016740467,0.6992
1538,2431706,2.0,2.000234718658532,0.01147407343210191,1.9777459479756445,2.02272348934142,1.9977541848007345,0.04762829275432302,1.9014168695097127,2.094091500091756,1.9977541848007345,0.044645976418744765,1.907118034108563,2.0883903354929063,1,1,1,15.140122919943057,0.8475
1539,2432706,2.0,2.0419528347555755,0.011857016480689049,2.018713509489327,2.065192160021824,2.042849518956178,0.055308377320577695,1.9309777663478784,2.1547212715644775,2.042849518956178,0.055741296941783355,1.929688670103707,2.156010367808649,0,1,1,22.100560675061654,0.9239
1540,2433706,2.0,2.0231565263961295,0.01157971148896472,2.000460708926394,2.045852343865865,2.0235737744044378,0.05246673977800451,1.9174497762515366,2.129697772557339,2.0235737744044378,0.050266795811911485,1.921526753698935,2.12562079510994,0,1,1,18.84373235863642,0.8926
1541,2434706,2.0,1.9357006603082856,0.011635867148513198,1.912894779768307,1.9585065408482643,1.942547303697471,0.051079327528337104,1.8392296117043199,2.0458649956906223,1.942547303697471,0.0516188856236628,1.8377553947454255,2.0473392126495162,0,1,1,19.67975742132307,0.8101
1542,2435706,2.0,2.009550443539107,0.011386199217270332,1.987233903152459,2.031866983925755,2.0130521501080807,0.03660238125289644,1.9390168458961232,2.087087454320038,2.0130521501080807,0.036835484506602935,1.9382721409702834,2.087832159245878,1,1,1,10.465867133746116,0.9707
1543,2436706,2.0,2.0137406764398973,0.01174064305013993,1.9907294389062826,2.036751913973512,2.0096223853245263,0.050173017467863325,1.9081378784614333,2.1111068921876193,2.0096223853245263,0.04710263223922515,1.9139989581742152,2.1052458124748377,1,1,1,16.095578338529545,0.9412
1544,2437706,2.0,2.0128258479878456,0.011572733454117278,1.9901437072150938,2.0355079887605974,2.0147619977261475,0.04649666948068619,1.9207136065556132,2.1088103888966816,2.0147619977261475,0.0472384516508768,1.918862842511432,2.110661152940863,1,1,1,16.66170371515709,0.7893
1545,2438706,2.0,2.007750790396724,0.011362845847377435,1.9854800217739839,2.0300215590194646,2.008070922758553,0.04463787460324458,1.917782299108831,2.0983595464082754,2.008070922758553,0.044283115545269286,1.9181714188024759,2.0979704267146304,1,1,1,15.188053086043231,0.9772
1546,2439706,2.0,2.0269254992082706,0.011516449847144965,2.004353672278105,2.0494973261384364,2.024174919894626,0.03893294077921104,1.945425614090187,2.1029242256990655,2.024174919894626,0.03932088719666877,1.9443492750508315,2.104000564738421,0,1,1,11.657606057820056,0.8432
1547,2440706,2.0,2.014561647531022,0.011919053503318396,1.9912007319347123,2.0379225631273323,2.0181016534920535,0.05599132897325514,1.9048485007770593,2.1313548062070478,2.0181016534920535,0.05765678666982142,1.9010521537562104,2.1351511532278966,1,1,1,23.40007937966033,1.0603
1548,2441706,2.0,2.060233864742823,0.011499421489555519,2.037695412780248,2.0827723167053978,2.0573757297731876,0.043693373563500594,1.9689975398005206,2.1457539197458546,2.0573757297731876,0.03980649472154644,1.9765642492431208,2.1381872103032546,0,1,1,11.982733135277519,0.9607
1549,2442706,2.0,1.993002072011213,0.01172057411516232,1.9700301688673623,2.0159739751550636,1.99153904507203,0.05108911455772349,1.888201556943405,2.0948765332006554,1.99153904507203,0.05215503226337005,1.8856587005760101,2.09741938956805,1,1,1,19.801343871546575,0.9785
1550,2443706,2.0,1.9109832263082538,0.01164448965149688,1.8881604459729706,1.933806006643537,1.900074241787157,0.039271324392669914,1.8206404905202853,1.9795079930540287,1.900074241787157,0.0401404336930311,1.8185848291035274,1.9815636544707866,0,0,0,11.8829207962105,0.9698
1551,2444706,2.0,2.0186287456459406,0.011550354729886895,1.9959904663667005,2.041267024925181,2.0201261358442157,0.03666358620434906,1.945967032932694,2.0942852387557376,2.0201261358442157,0.03679678757316806,1.9454246856577835,2.094827586030648,1,1,1,10.1491382076541,0.8828
1552,2445706,2.0,1.9476010729866884,0.011645499821218293,1.924776312755133,1.9704258332182438,1.9489245579483208,0.05241075128701081,1.842913807207779,2.0549353086888624,1.9489245579483208,0.05150232104511247,1.8443692876713436,2.053479828225298,0,1,1,19.558580748262468,0.8875
1553,2446706,2.0,2.069097139866847,0.011699364650719453,2.046166806509436,2.0920274732242583,2.0684834264541556,0.04847163979576207,1.9704402807599752,2.166526572148336,2.0684834264541556,0.048722910231196744,1.9695706601063734,2.167396192801938,0,1,1,17.34370535661481,0.8772
1554,2447706,2.0,1.9979570642452849,0.011319870306635412,1.975770526134615,2.0201436023559545,2.0154348015179386,0.03184002794514783,1.9510322660995714,2.079837336936306,2.0154348015179386,0.03198287122693744,1.9505061210719232,2.0803634819639543,1,1,1,7.982740226245483,0.895
1555,2448706,2.0,1.9966442137665172,0.011487715545534734,1.9741287050326282,2.0191597225004063,1.9984321614918192,0.043658171959947464,1.91012517348303,2.0867391495006085,1.9984321614918192,0.04468346551203677,1.9077199038941326,2.089144419089506,1,1,1,15.129561818530554,1.0663
1556,2449706,2.0,2.0761126390730373,0.011681991702645606,2.0532163560681562,2.0990089220779184,2.077696838466642,0.04835891257996082,1.9798817050883037,2.1755119718449802,2.077696838466642,0.048717108780845626,1.9787958496892128,2.176597827244071,0,1,1,17.391187030763266,0.8934
1557,2450706,2.0,1.9947499187546016,0.011834652830164357,1.9715544254379445,2.017945412071259,1.988531921312428,0.052213129015469616,1.8829208993461297,2.0941429432787264,1.988531921312428,0.05253427629408964,1.8818816705029024,2.0951821721219535,1,1,1,19.704910329069815,0.8893
1558,2451706,2.0,1.9560106551100076,0.011604045166982725,1.9332671445077454,1.9787541657122698,1.954763605296811,0.047194454713178464,1.8593038102723787,2.050223400321243,1.954763605296811,0.04373945380181404,1.8659677933564087,2.0435594172372133,0,1,1,14.207834507507622,1.005
1559,2452706,2.0,2.024481930808785,0.01158636417197485,2.001773074319949,2.047190787297621,2.0219021746016943,0.0422877986697138,1.9363670282041217,2.107437320999267,2.0219021746016943,0.040488780892275394,1.939705579507095,2.1040987696962934,0,1,1,12.211669768621356,0.7861
1560,2453706,2.0,1.9414816548439089,0.011814985228546274,1.9183247093180855,1.9646386003697323,1.948675665340575,0.04353917041828305,1.8606093806695807,2.036741950011569,1.948675665340575,0.041651421972803075,1.864118783370687,2.033232547310463,0,1,1,12.427772640745099,0.902
1561,2454706,2.0,2.0259242936546493,0.011709950712307786,2.0029732119977868,2.048875375311512,2.030020515687991,0.048289930004505766,1.9323449127386665,2.1276961186373153,2.030020515687991,0.047920816078954064,1.9327360870378798,2.127304944338102,0,1,1,16.74704844040954,0.9343
1562,2455706,2.0,2.0657591966318294,0.011527628622551295,2.043165459704476,2.088352933559183,2.0749285361689362,0.03754118080343503,1.99899433063037,2.1508627417075026,2.0749285361689362,0.03855889330923297,1.9966498211573034,2.1532072511805693,0,1,1,11.188430483356475,0.8567
1563,2456706,2.0,2.015546198392353,0.011776802265775724,1.9924640900983828,2.038628306686323,2.0205459338613734,0.05158761659679413,1.9162001301847003,2.1248917375380465,2.0205459338613734,0.04995840353704055,1.9191249827580974,2.121966884964649,1,1,1,17.99543448744684,0.9803
1564,2457706,2.0,2.00017208815472,0.011908576109365602,1.9768317078732094,2.023512468436231,1.9991669845656688,0.05046183162308072,1.8970982959332396,2.101235673198098,1.9991669845656688,0.05052923157471539,1.8965871909374414,2.101746778193896,1,1,1,18.00386360775856,1.0425
1565,2458706,2.0,2.008810950906392,0.011636023335870998,1.986004764244817,2.0316171375679666,2.0101453455884832,0.04564508195939232,1.9178194527648866,2.10247123841208,2.0101453455884832,0.04064741563082919,1.92762670485345,2.0926639863235166,1,1,1,12.202721778689547,0.9556
1566,2459706,2.0,2.002138188764008,0.01143570408019997,1.9797246206289583,2.0245517568990574,2.0076927553289736,0.041599179367511965,1.9235504729413266,2.0918350377166206,2.0076927553289736,0.04284870827758624,1.9207052529393598,2.0946802577185877,1,1,1,14.039435662715777,0.9287
1567,2460706,2.0,2.048179263418331,0.011807339666630681,2.025037302918504,2.071321223918158,2.048209109785687,0.04763906359351584,1.9518500084160288,2.1445682111553452,2.048209109785687,0.04705301039305422,1.952686420338702,2.1437317992326723,0,1,1,15.880739236646583,0.8996
1568,2461706,2.0,2.0131482369272304,0.012089481717259948,1.9894532881696454,2.0368431856848153,2.0177036625024884,0.06461507179878577,1.8870073434775612,2.1483999815274157,2.0177036625024884,0.06166483381952467,1.8925173944712315,2.1428899305337454,1,1,1,26.01715266157547,0.8827
1569,2462706,2.0,1.9934987783632003,0.011482082375609345,1.9709943104394838,2.0160032462869166,1.9841372129281443,0.043164635245790964,1.8968284971497842,2.0714459287065043,1.9841372129281443,0.04215950805659583,1.8985488613713148,2.0697255644849735,1,1,1,13.481858127423427,1.0205
1570,2463706,2.0,1.9796269901222034,0.011889812191529533,1.9563233864438603,2.0029305938005466,1.9734228690783198,0.062002015739730285,1.848011954817591,2.0988337833390487,1.9734228690783198,0.061940084995290516,1.8476778114528805,2.099167926703759,1,1,1,27.13898522617269,0.8803
1571,2464706,2.0,1.991887453115846,0.011923966647630194,1.968516907933634,2.015257998298058,2.0054930126637704,0.054362342265870056,1.8955347965706646,2.1154512287568763,2.0054930126637704,0.054203889152250856,1.8954532675537832,2.1155327577737575,1,1,1,20.664237836494348,0.9916
1572,2465706,2.0,2.022550062634873,0.01165620788177427,1.9997043149902836,2.0453958102794627,2.024931388717291,0.04519918384001357,1.9335074099710232,2.1163553674635587,2.024931388717291,0.04509355620504743,1.9333866027524216,2.11647617468216,1,1,1,14.966298546450272,0.8958
1573,2466706,2.0,2.029813666424643,0.01146342635844716,2.0073457636226593,2.0522815692266265,2.0295258783575445,0.04846148703312666,1.93150326856416,2.127548488150929,2.0295258783575445,0.047598630766116146,1.9328955206653915,2.1261562360496975,0,1,1,17.2409038145095,0.9606
1574,2467706,2.0,1.9503834212104085,0.011780140173928725,1.9272947707366748,1.9734720716841423,1.948235577286931,0.05154677669932129,1.8439723801000514,2.052498774473811,1.948235577286931,0.05021907686666807,1.8462854311904948,2.0501857233833674,0,1,1,18.173414576533904,0.7894
1575,2468706,2.0,2.049886433418409,0.011750701376144257,2.026855481928081,2.0729173849087372,2.043099466416328,0.051795033534881026,1.9383341223823247,2.1478648104503315,2.043099466416328,0.05258129683717571,1.936353758829493,2.149845174003163,0,1,1,20.023270163111928,1.0132
1576,2469706,2.0,1.9990256286914883,0.011355496250609363,1.9767692650137143,2.0212819923692624,2.0054948815004017,0.04465187157637637,1.9151779463002176,2.0958118167005857,2.0054948815004017,0.045608205023747524,1.9129053028884246,2.0980844601123785,1,1,1,16.13146180316311,0.7917
1577,2470706,2.0,2.0274636188578143,0.01157884759356052,2.0047694945919576,2.050157743123671,2.0237632378989145,0.04717325295385821,1.9283463274805484,2.1191801483172807,2.0237632378989145,0.04790152597396738,1.9265179702438737,2.1210085055539554,0,1,1,17.114650008107557,0.9419
1578,2471706,2.0,1.9627787296870038,0.011491661145253828,1.940255487719768,1.9853019716542397,1.9636674821743911,0.042645274155770775,1.8774092733570353,2.049925690991747,1.9636674821743911,0.04167335702332167,1.8790660696845387,2.0482688946642433,0,1,1,13.150775095733898,0.943
1579,2472706,2.0,2.062156452291148,0.01141592916861242,2.0397816422706074,2.0845312623116885,2.068289378026918,0.04444863562554674,1.9783835263391019,2.1581952297147335,2.068289378026918,0.04571818190746064,1.9754765344713907,2.161102221582445,0,1,1,16.03819064663835,0.8414
1580,2473706,2.0,2.029920239491429,0.011780458518128223,2.0068309650745295,2.0530095139083286,2.031069806221398,0.04968060371227151,1.930581300190642,2.1315583122521544,2.031069806221398,0.04770392536072524,1.9342256891379273,2.127913923304869,0,1,1,16.397734295282262,0.9591
1581,2474706,2.0,1.9837609594014527,0.011697212039625995,1.9608348450842574,2.006687073718648,1.97010367560603,0.04697483678010907,1.8750880997806945,2.065119251431365,1.97010367560603,0.044757741937961226,1.879240628847192,2.060966722364868,1,1,1,14.641029330479178,0.8394
1582,2475706,2.0,2.014068511326599,0.011441922765734813,1.9916427547918696,2.036494267861328,2.0067725767220104,0.039478240109294724,1.926920298913909,2.086624854530112,2.0067725767220104,0.03953588595849201,1.9265104611872743,2.087034692256746,1,1,1,11.939466652239236,0.9821
1583,2476706,2.0,2.0010059168262977,0.01196302293466149,1.9775588227281344,2.0244530109244607,1.998758249514855,0.056213984783644075,1.8850547329138936,2.1124617661158167,1.998758249514855,0.05614570226135764,1.8847764142168897,2.1127400848128204,1,1,1,22.026787696867494,0.8193
1584,2477706,2.0,1.8550060618181925,0.011463491454276869,1.8325380314307271,1.8774740922056579,1.860269478411398,0.049649564543640834,1.7598437550251966,1.9606952017975994,1.860269478411398,0.04870115876521697,1.7614008698871524,1.9591380869356436,0,0,0,18.048651789542983,1.0193
1585,2478706,2.0,1.9854688389530744,0.011308759424352059,1.9633040777715165,2.0076336001346324,1.9880151926980771,0.038905141579581366,1.9093221160823133,2.0667082693138408,1.9880151926980771,0.037122262927428165,1.9126529924145115,2.063377392981643,1,1,1,10.775537789876157,0.9962
1586,2479706,2.0,2.0068302735485815,0.011371534185757886,1.98454247609553,2.029118071001633,2.007043021283078,0.03860171932936261,1.9289636740977687,2.085122368468387,2.007043021283078,0.038877944281640306,1.9281165983628448,2.085969444203311,1,1,1,11.68876058888688,0.9645
1587,2480706,2.0,2.074435763419613,0.011637347540707305,2.051626981364251,2.0972445454749753,2.066729667305961,0.05199605066734376,1.9615577277433536,2.171901606868569,2.066729667305961,0.046613146052204395,1.9720999499446898,2.1613593846672323,0,1,1,16.043858482664216,0.958
1588,2481706,2.0,2.027609271961462,0.011564059463198268,2.0049441318985135,2.05027441202441,2.0274377820245633,0.04998572675708179,1.9263321063815755,2.128543457667551,2.0274377820245633,0.05002360823746411,1.9258844583419983,2.1289911057071285,0,1,1,18.71239587020346,0.8721
1589,2482706,2.0,2.03657267218125,0.011569026659615796,2.0138977965922193,2.0592475477702803,2.0333834353627913,0.043858948870366406,1.9446703377203447,2.122096533005238,2.0333834353627913,0.044014624155080985,1.9440289979066023,2.12273787281898,0,1,1,14.474392719405774,0.8722
1590,2483706,2.0,1.9783666432464408,0.012129709598470276,1.9545928492905094,2.0021404372023723,1.9856914490625648,0.05773104681218447,1.8689193848713421,2.1024635132537877,1.9856914490625648,0.05463126596094427,1.8747840829048987,2.0965988152202306,1,1,1,20.285313416826167,0.9153
1591,2484706,2.0,2.0934126131239044,0.011843958357941822,2.070198881307946,2.1166263449398626,2.094877575219142,0.0545416710255183,1.984556632472194,2.20519851796609,2.094877575219142,0.054909174958090334,1.9834060238030375,2.206349126635246,0,1,1,21.49295319307552,0.8779
1592,2485706,2.0,1.9439287782184103,0.01144695938154498,1.9214931500980892,1.9663644063387313,1.9370806435267327,0.04185813758313129,1.8524145687076836,2.021746718345782,1.9370806435267327,0.04122303930287272,1.8533934246113952,2.02076786244207,0,1,1,12.968798222720443,0.9196
1593,2486706,2.0,2.0872850988777545,0.011529237366789463,2.064688208869634,2.109881988885875,2.0844871566474055,0.050543287574580036,1.9822537078014957,2.1867206054933153,2.0844871566474055,0.05107997463190611,1.9807892951723465,2.1881850181224642,0,1,1,19.629090825233536,0.8574
1594,2487706,2.0,1.9197587598655903,0.011558700621848496,1.8971041229386865,1.9424133967924941,1.9137287730674526,0.05117559622137568,1.8102163592630085,2.017241186871897,1.9137287730674526,0.0524610243074623,1.8072272316967395,2.020230314438166,0,1,1,20.59944413186638,0.9241
1595,2488706,2.0,2.049561296905961,0.011667113810192796,2.026694174034453,2.0724284197774687,2.0548688459662174,0.048373566318813115,1.957024072603358,2.152713619329077,2.0548688459662174,0.048280146514033166,1.9568549377509905,2.1528827541814444,0,1,1,17.12419994379937,0.9978
1596,2489706,2.0,2.0167543034518296,0.011492185366155531,1.9942300340305066,2.039278572873153,2.0221141086652668,0.04861402980148487,1.9237829519994067,2.1204452653311265,2.0221141086652668,0.04804664899733169,1.9245742256099223,2.119653991720611,1,1,1,17.479176255421393,0.9058
1597,2490706,2.0,1.960931521057766,0.011558745500209818,1.9382767961708904,1.9835862459446416,1.9626411236228993,0.041240860023741596,1.8792236105183702,2.0460586367274285,1.9626411236228993,0.04242854053216095,1.8765066071044685,2.04877564014133,0,1,1,13.47394539449775,0.8822
1598,2491706,2.0,1.965927495196532,0.011632358023059794,1.9431284924160592,1.9887264979770047,1.9642889969334474,0.04754223796091609,1.8681257438916754,2.0604522499752194,1.9642889969334474,0.0461594304901748,1.870580371131823,2.057997622735072,0,1,1,15.746548050380754,0.8535
1599,2492706,2.0,2.027252734302618,0.011510851928917173,2.0046918790905672,2.049813589514669,2.017467184562127,0.050595215755213134,1.9151287010567564,2.1198056680674973,2.017467184562127,0.04912902207625096,1.9177299673379435,2.11720440178631,0,1,1,18.216347578253863,0.9403
1600,2493706,2.0,2.023782643404516,0.011870131050652733,2.000517614053466,2.047047672755566,2.0232347555152628,0.05789625672484713,1.9061285227337972,2.140340988296728,2.0232347555152628,0.05955406578150179,1.9023335744126935,2.144135936617832,0,1,1,25.171656992193427,0.8827
1601,2494706,2.0,2.027696133763739,0.01153619913955596,2.005085598931727,2.0503066685957507,2.0328592170175988,0.03755784756948247,1.956891299762682,2.1088271342725156,2.0328592170175988,0.03834542613199071,1.9550138634149066,2.110704570620291,0,1,1,11.048457471096462,0.9849
1602,2495706,2.0,2.0062088759973173,0.012002339401955615,1.9826847230392584,2.0297330289553766,2.013047026496443,0.040691505924769895,1.930740686939789,2.095353366053097,2.013047026496443,0.03994791668556479,1.9319484441159938,2.094145608876892,1,1,1,11.077875086294666,0.8422
1603,2496706,2.0,1.981936953012149,0.01150374875288393,1.9593900197692988,2.0044838862549987,1.980346058859607,0.04242154341149092,1.894540388187239,2.066151729531975,1.980346058859607,0.04334913804200329,1.8923426300377175,2.0683494876814965,1,1,1,14.199797687595813,0.9314
1604,2497706,2.0,1.9360260063180008,0.011712581205263813,1.913069768989683,1.9589822436463187,1.9311879544767396,0.05523081424141924,1.819473088004384,2.042902820949095,1.9311879544767396,0.055668207147729784,1.818175485794651,2.0442004231588284,0,1,1,22.589636334841057,0.9154
1605,2498706,2.0,2.0241070799438656,0.011653433706306879,2.001266769583279,2.046947390304452,2.0267038149676524,0.05245548255968295,1.920602586688035,2.1328050432472696,2.0267038149676524,0.05274288504167673,1.9196300658857481,2.1337775640495567,0,1,1,20.4842441874801,0.9371
1606,2499706,2.0,2.0320543950257073,0.011432183237010682,2.0096477276165037,2.054461062434911,2.0270422543791553,0.04925780092421242,1.9274089477087726,2.126675561049538,2.0270422543791553,0.04830100387030658,1.9289860034795954,2.1250985052787152,0,1,1,17.850646948024703,0.8304
1607,2500706,2.0,1.9624240207221793,0.011666106575148499,1.9395588719950823,1.9852891694492762,1.9659126040740047,0.04912897910853533,1.8665398641204947,2.0652853440275147,1.9659126040740047,0.048536723907656204,1.8673778160577739,2.0644473920902353,0,1,1,17.30968000927529,1.0198
1608,2501706,2.0,2.032158890996376,0.011360483508480774,2.0098927524727928,2.0544250295199595,2.0355876945039824,0.04227020839336424,1.9500881277986628,2.121087261209302,2.0355876945039824,0.04211893650295168,1.9500817075798673,2.121093681428097,0,1,1,13.74551963039877,0.8444
1609,2502706,2.0,2.08850140953371,0.011883336092427015,2.065210498776368,2.111792320291052,2.0899300927944022,0.05540840359408906,1.9778560179509062,2.2020041676378983,2.0899300927944022,0.05470509418725373,1.9788728473691768,2.200987338219628,0,1,1,21.19233349259524,0.9782
1610,2503706,2.0,1.9949219860795324,0.011460459329681327,1.972459898547071,2.0173840736119937,1.9936650136645548,0.04524397895485643,1.9021504282462325,2.085179599082877,1.9936650136645548,0.043512874175095424,1.9053291828207342,2.0820008445083755,1,1,1,14.415559174556103,0.9997
1611,2504706,2.0,1.9851924257221765,0.0112134882112586,1.9632143926870451,2.0071704587573076,1.9915489132055408,0.041688837929919696,1.9072252792578082,2.0758725471532733,1.9915489132055408,0.039913768542632996,1.9105196552407926,2.072578171170289,1,1,1,12.669632199698263,0.9368
1612,2505706,2.0,1.9587591776502515,0.011839582078676743,1.9355540231840394,1.9819643321164637,1.9533372031598273,0.054683736897857195,1.8427289050628524,2.063945501256802,1.9533372031598273,0.05482509683670602,1.8420363394045376,2.064638066915117,0,1,1,21.44302587195576,1.0751
1613,2506706,2.0,1.9980966996785443,0.011619486540364394,1.9753229245405821,2.0208704748165065,1.9824186523970375,0.054445939218903824,1.8722913455060874,2.0925459592879876,1.9824186523970375,0.05596343549949636,1.8688068382973833,2.096030466496692,1,1,1,23.197162245735008,0.9132
1614,2507706,2.0,1.991253176218419,0.011707175618166782,1.9683075336461267,2.014198818790711,1.9812385847898555,0.04803144859209506,1.8840858098464124,2.0783913597332986,1.9812385847898555,0.04941074953943054,1.8809294304090656,2.081547739170645,1,1,1,17.81306356116789,0.9203
1615,2508706,2.0,1.997993879361975,0.011573911778581877,1.9753094291157105,2.020678329608239,1.9965724409943957,0.043664296418335226,1.9082530650992353,2.084891816889556,1.9965724409943957,0.042979684654753034,1.909319042423082,2.0838258395657094,1,1,1,13.79005867708761,0.9811
1616,2509706,2.0,1.993057089654644,0.011547431693688789,1.9704245394210775,2.0156896398882105,1.9963303932737724,0.04826170561756368,1.8987118795356392,2.0939489070119057,1.9963303932737724,0.047902452347394035,1.8990832449806936,2.093577541566851,1,1,1,17.20856636923084,1.0009
1617,2510706,2.0,1.9865405342337459,0.011643175834863215,1.9637203289317469,2.0093607395357447,1.9853203903604537,0.04962932766918084,1.8849355999164725,2.085705180804435,1.9853203903604537,0.04842099769583668,1.8870205390443442,2.0836202416765635,1,1,1,17.295158838096,0.8684
1618,2511706,2.0,2.023063628754696,0.011597664774392872,2.000332623492117,2.045794634017275,2.0306769551911343,0.05381885478040963,1.9218180463000227,2.1395358640822457,2.0306769551911343,0.054629210516337824,1.9197737618078599,2.1415801485744086,0,1,1,22.187519166641618,0.942
1619,2512706,2.0,2.01443384289258,0.011764348763191972,1.9913761430151555,2.0374915427700047,2.0162911552995153,0.0459969976602108,1.9232534457832549,2.109328864815776,2.0162911552995153,0.04384142845714016,1.9272883238028549,2.1052939867961755,1,1,1,13.887805004618714,0.93
1620,2513706,2.0,2.0455479621885337,0.011383046752092245,2.023237600520097,2.0678583238569703,2.047105356923405,0.04057467438785975,1.9650353314556328,2.129175382391177,2.047105356923405,0.04172245473627898,1.9624042707772187,2.131806443069591,0,1,1,13.434535807418852,0.8247
1621,2514706,2.0,1.9309035575864317,0.01149313814659409,1.908377420749764,1.9534296944230995,1.934852212246313,0.040651290392351255,1.8526272162819266,2.0170772082106994,1.934852212246313,0.03954121446851125,1.854579279261141,2.015125145231485,0,1,1,11.836485062429755,0.9449
1622,2515706,2.0,2.0068515132421743,0.011694076200731108,1.9839315450562742,2.029771481428074,2.0092275590444872,0.05102018934724253,1.9060294853132635,2.112425632775711,2.0092275590444872,0.052716519601884324,1.9022073346509374,2.116247783438037,1,1,1,20.32177417791078,0.8681
1623,2516706,2.0,2.002609007616849,0.011322596398704875,1.9804171264639046,2.0248008887697937,1.992756585680277,0.039060719257050736,1.9137488235089353,2.0717643478516186,1.992756585680277,0.03719038653642569,1.9172560871179842,2.0682570842425694,1,1,1,10.788705309785264,1.0061
1624,2517706,2.0,1.9694711061859655,0.011435253272723505,1.9470584216173337,1.9918837907545974,1.9616051172764728,0.04450605843364893,1.8715831169961057,2.05162711755684,1.9616051172764728,0.04535010195669859,1.8695395157472177,2.053670718805728,0,1,1,15.727690694321018,0.924
1625,2518706,2.0,1.9720024923461235,0.011494114435319383,1.9494744420187156,1.9945305426735314,1.9738672969834556,0.04208341450879407,1.8887455565723745,2.0589890373945368,1.9738672969834556,0.04312953968632013,1.8863096765244693,2.0614249174424417,0,1,1,14.07986895543245,0.9321
1626,2519706,2.0,1.974094506365573,0.011487976640308397,1.9515784858953311,1.996610526835815,1.9837025114956321,0.04637008947562068,1.8899101525520021,2.077494870439262,1.9837025114956321,0.045772546416607475,1.8907793021190704,2.076625720872194,0,1,1,15.87534089967003,0.9417
1627,2520706,2.0,2.0858881185117037,0.011429248950558697,2.0634872021982664,2.108289034825141,2.0866179963369103,0.04197864637057219,2.0017081694877197,2.171527823186101,2.0866179963369103,0.04127645502108354,2.00282233774854,2.1704136549252806,0,0,0,13.042756837160288,0.8576
1628,2521706,2.0,1.9485170886413141,0.01177447266845257,1.9254395462741958,1.9715946310084325,1.9436876612142902,0.05171711772515416,1.8390799167811487,2.0482954056474316,1.9436876612142902,0.052401958489782685,1.837306029828337,2.0500692926002433,0,1,1,19.806699181335688,0.7115
1629,2522706,2.0,1.951774396908974,0.011340655927497648,1.929547119730018,1.97400167408793,1.9469268547995553,0.04086918356843262,1.864261128286371,2.0295925813127393,1.9469268547995553,0.041575736450738573,1.8625236226080641,2.0313300869910464,0,1,1,13.440132589071737,0.935
1630,2523706,2.0,1.9689304051747085,0.012089737260645331,1.9452349555612918,1.9926258547881253,1.965507461925933,0.06239736786935001,1.8392968725024053,2.091718051349461,1.965507461925933,0.06399981715122521,1.8355809257206583,2.0954339981312073,0,1,1,28.023588104138557,0.9409
1631,2524706,2.0,1.9759048203388851,0.01139798699581032,1.953565176330841,1.9982444643469293,1.9811392348951617,0.04672092290811604,1.886637248353178,2.0756412214371456,1.9811392348951617,0.04612953127082371,1.8874913077357904,2.074787162054533,0,1,1,16.379542570754438,0.8736
1632,2525706,2.0,1.9742410778566317,0.011724053816268018,1.951262354623937,1.9972198010893265,1.975590361368941,0.0451550186781467,1.8842557150945634,2.0669250076433188,1.975590361368941,0.04388447334704172,1.8865001441000206,2.0646805786378613,0,1,1,14.010904569254707,0.795
1633,2526706,2.0,2.0128059095295328,0.011798132340893283,1.9896819950565447,2.0359298240025208,2.0119469265975156,0.04834087953844095,1.9141682684885204,2.109725584706511,2.0119469265975156,0.049475840183694574,1.9115056311837504,2.1123882220112806,1,1,1,17.58570684739784,0.8998
1634,2527706,2.0,1.9929206142615237,0.011549506024954697,1.9702839984133842,2.015557230109663,1.987964378897148,0.042960707847054753,1.9010681452165583,2.0748606125777376,1.987964378897148,0.044040955922792634,1.8985564851105627,2.077372272683733,1,1,1,14.54074486549466,0.8707
1635,2528706,2.0,2.041106429164587,0.01152117175315284,2.0185253474687075,2.0636875108604666,2.0473267041990617,0.04548265300663994,1.9553293549433484,2.139324053454775,2.0473267041990617,0.046072470239096205,1.9537946170925946,2.140858791305529,0,1,1,15.99151811674697,0.987
1636,2529706,2.0,2.000224398237504,0.011525753974870432,1.9776343355520887,2.0228144609229197,2.0028223717083677,0.04246484384704231,1.9169291176381764,2.0887156257785593,2.0028223717083677,0.0430629342210055,1.9153999675325815,2.090244775884154,1,1,1,13.959457692640015,0.8799
1637,2530706,2.0,1.967631178957251,0.011532731671579245,1.945027440237591,1.9902349176769107,1.9672904700243403,0.04143800861399666,1.8834741862564042,2.0511067537922765,1.9672904700243403,0.042496801103279885,1.881017377179294,2.0535635628693867,0,1,1,13.578384593308883,0.9847
1638,2531706,2.0,1.9642176395034263,0.01151218562606559,1.9416541702929981,1.9867811087138545,1.9728192177242578,0.034743952821228496,1.9025429398265734,2.0430954956219423,1.9728192177242578,0.03379428674614358,1.9042131682713463,2.0414252671771695,0,1,1,8.617295824398376,0.9631
1639,2532706,2.0,1.9723622919877426,0.011966281096304297,1.9489088120101037,1.9958157719653815,1.964031060741634,0.059531755817396184,1.8436167187959411,2.0844454026873267,1.964031060741634,0.05949251225109241,1.8432548399491606,2.084807281534107,0,1,1,24.717595250353824,0.8399
1640,2533706,2.0,2.0371227489271515,0.011324944482226363,2.014926265615072,2.059319232239231,2.0316753621092376,0.03793120022352861,1.9549522678310098,2.1083984563874654,2.0316753621092376,0.03673571846983509,1.9570978887936528,2.1062528354248222,0,1,1,10.522160278296717,0.8946
1641,2534706,2.0,1.9976909594192733,0.011806754886885764,1.974550145066685,2.0208317737718615,1.99751446562553,0.0515246063159414,1.8932961122718066,2.1017328189792535,1.99751446562553,0.05131949097772835,1.8933303601178717,2.101698571133188,1,1,1,18.8931157702808,0.9159
1642,2535706,2.0,1.9693372686038209,0.011504839287736171,1.9467881979519366,1.9918863392557051,1.969574520806135,0.04354643872997491,1.8814935345870776,2.0576555070251925,1.969574520806135,0.044633086698692565,1.8789645376368345,2.0601845039754356,0,1,1,15.050562523459657,0.7453
1643,2536706,2.0,2.0554134477017794,0.011336396788860545,2.033194518281157,2.0776323771224017,2.047905886534619,0.042291927714529304,1.9623623883555896,2.1334493847136486,2.047905886534619,0.041254590357360045,1.9641546155734224,2.131657157495816,0,1,1,13.243247068633375,0.8331
1644,2537706,2.0,1.9348550028613682,0.011570811025173584,1.912176629980109,1.9575333757426274,1.9348189945171164,0.03901941532817876,1.855894777427666,2.0137432116065668,1.9348189945171164,0.035658290433856855,1.8624288163994902,2.0072091726347425,0,1,1,9.49715299667481,0.9239
1645,2538706,2.0,1.9400093948900048,0.011748940640057421,1.9169818943789934,1.9630368954010162,1.949209970209286,0.05274820513723951,1.8425166546299552,2.0559032857886166,1.949209970209286,0.05414317617750297,1.839293478990682,2.0591264614278897,0,1,1,21.23684703075717,0.9121
1646,2539706,2.0,1.963903122373026,0.012083199063475962,1.9402204873905848,1.987585757355467,1.9613869189881534,0.05213031037068738,1.8559434135426658,2.066830424433641,1.9613869189881534,0.05165742974414568,1.8565167613115283,2.0662570766647788,0,1,1,18.27686596259847,0.8005
1647,2540706,2.0,2.127226147676076,0.011695568308398805,2.104303255012886,2.150149040339266,2.1318155201217768,0.05256502719429135,2.0254927169043984,2.238138323339155,2.1318155201217768,0.0534531508118549,2.023299854868669,2.2403311853748846,0,0,0,20.888341555741945,0.8461
1648,2541706,2.0,2.055678743555957,0.011560903952283135,2.0330197881807552,2.078337698931159,2.0669248432384735,0.05245717142646278,1.9608201989033553,2.1730294875735914,2.0669248432384735,0.05287111926780669,1.9595907648374298,2.174258921639517,0,1,1,20.914785873838383,0.8239
1649,2542706,2.0,1.9386526493951841,0.011631206923768383,1.9158559027278652,1.961449396062503,1.9358253438571515,0.04682845923129834,1.8411058445706927,2.0305448431436104,1.9358253438571515,0.045972796961506864,1.8424956042617533,2.02915508345255,0,1,1,15.622563172445888,0.7855
1650,2543706,2.0,1.9093959556251883,0.011757552034053662,1.8863515770920873,1.9324403341582892,1.9124933396092219,0.055091626217476826,1.8010600074890724,2.0239266717293716,1.9124933396092219,0.0557112189520425,1.7993935523221896,2.025593126896254,0,1,1,22.451817471835827,0.8494
1651,2544706,2.0,2.0327530479144285,0.01152619953441396,2.010162111948355,2.055343983880502,2.0299928622085415,0.04557221412054081,1.9378143585009526,2.1221713659161305,2.0299928622085415,0.044586165568329464,1.9394781339979934,2.1205075904190895,0,1,1,14.963320621983582,0.8479
1652,2545706,2.0,1.9898857834589434,0.01132773408159397,1.9676838326325723,2.0120877342853145,1.990838768416485,0.03538777467188761,1.9192602379073511,2.062417298925619,1.990838768416485,0.03590028117512252,1.9179573229764522,2.063720213856518,1,1,1,10.044067189597541,0.8065
1653,2546706,2.0,1.9843245146927002,0.011584054189755685,1.9616201856858189,2.007028843699582,1.9895523227312335,0.04985040151766961,1.8887203682212563,2.0903842772412107,1.9895523227312335,0.05081017666839932,1.8864021802409154,2.0927024652215516,1,1,1,19.238900519491704,0.891
1654,2547706,2.0,2.111709645590809,0.011417214469725987,2.0893323164263764,2.134086974755242,2.106642705312127,0.029742127595120328,2.0464835738829024,2.1668018367413513,2.106642705312127,0.028250225129987677,2.049291699300882,2.163993711323372,0,0,0,6.1224254798692,0.7542
1655,2548706,2.0,2.047920940421004,0.011443428366506914,2.0254922329629865,2.0703496478790218,2.044465277589567,0.04329746864645304,1.9568878808978103,2.132042674281324,2.044465277589567,0.04418481415096403,1.9547653360734272,2.1341652191057072,0,1,1,14.908493300554946,0.871
1656,2549706,2.0,2.0096721820459855,0.011493294677565423,1.9871457384142515,2.0321986256777196,2.0038518694469127,0.04642673284088753,1.909944938482677,2.0977588004111483,2.0038518694469127,0.04782333077345107,1.9067653464883911,2.1009383924054346,1,1,1,17.31372667354163,0.8078
1657,2550706,2.0,1.8684512006959546,0.011718605907954208,1.845483155167346,1.8914192462245631,1.8677737006933506,0.06051944681699497,1.7453615651309673,1.9901858362557339,1.8677737006933506,0.058513534554801586,1.7489849102836974,1.9865624911030038,0,0,0,24.93220946336574,0.9168
1658,2551706,2.0,1.9606255164741087,0.011835684843350725,1.9374280004487747,1.9838230324994426,1.9622889234719434,0.05622310262101418,1.848566964304123,2.0760108826397636,1.9622889234719434,0.05676975990355526,1.8470401838068675,2.0775376631370195,0,1,1,23.006329214778333,0.7619
1659,2552706,2.0,2.008168846883147,0.011688289391185706,1.9852602206355416,2.0310774731307526,2.003562884681432,0.05313653838381392,1.896084090970307,2.1110416783925574,2.003562884681432,0.05293072715453249,1.89610779583696,2.1110179735259043,1,1,1,20.507551414161846,0.9507
1660,2553706,2.0,1.965677722391512,0.01168961619131681,1.9427664956634347,1.9885889491195894,1.9567353223262658,0.044946468683389605,1.865822508232657,2.0476481364198746,1.9567353223262658,0.04555934040400481,1.8642449441662394,2.049225700486292,0,1,1,15.189880300962725,0.8954
1661,2554706,2.0,1.9827949312512578,0.011401863014903226,1.9604476903853882,2.0051421721171274,1.9866810065690241,0.04045033723698627,1.9048624767273472,2.0684995364107013,1.9866810065690241,0.04167165846272179,1.9020830423405122,2.071278970797536,1,1,1,13.357646071216264,0.7996
1662,2555706,2.0,2.035467929245406,0.011531352431907118,2.0128668937858296,2.0580689647049826,2.0307586488961262,0.045332284815485555,1.9390654480153233,2.122451849776929,2.0307586488961262,0.0466327366080297,1.936089160592155,2.1254281372000974,0,1,1,16.35389908813516,0.8353
1663,2556706,2.0,2.002542164765857,0.011370431555457697,1.980256528428482,2.024827801103232,2.0141318223474247,0.0345620449776331,1.944223487793264,2.0840401569015854,2.0141318223474247,0.03321091662979389,1.946710077192819,2.0815535675020302,1,1,1,8.531154914040286,0.8892
1664,2557706,2.0,1.9055840530994481,0.011594791072121568,1.8828586801898233,1.928309426009073,1.9021517986860996,0.04857595644077351,1.8038976526612458,2.0004059447109532,1.9021517986860996,0.04868828963115407,1.8033093158929447,2.0009942814792545,0,1,1,17.632877164965617,0.861
1665,2558706,2.0,1.9932408804713526,0.011422445891946487,1.97085329790778,2.015628463034925,1.9885018645186794,0.043505799825680154,1.9005030782423393,2.0765006507950194,1.9885018645186794,0.04426093396554879,1.8986473915634539,2.0783563374739047,1,1,1,15.014916757282519,0.8514
1666,2559706,2.0,1.9357504529776843,0.011407520709334538,1.913392123234494,1.9581087827208747,1.9381848009319818,0.04551980064338275,1.846112313488728,2.0302572883752354,1.9381848009319818,0.042175550991386423,1.8525638804860416,2.023805721377922,0,1,1,13.669070967916054,0.9097
1667,2560706,2.0,1.9853402235178919,0.011550326604657591,1.962701999363088,2.0079784476726954,1.9946870378410428,0.04539537120161952,1.902866232699829,2.086507842982257,1.9946870378410428,0.04640571642556468,1.900478425009367,2.0888956506727188,1,1,1,16.141891880989682,0.8639
1668,2561706,2.0,2.0315389857101307,0.011318311313508914,2.009355503169841,2.0537224682504203,2.0354469316660677,0.04116866117927876,1.9521754545086707,2.1187184088234647,2.0354469316660677,0.04152524381246414,1.9511462049798558,2.1197476583522796,0,1,1,13.460497502660349,0.8391
1669,2562706,2.0,2.1246353127635773,0.011682355832876341,2.1017383160765584,2.1475323094505963,2.126889982577364,0.05483233546761079,2.015981115502618,2.23779884965211,2.126889982577364,0.05000340462748224,2.0253776744036025,2.228402290751126,0,0,0,18.320540849360018,0.9167
1670,2563706,2.0,1.9104305403505917,0.01207343913856177,1.8867670344694742,1.934094046231709,1.9064755805934275,0.06807317159437024,1.7687845945113905,2.0441665666754645,1.9064755805934275,0.06937708120913331,1.7656326179918982,2.0473185431949568,0,1,1,33.019466697325754,0.8094
1671,2564706,2.0,2.0766995372684445,0.01197963444211068,2.053219885213952,2.100179189322937,2.0793085971553285,0.05870124016216704,1.960574131684416,2.198043062626241,2.0793085971553285,0.059505364270268826,1.9585062853768311,2.200110908933826,0,1,1,24.673178727655188,0.8961
1672,2565706,2.0,1.9085332522346152,0.011658746872796546,1.885682528259065,1.9313839762101654,1.910153788728199,0.04955136793937991,1.8099266867218147,2.0103808907345835,1.910153788728199,0.05005465016166405,1.8085374465892075,2.0117701308671903,0,1,1,18.43253699393849,0.7676
1673,2566706,2.0,2.005926351727924,0.0115370708574769,1.9833141083601828,2.0285385950956654,2.0088716845958423,0.04753509111262139,1.912722887419223,2.1050204817724616,2.0088716845958423,0.044010061811392075,1.9195265091897475,2.098216860001937,1,1,1,14.551669993884317,0.9005
1674,2567706,2.0,2.038179879315984,0.01170292242152426,2.01524257285593,2.061117185776038,2.038453602965373,0.051505571757880446,1.9342737506394063,2.1426334552913393,2.038453602965373,0.05218670896178394,1.932508951352762,2.1443982545779834,0,1,1,19.885255138771004,0.8879
1675,2568706,2.0,1.989132564229127,0.0119313030015439,1.9657476400574665,2.0125174884007877,1.9884223610064788,0.05056497794143412,1.886145039252481,2.090699682760477,1.9884223610064788,0.05085739500602288,1.8851763601945923,2.0916683618183654,1,1,1,18.169060556655733,0.8199
1676,2569706,2.0,1.931200645028598,0.011769963865398466,1.9081319397530792,1.9542693503041166,1.931802714717151,0.054071396076263746,1.822432992839981,2.041172436594321,1.931802714717151,0.05434980788446419,1.8214667388320174,2.0421386906022847,0,1,1,21.32287532037332,0.7705
1677,2570706,2.0,1.9665218804506468,0.01159068943433202,1.943804546603367,1.9892392142979265,1.9586006404116176,0.04670329968167921,1.8641343002097295,2.053066980613506,1.9586006404116176,0.047915143045623276,1.8613277286314485,2.0558735521917866,0,1,1,17.089408825230493,0.8358
1678,2571706,2.0,2.0341122021246787,0.011433658734846936,2.011702642792857,2.0565217614565006,2.040658184613223,0.05074702762259621,1.938012632622143,2.143303736604303,2.040658184613223,0.04981012266979387,1.9395382596741524,2.141778109552294,0,1,1,18.978626177603577,0.8936
1679,2572706,2.0,1.9149802259472901,0.01131297192090932,1.892807208424195,1.9371532434703853,1.9161531733622317,0.041340993938272196,1.8325331202979938,1.9997732264264696,1.9161531733622317,0.041661718504109324,1.8315753883225054,2.000730958401958,0,0,1,13.561912623802542,0.7683
1680,2573706,2.0,1.9719977029927904,0.011775204103568844,1.9489187270391872,1.9950766789463936,1.9718903997717327,0.04769276433744402,1.8754226783949317,2.068358121148534,1.9718903997717327,0.04748334975887674,1.8754940749663531,2.0682867245771126,0,1,1,16.260946123739792,0.9449
1681,2574706,2.0,1.9169526443651963,0.011757144104752766,1.8939090653588335,1.939996223371559,1.9251539322399962,0.05760198689669878,1.8086429163679671,2.0416649481120253,1.9251539322399962,0.0480071695588589,1.8276941967056983,2.0226136677742943,0,1,1,16.6727992093226,0.6641
1682,2575706,2.0,2.039689162864799,0.011583019101825947,2.0169868625929808,2.0623914631366174,2.0431449872954714,0.055669746028185044,1.9305422974835091,2.155747677107434,2.0431449872954714,0.05294472515188159,1.9356614810056012,2.1506284935853417,0,1,1,20.893050363616315,0.9543
1683,2576706,2.0,1.9779087165366778,0.011672283838850364,1.9550314605952022,2.0007859724781536,1.9739097724279615,0.05948335888740403,1.8535933225131214,2.0942262223428014,1.9739097724279615,0.05748515946837834,1.8572086944344715,2.090610850421452,1,1,1,24.254917464628953,0.7863
1684,2577706,2.0,1.859382358852574,0.01168708517302256,1.8364760928291977,1.8822886248759503,1.8522784123208222,0.05667224472781644,1.7376479774917668,1.9669088471498777,1.8522784123208222,0.05251455209818225,1.7456682037577869,1.9588886208838576,0,0,0,20.19049252418163,0.8822
1685,2578706,2.0,1.963276808444141,0.011827674841299506,1.9400949917343435,1.9864586251539385,1.9554747967476778,0.05589755651065798,1.842411316741328,2.0685382767540275,1.9554747967476778,0.05046736074583928,1.8530206075796793,2.057928985915676,0,1,1,18.206330966131468,0.8041
1686,2579706,2.0,1.9873004100029656,0.011518099470758977,1.9647253498699282,2.009875470136003,1.9840099979417585,0.038766569593736866,1.9055972096235338,2.062422786259983,1.9840099979417585,0.03929671938233763,1.9042334163694459,2.063786579514071,1,1,1,11.639945357354758,0.7767
1687,2580706,2.0,1.8998533899530812,0.011837664026259109,1.876651994800528,1.9230547851056343,1.902917685859996,0.04929820139223326,1.8032026615297823,2.00263271019021,1.902917685859996,0.048425000173345216,1.8046097090825637,2.0012256626374283,0,1,1,16.734288129324586,0.8925
1688,2581706,2.0,2.0081518522221153,0.011498912344742504,1.985614398165037,2.0306893062791938,2.006583986641558,0.041215848119541786,1.9232170648885465,2.0899509083945693,2.006583986641558,0.04111992243454744,1.9231061060981438,2.0900618671849718,1,1,1,12.787659000982796,0.7561
1689,2582706,2.0,1.923516411333002,0.011357519765713718,1.9012560816385013,1.9457767410275029,1.9220849612677058,0.04540730814101172,1.83024001138757,2.0139299111478413,1.9220849612677058,0.04327739195656383,1.8342271847426879,2.0099427377927235,0,1,1,14.51961694619764,0.8952
1690,2583706,2.0,1.9151394962901431,0.01139785586178467,1.8928001093000664,1.9374788832802199,1.9076161387221138,0.04209421245041571,1.8224725574125595,1.992759720031668,1.9076161387221138,0.04297088160555137,1.8203806112907772,1.9948516661534503,0,0,0,14.213538386002575,0.8273
1691,2584706,2.0,2.0096542800476813,0.011693170082975426,1.9867360878199483,2.0325724722754144,2.00744912642106,0.045719251608615466,1.9149732113214375,2.0999250415206827,2.00744912642106,0.046929781981153586,1.91217660395006,2.10272164889206,1,1,1,16.107663182717825,0.7648
1692,2585706,2.0,1.9690610062304943,0.011439534744806218,1.9466399301307795,1.991482082330209,1.9725705005039655,0.04275697032866672,1.8860863648518902,2.059054636156041,1.9725705005039655,0.04333760669522262,1.884590481560599,2.060550519447332,0,1,1,14.352023087973784,0.8527
1693,2586706,2.0,2.020880667866529,0.01140308215376071,1.9985310375324068,2.0432302982006516,2.024860607815918,0.04367081753586352,1.9365280417155446,2.113193173916291,2.024860607815918,0.04507615633140035,1.93335114547249,2.1163700701593458,1,1,1,15.626051323587708,0.8504
1694,2587706,2.0,1.9773883714482756,0.01189125270837953,1.9540819444087874,2.0006947984877637,1.9887606534039586,0.05203921390801287,1.8835014079463703,2.094019898861547,1.9887606534039586,0.05263768090643827,1.8819004800710866,2.0956208267368304,1,1,1,19.594684569719288,0.8101
1695,2588706,2.0,2.061786729753764,0.011723192675416185,2.0388096943261247,2.0847637651814037,2.060359459693221,0.053382179096762385,1.9523838107424234,2.168335108644018,2.060359459693221,0.05283427975368892,1.9531001694818604,2.167618749904581,0,1,1,20.31139617291143,0.8124
1696,2589706,2.0,2.011272729024249,0.01145740101328652,1.9888166356817747,2.033728822366723,2.0192106122551707,0.04007175863049524,1.9381578299233633,2.100263394586978,2.0192106122551707,0.041327178142275885,1.9353119802563221,2.103109244254019,1,1,1,13.010658473004431,0.8149
1697,2590706,2.0,1.987685573792083,0.011707765802177536,1.9647387744803855,2.010632373103781,1.9860147442661913,0.05903100364188131,1.866613269199101,2.1054162193332817,1.9860147442661913,0.054796203536818716,1.8747725370280761,2.0972569515043062,1,1,1,21.90548572671825,0.8402
1698,2591706,2.0,2.0093347799640715,0.011770383527742552,1.9862652521654727,2.0324043077626706,2.003364137743388,0.06207545993720196,1.8778046685713041,2.1289236069154724,2.003364137743388,0.06362616565885681,1.8741961543951733,2.132532121091603,1,1,1,29.2206771155065,0.9614
1699,2592706,2.0,2.056644420062768,0.011976809345705126,2.0331703050954832,2.080118535030053,2.057516105227731,0.04602186747453406,1.964428091763856,2.1506041186916063,2.057516105227731,0.04118247141879408,1.9739112434954942,2.141120966959968,0,1,1,11.823404256901453,0.8412
1700,2593706,2.0,2.0442869525192195,0.01149058070820096,2.021765828169695,2.0668080768687442,2.046414988158376,0.04956660107511467,1.9461570742266572,2.1466729020900948,2.046414988158376,0.05000971159634386,1.9448898761571252,2.1479401001596266,0,1,1,18.941952576699386,0.778
1701,2594706,2.0,1.934864919407338,0.011587519430510753,1.9121537986533788,1.9575760401612972,1.9315781678476556,0.047640935536451365,1.8352152801160189,2.0279410555792925,1.9315781678476556,0.04363449390706561,1.8429954358217304,2.0201608998735807,0,1,1,14.180088311299897,0.868
1702,2595706,2.0,2.008539234488883,0.011612479733683628,1.9857791924396617,2.031299276538104,2.005802762098163,0.04735378575939517,1.9100206896132683,2.1015848345830577,2.005802762098163,0.04887662712572401,1.906577933864095,2.105027590332231,1,1,1,17.71546347456466,0.8412
1703,2596706,2.0,1.9809903255145604,0.011624108211627023,1.958207492067375,2.003773158961746,1.986000897307611,0.0558425450330905,1.8730486885174351,2.0989531060977873,1.986000897307611,0.05634424779919763,1.871615993139158,2.100385801476064,1,1,1,23.49523981812453,0.7767
1704,2597706,2.0,2.049942717766797,0.011731313037153643,2.0269497667226104,2.0729356688109832,2.0508998869911497,0.0469757773773366,1.9558824086283426,2.1459173653539567,2.0508998869911497,0.04611880701788099,1.957273731222702,2.1445260427595976,0,1,1,15.454781949485882,0.8747
1705,2598706,2.0,2.016579434114218,0.011684844042318662,1.993677560626306,2.03948130760213,2.015620738910876,0.05565788562808225,1.9030420390225093,2.1281994387992422,2.015620738910876,0.05586823756302856,1.902202186896798,2.1290392909249536,1,1,1,22.860414565154443,0.8316
1706,2599706,2.0,1.9498058164387955,0.011455104430648061,1.9273542243155801,1.9722574085620108,1.947620048401261,0.04089077203751255,1.8649106550876913,2.0303294417148305,1.947620048401261,0.040682482823334865,1.8650302174807005,2.0302098793218213,0,1,1,12.612953478899946,0.868
1707,2600706,2.0,2.09830579198022,0.01142831678688265,2.0759067026740152,2.1207048812864246,2.100062381178852,0.040413362734191466,2.0183186393282506,2.181806123029453,2.100062381178852,0.03899052043162297,2.020907416524007,2.1792173458336968,0,0,0,11.64001455825755,0.7825
1708,2601706,2.0,1.9530619238399325,0.011756076183611462,1.930020437920545,1.97610340975932,1.9491778609937522,0.048854778482441276,1.8503597441569108,2.0479959778305936,1.9491778609937522,0.04685420022036281,1.8540587776545647,2.0442969443329395,0,1,1,15.88445338694477,0.7597
1709,2602706,2.0,1.9726516804088672,0.011837962334722582,1.9494497005824691,1.9958536602352652,1.9728621489153557,0.05019705521042243,1.8713290211286504,2.0743952767020613,1.9728621489153557,0.050451272653951884,1.8704406203102484,2.075283677520463,0,1,1,18.16311548454927,0.9053
1710,2603706,2.0,2.0062098735258465,0.01182135265867962,1.9830404480662875,2.0293792989854054,2.008406903472266,0.052419031628376696,1.9023794041604285,2.114434402784103,2.008406903472266,0.051868054383252225,1.9031091550459056,2.113704651898626,1,1,1,19.25154407568495,0.7999
1711,2604706,2.0,1.9863240818711974,0.011470543939790903,1.963842228866123,2.0088059348762717,1.9980378777768906,0.045218257907919446,1.9065753180866616,2.0895004374671196,1.9980378777768906,0.04660817475421057,1.9034182526870902,2.092657502866691,1,1,1,16.510345652021428,0.8664
1712,2605706,2.0,1.9600505566169562,0.012246471048444231,1.936047914424293,1.9840531988096193,1.947077375063352,0.06858642191418196,1.808348242219726,2.085806507906978,1.947077375063352,0.0691503521679239,1.8066946968859465,2.0874600532407577,0,1,1,31.883564774651017,0.8776
1713,2606706,2.0,2.033831119588555,0.011822978616390312,2.0106585073104424,2.057003731866667,2.0474739436365272,0.04606301756652063,1.9543026962552321,2.140645191017822,2.0474739436365272,0.04417785635859579,1.9577881271898372,2.1371597600832173,0,1,1,13.962251909619345,0.8952
1714,2607706,2.0,1.986393762565041,0.011942277665926567,1.9629873284464479,2.009800196683634,1.985553062952766,0.053934420887038606,1.876460399547112,2.09464572635842,1.985553062952766,0.055137438662944065,1.8736181115797064,2.0974880143258257,1,1,1,21.31664467859673,0.8523
1715,2608706,2.0,1.9795670517917527,0.011491998022286294,1.9570431495576661,2.0020909540258396,1.9805713239826641,0.04519132384343212,1.8891632435801131,2.071979404385215,1.9805713239826641,0.04586208196961947,1.8874663477700726,2.0736763001952556,1,1,1,15.926357027895401,0.8411
1716,2609706,2.0,1.889797235381196,0.011805207958165417,1.8666594529531861,1.912935017809206,1.8938215287691884,0.05305663368685899,1.7865043575630621,2.0011386999753147,1.8938215287691884,0.05330537336513501,1.7856058676822832,2.0020371898560936,0,1,1,20.388942231382238,0.8924
1717,2610706,2.0,1.9869046648478765,0.011277360559598125,1.9648014443103918,2.0090078853853615,1.9944404313155488,0.040681147107597085,1.9121550444443325,2.076725818186765,1.9944404313155488,0.041369120622073964,1.9104566515559318,2.078424211075166,1,1,1,13.456671376157928,0.8847
1718,2611706,2.0,1.9717608838466798,0.011261909819025155,1.9496879462042525,1.9938338214891071,1.9677040097752443,0.040629557773479326,1.8855229721817186,2.04988504736877,1.9677040097752443,0.03942242334057713,1.8876722356006974,2.047735783949791,0,1,1,12.253567400476632,0.718
1719,2612706,2.0,1.9366694219812164,0.011603059689090462,1.9139278428801305,1.9594110010823023,1.931468261740126,0.037364080388006184,1.8558922756037823,2.0070442478764696,1.931468261740126,0.03545130705542075,1.859498282220079,2.003438241260173,0,1,1,9.335110238809976,0.7439
1720,2613706,2.0,2.015739355452706,0.011389475230291022,1.9934163941985243,2.0380623167068874,2.017166781263461,0.04029852641161299,1.93565531779983,2.0986782447270924,2.017166781263461,0.04124244741751984,1.9334401617807062,2.100893400746216,1,1,1,13.11237707600265,0.903
1721,2614706,2.0,1.9892611802541549,0.011539769677315837,1.9666436472967284,2.011878713211581,1.997250073743329,0.0506090454608851,1.8948836170178691,2.099616530468789,1.997250073743329,0.05205983581328804,1.8915629883153617,2.102937159171296,1,1,1,20.352197413004117,0.941
1722,2615706,2.0,2.0121102513506135,0.011672369211529853,1.9892328280817608,2.034987674619466,2.006661091028035,0.05036917601006849,1.9047798160627363,2.1085423659933342,2.006661091028035,0.05077222745283476,1.9035879895411056,2.109734192514965,1,1,1,18.920578076471063,0.8258
1723,2616706,2.0,2.004204193507551,0.011594220207249373,1.9814799394725158,2.0269284475425864,2.001667166001443,0.04390713537038035,1.9128566019629498,2.0904777300399364,2.001667166001443,0.043761815169144125,1.9128259580719376,2.0905083739309487,1,1,1,14.24647977431978,0.8571
1724,2617706,2.0,1.9650131710502214,0.011558347885831868,1.9423592254732063,1.9876671166272366,1.9727461940044988,0.039282075899968384,1.893290695761438,2.05220169224756,1.9727461940044988,0.039800337526852574,1.8919472132441957,2.053545174764802,0,1,1,11.857195666076933,0.9446
1725,2618706,2.0,1.9533817969384326,0.01187601873034702,1.9301052279472293,1.976658365929636,1.9565343756142548,0.05345239667857847,1.848416698198291,2.0646520530302186,1.9565343756142548,0.054777229413966816,1.8453306878933728,2.0677380633351365,0,1,1,21.27445173620642,0.8876
1726,2619706,2.0,2.0229890816329905,0.011645322566771137,2.0001646688137678,2.0458134944522133,2.0326972882338685,0.04696394457649716,1.937703743969878,2.127690832497859,2.0326972882338685,0.048043411463641474,1.9351639777213365,2.1302305987464005,0,1,1,17.020198901090552,0.9705
1727,2620706,2.0,1.9661480018554718,0.011362450896392975,1.9438780073224367,1.988417996388507,1.9674030250518855,0.04053198310410281,1.8854193508561332,2.0493866992476377,1.9674030250518855,0.041501756072447785,1.8831499810128973,2.0516560690908734,0,1,1,13.34101609718345,0.8102
1728,2621706,2.0,2.0683556096682896,0.01173476480583226,2.04535589328181,2.091355326054769,2.0666802884505,0.04193748909899205,1.981853710040828,2.1515068668601716,2.0666802884505,0.043074816177803496,1.9792337626200147,2.1541268142809846,0,1,1,13.474047877319224,0.7595
1729,2622706,2.0,2.062593678699418,0.011688857690431669,2.039683938605758,2.085503418793078,2.06284541900599,0.052133450138688454,1.957395562780276,2.1682952752317046,2.06284541900599,0.051609514872636604,1.9580725336898965,2.1676183043220836,0,1,1,19.49464859150135,0.8401
1730,2623706,2.0,1.9850555347451972,0.011427385643946596,1.962658270445612,2.0074527990447826,1.979330540631535,0.03579530287832315,1.9069277065195849,2.0517333747434847,1.979330540631535,0.03505763882185176,1.9081597501135565,2.0505013311495133,1,1,1,9.411775449876279,0.8022
1731,2624706,2.0,2.0298533263341128,0.011419917787151694,2.007470698764887,2.0522359539033386,2.0247487886211384,0.043674561299153265,1.9364086500447522,2.1130889271975244,2.0247487886211384,0.044334631369793515,1.9347447019812642,2.1147528752610127,0,1,1,15.071630862527106,0.9266
1732,2625706,2.0,2.013568981748185,0.011690043538334171,1.990656917435345,2.0364810460610254,2.004642856836443,0.05165362858613131,1.900163531308324,2.1091221823645623,2.004642856836443,0.050850529832542984,1.9014107930676671,2.1078749206052194,1,1,1,18.92163703913243,0.852
1733,2626706,2.0,2.063052087910645,0.012085067665151853,2.0393657905362175,2.0867383852850723,2.0619860022764493,0.06683620636492321,1.926797014532416,2.197174990020483,2.0619860022764493,0.0665401453678232,1.926902325618301,2.1970696789345974,0,1,1,30.315819865237096,0.8117
1734,2627706,2.0,2.1243230668766855,0.011689960805023469,2.101411164718155,2.147234969035216,2.1180695849416287,0.04326018378240344,2.0305676040058396,2.2055715658774178,2.1180695849416287,0.043445848134787426,2.029869824193636,2.206269345689621,0,0,0,13.81244143184872,0.8427
1735,2628706,2.0,2.0228355567163128,0.011691304595684005,1.9999210207764846,2.045750092656141,2.021609477350008,0.05726476605968256,1.905780555003059,2.1374383996969573,2.021609477350008,0.058068441509997785,1.9037242738594204,2.139494680840596,1,1,1,24.669161583617672,0.8453
1736,2629706,2.0,1.9064605193871893,0.011612611674196817,1.8837002187393141,1.9292208200350645,1.9082749653685698,0.04272309506920781,1.8218593488962158,1.9946905818409237,1.9082749653685698,0.04019450816406531,1.8266757756725778,1.9898741550645618,0,0,0,11.980463785875843,0.8101
1737,2630706,2.0,1.9234617368034852,0.01138074069956803,1.9011558949149427,1.9457675786920277,1.9349061184615917,0.039949260861696895,1.8541011112544574,2.0157111256687257,1.9349061184615917,0.04006050799973603,1.8535789635615914,2.016233273361592,0,1,1,12.390586033430434,0.918
1738,2631706,2.0,2.077901276313495,0.011654939956878878,2.0550580137560357,2.1007445388709542,2.07771358646984,0.04982124672279393,1.9769406030987335,2.1784865698409464,2.07771358646984,0.049766643250596536,1.9766819294443976,2.1787452434952823,0,1,1,18.232936369192252,0.881
1739,2632706,2.0,2.0146635931997507,0.011976535162689532,1.9911900156213016,2.0381371707782,2.0121796678724517,0.052791893075566636,1.9053979850969516,2.118961350647952,2.0121796678724517,0.05039748415615145,1.9098673357231777,2.114492000021726,1,1,1,17.707421541416505,0.8305
1740,2633706,2.0,1.999006559893845,0.011965050274644062,1.9755554922823315,2.0224576275053585,1.9973803254392335,0.05210578814564742,1.8919864208756734,2.1027742300027934,1.9973803254392335,0.05234791023889491,1.8911084178359157,2.1036522330425513,1,1,1,19.141221221453453,0.8192
1741,2634706,2.0,2.0696245426828686,0.011543262921439562,2.0470001630927706,2.0922489222729665,2.062965821453529,0.04354959124369841,1.9748784586735877,2.15105318423347,2.062965821453529,0.043948739858489495,1.9737451362301976,2.1521865066768604,0,1,1,14.495582723253392,0.8002
1742,2635706,2.0,2.0588672464768814,0.011799863587947218,2.035739938822019,2.0819945541317435,2.0606970836663523,0.05260252741656901,1.9542984290898735,2.167095738242831,2.0606970836663523,0.05381976553791149,1.9514371509512636,2.169957016381441,0,1,1,20.803175339985454,0.9676
1743,2636706,2.0,1.942081042869094,0.0116285683723364,1.9192894676675532,1.9648726180706348,1.945824074238448,0.047345796922010165,1.8500581607023936,2.0415899877745023,1.945824074238448,0.04810504049000728,1.8481656501508805,2.0434824983260156,0,1,1,17.113099190105718,0.7992
1744,2637706,2.0,1.9982946221594737,0.01135066009348724,1.9760477371754828,2.0205415071434647,1.9923871337106793,0.04106181912346749,1.90933176500945,2.0754425024119088,1.9923871337106793,0.04223401962965308,1.90664751561864,2.0781267518027184,1,1,1,13.844669664258618,0.8899
1745,2638706,2.0,2.0682276108979623,0.011641788252485427,2.0454101252074492,2.0910450965884753,2.0873377201340073,0.049800148292443495,1.9866074123663977,2.188068027901617,2.0873377201340073,0.04947998603343393,1.9868880081978169,2.1877874320701975,0,1,1,18.064242099384572,0.8901
1746,2639706,2.0,2.0807812545022824,0.011963890380522892,2.057332460241472,2.1042300487630925,2.083723755646423,0.052644715357300816,1.977239767905291,2.1902077433875555,2.083723755646423,0.053210275846152046,1.9757011527867623,2.191746358506084,0,1,1,19.78090560131696,0.8293
1747,2640706,2.0,2.0146302650951307,0.011369915595366438,1.992345640020952,2.0369148901693093,2.0147367937749285,0.04297579035812582,1.9278100528361442,2.101663534713713,2.0147367937749285,0.04226917746931088,1.9289258014738597,2.1005477860759973,1,1,1,13.820797767729086,0.9688
1748,2641706,2.0,2.0199299247770774,0.01149885860632153,1.9973925760453688,2.042467273508786,2.020252161498297,0.038977859521927116,1.9414119989608267,2.0990923240357673,2.020252161498297,0.03963486445472221,1.9397891089336379,2.1007152140629564,1,1,1,11.880789111460533,0.8274
1749,2642706,2.0,2.0290841761262,0.011586666013041666,2.006374728039744,2.0517936242126558,2.0220211234918666,0.04980783225725693,1.9212752734383989,2.122766973545334,2.0220211234918666,0.050317835759804176,1.9198704861834894,2.1241717608002437,0,1,1,18.859359072820215,0.7813
1750,2643706,2.0,1.9859447313414749,0.011801343482719572,1.962814523146158,2.0090749395367915,1.9766971418260233,0.05155790197130827,1.8724114416525126,2.0809828419995338,1.9766971418260233,0.05283806859951332,1.8694301598487157,2.0839641238033306,1,1,1,20.046149598340918,0.8232
1751,2644706,2.0,1.9878354319898395,0.0118860796562726,1.964539143946171,2.011131720033508,1.9890902206765761,0.05602923301591458,1.8757603997986618,2.1024200415544905,1.9890902206765761,0.055168716171456716,1.877091772585509,2.1010886687676433,1,1,1,21.543114139176538,0.8294
1752,2645706,2.0,1.9959319728433293,0.01142194808703342,1.9735453659594577,2.018318579727201,2.0003003018162495,0.04254184929939886,1.9142512895167831,2.086349314115716,2.0003003018162495,0.04375328156922861,1.911476418015589,2.0891241856169103,1,1,1,14.673742676265123,0.8924
1753,2646706,2.0,2.057285319427854,0.011760100681332165,2.034235945637878,2.0803346932178304,2.060765465303707,0.04709344628590939,1.9655099791079593,2.156020951499455,2.060765465303707,0.04400754809020265,1.9714253930229284,2.1501055375844857,0,1,1,14.003360350888958,0.7872
1754,2647706,2.0,2.042632048947212,0.011744407083878226,2.0196134340430336,2.06565066385139,2.0443913588346696,0.05635331481064626,1.9304060206532023,2.158376697016137,2.0443913588346696,0.05788595326300521,1.9268766261811139,2.161906091488225,0,1,1,24.293169849160464,0.837
1755,2648706,2.0,2.0306278130141138,0.01153666189015343,2.008016371207597,2.0532392548206304,2.031743984351077,0.047904382772411075,1.934848224287356,2.1286397444147984,2.031743984351077,0.04847516278951872,1.9333341720488493,2.130153796653305,0,1,1,17.655426892421747,0.7359
1756,2649706,2.0,1.9043848905740395,0.011417495793118118,1.8820070100258903,1.9267627711221886,1.906988801186734,0.04008271907857256,1.825913849256121,1.9880637531173468,1.906988801186734,0.03711800854941668,1.8316352377496992,1.9823423646237688,0,0,0,10.568847085757417,0.6935
1757,2650706,2.0,1.9486615354988097,0.01161737501083966,1.9258918988826683,1.9714311721149511,1.9423244102377855,0.046770792676175,1.8477215525687645,2.0369272679068064,1.9423244102377855,0.044494436322345426,1.851995902296762,2.032652918178809,0,1,1,14.668827491123938,0.7793
1758,2651706,2.0,1.9510291750767539,0.011947200599996573,1.9276130921846852,1.9744452579688225,1.9517603058506896,0.05794565968273152,1.8345541461548884,2.0689664655464908,1.9517603058506896,0.0587750668754498,1.8324405766033949,2.0710800350979843,0,1,1,24.202150224164125,0.7364
1759,2652706,2.0,2.1025396797724696,0.011434913363900436,2.080127661412889,2.12495169813205,2.1149170351261875,0.037225804335528856,2.039620738705648,2.190213331546727,2.1149170351261875,0.03175610400125399,2.0504487166228995,2.1793853536294754,0,0,0,7.712384517033884,0.7133
1760,2653706,2.0,1.9813602988847154,0.011819794280598029,1.9581939277900708,2.0045266699793602,1.9759089231169913,0.051344511834565856,1.872054845235495,2.0797630009984878,1.9759089231169913,0.05169101286391167,1.8709705880826737,2.0808472581513087,1,1,1,19.125387730800732,0.7021
1761,2654706,2.0,2.024675487245513,0.011519874691708388,2.0020969477433503,2.0472540267476758,2.023953065555738,0.0383446251369336,1.946393740459049,2.101512390652427,2.023953065555738,0.03914543857054492,1.944483600358838,2.103422530752638,0,1,1,11.546937526353734,0.6691
1762,2655706,2.0,1.9737547095955723,0.01163622005120918,1.9509481373790194,1.9965612818121252,1.9711751271436944,0.04621385309517431,1.8776987861081726,2.0646514681792163,1.9711751271436944,0.04499614378373052,1.8798280989076506,2.062522155379738,0,1,1,14.952945164661397,0.826
1763,2656706,2.0,2.0734717256021433,0.011605041649680363,2.0507262619296824,2.096217189274604,2.0742943648408576,0.046958085792296704,1.979312671086472,2.1692760585952433,2.0742943648408576,0.047011954440192634,1.9788550234092785,2.1697337062724364,0,1,1,16.410552630701975,0.8115
1764,2657706,2.0,2.013499342341325,0.011612740197532015,1.9907387897923416,2.0362598948903083,2.016974928213138,0.04917564825434968,1.9175077910021434,2.116442065424133,2.016974928213138,0.04611677613850422,1.9233528953490144,2.110596961077262,1,1,1,15.770608814366685,0.7099
1765,2658706,2.0,1.941185897302399,0.01198783050900796,1.9176901812519729,1.964681613352825,1.933653510044791,0.058806443273182706,1.8147062511964673,2.0526007688931145,1.933653510044791,0.055771684538227326,1.8204309710918585,2.0468760489977234,0,1,1,21.644439125923082,0.7774
1766,2659706,2.0,1.9430549627899956,0.011670076472672956,1.9201820332067283,1.9659278923732628,1.9476916653314906,0.04344740301539868,1.859810997753066,2.0355723329099153,1.9476916653314906,0.04331167387324477,1.8597642928156233,2.035619037847358,0,1,1,13.774077833460277,0.7556
1767,2660706,2.0,2.023218638076238,0.011994278455916772,1.9997102842820964,2.0467269918703797,2.0327302049438485,0.055223132182577475,1.9210308769021591,2.1444295329855376,2.0327302049438485,0.05535153003938947,1.9203606249700969,2.1450997849176,1,1,1,21.296635916129073,0.728
1768,2661706,2.0,2.005688125934621,0.011812986502711065,1.9825350978394496,2.0288411540297924,1.9922194206326478,0.052691575351802925,1.8856406496061233,2.0987981916591725,1.9922194206326478,0.054292818606434826,1.8819991391326667,2.102439702132629,1,1,1,21.12347483683302,0.7117
1769,2662706,2.0,2.1160916977020694,0.011526024716361508,2.0935011043730825,2.1386822910310563,2.105504360214557,0.05192715073666525,2.000471783916124,2.21053693651299,2.105504360214557,0.048671854440961976,2.0066952426313134,2.204313477797801,0,0,0,17.83186198108364,0.7519
1770,2663706,2.0,1.9655297407867112,0.011531591289185862,1.942928237175471,1.9881312443979513,1.9591231164925897,0.04691760755014322,1.8642232977110669,2.0540229352741126,1.9591231164925897,0.04169895262036203,1.8744697421782575,2.043776490806922,0,1,1,13.075906620528585,0.7888
1771,2664706,2.0,2.068877929868014,0.01167835596091261,2.0459887727859867,2.0917670869500418,2.0714869792501576,0.0464271119656393,1.977579281433729,2.1653946770665864,2.0714869792501576,0.046668828193772965,1.976744221131826,2.1662297373684893,0,1,1,15.96946531646503,0.7367
1772,2665706,2.0,2.022973048281577,0.011488022892632227,2.000456937158446,2.0454891594047075,2.0179775320315,0.047998132498078175,1.9208921452489158,2.115062918814084,2.0179775320315,0.04910226158847593,1.9182946414857127,2.1176604225772873,0,1,1,18.268900338515692,0.8113
1773,2666706,2.0,1.9372444072757868,0.01155601449380282,1.9145950350631105,1.9598937794884632,1.9402024993369065,0.0436647671029949,1.851882171392159,2.028522827281654,1.9402024993369065,0.04289455829110245,1.8531219164713428,2.02728308220247,0,1,1,13.778065476385482,0.727
1774,2667706,2.0,2.008480015945312,0.011664906281281015,1.9856172197509658,2.0313428121396577,2.004651656764984,0.05737507978669923,1.888599603844043,2.1207037096859254,2.004651656764984,0.05508267709663618,1.8928278772818494,2.116475436248119,1,1,1,22.29808522464364,0.747
1775,2668706,2.0,2.0256332745007914,0.011647241843043856,2.0028050999691978,2.048461449032385,2.0253537609345154,0.050781031900668384,1.9226394287989363,2.1280680930700946,2.0253537609345154,0.048952802852438485,1.925974287753704,2.1247332341153267,0,1,1,17.66480872859795,0.7779
1776,2669706,2.0,2.04863194451237,0.011533221797432604,2.02602724516369,2.07123664386105,2.0427762445471425,0.04812038268247437,1.9454435834266073,2.1401089056676774,2.0427762445471425,0.047652023599979235,1.9460374936396523,2.1395149954546326,0,1,1,17.071096140337982,0.6927
1777,2670706,2.0,1.9495403208891124,0.011576397681077169,1.9268509983634883,1.9722296434147366,1.944565309890747,0.04604402291200192,1.8514324828246762,2.0376981369568177,1.944565309890747,0.04677893623998349,1.8495990205548392,2.0395315992266547,0,1,1,16.328782647337533,0.7215
1778,2671706,2.0,2.0201053766906436,0.011630991639435873,1.997309051972863,2.0429017014084243,2.024805362205181,0.03638722332937726,1.9512052559715,2.0984054684388624,2.024805362205181,0.03739500617330087,1.9488894636957925,2.1007212607145695,1,1,1,10.336981318880909,0.7182
1779,2672706,2.0,2.026834235383489,0.011646339307570726,2.0040078297889172,2.049660640978061,2.0217758902838554,0.05856138779548143,1.9033243029251836,2.140227477642527,2.0217758902838554,0.05908919581984403,1.901818445376053,2.141733335191658,0,1,1,25.741703357697965,0.6376
1780,2673706,2.0,2.0395286103913777,0.0117024135196373,2.016592301360694,2.0624649194220614,2.0363552502088424,0.046230789993313544,1.942844651063241,2.1298658493544442,2.0363552502088424,0.046640312732918035,1.9416703815536702,2.1310401188640147,0,1,1,15.884444325428447,0.7577
1781,2674706,2.0,2.0690971325709206,0.011428535897122692,2.046697613816537,2.091496651325304,2.075299955929524,0.03548834805349489,2.0035179965546157,2.1470819153044327,2.075299955929524,0.03086461718137093,2.0126414518872116,2.137958459971837,0,0,0,7.293577397337668,0.7725
1782,2675706,2.0,1.996090962171702,0.01155321488103321,1.9734470770992247,2.0187348472441795,2.0009607127926867,0.052484007950592104,1.8948017864638869,2.1071196391214864,2.0009607127926867,0.05255839028692639,1.8942615079751217,2.1076599176102517,1,1,1,20.6956184582764,0.7396
1783,2676706,2.0,1.9699876733044928,0.01171880995446335,1.947019227852075,1.9929561187569105,1.9665570620241235,0.049731560626812304,1.8659654859050125,2.0671486381432342,1.9665570620241235,0.0490950028644611,1.8668889074715078,2.0662252165767394,0,1,1,17.551229973029944,0.7133
1784,2677706,2.0,1.9158990532996172,0.01147536482995503,1.8934077515234478,1.9383903550757866,1.9190003763636476,0.03716370895512023,1.8438296797052371,1.994171073022058,1.9190003763636476,0.03554071986534625,1.8468488791892836,1.9911518735380116,0,0,0,9.59222675433507,0.7281
1785,2678706,2.0,2.0037150700682367,0.011532498497591494,1.981111788361195,2.026318351775278,2.010678914271513,0.05259957784745439,1.9042862257617004,2.117071602781326,2.010678914271513,0.050626219599569845,1.9079022244850834,2.113455604057943,1,1,1,19.27099700183919,0.7803
1786,2679706,2.0,2.0501212013723493,0.011692889930979163,2.027203558232439,2.0730388445122596,2.0480051771085415,0.04651817369828431,1.953913289552329,2.142097064664754,2.0480051771085415,0.0477575790184701,1.951052137309103,2.14495821690798,0,1,1,16.681722128517862,0.6625
1787,2680706,2.0,2.0448682827860893,0.011400240479750471,2.022524222030683,2.0672123435414957,2.0413704865525863,0.04769698843618647,1.9448942211296136,2.1378467519755593,2.0413704865525863,0.0481466705683542,1.9436275489129131,2.1391134241922596,0,1,1,17.83628878512651,0.7263
1788,2681706,2.0,2.0126395691064602,0.011651347216704014,1.9898033481903494,2.0354757900225713,2.0078420647362716,0.049028929683191884,1.9086716938469586,2.1070124356255846,2.0078420647362716,0.050561649106950914,1.9051964600188387,2.1104876694537045,1,1,1,18.83172794109413,0.7317
1789,2682706,2.0,2.010696178594698,0.01151354433827686,1.9881300463572702,2.0332623108321255,2.0123520258315644,0.03721855870276022,1.9370703850866362,2.0876336665764925,2.0123520258315644,0.037713838150726396,1.9357888639970244,2.088915187666104,1,1,1,10.72959650795295,0.7263
1790,2683706,2.0,2.0300197578436094,0.011279996943729461,2.007911370088178,2.052128145599041,2.034451099511854,0.03798200431943075,1.9576252442501445,2.1112769547735635,2.034451099511854,0.03722515472699736,1.958880017770231,2.110022181253477,0,1,1,10.890681550187999,0.7329
1791,2684706,2.0,2.019283437212192,0.011539022449332512,1.996667368794701,2.041899505629683,2.02578149601542,0.04630181414190477,1.9321272369693596,2.1194357550614806,2.02578149601542,0.04741514333572188,1.9295236376104448,2.1220393544203957,1,1,1,16.884806927458083,0.8014
1792,2685706,2.0,1.9502314732241948,0.011535379680441956,1.9276225445025335,1.972840401945856,1.9492866710090193,0.04067776828506679,1.8670081184514553,2.031565223566583,1.9492866710090193,0.03948689341922243,1.8691240156166795,2.029449326401359,0,1,1,11.717693871609365,0.6584
1793,2686706,2.0,1.981315881316367,0.011528804974704378,1.9587198387811602,2.003911923851574,1.9799447932090344,0.04295303325570374,1.8930640828546854,2.0668255035633836,1.9799447932090344,0.04357008222824013,1.8914928238429647,2.068396762575104,1,1,1,14.282629615487913,0.7449
1794,2687706,2.0,2.0789189017137564,0.01159545714224933,2.0561922233306698,2.101645580096843,2.0766482633981376,0.046831347915739174,1.9819229211958895,2.171373605600386,2.0766482633981376,0.04310816560376187,1.989134034633612,2.164162492162663,0,1,1,13.82112309808811,0.7701
1795,2688706,2.0,2.0383957972269835,0.011375752540609926,2.016099731950348,2.060691862503619,2.036004104032364,0.03865991720519335,1.9578070405320467,2.1142011675326815,2.036004104032364,0.038744797666945295,1.9573479831102432,2.114660224954485,0,1,1,11.600227916931026,0.7098
1796,2689706,2.0,1.9861455744479184,0.011617486994583051,1.9633757183476732,2.008915430548164,1.9904036493032615,0.05148299659289173,1.8862694595585359,2.094537839047987,1.9904036493032615,0.052258340067875025,1.884313578814266,2.096493719792257,1,1,1,20.23423695086439,0.6742
1797,2690706,2.0,1.9596888849203382,0.011849831686912043,1.9364636415911292,1.9829141282495473,1.9638341702649802,0.0631334746200439,1.8361346644006462,2.0915336761293144,1.9638341702649802,0.06510947682714838,1.8316549051539543,2.096013435376006,0,1,1,30.1900649869381,0.7039
1798,2691706,2.0,1.9755738232904143,0.01170615334668909,1.9526301843334006,1.998517462247428,1.9757623443540357,0.05271664050133553,1.8691328742771423,2.0823918144309292,1.9757623443540357,0.05383099180233296,1.8664796211105403,2.085045067597531,0,1,1,21.146395236879634,0.7143
1799,2692706,2.0,2.0248857926168284,0.011494050491383826,2.0023578676172313,2.0474137176164255,2.0238800022393235,0.050460030269462317,1.921814957188502,2.125945047290145,2.0238800022393235,0.0512994589566771,1.9197365638964203,2.128023440582227,0,1,1,19.91954289966901,0.7552
1800,2693706,2.0,2.0629539469672533,0.011759141058341313,2.0399064540037783,2.0860014399307283,2.0515220272763313,0.05519783150132359,1.939873874692885,2.1631701798597778,2.0515220272763313,0.05239181577165694,1.9451609867028592,2.1578830678498035,0,1,1,19.850694263975583,0.7651
1801,2694706,2.0,2.0144035962549784,0.011674768002910932,1.9915214714414124,2.0372857210685447,2.017030987235834,0.040391835779969056,1.9353307877600747,2.0987311867115936,2.017030987235834,0.040394657154533525,1.9350254734874612,2.099036500984207,1,1,1,11.971576210423454,0.6944
1802,2695706,2.0,1.9639644927252315,0.01137790894872491,1.9416642009663547,1.9862647844841084,1.9613682455831745,0.03873360036568262,1.8830221438231756,2.0397143473431734,1.9613682455831745,0.03940801110637317,1.8813657297995487,2.0413707613668004,0,1,1,11.99621182402136,0.6852
1803,2696706,2.0,1.9722454550625477,0.011547076235094142,1.9496136015150247,1.9948773086100706,1.9743301040385517,0.0398376116686199,1.8937509286404837,2.0549092794366195,1.9743301040385517,0.03689041019731814,1.8994385898205688,2.0492216182565346,0,1,1,10.206642479633182,0.7649
1804,2697706,2.0,2.019956564022818,0.011338128346336797,1.997734240811905,2.0421788872337308,2.026024627892753,0.04214631258675894,1.9407756641104845,2.111273591675021,2.026024627892753,0.04211650702468286,1.940523573071733,2.111525682713773,1,1,1,13.798184667397583,0.7637
1805,2698706,2.0,2.0888162601137514,0.011684171214945544,2.0659157053432584,2.1117168148842445,2.0856555374295147,0.043249750348088464,1.9981746601065795,2.17313641475245,2.0856555374295147,0.043890352850758284,1.9965533841334853,2.174757690725544,0,1,1,14.110497300359679,0.7172
1806,2699706,2.0,1.9254276514951287,0.01142657230085546,1.903031981318709,1.9478233216715484,1.9153134503137796,0.04544268910827548,1.8233969356724173,2.0072299649551417,1.9153134503137796,0.04630874632574177,1.8213016972505573,2.009325203377002,0,1,1,16.424573610811247,0.7636
1807,2700706,2.0,1.9921884971103525,0.011540840031673332,1.9695688662969346,2.01480812792377,1.9889266517027535,0.04492046745310107,1.898066430061559,2.0797868733439477,1.9889266517027535,0.045994110207052186,1.895553643918597,2.0822996594869103,1,1,1,15.882892644555211,0.7165
1808,2701706,2.0,1.9411146175012408,0.011905737019080332,1.917779801734438,1.9644494332680436,1.9349572653175697,0.06066808279123376,1.8122444851197028,2.0576700455154366,1.9349572653175697,0.06205173062413024,1.8089855550158684,2.0609289756192712,0,1,1,27.16409409889836,0.7102
1809,2702706,2.0,2.0731010031349206,0.011910815739313409,2.0497562332593735,2.0964457730104678,2.069804973758744,0.0667307818123105,1.9348292273000292,2.2047807202174585,2.069804973758744,0.06865241825751547,1.930433155160603,2.2091767923568844,0,1,1,33.22222132330592,0.7751
1810,2703706,2.0,2.0546027703771452,0.011471431863818068,2.0321191770729565,2.077086363681334,2.046436565858372,0.04625538793046206,1.9528762126886485,2.139996919028096,2.046436565858372,0.04698996550446124,1.9510418643395553,2.141831267377189,0,1,1,16.77934457210488,0.7212
1811,2704706,2.0,1.9944810788995826,0.011942953459941771,1.9710733202490587,2.0178888375501063,1.9982683324213062,0.056656211693577437,1.8836703274650266,2.112866337377586,1.9982683324213062,0.05652440979617248,1.883517679954425,2.1130189848881873,1,1,1,22.400029629987685,0.7179
1812,2705706,2.0,1.9936541357434883,0.011857876930636866,1.9704131240263316,2.016895147460645,1.9853383458427867,0.05730901843986372,1.869419914608255,2.1012567770773183,1.9853383458427867,0.05741038927466206,1.8687890594123568,2.1018876322732165,1,1,1,23.440512674583744,0.7979
1813,2706706,2.0,1.9436913342114375,0.011662358034558598,1.9208335324888912,1.9665491359339837,1.948727822707837,0.042514003701734526,1.8627351334459294,2.034720511969745,1.948727822707837,0.041970047823867054,1.8635240958715584,2.0339315495441155,0,1,1,12.951086018652033,0.8413
1814,2707706,2.0,1.9535792537032821,0.011379407162750432,1.9312760254988741,1.9758824819076901,1.955057677645015,0.03965906476613291,1.874839647445408,2.035275707844622,1.955057677645015,0.040204661889925226,1.8734378747896534,2.0366774805003764,0,1,1,12.48284432044292,0.7025
1815,2708706,2.0,1.9647153534780017,0.01169899515692525,1.9417857443151196,1.9876449626408839,1.9578353085989795,0.050402738123617875,1.8558861478513469,2.059784469346612,1.9578353085989795,0.046366357310527545,1.8637065990187893,2.0519640181791696,0,1,1,15.707563821220274,0.6839
1816,2709706,2.0,2.0499225115339095,0.011663861177338915,2.02706176370565,2.072783259362169,2.0440438082606662,0.050001785828536774,1.9429056500796622,2.1451819664416703,2.0440438082606662,0.050911374209712826,1.9406882238394083,2.1473993926819244,0,1,1,19.052192259040787,0.7643
1817,2710706,2.0,1.9857353653701484,0.011615031014074637,1.9629703229032462,2.0085004078370505,1.9891706005768006,0.04619921132250009,1.89572387532192,2.082617325831681,1.9891706005768006,0.04730191248021283,1.8931426130293167,2.0851985881242845,1,1,1,16.585044947843613,0.7338
1818,2711706,2.0,2.043244765483182,0.011612770467722643,2.020484153605715,2.0660053773606486,2.041495954462722,0.04430165533242375,1.9518873984792304,2.131104510446214,2.041495954462722,0.042740084675959474,1.9547289697079657,2.1282629392174783,0,1,1,13.545625748879372,0.74
1819,2712706,2.0,1.9908365470729654,0.011684320415112016,1.9679356998755198,2.013737394270411,1.985462066593508,0.04925843611457971,1.885827475129337,2.0850966580576795,1.985462066593508,0.04981711202083217,1.8843279525174812,2.086596180669535,1,1,1,18.178170745949053,0.759
1820,2713706,2.0,2.0425288407543305,0.011704045188819531,2.019589333710815,2.065468347797846,2.047938416334828,0.04810517342897414,1.9506365188332486,2.145240313836408,2.047938416334828,0.04814719164004474,1.9501944208633848,2.1456824118062716,0,1,1,16.922711123972423,0.7079
1821,2714706,2.0,1.9737641704403652,0.011602471621502478,1.9510237439305724,1.996504596950158,1.9662682013765016,0.03924783019039192,1.8868819716192513,2.045654431133752,1.9662682013765016,0.03994195740793928,1.8851817169728067,2.0473546857801965,0,1,1,11.851072603241663,0.7391
1822,2715706,2.0,1.9170430444738997,0.011337969401688004,1.894821032788774,1.9392650561590254,1.9151724263251881,0.041413459299905406,1.8314057982319576,1.9989390544184187,1.9151724263251881,0.03767899790721055,1.8386799939452318,1.9916648587051444,0,0,0,11.044043962775937,0.6935
1823,2716706,2.0,1.9246845890681905,0.011690255740966016,1.9017721088458346,1.9475970692905464,1.9263963382541673,0.05080761971481406,1.8236282271883322,2.0291644493200023,1.9263963382541673,0.051166123641063495,1.8225235849926071,2.0302690915157275,0,1,1,19.156537219902376,0.7323
1824,2717706,2.0,2.0222098676125424,0.01153134525589107,1.999608846217699,2.0448108890073855,2.018827869345579,0.04249071074210408,1.9328822945416166,2.1047734441495414,2.018827869345579,0.042103437640149254,1.933353346785718,2.1043023919054398,1,1,1,13.33138166050727,0.7851
1825,2718706,2.0,1.9990722284370812,0.011693936333569523,1.9761525343857806,2.021991922488382,1.9994607563911373,0.046561154573058025,1.9052819318097847,2.0936395809724897,1.9994607563911373,0.04387298493604168,1.9103938618364713,2.0885276509458035,1,1,1,14.075794442538655,0.7454
1826,2719706,2.0,2.133300923145828,0.011600494465747981,2.110564371790106,2.15603747450155,2.137318359346568,0.04725038733371519,2.0417454299184423,2.232891288774694,2.137318359346568,0.043834763515064844,2.0483290584016562,2.22630766029148,0,0,0,14.278557453585643,0.7195
1827,2720706,2.0,1.9749883269834418,0.011354997780860084,1.952732940288424,1.9972437136784598,1.9764133795203875,0.03527104132332514,1.9050709644954564,2.047755794545319,1.9764133795203875,0.03550973284106849,1.9043247893496829,2.048501969691092,0,1,1,9.779591229858507,0.7005
1828,2721706,2.0,2.0055891082229884,0.01153346359418559,1.9829839349613807,2.028194281484596,2.0079987652857243,0.048274153104896064,1.9103550741279867,2.105642456443462,2.0079987652857243,0.04460737475469707,1.9174409801377796,2.098556550433669,1,1,1,14.958699275649108,0.7636
1829,2722706,2.0,1.9627273110404935,0.011628565473179912,1.9399357415211949,1.985518880559792,1.9614637453449364,0.05361358290905922,1.8530200380041442,2.0699074526857286,1.9614637453449364,0.05262377709074922,1.8546317982585276,2.068295692431345,0,1,1,20.47914156388129,0.7977
1830,2723706,2.0,2.024037971024998,0.011717350974794071,2.0010723851201866,2.0470035569298095,2.019811624897406,0.05427327839810331,1.9100335574809353,2.129589692313877,2.019811624897406,0.0540311013246108,1.910122657726216,2.129500592068596,0,1,1,21.263206768892836,0.7103
1831,2724706,2.0,2.007035437173363,0.011991959504064573,1.9835316284413336,2.030539245905392,2.0080218075884986,0.06745443523327974,1.8715823339259359,2.1444612812510613,2.0080218075884986,0.06734940637425375,1.871295243745172,2.144748371431825,1,1,1,31.54185549763202,0.8219
1832,2725706,2.0,1.991883568490291,0.011831577203796807,1.968694103290544,2.015073033690038,1.9921160131390303,0.0523033042561831,1.8863225945321287,2.097909431745932,1.9921160131390303,0.05367134482016449,1.8831573904997565,2.1010746357783043,1,1,1,20.57783453771359,0.7453
1833,2726706,2.0,2.053907852104179,0.011543668859892456,2.031282676889333,2.076533027319025,2.056482037057822,0.045493180616200946,1.96446339370184,2.1485006804138043,2.056482037057822,0.04673060085073284,1.961613873778847,2.151350200336797,0,1,1,16.38758698468516,0.6658
1834,2727706,2.0,1.98346126350136,0.01167477999789666,1.9605791151780538,2.006343411824666,1.9817668644810171,0.04521830399005447,1.890304211580872,2.0732295173811623,1.9817668644810171,0.04245693830319532,1.8955746974224648,2.0679590315395697,1,1,1,13.225129539453674,0.6711
1835,2728706,2.0,1.9854376163982819,0.011640415526648384,1.9626228212009702,2.0082524115955938,1.9779215645478074,0.05708739374783161,1.862451411565505,2.0933917175301096,1.9779215645478074,0.05812562465889822,1.8599202730932745,2.0959228560023404,1,1,1,24.934364232365645,0.7495
1836,2729706,2.0,1.9067126554950304,0.011602671094240269,1.8839718380258557,1.9294534729642052,1.9026624507440597,0.04521497670725877,1.8112065279086138,1.9941183735795056,1.9026624507440597,0.04191292953908454,1.8175746801905661,1.9877502212975533,0,0,0,13.049085356971315,0.6454
1837,2730706,2.0,2.064973805831978,0.011741661937117457,2.0419605713165834,2.087987040347373,2.064726155412619,0.05343914275238576,1.95663528659282,2.172817024232418,2.064726155412619,0.05354931086550878,1.9560152748722075,2.1734370359530306,0,1,1,20.799295646959,0.7333
1838,2731706,2.0,2.0430640116105026,0.01145155394057212,2.0206193783199633,2.065508644901042,2.0364644440363393,0.042110358958937645,1.9512882033306074,2.1216406847420712,2.0364644440363393,0.04296160939227986,1.9492477401986776,2.123681147874001,0,1,1,14.074476108321408,0.7776
1839,2732706,2.0,2.0528167333914777,0.011292057719057473,2.0306847069507774,2.074948759832178,2.0492763602400457,0.03881198388844952,1.9707717128402658,2.1277810076398254,2.0492763602400457,0.03769346005335084,1.9727545681425505,2.125798152337541,0,1,1,11.142581813491054,0.6192
1840,2733706,2.0,2.002654679558911,0.012430413273457924,1.9782915172299849,2.027017841887837,2.004349510897476,0.08087168998030951,1.8407710778862758,2.167927943908676,2.004349510897476,0.08301996383085805,1.8358100241213942,2.1728889976735575,1,1,1,44.60606818999218,0.7176
1841,2734706,2.0,1.9496203057684394,0.011747332349921326,1.9265959574481712,1.9726446540887075,1.9482924919653952,0.045332639784777924,1.8565985730914276,2.039986410839363,1.9482924919653952,0.04629595776471299,1.8543067010613083,2.042278282869482,0,1,1,15.531293784825015,0.765
1842,2735706,2.0,1.9809406337828759,0.011708559220656289,1.9579922793995352,2.0038889881662167,1.979998669886664,0.046925030885704426,1.8850838359917053,2.074913503781623,1.979998669886664,0.04650087269331054,1.8855968795614144,2.0744004602119137,1,1,1,15.773035949719757,0.7154
1843,2736706,2.0,2.029610263985315,0.011712239868249354,2.006654695665252,2.052565832305378,2.0389587827425766,0.05477989022797107,1.928155996177849,2.149761569307304,2.0389587827425766,0.05199398754301675,1.9334053764101486,2.1445121890750043,0,1,1,19.707264031076228,0.6769
1844,2737706,2.0,1.8785262811624164,0.011954572685355451,1.8550957492485534,1.9019568130762794,1.8731231334869667,0.06010325689905643,1.7515528214926084,1.994693445481325,1.8731231334869667,0.05898119753523058,1.7533849367529954,1.992861330220938,0,0,0,24.342156951177653,0.7432
1845,2738706,2.0,2.013941369829614,0.011635528620139056,1.9911361527930564,2.0367465868661716,2.0171539800438656,0.05233891757446835,1.9112885267014361,2.123019433386295,2.0171539800438656,0.05394296269798679,1.9076439437973702,2.126664016290361,1,1,1,21.49301557414392,0.6753
1846,2739706,2.0,1.9754264812988886,0.011659687357671158,1.952573914006856,1.9982790485909212,1.9830746946495523,0.050100200485618834,1.88173747403527,2.0844119152638347,1.9830746946495523,0.05049395836114672,1.8805665094518458,2.085582879847259,0,1,1,18.754479879198303,0.7187
1847,2740706,2.0,1.9191334642383158,0.011430785698010811,1.896729535955219,1.9415373925214126,1.9337331631461494,0.04672508059671746,1.8392227668851833,2.0282435594071155,1.9337331631461494,0.0409970927358279,1.8505046401479306,2.016961686144368,0,1,1,12.86334610507362,0.6758
1848,2741706,2.0,2.0694585940727155,0.011503160687141665,2.0469128134175407,2.0920043747278902,2.0681976446550054,0.040460548602226545,1.9863584603775757,2.150036828932435,2.0681976446550054,0.041222216854974375,1.9845120953976672,2.1518831939123437,0,1,1,12.84187133447355,0.639
1849,2742706,2.0,1.9589073731421218,0.01129999114057924,1.9367597974809647,1.981054948803279,1.9594935976726788,0.04419784721548831,1.8700950134247387,2.048892181920619,1.9594935976726788,0.043299737254216465,1.8715904577817373,2.0473967375636204,0,1,1,14.68298368041927,0.7627
1850,2743706,2.0,1.940398171616233,0.011603963170668589,1.9176548217237934,1.9631415215086727,1.9474014187038893,0.045637732361663075,1.8550903918448856,2.039712445562893,1.9474014187038893,0.04573565128432367,1.854553110427891,2.0402497269798876,0,1,1,15.534491876174481,0.7201
1851,2744706,2.0,2.1412276302649564,0.011582681460967107,2.1185259917570614,2.1639292687728515,2.1404885268755782,0.04742411425651879,2.044564201578132,2.2364128521730247,2.1404885268755782,0.04646827106308764,2.046152921378318,2.2348241323728386,0,0,0,16.095141623065302,0.7143
1852,2745706,2.0,2.023658388938221,0.011958238412306678,2.0002206723315563,2.0470961055448855,2.030963531095507,0.06162442533756427,1.9063163655127324,2.1556106966782815,2.030963531095507,0.06302112290690808,1.9030238498349537,2.1589032123560603,0,1,1,27.7739633972823,0.7035
1853,2746706,2.0,2.0181285152756554,0.011442015936392396,1.9957025761297928,2.040554454421518,2.0229089086692316,0.043577597837129445,1.9347648972070564,2.111052920131407,2.0229089086692316,0.04433926671987976,1.9328954117683972,2.112922405570066,1,1,1,15.016610505907366,0.6131
1854,2747706,2.0,1.9878440177693355,0.01188805972680449,1.9645438488587377,2.0111441866799336,1.9743609367130603,0.05522363684768862,1.862660587889833,2.0860612855362874,1.9743609367130603,0.056739571295395884,1.8591734831807516,2.089548390245369,1,1,1,22.779812414615275,0.7011
1855,2748706,2.0,2.1378982502313293,0.01178242793228474,2.1148051158336125,2.160991384629046,2.1427395361208976,0.05581698885346466,2.0298390195832017,2.2556400526585936,2.1427395361208976,0.0551503855704376,2.030778301128289,2.254700771113506,0,0,0,21.909250554245215,0.6961
1856,2749706,2.0,1.9549418128405631,0.01158011481173772,1.9322452048727183,1.977638420808408,1.9432467336358206,0.040328195687610605,1.8616752583970249,2.024818208874616,1.9432467336358206,0.040565347070408826,1.8608947009359569,2.0255987663356843,0,1,1,12.271132956212771,0.7482
1857,2750706,2.0,2.119887897429882,0.011954948552551019,2.0964566288298525,2.143319166029911,2.1237931360638105,0.05715214555915187,2.0081920101806947,2.2393942619469263,2.1237931360638105,0.05388009839466115,2.0144107211379003,2.2331755509897206,0,0,0,20.312404539651514,0.7325
1858,2751706,2.0,1.936748219859507,0.01166432568353049,1.9138865616158416,1.9596098781031723,1.9291432959489483,0.05275947804609095,1.8224271787592414,2.035859413138655,1.9291432959489483,0.05302753277189406,1.8214916812531714,2.0367949106447254,0,1,1,20.66729162576752,0.669
1859,2752706,2.0,2.0559748161895692,0.01154601695784409,2.033345038787306,2.0786045935918325,2.0505293241437865,0.046806867560599395,1.9558534981335989,2.145205150153974,2.0505293241437865,0.04454143313742986,1.9601054075958577,2.1409532406917156,0,1,1,14.882092205556221,0.7851
1860,2753706,2.0,1.9650264010544967,0.011759807243750472,1.9419776023916124,1.988075199717381,1.957748359369734,0.056811727447402045,1.8428357941102707,2.072660924629197,1.957748359369734,0.0565737414309549,1.8428975583599676,2.0725991603795,0,1,1,23.14351906843873,0.7813
1861,2754706,2.0,1.9899720470642435,0.011990209716686774,1.9664716678524552,2.013472426276032,1.9918059680044675,0.051258400205364034,1.8881260673334672,2.0954858686754676,1.9918059680044675,0.05103947538088185,1.8881903243800011,2.095421611628934,1,1,1,18.12002718856315,0.7372
1862,2755706,2.0,2.0317460584476343,0.011563105085790159,2.0090827889300336,2.054409327965235,2.0357873306488763,0.042963573765046094,1.948885300101988,2.1226893611957647,2.0357873306488763,0.042875669636431836,1.9487450937909134,2.122829567506839,0,1,1,13.749056189410457,0.8106
1863,2756706,2.0,1.9957242566456335,0.011533210570111016,1.9731195793020992,2.0183289339891677,1.9876698337795222,0.05038606212721787,1.8857544034183906,2.089585264140654,1.9876698337795222,0.05083313380786665,1.8844730858183616,2.090866581740683,1,1,1,19.42644469193211,0.6769
1864,2757706,2.0,1.9105232187004348,0.011726863405428023,1.8875389887741751,1.9335074486266945,1.9157536076967616,0.049929330622100795,1.814762004003925,2.016745211389598,1.9157536076967616,0.05008375691896566,1.8140781756990065,2.017429039694517,0,1,1,18.240219700806907,0.6306
1865,2758706,2.0,1.9512374670357968,0.011466098829529424,1.9287643262867422,1.9737106077848514,1.9626468259648817,0.0444854205891214,1.8726665696652496,2.052627082264514,1.9626468259648817,0.045636059699616226,1.8700006993545848,2.0552929525751784,0,1,1,15.84108475733172,0.6928
1866,2759706,2.0,1.9331510567850214,0.01170919275420318,1.9102014606987459,1.956100652871297,1.940028607044296,0.050066678327103945,1.8387591913956616,2.0412980226929305,1.940028607044296,0.05035592771707411,1.8378006389514627,2.0422565751371295,0,1,1,18.494700051868175,0.6569
1867,2760706,2.0,2.0275459141472396,0.011514765700995959,2.0049773880828705,2.0501144402116087,2.0256739269289135,0.04587604320515523,1.9328808708906318,2.118466982967195,2.0256739269289135,0.044652957930816695,1.9350236030137336,2.1163242508440936,0,1,1,15.038006042930597,0.7032
1868,2761706,2.0,1.9845230272229921,0.011696370556665175,1.9615985621820937,2.0074474922638905,1.9846655597988851,0.04337671916644986,1.8969278637999225,2.072403255797848,1.9846655597988851,0.04240373127071081,1.8985814087588182,2.0707497108389523,1,1,1,13.14334504604701,0.7595
1869,2762706,2.0,1.997016573250165,0.011824281502632582,1.973841407361942,2.020191739138388,1.9997729147076646,0.05700898453278748,1.8844613593326793,2.11508447008265,1.9997729147076646,0.058231223384172415,1.8815572464437396,2.1179885829715897,1,1,1,24.252823582088634,0.6213
1870,2763706,2.0,1.9893773635155494,0.011390615024746498,1.9670521683052855,2.0117025587258133,1.9941635987756248,0.04499232761466684,1.903158026238119,2.0851691713131304,1.9941635987756248,0.04493814391654556,1.9029343165297907,2.085392881021459,1,1,1,15.564526510059038,0.681
1871,2764706,2.0,1.9674932043567157,0.011173509866720017,1.9455935274370415,1.98939288127639,1.9754478908512971,0.02820081104583191,1.9184063664112205,2.0324894152913737,1.9754478908512971,0.026553645808339212,1.9215411239718363,2.029354657730758,0,1,1,5.647667008235185,0.6856
1872,2765706,2.0,1.994368447293957,0.011738175458769373,1.971362046150557,2.0173748484373566,1.993998232226668,0.04631878393862189,1.9003096485268731,2.087686815926463,1.993998232226668,0.04733675057846845,1.8978995195797104,2.090096944873626,1,1,1,16.262813861993852,0.6429
1873,2766706,2.0,2.037401376720351,0.011644635786221718,2.01457830996627,2.0602244434744317,2.031030887283514,0.047591261424530636,1.9347684749270202,2.127293299640008,2.031030887283514,0.04824581873275755,1.933086668169214,2.128975106397814,0,1,1,17.165938118566558,0.6613
1874,2767706,2.0,2.007753876818227,0.011765936859472104,1.9846930643292895,2.0308146893071646,2.010413473892863,0.052915653996171035,1.9033814610270008,2.117445486758725,2.010413473892863,0.05404795683917492,1.9006902882079215,2.1201366595778044,1,1,1,21.101121357480064,0.7447
1875,2768706,2.0,1.9607055131856013,0.01195938060139778,1.9372655579294547,1.9841454684417479,1.9579482807951367,0.06162139322819122,1.8333072482324597,2.082589313357814,1.9579482807951367,0.06177485679777029,1.8325386542434536,2.08335790734682,0,1,1,26.681246797363897,0.668
1876,2769706,2.0,1.9652332830524208,0.011923633752643012,1.9418633903323943,1.9886031757724474,1.974584086562235,0.056305858819049384,1.860694737184072,2.088473435940398,1.974584086562235,0.05791534692131966,1.8570096816098949,2.0921584915145752,0,1,1,23.592288418156155,0.5612
1877,2770706,2.0,1.958145795571351,0.01159491804348069,1.9354201738024353,1.9808714173402668,1.958190327058932,0.05343512400910763,1.8501075869146717,2.066273067203192,1.958190327058932,0.055026026777726014,1.846481553837355,2.069899100280509,0,1,1,22.521688315079864,0.6646
1878,2771706,2.0,2.021946519684918,0.011519441990730617,1.9993688282610875,2.0445242111087483,2.0229419466359144,0.04363745144721599,1.9346768698200856,2.111207023451743,2.0229419466359144,0.04382953954663025,1.9339632509107385,2.1119206423610906,1,1,1,14.476745252242537,0.6499
1879,2772706,2.0,1.9824813364505733,0.011790776577929587,1.959371839008073,2.005590833893074,1.9803976508372725,0.053819740839657376,1.8715369497221659,2.089258351952379,1.9803976508372725,0.054499017742841264,1.8697587628356744,2.0910365388388708,1,1,1,21.36448998092182,0.5558
1880,2773706,2.0,1.9248885023189013,0.011695560183641636,1.901965625579943,1.9478113790578595,1.9193431615486154,0.04425118961972225,1.8298366821039782,2.0088496409932524,1.9193431615486154,0.04466482213537291,1.8286687520177034,2.010017571079527,0,1,1,14.584419965821098,0.6476
1881,2774706,2.0,2.0044063137596084,0.01136439570812981,1.9821325074656124,2.026680120053604,2.0153469961873576,0.03699999813692611,1.94050743591442,2.0901865564602953,2.0153469961873576,0.036627174423916865,1.9409898789999558,2.0897041133747596,1,1,1,10.387574184332474,0.6837
1882,2775706,2.0,1.9490812451023276,0.011711522558313332,1.926127082683905,1.9720354075207502,1.9566203557360857,0.05311906417015549,1.8491769069582622,2.0640638045139093,1.9566203557360857,0.052815060085398574,1.8494000835256998,2.0638406279464716,0,1,1,20.33709127905258,0.5766
1883,2776706,2.0,2.0497232597065453,0.011580038450587107,2.0270268014038058,2.072419718009285,2.049159882149536,0.041855141287293,1.9644998679108727,2.133819896388199,2.049159882149536,0.040918556231288435,1.96609079673184,2.132228967567232,0,1,1,12.485921509651277,0.7218
1884,2777706,2.0,1.996817967850383,0.011435198049897864,1.9744053915165005,2.0192305441842655,1.9943584763675648,0.0379657119873754,1.9175655754579697,2.0711513772771597,1.9943584763675648,0.03755433811950033,1.918119116810973,2.0705978359241564,1,1,1,10.785315224615173,0.6549
1885,2778706,2.0,1.9799373974904726,0.011897585691260513,1.956618558032623,2.003256236948322,1.9780186146403094,0.062405448264075736,1.8517916810757395,2.104245548204879,1.9780186146403094,0.06403087410525647,1.8480290294664288,2.10800819981419,1,1,1,28.964176027690254,0.6669
1886,2779706,2.0,1.947911648215027,0.011538204816894554,1.925297182327667,1.9705261141023869,1.945962744713881,0.04817235125300983,1.8485249672375965,2.0434005221901654,1.945962744713881,0.04843731116733865,1.847629775289938,2.044295714137824,0,1,1,17.623151131949236,0.4852
1887,2780706,2.0,2.070602282629607,0.01134835183996964,2.0483599217393778,2.092844643519836,2.069219517548918,0.040985855137488376,1.986317800512378,2.1521212345854575,2.069219517548918,0.039166990334218464,1.9897062999457165,2.1487327351521195,0,1,1,11.911729362384142,0.5829
1888,2781706,2.0,2.0016622823527515,0.0119590508805019,1.9782229733376857,2.025101591367817,2.015575816154172,0.04847862468775094,1.9175185421823882,2.1136330901259557,2.015575816154172,0.048656719372544684,1.916797424393317,2.114354207915027,1,1,1,16.553590985720152,0.6559
1889,2782706,2.0,2.0575268526171455,0.01177246222143257,2.034453250653779,2.080600454580512,2.0608886677666653,0.050688502446389096,1.958361494118093,2.1634158414152376,2.0608886677666653,0.05082105934875136,1.957716432260684,2.1640609032726466,0,1,1,18.636004910006555,0.6701
1890,2783706,2.0,2.0386284646387516,0.011432049919036597,2.0162220585279758,2.0610348707495274,2.050328700742312,0.04740330285809305,1.9544464704714948,2.1462109310131297,2.050328700742312,0.04682919063983593,1.9552603895508345,2.14539701193379,0,1,1,16.77973428613981,0.6438
1891,2784706,2.0,1.9368653550525419,0.011406593013310626,1.9145088435601467,1.959221866544937,1.9357026419016703,0.05298099800515507,1.8285384583021573,2.042866825501183,1.9357026419016703,0.05201706392634502,1.8301023880204923,2.0413028957828483,0,1,1,20.79599851057959,0.6824
1892,2785706,2.0,2.010763844592095,0.011655599136855467,1.987919290065622,2.0336083991185676,2.01346635397897,0.044302235886343716,1.9238566237143357,2.1030760842436043,2.01346635397897,0.044475528424327414,1.9231762311116194,2.1037564768463204,1,1,1,14.560390688360059,0.74
1893,2786706,2.0,1.974362869970319,0.011904696483042675,1.9510300936166747,1.9976956463239635,1.9768904207426696,0.056649192873524046,1.8623066126899814,2.091474228795358,1.9768904207426696,0.0568041940383096,1.8615717760676265,2.0922090654177126,0,1,1,22.767961582709,0.6993
1894,2787706,2.0,2.0961622696116744,0.012063651918998913,2.072517946328409,2.11980659289494,2.0877190641596703,0.06688622466050766,1.9524289048633228,2.223009223456018,2.0877190641596703,0.06898317617917157,1.947675771282444,2.2277623570368967,0,1,1,32.698571331873225,0.6288
1895,2788706,2.0,1.9868011450865235,0.011764644235891812,1.9637428660932488,2.009859424079798,1.983629362186633,0.05167929295199946,1.879098125578704,2.088160598794562,1.983629362186633,0.05208591139171559,1.8778893405201664,2.0893693838530996,1,1,1,19.601212563956146,0.625
1896,2789706,2.0,2.002657223113605,0.011837743751535961,1.9794556717023806,2.0258587745248295,2.0104574520984326,0.048151539756370654,1.9130617698474326,2.1078531343494324,2.0104574520984326,0.047489395341777256,1.9140488541072758,2.1068660500895895,1,1,1,16.09368180930534,0.6585
1897,2790706,2.0,2.019945141083886,0.011361542114068035,1.9976769277314774,2.0422133544362944,2.0176352354278166,0.04676461164537426,1.9230448800736728,2.1122255907819607,2.0176352354278166,0.04379417592259727,1.9287283316761616,2.1065421391794716,1,1,1,14.857924664630888,0.6416
1898,2791706,2.0,1.9134610920864152,0.011782502560844734,1.8903678114194087,1.9365543727534218,1.9151376609152955,0.049348124180719766,1.8153216582141072,2.0149536636164838,1.9151376609152955,0.04656694708445712,1.8206017324447248,2.009673589385866,0,1,1,15.61997907136146,0.6758
1899,2792706,2.0,2.0307784917156178,0.011819331926226225,2.00761302681889,2.0539439566123456,2.031882652286686,0.05611792719103416,1.918373430506097,2.1453918740672746,2.031882652286686,0.055775181819518155,1.9186530134752777,2.145112291098094,0,1,1,22.268764930994198,0.7425
1900,2793706,2.0,1.9142964267859226,0.011390982738600322,1.8919705108697484,1.9366223427020968,1.922241796024501,0.039955796662757476,1.8414235689119065,2.003060023137096,1.922241796024501,0.03968187031772992,1.8416833164846755,2.0028002755643266,0,1,1,12.135617497360133,0.6374
1901,2794706,2.0,2.0272320875771657,0.011284002953053424,2.0051158481877374,2.049348326966594,2.025213751681738,0.033366709303703924,1.95772321174163,2.092704291621846,2.025213751681738,0.033574188736147634,1.9570545249439115,2.093372978419565,0,1,1,8.852881941158707,0.6262
1902,2795706,2.0,1.8324783928403123,0.011572419479932641,1.8097968674456546,1.85515991823497,1.8260698619839573,0.053038058062387275,1.718790263524784,1.9333494604431305,1.8260698619839573,0.04858353976427796,1.7274400327260309,1.9246996912418837,0,0,0,17.625034375577773,0.6372
1903,2796706,2.0,1.941571804618174,0.011713399096343306,1.918613964252797,1.964529644983551,1.9436068826373685,0.04611218432405153,1.850336186102048,2.036877579172689,1.9436068826373685,0.03966501002696503,1.8630826313074975,2.0241311339672396,0,1,1,11.466985289455737,0.5598
1904,2797706,2.0,1.958810450811328,0.011671750517707911,1.9359342401600836,1.9816866614625723,1.9695647929188662,0.05946970224997328,1.8492759661605556,2.089853619677177,1.9695647929188662,0.058887489283624445,1.8500168340494232,2.0891127517883095,0,1,1,25.455057620092983,0.5656
1905,2798706,2.0,2.0876995975845665,0.011853771833612192,2.064466631709731,2.110932563459402,2.0768346274763614,0.061330649589150806,1.9527816794324298,2.200887575520293,2.0768346274763614,0.06270685760213093,1.9495329387026101,2.2041363162501124,0,1,1,27.98446112609907,0.6923
1906,2799706,2.0,2.0143648723451117,0.011378038732558153,1.992064326214596,2.0366654184756277,2.0119131908697563,0.04684411302134891,1.917162028804298,2.1066643529352147,2.0119131908697563,0.046804754467266944,1.916894487745947,2.1069318939935657,1,1,1,16.921744249878138,0.6646
1907,2800706,2.0,1.956939633760494,0.011617295557982481,1.9341701528690913,1.9797091146518968,1.9531674633894855,0.0484535052804747,1.8551609982147161,2.0511739285642547,1.9531674633894855,0.04833515617935897,1.8550418796165504,2.051293047162421,0,1,1,17.310761602895713,0.5667
1908,2801706,2.0,2.082079016005552,0.011676662220449151,2.0591931785938318,2.104964853417272,2.090207513131273,0.046530748349533455,1.9960901909421562,2.18432483532039,2.090207513131273,0.04556572700654764,1.9977041694787898,2.182710856783756,0,1,1,15.227870445902676,0.6838
1909,2802706,2.0,2.030502847973696,0.011556900072474015,2.0078517400587184,2.0531539558886736,2.03808616933801,0.045450857911839906,1.9461531317318506,2.1300192069441697,2.03808616933801,0.04344890762592862,1.9498801974927957,2.1262921411832245,0,1,1,14.134322876639864,0.5972
1910,2803706,2.0,2.0256071248348833,0.011582572050202796,2.0029057007681454,2.048308548901621,2.0231877357180013,0.049557207837200155,1.922948821403322,2.1234266500326804,2.0231877357180013,0.04850175429022193,1.9247239397993716,2.1216515316366307,0,1,1,17.534963791222903,0.6598
1911,2804706,2.0,1.9999365258568154,0.011790839304059225,1.97682690547336,2.023046146240271,2.003323682088695,0.04978743309870017,1.9026190932280163,2.104028270949373,2.003323682088695,0.05054221497066275,1.9007175307654192,2.1059298334119703,1,1,1,18.374651052320868,0.661
1912,2805706,2.0,2.1116471689784704,0.011745458238471276,2.0886264938491474,2.1346678441077933,2.1078755575800696,0.04993643206350844,2.0068695898661786,2.2088815252939606,2.1078755575800696,0.05088690669563732,2.0045696448531207,2.2111814703070185,0,0,0,18.770341480210888,0.629
1913,2806706,2.0,1.970077641424438,0.011688374196090224,1.947168848962274,1.9929864338866021,1.9741306791252358,0.04964211787504088,1.873720018047996,2.0745413402024755,1.9741306791252358,0.049353333505691266,1.8739380854897487,2.074323272760723,0,1,1,17.828909071219552,0.6338
1914,2807706,2.0,1.9648756749139977,0.011437397488824283,1.9424587877590334,1.987292562068962,1.9571756200281245,0.038930337951647714,1.8784315789393642,2.035919661116885,1.9571756200281245,0.0397600996484851,1.8764583265037111,2.037892913552538,0,1,1,12.084828711358291,0.6704
1915,2808706,2.0,1.9813857786156999,0.011870082352128908,1.9581208447120027,2.004650712519397,1.9752575713773926,0.055638610069446495,1.8627178599864573,2.087797282768328,1.9752575713773926,0.0573033954481038,1.8589254939625324,2.0915896487922527,1,1,1,23.305222237627227,0.6614
1916,2809706,2.0,2.00700714671743,0.01176525277582077,1.9839476750078113,2.0300666184270484,2.009216766136483,0.05372237432700474,1.9005530073824346,2.1178805248905315,2.009216766136483,0.05144293546780479,1.9047820549908219,2.1136514772821444,1,1,1,19.118286274447605,0.5909
1917,2810706,2.0,2.0452523532993774,0.0119617724476179,2.021807710110783,2.068696996487972,2.0529578225212473,0.07328440129736603,1.9047261294367348,2.2011895156057597,2.0529578225212473,0.07423007481427328,1.902262759126175,2.2036528859163194,0,1,1,38.50957481983323,0.5761
1918,2811706,2.0,1.966796356604757,0.011628186707539264,1.9440055294524727,1.9895871837570414,1.9587241140284166,0.051085787294882314,1.855393355924129,2.0620548721327046,1.9587241140284166,0.05240377241649762,1.8523388001754582,2.065109427881375,0,1,1,20.309587887192052,0.5955
1919,2812706,2.0,2.051009009010298,0.01198499672098515,2.0275188470823364,2.0744991709382594,2.0407960223998023,0.06358438747567612,1.912184459196653,2.1694075856029515,2.0407960223998023,0.06511581007765746,1.9086039001067063,2.1729881446928982,0,1,1,29.518688390934333,0.6329
1920,2813706,2.0,1.9425620795725886,0.011580054059978908,1.9198655906760032,1.9652585684691741,1.9553155532790905,0.05352998588001787,1.8470409368898824,2.0635901696682986,1.9553155532790905,0.05511659069381382,1.84342292553345,2.067208181024731,0,1,1,22.65392811638274,0.5565
1921,2814706,2.0,1.979983088300164,0.01151525531670864,1.9574136026066316,2.0025525739936962,1.9862246338863114,0.04764304104114068,1.8898574873694574,2.0825917804031655,1.9862246338863114,0.04707572955876792,1.8906558220808878,2.0817934456917353,1,1,1,16.712713769165532,0.724
1922,2815706,2.0,1.9884527347861591,0.011708177421141983,1.9655051287161158,2.0114003408562025,1.9776374627928623,0.052405714816846305,1.8716368992747914,2.083638026310933,1.9776374627928623,0.05261658278195622,1.8708201209297726,2.084454804655952,1,1,1,20.196061679554205,0.6771
1923,2816706,2.0,1.9497398788969906,0.011717036920117904,1.9267749085280335,1.9727048492659478,1.9475092099903504,0.04845514551032188,1.8494994271375622,2.0455189928431383,1.9475092099903504,0.04703501494062084,1.8520230532540227,2.0429953667266783,0,1,1,16.114134189153624,0.6058
1924,2817706,2.0,1.9985973045414707,0.01160788555824381,1.9758462669106502,2.021348342172291,2.0022985488527727,0.047930630291759535,1.9053496981699918,2.0992473995355536,2.0022985488527727,0.047933783075697414,1.9049877957997672,2.099609301905778,1,1,1,17.052072748200032,0.5873
1925,2818706,2.0,2.0478756652707113,0.011488106307288996,2.0253593906578575,2.070391939883565,2.0517229668850034,0.04448168378443815,1.961750268986274,2.141695664783733,2.0517229668850034,0.045130395891081865,1.9601033923814415,2.1433425413885656,0,1,1,15.432681560226973,0.6461
1926,2819706,2.0,1.9573136474763684,0.01141996606481628,1.934930925284659,1.9796963696680778,1.9580875648253704,0.04589159846804814,1.8652630452980765,2.0509120843526643,1.9580875648253704,0.0445622172547791,1.8676214542760292,2.048553675374712,0,1,1,15.226635672348154,0.6079
1927,2820706,2.0,2.045793446303944,0.011570336333206171,2.023116003801845,2.0684708888060435,2.047642459317451,0.04385213215264429,1.9589431497880452,2.1363417688468567,2.047642459317451,0.04389741686922848,1.95852596530152,2.136758953333382,0,1,1,14.39414798129855,0.6402
1928,2821706,2.0,1.9178125946015523,0.011402672237895031,1.8954637676877633,1.9401614215153413,1.9093642138195914,0.043694342930498085,1.8209840631171006,1.9977443645220823,1.9093642138195914,0.04475923672100206,1.8184981324898513,2.0002302951493314,0,0,1,15.408205491790039,0.584
1929,2822706,2.0,1.9887042739191445,0.011448060305948698,1.9662664880266425,2.0111420598116467,1.9789136492927681,0.04179498213466814,1.8943753184258763,2.06345198015966,1.9789136492927681,0.03832614497784622,1.9011074385139706,2.0567198600715657,1,1,1,11.207957078389937,0.6461
1930,2823706,2.0,1.9904904646358212,0.011372164953400233,1.9682014309009082,2.012779498370734,1.9996857145154725,0.04445459569958074,1.9097678074400253,2.0896036215909195,1.9996857145154725,0.04571247453648266,1.9068844575390171,2.092486971491928,1,1,1,16.15783473693282,0.6348
1931,2824706,2.0,1.9942758631708506,0.011857020540083224,1.971036529948336,2.0175151963933655,2.0007961845245665,0.05055964321103626,1.8985296532813052,2.1030627157678277,2.0007961845245665,0.04863066324513741,1.9020706895145405,2.0995216795345923,1,1,1,16.821675115191145,0.6126
1932,2825706,2.0,1.991117416498319,0.01166815994946515,1.9682482432315145,2.0139865897651235,1.9824224497952474,0.0472771136189361,1.8867954613526792,2.078049438237816,1.9824224497952474,0.04822056318930292,1.8845295021599469,2.0803153974305477,1,1,1,17.07889659196765,0.5787
1933,2826706,2.0,1.9252420346680426,0.011380104701884408,1.9029374393120542,1.947546630024031,1.9264099610107692,0.04446609429307352,1.836468795834671,2.0163511261868674,1.9264099610107692,0.04135197875971978,1.8424609810818224,2.010358940939716,0,1,1,13.203834636236582,0.6198
1934,2827706,2.0,1.996988536186514,0.011817039545296856,1.9738275642738468,2.0201495080991814,1.9963285923432879,0.04485567553164635,1.9055994247333117,2.087057759953264,1.9963285923432879,0.043024728480916506,1.9089837499433608,2.083673434743215,1,1,1,13.256195452169814,0.5581
1935,2828706,2.0,1.9684140197358428,0.011858592824713,1.9451716048920802,1.9916564345796055,1.972020624693473,0.05781902201609908,1.855070613856104,2.0889706355308424,1.972020624693473,0.059168782609382714,1.8519016100132442,2.092139639373702,0,1,1,24.895391067993508,0.6672
1936,2829706,2.0,1.9434884673804236,0.01192677435517175,1.920112419192551,1.9668645155682962,1.9397515264423009,0.0681353989938646,1.8019346735643291,2.0775683793202724,1.9397515264423009,0.07015103768134544,1.797337348670413,2.0821657042141886,0,1,1,34.595705654745004,0.6245
1937,2830706,2.0,1.9947832310725842,0.011536029800940017,1.9721730281381609,2.0173934340070074,1.9964843699015657,0.03658248100629228,1.9224893177377211,2.0704794220654104,1.9964843699015657,0.03526520170195285,1.9248922043350838,2.0680765354680477,1,1,1,9.345015063383377,0.6236
1938,2831706,2.0,1.9895246877517567,0.011424316184053925,1.967133439483013,2.0119159360205003,1.9852307599646313,0.03880086689103431,1.9067485988145811,2.063712921114681,1.9852307599646313,0.0394599905872333,1.905122720224805,2.0653387997044574,1,1,1,11.930359375433715,0.5763
1939,2832706,2.0,1.9531090324638298,0.011690987508200832,1.9301951180040486,1.976022946923611,1.9485769386274647,0.04557654381922816,1.8563896772776545,2.040764199977275,1.9485769386274647,0.04430393699776763,1.858635164875593,2.0385187123793367,0,1,1,14.360919530298371,0.6234
1940,2833706,2.0,2.040669717186657,0.011549562730358108,2.0180329901979692,2.063306444175345,2.036261754669268,0.050184046508844955,1.934754939465125,2.137768569873411,2.036261754669268,0.05113817690211854,1.9324457363040086,2.1400777730345273,0,1,1,19.60466376893481,0.5703
1941,2834706,2.0,2.0968234771030287,0.011444589618830898,2.074392493632279,2.1192544605737784,2.1059294089415292,0.04194204702476923,2.0210936112567737,2.190765206626285,2.1059294089415292,0.03963283682388335,2.0254704726863118,2.1863883451967467,0,0,0,11.992503938991499,0.6446
1942,2835706,2.0,2.040922688794125,0.011800409445652556,2.01779431127782,2.06405106631043,2.0353278599294207,0.05972879553840281,1.914514967529161,2.15614075232968,2.0353278599294207,0.06117276257635263,1.9111405496301914,2.15951517022865,0,1,1,26.87336398751166,0.6611
1943,2836706,2.0,2.055761645751775,0.011612661795489306,2.033001246867972,2.0785220446355783,2.054859121053301,0.05849913114985619,1.9365334596464474,2.173184782460155,2.054859121053301,0.05981495692719188,1.9334283027674561,2.176289939339146,0,1,1,26.53114742244342,0.609
1944,2837706,2.0,2.06240129080859,0.011394275866037158,2.0400689204812434,2.0847336611359366,2.070891005438764,0.04625290820745653,1.977335667982248,2.16444634289528,2.070891005438764,0.04752512977010442,1.9744098627013489,2.1673721481761796,0,1,1,17.396951910284436,0.6485
1945,2838706,2.0,2.000723253195905,0.011508378288609303,1.978167246229768,2.0232792601620417,2.0078223304585308,0.04641418250968249,1.913940784935267,2.1017038759817948,2.0078223304585308,0.047131128210987416,1.9121410534100218,2.1035036075070397,1,1,1,16.772098865472724,0.6269
1946,2839706,2.0,1.9820957354091426,0.011450714312965574,1.9596527477584729,2.0045387230598126,1.9848165343267097,0.0452403250142807,1.8933093397008123,2.076323728952607,1.9848165343267097,0.043678400978885715,1.8961446662061763,2.073488402447243,1,1,1,14.550177885469953,0.6566
1947,2840706,2.0,1.9165415203989793,0.011958874993760806,1.8931025561155914,1.9399804846823672,1.9277425042776046,0.059832594639047,1.8067196583789642,2.0487653501762453,1.9277425042776046,0.06099607159637077,1.8039138957376868,2.0515711128175225,0,1,1,26.014954975230577,0.5843
1948,2841706,2.0,1.950220231933159,0.011702250330678909,1.9272842427469563,1.9731562211193616,1.9561927279270592,0.050309212939360984,1.8544327397204179,2.0579527161337006,1.9561927279270592,0.05130607683474699,1.852035854577418,2.0603496012767004,0,1,1,19.22201209115767,0.6643
1949,2842706,2.0,2.014150082728579,0.011584332684965056,1.9914452078811173,2.0368549575760406,2.011167476803706,0.03742466373705511,1.9354689492773354,2.086866004330076,2.011167476803706,0.03808359811540832,1.9338536623333156,2.088481291274096,1,1,1,10.807715512823828,0.6768
1950,2843706,2.0,1.9926802693069068,0.011801724489609108,1.9695493143518086,2.0158112242620048,1.997986047255943,0.05055466687592085,1.8957295816005346,2.1002425129113513,1.997986047255943,0.05030649550607245,1.895858431886575,2.100113662625311,1,1,1,18.170094444018606,0.5828
1951,2844706,2.0,2.061612791653769,0.011494197241175065,2.039084579029866,2.084141004277672,2.0584806169982617,0.0532112117866162,1.95085078207332,2.1661104519232035,2.0584806169982617,0.05432435866595405,1.948196305773393,2.1687649282231303,0,1,1,22.337364189628293,0.6384
1952,2845706,2.0,1.9466160908410524,0.01168448579662342,1.9237149195018006,1.969517262180304,1.951617252279921,0.05666518424837356,1.837001098618526,2.0662334059413165,1.951617252279921,0.05750433005166086,1.83487725593332,2.0683572486265223,0,1,1,24.22043206700168,0.6485
1953,2846706,2.0,1.9278014353567885,0.011913774390868563,1.9044508666307505,1.9511520040828265,1.925528403968639,0.05179622228215485,1.8207606554663185,2.0302961524709593,1.925528403968639,0.052525298096581796,1.8188963798690556,2.0321604280682224,0,1,1,19.43740609836272,0.6646
1954,2847706,2.0,1.8517845026946018,0.011392888654087514,1.8294548512527153,1.8741141541364883,1.8512307153153362,0.04341600026808484,1.7634135657887675,1.939047864841905,1.8512307153153362,0.040898272965610646,1.7682028071161033,1.9342586235145691,0,0,0,12.886715258245749,0.6839
1955,2848706,2.0,2.008896591697877,0.011746521535737563,1.9858738325442071,2.0319193508515467,2.000390098416506,0.04335658958403332,1.9126931183411213,2.0880870784918906,2.000390098416506,0.04307250978153598,1.9129482548193693,2.0878319420136426,1,1,1,13.445649877321587,0.6496
1956,2849706,2.0,2.023333678441997,0.01153862496188834,2.0007183890855806,2.045948967798413,2.0192458627002186,0.038690395710475986,1.9409871506040095,2.0975045747964276,2.0192458627002186,0.03697619179554592,1.9441802025795756,2.0943115228208615,0,1,1,10.269191344888982,0.6334
1957,2850706,2.0,1.9785528791359972,0.011473125722496478,1.956065965929804,2.0010397923421905,1.9789913595375388,0.04823701746923637,1.8814227822928598,2.0765599367822176,1.9789913595375388,0.049411206332690735,1.8786812778171298,2.0793014412579476,1,1,1,18.547586650077918,0.6722
1958,2851706,2.0,1.9837717124735372,0.011427846707558038,1.9613735445058789,2.006169880441196,1.9846794065508968,0.04226154454864887,1.8991973641256157,2.0701614489761777,1.9846794065508968,0.04294163859444183,1.8975032455882594,2.071855567513534,1,1,1,14.119795692559872,0.5901
1959,2852706,2.0,1.973728737666983,0.01159942588880107,1.9509942806835914,1.9964631946503746,1.9692685622580608,0.047247813095725816,1.8737008397177422,2.064836284798379,1.9692685622580608,0.04552237194227591,1.8768532340652855,2.061683890450836,0,1,1,15.401987864897732,0.6658
1960,2853706,2.0,2.047791366273104,0.011827823135482222,2.024609258912049,2.070973473634159,2.0513438824634576,0.056783456635003844,1.9364885003195342,2.166199264607381,2.0513438824634576,0.05821822046545512,1.9331546115279108,2.1695331533990045,0,1,1,24.227478074318103,0.5553
1961,2854706,2.0,1.9771537707414786,0.011621907617439742,1.954375250379645,1.9999322911033122,1.9779774734384616,0.051566182043801784,1.8736750252375012,2.0822799216394223,1.9779774734384616,0.051275084670521255,1.873883517527129,2.0820714293497944,0,1,1,19.46515805819404,0.6287
1962,2855706,2.0,2.0281710064398237,0.011724906078362537,2.0051906128041184,2.051151400075529,2.0240687677770524,0.05441639024574049,1.9140012293258162,2.1341363062282888,2.0240687677770524,0.055385132022201716,1.9116309721515887,2.136506563402516,0,1,1,22.31349734586596,0.6916
1963,2856706,2.0,1.9260319287061431,0.011814283851885423,1.9028763578533145,1.9491874995589717,1.9244011282845985,0.051417508884320874,1.8203993999333732,2.028402856635824,1.9244011282845985,0.051341547580858196,1.8201722454920561,2.028630011077141,0,1,1,18.885266104219948,0.6421
1964,2857706,2.0,1.995544360406384,0.01196152342327438,1.972100205296534,2.018988515516234,1.9877058151388558,0.05252590284065949,1.8814621483963208,2.0939494818813906,1.9877058151388558,0.052761251213477564,1.880594780745967,2.0948168495317447,1,1,1,19.456162377663592,0.5831
1965,2858706,2.0,2.0039350312771997,0.01135115787907688,1.981687170651381,2.0261828919030185,2.0081510191417005,0.03684706129694562,1.9336208028263306,2.0826812354570703,2.0081510191417005,0.03696567725647148,1.9331067046701944,2.0831953336132067,1,1,1,10.605154662140393,0.6523
1966,2859706,2.0,2.0195412729024658,0.011650248400003647,1.9967072056275132,2.0423753401774185,2.0034004285876383,0.04154761562014539,1.9193624437235928,2.0874384134516837,2.0034004285876383,0.04285383158924045,1.9164025253224164,2.0903983318528603,1,1,1,13.530347371886641,0.618
1967,2860706,2.0,1.9170395716331738,0.011701774466469732,1.8941045151236828,1.9399746281426649,1.9155681800577657,0.052161878466363394,1.8100608221117915,2.02107553800374,1.9155681800577657,0.047436839015056596,1.8192662770821642,2.0118700830333673,0,1,1,16.4334230910419,0.6339
1968,2861706,2.0,1.98105623209169,0.011708947802104304,1.9581071161027062,2.004005348080674,1.9858073251344144,0.04226455992625322,1.9003191835322324,2.071295466736596,1.9858073251344144,0.04061597262398661,1.9033525170968604,2.0682621331719684,1,1,1,12.0325583240672,0.5815
1969,2862706,2.0,2.0692509395298355,0.011537983980537759,2.0466369064737813,2.0918649725858898,2.0666954864658473,0.04008800495882717,1.985609842833239,2.1477811300984557,2.0666954864658473,0.040207086199009534,1.9850707620013932,2.1483202109303017,0,1,1,12.14354086702498,0.6481
1970,2863706,2.0,1.9624290810828275,0.011807332672531905,1.939287134291182,1.9855710278744731,1.964135251240168,0.048246703610562984,1.8665470819253773,2.0617234205549586,1.964135251240168,0.047798190766670884,1.8670997652087271,2.061170737271609,0,1,1,16.38774951028982,0.5976
1971,2864706,2.0,2.0057103414742516,0.011485203644691421,1.9831997559755483,2.028220926972955,1.9993308506079548,0.04938287385120191,1.899444560063808,2.0992171411521015,1.9993308506079548,0.049823642530001135,1.8981834788934886,2.100478222322421,1,1,1,18.818870327523808,0.6325
1972,2865706,2.0,1.944357713072819,0.011449739846264104,1.921916635341788,1.9667987908038498,1.953090153032516,0.04500018297832932,1.8620686915222564,2.0441116145427753,1.953090153032516,0.04233634227250535,1.8671428089319828,2.0390374971330494,0,1,1,13.672106389612717,0.5889
1973,2866706,2.0,1.9932034642353107,0.011912577034102596,1.9698552422854105,2.0165516861852106,1.9935796706804334,0.05757489716394859,1.8771234489648643,2.1100358923960023,1.9935796706804334,0.05872898669540171,1.8743534891719895,2.1128058521888775,1,1,1,24.30488503299231,0.6652
1974,2867706,2.0,2.014936405380442,0.011595568678732899,1.992209508389865,2.0376633023710196,2.0073973850299276,0.04318059907056205,1.920056379368154,2.094738390691701,2.0073973850299276,0.043353978319872935,1.9193841299215602,2.095410640138295,1,1,1,13.978926042403533,0.6349
1975,2868706,2.0,1.9918575306542785,0.011609667620060365,1.9691030002464793,2.0146120610620777,1.996533113631323,0.04729010135221004,1.9008798550185895,2.0921863722440563,1.996533113631323,0.047610518000756996,1.8998786235698806,2.0931876036927655,1,1,1,16.817686044106672,0.6656
1976,2869706,2.0,1.932994194742106,0.011598247070798554,1.9102620481995438,1.9557263412846684,1.934455703456242,0.04235525567570891,1.84878411238515,2.0201272945273336,1.934455703456242,0.03986686909975009,1.8535216564223207,2.0153897504901632,0,1,1,11.815158396779703,0.5973
1977,2870706,2.0,1.9402945407719412,0.011417386319950774,1.9179168747872575,1.962672206756625,1.9365356000785903,0.04662094601029869,1.842235835900035,2.0308353642571455,1.9365356000785903,0.04728101360753869,1.8405500394982137,2.032521160658967,0,1,1,17.149053863485687,0.7043
1978,2871706,2.0,2.019575850335671,0.011304891292809267,1.9974186705526242,2.0417330301187175,2.021109718234291,0.03958483494263251,1.9410418320246745,2.1011776044439077,2.021109718234291,0.039785732413170766,1.9403403874310665,2.1018790490375157,1,1,1,12.385739273682127,0.5754
1979,2872706,2.0,1.9640995225937643,0.011755273515414225,1.941059609875135,1.9871394353123937,1.9644063184345166,0.049331924349593236,1.864623082984654,2.064189553884379,1.9644063184345166,0.05042911230834681,1.8620297777227148,2.0667828591463184,0,1,1,18.40336204035318,0.6146
1980,2873706,2.0,2.038118079610376,0.011623890887660552,2.015335672110338,2.060900487110414,2.0430399922163716,0.05194678561729973,1.9379677006231633,2.14811228380958,2.0430399922163716,0.05347755587475469,1.9344747820515813,2.1516052023811616,0,1,1,21.166061372010823,0.6083
1981,2874706,2.0,1.9916865144202862,0.011787773499525391,1.9685829029033008,2.014790125937272,1.9959479030560412,0.049459187999224406,1.8959072525776188,2.0959885535344633,1.9959479030560412,0.050105810259041914,1.8942277003977528,2.0976681057143294,1,1,1,18.06810535515582,0.5758
1982,2875706,2.0,1.9138876941881775,0.011643162241340429,1.8910675155289935,1.9367078728473615,1.90307530990257,0.05124262937898932,1.7994273087388792,2.0067233110662603,1.90307530990257,0.05178281209697775,1.7979506125173976,2.0082000072877424,0,1,1,19.780140148940223,0.5819
1983,2876706,2.0,1.973286040703527,0.011390164481213676,1.9509617285423608,1.9956103528646933,1.9773264427490667,0.031479376503217554,1.91365339372759,2.040999491770543,1.9773264427490667,0.0316203118800579,1.9131337969076125,2.041519088590521,0,1,1,7.706768385245627,0.627
1984,2877706,2.0,1.9241854778716898,0.011837554104465034,1.900984298161894,1.9473866575814855,1.9241362389343342,0.055485871474567246,1.8119054705124003,2.036367007356268,1.9241362389343342,0.05630572732967751,1.809829535476454,2.0384429423922144,0,1,1,22.62461469259078,0.6203
1985,2878706,2.0,2.0062072705203486,0.011606688443079518,1.9834585791921355,2.028955961848562,1.9999727435334738,0.038763968792535665,1.9215652158322236,2.078380271234724,1.9999727435334738,0.03732947426470307,1.9241898818712828,2.0757556051956647,1,1,1,10.343966211808853,0.648
1986,2879706,2.0,1.9666012465664364,0.011959144902672601,1.9431617532713024,1.9900407398615705,1.9735128458678037,0.053891929769288666,1.8645061288602047,2.0825195628754027,1.9735128458678037,0.054595107724082055,1.8626788848334632,2.0843468069021442,0,1,1,20.84045509372954,0.5189
1987,2880706,2.0,1.9153108107690937,0.01154741046430456,1.8926783021443558,1.9379433193938316,1.8981321515900427,0.041200117237305045,1.8147970485496958,1.9814672546303895,1.8981321515900427,0.041349840463040986,1.8141875126341365,1.9820767905459489,0,0,0,12.8226701173948,0.5995
1988,2881706,2.0,2.03691243249414,0.011649003067229597,2.0140808060265734,2.059744058961707,2.0358616813988273,0.04297566932333469,1.948935185276016,2.1227881775216386,2.0358616813988273,0.043166615242738925,1.948228793558811,2.1234945692388436,0,1,1,13.731515561805715,0.6668
1989,2882706,2.0,1.9358740414648676,0.011570531341472609,1.9131962167535894,1.9585518661761459,1.9381999834142645,0.0445583866037902,1.8480721394192905,2.0283278274092384,1.9381999834142645,0.044925174383709215,1.846997030719867,2.029402936108662,0,1,1,15.07554207053038,0.5923
1990,2883706,2.0,1.9864793764379765,0.011557687958405383,1.9638267242949496,2.0091320285810035,1.9852459077742322,0.04181618372545645,1.9006646926421624,2.0698271229063017,1.9852459077742322,0.042345369758932154,1.8992802369019317,2.071211578646533,1,1,1,13.423628640561803,0.6238
1991,2884706,2.0,1.9453355102356498,0.01152354105858006,1.9227497847864643,1.9679212356848352,1.9455497620777886,0.04400326873753514,1.8565447499504388,2.034554774205138,1.9455497620777886,0.04028518265521365,1.8637664933784261,2.027333030777151,0,1,1,12.221338330202112,0.6217
1992,2885706,2.0,2.0619741166823986,0.011473648996442784,2.039486177878117,2.0844620554866804,2.0581989388723625,0.04744081474862031,1.962240833641182,2.1541570441035427,2.0581989388723625,0.04605694441616044,1.9646983708621297,2.1516995068825953,0,1,1,16.113397631513116,0.62
1993,2886706,2.0,1.9873983728927338,0.011300358121280928,1.9652500779626185,2.0095466678228493,1.9916779171778825,0.04009308516835231,1.9105819978515957,2.0727738365041692,1.9916779171778825,0.03859496631668963,1.913325970067816,2.070029864287949,1,1,1,11.664789835039524,0.507
1994,2887706,2.0,2.078653734417885,0.011594284707588522,2.055929353964508,2.101378114871262,2.0721671531170585,0.04871523842543589,1.9736312826865035,2.1707030235476137,2.0721671531170585,0.04752366277609585,1.9756889885358107,2.1686453176983065,0,1,1,16.800874577865187,0.6229
1995,2888706,2.0,1.9886489962375888,0.011665956848538666,1.9657841409692547,2.011513851505923,1.988598506309674,0.04554254595507415,1.8964800121309886,2.0807170004883595,1.988598506309674,0.04226354224836553,1.9027989541153238,2.0743980585040243,1,1,1,13.124750506060822,0.594
1996,2889706,2.0,2.0255228227985964,0.01146146926728293,2.003058755824809,2.0479868897723836,2.023106816780984,0.04382886939330258,1.9344545606236738,2.1117590729382942,2.023106816780984,0.04428874309639669,1.9331958882887466,2.1130177452732215,0,1,1,14.931592262678985,0.5392
1997,2890706,2.0,2.013412484460826,0.011701859211316206,1.990477261854488,2.036347707067164,2.0090063685278357,0.05787903732851388,1.891934965262982,2.1260777717926893,2.0090063685278357,0.05886953164075575,1.889494865611553,2.128517871444118,1,1,1,25.30879242687662,0.6398
1998,2891706,2.0,2.000502875227866,0.011766763654826493,1.9774404422498113,2.023565308205921,2.000930389017435,0.05457652364832767,1.890538950186791,2.1113218278480788,2.000930389017435,0.0559036474174404,1.8874399511771776,2.1144208268576925,1,1,1,22.571801777733622,0.6208
1999,2892706,2.0,1.9833032501642656,0.011569972525089334,1.9606265207129725,2.0059799796155584,1.986341935355369,0.039011962070681645,1.907432793902183,2.0652510768085555,1.986341935355369,0.039637859191454586,1.9058728031519263,2.066811067558812,1,1,1,11.736962738364307,0.5644
