rep,seed,true_att,att_naive,se_naive,ci_lo_naive,ci_hi_naive,att_cluster_psu,se_cluster_psu,ci_lo_cluster_psu,ci_hi_cluster_psu,att_survey,se_survey,ci_lo_survey,ci_hi_survey,covers_naive,covers_cluster_psu,covers_survey,deff_ratio,elapsed_s
0,274694,2.0,0.3121380985998067,0.0031384869208381056,0.3059862451095391,0.31828995209007427,0.3118821747354765,0.011479173780378568,0.28866335416038075,0.3351009953105723,0.3118821747354765,0.006946423222703023,0.2977801858780848,0.32598416359286825,0,0,0,4.898711164655386,0.15
1,275694,2.0,0.3335658296014552,0.0032224575361916165,0.32724938249134083,0.33988227671156956,0.3328659060845719,0.01108403674890806,0.3104463255952018,0.355285486573942,0.3328659060845719,0.006867005865419855,0.31892514303384145,0.34680666913530234,0,0,0,4.5410933572815715,0.1266
2,276694,2.0,0.3134623116691128,0.0031899672497236018,0.3072095498593516,0.319715073478874,0.3145059885040276,0.011502667301825842,0.29123964779642075,0.33777232921163447,0.3145059885040276,0.006155517114596523,0.3020096244072045,0.3270023526008507,0,0,0,3.723545264573696,0.1942
3,277694,2.0,0.31758876186468504,0.0031942460777506627,0.3113276129805799,0.32384991074879016,0.3186403946498218,0.011527656738156266,0.2953235080362525,0.3419572812633911,0.3186403946498218,0.007551305738988708,0.3033104290004585,0.3339703602991851,0,0,0,5.588655875140478,0.1724
4,278694,2.0,0.30215979251821806,0.0032684003730277535,0.29575329131252454,0.3085662937239116,0.3047633835001731,0.013160023024475914,0.278144724421091,0.33138204257925524,0.3047633835001731,0.008794294037182161,0.2869100174519249,0.32261674954842134,0,0,0,7.239881561147299,0.1811
5,279694,2.0,0.3138050486455032,0.0031853438083831644,0.3075613493982011,0.32004874789280524,0.3112038341129481,0.01105607237152145,0.2888408169158024,0.33356685131009384,0.3112038341129481,0.0070485646926906785,0.2968944870475313,0.3255131811783649,0,0,0,4.896533737028984,0.1866
6,280694,2.0,0.3160368273608045,0.0030991737461333727,0.30996203294298835,0.3221116217786207,0.3168816655178395,0.011205701896536307,0.2942159940390768,0.33954733699660217,0.3168816655178395,0.00658924112869407,0.3035047948613244,0.3302585361743545,0,0,0,4.520421713288489,0.1598
7,281694,2.0,0.32827183478915656,0.003109773734677554,0.3221762629782312,0.3343674066000819,0.32756470036312363,0.01101968784693606,0.3052752778134866,0.34985412291276063,0.32756470036312363,0.006648169549661543,0.3140681986520032,0.34106120207424406,0,0,0,4.57031981260081,0.181
8,282694,2.0,0.31944525108339616,0.0030697541555364445,0.3134281229919535,0.32546237917483883,0.3207988653441402,0.012382758073642383,0.2957523730235719,0.34584535766470853,0.3207988653441402,0.0077269991726332645,0.3051122230621936,0.3364855076260868,0,0,0,6.335990823677598,0.1698
9,283694,2.0,0.3105229385975576,0.0032458648632723974,0.30416061000046185,0.3168852671946533,0.30926376156782936,0.012166243211185142,0.2846552118936063,0.3338723112420524,0.30926376156782936,0.007752629691988206,0.2935250865653351,0.3250024365703236,0,0,0,5.704757802721202,0.1455
10,284694,2.0,0.3156208921401441,0.0031875332131122884,0.3093729013671916,0.3218688829130966,0.3145068737252067,0.011099295476688897,0.292056429545703,0.3369573179047104,0.3145068737252067,0.0054245175107577835,0.3034945177196845,0.3255192297307289,0,0,0,2.896094931684128,0.1831
11,285694,2.0,0.3072407264353396,0.003118060860483602,0.3011289107511403,0.31335254211953895,0.30711766887400593,0.011882054667134379,0.28308394478741283,0.33115139296059903,0.30711766887400593,0.006250550708201656,0.29442837632535496,0.3198069614226569,0,0,0,4.018531620261725,0.2235
12,286694,2.0,0.30782015313829875,0.003208161830569735,0.30153172752030594,0.31410857875629156,0.30622965585150186,0.0120737318186072,0.28180822813104617,0.33065108357195755,0.30622965585150186,0.006866411895025257,0.2922900986247786,0.3201692130782251,0,0,0,4.58086157939289,0.1914
13,287694,2.0,0.31941874049498775,0.003137483782626729,0.3132688532895773,0.3255686277003982,0.31940843628983623,0.011787543994856356,0.29556587808190643,0.343250994497766,0.31940843628983623,0.006056979403454429,0.3071121143816344,0.3317047581980381,0,0,0,3.726912653043053,0.2003
14,288694,2.0,0.31349648488270115,0.0032099153466271907,0.3072046221390646,0.31978834762633773,0.31596470028294993,0.01225858064100351,0.29116938052785374,0.3407600200380461,0.31596470028294993,0.006112059501616443,0.30355655983078056,0.3283728407351193,0,0,0,3.62566762587456,0.16
15,289694,2.0,0.3091163426579093,0.0031770116708900948,0.30288897551279886,0.3153437098030198,0.30822359415118034,0.012176910091740545,0.28359346867451274,0.33285371962784793,0.30822359415118034,0.006801261135186224,0.29441629999853786,0.3220308883038228,0,0,0,4.582909481530334,0.1986
16,290694,2.0,0.323499762294726,0.0031389966779245856,0.317346909612494,0.32965261497695797,0.32363392528762286,0.012187507111362175,0.29898236531558714,0.3482854852596586,0.32363392528762286,0.0070408279639359115,0.30934028461658986,0.33792756595865586,0,0,0,5.031132482838261,0.1631
17,291694,2.0,0.3194376944536588,0.0031757168604789224,0.31321286530986814,0.3256625235974495,0.3192477608248459,0.011110046770475649,0.29677557010102107,0.34171995154867074,0.3192477608248459,0.006297485172341591,0.30646318624843627,0.33203233540125554,0,0,0,3.93233725330216,0.2091
18,292694,2.0,0.3068671923534928,0.003090872584722561,0.30080866932061034,0.31292571538637526,0.3058868234649588,0.010430345179451374,0.28478945897763336,0.3269841879522843,0.3058868234649588,0.005851229170494608,0.29400819673592804,0.3177654501939896,0,0,0,3.583703008433047,0.1347
19,293694,2.0,0.3122722692127425,0.003127068754139669,0.306142796854029,0.31840174157145595,0.3123960073971578,0.011628931712227467,0.28887427281310774,0.33591774198120783,0.3123960073971578,0.006928545584569419,0.2983303120746795,0.32646170271963604,0,0,0,4.909183853290467,0.1979
20,294694,2.0,0.31491275627532433,0.003067911109862795,0.30889924079952935,0.3209262717511193,0.3147267686158983,0.011925297040045706,0.2906055785742566,0.33884795865754,0.3147267686158983,0.005790752349018873,0.3029709163616208,0.3264826208701758,0,0,0,3.5627425429679502,0.2128
21,295694,2.0,0.3166471247895224,0.003276484939862648,0.3102247767531888,0.32306947282585596,0.3188559211245402,0.01363985747102547,0.2912667052673014,0.346445136981779,0.3188559211245402,0.006958548901961699,0.30472931582955004,0.33298252641953036,0,0,0,4.510461862778187,0.2
22,296694,2.0,0.3067012139261742,0.0032007887252830224,0.30042724057917575,0.3129751872731727,0.3075113712906673,0.012497527920615032,0.2822327350427334,0.3327900075386012,0.3075113712906673,0.007694120749520339,0.2918914757561506,0.323131266825184,0,0,0,5.778351787871397,0.1401
23,297694,2.0,0.3086586246126995,0.0032638386802822847,0.3022610649339728,0.3150561842914262,0.3100633848528845,0.012376083167160887,0.28503039380504835,0.3350963759007206,0.3100633848528845,0.0076447699902985125,0.2945436766859292,0.3255830930198398,0,0,0,5.486197987074913,0.1441
24,298694,2.0,0.3297179448341076,0.003136191462222612,0.3235705907492706,0.3358652989189446,0.32761601380015704,0.011359373263406032,0.3046395126429573,0.35059251495735677,0.32761601380015704,0.005695197550867465,0.3160541480991891,0.339177879501125,0,0,0,3.2977099145775046,0.146
25,299694,2.0,0.312236648184674,0.003163929781423171,0.30603492328992377,0.31843837307942424,0.3144444049679207,0.012015571948395873,0.29014061668885194,0.33874819324698946,0.3144444049679207,0.006199912002351709,0.30185791445749205,0.32703089547834935,0,0,0,3.8398775735243227,0.1483
26,300694,2.0,0.31911210247999056,0.00309799431470684,0.3130396199052762,0.32518458505470493,0.3183893260288853,0.01129474575135941,0.29554354635348684,0.3412351057042838,0.3183893260288853,0.006721294983593492,0.3047443717945829,0.3320342802631877,0,0,0,4.707005213556659,0.1594
27,301694,2.0,0.31011950908207553,0.0032424757715148952,0.3037638235574166,0.31647519460673446,0.3120552192851664,0.01290378693994654,0.2859548466076476,0.3381555919626852,0.3120552192851664,0.00833489265754882,0.295134487619961,0.3289759509503718,0,0,0,6.607642575987939,0.2095
28,302694,2.0,0.32085240357106,0.003091849937354477,0.3147919647964996,0.32691284234562035,0.32120049159595704,0.011115847190741808,0.29871656841472743,0.34368441477718664,0.32120049159595704,0.006252844514733356,0.3085065423724802,0.33389444081943387,0,0,0,4.08995419670959,0.2074
29,303694,2.0,0.302755527171693,0.0031827520162191598,0.29651690818315013,0.3089941461602359,0.30419992664882656,0.011712658438794505,0.28050883877518495,0.32789101452246816,0.30419992664882656,0.006976584250115185,0.2900367076505613,0.31836314564709184,0,0,0,4.804852747225171,0.1834
30,304694,2.0,0.3221093701450558,0.0032083740554814592,0.3158205285378947,0.3283982117522169,0.3210144032368104,0.01245389567165669,0.2958240215426653,0.3462047849309555,0.3210144032368104,0.0069170684037859476,0.30697200783003464,0.3350567986435862,0,0,0,4.648085942122682,0.1894
31,305694,2.0,0.3173631162058109,0.0032681082321017905,0.3109571876353459,0.32376904477627594,0.3162171221611911,0.013257684647211993,0.2894009238045646,0.34303332051781754,0.3162171221611911,0.008851010285798284,0.29824861600696667,0.3341856283154155,0,0,0,7.3348768916669815,0.1248
32,306694,2.0,0.30713834675000445,0.003079002190885505,0.30110309127426,0.3131736022257489,0.3066390499693622,0.010861847023775507,0.28466889061954315,0.32860920931918125,0.3066390499693622,0.004950953729656824,0.2965880795503853,0.3166900203883391,0,0,0,2.585578568089896,0.1865
33,307694,2.0,0.3250687296504371,0.00310427741285078,0.3189839313642919,0.3311535279365823,0.3239649364334442,0.011593036059132231,0.3005158076609787,0.34741406520590973,0.3239649364334442,0.0072864875249276815,0.3091725803399913,0.3387572925268971,0,0,0,5.509540775000263,0.1681
34,308694,2.0,0.3084062926433425,0.0032390328059689936,0.30205735579094023,0.3147552294957448,0.307541091283346,0.01333330935757638,0.2805719275117351,0.3345102550549569,0.307541091283346,0.00889639958573593,0.28948043995146044,0.32560174261523156,0,0,0,7.543933805193594,0.1793
35,309694,2.0,0.3131565546419246,0.003060511520476272,0.30715754334949635,0.31915556593435285,0.31325239950814643,0.011711691135051307,0.28956326819100314,0.3369415308252897,0.31325239950814643,0.006965195683699169,0.2991123005288537,0.3273924984874392,0,0,0,5.179389919405738,0.1759
36,310694,2.0,0.31938862937802076,0.003179264121507216,0.31315684712889996,0.32562041162714156,0.3198830319480602,0.01140616738301887,0.2968118807500085,0.3429541831461119,0.3198830319480602,0.005083775154173851,0.3095624197021298,0.3302036441939907,0,0,0,2.55693360246089,0.191
37,311694,2.0,0.3172409722154953,0.0031877028048857025,0.31099264902001894,0.32348929541097166,0.3168328591954391,0.012259486428398013,0.2920357073124045,0.3416300110784736,0.3168328591954391,0.0085223789062643,0.29953151021027846,0.3341342081805997,0,0,0,7.1476952736328325,0.1703
38,312694,2.0,0.3099171795786114,0.0030300953592221447,0.3039777880241306,0.31585657113309223,0.3082649129815045,0.011298111695451623,0.28541232504155334,0.33111750092145564,0.3082649129815045,0.005780249974388167,0.29653038168123025,0.31999944428177873,0,0,0,3.6389882087974703,0.171
39,313694,2.0,0.3176933872031265,0.003094882372843227,0.31162700445004526,0.32375976995620775,0.3152848500081601,0.009746004258232648,0.2955716956883933,0.33499800432792687,0.3152848500081601,0.004883912237023174,0.3053699810549005,0.3251997189614197,0,0,0,2.490275566068773,0.1396
40,314694,2.0,0.31331993993261814,0.003177188464163585,0.307092226249082,0.3195476536161543,0.3155735992326882,0.011716488399748736,0.2918747645318004,0.339272433933576,0.3155735992326882,0.007412978921560004,0.30052445195207655,0.3306227465132998,0,0,0,5.443767599310893,0.1884
41,315694,2.0,0.33033067792560933,0.0031655130329322316,0.3241258496464679,0.33653550620475076,0.33363729753437155,0.011809877117312373,0.3097495663224339,0.3575250287463092,0.33363729753437155,0.008457091619423594,0.3164684887878402,0.3508061062809029,0,0,0,7.137627171938851,0.2232
42,316694,2.0,0.30978405540599063,0.003221387453472046,0.30346970580090954,0.3160984050110717,0.31017103739543583,0.01361848246279191,0.28262505657326675,0.3377170182176049,0.31017103739543583,0.008342982705464413,0.29323388205981704,0.3271081927310546,0,0,0,6.707439450280146,0.1537
43,317694,2.0,0.32244773131758386,0.0032289218995017748,0.31611861319210605,0.3287768494430617,0.3228185396595569,0.012404263888124078,0.2977285477233085,0.34790853159580537,0.3228185396595569,0.006802983766659099,0.3090077483791039,0.33662933094000996,0,0,0,4.438986132198044,0.1865
44,318694,2.0,0.3211026883055617,0.0030895989875782716,0.3150466616931631,0.32715871491796034,0.32002021694120003,0.010737419904526637,0.29830173519569203,0.34173869868670803,0.32002021694120003,0.005437336747771621,0.30898183650098193,0.33105859738141813,0,0,0,3.0971927450992496,0.1754
45,319694,2.0,0.31586042078054233,0.0032163210759184706,0.30955600195204946,0.3221648396090352,0.316627327668334,0.013301444313725434,0.28972261703158697,0.34353203830508106,0.316627327668334,0.006809677068496869,0.30280294826275395,0.3304517070739141,0,0,0,4.482643910502331,0.1662
46,320694,2.0,0.3101858707600667,0.003146533361248916,0.3040182451720418,0.3163534963480916,0.31029756000124453,0.011441130224028703,0.2871556897821435,0.33343943022034556,0.31029756000124453,0.0069339822834363464,0.296220827593293,0.3243742924091961,0,0,0,4.856247067628993,0.2219
47,321694,2.0,0.2944530166545899,0.003192625839515631,0.28819504365379817,0.3007109896553816,0.2971229894398263,0.011689320755876958,0.2734791064855167,0.32076687239413587,0.2971229894398263,0.006672214094611041,0.2835776747073727,0.31066830417227986,0,0,0,4.367610465682562,0.1989
48,322694,2.0,0.31784890795661486,0.003099577706803737,0.3117733217219384,0.3239244941912913,0.31854572351167343,0.01194039632746913,0.29439399227846136,0.3426974547448855,0.31854572351167343,0.007334055650287326,0.3036567989897959,0.33343464803355094,0,0,0,5.598650340183805,0.1618
49,323694,2.0,0.31093996257657625,0.003208746512815684,0.3046503909033007,0.3172295342498518,0.3094503617863818,0.011333076097387224,0.286527051668111,0.3323736719046526,0.3094503617863818,0.007164187378600131,0.2949062881896146,0.323994435383149,0,0,0,4.984975785958037,0.1925
50,324694,2.0,0.31274208077463866,0.00326115559196051,0.3063497803073324,0.31913438124194493,0.31357356613052617,0.012462468322143363,0.28836584461408105,0.3387812876469713,0.31357356613052617,0.0056739270398349865,0.3020548818626432,0.32509225039840917,0,0,0,3.0270838731162026,0.141
51,325694,2.0,0.3222789779171318,0.003088571853916448,0.3162249646238776,0.32833299121038595,0.32350299564376744,0.010874597960817552,0.30150704508937154,0.34549894619816335,0.32350299564376744,0.004356587452310069,0.3146586529167168,0.3323473383708181,0,0,0,1.9896535163693096,0.2025
52,326694,2.0,0.3276113211897932,0.0031579143600538183,0.321421387324249,0.33380125505533736,0.3260747094654768,0.012569429304659437,0.30065063894089816,0.3514987799900554,0.3260747094654768,0.007902062409437327,0.31003266991854905,0.3421167490124045,0,0,0,6.261526377537731,0.2197
53,327694,2.0,0.31751221936708257,0.003193631125848333,0.31125227587082904,0.3237721628633361,0.3191520296572868,0.012329958749721929,0.2942123340497964,0.34409172526477716,0.3191520296572868,0.0072136908095141354,0.3045074587529455,0.3337966005616281,0,0,0,5.102059780593475,0.1891
54,328694,2.0,0.3127497852883678,0.0031639385586661466,0.30654804318904916,0.3189515273876864,0.31400891295083466,0.011812986041265846,0.29011489334664525,0.33790293255502407,0.31400891295083466,0.007052104573041142,0.29969237954625333,0.328325446355416,0,0,0,4.967997914644344,0.136
55,329694,2.0,0.3186571906092901,0.0030677651582609136,0.3126439612181257,0.3246704200004545,0.31739203654000736,0.01195121186155383,0.2932184288242068,0.34156564425580793,0.31739203654000736,0.00596069628595426,0.30529117975199926,0.32949289332801546,0,0,0,3.7752852073236163,0.2159
56,330694,2.0,0.31895681046503493,0.003068839648327877,0.3129414749298478,0.32497214600022206,0.3218211191882763,0.011068949001200767,0.2994320565491975,0.344210181827355,0.3218211191882763,0.005946044046298456,0.30975000802816005,0.3338922303483925,0,0,0,3.7541174100414914,0.1652
57,331694,2.0,0.3110646400698664,0.0032582680433631598,0.3046779995834251,0.31745128055630767,0.3117287961352787,0.012745364132097155,0.2859488638327236,0.3375087284378338,0.3117287961352787,0.00838888984415515,0.29469844435344056,0.32875914791711686,0,0,0,6.628806860294522,0.1803
58,332694,2.0,0.32876646967401557,0.003317477836558855,0.3222637700858108,0.33526916926222033,0.3294905268705296,0.013354857087359215,0.3024777787015395,0.3565032750395197,0.3294905268705296,0.009205313447461531,0.31080274705880845,0.34817830668225075,0,0,0,7.699474802595926,0.1925
59,333694,2.0,0.31328346792681594,0.0031842228355720955,0.30704196593592253,0.31952496991770934,0.3134618142404143,0.012174223958536174,0.2888371219809892,0.3380865064998394,0.3134618142404143,0.007657188824997518,0.2979168944986769,0.3290067339821517,0,0,0,5.78271526481535,0.1589
60,334694,2.0,0.3097281136431351,0.003100479031211617,0.3036507606922529,0.31580546659401726,0.31057987232264295,0.0113892641607329,0.2875429111188284,0.3336168335264575,0.31057987232264295,0.006403643206644696,0.2975797854791471,0.3235799591661388,0,0,0,4.26576233638663,0.2318
61,335694,2.0,0.32436972762404465,0.003218747208417637,0.3180605532518585,0.3306789019962308,0.32434927161979676,0.011903782257024305,0.300271599334419,0.34842694390517454,0.32434927161979676,0.0050532252517145595,0.3140906789730562,0.3346078642665373,0,0,0,2.464697224134916,0.2016
62,336694,2.0,0.31371579059606747,0.0032362865966804235,0.30737223668061,0.32005934451152496,0.3131679085108004,0.011815259716094918,0.2892692899651791,0.3370665270564217,0.3131679085108004,0.008116117577202469,0.2966913138707097,0.3296445031508911,0,0,0,6.289305788496445,0.1799
63,337694,2.0,0.31274419054070374,0.0032490060964279347,0.306375704707131,0.3191126763742765,0.3116481782915386,0.012470518079177291,0.28642417460463243,0.3368721819784448,0.3116481782915386,0.008261544541267611,0.2948763512187179,0.32842000536435934,0,0,0,6.465787760685649,0.199
64,338694,2.0,0.31544373176056967,0.0031749860796262824,0.3092203350448414,0.3216671284762979,0.3153327274188643,0.012080157749645324,0.290898302026045,0.3397671528116836,0.3153327274188643,0.007101302528289689,0.3009163168552792,0.3297491379824494,0,0,0,5.002560832840512,0.1862
65,339694,2.0,0.32866347795389095,0.003094907350666696,0.3225970462409401,0.3347299096668418,0.32900841973616884,0.011706625891002086,0.30532953384217165,0.35268730563016604,0.32900841973616884,0.006733916866469735,0.31533784171736995,0.34267899775496774,0,0,0,4.734130179697701,0.1968
66,340694,2.0,0.32106640460015484,0.003166528999413957,0.3148595848910332,0.32727322430927647,0.3200126621104511,0.011749418871842122,0.2962472192426675,0.3437781049782347,0.3200126621104511,0.005897528200778413,0.30804004335297086,0.33198528086793133,0,0,0,3.4687508999812464,0.2039
67,341694,2.0,0.3180537082404332,0.0031467991077484127,0.3118855617537805,0.3242218547270859,0.31784008985097145,0.01183681033266444,0.2938978810688938,0.3417822986330491,0.31784008985097145,0.0055130657193033636,0.3066479714252485,0.3290322082766944,0,0,0,3.0693633455331453,0.1719
68,342694,2.0,0.3149285249430443,0.0031375932840037807,0.3087784231003116,0.321078626785777,0.3149865834130908,0.010349851151340236,0.29405203346554293,0.3359211333606387,0.3149865834130908,0.006204742262026943,0.30239028695419995,0.3275828798719817,0,0,0,3.9106972752451714,0.1526
69,343694,2.0,0.3253233785512106,0.0032483901710147413,0.31895610001370067,0.3316906570887205,0.32424375731813804,0.011163301498768539,0.30166384873894614,0.34682366589732994,0.32424375731813804,0.00682833274543102,0.3103815048749071,0.33810600976136895,0,0,0,4.418684331439002,0.1857
70,344694,2.0,0.30103063676164243,0.0031208275506682355,0.29491339799520694,0.30714787552807793,0.30134751608828686,0.011289903477289805,0.27851153083668134,0.3241835013398924,0.30134751608828686,0.006602052861344431,0.28794463623174366,0.31475039594483006,0,0,0,4.475261859186872,0.1716
71,345694,2.0,0.309788068158448,0.0031024233295713186,0.30370690412313184,0.31586923219376417,0.31189625600709364,0.011171624962743432,0.28929951163289647,0.3344930003812908,0.31189625600709364,0.006973925567453184,0.29773843442157916,0.3260540775926081,0,0,0,5.053037259486467,0.2077
72,346694,2.0,0.3167274521349301,0.0031866484633322613,0.3104811955896992,0.32297370868016095,0.31813070473504385,0.011023838289482082,0.29583288712295486,0.34042852234713283,0.31813070473504385,0.007706568204023688,0.30248553952445334,0.33377586994563435,0,0,0,5.848624500335243,0.1914
73,347694,2.0,0.31036471018182005,0.003109139835247656,0.3042703808984306,0.3164590394652095,0.3108753545571764,0.01104189602396632,0.28854101172950974,0.3332096973848431,0.3108753545571764,0.005122570703741325,0.3004759831584882,0.3212747259558646,0,0,0,2.714534793649091,0.1668
74,348694,2.0,0.3146363179114007,0.0031989892974823714,0.3083658716831939,0.32090676413960745,0.31479521026554974,0.012556200168051436,0.2893978981954681,0.3401925223356314,0.31479521026554974,0.007996192467300083,0.29856207654186817,0.3310283439892313,0,0,0,6.247998314889333,0.182
75,349694,2.0,0.32329144631121576,0.0032009337145602708,0.3170171887658715,0.32956570385656003,0.32450902819165695,0.012146413557800521,0.29994058777728244,0.34907746860603145,0.32450902819165695,0.00731601617812499,0.3096567257452376,0.3393613306380763,0,0,0,5.223913207401381,0.1871
76,350694,2.0,0.31487306529619563,0.0030926198054110608,0.3088111174774333,0.320935013114958,0.3139341578169795,0.010965851065035935,0.29175363043725583,0.3361146851967031,0.3139341578169795,0.005412739624759843,0.30294571219119976,0.3249226034427592,0,0,0,3.063241286472853,0.1411
77,351694,2.0,0.32180691626937263,0.003259650092593332,0.31541756678187616,0.3281962657568691,0.3219318987566792,0.01352865561827731,0.2945676098772854,0.349296187636073,0.3219318987566792,0.008588391509186546,0.3044965370629617,0.3393672604503967,0,0,0,6.941953518399321,0.1979
78,352694,2.0,0.32036253305014084,0.0031933619234405432,0.31410311722655687,0.3266219488737248,0.32038045953751787,0.012046766683253227,0.2960135739515002,0.34474734512353555,0.32038045953751787,0.0053269443859363715,0.3095661875062798,0.33119473156875595,0,0,0,2.782659327321648,0.1504
79,353694,2.0,0.3025566231176051,0.003066665086719018,0.2965455500135706,0.30856769622163965,0.301730995241091,0.01056097202629588,0.28036941301674007,0.3230925774654419,0.301730995241091,0.0055057170098339716,0.2905537954887243,0.3129081949934577,0,0,0,3.2232580250668845,0.1863
80,354694,2.0,0.3133236791426577,0.003035793188823312,0.3073731190812488,0.31927423920406656,0.31322277501049206,0.010292290010571766,0.2924046534597235,0.3340408965612606,0.31322277501049206,0.005961774670945187,0.3011197289845642,0.32532582103641994,0,0,0,3.856619125655592,0.2049
81,355694,2.0,0.30979259831648703,0.0031851850437913873,0.3035492102689869,0.31603598636398716,0.30940832558857717,0.012499579595024986,0.28412553943744334,0.334691111739711,0.30940832558857717,0.006085279044366301,0.29705455235499345,0.3217620988221609,0,0,0,3.6499898783872182,0.1722
82,356694,2.0,0.3051218005781479,0.0031363403278514275,0.2989741546967984,0.31126944645949745,0.30608872820648475,0.011513971655916253,0.28279952228450234,0.32937793412846716,0.30608872820648475,0.007052766554456222,0.29177085090818433,0.32040660550478517,0,0,0,5.056763624747939,0.154
83,357694,2.0,0.3057263130887702,0.0031365676775680527,0.2995782215716149,0.31187440460592547,0.3039479952128671,0.011989790699326637,0.27969635443219787,0.3281996359935363,0.3039479952128671,0.007494133302895388,0.2887340957792942,0.31916189464643996,0,0,0,5.708651121489983,0.1899
84,358694,2.0,0.30887550198346736,0.0031793014941375666,0.30264364647900016,0.31510735748793456,0.30926702175138016,0.012508375041393035,0.28396644513074004,0.33456759837202027,0.30926702175138016,0.0063904868888556895,0.29629364365293437,0.32224039984982594,0,0,0,4.040214919226219,0.156
85,359694,2.0,0.30998477833774973,0.003056994369870696,0.303992661130202,0.31597689554529745,0.30884881268918757,0.00995271639745534,0.2887175436023537,0.32898008177602145,0.30884881268918757,0.005443935701745296,0.29779703566018934,0.3199005897181858,0,0,0,3.1712953917977766,0.2326
86,360694,2.0,0.3159773835362073,0.003142139840449071,0.3098183698356775,0.3221363972367371,0.3134966556050699,0.011374457246730828,0.2904896442117611,0.3365036669983787,0.3134966556050699,0.00635507931035109,0.30059515871246645,0.32639815249767334,0,0,0,4.090636894149143,0.2174
87,361694,2.0,0.3229443992937828,0.003093628606843105,0.3168804740894945,0.32900832449807116,0.32264938618967665,0.010819729753979544,0.30076441705905066,0.34453435532030263,0.32264938618967665,0.006285301399498186,0.3098895459871124,0.3354092263922409,0,0,0,4.1277735754986935,0.1597
88,362694,2.0,0.31829809957988636,0.0031158415192460544,0.3121906341008918,0.3244055650588809,0.3196510639836013,0.011313307888896076,0.296767738841151,0.34253438912605166,0.3196510639836013,0.005989670110139927,0.30749138720540214,0.3318107407618005,0,0,0,3.6953458207543086,0.165
89,363694,2.0,0.31744085084305756,0.003142875807117412,0.311280394549574,0.3236013071365411,0.3178074862287705,0.012015157268978517,0.2935045367179939,0.342110435739547,0.3178074862287705,0.006931429718546706,0.30373593580303876,0.3318790366545022,0,0,0,4.86397359117971,0.1991
90,364694,2.0,0.3095257659352281,0.003278250427564616,0.3030999573072288,0.3159515745632275,0.30650882996995266,0.013277367947247105,0.2796528183810688,0.3333648415588365,0.30650882996995266,0.008232424206255903,0.28979612032011254,0.3232215396197928,0,0,0,6.306250657897244,0.1854
91,365694,2.0,0.3151634384557497,0.0031364323235994066,0.3090156122504486,0.32131126466105076,0.31470103587399595,0.010654860955458298,0.29314954536513627,0.33625252638285563,0.31470103587399595,0.004901316796140984,0.30475083378728357,0.3246512379607083,0,0,0,2.4420452448132184,0.1981
92,366694,2.0,0.3091151317767847,0.003191842040846522,0.3028586951260559,0.31537156842751346,0.31065582896811517,0.01264962585114411,0.2850695456171437,0.33624211231908663,0.31065582896811517,0.008006392223955803,0.2944019886375806,0.32690966929864973,0,0,0,6.29203228572683,0.1602
93,367694,2.0,0.32365539109657965,0.003101710321326906,0.31757562465264033,0.32973515754051896,0.3259176264553903,0.012712335622469794,0.30020450061936077,0.3516307522914198,0.3259176264553903,0.006621648313134687,0.31247496571681005,0.33936028719397054,0,0,0,4.557532259572994,0.1813
94,368694,2.0,0.3147487881398335,0.003090687801720777,0.3086906273063112,0.32080694897335577,0.31455531092252326,0.011314939723581689,0.2916686850828713,0.3374419367621752,0.31455531092252326,0.006663155877648879,0.3010283853481404,0.3280822364969061,0,0,0,4.647823958961158,0.1637
95,369694,2.0,0.3152207663839451,0.003198517152786459,0.3089512456223943,0.3214902871454959,0.31665199051070014,0.01116331032317473,0.294072064082462,0.3392319169389383,0.31665199051070014,0.006700113875633781,0.3030500362115959,0.3302539448098044,0,0,0,4.388003850524391,0.1957
96,370694,2.0,0.31064911348818025,0.003174878258169539,0.3044259281169061,0.3168722988594544,0.30848709709485317,0.011316063009416314,0.28559819919514295,0.3313759949945634,0.30848709709485317,0.006892806481670725,0.2944939560085181,0.32248023818118826,0,0,0,4.713440376867498,0.1929
97,371694,2.0,0.3135455948141947,0.0032038091317853398,0.30726570106709516,0.3198254885612942,0.31462730641096115,0.01154632526077076,0.29127265914620903,0.33798195367571326,0.31462730641096115,0.006659332152816568,0.3011081434106758,0.3281464694112465,0,0,0,4.320441055304607,0.1397
98,372694,2.0,0.31617123581402823,0.003315856465599372,0.3096717143294281,0.3226707572986284,0.31662525196694463,0.012961760665029897,0.290407616362099,0.34284288757179027,0.31662525196694463,0.007566514024102476,0.3012644118573968,0.3319860920764925,0,0,0,5.207151781756692,0.1703
99,373694,2.0,0.3133730470890614,0.003103941237748402,0.3072889077510109,0.31945718642711185,0.3134944876378307,0.011515247921107724,0.29020270022583394,0.3367862750498275,0.3134944876378307,0.006090614283006394,0.30112988329398466,0.3258590919816768,0,0,0,3.850305694203751,0.1663
100,374694,2.0,0.320057991667676,0.00311703258023409,0.31394819155008613,0.3261677917852659,0.316211113191929,0.012072683058371291,0.2917918067892798,0.34063041959457824,0.316211113191929,0.006696698229532199,0.30261609302305564,0.3298061333608024,0,0,0,4.615712760809066,0.1807
101,375694,2.0,0.3130982721145101,0.003104736296283386,0.3070125743555559,0.31918396987346426,0.3138724181125485,0.012255840596177816,0.2890826406212417,0.3386621956038553,0.3138724181125485,0.006374618765218818,0.3009312540177044,0.32681358220739265,0,0,0,4.2155961185942985,0.1196
102,376694,2.0,0.3072499979963832,0.0031631678545626617,0.30104976658003013,0.31345022941273626,0.30507356671387664,0.012024377601503263,0.2807519673202226,0.32939516610753067,0.30507356671387664,0.005232855133419191,0.29445030602013683,0.31569682740761645,0,0,0,2.7367362624433884,0.1417
103,377694,2.0,0.30837434914746253,0.003226144023106312,0.30205067603068797,0.3146980222642371,0.3038670306416339,0.012220482526094537,0.27914877159763457,0.3285852896856332,0.3038670306416339,0.0070381765146499695,0.28957877269881765,0.31815528858445014,0,0,0,4.759406574485541,0.2403
104,378694,2.0,0.2978636747907764,0.0031200582077464717,0.2917479440392085,0.3039794055423443,0.2999007764412302,0.010902959901737171,0.2778474584464615,0.32195409443599887,0.2999007764412302,0.006672049910983733,0.2863557950192601,0.3134457578632003,0,0,0,4.572915540919593,0.2038
105,379694,2.0,0.3080102864070292,0.0031675177551111888,0.30180152860469883,0.3142190442093596,0.30849717443586394,0.012456117956593939,0.28330229774615456,0.3336920511255733,0.30849717443586394,0.005613821623733112,0.29710051064974013,0.31989383822198775,0,0,0,3.1410807566881704,0.169
106,380694,2.0,0.30195676821098966,0.0030958983980733184,0.2958883939127736,0.3080251425092057,0.30010136657599956,0.010276162820658125,0.279315865345835,0.3208868678061641,0.30010136657599956,0.005881097726998966,0.2881621034536039,0.31204062969839524,0,0,0,3.6086386264904027,0.157
107,381694,2.0,0.3219558304753128,0.003239192788497206,0.31560658003579056,0.328305080914835,0.3216804254835676,0.01293300865668045,0.29552094630494324,0.347839904662192,0.3216804254835676,0.009425417658786359,0.30254581036739464,0.3408150405997406,0,0,0,8.466962060145502,0.1506
108,382694,2.0,0.3212478434120738,0.0032033839579909858,0.3149687830623905,0.3275269037617571,0.32058580243227885,0.012002175087932878,0.2963091118612256,0.3448624930033321,0.32058580243227885,0.007758608891311365,0.3048349890098341,0.33633661585472363,0,0,0,5.866103574896485,0.1628
109,383694,2.0,0.3129487489797658,0.00301552223931392,0.3070379226864547,0.31885957527307696,0.31311337190830313,0.009936557066721929,0.29301478815301757,0.3332119556635887,0.31311337190830313,0.004751901959826374,0.3034664980653913,0.322760245751215,0,0,0,2.483189551274032,0.1978
110,384694,2.0,0.3177912263028445,0.0031764380266467544,0.31156498357705764,0.3240174690286314,0.3137844532654456,0.012321287752348512,0.2888622964056101,0.338706610125281,0.3137844532654456,0.007386816561836204,0.29878841839873094,0.3287804881321602,0,0,0,5.407964790974262,0.1701
111,385694,2.0,0.3101739544783605,0.00312015560165511,0.30405803282172533,0.31628987613499565,0.31141386164909085,0.012528841845512236,0.2860718870095966,0.3367558362885851,0.31141386164909085,0.007282648562014591,0.29662929906468405,0.32619842423349765,0,0,0,5.447863280682949,0.173
112,386694,2.0,0.31982964803042274,0.0030710591521563536,0.3138099619713309,0.3258493340895146,0.3195288279943611,0.01220208078411292,0.29484778998678085,0.34420986600194137,0.3195288279943611,0.007667027142428427,0.3039639354064066,0.3350937205823156,0,0,0,6.2327203068519506,0.1932
113,387694,2.0,0.31585605125114025,0.0030799152407912506,0.3098190060756484,0.3218930964266321,0.31550877583804937,0.011095795604510872,0.29306541081822146,0.3379521408578773,0.31550877583804937,0.006444857217275322,0.3024250201048173,0.32859253157128143,0,0,0,4.378739114156924,0.164
114,388694,2.0,0.31279655399223094,0.0031431737465138086,0.3066355136977425,0.3189575942867194,0.3117798850665001,0.012398808256726696,0.2867009281863422,0.33685884194665805,0.3117798850665001,0.007859353897718593,0.29582454840781636,0.3277352217251839,0,0,0,6.252258321949947,0.1803
115,389694,2.0,0.3250319491998151,0.003066728582818194,0.31902075163494664,0.33104314676468355,0.3238676871565999,0.011009870338666603,0.30159812239179695,0.3461372519214029,0.3238676871565999,0.006648443168606022,0.310370629969491,0.33736474434370883,0,0,0,4.699906731166322,0.1689
116,390694,2.0,0.31156832526333605,0.0031492140155916643,0.30539544523481466,0.31774120529185745,0.31161636897978,0.012546791031499346,0.28623808868476763,0.3369946492747924,0.31161636897978,0.007920817662660515,0.29553625424458757,0.32769648371497245,0,0,0,6.3260945800734865,0.1919
117,391694,2.0,0.2974361036957046,0.003015415753659231,0.2915254861284972,0.303346721262912,0.2975578662678553,0.009668134087674357,0.2780022192350185,0.3171135133006921,0.2975578662678553,0.004927578235901409,0.287554350624078,0.30756138191163257,0,0,0,2.6703774865315077,0.1815
118,392694,2.0,0.32640007625111517,0.0031790393678789385,0.32016873454912026,0.3326314179531101,0.32584782499715076,0.009950462212365058,0.30572111543003105,0.34597453456427046,0.32584782499715076,0.0051736112186263955,0.3153448358445324,0.33635081414976914,0,0,0,2.6484743255730048,0.1694
119,393694,2.0,0.3140603752334208,0.0032302205962171007,0.3077287114889481,0.3203920389778935,0.3146278852372244,0.011757367162930767,0.29084636543322595,0.33840940504122285,0.3146278852372244,0.006078676230778424,0.30228751642785423,0.3269682540465946,0,0,0,3.5412261323766154,0.1785
120,394694,2.0,0.3101156097723265,0.0031523977685009225,0.30393648916293253,0.31629473038172046,0.31004542350049363,0.011835888166575584,0.28610507997539064,0.3339857670255966,0.31004542350049363,0.006965459322317485,0.29590478930635167,0.3241860576946356,0,0,0,4.8822217128421155,0.1924
121,395694,2.0,0.31891496641270894,0.003261344841765573,0.31252229499051165,0.32530763783490624,0.3225328193228391,0.01335891224825196,0.295511868816732,0.3495537698289462,0.3225328193228391,0.008021123759283802,0.30624907238563986,0.33881656626003837,0,0,0,6.048908160550005,0.2022
122,396694,2.0,0.3106006326923466,0.003112071621370186,0.30450055671663523,0.316700708668058,0.3090543771082596,0.01069279303923102,0.28742616171797475,0.3306825924985445,0.3090543771082596,0.006148894355274724,0.2965714579276426,0.3215372962888766,0,0,0,3.9038659476877515,0.2028
123,397694,2.0,0.3038787158002062,0.0032256969870224947,0.2975559189338548,0.3102015126665576,0.3031537617195961,0.012101191103673449,0.2786767923525662,0.32763073108662605,0.3031537617195961,0.005931213380821771,0.29111275841104534,0.3151947650281469,0,0,0,3.380959432642693,0.2184
124,398694,2.0,0.3231767644405923,0.0032112254206220123,0.3168823337769736,0.32947119510421097,0.3231463896688706,0.011713142185476904,0.29945432332520694,0.34683845601253427,0.3231463896688706,0.006968841054999891,0.30899889019239885,0.33729388914534236,0,0,0,4.709551304223997,0.1646
125,399694,2.0,0.31315222441951995,0.0030147341173014444,0.3072429429506021,0.3190615058884378,0.3150663594726013,0.009928901694405225,0.29498326016939025,0.33514945877581237,0.3150663594726013,0.004983422493933914,0.304949473957845,0.3251832449873576,0,0,0,2.7324824714846447,0.2523
126,400694,2.0,0.31904138226493994,0.003289843328504804,0.31259285000293796,0.3254899145269419,0.3191757343018465,0.013157709302408468,0.29256175516738164,0.3457897134363113,0.3191757343018465,0.008673305674704177,0.3015679876874908,0.33678348091620214,0,0,0,6.950545215071559,0.1483
127,401694,2.0,0.3160523317411226,0.0032287737918106517,0.3097235039264983,0.322381159555747,0.3195590106587866,0.012106360266581153,0.2950715856728791,0.3440464356446941,0.3195590106587866,0.007161455317006137,0.3050204834419219,0.33409753787565133,0,0,0,4.919572150741631,0.1867
128,402694,2.0,0.3125364294744792,0.0030724158641832243,0.3065140840786342,0.3185587748703242,0.31391368125460983,0.009553439297485707,0.2945900263324631,0.33323733617675655,0.31391368125460983,0.005060529185622822,0.3036402608337347,0.324187101675485,0,0,0,2.7128880343732398,0.1421
129,403694,2.0,0.3214049669670334,0.0030127322239771933,0.3154996094763715,0.3273103244576953,0.32179620791731,0.010608941329197213,0.30033759861954007,0.34325481721507994,0.32179620791731,0.006480911583975231,0.3086392579283924,0.3349531579062276,0,0,0,4.627550084940464,0.1843
130,404694,2.0,0.3140809019670469,0.003115033284379539,0.3079750207363255,0.32018678319776833,0.3129022772276158,0.010673055169480656,0.2913139854472559,0.33449056900797575,0.3129022772276158,0.005578625360350083,0.30157706565483067,0.324227488800401,0,0,0,3.2072219136059728,0.1909
131,405694,2.0,0.32266448642503276,0.0031583590514996786,0.31647368090486894,0.3288552919451966,0.323966438434676,0.012589619861578128,0.29850152865394747,0.3494313482154045,0.323966438434676,0.00907307039250703,0.30554712629727404,0.34238575057207793,0,0,0,8.252500512025701,0.1716
132,406694,2.0,0.31927845090369333,0.00310184119942,0.3131984279212136,0.32535847388617306,0.32041790911803963,0.010628974163687454,0.2989187795878437,0.3419170386482356,0.32041790911803963,0.00584752646127236,0.30854679928835693,0.33228901894772234,0,0,0,3.5539005558503356,0.1942
133,407694,2.0,0.3193619748974801,0.003169265103117789,0.31314979205970933,0.32557415773525084,0.32132376590060385,0.011828461191780992,0.29739844484998124,0.34524908695122647,0.32132376590060385,0.0059654011738090726,0.30921335768246017,0.33343417411874754,0,0,0,3.54292675010768,0.1636
134,408694,2.0,0.31529222189773726,0.00330726808699414,0.3088095347821279,0.3217749090133466,0.3139466483612678,0.012290681483819298,0.28908639852288254,0.33880689819965304,0.3139466483612678,0.008065481782743866,0.29757284984896076,0.3303204468735748,0,0,0,5.947327149531144,0.1788
135,409694,2.0,0.3250461604694782,0.003197163453695876,0.31877929313892306,0.33131302780003336,0.3250905190128216,0.012699134234766462,0.2994040955038315,0.3507769425218117,0.3250905190128216,0.006546671758230385,0.3118000687727855,0.3383809692528577,0,0,0,4.19287053821688,0.2117
136,410694,2.0,0.3070128408567045,0.00314206183636062,0.300853980054605,0.313171701658804,0.3109779065978578,0.011116665710206738,0.2884923278047386,0.333463485390977,0.3109779065978578,0.0061452006741910545,0.29850248598849316,0.3234533272072224,0,0,0,3.8250990315452227,0.226
137,411694,2.0,0.31039393694227396,0.003194779325924017,0.3041317428205371,0.3166561310640108,0.31046297064881884,0.011289025801818186,0.28762876066342047,0.3332971806342172,0.31046297064881884,0.0073039990739856555,0.2956350642207874,0.3252908770768503,0,0,0,5.226845803366729,0.1767
138,412694,2.0,0.3178338895664548,0.003194197346531981,0.31157283620204607,0.32409494293086355,0.31777619530779766,0.011741283328921074,0.29402720812881,0.3415251824867853,0.31777619530779766,0.005368717239127801,0.30687711987611,0.3286752707394853,0,0,0,2.824994280882578,0.2643
139,413694,2.0,0.3184848632541591,0.003274163898701704,0.3120670647684616,0.3249026617398566,0.3195704542951685,0.013495362537492428,0.29227350702797833,0.3468674015623587,0.3195704542951685,0.007786931730227102,0.3037621424528903,0.3353787661374467,0,0,0,5.656293064472568,0.179
140,414694,2.0,0.3226982273023096,0.00311407194688166,0.31659423042146473,0.3288022241831545,0.3238725295146399,0.01101847171236364,0.30158556682936005,0.34615949219991976,0.3238725295146399,0.0057748827516875215,0.3121488942557229,0.3355961647735569,0,0,0,3.4389753098866347,0.1538
141,415694,2.0,0.31333897396587485,0.003245649312016542,0.3069770678780261,0.3197008800537236,0.31001700892718914,0.013885838427318928,0.2819302496231536,0.3381037682312247,0.31001700892718914,0.009461872030129706,0.29080838750273263,0.32922563035164565,0,0,0,8.498669760019103,0.1807
142,416694,2.0,0.31420360249143303,0.003041957915257335,0.3082409587429526,0.32016624623991347,0.3141130271621678,0.011302747760328611,0.2912510618958853,0.33697499242845036,0.3141130271621678,0.00604252345907971,0.3018460523812514,0.32638000194308425,0,0,0,3.9457565626434934,0.1765
143,417694,2.0,0.3227251230536161,0.003148902868013446,0.31655285291589985,0.3288973931913324,0.3231480526129852,0.011772439710070115,0.29933604570474615,0.3469600595212242,0.3231480526129852,0.006152195733504059,0.31065843127825066,0.3356376739477197,0,0,0,3.817172263228637,0.1942
144,418694,2.0,0.3185881095687374,0.00321755793199177,0.31228126633716646,0.32489495280030833,0.316294624199101,0.01202466052184895,0.2919724525450326,0.34061679585316934,0.316294624199101,0.007597710801988333,0.3008704512634312,0.33171879713477076,0,0,0,5.575871634357036,0.1746
145,419694,2.0,0.3275624070725012,0.003181477554714238,0.3213262861987044,0.33379852794629805,0.32523082230172307,0.011641738498553992,0.30168318354725554,0.3487784610561906,0.32523082230172307,0.007068990542822173,0.31088000855601305,0.3395816360474331,0,0,0,4.93693118841315,0.1802
146,420694,2.0,0.3217961563082134,0.003331034541450275,0.31526688376800777,0.32832542884841903,0.3203916117247778,0.012621800915524768,0.2948616096184342,0.3459216138311214,0.3203916117247778,0.007186241622923524,0.3058027656317582,0.33498045781779745,0,0,0,4.654203393123798,0.1106
147,421694,2.0,0.31528005829965305,0.0032853741067416253,0.3088402863091437,0.32171983029016243,0.31667710169898455,0.011460033379225819,0.2934969962395063,0.3398572071584628,0.31667710169898455,0.006942344239422503,0.30258339361788983,0.3307708097800793,0,0,0,4.465217613280322,0.229
148,422694,2.0,0.308491447619501,0.00306307179397661,0.30248741784910343,0.3144954773898985,0.30863779470148117,0.011775787410591997,0.28481901642979357,0.3324565729731688,0.30863779470148117,0.008109799802010398,0.2921740258268968,0.32510156357606557,0,0,0,7.009804638138841,0.1205
149,423694,2.0,0.3113025525096912,0.0031910700825592483,0.3050476290002957,0.3175574760190867,0.3119110087116374,0.012132841043225859,0.28737002129925515,0.33645199612401966,0.3119110087116374,0.007052469335697981,0.2975937347994945,0.3262282826237803,0,0,0,4.884383195419045,0.1952
150,424694,2.0,0.3149894779104452,0.0031418349297879455,0.3088310618755301,0.32114789394536025,0.31774402026227505,0.01178356775990654,0.29390950474867417,0.34157853577587594,0.31774402026227505,0.006195866966680089,0.30516574161083343,0.33032229891371667,0,0,0,3.8889955051985203,0.2044
151,425694,2.0,0.30971065165786865,0.003206825062044426,0.30342484628470257,0.31599645703103474,0.30897671967188095,0.012505199630471545,0.2836825659260791,0.3342708734176828,0.30897671967188095,0.008906667184660688,0.29089522400601414,0.32705821533774776,0,0,0,7.714004903448801,0.1967
152,426694,2.0,0.3035136909282328,0.0030710441544816113,0.29749403426658627,0.3095333475898794,0.30245621964891317,0.011497076188676587,0.2792011880351062,0.32571125126272016,0.30245621964891317,0.0046770390940012,0.29296132550344456,0.3119511137943818,0,0,0,2.3193691636732403,0.2073
153,427694,2.0,0.310591573644419,0.003150203110188212,0.30441675485840086,0.3167663924304371,0.30950267857878716,0.011707979789525987,0.285821054166539,0.3331843029910353,0.30950267857878716,0.007465148156258088,0.2943476221212042,0.32465773503637013,0,0,0,5.615646360774469,0.2009
154,428694,2.0,0.3106913410677427,0.0031971686502810627,0.30442446355118663,0.3169582185842988,0.3116153601081949,0.01371123796984547,0.2838817635641252,0.3393489566522646,0.3116153601081949,0.00854532178777804,0.2942674345973763,0.3289632856190135,0,0,0,7.143741831024992,0.1595
155,429694,2.0,0.3203959434959794,0.003103264599180679,0.3143131304598825,0.32647875653207625,0.32002773688338104,0.010529626668788417,0.29872955662904577,0.3413259171377163,0.32002773688338104,0.0059706170655005365,0.3079067398421616,0.3321487339246005,0,0,0,3.701696612497415,0.2094
156,430694,2.0,0.3222893993598573,0.0031545440689766426,0.3161060717149058,0.3284727270048088,0.32161425398813054,0.011770404569568585,0.297806363540105,0.3454221444361561,0.32161425398813054,0.007014623452803522,0.3073738113029033,0.33585469667335777,0,0,0,4.944649681093397,0.1428
157,431694,2.0,0.3223272818062808,0.003148000401024378,0.31615678062438196,0.3284977829881796,0.3234844339646967,0.012092593821839187,0.29902485424157,0.34794401368782346,0.3234844339646967,0.006406448172704214,0.31047865273736497,0.3364902151920285,0,0,0,4.141570668363885,0.1963
158,432694,2.0,0.31843784599625785,0.0031909574890514564,0.31218314318517376,0.32469254880734194,0.32041217279032197,0.01144684564806439,0.2972587420349198,0.34356560354572413,0.32041217279032197,0.00642356230059409,0.3073716480362759,0.333452697544368,0,0,0,4.052377024020625,0.1562
159,433694,2.0,0.3210365820656212,0.003115273817094863,0.3149302293586561,0.32714293477258627,0.3201603915769021,0.012270053314380164,0.2953418661495384,0.34497891700426586,0.3201603915769021,0.007732572592859116,0.30446243465036754,0.3358583485034367,0,0,0,6.161061750788969,0.158
160,434694,2.0,0.3202742155903499,0.0031663736879174328,0.31406770031250236,0.32648073086819746,0.3211514367664282,0.013673298845638296,0.29349457934440654,0.3488082941884499,0.3211514367664282,0.008416543503424634,0.30406494507166193,0.3382379284611945,0,0,0,7.065505018149078,0.172
161,435694,2.0,0.31707048869961746,0.0030815495803252118,0.31103024000038315,0.32311073739885177,0.3141945849925622,0.012267484852375093,0.2893812547699746,0.3390079152151498,0.3141945849925622,0.004002994166791469,0.30606807479781895,0.32232109518730545,0,0,0,1.687452649261939,0.1746
162,436694,2.0,0.31645611534105733,0.003145301510762111,0.3102909043444925,0.32262132633762214,0.3156932568717471,0.01179188516243883,0.2918419178235659,0.3395445959199283,0.3156932568717471,0.00603631722984683,0.3034388814060009,0.3279476323374933,0,0,0,3.6831511656686913,0.1641
163,437694,2.0,0.3162894869343516,0.0031868200334800824,0.3100428940887189,0.32253607977998433,0.3184722585337831,0.012388291157740892,0.2934145744942489,0.34352994257331726,0.3184722585337831,0.006242602861624135,0.30579910097148166,0.3311454160960845,0,0,0,3.837216797686856,0.2532
164,438694,2.0,0.3164620852701133,0.0032167351735239037,0.31015685475501364,0.322767315785213,0.3183702522202786,0.011101942141651288,0.2959144546555871,0.3408260497849701,0.3183702522202786,0.0070218592760302135,0.30411512003295144,0.33262538440760575,0,0,0,4.765117645754861,0.1165
165,439694,2.0,0.3129996779057429,0.003164323171490077,0.30679718191392674,0.31920217389755906,0.3108921323151819,0.012707389059216655,0.28518901184772993,0.3365952527826339,0.3108921323151819,0.007742620470660767,0.2951737771122601,0.32661048751810373,0,0,0,5.9870692289756775,0.1466
166,440694,2.0,0.314641419200255,0.0031543177103499705,0.3084585352484406,0.32082430315206945,0.3150360819938257,0.011822856685790748,0.2911220971265809,0.33895006686107054,0.3150360819938257,0.008236234165502279,0.29831563771551317,0.33175652627213825,0,0,0,6.817835250024639,0.2129
167,441694,2.0,0.3069924498398763,0.003049619844515661,0.3010147876868465,0.3129701119929061,0.3072050156646044,0.0112636095023093,0.2844222149974436,0.3299878163317652,0.3072050156646044,0.004720570055208983,0.2976217489696635,0.3167882823595453,0,0,0,2.3960588698602225,0.1721
168,442694,2.0,0.3080724444929593,0.0031447211364941923,0.301908371107465,0.3142365178784536,0.3071732158388506,0.011965762342975157,0.282970176996397,0.3313762546813042,0.3071732158388506,0.007363919141999453,0.29222366520568305,0.32212276647201815,0,0,0,5.483448171823606,0.203
169,443694,2.0,0.3244944178562321,0.0031848887127134064,0.31825161065721796,0.3307372250552463,0.32311852173961775,0.011085590283938853,0.3006957989290469,0.3455412445501886,0.32311852173961775,0.005259513993322926,0.31244114068302925,0.33379590279620625,0,0,0,2.727110317518729,0.2176
170,444694,2.0,0.32293946386149597,0.003301214978899717,0.3164686416461067,0.3294102860768852,0.3188752641444612,0.012060197610994207,0.2944812119428542,0.3432693163460682,0.3188752641444612,0.007828650774374469,0.30298225813990043,0.334768270149022,0,0,0,5.623752851656075,0.1715
171,445694,2.0,0.31049762355172705,0.003163209440426267,0.3042973106215278,0.3166979364819263,0.31073852405523494,0.01141440078256037,0.2876507192346896,0.3338263288757803,0.31073852405523494,0.005898784413347868,0.2987633550506579,0.322713693059812,0,0,0,3.47751612003284,0.1682
172,446694,2.0,0.30909054276773085,0.003084957412158893,0.30304361426300774,0.31513747127245395,0.31018798992779556,0.011052001984606041,0.28783320586530464,0.3325427739902865,0.31018798992779556,0.004903396229632395,0.300233566366666,0.32014241348892514,0,0,0,2.526362298336085,0.1707
173,447694,2.0,0.3073642698034599,0.003126872602908519,0.30123518192735427,0.3134933576795655,0.30609214065387325,0.010998653624030017,0.28384526383591835,0.32833901747182814,0.30609214065387325,0.007063644635991952,0.291752179676003,0.3204321016317435,0,0,0,5.10313796658782,0.1598
174,448694,2.0,0.3145452082141984,0.003321254181748784,0.30803510648511395,0.32105530994328285,0.31351627812683297,0.012964954049568005,0.28729218329207795,0.339740372961588,0.31351627812683297,0.008213991592880169,0.2968409886715453,0.33019156758212065,0,0,0,6.116518301701759,0.2256
175,449694,2.0,0.30664688435011705,0.003188235918442742,0.3003975161808749,0.3128962525193592,0.30583857222069344,0.012314092729387669,0.28093096866847034,0.33074617577291654,0.30583857222069344,0.005550655416754282,0.29457014265215486,0.317107001789232,0,0,0,3.0310118490875637,0.1395
176,450694,2.0,0.30808457757861357,0.0032404901157306633,0.30173278420446376,0.3144363709527634,0.30778284315534366,0.012225666217751204,0.2830540991052981,0.3325115872053892,0.30778284315534366,0.007127107379037315,0.2933140459596685,0.32225164035101883,0,0,0,4.837324277036288,0.162
177,451694,2.0,0.30744082255772315,0.003164003301884113,0.30123895355305125,0.31364269156239505,0.3058142667146358,0.011732070807833892,0.28208391361840185,0.32954461981086974,0.3058142667146358,0.006407537980109493,0.2928062730606503,0.31882226036862127,0,0,0,4.10117708496658,0.1601
178,452694,2.0,0.30458519064888545,0.0031360762966191618,0.2984380623040109,0.31073231899376,0.30434262240987664,0.011793123932554219,0.28048877771263103,0.32819646710712225,0.30434262240987664,0.008035473119021934,0.2880297447237077,0.3206555000960456,0,0,0,6.565225766027534,0.1975
179,453694,2.0,0.3004108292119646,0.003153326721023129,0.29422988773157127,0.30659177069235793,0.30174399066463636,0.01151614617287202,0.278450386366952,0.3250375949623207,0.30174399066463636,0.0067090269532026035,0.2881239418560945,0.3153640394731782,0,0,0,4.526693933981611,0.1801
180,454694,2.0,0.32114680236127807,0.003166463296104807,0.3149401114394167,0.32735349328313945,0.32079401757545634,0.013050875901622221,0.2943961293907185,0.34719190576019415,0.32079401757545634,0.005636992713335016,0.3093503139766255,0.3322377211742872,0,0,0,3.1691736057529822,0.1447
181,455694,2.0,0.3151553546973793,0.003124697146972952,0.30903053100542605,0.3212801783893326,0.3159845933713321,0.01073678820097452,0.29426738936686314,0.3377017973758011,0.3159845933713321,0.00611107217616689,0.30357845729638566,0.32839072944627856,0,0,0,3.8248901287641606,0.0797
182,456694,2.0,0.323239253050721,0.00314998546523301,0.3170648608778802,0.32941364522356176,0.32410009130515327,0.011758281075955291,0.30031672293757844,0.3478834596727281,0.32410009130515327,0.006464060299839782,0.31097735124176024,0.3372228313685463,0,0,0,4.2110820018924535,0.2288
183,457694,2.0,0.31647111548635937,0.003259763682083168,0.31008154334829363,0.3228606876244251,0.31584333426951844,0.012108823857340356,0.2913509262009516,0.3403357423380853,0.31584333426951844,0.007303481514419213,0.3010164785432662,0.3306701899957707,0,0,0,5.019814110867389,0.1721
184,458694,2.0,0.30460220998979837,0.0031012340098451165,0.2985233771799718,0.31068104279962494,0.3054548640702168,0.010837147651452949,0.28353466391652526,0.3273750642239084,0.3054548640702168,0.006158328291709641,0.2929527929804487,0.31795693515998497,0,0,0,3.943270752046874,0.1866
185,459694,2.0,0.3211751358868776,0.0031031889385370213,0.31509247115574635,0.3272578006180089,0.3220289578652501,0.011309234142727297,0.2991538726521859,0.3449040430783143,0.3220289578652501,0.006156551340699466,0.30953049417781586,0.33452742155268433,0,0,0,3.936031576965692,0.1741
186,460694,2.0,0.32917666676601326,0.003040755710705127,0.32321637949900206,0.33513695403302446,0.3275917149239839,0.01106518461456196,0.305210266475579,0.3499731633723889,0.3275917149239839,0.00665263953390547,0.31408613866241075,0.3410972911855571,0,0,0,4.786575598882823,0.2143
187,461694,2.0,0.30514161311531224,0.0030010484693448946,0.2992591573440225,0.311024068886602,0.30687745613250256,0.010888066414890683,0.284854263058346,0.3289006492066591,0.30687745613250256,0.005978601132635947,0.29474025057329184,0.3190146616917133,0,0,0,3.968744499854207,0.1674
188,462694,2.0,0.31128906329621625,0.0032381184827175885,0.30494191863948894,0.31763620795294356,0.3129972492701715,0.012665705408807607,0.2873784419439158,0.33861605659642713,0.3129972492701715,0.007147855115694559,0.29848633192981516,0.3275081666105278,0,0,0,4.872658902317761,0.1763
189,463694,2.0,0.28962011549394545,0.0031493790057858517,0.28344691206261,0.2957933189252809,0.28914421629123194,0.011933801313553061,0.2650058247327854,0.3132826078496785,0.28914421629123194,0.005629141262115347,0.27771645198577044,0.30057198059669343,0,0,0,3.1947320484348896,0.2732
190,464694,2.0,0.32113612744244047,0.0031730002439734834,0.3149166232297877,0.32735563165509324,0.31988987499973137,0.01187492977420916,0.2958705623693643,0.3439091876300984,0.31988987499973137,0.006878765809121542,0.30592523799405635,0.3338545120054064,0,0,0,4.699815799279329,0.1817
191,465694,2.0,0.31299761764590284,0.003106365540191639,0.3069087263513131,0.31908650894049256,0.3097478552157168,0.011006928613577832,0.2874842406515401,0.3320114697798935,0.3097478552157168,0.005181643307094224,0.29922856005661946,0.3202671503748141,0,0,0,2.7824662675150424,0.1786
192,466694,2.0,0.31771466845163765,0.003096982405662519,0.3116441693537843,0.323785167549491,0.3210674298706222,0.011334834587817397,0.29814056286972535,0.34399429687151906,0.3210674298706222,0.005677436633422588,0.30954162074897207,0.33259323899227233,0,0,0,3.3606796425939116,0.1963
193,467694,2.0,0.30478534458602685,0.0030854129036778414,0.29873752325709857,0.31083316591495513,0.3034940339396602,0.011168814977458995,0.2809029732971833,0.3260850945821371,0.3034940339396602,0.005797717522817692,0.29172404163083204,0.3152640262484883,0,0,0,3.530917095330099,0.1563
194,468694,2.0,0.3012397850494758,0.003172549245854183,0.2950211648533648,0.30745840524558676,0.29963218513972756,0.011745616891806808,0.27587443250243954,0.3233899377770156,0.29963218513972756,0.006865022445333414,0.2856954486458396,0.3135689216336155,0,0,0,4.682385634744727,0.203
195,469694,2.0,0.31512742702874685,0.003128206749590908,0.3089957240469767,0.321259130010517,0.31598372950702036,0.009774162024832124,0.29621362072842433,0.3357538382856164,0.31598372950702036,0.005335749887112518,0.3051515813580324,0.32681587765600834,0,0,0,2.909377194412941,0.1674
196,470694,2.0,0.3206582294051381,0.0032277798772678413,0.3143313497957488,0.32698510901452743,0.3210777089747751,0.011892792924851266,0.29702226471180104,0.3451331532377492,0.3210777089747751,0.005171200951251031,0.3105796129250647,0.3315758050244855,0,0,0,2.566699403962329,0.1868
197,471694,2.0,0.3164784143811344,0.003140758838051216,0.31032210762972867,0.3226347211325401,0.3170229703533567,0.009741788060006508,0.297318344099459,0.3367275966072544,0.3170229703533567,0.005887087006043998,0.3050715483480872,0.3289743923586262,0,0,0,3.5134334167938093,0.1982
198,472694,2.0,0.31265997470814394,0.0032738706001910578,0.30624275112669547,0.3190771982895924,0.3152373411570845,0.011596119573067071,0.2917819753889812,0.3386927069251878,0.3152373411570845,0.007511606501677297,0.2999879692441326,0.3304867130700364,0,0,0,5.264324337496892,0.2168
199,473694,2.0,0.30674783124318933,0.0030924899675488205,0.300686137923976,0.31280952456240263,0.31021970116954134,0.011641453762887893,0.2866726383473202,0.33376676399176247,0.31021970116954134,0.007713944588728944,0.29455956110187886,0.3258798412372038,0,0,0,6.222092038470142,0.2316
200,474694,2.0,0.31978002237531283,0.003117473122906181,0.3136693587352539,0.32589068601537174,0.3196264715488418,0.010931649689711886,0.29751512298043886,0.3417378201172447,0.3196264715488418,0.004784255770040665,0.3099139159793048,0.32933902711837876,0,0,0,2.3551758683047272,0.1982
201,475694,2.0,0.31270716254208963,0.0030874201605990415,0.30665540672153907,0.3187589183626402,0.3144383439634592,0.010766781321320517,0.2926604731468028,0.3362162147801156,0.3144383439634592,0.006082506996120917,0.30209019828699596,0.32678648963992246,0,0,0,3.881269172067266,0.1271
202,476694,2.0,0.3109012177579595,0.003232402837309706,0.30456527652952053,0.3172371589863984,0.3150933482846272,0.012454126874466311,0.2899024989386584,0.34028419763059603,0.3150933482846272,0.008547395018987146,0.2977412138906939,0.3324454826785605,0,0,0,6.992244277595398,0.1496
203,477694,2.0,0.30998837222809505,0.0031494908222764744,0.3038149496215056,0.3161617948346845,0.31206117742113937,0.01233659067152984,0.2871080674856258,0.33701428735665295,0.31206117742113937,0.008217186749635608,0.29537940145279046,0.3287429533894883,0,0,0,6.807154692687374,0.2014
204,478694,2.0,0.3082103557939261,0.003205405097547659,0.3019273337408011,0.31449337784705106,0.31048150321964996,0.01343512968257646,0.28330638840118616,0.33765661803811375,0.31048150321964996,0.00902777747740545,0.29215414058828926,0.32880886585101066,0,0,0,7.932239984652443,0.1824
205,479694,2.0,0.3121395686035818,0.003088973872427651,0.3060847673003586,0.31819436990680494,0.31283636977476437,0.010878896528019422,0.29083172454752004,0.3348410150020087,0.31283636977476437,0.007521634838011285,0.29756663925671367,0.32810610029281506,0,0,0,5.929198921344282,0.2043
206,480694,2.0,0.3176306324516559,0.0031113032216544146,0.31153206264200245,0.32372920226130936,0.31682712797533746,0.011233942824051718,0.29410433382891593,0.339549922121759,0.31682712797533746,0.005675482309416358,0.30530528634234677,0.32834896960832816,0,0,0,3.327521507738213,0.1659
207,481694,2.0,0.32123639402518994,0.0031994812496369983,0.3149649835050629,0.32750780454531697,0.3205855887779468,0.01071017822937005,0.2989222085214246,0.342248969034469,0.3205855887779468,0.006349125052561793,0.3076961796712882,0.3334749978846054,0,0,0,3.9379357254998992,0.179
208,482694,2.0,0.29936175044773067,0.0031846351294673204,0.29311944030574333,0.305604060589718,0.3004661264126167,0.012264291128301533,0.2756592561067138,0.3252729967185196,0.3004661264126167,0.00616763748763263,0.2879451566503997,0.3129870961748337,0,0,0,3.7507517106044124,0.1477
209,483694,2.0,0.31697156076141547,0.0032657815987094615,0.3105701927031068,0.3233729288197241,0.3184520619829643,0.014067282576072461,0.2899982972467512,0.34690582671917736,0.3184520619829643,0.007743184481377334,0.30273256177741514,0.3341715621885134,0,0,0,5.621664683785683,0.1343
210,484694,2.0,0.31972604984608677,0.00320433732362708,0.3134451207724407,0.32600697891973285,0.3183421009065693,0.011990445265158184,0.29408913614153603,0.34259506567160253,0.3183421009065693,0.0054114866657837685,0.30735619892274063,0.32932800289039793,0,0,0,2.8520473306272383,0.1739
211,485694,2.0,0.31178213746517924,0.0032695522259479437,0.30537337847393936,0.3181908964564191,0.31045507048023674,0.011369529914133354,0.2874580255578329,0.3334521154026406,0.31045507048023674,0.007036892841063132,0.2961694185333464,0.3247407224271271,0,0,0,4.63217882859385,0.1409
212,486694,2.0,0.32512243031974536,0.0033538468479143257,0.31854844261242843,0.3316964180270623,0.3254817207880066,0.01224466768428219,0.30071454264414144,0.3502488989318717,0.3254817207880066,0.008469996723495212,0.30828671328738455,0.3426767282886286,0,0,0,6.377934149953583,0.2569
213,487694,2.0,0.29907317913139786,0.0031991396373978616,0.29280243821687973,0.305343920045916,0.2979131508926308,0.01218005563366862,0.2732766629568667,0.32254963882839494,0.2979131508926308,0.00662371491117704,0.2844662947369803,0.3113600070482813,0,0,0,4.286836010253243,0.1221
214,488694,2.0,0.3185687788448421,0.0030458324312551753,0.31259854052758834,0.3245390171620958,0.3199980988445889,0.009149575045188828,0.3014913364784905,0.3385048612106873,0.3199980988445889,0.0060248671882241036,0.3077669681991198,0.332229229490058,0,0,0,3.912757588014604,0.2163
215,489694,2.0,0.3237535459850676,0.0032543401868551196,0.31737460462192296,0.33013248734821227,0.32180554663501265,0.012558117126984748,0.2964043571495025,0.34720673612052283,0.32180554663501265,0.007616088266899929,0.30634406546212467,0.33726702780790063,0,0,0,5.47694070244578,0.1768
216,490694,2.0,0.3142893901738188,0.003169048755178551,0.30807763140690086,0.3205011489407367,0.31400443673249173,0.011468390930725705,0.29080742652948094,0.3372014469355025,0.31400443673249173,0.006874232354490708,0.3000490031290051,0.32795987033597834,0,0,0,4.705335268083237,0.1918
217,491694,2.0,0.31077309165702205,0.003057414203590187,0.304780151519318,0.3167660317947261,0.3139136327300105,0.010096565301687276,0.2934914017707294,0.3343358636892916,0.3139136327300105,0.004910576991413207,0.3039446314474588,0.3238826340125622,0,0,0,2.5796244915294837,0.1896
218,492694,2.0,0.3198141449368372,0.0029996318185736633,0.31393446599024394,0.32569382388343043,0.3196480937626087,0.010005789372786018,0.2994094744504741,0.33988671307474333,0.3196480937626087,0.005718922069002383,0.30803806472928114,0.3312581227959363,0,0,0,3.6348998838141346,0.2199
219,493694,2.0,0.3199646382714117,0.003227044093305579,0.31363920089684777,0.3262900756459756,0.31957380028613636,0.012832371248670427,0.2936178794789099,0.34552972109336283,0.31957380028613636,0.008878079013863786,0.3015503416924585,0.33759725887981423,0,0,0,7.568820621749677,0.1958
220,494694,2.0,0.3053342487490609,0.0031314043712974307,0.2991962780017235,0.3114722194963983,0.30665539026110994,0.011060259062161208,0.28428390468282216,0.3290268758393977,0.30665539026110994,0.005386235430831637,0.29572075100955575,0.31759002951266413,0,0,0,2.958641589179321,0.2113
221,495694,2.0,0.3154963191864944,0.0031404337552634167,0.3093406496407656,0.3216519887322232,0.3152643370254216,0.011648135147273232,0.291703759827671,0.33882491422317224,0.3152643370254216,0.006271732251073452,0.30253204365865405,0.3279966303921892,0,0,0,3.9883727959407826,0.2128
222,496694,2.0,0.32134671459355413,0.0032366956762083523,0.31500235882759187,0.3276910703595164,0.32020950404014287,0.012182954174637852,0.29556715325187893,0.3448518548284068,0.32020950404014287,0.007732651698564135,0.30451138652048937,0.33590762155979637,0,0,0,5.707595174534588,0.1789
223,497694,2.0,0.30451207564915256,0.003074521221234796,0.2984856034723291,0.310538547825976,0.3033325941432245,0.010443048602661192,0.2822095345571191,0.3244556537293299,0.3033325941432245,0.005907673183974456,0.29133937997492604,0.31532580831152296,0,0,0,3.692138072707618,0.192
224,498694,2.0,0.30418956826588933,0.0031446432681662023,0.29802564751271676,0.3103534890190619,0.3027245678220134,0.011334834247900624,0.2797977015086631,0.3256514341353637,0.3027245678220134,0.0066680709450529264,0.2891876641303257,0.3162614715137011,0,0,0,4.496324557212803,0.2342
225,499694,2.0,0.3107364697381394,0.0032443275852323717,0.30437715441129604,0.31709578506498276,0.31120304169841284,0.011536976180075806,0.2878673047342931,0.33453877866253257,0.31120304169841284,0.007229051674751046,0.29652728657976934,0.32587879681705634,0,0,0,4.964931488061961,0.1702
226,500694,2.0,0.30879770088484837,0.003193853156205822,0.3025373221794434,0.31505807959025334,0.3086361699180073,0.011873420178487998,0.28461991073319837,0.3326524291028162,0.3086361699180073,0.007378238892634073,0.29365754864554583,0.32361479119046876,0,0,0,5.336733745606076,0.1908
227,501694,2.0,0.3127024762654017,0.0031313891924889628,0.30656453527055594,0.3188404172602475,0.31348929663909075,0.010949401438595067,0.2913420417694071,0.3356365515087744,0.31348929663909075,0.005529351098233638,0.30226411713648693,0.3247144761416946,0,0,0,3.1179865532525883,0.1342
228,502694,2.0,0.3190587127077145,0.003270138683002692,0.3126488041823296,0.32546862123309944,0.3176242435396784,0.012029202528839135,0.29329288480931226,0.3419556022700445,0.3176242435396784,0.0066802058545668945,0.30406270467197777,0.331185782407379,0,0,0,4.172990052472179,0.1637
229,503694,2.0,0.3143095689916154,0.0031867241542811553,0.3080631640820166,0.32055597390121415,0.31240364493839506,0.012278569826554184,0.2875678932391866,0.33723939663760355,0.31240364493839506,0.007329555520366601,0.2975238561659478,0.32728343371084234,0,0,0,5.290129864999779,0.1405
230,504694,2.0,0.3098081841119947,0.0031699174142958693,0.3035947226572028,0.3160216455667866,0.3086928999866137,0.011315248982201931,0.2858056486123587,0.3315801513608687,0.3086928999866137,0.006486237797558448,0.29552513720927326,0.32186066276395414,0,0,0,4.186873484370711,0.2019
231,505694,2.0,0.3289564929402255,0.003226371132878263,0.3226323746579688,0.3352806112224822,0.3302272124505766,0.011927359847288535,0.30610184998745504,0.3543525749136982,0.3302272124505766,0.006135666993379115,0.31777114624221375,0.3426832786589395,0,0,0,3.6165536736083364,0.2033
232,506694,2.0,0.30389909220802525,0.003124468712367078,0.2977747162784055,0.310023468137645,0.30415797100294173,0.01212862416037859,0.2796255130412055,0.328690428964678,0.30415797100294173,0.005110076792499897,0.2937839635925196,0.31453197841336383,0,0,0,2.6748688486234675,0.1662
233,507694,2.0,0.31190103834597416,0.0030818639055382128,0.3058601735273462,0.31794190316460214,0.31258084595965213,0.011361594332042977,0.2895998522670877,0.3355618396522166,0.31258084595965213,0.006497479090590066,0.2993902621442044,0.3257714297750999,0,0,0,4.4449089397033985,0.1805
234,508694,2.0,0.3195453787967482,0.003126615356594747,0.3134167951577712,0.3256739624357252,0.3195610948936487,0.01015238334394113,0.29902596128712655,0.34009622850017085,0.3195610948936487,0.005619713654628186,0.3081524696488913,0.3309697201384061,0,0,0,3.2305722717525853,0.1791
235,509694,2.0,0.3145557952907983,0.003197488030109982,0.30828829174712635,0.32082329883447025,0.3146855255047207,0.011478024800191186,0.2914690289614172,0.33790202204802416,0.3146855255047207,0.005288390333882449,0.30394952236022343,0.3254215286492179,0,0,0,2.735452329658025,0.1411
236,510694,2.0,0.3174182792578072,0.0031411137553212223,0.3112612768211553,0.3235752816944591,0.3196830244550882,0.012029021696122409,0.29535203149341627,0.3440140174167602,0.3196830244550882,0.006622546046868829,0.30623854122013683,0.3331275076900396,0,0,0,4.445111344869672,0.1718
237,511694,2.0,0.31868173683384216,0.003265101970020132,0.3122817009385248,0.3250817727291595,0.32109683646797627,0.011260776006818395,0.2983197670864169,0.34387390584953564,0.32109683646797627,0.0068676693673061055,0.30715472643680614,0.3350389464991464,0,0,0,4.424103303681406,0.1303
238,512694,2.0,0.31834225274898437,0.0032708242530914223,0.3119310004146719,0.3247535050832968,0.31949856137307125,0.013932650523088005,0.29131711566797575,0.34768000707816676,0.31949856137307125,0.005617897947859011,0.30809362220902137,0.33090350053712114,0,0,0,2.9500764639355324,0.1905
239,513694,2.0,0.31272678806189075,0.0031381329499574322,0.3065756284018199,0.3188779477219616,0.3100762556675266,0.011851718994324736,0.28610389127087876,0.33404862006417446,0.3100762556675266,0.007243461469941356,0.2953712471094228,0.3247812642256304,0,0,0,5.327821066990104,0.1804
240,514694,2.0,0.3177708059629715,0.0030831245754231887,0.3117274700630144,0.3238141418629287,0.3182700043738506,0.010894985601421629,0.29623281592392386,0.34030719282377736,0.3182700043738506,0.005402656544893031,0.3073020284884497,0.32923798025925155,0,0,0,3.070665950697725,0.2285
241,515694,2.0,0.31739036791953423,0.003102314970228223,0.31130941628300124,0.3234713195560672,0.3184054627544071,0.011831827272964474,0.2944733331619386,0.34233759234687566,0.3184054627544071,0.00576340745112658,0.30670512359413793,0.3301058019146763,0,0,0,3.45133304948095,0.1934
242,516694,2.0,0.31163650037623714,0.0031118228711924786,0.3055369119840931,0.31773608876838116,0.3118026480291238,0.011101943005048003,0.28934684871804756,0.3342584473402,0.3118026480291238,0.005528754750818611,0.3005786791761352,0.32302661688211237,0,0,0,3.1566389735380564,0.1801
243,517694,2.0,0.30415679215877656,0.0031123987897076558,0.2980560748894324,0.3102575094281207,0.30094652856140597,0.011805827757626989,0.2770669879525359,0.324826069170276,0.30094652856140597,0.005769219449361589,0.2892343904174409,0.312658666705371,0,0,0,3.4359247386944443,0.1689
244,518694,2.0,0.31843652136396394,0.0032152349467407674,0.3121342314937052,0.32473881123422266,0.3164607968851318,0.012125049152372941,0.2919355700596276,0.34098602371063597,0.3164607968851318,0.007128573765797492,0.3019890227660689,0.33093257100419465,0,0,0,4.915637727708,0.1604
245,519694,2.0,0.31949951635741836,0.003181555722443371,0.31326324226443364,0.3257357904504031,0.3176130183643226,0.011652542990181649,0.29404352546274415,0.34118251126590105,0.3176130183643226,0.005948133879851603,0.3055376646165414,0.3296883721121038,0,0,0,3.495283461769933,0.1663
246,520694,2.0,0.3140759619442859,0.0030969619711483675,0.30800550290080914,0.32014642098776264,0.31333354958526255,0.011682194019727064,0.2897040818154529,0.3369630173550722,0.31333354958526255,0.0067251594729523835,0.299680750020474,0.3269863491500511,0,0,0,4.7155616743804725,0.212
247,521694,2.0,0.3118199935586144,0.0031670496980532813,0.3056121532106236,0.31802783390660516,0.3109848391285094,0.011472040461412656,0.28778044705291567,0.3341892312041031,0.3109848391285094,0.006657445272695029,0.29746950669851846,0.3245001715585003,0,0,0,4.418811271151377,0.2044
248,522694,2.0,0.3127877249508622,0.0031485827589774642,0.306616082269605,0.3189593676321194,0.3122465311973324,0.011828065540946547,0.28832201042606015,0.3361710519686047,0.3122465311973324,0.005602915919259795,0.3008720071683231,0.32362105522634177,0,0,0,3.166634831144648,0.2081
249,523694,2.0,0.3077660295605044,0.003134489855635073,0.301622010851818,0.31391004826919083,0.30907885690187803,0.010943481027968808,0.28694357719301095,0.3312141366107451,0.30907885690187803,0.006515880172389977,0.2958509169043799,0.32230679689937614,0,0,0,4.321280329452978,0.1627
250,524694,2.0,0.3139305689803401,0.0031018322110372837,0.3078505636162908,0.3200105743443894,0.31598335448472425,0.011691672409236513,0.2923347148625172,0.3396319941069313,0.31598335448472425,0.007133530106572977,0.30150151845895795,0.33046519051049056,0,0,0,5.2889857118303265,0.1304
251,525694,2.0,0.3113551331421203,0.003163252972493868,0.3051547348832551,0.3175555314009855,0.3136059936046821,0.012601097299089248,0.2881178685153145,0.3390941186940497,0.3136059936046821,0.008087527821946827,0.29718743925340263,0.3300245479559616,0,0,0,6.536777848274066,0.2275
252,526694,2.0,0.3169023249419967,0.003085919848456376,0.31085350993360317,0.32295113995039026,0.31728036492082395,0.011674912810301979,0.29366562478720526,0.34089510505444265,0.31728036492082395,0.006524048963592361,0.3040358413955417,0.3305248884461062,0,0,0,4.469563790370453,0.1557
253,527694,2.0,0.3082576430905084,0.003028441730440179,0.30232149286927207,0.31419379331174474,0.30903314061043924,0.01172197582963292,0.28532320653495036,0.3327430746859281,0.30903314061043924,0.005913237158786755,0.2970286309727617,0.32103765024811676,0,0,0,3.8125201776909194,0.2183
254,528694,2.0,0.3111542482245376,0.0032165952328672676,0.30484929201181316,0.317459204437262,0.3145725886521603,0.011502928675697128,0.29130571926599724,0.3378394580383234,0.3145725886521603,0.0066722764297537564,0.3010271473726393,0.3281180299316813,0,0,0,4.302840357793486,0.1705
255,529694,2.0,0.31167599806752827,0.003208751488132793,0.30538641664196675,0.3179655794930898,0.30855547210022394,0.012830498580175894,0.2826033391225576,0.3345076050778903,0.30855547210022394,0.00872029492014118,0.29085233224616414,0.32625861195428374,0,0,0,7.385674776090095,0.2176
256,530694,2.0,0.31682407347271224,0.00316336366166141,0.31062345824829685,0.32302468869712764,0.31605862942860513,0.010325471549545374,0.29517339188024183,0.33694386697696843,0.31605862942860513,0.006564178701198893,0.30273263820484925,0.329384620652361,0,0,0,4.305886206460463,0.1797
257,531694,2.0,0.31716308821930855,0.0030311550576458553,0.3112216195144011,0.323104556924216,0.3166053547466936,0.01001437500477445,0.29634936935469325,0.33686134013869395,0.3166053547466936,0.00507035171768233,0.30631199352560895,0.32689871596777825,0,0,0,2.798078319215096,0.1388
258,532694,2.0,0.31320419494720303,0.003213936052738414,0.30690445108264813,0.3195039388117579,0.3127672476360347,0.012107072847248537,0.2882783813196815,0.3372561139523879,0.3127672476360347,0.006901588114050075,0.2987562788881833,0.3267782163838861,0,0,0,4.611302485242624,0.2296
259,533694,2.0,0.31826310477545605,0.0031901608692227706,0.3120099634456198,0.3245162461052923,0.31731846185011325,0.011620051407720839,0.29381468937735594,0.34082223432287057,0.31731846185011325,0.006029704426669092,0.30507751108852615,0.32955941261170035,0,0,0,3.572455931640559,0.2178
260,534694,2.0,0.3147673014332986,0.0031945923956928387,0.3085054737197782,0.321029129146819,0.3170172200123346,0.011001611224165181,0.2947643608834412,0.33927007914122803,0.3170172200123346,0.007139076911794374,0.3025241233733119,0.33151031665135733,0,0,0,4.994053775625085,0.1831
261,535694,2.0,0.31395646414119033,0.0031862890910280654,0.3077109120136676,0.32020201626871303,0.31321667955551796,0.011053246940429222,0.2908593773321877,0.33557398177884823,0.31321667955551796,0.0051395837683516,0.3027827697994806,0.3236505893115553,0,0,0,2.601869705130019,0.1957
262,536694,2.0,0.3094618295164847,0.003167712540532229,0.30325268990871673,0.3156709691242527,0.3079589814452425,0.012428509090211821,0.2828199489588767,0.33309801393160826,0.3079589814452425,0.006609035021336725,0.2945419270503426,0.32137603584014235,0,0,0,4.352959019828077,0.1612
263,537694,2.0,0.31651144826138505,0.0030920493013931643,0.31045061870668506,0.32257227781608505,0.31585235959163416,0.010908414308062471,0.2937880090187171,0.3379167101645512,0.31585235959163416,0.0045730256545782775,0.3065686239541826,0.3251360952290857,0,0,0,2.1873307361571146,0.2142
264,538694,2.0,0.31544852818127134,0.003154015049149205,0.30926623748582893,0.32163081887671374,0.31845362371099517,0.01159696990312336,0.29499653798800796,0.3419107094339824,0.31845362371099517,0.00444784286053708,0.30942402265620716,0.3274832247657832,0,0,0,1.988709501087621,0.2159
265,539694,2.0,0.3111920013142844,0.003195579936517637,0.30492823788886747,0.3174557647397014,0.3111828495935473,0.01287899427535934,0.28513262481357254,0.33723307437352207,0.3111828495935473,0.007307975636161674,0.29634687031511514,0.32601882887197947,0,0,0,5.2299171624593415,0.1652
266,540694,2.0,0.3281267044015325,0.0031787099702225274,0.3218960083629332,0.33435740044013185,0.32781405479992565,0.01257144724662333,0.3023859026024595,0.3532422069973918,0.32781405479992565,0.007469078716226125,0.3126510188813891,0.3429770907184622,0,0,0,5.521184558875991,0.1697
267,541694,2.0,0.31380156699677214,0.003108518811935473,0.30770845500200844,0.31989467899153584,0.3133172752138753,0.010795380963906044,0.2914815561598449,0.33515299426790574,0.3133172752138753,0.005711775407969622,0.3017217546737708,0.3249127957539798,0,0,0,3.376255033230887,0.1887
268,542694,2.0,0.31776111032099036,0.0031250444293334967,0.311635605909233,0.3238866147327477,0.31877472147605945,0.011484288783794785,0.2955455548299977,0.3420038881221212,0.31877472147605945,0.0070414725470009576,0.3044797722318357,0.3330696707202832,0,0,0,5.077086801690035,0.2192
269,543694,2.0,0.31772497092150404,0.0032132620832252125,0.31142654812719944,0.3240233937158086,0.321113325045054,0.013398204912004701,0.2940128976247502,0.34821375246535785,0.321113325045054,0.008976116365610857,0.30289084004632977,0.3393358100437783,0,0,0,7.803414019028016,0.1845
270,544694,2.0,0.3163624777119623,0.0030313146128563228,0.3104206962575347,0.3223042591663899,0.31628109620587225,0.010216723363182224,0.2956158226266361,0.3369463697851084,0.31628109620587225,0.005469770284648342,0.30517687218529954,0.32738532022644495,0,0,0,3.2559381686916,0.2645
271,545694,2.0,0.3165358022469343,0.0031644706360638942,0.31033301720486045,0.3227385872890081,0.31642779759875195,0.012178786700354596,0.29179387632288023,0.34106171887462366,0.31642779759875195,0.006998405739281702,0.3022202786223235,0.3306353165751804,0,0,0,4.890982341436966,0.1818
272,546694,2.0,0.3044627483595014,0.0031412206862879784,0.29830553632387463,0.3106199603951281,0.303960394059163,0.010288707619671903,0.2831495185779396,0.3247712695403864,0.303960394059163,0.005129915443918076,0.293546112045211,0.3143746760731149,0,0,0,2.6670030713717656,0.2098
273,547694,2.0,0.3149904064164613,0.0031119835827713546,0.3088905030081606,0.321090309824762,0.31677829126323076,0.010720885895240983,0.29509325270817666,0.33846332981828486,0.31677829126323076,0.005640051895446951,0.30532837719454053,0.328228205331921,0,0,0,3.2846689542277923,0.1704
274,548694,2.0,0.31024696424630516,0.003254889764978299,0.3038669456366463,0.316626982855964,0.3105011730192547,0.013714734270415892,0.2827605045397675,0.33824184149874187,0.3105011730192547,0.006989137851588991,0.2963124688551093,0.32468987718340003,0,0,0,4.610782578459832,0.1706
275,549694,2.0,0.31975004262133494,0.0031317628710040503,0.3136113691666972,0.3258887160759727,0.32329451810058984,0.010945315882175906,0.3011555270487785,0.3454335091524012,0.32329451810058984,0.00718105357716323,0.3087162043004003,0.3378728319007794,0,0,0,5.25773377663896,0.1825
276,550694,2.0,0.31354317057068903,0.0032405485176021116,0.307191262721072,0.31989507842030607,0.31286190525159097,0.012667949140873441,0.2872385595488588,0.33848525095432314,0.31286190525159097,0.008280105641769661,0.296052397141484,0.3296714133616979,0,0,0,6.5288200612781875,0.1099
277,551694,2.0,0.3018345633866827,0.003190469935142148,0.2955808162463706,0.30808831052699476,0.30244465249431446,0.012245964992483847,0.27767485029692934,0.3272144546916996,0.30244465249431446,0.005662083212018348,0.2909500124751828,0.3139392925134461,0,0,0,3.1495113828184174,0.1834
278,552694,2.0,0.3166400514198913,0.0031406617813453737,0.31048393491259035,0.3227961679271923,0.31800521973354534,0.01192870607873732,0.29387713426029605,0.34213330520679464,0.31800521973354534,0.007163330655198169,0.3034628853777488,0.3325475540893419,0,0,0,5.202207340265308,0.2109
279,553694,2.0,0.3268502304699019,0.00313589477207275,0.32070345793737975,0.3329970030024241,0.32634793036293164,0.010831614474407388,0.30443892211620904,0.34825693860965423,0.32634793036293164,0.006340729015519585,0.3134755661176383,0.33922029460822495,0,0,0,4.088419245581985,0.2307
280,554694,2.0,0.3093834556023532,0.0032717969546336026,0.3029702966431198,0.3157966145615866,0.3118504611289208,0.012442203306083059,0.2866837294764552,0.33701719278138637,0.3118504611289208,0.009284459721211105,0.29300200583936914,0.33069891641847243,0,0,0,8.05268266931893,0.1556
281,555694,2.0,0.3121677170394088,0.0031044947978337454,0.3060824926496666,0.31825294142915106,0.3123919840039813,0.010786213508511742,0.2905748078787368,0.33420916012922586,0.3123919840039813,0.0043425862755355924,0.3035760651769054,0.32120790283105727,0,0,0,1.9566585188310723,0.2252
282,556694,2.0,0.3121045354533328,0.003144305257403991,0.30594127724639336,0.3182677936602722,0.31023414120936427,0.011919994402598085,0.28612367676434014,0.3343446056543884,0.31023414120936427,0.005170246268717921,0.29973798326823325,0.3207302991504953,0,0,0,2.703790613448789,0.1342
283,557694,2.0,0.3117525327418129,0.0031503836334139984,0.30557736010616454,0.3179277053774613,0.31215266108136647,0.011654356224825992,0.28857950056653703,0.3357258215961959,0.31215266108136647,0.006461566359526931,0.29903498398597517,0.32527033817675777,0,0,0,4.206769654602382,0.2015
284,558694,2.0,0.305155006978857,0.003212527684362865,0.298858023704397,0.311451990253317,0.30345322339157205,0.01298352235548349,0.2771915706130413,0.3297148761701028,0.30345322339157205,0.007140825734671439,0.2889565764533615,0.3179498703297826,0,0,0,4.940866406670387,0.1727
285,559694,2.0,0.30593919513338913,0.0032485585384073707,0.29957158657330524,0.312306803693473,0.30577748439219604,0.012734363928170754,0.2800198021022414,0.33153516668215066,0.30577748439219604,0.00708485722192648,0.2913944595754414,0.32016050920895067,0,0,0,4.756426727955295,0.1905
286,560694,2.0,0.31848469391389783,0.003285689159369812,0.3120443043781639,0.3249250834496318,0.3157232424590867,0.013358484476711984,0.2887031572025893,0.342743327715584,0.3157232424590867,0.007999595071279326,0.29948320108209014,0.3319632838360832,0,0,0,5.9276569045869385,0.1513
287,561694,2.0,0.30702324401229264,0.0030250028047264354,0.3010938345447024,0.3129526534798829,0.30757766208528453,0.010562511826705387,0.2862129653206267,0.3289423588499424,0.30757766208528453,0.005531322810101081,0.29634847979478635,0.3188068443757827,0,0,0,3.3435394078931613,0.2546
288,562694,2.0,0.3171749441645165,0.0031488615516012957,0.3110027550124856,0.32334713331654746,0.31542438090542285,0.010764925152500483,0.29365026454458476,0.33719849726626094,0.31542438090542285,0.005978313809215667,0.3032877586437656,0.3275610031670801,0,0,0,3.6045436056619953,0.1469
289,563694,2.0,0.3221546050315344,0.003248229758680408,0.3157876409236219,0.32852156913944697,0.3226217241826231,0.013370996534667275,0.2955763309001086,0.34966711746513757,0.3226217241826231,0.008204300953216287,0.3059661077717469,0.3392773405934993,0,0,0,6.379544691835147,0.2052
290,564694,2.0,0.3130367581524003,0.0032151504253893656,0.3067346339552776,0.31933888234952296,0.31321087148578153,0.012260445184008824,0.28841178033647846,0.3380099626350846,0.31321087148578153,0.007780511352323139,0.29741559370358855,0.3290061492679745,0,0,0,5.856170166272598,0.2697
291,565694,2.0,0.3108377418060534,0.00309621361777684,0.3047687496351228,0.316906733976984,0.3124629347464456,0.011306723488123605,0.28959292781165163,0.33533294168123956,0.3124629347464456,0.0066216709885429095,0.29902022797433936,0.32590564151855184,0,0,0,4.573759909246016,0.192
292,566694,2.0,0.3121857984635915,0.003073823130482738,0.3061606946378678,0.3182109022893152,0.31468735666943304,0.011308323732319438,0.2918141129352343,0.3375606004036318,0.31468735666943304,0.00643182544090964,0.30163005684872013,0.32774465649014595,0,0,0,4.378352763579704,0.1518
293,567694,2.0,0.31025818350638834,0.0031108331371174345,0.30416053512520425,0.31635583188757244,0.30659999529677423,0.010570294249758758,0.28521955709567043,0.32798043349787803,0.30659999529677423,0.006865485243192464,0.29266231927328346,0.320537671320265,0,0,0,4.870673779468107,0.1999
294,568694,2.0,0.31682238210604985,0.0030017259154666025,0.3109385984498928,0.3227061657622069,0.31757743739859046,0.009410449216415283,0.2985430072150802,0.3366118675821007,0.31757743739859046,0.004947230059869623,0.3075340264311707,0.3276208483660102,0,0,0,2.716327584797571,0.247
295,569694,2.0,0.3219447983784792,0.0032230522806903413,0.31562718548972296,0.3282624112672355,0.322528936928482,0.012379120386952578,0.29748980252375107,0.34756807133321294,0.322528936928482,0.006382395860555177,0.30957198449073675,0.33548588936622725,0,0,0,3.921324422168544,0.1668
296,570694,2.0,0.3066253171356502,0.003244476703642332,0.3002657095168095,0.31298492475449097,0.30531734857821846,0.012688199733115243,0.2796530421864334,0.33098165497000354,0.30531734857821846,0.008597799765316374,0.28786288710914076,0.32277181004729616,0,0,0,7.022396271335031,0.1899
297,571694,2.0,0.32240149664917833,0.003062338551986461,0.3163989041310014,0.32840408916735525,0.3210794302640712,0.010721318961933006,0.29939351574895134,0.3427653447791911,0.3210794302640712,0.00557713682360303,0.30975724058153775,0.33240161994660467,0,0,0,3.31677640133932,0.199
298,572694,2.0,0.3129962289390757,0.003244748816366074,0.3066360879429575,0.3193563699351939,0.31209806314551397,0.012471459309908978,0.28687215563975316,0.3373239706512748,0.31209806314551397,0.006601125431073798,0.2986970660725161,0.3254990602185118,0,0,0,4.138793942287183,0.1797
299,573694,2.0,0.3207362107513122,0.003263258393141238,0.3143397885128757,0.3271326329897487,0.31957024278237384,0.012833783445403433,0.2936114655376382,0.34552902002710945,0.31957024278237384,0.006824028118021944,0.30571672919737425,0.3334237563673734,0,0,0,4.372992050972443,0.1662
300,574694,2.0,0.3149251593378644,0.0030579923746018194,0.30893108590776636,0.32091923276796247,0.31392426332761436,0.010601690167490716,0.2924803208887879,0.33536820576644083,0.31392426332761436,0.0063095136292777455,0.301115269685414,0.3267332569698147,0,0,0,4.257150163145258,0.1618
301,575694,2.0,0.3175963360118326,0.0031913355605408234,0.31134089213014027,0.323851779893525,0.31691632720871976,0.012261739248906889,0.29211461856609744,0.3417180358513421,0.31691632720871976,0.007319147460571865,0.30205766792097943,0.3317749864964601,0,0,0,5.259882603224564,0.1668
302,576694,2.0,0.30586049107255087,0.003027714880966419,0.2999257655733493,0.3117952165717524,0.3059041316292989,0.009973095327850179,0.2857316422649953,0.3260766209936025,0.3059041316292989,0.004466377659015661,0.296836902933171,0.31497136032542683,0,0,0,2.1761104487060687,0.1861
303,577694,2.0,0.3183931588023856,0.0032053901259201413,0.31211016609564995,0.32467615150912127,0.3141132723640315,0.012859667311753078,0.28810214005785506,0.340124404670208,0.3141132723640315,0.007001621515572018,0.2998992250146606,0.32832731971340245,0,0,0,4.771286239230877,0.1594
304,578694,2.0,0.31089446524750314,0.003093171828757385,0.3048314353892627,0.31695749510574356,0.3136031584673385,0.011701304113105864,0.28993503688517047,0.3372712800495065,0.3136031584673385,0.006614013144798391,0.3001759979445313,0.3270303189901457,0,0,0,4.572166266324707,0.1943
305,579694,2.0,0.31783955911256073,0.0031451014004209746,0.31167474035898807,0.3240043778661334,0.3180251307550628,0.012342868219123318,0.29305932328103174,0.3429909382290938,0.3180251307550628,0.0052579453972410725,0.3073509341178163,0.3286993273923093,0,0,0,2.7948778993418184,0.1479
306,580694,2.0,0.32367980891282033,0.0031540300039400817,0.3174974889039907,0.32986212892164996,0.32220679534816826,0.011983271503796458,0.29796834088510393,0.3464452498112326,0.32220679534816826,0.00650173016071548,0.3090075814015554,0.33540600929478115,0,0,0,4.249386574707408,0.187
307,581694,2.0,0.31823612796443335,0.003201698241644816,0.3119603718439055,0.3245118840849612,0.3162124167494062,0.011794483136196729,0.29235582280329436,0.34006901069551804,0.3162124167494062,0.007012744838804541,0.30197578785335244,0.33044904564545996,0,0,0,4.797503270610548,0.2099
308,582694,2.0,0.31539376143947073,0.0033038136491524124,0.3089178454833499,0.3218696773955916,0.31421681805806206,0.01109951713384005,0.29176592553465136,0.33666771058147277,0.31421681805806206,0.006279603799095603,0.3014685445992471,0.326965091516877,0,0,0,3.612712493317156,0.1699
309,583694,2.0,0.31741412529916185,0.0031109504378812893,0.3113162469928158,0.3235120036055079,0.3170700098123377,0.011728475785706705,0.2933469283347177,0.34079309128995766,0.3170700098123377,0.005265525874250837,0.30638042398861376,0.3277595956360616,0,0,0,2.8648198551825916,0.2095
310,584694,2.0,0.31967310855005454,0.0030584478601405293,0.3136781423074734,0.3256680747926357,0.3216501546809892,0.011225582553985926,0.29894427077691876,0.3443560385850596,0.3216501546809892,0.00555799998920858,0.3103668148376815,0.3329334945242968,0,0,0,3.302439886082546,0.2123
311,585694,2.0,0.317679865324939,0.0031035632221571583,0.31159646694792903,0.323763263701949,0.31720709408370107,0.011444422416390574,0.2940585647770027,0.34035562339039943,0.31720709408370107,0.006177994286913595,0.30466509890115245,0.3297490892662497,0,0,0,3.9625413864587933,0.1448
312,586694,2.0,0.30955148602239313,0.003049231083874185,0.3035745858921372,0.31552838615264905,0.30892172296149734,0.010290595506486658,0.28810702886875567,0.329736417054239,0.30892172296149734,0.004492051036316701,0.2998023745385656,0.31804107138442905,0,0,0,2.1702446137970424,0.2099
313,587694,2.0,0.3068522290490508,0.00320546540438861,0.30056908878646393,0.31313536931163766,0.30349580352862426,0.012448608463613653,0.27831611622218017,0.32867549083506836,0.30349580352862426,0.006786546609256688,0.2897183814517318,0.31727322560551674,0,0,0,4.482450312775327,0.2214
314,588694,2.0,0.3165853591889818,0.0031847942081032633,0.31034273723162403,0.32282798114633954,0.3159260405437193,0.012112491106704612,0.2914262147631619,0.34042586632427674,0.3159260405437193,0.00905720582617057,0.2975389351882152,0.3343131458992234,0,0,0,8.087712878261087,0.202
315,589694,2.0,0.3115273969958307,0.003146005077647656,0.30536080691421325,0.31769398707744817,0.31081012475508696,0.011560089371838236,0.2874276369478563,0.33419261256231764,0.31081012475508696,0.006596068806957379,0.297419393174798,0.32420085633537593,0,0,0,4.395937571573112,0.1638
316,590694,2.0,0.30799248412173796,0.0032628708380869134,0.3015968215429635,0.3143881467005124,0.3071892803824302,0.01207417196989502,0.2827669623719612,0.3316115983928992,0.3071892803824302,0.007768158278147008,0.2914190806740604,0.3229594800908,0,0,0,5.6680851622720825,0.1771
317,591694,2.0,0.3242028055302425,0.0031028819626055127,0.3181207425129317,0.3302848685475533,0.3228612234196528,0.01003667219204842,0.302560137709411,0.3431623091298946,0.3228612234196528,0.00513367307945241,0.3124393130000111,0.3332831338392945,0,0,0,2.73732212479468,0.1872
318,592694,2.0,0.3025990278764347,0.0031305794335171914,0.2964626741173119,0.3087353816355575,0.30306184778731204,0.010754410575148008,0.28130899916661284,0.32481469640801125,0.30306184778731204,0.006632407563841983,0.2895973446085689,0.3165263509660552,0,0,0,4.488414495130213,0.1389
319,593694,2.0,0.31513335702660056,0.0030633174641927514,0.30912884570977167,0.32113786834342944,0.31798030120148096,0.011761587851524565,0.29419024424898754,0.3417703581539744,0.31798030120148096,0.006114368143437939,0.30556747395724626,0.33039312844571567,0,0,0,3.9839983876619223,0.2091
320,594694,2.0,0.30968607414560706,0.0032008553093091606,0.3034119702850255,0.31596017800618864,0.30925460890741435,0.011795750749309587,0.28539545097176905,0.33311376684305966,0.30925460890741435,0.007334721952039721,0.2943643317210667,0.324144886093762,0,0,0,5.250917856961452,0.166
321,595694,2.0,0.30883661423849995,0.0033007444282479453,0.3023667143652273,0.31530651411177263,0.30600734903109666,0.012682130345291543,0.2803553191349528,0.3316593789272405,0.30600734903109666,0.008506699837148338,0.28873783024845595,0.3232768678137374,0,0,0,6.641993096643754,0.2036
322,596694,2.0,0.31364907775683987,0.003129383340361979,0.3075150685000321,0.31978308701364766,0.3121348380198478,0.010703981690320287,0.29048399144659726,0.3337856845930984,0.3121348380198478,0.005462840466113575,0.30104468227882386,0.32322499376087177,0,0,0,3.0473301121101026,0.1565
323,597694,2.0,0.32139067796907117,0.0031813956945197564,0.31515471755218744,0.3276266383859549,0.3220394626068104,0.012631774053219543,0.29648928792540724,0.3475896372882135,0.3220394626068104,0.007448470223331606,0.30691826415308826,0.3371606610605325,0,0,0,5.481492116926134,0.1741
324,598694,2.0,0.31585957747622534,0.0030454851772484005,0.30989001982319847,0.3218291351292522,0.3169470561188956,0.01150873972518332,0.293668432775701,0.34022567946209026,0.3169470561188956,0.005726729332503584,0.3053211774980363,0.32857293473975496,0,0,0,3.535902931551365,0.1826
325,599694,2.0,0.3189059320162496,0.003202364433284593,0.31262887007114204,0.3251829939613572,0.3211594589653022,0.013181900574032547,0.2944965483653792,0.34782236956522516,0.3211594589653022,0.00832148125045064,0.30426595390397576,0.3380529640266286,0,0,0,6.752425023204792,0.1642
326,600694,2.0,0.3251647442908063,0.003185395732661743,0.31892094326498405,0.3314085453166285,0.324978003725278,0.011356779158025587,0.30200674964147695,0.3479492578090791,0.324978003725278,0.007401812817451819,0.3099515248411441,0.34000448260941196,0,0,0,5.399448564773125,0.2305
327,601694,2.0,0.32226676037727475,0.003195299274290901,0.31600354708730294,0.32852997366724657,0.322453136732316,0.013210602547380977,0.295732170911514,0.34917410255311804,0.322453136732316,0.007500333752696871,0.3072266497164425,0.33767962374818955,0,0,0,5.509828700200283,0.158
328,602694,2.0,0.29954505603713244,0.003035338688433249,0.2935953868571838,0.3054947252170811,0.2973318986571183,0.011332783791334886,0.27440917978364543,0.32025461753059115,0.2973318986571183,0.0067915742997517,0.2835442698258911,0.3111195274883455,0,0,0,5.006412124176782,0.1806
329,603694,2.0,0.318891439109248,0.003035510555709336,0.3129414330464864,0.3248414451720096,0.31976901802263213,0.011691481681441674,0.29612076418380395,0.3434172718614603,0.31976901802263213,0.006349960199930757,0.3068779134766786,0.3326601225685857,0,0,0,4.376012074232689,0.2044
330,604694,2.0,0.31090119806333333,0.0031004206507716722,0.30482395954590974,0.3169784365807569,0.3087202601437232,0.011355709249029499,0.2857511701551338,0.33168935013231265,0.3087202601437232,0.007028591726491726,0.2944514603553376,0.32298905993210886,0,0,0,5.139198495307209,0.1904
331,605694,2.0,0.30553500349114476,0.0031909218255054845,0.29928037058537343,0.3117896363969161,0.30440867837611313,0.011885868779854139,0.28036723951835374,0.3284501172338725,0.30440867837611313,0.006311992528444659,0.2915946523010607,0.31722270445116557,0,0,0,3.9129168860831416,0.2095
332,606694,2.0,0.31608870973824654,0.0031573328199316878,0.30989991576900283,0.32227750370749025,0.3173357480404649,0.010459531878768961,0.29617934788144384,0.3384921481994859,0.3173357480404649,0.005812382494494347,0.3055359842563684,0.32913551182456136,0,0,0,3.3889693739369804,0.1874
333,607694,2.0,0.320617592753127,0.003202347776205348,0.3143405634581192,0.3268946220481348,0.3207659987718702,0.012270351557226387,0.29594687009140946,0.3455851274523309,0.3207659987718702,0.006445106225189328,0.30768173752569766,0.3338502600180427,0,0,0,4.050635548614012,0.2028
334,608694,2.0,0.3167160767519959,0.003270529044328981,0.3103054030662812,0.32312675043771066,0.31655972514533265,0.011979141524097642,0.29232962435470505,0.34078982593596024,0.31655972514533265,0.0065350686982570926,0.3032928303693403,0.329826619921325,0,0,0,3.9926780674383133,0.1277
335,609694,2.0,0.31684130431444585,0.0031217576799824768,0.31072224237034146,0.32296036625855024,0.31765395907348737,0.010402029296286048,0.2966138688659332,0.3386940492810415,0.31765395907348737,0.0064706730931228815,0.30451779432602244,0.3307901238209523,0,0,0,4.296358776308555,0.1901
336,610694,2.0,0.32277908028330116,0.003251911860770876,0.3164048987635695,0.32915326180303284,0.32759777774224325,0.012740944150471147,0.30182678569638977,0.3533687697880967,0.32759777774224325,0.00811816570640711,0.3111170251788161,0.34407853030567037,0,0,0,6.232155651260319,0.1289
337,611694,2.0,0.32058894503943103,0.0031090798231788196,0.3144947333877108,0.3266831566911513,0.3183158688079938,0.010241283514595195,0.29760091763349994,0.33903081998248763,0.3183158688079938,0.006199546110422503,0.3057301210976715,0.33090161651831607,0,0,0,3.9760885175447904,0.2189
338,612694,2.0,0.32749914300142036,0.003178340347997217,0.3212691714717434,0.3337291145310973,0.3264721303285856,0.011233148328672928,0.30375094320075274,0.3491933174564184,0.3264721303285856,0.006445983533773929,0.31338608805129997,0.3395581726058712,0,0,0,4.113178729121489,0.1443
339,613694,2.0,0.317396996747755,0.0031548349060253503,0.3112130990233486,0.32358089447216143,0.31696370350587083,0.011066096493078766,0.29458041060906975,0.3393469964026719,0.31696370350587083,0.007286064377424445,0.3021722064475191,0.3317552005642226,0,0,0,5.333750956443528,0.1999
340,614694,2.0,0.3120319740920255,0.0030735176580997756,0.30600746903296633,0.31805647915108465,0.3130444905142425,0.011243144535413571,0.29030308414980055,0.33578589687868443,0.3130444905142425,0.005597463961634728,0.30168103454763223,0.32440794648085275,0,0,0,3.3167381568589693,0.1502
341,615694,2.0,0.3127120349679942,0.003018143663101265,0.30679607033398504,0.3186279996020034,0.3132997624950632,0.010992452920600273,0.2910654277836335,0.3355340972064929,0.3132997624950632,0.0056347352534475295,0.3018606417834477,0.3247388832066787,0,0,0,3.4855170761057224,0.245
342,616694,2.0,0.3074565366230683,0.003153069323070011,0.301276099677037,0.31363697356909964,0.30729155756250953,0.0121864189977937,0.2826421985079087,0.33194091661711034,0.30729155756250953,0.0059461110083357995,0.2952203104622304,0.31936280466278866,0,0,0,3.556304892307294,0.14
343,617694,2.0,0.3119543670843906,0.003197090457285191,0.3056876428365486,0.31822109133223264,0.3120086923367716,0.012603994752862795,0.28651470659396505,0.3375026780795781,0.3120086923367716,0.005696121638434647,0.30044495063830706,0.3235724340352361,0,0,0,3.1743050600972813,0.1331
344,618694,2.0,0.31433758569821263,0.0031880218425307857,0.30808863714634643,0.3205865342500788,0.3139936799620442,0.012450255797682896,0.288810660607936,0.3391766993161524,0.3139936799620442,0.007624400202279382,0.2985153246632433,0.32947203526084506,0,0,0,5.719641279378419,0.1981
345,619694,2.0,0.30822878449077623,0.0031547598101643753,0.3020450339642859,0.31441253501726657,0.31084793182901377,0.010543047665966511,0.28952260504554855,0.332173258612479,0.31084793182901377,0.005842801957519391,0.29898641325185704,0.3227094504061705,0,0,0,3.430123312375245,0.1748
346,620694,2.0,0.3114228861969751,0.003181736809040053,0.3051862571500779,0.3176595152438723,0.3122067463115796,0.011724039217733892,0.28849263863971436,0.3359208539834448,0.3122067463115796,0.007898638663434135,0.29617165733855727,0.3282418352846019,0,0,0,6.1627704138813035,0.1577
347,621694,2.0,0.31342565211295437,0.0031677626114380657,0.3072164143595243,0.31963488986638444,0.31411958072501767,0.012157626771404272,0.2895284594453024,0.3387107020047329,0.31411958072501767,0.006989263717544678,0.29993062103939777,0.32830854041063756,0,0,0,4.868078780105965,0.1693
348,622694,2.0,0.31629125917056194,0.003135115185551844,0.3101460147317297,0.3224365036093942,0.3163225227655394,0.011801811332704809,0.29245110614289044,0.34019393938818837,0.3163225227655394,0.007109317683894106,0.30188984057101564,0.33075520496006316,0,0,0,5.142198524919032,0.1915
349,623694,2.0,0.31442992890755145,0.0031512664390156955,0.30825302585503056,0.32060683196007234,0.31428226704279577,0.01194107917339694,0.2901291546233257,0.3384353794622658,0.31428226704279577,0.00714805413139575,0.29977094567908663,0.3287935884065049,0,0,0,5.145237389571159,0.2187
350,624694,2.0,0.31505205775610456,0.0031363025716412067,0.30890448588196917,0.32119962963023996,0.3130999827083699,0.011231687309535157,0.29038175077068107,0.33581821464605877,0.3130999827083699,0.006205909961637351,0.3005013156932422,0.32569864972349766,0,0,0,3.915390045707976,0.1855
351,625694,2.0,0.32067739365649267,0.003135271180521272,0.3145318434466882,0.3268229438662971,0.3179765922878343,0.012183401788111288,0.293333336115862,0.34261984845980664,0.3179765922878343,0.007804304083037445,0.3021330126943835,0.33382017188128515,0,0,0,6.196096093760178,0.1496
352,626694,2.0,0.3171616216784094,0.0031237913743946836,0.3110385734216698,0.323284669935149,0.3173558201858658,0.01074149667431236,0.29562909239512913,0.3390825479766024,0.3173558201858658,0.006095409222142684,0.30498148159806365,0.3297301587736679,0,0,0,3.807515612553477,0.1633
353,627694,2.0,0.3080680141271967,0.0031630172647161532,0.30186807788705317,0.31426795036734023,0.31007470840914414,0.012206915540738897,0.2853838911832359,0.33476552563505235,0.31007470840914414,0.006238136730692418,0.2974106175746558,0.32273879924363247,0,0,0,3.8896153406622047,0.1839
354,628694,2.0,0.3149783221077432,0.0031726664076512532,0.30875947225886374,0.3211971719566226,0.3154406346821501,0.011198806229540923,0.2927889110064066,0.33809235835789364,0.3154406346821501,0.006500080198151315,0.3022447703376201,0.32863649902668013,0,0,0,4.19747974817477,0.2056
355,629694,2.0,0.31257711929309456,0.003087135157490729,0.3065259221166967,0.3186283164694924,0.31422821075188884,0.010929020072355886,0.29212218108663507,0.3363342404171426,0.31422821075188884,0.004605979422494112,0.3048775754089256,0.32357884609485205,0,0,0,2.2260386439661515,0.1774
356,630694,2.0,0.320346669128241,0.00312805661216678,0.3142152604358721,0.3264780778206099,0.3208769352806747,0.011532216635929318,0.2975508254032836,0.34420304515806577,0.3208769352806747,0.005802893548030618,0.30909643508202495,0.3326574354793244,0,0,0,3.441438385825612,0.1711
357,631694,2.0,0.32051746120852975,0.0031586774597244472,0.3143260315657239,0.3267088908513356,0.32104177956971897,0.011965507760296607,0.2968392556693376,0.3452443034701003,0.32104177956971897,0.005697581112288301,0.3094750749818131,0.33260848415762484,0,0,0,3.253647282387863,0.1744
358,632694,2.0,0.3250026908964164,0.003113612517720952,0.3188995945580804,0.3311057872347524,0.3236694653062919,0.009618679053881028,0.304213850521259,0.34312508009132486,0.3236694653062919,0.00535013109544535,0.31280812175224965,0.3345308088603342,0,0,0,2.95256670685893,0.2142
359,633694,2.0,0.310710513314593,0.0031095124862890624,0.3046154535853972,0.31680557304378876,0.312533818291738,0.011045184171254628,0.2901928245584075,0.33487481202506847,0.312533818291738,0.006228969554879051,0.299888337813548,0.32517929876992796,0,0,0,4.012802692804464,0.1849
360,634694,2.0,0.3039090963101336,0.0032145812504428663,0.2976080877719158,0.3102101048483514,0.30408135829384825,0.012159687650065589,0.27948606849357743,0.32867664809411906,0.30408135829384825,0.007141408338953209,0.28958352860606623,0.31857918798163026,0,0,0,4.935360922574637,0.1974
361,635694,2.0,0.31447370142176745,0.00306855471753162,0.30845892438899175,0.32048847845454315,0.3118733396470452,0.011331276710489354,0.2889536691323144,0.33479301016177604,0.3118733396470452,0.007064066760556652,0.29753252171074945,0.326214157583341,0,0,0,5.299584804638485,0.1375
362,636694,2.0,0.31104573457384543,0.0031646332085382405,0.30484263086801133,0.31724883827967953,0.30825234356063674,0.011303338913292271,0.28538918257462226,0.33111550454665123,0.30825234356063674,0.005420117160882314,0.2972489207402838,0.3192557663809897,0,0,0,2.9333952637277365,0.1956
363,637694,2.0,0.3145740664776091,0.0032170073271820163,0.3082683025049951,0.3208798304502231,0.3156547156388083,0.012539263161124773,0.2902916618988498,0.3410177693787668,0.3156547156388083,0.008077053235992305,0.29925742582752024,0.3320520054500964,0,0,0,6.303790777772331,0.1445
364,638694,2.0,0.31816297103621916,0.0032555718308385165,0.3117816154863886,0.3245443265860497,0.3156334777054023,0.012594461066086141,0.29015877566427334,0.34110817974653124,0.3156334777054023,0.007142362373398587,0.3011337112247289,0.3301332441860757,0,0,0,4.813147791989845,0.2483
365,639694,2.0,0.31367032176000526,0.0032192733462181123,0.30736011608746777,0.31998052743254274,0.3130879637413774,0.012931669700280266,0.28693119285770596,0.3392447346250488,0.3130879637413774,0.007750162676163314,0.29735429704726835,0.3288216304354864,0,0,0,5.7957004261288825,0.1751
366,640694,2.0,0.32026750003751,0.0031841659282307766,0.3140261095926052,0.32650889048241477,0.3209146704540282,0.011385395878975782,0.2978855335885999,0.3439438073194565,0.3209146704540282,0.006416434217855061,0.3078886164772639,0.33394072443079253,0,0,0,4.060655166757189,0.1948
367,641694,2.0,0.3004252062449707,0.003230323432420948,0.2940933409278053,0.3067570715621361,0.3006092730896471,0.011482875896923634,0.2773829642770307,0.32383558190226347,0.3006092730896471,0.0059796685449615755,0.28846990056821137,0.3127486456110828,0,0,0,3.426590509058385,0.1706
368,642694,2.0,0.31608937004184534,0.003269923832348675,0.3096798826524343,0.3224988574312564,0.3186033598598381,0.013106265533151558,0.29209343557034173,0.3451132841493345,0.3186033598598381,0.007015333595811469,0.3043614755076603,0.33284524421201594,0,0,0,4.602792343742909,0.1077
369,643694,2.0,0.31269737183548835,0.003163536221232459,0.3064964183712694,0.3188983252997073,0.3141588922379168,0.011689295167379954,0.2905150610412278,0.3378027234346058,0.3141588922379168,0.008535270292059222,0.2968313723482478,0.33148641212758584,0,0,0,7.279288546289053,0.2217
370,644694,2.0,0.3206567899434418,0.0031973236792302803,0.3143896085494421,0.32692397133744155,0.32135160336852175,0.012640170607152479,0.29578444505371887,0.34691876168332464,0.32135160336852175,0.005918900224318068,0.3093355970966109,0.3333676096404326,0,0,0,3.4269583803202663,0.1329
371,645694,2.0,0.31631242497513606,0.003186728859015573,0.31006601084362956,0.32255883910664257,0.3154813252687876,0.013408528579865412,0.2883600162592404,0.34260263427833476,0.3154813252687876,0.00864740137400556,0.297926167180656,0.33303648335691916,0,0,0,7.3634443379604235,0.1624
372,646694,2.0,0.32785821952884253,0.003117426133393227,0.32174764799450417,0.3339687910631809,0.32889554334469717,0.011521828550039147,0.3055904453543127,0.35220064133508167,0.32889554334469717,0.006863005389252736,0.31496290169235036,0.342828184997044,0,0,0,4.846590607150522,0.2475
373,647694,2.0,0.3217311134598529,0.003207194465797716,0.3154445840059988,0.328017642913707,0.32375022224146427,0.012160443760357655,0.29915340306377114,0.3483470414191574,0.32375022224146427,0.008112954874868274,0.30728004822845695,0.3402203962544716,0,0,0,6.398932560689205,0.1947
374,648694,2.0,0.3138555287418094,0.003152449670901322,0.3076763063967794,0.3200347510868394,0.3147571994607531,0.011452644989562876,0.2915920384299598,0.3379223604915464,0.3147571994607531,0.006394330590315661,0.3017760182334996,0.3277383806880066,0,0,0,4.114280032938519,0.1762
375,649694,2.0,0.3164091876375026,0.0030722892913657377,0.31038709034128287,0.3224312849337223,0.31601075027586967,0.011103580496702459,0.29355163882529234,0.338469861726447,0.31601075027586967,0.0065133552704580095,0.3027879361018017,0.3292335644499376,0,0,0,4.4945407315057935,0.1849
376,650694,2.0,0.31384790951527525,0.003119264698908606,0.3077337341469978,0.3199620848835527,0.3120002601059312,0.011279765963366155,0.2891847799116908,0.3348157403001716,0.3120002601059312,0.004836963912260987,0.30218070131898933,0.32181981889287303,0,0,0,2.404591091673215,0.2136
377,651694,2.0,0.2919161625427581,0.0030878473375975136,0.2858635693982437,0.2979687556872725,0.2925938464376743,0.010086273519046424,0.27219243257369186,0.3129952603016567,0.2925938464376743,0.005812122233885326,0.2807946110107036,0.304393081864645,0,0,0,3.5428913747452424,0.1917
378,652694,2.0,0.3205610764339868,0.0032754068808543823,0.3141408415372775,0.3269813113306961,0.3220909795896526,0.013160846187813479,0.29547065550556184,0.34871130367374337,0.3220909795896526,0.0072695112952627415,0.3073330870746343,0.3368488721046709,0,0,0,4.925835647027721,0.2058
379,653694,2.0,0.310223765436428,0.0031969736502497834,0.30395727014597423,0.31649026072688174,0.3110314407736411,0.013634847960609011,0.2834523576076355,0.3386105239396467,0.3110314407736411,0.00698222898896018,0.29685676234629366,0.3252061192009885,0,0,0,4.769908652692624,0.1865
380,654694,2.0,0.3100753489316514,0.0032046021464896615,0.3037939007698292,0.3163567970934736,0.3100543909142531,0.011597194893864054,0.28659685010453756,0.3335119317239686,0.3100543909142531,0.005777274300023117,0.2983259005540992,0.32178288127440696,0,0,0,3.250107586467324,0.1383
381,655694,2.0,0.3063461743354474,0.0030180415643097135,0.30043040982870434,0.3122619388421905,0.3083352412911223,0.010571957002683015,0.2869514398547763,0.32971904272746827,0.3083352412911223,0.006073769036947903,0.2960048346148529,0.32066564796739166,0,0,0,4.050103422807621,0.1164
382,656694,2.0,0.3006985881255553,0.003022729703334011,0.29477363424025277,0.3066235420108578,0.30272410026400204,0.010088257651807563,0.28231867311269954,0.32312952741530454,0.30272410026400204,0.005737701557072662,0.2910759468430545,0.3143722536849496,0,0,0,3.603108021331886,0.1926
383,657694,2.0,0.3028879479268932,0.003284387591706779,0.2964501096375951,0.30932578621619133,0.30373048620143117,0.013011131452329187,0.2774129887534002,0.33004798364946214,0.30373048620143117,0.0069807436358013675,0.2895588232013077,0.31790214920155463,0,0,0,4.517462672419362,0.2084
384,658694,2.0,0.3107815362742338,0.003128043817749595,0.3046501526606312,0.31691291988783643,0.3109144019953758,0.011009114536274633,0.2886463659852084,0.3331824380055432,0.3109144019953758,0.007390508700441868,0.29591087168880564,0.32591793230194593,0,0,0,5.582169366500615,0.1953
385,659694,2.0,0.3230576319821501,0.0031549792567587614,0.31687345131102906,0.3292418126532711,0.32399174817947446,0.011268591305358185,0.3011988708645213,0.3467846254944276,0.32399174817947446,0.006407499131558977,0.3109838333922394,0.3369996629667095,0,0,0,4.124621446123133,0.1799
386,660694,2.0,0.31054684656671255,0.003157250134788671,0.30435821467139124,0.31673547846203387,0.3124265592124464,0.010778327663524526,0.2906253337142543,0.33422778471063846,0.3124265592124464,0.005350380477324647,0.3015647093862738,0.323288409038619,0,0,0,2.8717812297533443,0.1808
387,661694,2.0,0.30641377850768253,0.0031707379182887964,0.30019870875549126,0.3126288482598738,0.30524547178918376,0.01173653243174869,0.28150609420676875,0.3289848493715988,0.30524547178918376,0.007191042830062109,0.2906468787274869,0.3198440648508806,0,0,0,5.143551093506051,0.1729
388,662694,2.0,0.31567895621854974,0.0033433482723725628,0.3091255471213142,0.3222323653157853,0.31247860713589887,0.012185077968220775,0.2878319605696387,0.337125253702159,0.31247860713589887,0.007957504770985889,0.2963240136112305,0.3286332006605672,0,0,0,5.664878213889811,0.1946
389,663694,2.0,0.3233198111207847,0.003196851725137186,0.31705355481983394,0.3295860674217354,0.3253184063335445,0.012207999920435027,0.30062539574267105,0.3500114169244179,0.3253184063335445,0.007951056342178398,0.3091769038153229,0.341459908851766,0,0,0,6.18592535165095,0.2236
390,664694,2.0,0.3104504869167399,0.0030796204976893957,0.30441401947708874,0.316486954356391,0.3106358556713373,0.011153671707642957,0.28807542518321694,0.3331962861594576,0.3106358556713373,0.005686930784748921,0.29909077239780757,0.322180938944867,0,0,0,3.4100557707364967,0.1876
391,665694,2.0,0.3214890612393523,0.003162757127774174,0.3152896349023547,0.3276884875763499,0.3207535352666165,0.012052048821137473,0.29637596554826195,0.345131104984971,0.3207535352666165,0.007403979216184241,0.3057226583592401,0.33578441217399285,0,0,0,5.48022886215404,0.1834
392,666694,2.0,0.3206364833369366,0.003171293966380672,0.3144203236562285,0.3268526430176447,0.32347172511381844,0.011739023963525035,0.2997273079327024,0.34721614229493447,0.32347172511381844,0.005897552711013938,0.31149905659791477,0.3354443936297221,0,0,0,3.458363666533917,0.204
393,667694,2.0,0.30804940789518925,0.003120755365250922,0.3019323106218116,0.3141665051685669,0.30671679369272237,0.011922343756455364,0.2826015772309831,0.3308320101544616,0.30671679369272237,0.007145491570315337,0.2922106746045792,0.3212229127808655,0,0,0,5.242576431559289,0.1747
394,668694,2.0,0.31804814729013664,0.0031296987088988287,0.3119135198688811,0.3241827747113922,0.3193515326555936,0.012451287749739514,0.2941664259814305,0.34453663932975664,0.3193515326555936,0.006907248924407896,0.30532907185175445,0.3333739934594327,0,0,0,4.870854463547944,0.2533
395,669694,2.0,0.315145800006563,0.0032076196957646005,0.308858437045187,0.321433162967939,0.31672849094965244,0.011497952647204848,0.2934716865311386,0.3399852953681663,0.31672849094965244,0.00637884828492202,0.30377874047332615,0.32967824142597874,0,0,0,3.954747889216747,0.1659
396,670694,2.0,0.32058203284186326,0.0031381411663190346,0.31443085707662644,0.3267332086071001,0.3216940122963754,0.012303381676399956,0.29680807389377456,0.34657995069897624,0.3216940122963754,0.006752903114711737,0.30798489014449265,0.33540313444825814,0,0,0,4.630587399633273,0.1733
397,671694,2.0,0.3127942840083709,0.003119279639938767,0.306680079353679,0.31890848866306276,0.3145423442083614,0.011516206249855108,0.2912486183935089,0.3378360700232139,0.3145423442083614,0.004909954054693786,0.30457460755458265,0.32451008086214017,0,0,0,2.477685820097728,0.2303
398,672694,2.0,0.3252411806979182,0.0031978511027400333,0.3189729654834052,0.33150939591243117,0.3264028421309032,0.013611953056362702,0.29887006827983176,0.35393561598197465,0.3264028421309032,0.005882107869524628,0.3144615283101575,0.3383441559516489,0,0,0,3.3833699861218474,0.1598
399,673694,2.0,0.3083988909128696,0.0030859355375970317,0.3023500451516652,0.314447736674074,0.3058969926039947,0.009842207722956943,0.285989248409654,0.32580473679833544,0.3058969926039947,0.005408023320101518,0.2949181215856939,0.31687586362229553,0,0,0,3.0711668525005225,0.1505
400,674694,2.0,0.31287149118009966,0.0031662126299554605,0.3066652915973659,0.31907769076283343,0.3097901554420499,0.011676026296013955,0.28617316307099205,0.33340714781310776,0.3097901554420499,0.006131487749809463,0.29734257354919186,0.32223773733490796,0,0,0,3.7501753591361466,0.2149
401,675694,2.0,0.30718637919466046,0.003219738234208369,0.30087526227957917,0.31349749610974176,0.3068204710218674,0.012725212137189698,0.2810812999764322,0.33255964206730254,0.3068204710218674,0.007752071484909361,0.29108292923998946,0.3225580128037453,0,0,0,5.796881305541546,0.1654
402,676694,2.0,0.3206425637311129,0.003168762216436698,0.31443136661839444,0.32685376084383133,0.3190133815552489,0.01201682591434453,0.29470705689064175,0.343319706219856,0.3190133815552489,0.0076409198218587455,0.30350148964576823,0.33452527346472954,0,0,0,5.814494754760176,0.1762
403,677694,2.0,0.32697135364186675,0.0032243444271397425,0.32065120797351154,0.33329149931022195,0.327789251301221,0.013158313718238623,0.3011740496203446,0.3544044529820974,0.327789251301221,0.007581503948358723,0.31239798002759667,0.3431805225748453,0,0,0,5.528761762643941,0.1711
404,678694,2.0,0.3087792019146274,0.0030656819591326923,0.3027700558719526,0.31478834795730215,0.30749104900868524,0.008886811374348312,0.2895157763337115,0.32546632168365897,0.30749104900868524,0.005113567245086462,0.29710995560279396,0.3178721424145765,0,0,0,2.782234595850387,0.2333
405,679694,2.0,0.3143522405198996,0.0032129666996367585,0.308054396716875,0.32065008432292413,0.3136062569393881,0.011513154726045931,0.29031870341403665,0.33689381046473954,0.3136062569393881,0.007625822113515056,0.2981250150073144,0.32908749887146177,0,0,0,5.633274210634738,0.2159
406,680694,2.0,0.30459874164304696,0.003082393532128869,0.2985568386855729,0.310640644600521,0.3055125709971364,0.011425562833540898,0.28240218879742374,0.3286229531968491,0.3055125709971364,0.006116680696778338,0.29309504902003086,0.31793009297424196,0,0,0,3.9378162845201725,0.1717
407,681694,2.0,0.3208108951556885,0.0031913553405890156,0.3145554125024602,0.3270663778089168,0.3201223850764371,0.012217376548656596,0.2954104084647993,0.34483436168807485,0.3201223850764371,0.00721917622539246,0.30546667818583145,0.3347780919670427,0,0,0,5.1171124427605115,0.1732
408,682694,2.0,0.3128394147296821,0.003078382638969582,0.30680537365843014,0.318873455800934,0.31302170586892314,0.010328516661468343,0.2921303090003227,0.33391310273752356,0.31302170586892314,0.00457633362462446,0.3037312546952544,0.32231215704259186,0,0,0,2.209989212082311,0.1667
409,683694,2.0,0.3072289434404201,0.0032413204605169993,0.3008755224796017,0.31358236440123854,0.3083103770423372,0.012925570765895886,0.282165942417867,0.3344548116668074,0.3083103770423372,0.0061018491375636,0.29592296473118185,0.3206977893534926,0,0,0,3.5438798594140555,0.2011
410,684694,2.0,0.30846873279967346,0.003170895495083002,0.3022533541759222,0.31468411142342473,0.30890469299896955,0.011792433677462777,0.2850522444744299,0.3327571415235092,0.30890469299896955,0.0066156442415002325,0.2954742211738162,0.3223351648241229,0,0,0,4.352917415547821,0.1863
411,685694,2.0,0.3053734971830799,0.0031275948528502206,0.29924299360063655,0.3115040007655232,0.3030730685720955,0.011075211683976445,0.2806713384614313,0.3254747986827597,0.3030730685720955,0.00675906087052616,0.28935144551131364,0.3167946916328773,0,0,0,4.670374815576326,0.2186
412,686694,2.0,0.32621108804259935,0.003281828122856283,0.31977826665404935,0.33264390943114935,0.3267648354632437,0.01189812277188025,0.3026986105670789,0.3508310603594085,0.3267648354632437,0.007203849847280151,0.31214024277435526,0.34138942815213213,0,0,0,4.818342190115922,0.1468
413,687694,2.0,0.3195811755754677,0.003106840988784629,0.3134913523381425,0.32567099881279293,0.3194513641369165,0.010931452286100533,0.29734041485500584,0.34156231341882715,0.3194513641369165,0.006757978969394542,0.30573193745219956,0.3331707908216334,0,0,0,4.731464865168656,0.208
414,688694,2.0,0.319882130963859,0.0031978697161116777,0.3136138792646519,0.32615038266306606,0.3210009247846002,0.01230231825295686,0.29611713735894185,0.3458847122102585,0.3210009247846002,0.007462556406143509,0.3058511298594729,0.3361507197097275,0,0,0,5.44570010544337,0.1668
415,689694,2.0,0.31558446331525275,0.003036981454892968,0.3096315740936618,0.3215373525368437,0.31607224499384456,0.011262373647272466,0.29329194407944525,0.3388525459082439,0.31607224499384456,0.005426582440396556,0.30505569695829143,0.3270887930293977,0,0,0,3.19277659011497,0.1817
416,690694,2.0,0.31347625638726395,0.0030886631919656636,0.3074220640592357,0.3195304487152922,0.3119506039618903,0.011065352454724897,0.28956881602471174,0.3343323918990688,0.3119506039618903,0.00594446006753161,0.2998827084496268,0.3240184994741538,0,0,0,3.704108699265103,0.2104
417,691694,2.0,0.31557415788667303,0.003180577935934287,0.3093398003858234,0.32180851538752264,0.31645803514624954,0.012123121560377734,0.2919367072435716,0.34097936304892745,0.31645803514624954,0.0076351298814287165,0.30095789744074003,0.33195817285175905,0,0,0,5.762630516865322,0.1658
418,692694,2.0,0.3148774820609016,0.003093942982440123,0.3088129406384602,0.320942023483343,0.3137824151080956,0.011108971496583487,0.29131239933100905,0.3362524308851822,0.3137824151080956,0.006264884712130134,0.30106402298442586,0.3265008072317654,0,0,0,4.100167085596396,0.2193
419,693694,2.0,0.3037491953455606,0.0030902436409090527,0.2976919051265442,0.309806485564577,0.3032073788689869,0.011888966398836123,0.27915967448543894,0.3272550832525349,0.3032073788689869,0.00839726564614919,0.2861600233051152,0.3202547344328586,0,0,0,7.383977108880864,0.1388
420,694694,2.0,0.3113066856251051,0.0030678736942963965,0.30529324348881687,0.31732012776139334,0.3103285276855253,0.01060987704287771,0.2888680257281901,0.33178902964286056,0.3103285276855253,0.005773458560606374,0.2986077836882135,0.32204927168283715,0,0,0,3.5415808027010267,0.1904
421,695694,2.0,0.3128051117542578,0.003144599168038175,0.30664127744322545,0.31896894606529014,0.3102661005450875,0.01230459820310743,0.2853777014849615,0.33515449960521354,0.3102661005450875,0.0066168310028121395,0.2968332194663859,0.32369898162378913,0,0,0,4.427611379862733,0.1479
422,696694,2.0,0.3153088391356953,0.0031110642709634624,0.30921073770130647,0.3214069405700841,0.3150490062484503,0.010433070005030711,0.2939461302811668,0.3361518822157338,0.3150490062484503,0.004833151889476689,0.30523718627918556,0.324860826217715,0,0,0,2.413475647533256,0.1707
423,697694,2.0,0.3227022285578138,0.0032538105956765144,0.31632432526410276,0.3290801318515248,0.3221131462061528,0.011137034025380924,0.2995863686068743,0.34463992380543124,0.3221131462061528,0.007068943552108108,0.30776242785666397,0.3364638645556416,0,0,0,4.719809708514641,0.1481
424,698694,2.0,0.3235075470001543,0.0032515258724543005,0.31713412206906944,0.3298809719312392,0.3236949974113294,0.01265187449955011,0.29810416573964477,0.34928582908301403,0.3236949974113294,0.008360225361381621,0.306722837623229,0.3406671571994298,0,0,0,6.610914510836447,0.147
425,699694,2.0,0.31676313844426174,0.0032034424753430504,0.3104839633927538,0.3230423134957697,0.31708284126093617,0.011004117039757434,0.294824913641597,0.3393407688802753,0.31708284126093617,0.006131571841915768,0.30463508865202643,0.3295305938698459,0,0,0,3.6636146149752875,0.1542
426,700694,2.0,0.31707721286786955,0.0031639142453688523,0.31087551842586053,0.32327890730987857,0.3162683328089876,0.011405453105164205,0.29319862637426686,0.3393380392437083,0.3162683328089876,0.007204501916400574,0.30164241634940797,0.3308942492685672,0,0,0,5.1851164527374705,0.1684
427,701694,2.0,0.3169043985460617,0.0032737227984861042,0.310487464675693,0.32332133241643046,0.31655556651068656,0.012044531865542817,0.2921932012701597,0.34091793175121343,0.31655556651068656,0.007849514403816845,0.3006202050865827,0.3324909279347904,0,0,0,5.749125322044511,0.258
428,702694,2.0,0.3169243388072446,0.003288471889014221,0.31047849474979133,0.3233701828646978,0.3174882746283123,0.01203972742371509,0.2931356272886462,0.3418409219679784,0.3174882746283123,0.007480655744403648,0.30230173609308697,0.33267481316353764,0,0,0,5.174770229714452,0.1837
429,703694,2.0,0.31994883242344946,0.0032069365476444078,0.3136628085236192,0.3262348563232797,0.32028787270236725,0.011941719707641102,0.29613346468009755,0.34444228072463695,0.32028787270236725,0.006215425915063066,0.3076698872747451,0.3329058581299894,0,0,0,3.7563067814658444,0.1701
430,704694,2.0,0.32208266565768523,0.003170355613972819,0.31586834527300767,0.3282969860423628,0.3208605997856727,0.011747496541630546,0.2970990451977534,0.34462215437359206,0.3208605997856727,0.006038759221435283,0.3086012668134421,0.33311993275790336,0,0,0,3.6281018404142222,0.1572
431,705694,2.0,0.3183094870145486,0.0031878429873035572,0.31206088904281276,0.3245580849862844,0.32001665608843305,0.012157722335007844,0.2954253415130846,0.3446079706637815,0.32001665608843305,0.006999738761868233,0.3058064309322831,0.334226881244583,0,0,0,4.821362864855546,0.1885
432,706694,2.0,0.3179368356579353,0.0032726202735103914,0.3115220628837543,0.3243516084321163,0.3181869210036238,0.012193661201255531,0.2935229132098397,0.34285092879740786,0.3181869210036238,0.007605119857098798,0.3027477068864334,0.3336261351208142,0,0,0,5.400337382949109,0.241
433,707694,2.0,0.30902787301230217,0.0030784852682644165,0.3029936307739268,0.3150621152506775,0.3081574470058221,0.010316603000492502,0.2872901477911019,0.3290247462205423,0.3081574470058221,0.006784329055909155,0.29438452680156174,0.32193036721008245,0,0,0,4.856681783077469,0.2103
434,708694,2.0,0.3134371277722301,0.0031516843331442133,0.30725940559141013,0.31961484995305006,0.31483193052606545,0.011969014540299968,0.2906223134936127,0.3390415475585182,0.31483193052606545,0.007452822078587166,0.29970189733648644,0.32996196371564446,0,0,0,5.591857314410824,0.1661
435,709694,2.0,0.31199473759469665,0.00305842269928544,0.30599982067075154,0.31798965451864175,0.3128413325585635,0.011323640251789972,0.28993710823950514,0.33574555687762186,0.3128413325585635,0.005012925624920893,0.3026645525036823,0.3230181126134447,0,0,0,2.68650408786986,0.1743
436,710694,2.0,0.3090034890730995,0.00321375375345136,0.30270410253949215,0.31530287560670683,0.3096188266264224,0.011966726188444446,0.2854138382224897,0.33382381503035513,0.3096188266264224,0.0067666018640798785,0.2958818945348403,0.32335575871800454,0,0,0,4.433187033837906,0.2089
437,711694,2.0,0.32170636672623454,0.003219335138248794,0.315396039933065,0.3280166935194041,0.3200082496380696,0.011270254416960309,0.2972120083623798,0.3428044909137594,0.3200082496380696,0.00719910903861062,0.3053932813024475,0.33462321797369177,0,0,0,5.000634621057328,0.155
438,712694,2.0,0.3210632337951824,0.0031664686019112673,0.3148565324732318,0.32726993511713304,0.32279396839204905,0.011257371050641599,0.3000237861844316,0.3455641505996665,0.32279396839204905,0.006832350543740223,0.30892355938461646,0.33666437739948163,0,0,0,4.65575275279063,0.2008
439,713694,2.0,0.3175432191208306,0.003053986852255035,0.3115569970494449,0.3235294411922163,0.3172420209713562,0.011479043012908962,0.2940234648984338,0.34046057704427857,0.3172420209713562,0.006502958192430453,0.3040403139878226,0.33044372795488974,0,0,0,4.534063496031305,0.141
440,714694,2.0,0.3156417892466249,0.0031296293372515102,0.30950729780306224,0.32177628069018754,0.31499379402397687,0.011848011091410154,0.2910289295688867,0.33895865847906703,0.31499379402397687,0.006124136935353154,0.30256113507782567,0.32742645297012807,0,0,0,3.8291640899863184,0.2014
441,715694,2.0,0.3102782866798032,0.0031922602074247568,0.3040210303667375,0.31653554299286885,0.3111966346756472,0.012368623118680694,0.28617873300013497,0.3362145363511594,0.3111966346756472,0.006617302614029752,0.2977627961752737,0.3246304731760207,0,0,0,4.297000683393454,0.1691
442,716694,2.0,0.3044483837695317,0.0030769393383460937,0.2984171717602456,0.3104795957788178,0.306324972144639,0.011261221732522883,0.28354700119774434,0.32910294309153365,0.306324972144639,0.0056184026332002975,0.29491900841487645,0.31773093587440154,0,0,0,3.3341708436831827,0.1596
443,717694,2.0,0.30612976387154817,0.0030997337331770893,0.30005387180434356,0.31220565593875277,0.30766845822950906,0.010515970943401847,0.2863978992869197,0.3289390171720984,0.30766845822950906,0.005162873978622115,0.29718726683295094,0.3181496496260672,0,0,0,2.7741776571872685,0.2014
444,718694,2.0,0.318756918759386,0.0032076630967894613,0.31246947072620535,0.32504436679256665,0.31759525291324503,0.012635490281209142,0.29203756145123055,0.3431529443752595,0.31759525291324503,0.006052000160031114,0.30530903940659354,0.3298814664198965,0,0,0,3.5597571105652124,0.203
445,719694,2.0,0.31111484939591055,0.003048332579028318,0.30513971045514227,0.31708998833667884,0.3092100761431769,0.011484899638326782,0.28597967392719986,0.33244047835915397,0.3092100761431769,0.007049978917313601,0.2948978580491408,0.323522294237213,0,0,0,5.348733271991732,0.1767
446,720694,2.0,0.32320640683700796,0.0032138998374325314,0.3169067339592889,0.329506079714727,0.32362705009710213,0.012811334039548185,0.29771368106175017,0.3495404191324541,0.32362705009710213,0.008526018500191147,0.30631831234345497,0.3409357878507493,0,0,0,7.037653265635466,0.1848
447,721694,2.0,0.31615614616709964,0.0031241556545216604,0.31003238387266385,0.3222799084615354,0.31682237707706445,0.011985265046761742,0.2925798902927455,0.3410648638613834,0.31682237707706445,0.005420890765957924,0.3058173837549142,0.3278273703992147,0,0,0,3.0107589431700474,0.1846
448,722694,2.0,0.30909808396129235,0.0030412846829548606,0.30313675983803073,0.31505940808455396,0.30764038935079735,0.011455247174779793,0.2844699649035935,0.3308108137980012,0.30764038935079735,0.006316638945493084,0.29481693054765695,0.32046384815393775,0,0,0,4.31377965567759,0.1692
449,723694,2.0,0.3087797619075222,0.0031102318704348863,0.3026832920893313,0.3148762317257131,0.3089908821831279,0.012150309110538925,0.28441456226960093,0.3335672020966549,0.3089908821831279,0.005942429840672899,0.29692710825050644,0.3210546561157494,0,0,0,3.6504179503720526,0.1296
450,724694,2.0,0.3049849503036725,0.003124084520792972,0.29886132744084437,0.31110857316650065,0.3070752454682753,0.010361900056376043,0.28611632430991507,0.32803416662663554,0.3070752454682753,0.0056687076747335054,0.29556715707486525,0.31858333386168536,0,0,0,3.2924756632022723,0.2147
451,725694,2.0,0.3134646166104238,0.0030737008884182027,0.3074397523954712,0.31948948082537637,0.3138221036175076,0.011758968175034794,0.2900373454608635,0.3376068617741517,0.3138221036175076,0.00631336838938231,0.3010052843962575,0.32663892283875773,0,0,0,4.218898310873441,0.1781
452,726694,2.0,0.3228484243405646,0.003251040115199193,0.3164759515585696,0.3292208971225596,0.32118495472899994,0.013168581646963499,0.29454898420192416,0.3478209252560757,0.32118495472899994,0.00721530672681358,0.30653710333813766,0.3358328061198622,0,0,0,4.9256657651442195,0.1993
453,727694,2.0,0.3094397914224485,0.0032130587968846828,0.30314176709651897,0.315737815748378,0.3093072079879119,0.012135255957818721,0.28476133594971,0.3338530800261138,0.3093072079879119,0.00747045435385729,0.2941413793765139,0.32447303659930987,0,0,0,5.405759087271905,0.1879
454,728694,2.0,0.3041529360202723,0.003098103956399632,0.2980802385331981,0.31022563350734655,0.3034529189818192,0.01195685952574495,0.27926788778693984,0.32763795017669856,0.3034529189818192,0.0071983605579791395,0.2888394701426612,0.3180663678209772,0,0,0,5.398526277888899,0.1776
455,729694,2.0,0.317572762197821,0.003132172918455651,0.3114332849954188,0.3237122394002232,0.31516159022356904,0.01148642205896652,0.2919281086211875,0.3383950718259506,0.31516159022356904,0.006513281325422613,0.3019389261659037,0.3283842542812344,0,0,0,4.324224303362657,0.1558
456,730694,2.0,0.30868471297122235,0.0032600810306403494,0.3022945187876046,0.3150749071548401,0.3089102321500324,0.0130985485691385,0.2824159168935754,0.33540454740648934,0.3089102321500324,0.007938629725152723,0.292793957005556,0.32502650729450877,0,0,0,5.929721582010198,0.1451
457,731694,2.0,0.311151132581945,0.0030318449284332935,0.3052083116381662,0.3170939535257238,0.31266107246039265,0.0092573356405523,0.29393634371651484,0.33138580120427047,0.31266107246039265,0.005528113093501259,0.3014384062410112,0.3238837386797741,0,0,0,3.324603590593554,0.1995
458,732694,2.0,0.3243005164288418,0.0031311771570712347,0.3181629910517308,0.33043804180595276,0.32345892043634494,0.011227318294489518,0.3007495256657184,0.3461683152069715,0.32345892043634494,0.006216562049806674,0.3108386285325722,0.3360792123401177,0,0,0,3.9417154143968296,0.1639
459,733694,2.0,0.30710198694920726,0.003127533147600681,0.30097160431729336,0.31323236958112116,0.3073001810577869,0.012020278154407864,0.2829868735785499,0.3316134885370239,0.3073001810577869,0.006873541534577756,0.29334614989328256,0.3212542122222912,0,0,0,4.83011287585322,0.1372
460,734694,2.0,0.31841889241178234,0.003174216510009788,0.3121970041552736,0.32464078066829105,0.3186858517522904,0.011782654281260341,0.29485318392365284,0.342518519580928,0.3186858517522904,0.007528251571512883,0.30340268855109903,0.3339690149534818,0,0,0,5.6249045152594705,0.1975
461,735694,2.0,0.3149721189818527,0.0032430521300391077,0.3086153037175172,0.32132893424618814,0.31258682337219806,0.011456649436505447,0.2894135625829342,0.3357600841614619,0.31258682337219806,0.007443871001685918,0.29747496183480265,0.3276986849095935,0,0,0,5.268534367638739,0.1415
462,736694,2.0,0.3177335387829196,0.0032728432042137853,0.31131832903478895,0.32414874853105025,0.3186190253969367,0.011842563019111763,0.29466518070821623,0.3425728700856572,0.3186190253969367,0.006534832803821089,0.3053526095121091,0.33188544128176434,0,0,0,3.986745950745001,0.1105
463,737694,2.0,0.3123509713789401,0.003118254845610577,0.30623877545798633,0.3184631672998938,0.3111174319391813,0.012338104328188583,0.286161260344088,0.33607360353427457,0.3111174319391813,0.00602913455396903,0.2988776380806807,0.3233572257976819,0,0,0,3.7384083730830886,0.1948
464,738694,2.0,0.31751084008752306,0.0031185651547697675,0.3113980359191775,0.32362364425586865,0.3183632058911825,0.012174314591136081,0.2937383303100205,0.3429880814723445,0.3183632058911825,0.00727163676627537,0.30360099844061017,0.33312541334175483,0,0,0,5.4369421197909995,0.1616
465,739694,2.0,0.3035641283406773,0.0031188627050712453,0.2974507409340048,0.3096775157473498,0.3029199730589712,0.011006904029061796,0.28065640822167187,0.3251835378962706,0.3029199730589712,0.006334579095243381,0.2900600938155888,0.31577985230235367,0,0,0,4.125181031642256,0.2052
466,740694,2.0,0.303316072695972,0.0030815580936182667,0.2972758073095464,0.3093563380823976,0.3045399375396413,0.011376978804197156,0.28152782581494107,0.32755204926434156,0.3045399375396413,0.0072692025548841315,0.2897826718009134,0.31929720327836925,0,0,0,5.564585530926297,0.1514
467,741694,2.0,0.3174261196239075,0.0032033853196886952,0.3111470566051149,0.3237051826427001,0.3196241320130473,0.011644058720502273,0.2960718001667125,0.3431764638593821,0.3196241320130473,0.00619115747765499,0.3070554141326135,0.3321928498934811,0,0,0,3.735298725693575,0.2187
468,742694,2.0,0.32620902657640466,0.0031987374994107433,0.3199390739060443,0.332478979246765,0.3279229991072295,0.011192513326184669,0.3052840040299653,0.3505619941844937,0.3279229991072295,0.005606695829478659,0.31654080145251673,0.33930519676194226,0,0,0,3.0722516633235886,0.2012
469,743694,2.0,0.3053317212301675,0.0030469301333704724,0.29935933127017644,0.31130411119015855,0.30499038394355515,0.010652887987776681,0.2834428841385106,0.3265378837485997,0.30499038394355515,0.005863435738922081,0.29308697656318305,0.31689379132392725,0,0,0,3.7032185892789764,0.1235
470,744694,2.0,0.3127996395549839,0.0030664438494818606,0.30678900010547905,0.3188102790044888,0.31273372720267156,0.011697942225864578,0.28907240567930065,0.3363950487260425,0.31273372720267156,0.006307737429937375,0.2999283394368343,0.32553911496850885,0,0,0,4.231332759786091,0.1911
471,745694,2.0,0.3099043141964522,0.003215156272631919,0.30360217853795324,0.31620644985495117,0.31027341409602066,0.012159480904193751,0.2856785424787476,0.33486828571329375,0.31027341409602066,0.007549405731318159,0.2949473056672931,0.3255995225247482,0,0,0,5.513423584657497,0.1899
472,746694,2.0,0.3069855774281663,0.0031351129488764937,0.30084033737351645,0.3131308174828161,0.30889874508383897,0.012162206995512986,0.2842983594264073,0.33349913074127063,0.30889874508383897,0.008458379965202508,0.2917273208563275,0.3260701693113504,0,0,0,7.278937618543427,0.1902
473,747694,2.0,0.3058801298725351,0.003227520265963629,0.2995537591359715,0.3122065006090987,0.3086453580833966,0.012466939797301152,0.28342859215475064,0.33386212401204257,0.3086453580833966,0.005869501542290319,0.29672963646751543,0.3205610796992778,0,0,0,3.3072306661945077,0.1783
474,748694,2.0,0.31251913108543744,0.003078674694158159,0.3064845175470137,0.31855374462386116,0.3115726959781985,0.010224356138797951,0.29089198365302976,0.3322534083033672,0.3115726959781985,0.006398851240913973,0.2985823373423245,0.3245630546140725,0,0,0,4.3199271588615655,0.1492
475,749694,2.0,0.3179742256487749,0.0031275844383341004,0.31184374248017394,0.3241047088173759,0.319718140416732,0.012264365720559134,0.29491111923374697,0.3445251615997171,0.319718140416732,0.008124328131341505,0.30322487746558835,0.3362114033678757,0,0,0,6.747716445080321,0.2071
476,750694,2.0,0.31891700590114636,0.0030296862504646965,0.31297841625446404,0.32485559554782867,0.3174104915894139,0.009375761890702092,0.2984462231446641,0.3363747600341637,0.3174104915894139,0.005485319289767,0.3062747014102734,0.32854628176855444,0,0,0,3.277996701396946,0.2087
477,751694,2.0,0.3288521440660049,0.003252415521443049,0.32247697530409497,0.3352273128279148,0.3277045769499894,0.011618919303039847,0.30420309437509085,0.3512060595248879,0.3277045769499894,0.006852884891591595,0.3137924810001823,0.34161667289979647,0,0,0,4.439507807151014,0.1546
478,752694,2.0,0.3115606115301641,0.0031978579048023807,0.30529238298270056,0.3178288400776277,0.31203203626410453,0.011728443587459765,0.2883090199135863,0.33575505261462274,0.31203203626410453,0.006271520669628767,0.2993001724305053,0.3247639000977038,0,0,0,3.8461603953276438,0.17
479,753694,2.0,0.3166031123024259,0.0030146483849167057,0.31069399888043114,0.3225122257244206,0.31835950326414947,0.00982903059458384,0.2984784123277212,0.3382405942005777,0.31835950326414947,0.005784762473937429,0.30661581110276404,0.3301031954255349,0,0,0,3.6821182528693535,0.1754
480,754694,2.0,0.32287681910453725,0.0031396293632979444,0.3167227262744823,0.3290309119345922,0.3228881616430231,0.010991640761834256,0.30065546967775497,0.3451208536082912,0.3228881616430231,0.0057621503756575335,0.31119037448163006,0.3345859488044161,0,0,0,3.3683127681335088,0.1339
481,755694,2.0,0.3138600190254813,0.003240994280289108,0.30750723742146885,0.3202128006294937,0.3163791108004493,0.012412931439118442,0.29127158708750556,0.341486634513393,0.3163791108004493,0.007291311700854793,0.30157696110919946,0.3311812604916991,0,0,0,5.0612151566851535,0.2163
482,756694,2.0,0.3320991159215446,0.003156641975677426,0.3259116760992972,0.338286555743792,0.33274506102183526,0.011721776640654899,0.3090355298440836,0.3564545921995869,0.33274506102183526,0.005811351899623906,0.3209473894565561,0.34454273258711443,0,0,0,3.3892506990334486,0.1717
483,757694,2.0,0.31130483612336074,0.003048596191777889,0.30532918046639945,0.317280491780322,0.3100209522210972,0.011545121050785744,0.2866687407009476,0.3333731637412468,0.3100209522210972,0.00672033324738582,0.2963779504150949,0.3236639540270995,0,0,0,4.859390643388242,0.1571
484,758694,2.0,0.3063564315819444,0.003031981062762532,0.3004133437967004,0.3122995193671884,0.30820152325974326,0.01113670267378814,0.28567541588232287,0.33072763063716365,0.30820152325974326,0.0062736934125947824,0.29546524852342265,0.32093779799606387,0,0,0,4.2814769872086105,0.1724
485,759694,2.0,0.3120466637879652,0.003215121570270692,0.3057445961507285,0.31834873142520187,0.3101132316692909,0.010778739002953844,0.28831117415857005,0.33191528918001173,0.3101132316692909,0.005313792453272213,0.2993256594808261,0.32090080385775566,0,0,0,2.7315828483222377,0.2171
486,760694,2.0,0.33163748426488104,0.003243980736148303,0.325278848808562,0.3379961197212001,0.33113258607730045,0.012539939651111952,0.30576816400718737,0.35649700814741353,0.33113258607730045,0.006988299868620821,0.3169455831090225,0.3453195890455784,0,0,0,4.6407324561577745,0.1683
487,761694,2.0,0.3172547789556085,0.0031442415056959225,0.31109164571053055,0.32341791220068644,0.31846726694775435,0.012098016794787945,0.29399671822648454,0.34293781566902415,0.31846726694775435,0.006156007814792247,0.30596990667657353,0.33096462721893516,0,0,0,3.83324459789996,0.1983
488,762694,2.0,0.30325483689032956,0.003104963344280235,0.2971686940869807,0.3093409796936784,0.30353882760006345,0.010943006205290727,0.28140450831071595,0.32567314688941096,0.30353882760006345,0.006190391623318577,0.2909716644865899,0.316105990713537,0,0,0,3.974873341077204,0.2372
489,763694,2.0,0.30343631464071746,0.0030867983646009002,0.29738577762336027,0.30948685165807466,0.30134452915973625,0.011684714588427306,0.27770996305850326,0.32497909526096924,0.30134452915973625,0.005824418082997228,0.28952033183199893,0.31316872648747357,0,0,0,3.560316115816143,0.202
490,764694,2.0,0.312559752077409,0.0031746963745548076,0.30633692322230915,0.31878258093250883,0.3109649062322307,0.01255488880211268,0.2855702466501262,0.33635956581433524,0.3109649062322307,0.005642939923666483,0.299509129154555,0.3224206833099064,0,0,0,3.159413439953435,0.1914
491,765694,2.0,0.30862289116101876,0.0031146171593317024,0.302517825590962,0.3147279567310755,0.3080475082293696,0.012250737767525367,0.28326805218324463,0.3328269642754946,0.3080475082293696,0.0050782661197399746,0.2977380799179204,0.3183569365408188,0,0,0,2.658407586569409,0.1567
492,766694,2.0,0.32472512063368364,0.003101715295570945,0.3186453444395617,0.33080489682780556,0.32649782905124214,0.011565994033016355,0.3031033979394606,0.34989226016302366,0.32649782905124214,0.006838739054721351,0.3126144506770171,0.3403812074254672,0,0,0,4.861252751993003,0.2138
493,767694,2.0,0.30767331362539,0.0031466473011383025,0.301505464699966,0.31384116255081407,0.30626988045769005,0.011993099128201061,0.282011547747977,0.3305282131674031,0.30626988045769005,0.007387082780132088,0.2912733051391023,0.32126645577627777,0,0,0,5.511246017115867,0.1931
494,768694,2.0,0.3094556829281488,0.0030731932282065475,0.30343181379500594,0.31547955206129163,0.3126761643631554,0.011430909737563923,0.28955496702922506,0.3357973616970857,0.3126761643631554,0.0058645221744497876,0.3007705514014049,0.32458177732490584,0,0,0,3.6415437365475505,0.1856
495,769694,2.0,0.3077663077612373,0.0032437310702996126,0.301408161683323,0.3141244538391516,0.3054877889808284,0.013072860880933929,0.2790454319780596,0.3319301459835972,0.3054877889808284,0.007214099553945874,0.29084238828117565,0.32013318968048116,0,0,0,4.9462331180969095,0.1626
496,770694,2.0,0.3179282960854079,0.003202326635287791,0.3116513082294218,0.32420528394139403,0.31847867956144477,0.012579735458266138,0.2930337628735454,0.34392359624934415,0.31847867956144477,0.006752760092553507,0.3047698477599794,0.33218751136291014,0,0,0,4.44663401806304,0.1821
497,771694,2.0,0.3223163348758006,0.003164295977771501,0.31611389218730435,0.3285187775642968,0.32306612681702895,0.01179647815392532,0.2992054975666722,0.3469267560673857,0.32306612681702895,0.005887264395443668,0.3111143446921328,0.3350179089419251,0,0,0,3.4615681177612703,0.2228
498,772694,2.0,0.3041508280866739,0.0031782656124995767,0.29792100304855273,0.310380653124795,0.30498833726414043,0.011524801187005254,0.281677226547956,0.32829944798032484,0.30498833726414043,0.007288680833952307,0.29019152851664753,0.3197851460116333,0,0,0,5.259173377888946,0.1671
499,773694,2.0,0.3199692197556318,0.003068428081861059,0.3139546909456818,0.3259837485655818,0.32050825913174635,0.01098296818115052,0.29829310911668055,0.34272340914681215,0.32050825913174635,0.005890853981192388,0.3085491897603626,0.3324673285031301,0,0,0,3.685739341422138,0.2241
500,774694,2.0,0.3139250934457819,0.0031623130716995434,0.3077265375179915,0.3201236493735723,0.31104655498983425,0.012015893136427754,0.2867421170466498,0.3353509929330187,0.31104655498983425,0.007671360099241538,0.29547286603190065,0.32662024394776784,0,0,0,5.884844778214414,0.1887
501,775694,2.0,0.3177419367186928,0.0032172015787592842,0.31143579198704624,0.3240480814503393,0.316625836218445,0.011093475201074858,0.2941871646575779,0.3390645077793121,0.316625836218445,0.005876765691620294,0.304695367595417,0.32855630484147297,0,0,0,3.336723384001341,0.1899
502,776694,2.0,0.31347240821341216,0.0032352697930247464,0.3071308473689076,0.3198139690579167,0.3159831179183867,0.012491824615239858,0.2907160176944493,0.34125021814232404,0.3159831179183867,0.007031681449409736,0.3017080456590091,0.33025819017776425,0,0,0,4.723863831907139,0.1477
503,777694,2.0,0.32727263370061027,0.0030943413204376387,0.3212073114824982,0.33333795591872234,0.3275417356813416,0.01198060127580102,0.30330868226419805,0.35177478909848514,0.3275417356813416,0.007113600538892915,0.31310035882892917,0.341983112533754,0,0,0,5.284969853727171,0.1458
504,778694,2.0,0.30894248163790966,0.003199465756745649,0.3026711014859187,0.31521386178990063,0.3105161889022629,0.012415577163314265,0.2854033137070114,0.3356290640975144,0.3105161889022629,0.007729479988387065,0.29482451029658596,0.32620786750793984,0,0,0,5.836407697099653,0.2658
505,779694,2.0,0.3152050203760456,0.0031823481161767386,0.30896719308552417,0.321442847666567,0.31570324763439006,0.011488930942724577,0.2924646913356117,0.3389418039331684,0.31570324763439006,0.007371514936681555,0.300738276718217,0.3306682185505631,0,0,0,5.365597972414853,0.1734
506,780694,2.0,0.3244609286061477,0.0031806945585345467,0.3182263425094274,0.33069551470286807,0.32231882825125663,0.011079316097110598,0.2999087961814139,0.34472886032109934,0.32231882825125663,0.006836644866100825,0.30843970130595333,0.33619795519655993,0,0,0,4.62000142773244,0.183
507,781694,2.0,0.3179934581719694,0.0030200714644708034,0.31207371478983004,0.32391320155410874,0.31879478683713935,0.010114810800349462,0.29833565087338276,0.33925392280089595,0.31879478683713935,0.005747973317268011,0.3071257806343821,0.3304637930398966,0,0,0,3.6223886726573475,0.2135
508,782694,2.0,0.3104181024344669,0.003181792782050199,0.3041813636729949,0.31665484119593884,0.3100534669477481,0.011729211727274959,0.28632889688780033,0.33377803700769587,0.3100534669477481,0.005320410848300788,0.29925245870306355,0.32085447519243265,0,0,0,2.7960604470148174,0.1611
509,783694,2.0,0.32132320332375236,0.0031327385614828623,0.3151826173854787,0.327463789262026,0.3222901717591657,0.011281582005643524,0.29947101827270045,0.3451093252456309,0.3222901717591657,0.006596470379607616,0.3088986249430557,0.3356817185752757,0,0,0,4.433788038838835,0.1879
510,784694,2.0,0.3105881424070945,0.003061211569156623,0.3045877589257656,0.31658852588842334,0.311343859876211,0.01034568695384418,0.2904177328131276,0.3322699869392944,0.311343859876211,0.004958685460039875,0.30127719321008434,0.32141052654233765,0,0,0,2.623894866914359,0.2044
511,785694,2.0,0.32321223286079515,0.003127553680123062,0.3170818099823954,0.3293426557391949,0.32429983993376693,0.011547571047148961,0.30094267282821935,0.3476570070393145,0.32429983993376693,0.007673557642896911,0.3087216897250359,0.339877990142498,0,0,0,6.01982650330504,0.1687
512,786694,2.0,0.30760221861067993,0.003048680290120554,0.3016263981097362,0.3135780391116237,0.3074163955591367,0.010743696872813407,0.2856852174468697,0.3291475736714037,0.3074163955591367,0.005589212297024181,0.29606969136227357,0.3187630997559998,0,0,0,3.3610691349556765,0.1918
513,787694,2.0,0.31124242729094154,0.0033312806025755154,0.3047126724380705,0.3177721821438126,0.3085573796847964,0.01358680105210533,0.28107548056435705,0.33603927880523576,0.3085573796847964,0.009538891634195315,0.2891924001514956,0.3279223592180972,0,0,0,8.19923620999467,0.1414
514,788694,2.0,0.32336771994603225,0.0031582039619379634,0.3171772184221206,0.3295582214699439,0.3214431660411352,0.012000748390146735,0.29716936123873966,0.34571697084353076,0.3214431660411352,0.006765826824273148,0.30770780736400943,0.335178524718261,0,0,0,4.589458076548177,0.1887
515,789694,2.0,0.336890275497176,0.0031820763347809185,0.33065298093448514,0.3431275700598668,0.33690238692979074,0.011758943510430647,0.3131176786620175,0.360687095197564,0.33690238692979074,0.006458757721243974,0.32379041167324524,0.35001436218633625,0,0,0,4.1198063251650225,0.1655
516,790694,2.0,0.3082445885067147,0.0032036057584610383,0.3019650933984901,0.31452408361493933,0.3086059617485011,0.012512875831586445,0.28329628142040375,0.3339156420765984,0.3086059617485011,0.006583369887756851,0.29524101034476136,0.3219709131522408,0,0,0,4.222973752411037,0.157
517,791694,2.0,0.3051499062008347,0.0031123336217170386,0.299049316669455,0.3112504957322144,0.30531481564843127,0.012892475083169269,0.2792373233609046,0.3313923079359579,0.30531481564843127,0.0077102863450318184,0.2896621022103018,0.32096752908656073,0,0,0,6.137178087565846,0.2474
518,792694,2.0,0.3172834201726454,0.0031638092806674494,0.3110819314754685,0.3234849088698223,0.321685257498026,0.01137673266824895,0.29867364363027327,0.34469687136577876,0.321685257498026,0.006385689483694466,0.30872161864983305,0.33464889634621897,0,0,0,4.073755889147799,0.2008
519,793694,2.0,0.31952135506159013,0.003136535085725193,0.3133733274287993,0.32566938269438095,0.32024349551066306,0.010985101447791447,0.29802403055653265,0.34246296046479346,0.32024349551066306,0.007122981128816239,0.3057830750482756,0.3347039159730505,0,0,0,5.157310598638201,0.1967
520,794694,2.0,0.30520148569040223,0.003226877924883564,0.2988763740281362,0.31152659735266824,0.3060660564139383,0.011975320832887607,0.2818436837007295,0.3302884291271471,0.3060660564139383,0.006412001398518598,0.29304900153885344,0.31908311128902317,0,0,0,3.948409105108074,0.2248
521,795694,2.0,0.3188445214054699,0.0031735265885094325,0.31262398548723663,0.3250650573237032,0.3190025060923629,0.013051199861530971,0.29260396263685917,0.34540104954786666,0.3190025060923629,0.00675623393585997,0.3052866220140596,0.33271839017066623,0,0,0,4.53236706269887,0.2207
522,796694,2.0,0.30678080801276586,0.0031446621414456906,0.30061685026544505,0.3129447657600867,0.30672071295844644,0.011979100202733885,0.2824906957481661,0.3309507301687268,0.30672071295844644,0.005729394419332316,0.29508942392368664,0.31835200199320624,0,0,0,3.319475418490737,0.1969
523,797694,2.0,0.30507981382798105,0.0030813259985120064,0.2990400033789586,0.3111196242770035,0.30449004730298773,0.00963762659492551,0.2849961074987271,0.32398398710724835,0.30449004730298773,0.005687042470059453,0.2929447372962236,0.31603535730975185,0,0,0,3.4064157055962125,0.164
524,798694,2.0,0.3152666888845455,0.0031567477605160105,0.30907904170988754,0.3214543360592035,0.3122141593249883,0.011126694999363727,0.28970829437975687,0.33472002427021974,0.3122141593249883,0.005605323846426558,0.3008347469439471,0.32359357170602954,0,0,0,3.15298319326633,0.227
525,799694,2.0,0.30709578415337885,0.003178281978442464,0.30086592703582404,0.31332564127093365,0.30537753578307275,0.011265572585509797,0.28259076440534703,0.3281643071607985,0.30537753578307275,0.006793262868848229,0.2915864789743353,0.3191685925918102,0,0,0,4.568482752139438,0.1972
526,800694,2.0,0.31674868586039584,0.0031836083492463338,0.31050838834476174,0.32298898337602994,0.31696022310801186,0.013472093088073381,0.28971034274487584,0.3442101034711479,0.31696022310801186,0.006659311232334815,0.3034411025785624,0.33047934363746134,0,0,0,4.375416049073002,0.1643
527,801694,2.0,0.31274663875824926,0.003218450196624499,0.30643804656884177,0.31905523094765675,0.3136439001048734,0.012578170248586667,0.28820214935238064,0.3390856508573662,0.3136439001048734,0.008261707609350789,0.2968717419862442,0.3304160582235026,0,0,0,6.589402788289861,0.215
528,802694,2.0,0.32057802619047626,0.003103130874165911,0.3144954752732665,0.32666057710768603,0.31970450865846334,0.010489661471503152,0.29848716564579447,0.3409218516711322,0.31970450865846334,0.006087867560100973,0.3073454804585643,0.3320635368583624,0,0,0,3.848843100131392,0.1705
529,803694,2.0,0.30640537175169197,0.0031990685392261006,0.30013477019908524,0.3126759733042987,0.3086757322266584,0.011455114490795257,0.2855055761581453,0.3318458882951715,0.3086757322266584,0.006658319563539464,0.2951586248918926,0.3221928395614242,0,0,0,4.331937484641473,0.2818
530,804694,2.0,0.3156605051542746,0.0031447797369637733,0.3094963169040342,0.32182469340451497,0.31615219062738487,0.01170417941816154,0.2924782531917884,0.33982612806298135,0.31615219062738487,0.007489615852474045,0.30094746210572787,0.33135691914904186,0,0,0,5.672031329792944,0.1685
531,805694,2.0,0.30194489963147964,0.0031533809928076645,0.29576385177114095,0.3081259474918183,0.3037922102009748,0.011688845652754647,0.2801492882334368,0.3274351321685128,0.3037922102009748,0.005674794631675664,0.29227176462801757,0.315312655773932,0,0,0,3.2385261436195436,0.2321
532,806694,2.0,0.31758972469651664,0.003065889647202437,0.3115801715574897,0.3235992778355436,0.3203437625783407,0.012259130035310047,0.2955473315683691,0.34514019358831227,0.3203437625783407,0.00648324707806736,0.30718207128435027,0.3335054538723311,0,0,0,4.471694321143589,0.1724
533,807694,2.0,0.3168839198948733,0.003160458579007653,0.31068899902041497,0.32307884076933163,0.3160205031927957,0.009954721088431156,0.29588517923572755,0.3361558271498638,0.3160205031927957,0.0059321045542777085,0.30397769070594655,0.3280633156796448,0,0,0,3.5230384918036433,0.2385
534,808694,2.0,0.3155184648398839,0.003090662184651529,0.3094603542192383,0.3215765754605295,0.31642481658527427,0.01155811092930284,0.29304633055579576,0.3398033026147528,0.31642481658527427,0.006391911819821696,0.30344854572317714,0.3294010874473714,0,0,0,4.277189314119476,0.1791
535,809694,2.0,0.3065413001093702,0.0030841875921971368,0.3004958805545768,0.31258671966416357,0.30567058218041554,0.010731130907251066,0.28396482113259297,0.3273763432282381,0.30567058218041554,0.005021146590142489,0.2954771126788601,0.31586405168197096,0,0,0,2.6504781594370876,0.184
536,810694,2.0,0.3108019418777156,0.003095205194952555,0.30473492635018923,0.31686895740524196,0.3096766402757343,0.01086578629293604,0.2876985130019527,0.33165476754951595,0.3096766402757343,0.005993570470391103,0.29750904534526623,0.3218442352062024,0,0,0,3.749663892174641,0.1679
537,811694,2.0,0.31601806347564526,0.0032933489156805155,0.3095626597946295,0.32247346715666103,0.3161641179846769,0.014155975073777825,0.2875309557386798,0.344797280230674,0.3161641179846769,0.005566744520677022,0.30486302579870633,0.3274652101706475,0,0,0,2.857110855010157,0.2049
538,812694,2.0,0.3012726452183412,0.0031099603068009017,0.2951767077011385,0.30736858273554385,0.29981837514854465,0.012324809175704079,0.2748890955376623,0.324747654759427,0.29981837514854465,0.008328634817791615,0.282910347573444,0.3167264027236453,0,0,0,7.171961478332646,0.199
539,813694,2.0,0.3185197553800359,0.003141447666536477,0.3123620984328103,0.3246774123272615,0.317633405385176,0.010948538090303675,0.29548789680224213,0.33977891396810983,0.317633405385176,0.006366343075062659,0.3047090418345296,0.33055776893582234,0,0,0,4.106959486511173,0.1837
540,814694,2.0,0.31412268136681126,0.0030810950855381398,0.30808332353805457,0.32016203919556796,0.31492638914784754,0.012562978765097575,0.28951536607107003,0.34033741222462505,0.31492638914784754,0.006758061014446397,0.30120679590282035,0.32864598239287474,0,0,0,4.810985127522079,0.1721
541,815694,2.0,0.3251456341321498,0.0031364238942925547,0.3189978244494159,0.33129344381488374,0.32352439646253744,0.011027788748114506,0.3012185882936427,0.3458302046314322,0.32352439646253744,0.005862081641870505,0.31162373804532534,0.33542505487974955,0,0,0,3.493286597446119,0.1827
542,816694,2.0,0.323088455577701,0.0030912369349617402,0.31702921836969306,0.32914769278570893,0.3252723429484798,0.010894443744324783,0.30323625050798275,0.3473084353889768,0.3252723429484798,0.00486293186298612,0.31540006641889046,0.3351446194780691,0,0,0,2.474752555008879,0.2156
543,817694,2.0,0.31613817480519435,0.003159935911350756,0.3099442784291426,0.3223320711812461,0.3151584931237861,0.010923709444607082,0.29306320521705953,0.3372537810305126,0.3151584931237861,0.004898052757161348,0.3052149173884844,0.32510206885908777,0,0,0,2.4026492120389986,0.166
544,818694,2.0,0.30815774541273944,0.003081765535729088,0.302117073412074,0.3141984174134049,0.30882384215463465,0.011151208688126031,0.2862683935937271,0.33137929071554223,0.30882384215463465,0.004775613798466819,0.29912883072010543,0.3185188535891639,0,0,0,2.401370707447787,0.1723
545,819694,2.0,0.3047910207586086,0.003097355878574698,0.2987197896039724,0.3108622519132448,0.30438389933208443,0.011630230161968565,0.28085953838553296,0.3279082602786359,0.30438389933208443,0.005487937186817313,0.29324279453938673,0.3155250041247821,0,0,0,3.139323338322026,0.2185
546,820694,2.0,0.3186434956063979,0.0031827483286156802,0.31240488384605025,0.3248821073667455,0.3201837254001618,0.012176975439967591,0.29555346774422875,0.3448139830560949,0.3201837254001618,0.0074255829680577165,0.30510899054482715,0.3352584602554965,0,0,0,5.44322782998194,0.1923
547,821694,2.0,0.31481325736032956,0.003104085372543443,0.3087288354988325,0.3208976792218266,0.31194507680972056,0.011425996106918973,0.2888338182318802,0.3350563353875609,0.31194507680972056,0.00680451966409418,0.2981311674917076,0.3257589861277335,0,0,0,4.805378847719736,0.1653
548,822694,2.0,0.32277094749232144,0.0032158321952933094,0.3164674869351409,0.329074408049502,0.3245549242610019,0.011649047458393442,0.30099250173983216,0.34811734678217165,0.3245549242610019,0.006587728630068699,0.3111811241399377,0.3379287243820661,0,0,0,4.196475037375983,0.1769
549,823694,2.0,0.3148540987074331,0.0031907843041621567,0.3085997353618598,0.32110846205300636,0.31374489936571953,0.01252315123489332,0.2884144350726537,0.3390753636587854,0.31374489936571953,0.008443884442095578,0.2966029026145916,0.33088689611684746,0,0,0,7.0030893643932055,0.25
550,824694,2.0,0.3201516051671772,0.003158116299295182,0.31396127547375224,0.3263419348606022,0.3234111478470409,0.01242447499511861,0.2982802750881907,0.34854202060589107,0.3234111478470409,0.006379125976986822,0.31046083362585225,0.33636146206822953,0,0,0,4.080055957775268,0.181
551,825694,2.0,0.30126172290220166,0.003155402605078507,0.29507671241183836,0.30744673339256495,0.3003468446588703,0.012288032535414332,0.27549195282437144,0.32520173649336914,0.3003468446588703,0.006072638392104291,0.28801873331366196,0.31267495600407863,0,0,0,3.7037808539878876,0.1909
552,826694,2.0,0.3151710863714829,0.0031841287253806063,0.30892976884913265,0.32141240389383313,0.3135050967294445,0.011603043237692493,0.29003572652776993,0.33697446693111904,0.3135050967294445,0.007006253627494904,0.29928164569293436,0.3277285477659546,0,0,0,4.841617500411671,0.1919
553,827694,2.0,0.3182915066611187,0.003185013288987214,0.3120484552759715,0.3245345580462659,0.3203877098376455,0.011866553802147996,0.296385339209913,0.34439008046537795,0.3203877098376455,0.005927695984598624,0.3083538472230541,0.33242157245223686,0,0,0,3.463772390098105,0.2031
554,828694,2.0,0.3174378727814032,0.003243590137319289,0.31108000295095106,0.3237957426118553,0.31676857075648596,0.013059123274694825,0.29035400068512,0.3431831408278519,0.31676857075648596,0.0060402340467709354,0.30450624372964863,0.3290308977833233,0,0,0,3.4678123708593627,0.1955
555,829694,2.0,0.3016217405677993,0.0031060429866530083,0.2955334815212203,0.3077099996143783,0.3029356105631411,0.011065226040223414,0.2805540783234269,0.32531714280285534,0.3029356105631411,0.006632950094152168,0.28947000598931394,0.3164012151369683,0,0,0,4.56035378192587,0.1842
556,830694,2.0,0.3136267633445164,0.0031027852755570137,0.3075448898467326,0.31970863684230016,0.3143370874390632,0.011677701735115316,0.2907167061725479,0.33795746870557847,0.3143370874390632,0.006924220780752549,0.30028017193510165,0.32839400294302473,0,0,0,4.980103520332684,0.2184
557,831694,2.0,0.31116418317859074,0.003189189086673583,0.30491294667232643,0.31741541968485504,0.3105096174310659,0.012476147428154536,0.28527422731109775,0.3357450075510341,0.3105096174310659,0.0075791459838742406,0.29512313307983606,0.3258961017822958,0,0,0,5.647809061287328,0.1813
558,832694,2.0,0.3139495361682543,0.003169974018861418,0.3077359637609547,0.32016310857555386,0.31480223875087554,0.01264791563963373,0.2892194146291975,0.3403850628725536,0.31480223875087554,0.007464501147709878,0.2996484957904759,0.32995598171127516,0,0,0,5.544854733474514,0.2387
559,833694,2.0,0.3103497908167223,0.0031731814935842062,0.30412993133062777,0.31656965030281686,0.3107885623857755,0.012830320491307116,0.284836789626847,0.33674033514470403,0.3107885623857755,0.007103481514264973,0.29636772824548646,0.32520939652606456,0,0,0,5.011326323598189,0.1693
560,834694,2.0,0.3050311875865133,0.003100164680131162,0.2989544508057284,0.3111079243672982,0.3046042331074182,0.010619160250511371,0.28312495409029353,0.32608351212454284,0.3046042331074182,0.005466024856231368,0.29350761271076947,0.3157008535040669,0,0,0,3.1086632307188813,0.2498
561,835694,2.0,0.3142696064399282,0.003177403412802278,0.30804147142835514,0.32049774145150123,0.3166098571943303,0.011369293788605654,0.2936132898808873,0.33960642450777334,0.3166098571943303,0.005845906238817177,0.30474203659109944,0.3284776777975612,0,0,0,3.385002359139552,0.1989
562,836694,2.0,0.31841332503853903,0.0031357707853725686,0.3122667955365069,0.3245598545405712,0.31793341061848374,0.011644023709566003,0.29438114958845185,0.3414856716485156,0.31793341061848374,0.007673203801182748,0.30235597874662196,0.3335108424903455,0,0,0,5.987766376363008,0.2037
563,837694,2.0,0.31097426696272845,0.0031406151137326694,0.3048182419301806,0.3171302919952763,0.30870025093892944,0.011292913641729695,0.2858581770550435,0.33154232482281537,0.30870025093892944,0.007066306849186682,0.29435488538094584,0.32304561649691305,0,0,0,5.062389447355027,0.1803
564,838694,2.0,0.322845616638238,0.0030974153544294286,0.3167742689029839,0.32891696437349216,0.32231048268336865,0.010785576939650156,0.3004945941401804,0.34412637122655687,0.32231048268336865,0.005237937248187753,0.3116769047481449,0.3329440606185924,0,0,0,2.859707988325515,0.155
565,839694,2.0,0.3105231078462588,0.0030744376768036315,0.3044967994276773,0.3165494162648403,0.30815556684576356,0.01165603597729252,0.28457900871087216,0.33173212498065496,0.30815556684576356,0.005337892591354885,0.29731906877590525,0.3189920649156219,0,0,0,3.014451313733629,0.1691
566,840694,2.0,0.3009182870170607,0.0031139248494314402,0.29481457846686215,0.30702199556725923,0.30231827595543864,0.01201729847926649,0.27801099543805474,0.32662555647282254,0.30231827595543864,0.006764148383067745,0.2885863246951111,0.3160502272157662,0,0,0,4.718565604058764,0.1545
567,841694,2.0,0.303882265930202,0.0031960781698278998,0.297617525900961,0.310147005959443,0.30214125183545043,0.01196524341070127,0.2779392626325953,0.3263432410383056,0.30214125183545043,0.006532587835490256,0.2888793934786299,0.31540311019227096,0,0,0,4.177685378601949,0.2362
568,842694,2.0,0.3116545151462728,0.0031277255880693003,0.30552375530534115,0.31778527498720444,0.3140104785315876,0.01167125650285813,0.29040313397783646,0.3376178230853387,0.3140104785315876,0.007520408671741683,0.2987432372634022,0.329277719799773,0,0,0,5.781301207728301,0.1968
569,843694,2.0,0.31596664016502457,0.0032567177692392367,0.3095830384228957,0.32235024190715345,0.3187751263776319,0.0126173659998601,0.2932540947349343,0.3442961580203295,0.3187751263776319,0.007321514887822228,0.30391166095706107,0.3336385917982027,0,0,0,5.0540746483640095,0.1816
570,844694,2.0,0.30165790609549326,0.0032062587469337683,0.29537321077557194,0.3079426014154146,0.30211031416395395,0.012723838811492584,0.2763739209319366,0.3278467073959713,0.30211031416395395,0.007259720052763662,0.28737229892796046,0.31684832939994745,0,0,0,5.1267555857945695,0.1808
571,845694,2.0,0.323524767022117,0.0031354252646062226,0.3173789147869291,0.32967061925730495,0.3241414333685935,0.01121040404429771,0.3014662508982492,0.34681661583893786,0.3241414333685935,0.00542296899970042,0.3131322210076459,0.3351506457295412,0,0,0,2.9914471645514484,0.1695
572,846694,2.0,0.3139313231927719,0.003233320314782578,0.30759358358596267,0.3202690627995811,0.3152534916954093,0.0126813630085984,0.28960301388422727,0.3409039695065913,0.3152534916954093,0.0075997973059322215,0.2998250829315407,0.33068190045927787,0,0,0,5.524672736156784,0.153
573,847694,2.0,0.3150268029680829,0.0032426808306065436,0.30867071550021996,0.3213828904359458,0.3129119619165921,0.012396120225303358,0.28783844209318693,0.33798548173999726,0.3129119619165921,0.006862265028497972,0.2989808232764833,0.3268431005567009,0,0,0,4.478437993966289,0.2326
574,848694,2.0,0.3152167548775262,0.0031529461931931345,0.3090365592824968,0.3213969504725556,0.31495397218844584,0.01188514735126324,0.29091399255774675,0.33899395181914493,0.31495397218844584,0.0058610683578876254,0.30305537084708095,0.32685257352981073,0,0,0,3.4555760438544256,0.1733
575,849694,2.0,0.3166004484192018,0.003191883048716424,0.31034393138757166,0.322856965450832,0.31806511018095435,0.012776097112062946,0.2922230145588767,0.34390720580303197,0.31806511018095435,0.008595620546180956,0.30061507276192084,0.33551514759998785,0,0,0,7.252045662330256,0.1522
576,850694,2.0,0.30694222847555425,0.003172481359570609,0.3007237413456249,0.3131607156054836,0.3102140534410387,0.012013796823922129,0.28591385569012495,0.33451425119195244,0.3102140534410387,0.0076776381722748425,0.29462761931726605,0.32580048756481134,0,0,0,5.856755905191417,0.1882
577,851694,2.0,0.3217761961372603,0.0031128226917210068,0.3156746479633605,0.32787774431116007,0.3222782013368998,0.010859034599906267,0.3003137306513044,0.34424267202249526,0.3222782013368998,0.0061174226596451085,0.309859173095096,0.3346972295787037,0,0,0,3.8621417326134426,0.1665
578,852694,2.0,0.31109369047134305,0.0031188117265443594,0.3049804029893911,0.317206977953295,0.30919971766417237,0.0119708502200584,0.2849863876189402,0.33341304770940455,0.30919971766417237,0.006237276201404974,0.29653737379701295,0.3218620615313318,0,0,0,3.999554648310509,0.1697
579,853694,2.0,0.3038890293337771,0.003259385943171774,0.29750019761442237,0.3102778610531318,0.3048029967289897,0.01305731514602727,0.27839208394306186,0.3312139095149175,0.3048029967289897,0.007677609769414425,0.2892166202660892,0.3203893731918902,0,0,0,5.5485626279579146,0.2053
580,854694,2.0,0.3131960256012154,0.0031413774645954943,0.3070385062591692,0.3193535449432616,0.31158725144963045,0.0117525989915719,0.28781537618254477,0.33535912671671614,0.31158725144963045,0.007068076871385697,0.29723829255554746,0.32593621034371345,0,0,0,5.06246787790235,0.1264
581,855694,2.0,0.3051926497262632,0.0030973540822964024,0.2991214220925723,0.3112638773599541,0.3040502806842265,0.0107855622102758,0.28223442193401005,0.325866139434443,0.3040502806842265,0.005607768972563479,0.2926659044332291,0.31543465693522393,0,0,0,3.277921246871064,0.1998
582,856694,2.0,0.31808919710637423,0.0031291339093379392,0.31195567676768354,0.3242227174450649,0.3207080491479269,0.011658359347740578,0.2971267915527263,0.34428930674312747,0.3207080491479269,0.005876241335370019,0.30877864502467983,0.33263745327117394,0,0,0,3.526557341533592,0.2427
583,857694,2.0,0.31610110892817117,0.00316592075904703,0.30989548145139545,0.3223067364049469,0.3159783018064869,0.010678946505456931,0.29437809367434087,0.3375785099386329,0.3159783018064869,0.0058750857676665305,0.3040512436103963,0.3279053600025775,0,0,0,3.4437240293900375,0.196
584,858694,2.0,0.3163749582124759,0.003176270912196373,0.31014904305332885,0.32260087337162296,0.3150949563220491,0.013468495827360783,0.2878523521054934,0.34233756053860476,0.3150949563220491,0.00613277499160802,0.3026447611894102,0.327545151454688,0,0,0,3.728026467830375,0.1816
585,859694,2.0,0.31624556334447645,0.0031681435216159575,0.3100355789562295,0.3224555477327234,0.31440470007020926,0.011521814339288497,0.2910996308237811,0.33770976931663743,0.31440470007020926,0.007321083733334485,0.2995421099397823,0.3292672902006362,0,0,0,5.339997490887139,0.1964
586,860694,2.0,0.310550014260835,0.003200164441043154,0.304277264594316,0.31682276392735403,0.3102179644769083,0.01298719542487533,0.28394888221427,0.3364870467395466,0.3102179644769083,0.006297075283944828,0.29743422201818265,0.32300170693563396,0,0,0,3.871980670576923,0.2273
587,861694,2.0,0.3240666959126959,0.003096292302763758,0.31799754950868303,0.3301358423167087,0.32423900916297094,0.010608582161437995,0.30278112635056637,0.3456968919753755,0.32423900916297094,0.0057846461227621816,0.3124955532070288,0.33598246511891305,0,0,0,3.4903556829074156,0.2051
588,862694,2.0,0.34085526286542067,0.0032307183196514516,0.33452262351654877,0.3471879022142926,0.3419131522792106,0.011337640684570363,0.31898060941189077,0.3648456951465304,0.3419131522792106,0.007591310869007032,0.32650197189822644,0.35732433266019475,0,0,0,5.521223962400017,0.1756
589,863694,2.0,0.3083071063561898,0.0031640038422901854,0.30210523629224983,0.31450897642012976,0.3071916261466474,0.011368247582686074,0.28419717498441843,0.3301860773088764,0.3071916261466474,0.005898858908253563,0.2952163059093717,0.3191669463839231,0,0,0,3.475857895974496,0.172
590,864694,2.0,0.31239096461118093,0.0030996558511986504,0.3063152252030547,0.31846670401930716,0.3112836250228584,0.01221255128239974,0.28658140843346513,0.33598584161225165,0.3112836250228584,0.006251505017921235,0.2985923951224797,0.3239748549232371,0,0,0,4.067637223379125,0.148
591,865694,2.0,0.31561138302243014,0.0032637749112167484,0.3092139483395879,0.3220088177052724,0.3155704016525153,0.013252975743315689,0.2887637279530432,0.3423770753519874,0.3155704016525153,0.008591092133982993,0.2981295573989873,0.33301124590604336,0,0,0,6.928773329139709,0.2133
592,866694,2.0,0.31896805497254804,0.0032364610164705185,0.3126241591710093,0.3253119507740868,0.32183872029039523,0.012712096159687674,0.2961260788135608,0.34755136176722967,0.32183872029039523,0.008076313335426712,0.30544293255711147,0.338234508023679,0,0,0,6.227095972895812,0.2471
593,867694,2.0,0.30330689941286565,0.003135834791183342,0.29716024445089684,0.30945355437483446,0.3044596270145348,0.010769536372360427,0.2826761835811557,0.32624307044791384,0.3044596270145348,0.004968932395407572,0.2943721579636779,0.31454709606539166,0,0,0,2.510844561110977,0.1887
594,868694,2.0,0.3078901852332182,0.003073392575540832,0.3018659253526786,0.3139144451137578,0.30437594969937043,0.011396199270588889,0.28132496091182074,0.3274269384869201,0.30437594969937043,0.006897110494033206,0.290374071003415,0.31837782839532586,0,0,0,5.036145763109408,0.15
595,869694,2.0,0.3089990971025638,0.0031127276669616396,0.30289773518988233,0.31510045901524525,0.3051050829883109,0.012756805698377402,0.2793020079335297,0.3309081580430921,0.3051050829883109,0.005391144823321364,0.29416047714014043,0.3160496888364814,0,0,0,2.9997132770256725,0.1485
596,870694,2.0,0.31929250847877905,0.0030136077910245715,0.31338543475977776,0.32519958219778033,0.3226748864311765,0.010444607979009328,0.3015486727086908,0.34380110015366216,0.3226748864311765,0.004981166059935987,0.3125625817209689,0.33278719114138405,0,0,0,2.732049606329153,0.1773
597,871694,2.0,0.3087428219179615,0.0030663088976941983,0.30273244699198243,0.31475319684394054,0.30935797533446574,0.010855273412226099,0.28740111236903954,0.33131483829989195,0.30935797533446574,0.006013705472276271,0.29714950417703523,0.32156644649189625,0,0,0,3.8463827830901347,0.2081
598,872694,2.0,0.31847135803625864,0.0031812976148316886,0.31223558986866146,0.32470712620385583,0.3182568545854022,0.012139565039985426,0.293702266605828,0.3428114425649764,0.3182568545854022,0.00605256131101575,0.30596950188168787,0.33054420728911654,0,0,0,3.61967680770497,0.1866
599,873694,2.0,0.3123729338822097,0.0030828656721225184,0.3063301054672968,0.31841576229712265,0.31104304729037047,0.010466723013826302,0.2898721016877642,0.3322139928929767,0.31104304729037047,0.00487288410516445,0.30115056663503104,0.3209355279457099,0,0,0,2.4984056942701596,0.1788
600,874694,2.0,0.31970849771391363,0.0032478065220801935,0.31334236320625813,0.3260746322215691,0.3174039342179434,0.01147250479365236,0.29419860294174455,0.3406092654941422,0.3174039342179434,0.007229911948352468,0.30272643265104116,0.3320814357848456,0,0,0,4.955479878857336,0.2405
601,875694,2.0,0.30949426217839804,0.003126920477386805,0.3033650804619216,0.31562344389487446,0.3091520321721209,0.010865800579304849,0.2871738760014308,0.331130188342811,0.3091520321721209,0.0067407894800737,0.2954675020059568,0.322836562338285,0,0,0,4.647162456042728,0.1346
602,876694,2.0,0.3179346250161362,0.003063095319245789,0.3119305491330694,0.32393870089920296,0.3169188419025381,0.009952628172667654,0.2967877512671812,0.337049932537895,0.3169188419025381,0.005487698938750478,0.30577822077912975,0.32805946302594646,0,0,0,3.209663707914024,0.2143
603,877694,2.0,0.3114471415884165,0.0031071491958960377,0.3053567142239938,0.31753756895283924,0.31065494494888735,0.011215585852190648,0.28796928128276855,0.33334060861500614,0.31065494494888735,0.005836903054649502,0.29880540178121473,0.32250448811655996,0,0,0,3.528911327494991,0.1873
604,878694,2.0,0.30908070507442836,0.0031999941934779974,0.30280828911587254,0.3153531210329842,0.30728808797786095,0.011923331828001755,0.2831708729527765,0.3314053030029454,0.30728808797786095,0.006489388156924946,0.29411392963099375,0.32046224632472814,0,0,0,4.112530417957869,0.2137
605,879694,2.0,0.308951468969424,0.003121665687846478,0.3028325873421911,0.3150703505966569,0.3087596424243259,0.010846485661100285,0.28682055436330944,0.3306987304853424,0.3087596424243259,0.006641373586849034,0.29527693725119125,0.32224234759746057,0,0,0,4.526296918120535,0.1993
606,880694,2.0,0.3133756066279618,0.003050921318798849,0.30739539341153316,0.3193558198443905,0.31620983854993784,0.011844404784089695,0.29225226853991965,0.34016740855995603,0.31620983854993784,0.007560070061317944,0.30086208038032825,0.33155759671954743,0,0,0,6.140300495230978,0.1725
607,881694,2.0,0.31610273894828744,0.0032750108178091226,0.3096832803880386,0.3225221975085363,0.3159993387497648,0.012944516750736518,0.2898165822537863,0.34218209524574333,0.3159993387497648,0.00901890626150464,0.2976899856441376,0.334308691855392,0,0,0,7.583719624353346,0.1496
608,882694,2.0,0.3001399179586132,0.0031583754720020444,0.2939490802520719,0.30633075566515455,0.3010041971484691,0.012229758759022302,0.27626717515235466,0.32574121914458354,0.3010041971484691,0.006945376829568457,0.2869043325820759,0.31510406171486227,0,0,0,4.835753014427184,0.1863
609,883694,2.0,0.32741918993524066,0.003242029546039876,0.32106437907210345,0.3337740007983779,0.3258377440698196,0.012299465788108617,0.3009597262989095,0.35071576184072967,0.3258377440698196,0.005140194353168131,0.3154025947607053,0.33627289337893385,0,0,0,2.513767710968747,0.1766
610,884694,2.0,0.3133058440502449,0.0032024300854418897,0.3070286534181416,0.3195830346823482,0.3146677353013748,0.01062532747127653,0.29317598190280664,0.336159488699943,0.3146677353013748,0.00651243649152892,0.3014467863476951,0.3278886842550545,0,0,0,4.13549678977586,0.2095
611,885694,2.0,0.3138311430717772,0.0030033267228571333,0.3079442216193568,0.31971806452419754,0.3135726517559518,0.0101241459207214,0.2930946337289814,0.33405066978292214,0.3135726517559518,0.00591076725395446,0.3015731562916563,0.32557214722024724,0,0,0,3.8733126708189873,0.2294
612,886694,2.0,0.3236849878106577,0.0031404306742203593,0.3175293243041847,0.3298406513171307,0.32233124619975845,0.010443153014452165,0.3012079754208715,0.3434545169786454,0.32233124619975845,0.005724366518045001,0.3107101643472645,0.3339523280522524,0,0,0,3.322587633657867,0.1437
613,887694,2.0,0.31472429430844934,0.0031196409484962155,0.30860938144073435,0.3208392071761643,0.3176715338268491,0.011430515416289047,0.294551134082981,0.3407919335707172,0.3176715338268491,0.006446953958558229,0.3045835214825151,0.3307595461711831,0,0,0,4.270708337003042,0.1344
614,888694,2.0,0.31786607855304677,0.0031537519114594368,0.31168430364261673,0.3240478534634768,0.3168182658065962,0.011329038057510584,0.29390312339491864,0.3397334082182738,0.3168182658065962,0.006874900466372015,0.3028614758638824,0.33077505574931004,0,0,0,4.752014709697309,0.2046
615,889694,2.0,0.31747301408552897,0.003253707938402223,0.3110953120137848,0.3238507161572731,0.31570315138523397,0.013282955650948215,0.28883583759881004,0.3425704651716579,0.31570315138523397,0.008267016467293376,0.29892021571200555,0.3324860870584624,0,0,0,6.455657358013784,0.1852
616,890694,2.0,0.3118565931808393,0.003272750106378181,0.3054415659168991,0.3182716204447795,0.31018204784615283,0.012618126056842004,0.2846594788430993,0.3357046168492064,0.31018204784615283,0.0077043101855985,0.29454146665666947,0.3258226290356362,0,0,0,5.541684899824659,0.1838
617,891694,2.0,0.32122314218927306,0.0030200102400836522,0.31530351881510865,0.32714276556343747,0.32021345734000906,0.011201089362177948,0.2975571155926114,0.3428697990874067,0.32021345734000906,0.0057139667452159575,0.3086134881487873,0.3318134265312308,0,0,0,3.579798534509704,0.168
618,892694,2.0,0.30894041414264034,0.0031770592998434832,0.3027129536384207,0.31516787464685997,0.3092550432181117,0.011959687088255492,0.28506429273821643,0.333445793698007,0.3092550432181117,0.006920756999222302,0.29520515956449644,0.32330492687172696,0,0,0,4.745222261909984,0.18
619,893694,2.0,0.3093589164726312,0.0030939857078324863,0.30329429130271507,0.3154235416425473,0.3090201965329627,0.0116604174743454,0.28543477598376626,0.33260561708215913,0.3090201965329627,0.006799628711276955,0.2952162163770407,0.3228241766888847,0,0,0,4.829851651275518,0.1335
620,894694,2.0,0.31747699722206396,0.003172425484721057,0.31125861961430146,0.32369537482982647,0.3189607124111663,0.011594370277487852,0.2955088849273475,0.3424125398949851,0.3189607124111663,0.0066033146567665915,0.30555527097373275,0.33236615384859985,0,0,0,4.332525474509267,0.1834
621,895694,2.0,0.31570696829947603,0.0031927085541556743,0.3094488331669438,0.32196510343200824,0.3176093445317215,0.012457175027951363,0.2924123297133756,0.3428063593500674,0.3176093445317215,0.007091021055925708,0.3032138064666966,0.33200488259674643,0,0,0,4.932862366346175,0.1283
622,896694,2.0,0.31429471219752514,0.0032492378133873426,0.30792577216776756,0.3206636522272827,0.3153685796781628,0.013053509228311385,0.2889653650874413,0.34177179426888427,0.3153685796781628,0.008863470585335376,0.29737477777105975,0.3333623815852658,0,0,0,7.441228111071847,0.263
623,897694,2.0,0.3266356320093204,0.0031284232030978193,0.32050350474977074,0.33276775926887003,0.32687836997332254,0.012204083344104694,0.3021932814058301,0.35156345854081494,0.32687836997332254,0.0056855684271830695,0.31533605243268836,0.3384206875139567,0,0,0,3.3029103416232517,0.1114
624,898694,2.0,0.31334802867076494,0.0032744106661930644,0.3069297464878301,0.3197663108536998,0.31227648043648765,0.01270822460227199,0.2865716699236843,0.33798129094929097,0.31227648043648765,0.0070328052107222865,0.29799912682036,0.3265538340526153,0,0,0,4.613078924893569,0.1916
625,899694,2.0,0.31581941018561976,0.0032206554589627834,0.30950649538753017,0.32213232498370936,0.31746403286488806,0.013566855164026942,0.29002247811115694,0.34490558761861917,0.31746403286488806,0.00911479082153702,0.2989600237537423,0.3359680419760338,0,0,0,8.009490275605962,0.1987
626,900694,2.0,0.31437199049803777,0.003110037120567648,0.3082759024155943,0.3204680785804812,0.31403980748086435,0.012326600784058261,0.2891069040000317,0.338972710961697,0.31403980748086435,0.008416477985457986,0.29695344879464164,0.33112616616708707,0,0,0,7.323684691489537,0.1897
627,901694,2.0,0.31644649654174606,0.0031428548636026356,0.31028608130034835,0.32260691178314377,0.3159950744491529,0.012057279412920195,0.2916069248602931,0.34038322403801274,0.3159950744491529,0.006880359901804596,0.30202720126328364,0.3299629476350222,0,0,0,4.792627336802943,0.1582
628,902694,2.0,0.3156774628363525,0.003118136328133269,0.3095654992254816,0.3217894264472234,0.3161819591328931,0.012032971408233072,0.2918429771243981,0.3405209411413881,0.3161819591328931,0.006658981485291897,0.30266350802552977,0.3297004102402564,0,0,0,4.56063605798084,0.1861
629,903694,2.0,0.31126029888565243,0.0030239549544428986,0.3053329433445518,0.31718765442675306,0.3115951851544501,0.010114150106279326,0.2911373855705901,0.33205298473831013,0.3115951851544501,0.003997687559520934,0.30347944794519893,0.3197109223637013,0,0,0,1.7477007086791,0.2159
630,904694,2.0,0.325019227381353,0.0031081236798230333,0.31892688989829715,0.3311115648644089,0.3236166745792235,0.01089767273270539,0.3015740508932481,0.34565929826519887,0.3236166745792235,0.0059230364373220505,0.3115922713485003,0.3356410778099467,0,0,0,3.631551642787917,0.1704
631,905694,2.0,0.3108814811573151,0.0032722473597620004,0.3044674393438813,0.3172955229707489,0.3105644131414585,0.012718888578491724,0.284838032700784,0.336290793582133,0.3105644131414585,0.008051999012423332,0.294217986108074,0.326910840174843,0,0,0,6.055014311528202,0.1879
632,906694,2.0,0.3107274068549539,0.003166692445117868,0.3045202667704255,0.31693454693948236,0.31067004650592195,0.011675525915363125,0.2870540662502631,0.3342860267615808,0.31067004650592195,0.0063119430543288405,0.2978561208686643,0.3234839721431796,0,0,0,3.9729616433082793,0.187
633,907694,2.0,0.3121834014902879,0.0031903515745778195,0.30592988635248825,0.31843691662808754,0.3072928725201901,0.011694420034045519,0.28363867530223025,0.33094706973814997,0.3072928725201901,0.006372069649582033,0.29435688340521027,0.32022886163516995,0,0,0,3.9891828113193237,0.1539
634,908694,2.0,0.30577989999225885,0.003069175386267818,0.29976390636587374,0.31179589361864396,0.30621102421815094,0.011504350629559642,0.28294127865882146,0.3294807697774804,0.30621102421815094,0.006310997476449099,0.2933990182060437,0.3190230302302582,0,0,0,4.228171550652326,0.1643
635,909694,2.0,0.32451106710233296,0.0032888081263920785,0.3180645639747167,0.3309575702299492,0.3228949684560472,0.01289049326107893,0.2968214847820678,0.3489684521300266,0.3228949684560472,0.008904039526997351,0.3048188072188355,0.34097112969325893,0,0,0,7.329883713798569,0.1926
636,910694,2.0,0.3193984810916218,0.003076399763859648,0.31336832672038595,0.3254286354628576,0.3211516530116045,0.011091942154495037,0.29871608233013436,0.3435872236930746,0.3211516530116045,0.005517865696547811,0.3099497901140222,0.33235351590918677,0,0,0,3.217041864858101,0.2205
637,911694,2.0,0.30307989316785205,0.0032438921192055633,0.296721431412575,0.3094383549231291,0.304038872618799,0.012041924431890633,0.27968178141064504,0.328395963826953,0.304038872618799,0.007564780499572728,0.28868155175114285,0.3193961934864552,0,0,0,5.43825861830193,0.1933
638,912694,2.0,0.3028028526157275,0.003115759880479667,0.29669554715961743,0.3089101580718375,0.30329572051472087,0.012696586091078972,0.2776144511128304,0.32897698991661134,0.30329572051472087,0.0077657029104999924,0.28753050546767805,0.3190609355617637,0,0,0,6.212030537328567,0.1592
639,913694,2.0,0.3100018301814146,0.0031203577775114747,0.3038855122331016,0.31611814812972755,0.3069656401624953,0.011977818893174879,0.2827382146454257,0.33119306567956486,0.3069656401624953,0.006673597901652814,0.29341751615239503,0.32051376417259553,0,0,0,4.574159312530259,0.2013
640,914694,2.0,0.3071800584574954,0.0031149132365554996,0.30107441253654077,0.31328570437845005,0.30765465914684786,0.010488964382834467,0.2864387261290996,0.32887059216459613,0.30765465914684786,0.006369317546472859,0.2947242570982093,0.3205850611954864,0,0,0,4.1811321524405525,0.1758
641,915694,2.0,0.32210501253247487,0.00316792946384821,0.31589544772603884,0.3283145773389109,0.3251876147421425,0.012110013482445383,0.30069280042967744,0.3496824290546075,0.3251876147421425,0.0070160901838562315,0.31094419443457655,0.3394310350497084,0,0,0,4.905003472752294,0.2264
642,916694,2.0,0.3120553252305502,0.0032142099276780355,0.30575504453453933,0.31835560592656104,0.3107052051827183,0.01173416559816638,0.28697061497309945,0.3344397953923372,0.3107052051827183,0.0079978249149604,0.2944687574140991,0.32694165295133754,0,0,0,6.191491894395738,0.1169
643,917694,2.0,0.31075810918313,0.0032272841394232576,0.3044322012861188,0.3170840170801412,0.3117820904672811,0.011537582348442176,0.28844512741191075,0.3351190535226515,0.3117820904672811,0.0073118242180349735,0.29693829815227546,0.32662588278228677,0,0,0,5.133068700887305,0.167
644,918694,2.0,0.31307865082926634,0.0031982241337619125,0.3068097044241345,0.31934759723439815,0.3144620338338167,0.011612250156368438,0.29097404088133483,0.3379500267862986,0.3144620338338167,0.005905559658342827,0.30247311035065955,0.3264509573169739,0,0,0,3.409607047267962,0.219
645,919694,2.0,0.31032785632792426,0.0032753757121093455,0.3039076825261176,0.3167480301297309,0.311586563202255,0.01203618463210105,0.2872410818350182,0.3359320445694918,0.311586563202255,0.006100120940042485,0.2992026593185888,0.32397046708592114,0,0,0,3.4686033734928357,0.1365
646,920694,2.0,0.30744831103890485,0.003031060016128517,0.3015070286280636,0.3133895934497461,0.3065295376456479,0.010463709697760379,0.2853646870500874,0.3276943882412084,0.3065295376456479,0.005463601682205322,0.29543783655380096,0.3176212387374948,0,0,0,3.249144220127371,0.1483
647,921694,2.0,0.3092665045914628,0.0032879263918816617,0.30282172978123717,0.31571127940168847,0.30998092429144547,0.012184093429121643,0.2853362691434816,0.33462557943940935,0.30998092429144547,0.008200673950446687,0.2933326710876476,0.32662917749524334,0,0,0,6.220924317755811,0.2035
648,922694,2.0,0.32434749347130515,0.0031521109370888823,0.31816893508978333,0.33052605185282696,0.32211069357383737,0.012049697033423052,0.2977378807951387,0.34648350635253605,0.32211069357383737,0.006523984029551764,0.3088663018716657,0.33535508527600905,0,0,0,4.28373691355601,0.2081
649,923694,2.0,0.31377392797200154,0.0031903659178928053,0.3075203847193891,0.320027471224614,0.3148174235430042,0.01254759981187718,0.28943750733526524,0.3401973397507431,0.3148174235430042,0.007230997404224159,0.3001377183835311,0.32949712870247727,0,0,0,5.137069210750065,0.2183
650,924694,2.0,0.31640469162280793,0.003376152464978145,0.30978698192726933,0.32302240131834653,0.3190803049516367,0.01281851039664724,0.2931524203639415,0.3450081895393319,0.3190803049516367,0.00746725577951059,0.30392096979137906,0.33423964011189433,0,0,0,4.891904314086134,0.2089
651,925694,2.0,0.30804110152171654,0.003086174793744324,0.30199178678651223,0.31409041625692086,0.3094837538502948,0.01202235998574208,0.28516623546972103,0.3338012722308686,0.3094837538502948,0.006175518793678737,0.2969467841861886,0.32202072351440103,0,0,0,4.004108671763357,0.1842
652,926694,2.0,0.31167018747028385,0.003143352986746009,0.3055087958410039,0.31783157909956383,0.31138352080204534,0.010696651666234977,0.28974750060195575,0.33301954100213493,0.31138352080204534,0.005331909668912049,0.30055916871047234,0.32220787289361835,0,0,0,2.8772610029498895,0.2142
653,927694,2.0,0.3133500813648656,0.002932517675505298,0.30760195510136307,0.3190982076283681,0.31267278266084514,0.009693678633829689,0.2930654669064435,0.3322800984152468,0.31267278266084514,0.005700392234809166,0.30110037119082234,0.32424519413086794,0,0,0,3.778576355777313,0.1514
654,928694,2.0,0.31326160451716906,0.00313848032872427,0.3071097639483249,0.3194134450860132,0.31335058207819977,0.012231740383555994,0.2886095518681341,0.33809161228826545,0.31335058207819977,0.005716061550089751,0.30174636020699563,0.3249548039494039,0,0,0,3.3170725571057074,0.2207
655,929694,2.0,0.30149786496327624,0.003081803181998253,0.29545711917089584,0.30753861075565664,0.30184610417501484,0.011648181978612466,0.2782854322519396,0.3254067760980901,0.30184610417501484,0.005303335291441156,0.29107976115369033,0.31261244719633935,0,0,0,2.9613406765227452,0.1706
656,930694,2.0,0.31998293922957216,0.003125544202863381,0.3138564551949546,0.32610942326418974,0.3194407672469292,0.011512428802367327,0.29615468204081113,0.3427268524530473,0.3194407672469292,0.006228993579928573,0.30679523799529573,0.3320862964985627,0,0,0,3.9717735195403367,0.1579
657,931694,2.0,0.3147752557589517,0.003157721048831685,0.30858570080921843,0.320964810708685,0.3157318078414289,0.011903842990072237,0.29165401271186653,0.3398096029709913,0.3157318078414289,0.007177618774897931,0.3011604670605501,0.3303031486223077,0,0,0,5.166700075833121,0.1719
658,932694,2.0,0.3092661988599663,0.003000435716969871,0.3033849441651608,0.3151474535547718,0.3115760445282352,0.010351592463511172,0.2906379724443702,0.3325141166121002,0.3115760445282352,0.006174245142172154,0.2990416605141503,0.32411042854232003,0,0,0,4.234470232054912,0.1401
659,933694,2.0,0.3191160290672851,0.003165219685233339,0.3129117757888083,0.3253202823457619,0.32159959905453794,0.011931311327897725,0.29746624396746746,0.34573295414160843,0.32159959905453794,0.00798973182824102,0.30537958112543173,0.33781961698364416,0,0,0,6.371720093915771,0.2081
660,934694,2.0,0.32540792659151146,0.0032016625235013717,0.31913224048331473,0.3316836126997082,0.3234018028182284,0.01109850070653111,0.30095296621310635,0.3458506394233504,0.3234018028182284,0.00563612600179906,0.3119598587373582,0.33484374689909857,0,0,0,3.098919411537805,0.1912
661,935694,2.0,0.30853573836320536,0.0031243093404698667,0.3024116748237873,0.31465980190262344,0.3097202564867362,0.010837900918590142,0.28779853270644584,0.3316419802670265,0.3097202564867362,0.006184241975370412,0.29716557782231817,0.3222749351511542,0,0,0,3.9180041711875533,0.0778
662,936694,2.0,0.31025088907553444,0.003120437925089624,0.3041344140272651,0.3163673641238038,0.3081245503548021,0.01083025370720587,0.2862182945195423,0.33003080619006187,0.3081245503548021,0.0060023816285168854,0.29593906782236573,0.3203100328872384,0,0,0,3.7001225915602505,0.2368
663,937694,2.0,0.3060922777643989,0.0030806024575193857,0.30005388555234636,0.31213066997645145,0.3074060634460399,0.01083295953308266,0.28549433456134793,0.32931779233073183,0.3074060634460399,0.006082762354126463,0.29505739936526504,0.3197547275268147,0,0,0,3.898794851020368,0.1735
664,938694,2.0,0.3133517635637817,0.0030267322331302853,0.30741896418556547,0.3192845629419979,0.3140910526520354,0.009791202947946177,0.2942864753529875,0.3338956299510833,0.3140910526520354,0.004523991942929654,0.30490686074135326,0.32327524456271756,0,0,0,2.23406416286782,0.1905
665,939694,2.0,0.3250095461759907,0.003136619569517838,0.318861352943684,0.3311577394082974,0.3272008703802455,0.010880335993910908,0.3051933135584127,0.34920842720207823,0.3272008703802455,0.00571721802898297,0.31559430073207134,0.3388074400284196,0,0,0,3.3223533010688744,0.156
666,940694,2.0,0.31099492693405834,0.0031997327332477614,0.30472302347247016,0.3172668303956465,0.31333580019156,0.012349301898659217,0.2883569793723493,0.3383146210107707,0.31333580019156,0.008285660288312966,0.2965150155494668,0.3301565848336532,0,0,0,6.7054331666165945,0.1839
667,941694,2.0,0.31497322521003335,0.0031179796180891514,0.30886156877177656,0.32108488164829013,0.3150274142007354,0.01145385531729058,0.291859805051037,0.3381950233504338,0.3150274142007354,0.005746579032208403,0.30336123854713193,0.32669358985433883,0,0,0,3.396817575712537,0.2092
668,942694,2.0,0.32197882263290106,0.0031396896386687747,0.31582461165506986,0.32813303361073226,0.32307936487361505,0.011175729968062032,0.30047431734243324,0.34568441240479686,0.32307936487361505,0.006276739588879359,0.3103369060706683,0.3358218236765618,0,0,0,3.9966377139990565,0.1506
669,943694,2.0,0.30019768738694064,0.0032700359430173965,0.2937879802456472,0.3066073945282341,0.3002004122861182,0.013266305915959205,0.2733667757674776,0.32703404880475884,0.3002004122861182,0.0059806943855444,0.28805895719758223,0.3123418673746542,0,0,0,3.3450157604601785,0.1802
670,944694,2.0,0.31021896911986446,0.0032280662529999486,0.3038915281757965,0.3165464100639324,0.309699104026048,0.013355657916154054,0.2826847360279261,0.3367134720241699,0.309699104026048,0.008071387297642526,0.2933133166811248,0.3260848913709712,0,0,0,6.251892398598722,0.1874
671,945694,2.0,0.32011843155764347,0.0031568336405821645,0.3139306160465871,0.3263062470686998,0.31935414538547324,0.010622705985725865,0.2978676944419254,0.3408405963290211,0.31935414538547324,0.0060313798455347185,0.3071097933427639,0.3315984974281826,0,0,0,3.6503118554138507,0.1742
672,946694,2.0,0.3171642698269954,0.003031915942905177,0.3112213096853682,0.3231072299686226,0.3151856179716314,0.010863214663880622,0.2932126923085899,0.33715854363467296,0.3151856179716314,0.00665443191427948,0.30167640298445053,0.3286948329588123,0,0,0,4.817122141958089,0.2704
673,947694,2.0,0.31844146224913567,0.003199623902739812,0.31216977210987673,0.3247131523883946,0.31711353292717126,0.011074264777806863,0.2947137181150184,0.3395133477393241,0.31711353292717126,0.006235310466916738,0.30445517971318126,0.32977188614116126,0,0,0,3.797679412238652,0.1985
674,948694,2.0,0.3218375855890323,0.003228467623982697,0.31550935790423756,0.32816581327382705,0.32398873399743416,0.01223495933207281,0.29924119284943146,0.34873627514543687,0.32398873399743416,0.007258239568915599,0.3092537243034383,0.33872374369143005,0,0,0,5.054401369108129,0.1833
675,949694,2.0,0.31787245946036646,0.0031982626217425133,0.31160343761365283,0.3241414813070801,0.3193798612715278,0.011303917966727948,0.29651552903938677,0.3422441935036688,0.3193798612715278,0.007027809741048821,0.30511264899798957,0.333647073545066,0,0,0,4.828494558497053,0.1486
676,950694,2.0,0.31694246319920716,0.0031580137185397267,0.3107523345777619,0.3231325918206524,0.31770623758821787,0.010695346529429939,0.29607285727649324,0.3393396178999425,0.31770623758821787,0.005667887998533666,0.3061998132259597,0.32921266195047605,0,0,0,3.221176298271787,0.2044
677,951694,2.0,0.30888493153781954,0.003211530895784617,0.30258990210208786,0.3151799609735512,0.30954172136161706,0.012062282825404268,0.2851434514157565,0.33393999130747765,0.30954172136161706,0.006267729213251636,0.29681755459366865,0.32226588812956547,0,0,0,3.8088708033781256,0.1714
678,952694,2.0,0.30852657674601613,0.003053410926879156,0.3025414835652784,0.3145116699267539,0.30736872609445215,0.011271767563743361,0.2845694241905036,0.3301680279984007,0.30736872609445215,0.006689762242941508,0.2937877867269468,0.3209496654619575,0,0,0,4.8001063015127245,0.2075
679,953694,2.0,0.3218620281677362,0.003132583631598431,0.31572174591272595,0.3280023104227464,0.3251085464931524,0.011777798566650094,0.3012857002743673,0.3489313927119375,0.3251085464931524,0.006673837742464374,0.31155993558031914,0.3386571574059857,0,0,0,4.538851131786434,0.1755
680,954694,2.0,0.3166534475199494,0.003119155441558937,0.3105394863106679,0.3227674087292309,0.31699431923286736,0.010646853096581949,0.2954590261474458,0.33852961231828893,0.31699431923286736,0.00616307070122444,0.30448262053994424,0.3295060179257905,0,0,0,3.904093979419291,0.1882
681,955694,2.0,0.31139365593469054,0.003102880351935691,0.3053115960745077,0.3174757157948734,0.31303883545116434,0.01172595499080235,0.2893208527625087,0.33675681813982,0.31303883545116434,0.005805285712871928,0.3012534788997046,0.3248241920026241,0,0,0,3.5003956778569285,0.1912
682,956694,2.0,0.3135534534316743,0.003221974372815381,0.30723795338630083,0.31986895347704775,0.31298988066357525,0.012158416645490487,0.28839716171271784,0.33758259961443265,0.31298988066357525,0.006912848977672535,0.29895605114720497,0.3270237101799455,0,0,0,4.603307373396894,0.19
683,957694,2.0,0.3237828745515501,0.00318890167317794,0.31753220141411953,0.33003354768898063,0.32372173625965894,0.013202266077161979,0.29701763254147406,0.3504258399778438,0.32372173625965894,0.007340309239742276,0.3088201162762489,0.338623356243069,0,0,0,5.298420917784198,0.218
684,958694,2.0,0.31272694502620246,0.0032370497379990565,0.30638189525184767,0.31907199480055726,0.31115156421971096,0.011319285582574324,0.28825614805053484,0.3340469803888871,0.31115156421971096,0.006379186146080589,0.298201127848768,0.3241020005906539,0,0,0,3.8835759711926645,0.167
685,959694,2.0,0.304243808114019,0.00308493887454486,0.298196915945495,0.310290700282543,0.3024841621890856,0.010691565488350404,0.28085842975482084,0.3241098946233503,0.3024841621890856,0.005355246595059408,0.2916124336187198,0.31335589075945136,0,0,0,3.0134627049575844,0.2295
686,960694,2.0,0.31727062147749513,0.00308308890183356,0.3112273555025376,0.32331388745245265,0.31732890238413813,0.01084709639501953,0.29538857899716864,0.33926922577110763,0.31732890238413813,0.0067043831731919724,0.3037182809502129,0.33093952381806335,0,0,0,4.728741340123564,0.1736
687,961694,2.0,0.31697142365520903,0.003153306003721411,0.31079052278349373,0.32315232452692433,0.31560486239518626,0.011840600948711654,0.29165498636844855,0.33955473842192396,0.31560486239518626,0.006390642518390217,0.30263116835198856,0.32857855643838396,0,0,0,4.107303674543084,0.1378
688,962694,2.0,0.29766701098571596,0.003182967155481779,0.29142797029548784,0.3039060516759441,0.2986346587268114,0.011282939791460955,0.27581275885930184,0.32145655859432093,0.2986346587268114,0.007271725730744406,0.28387227066876514,0.31339704678485764,0,0,0,5.219280836961973,0.1448
689,963694,2.0,0.31437118492399535,0.003161081427655717,0.30817504318300926,0.32056732666498144,0.3170139670685191,0.012010294304211211,0.29272085383242186,0.3413070803046163,0.3170139670685191,0.0056900914411886876,0.3054624673212925,0.32856546681574567,0,0,0,3.240164989014544,0.2212
690,964694,2.0,0.30564195909690334,0.0029509071234820176,0.29985778705956995,0.31142613113423673,0.3053400706327616,0.009487812251682779,0.2861491589402693,0.32453098232525385,0.3053400706327616,0.0054494710520853595,0.2942770562451524,0.3164030850203708,0,0,0,3.4103395239027443,0.1972
691,965694,2.0,0.30947196384358394,0.003007578170395328,0.3035767089862343,0.3153672187009336,0.3100225218497777,0.011595314934660973,0.2865687836164723,0.33347626008308306,0.3100225218497777,0.006588149991792996,0.2966478663189363,0.32339717738061907,0,0,0,4.798363096863082,0.2081
692,966694,2.0,0.3199853219880015,0.0031809608161158793,0.3137502139908647,0.3262204299851383,0.3222916864278138,0.01072014554153156,0.3006081453794854,0.34397522747614223,0.3222916864278138,0.006645368609074916,0.3088008709283849,0.33578250192724274,0,0,0,4.364369504147622,0.1944
693,967694,2.0,0.30701286701282343,0.003065160624561781,0.30100474285552864,0.3130209911701182,0.30811382004896765,0.011406796854106614,0.2850413956254623,0.33118624447247297,0.30811382004896765,0.007427051420537964,0.29303610407661057,0.3231915360213247,0,0,0,5.871193388185147,0.1224
694,968694,2.0,0.3231740497088754,0.0031824106116859255,0.3169360999188101,0.32941199949894073,0.3256432995783351,0.012121025508284878,0.30112621134119333,0.35016038781547687,0.3256432995783351,0.007176783918509493,0.3110736536460294,0.3402129455106408,0,0,0,5.085659894239464,0.1303
695,969694,2.0,0.3126064877451453,0.003144838510701907,0.30644218429052933,0.3187707911997613,0.31380121107967224,0.011448902160875532,0.29064362063448007,0.3369588015248644,0.31380121107967224,0.006003644951424386,0.30161316386538545,0.32598925829395903,0,0,0,3.6444609667248478,0.1878
696,970694,2.0,0.30771240840201364,0.003170566707225266,0.3014976742463711,0.3139271425576562,0.3083806896824498,0.01182372485559357,0.28446494877602774,0.33229643058887187,0.3083806896824498,0.007370489081442422,0.29341780136313095,0.32334357800176866,0,0,0,5.404043352813978,0.1763
697,971694,2.0,0.3252320201560089,0.0031617854542001353,0.31903449842897735,0.3314295418830404,0.32560597500499466,0.011085063706707565,0.30318431729740825,0.3480276327125811,0.32560597500499466,0.006075520303692584,0.31327201306822244,0.3379399369417669,0,0,0,3.6923440273467447,0.1723
698,972694,2.0,0.3182974861951637,0.0031659759093667673,0.3120917506163963,0.32450322177393104,0.3195209174629572,0.009932925537719914,0.29942967916840985,0.33961215575750453,0.3195209174629572,0.005030143043289812,0.3093091841905412,0.32973265073537317,0,0,0,2.524326107418,0.1873
699,973694,2.0,0.31668271223162775,0.0032148207270892406,0.31038123428720243,0.32298419017605307,0.31620294687462336,0.011101387209395986,0.29374827176636586,0.33865762198288085,0.31620294687462336,0.007020933783308815,0.30194969353740747,0.33045620021183925,0,0,0,4.769537137604896,0.1898
700,974694,2.0,0.3222332453276004,0.003044084031304619,0.3162664341077377,0.3282000565474631,0.32433416593490605,0.010635196158190597,0.30282245123292406,0.34584588063688804,0.32433416593490605,0.0062572076472367484,0.31163135908154205,0.33703697278827005,0,0,0,4.225205739510705,0.13
701,975694,2.0,0.3143616884788118,0.0031178297065674754,0.30825032588715723,0.32047305107046636,0.31318655879865287,0.010087113004225864,0.29278344691562047,0.33358967068168527,0.31318655879865287,0.00646351492399857,0.30006492590707895,0.3263081916902268,0,0,0,4.297666691757586,0.1796
702,976694,2.0,0.31795794432671504,0.003158620561256253,0.3117666262125053,0.3241492624409248,0.31637226543643515,0.011667176370817971,0.2927731737287142,0.3399713571441561,0.31637226543643515,0.006900474624269283,0.3023635571930158,0.33038097367985453,0,0,0,4.772687620316274,0.22
703,977694,2.0,0.3190805276289905,0.0032548026532299304,0.31270067976999166,0.3254603754879893,0.31789615492568757,0.012634247041341331,0.29234097815366517,0.34345133169770997,0.31789615492568757,0.007558371932542069,0.3025518441407691,0.33324046571060606,0,0,0,5.3927116005261455,0.1835
704,978694,2.0,0.30937142930743533,0.003268612892752735,0.30296451153470016,0.3157783470801705,0.30868901926235875,0.011320096392931816,0.28579196307443466,0.33158607545028285,0.30868901926235875,0.006601942069068985,0.29528636432609234,0.32209167419862517,0,0,0,4.0795892571625885,0.1723
705,979694,2.0,0.312439412745628,0.0031693780872103935,0.3062270084439474,0.31865181704730855,0.3112015761753382,0.01140274046340661,0.2881373565764699,0.33426579577420656,0.3112015761753382,0.005399851833430145,0.3002392941569145,0.3221638581937619,0,0,0,2.902789776861879,0.1425
706,980694,2.0,0.31542198981303265,0.003234602824042165,0.3090817363168035,0.3217622433092618,0.3128578258458434,0.01279081622238202,0.2869859580129724,0.33872969367871436,0.3128578258458434,0.006944221902075096,0.29876030590691105,0.3269553457847757,0,0,0,4.608984607311933,0.2076
707,981694,2.0,0.31545481464224673,0.0031846433537969093,0.30921248837947507,0.3216971409050184,0.31630959799449565,0.011117005679857092,0.2938233315478516,0.3387958644411397,0.31630959799449565,0.006059937803387795,0.30400727021513413,0.32861192577385717,0,0,0,3.6208849644319234,0.1918
708,982694,2.0,0.30639971708847247,0.003159921656815976,0.3002058486532125,0.31259358552373245,0.30523451365032817,0.011494951931074672,0.2819837787530844,0.32848524854757194,0.30523451365032817,0.006786869393859735,0.29145643628585394,0.3190125910148024,0,0,0,4.613030782923436,0.188
709,983694,2.0,0.31674150095562126,0.003059788142355455,0.31074390758091247,0.32273909433033005,0.3158179754192416,0.010211590873321207,0.29516308328064456,0.3364728675578387,0.3158179754192416,0.006749683744392225,0.3021153889365685,0.32952056190191475,0,0,0,4.866134788902957,0.1554
710,984694,2.0,0.31933747503978965,0.0031449544525011175,0.3131729443237639,0.3255020057558154,0.31847476227302823,0.011492138830813957,0.29522971740813897,0.3417198071379175,0.31847476227302823,0.007710230240055638,0.30282216273405577,0.3341273618120007,0,0,0,6.010435955287072,0.2192
711,985694,2.0,0.31556060666048025,0.0031099164895066218,0.30946475503102594,0.32165645828993455,0.31242318880735936,0.011305842061017667,0.28955496472716924,0.3352914128875495,0.31242318880735936,0.007033508032280104,0.2981444083876151,0.32670196922710365,0,0,0,5.115010403250631,0.2037
712,986694,2.0,0.31328461513038186,0.0031797441652647233,0.3070518919313895,0.31951733832937423,0.31382233037366547,0.013146489793205051,0.2872310448385937,0.34041361590873725,0.31382233037366547,0.007512666197699463,0.29857080716341744,0.3290738535839135,0,0,0,5.582179882852208,0.174
713,987694,2.0,0.3036886901218946,0.0031745735151983414,0.2974661020875405,0.3099112781562487,0.3062161192646423,0.012008178060384251,0.28192728653571847,0.33050495199356617,0.3062161192646423,0.006126401810131421,0.29377886237824724,0.3186533761510374,0,0,0,3.7242615836708817,0.1713
714,988694,2.0,0.31250245934027365,0.0032044558877937462,0.3062212978650274,0.3187836208155199,0.31128965893229527,0.01112610509082653,0.2887849871897057,0.33379433067488484,0.31128965893229527,0.0053778749341746365,0.30037199239128853,0.322207325473302,0,0,0,2.8165197530739743,0.1916
715,989694,2.0,0.31597090507976766,0.0030730532477038553,0.3099473103271036,0.3219944998324317,0.3161503091310002,0.01159627051622586,0.2926946380515401,0.33960598021046023,0.3161503091310002,0.006220079724179054,0.30352287596859506,0.3287777422934053,0,0,0,4.096865736824088,0.1753
716,990694,2.0,0.31584772017746676,0.003058534859851301,0.3098525834038342,0.3218428569510993,0.31613770419750314,0.011260172257218396,0.29336185601477766,0.33891355238022863,0.31613770419750314,0.006930082700766583,0.30206888836324636,0.33020652003175993,0,0,0,5.133930263377911,0.1864
717,991694,2.0,0.3166251475638271,0.003216638874503578,0.3103201058076674,0.3229301893199868,0.3175021318625612,0.01213594035152594,0.29295487550742194,0.3420493882177005,0.3175021318625612,0.006519580430117679,0.30426667994251355,0.33073758378260887,0,0,0,4.108040176691773,0.23
718,992694,2.0,0.31370136081702055,0.003223729287221691,0.3073824209050528,0.3200203007289883,0.3159565827314327,0.012823816722027348,0.2900179650875724,0.341895200375293,0.3159565827314327,0.004469688274997473,0.3068826331275527,0.32503053233531265,0,0,0,1.9223715994454238,0.1357
719,993694,2.0,0.30386896689575515,0.003195492340626701,0.29760537516998237,0.31013255862152794,0.3057164007568483,0.012512618476053158,0.28040724097945136,0.33102556053424526,0.3057164007568483,0.00766879414317394,0.2901479209666711,0.32128488054702553,0,0,0,5.759417983333197,0.168
720,994694,2.0,0.2968624629076502,0.003094765152869868,0.2907963099213708,0.30292861589392966,0.2978675710379786,0.011503872906756942,0.27459879176422447,0.32113635031173277,0.2978675710379786,0.006860673166134523,0.28393966405027454,0.3117954780256827,0,0,0,4.9144855794314966,0.1257
721,995694,2.0,0.31136791170869704,0.0031280084516735725,0.3052365974173264,0.3174992260000677,0.31169496709158817,0.012595531493533948,0.28621809990658,0.33717183427659636,0.31169496709158817,0.005893536422347046,0.29973045207514926,0.3236594821080271,0,0,0,3.5498999083684595,0.2056
722,996694,2.0,0.3142151002778654,0.0030747286273505657,0.3081882215573573,0.32024197899837353,0.31455509823830113,0.010926252279831988,0.292454666961854,0.33665552951474825,0.31455509823830113,0.005644112354220169,0.30309694100006307,0.3260132554765392,0,0,0,3.3695951010119662,0.1955
723,997694,2.0,0.31783438517325385,0.003049264070885641,0.31185742038405023,0.3238113499624575,0.3154205620125056,0.009866060615664368,0.295464570788669,0.33537655323634225,0.3154205620125056,0.0052952718665545484,0.3046705886139722,0.326170535411039,0,0,0,3.015688302893441,0.171
724,998694,2.0,0.3069701622772626,0.003355574836391024,0.3003927874817692,0.313547537072756,0.30788348217184935,0.013136601103848311,0.2813121983989505,0.3344547659447482,0.30788348217184935,0.007474725478673702,0.292708982716099,0.3230579816275997,0,0,0,4.961998588153127,0.1431
725,999694,2.0,0.3202559069269937,0.003180771377647973,0.3140211702545523,0.3264906435994351,0.3215587644730065,0.012497899466053461,0.2962793767034879,0.3468381522425251,0.3215587644730065,0.006963325962982939,0.3074224612285634,0.3356950677174496,0,0,0,4.792570848202011,0.1664
726,1000694,2.0,0.3146639537374372,0.0031505126103234704,0.3084885282898222,0.32083937918505223,0.31548189654028946,0.012731806763391926,0.289729386604314,0.3412344064762649,0.31548189654028946,0.0077662524664398845,0.29971556583537606,0.33124822724520286,0,0,0,6.076598814195225,0.1721
727,1001694,2.0,0.31447495069136855,0.003214676642689811,0.3081737551716077,0.3207761462111294,0.31384604413985473,0.011065080214507998,0.291464806860491,0.3362272814192185,0.31384604413985473,0.005745095574505294,0.3021828800654956,0.32550920821421386,0,0,0,3.193889792646253,0.1429
728,1002694,2.0,0.3173845941365826,0.0031450496704959435,0.3112198767805712,0.32354931149259397,0.3169654295842082,0.011371911255131567,0.29396356794498973,0.33996729122342667,0.3169654295842082,0.007258607596632657,0.3022296727542261,0.33170118641419033,0,0,0,5.326618833434856,0.2116
729,1003694,2.0,0.3068502809159839,0.0031755452463552683,0.30062578815879354,0.3130747736731742,0.3082049433355688,0.012604394972186524,0.2827101480727701,0.3336997385983675,0.3082049433355688,0.006558916984610304,0.2948896339643756,0.321520252706762,0,0,0,4.266066863730121,0.1839
730,1004694,2.0,0.30371963176075534,0.0030924373237557626,0.29765804163040666,0.309781221891104,0.3039684954799444,0.012267294168900014,0.27915555095109046,0.3287814400087984,0.3039684954799444,0.008153509951795422,0.2874159902837365,0.32052100067615236,0,0,0,6.95164200331977,0.2132
731,1005694,2.0,0.3147738133922021,0.003092470476286209,0.30871215827846643,0.3208354685059378,0.31689790583392413,0.009541899596865954,0.2975975921594409,0.33619821950840734,0.31689790583392413,0.006178235677488188,0.30435542060245624,0.329440391065392,0,0,0,3.991331667748015,0.1416
732,1006694,2.0,0.31082573366918925,0.003111562657771613,0.3047266553301,0.3169248120082785,0.3121009750265479,0.011079426742962946,0.28969071915434425,0.3345112308987515,0.3121009750265479,0.005662702236752386,0.3006050783203959,0.32359687173269985,0,0,0,3.312000163642105,0.1797
733,1007694,2.0,0.3193171844810346,0.0031263345177280737,0.31318915132374053,0.3254452176383286,0.3189934521488198,0.011273729847824475,0.2961901811506778,0.3417967231469618,0.3189934521488198,0.006911502637386654,0.304962355848538,0.3330245484491016,0,0,0,4.887357014927455,0.1848
734,1008694,2.0,0.3187777081474567,0.002987006262855139,0.31292277697613624,0.32463263931877717,0.31654645542041293,0.010261698176630323,0.295790211694385,0.33730269914644084,0.31654645542041293,0.005207531024029374,0.3059746054019213,0.3271183054389046,0,0,0,3.039425239328217,0.1734
735,1009694,2.0,0.3099777782345144,0.0030888105550224824,0.30392329705521537,0.3160322594138134,0.3085026581208994,0.011508787621162845,0.28522393789894185,0.3317813783428569,0.3085026581208994,0.007718035044119124,0.2928342139873192,0.3241711022544796,0,0,0,6.2435406981947565,0.2017
736,1010694,2.0,0.31347625586117567,0.0031366061285336435,0.3073280889749929,0.3196244227473584,0.3132029985686976,0.01133652484547352,0.2902727126989872,0.336133284438408,0.3132029985686976,0.004862993006435385,0.3033305979113072,0.323075399226088,0,0,0,2.403739037716396,0.1829
737,1011694,2.0,0.31664286498095356,0.0031423275472015713,0.31048348335012177,0.32280224661178536,0.3182228002255897,0.01164755469280153,0.29466339710782846,0.3417822033433509,0.3182228002255897,0.007197794138362927,0.30361050127938527,0.3328350991717941,0,0,0,5.2468172466230145,0.1363
738,1012694,2.0,0.31102209115395846,0.003105217165153599,0.3049354508278016,0.3171087314801153,0.3108581152975715,0.010912950521935685,0.2887845893660418,0.33293164122910124,0.3108581152975715,0.0059927097034356775,0.298692267816924,0.32302396277821904,0,0,0,3.7244532228431333,0.1275
739,1013694,2.0,0.308238342080829,0.003171192661100506,0.30202238097199874,0.3144543031896593,0.307862781446876,0.01082576642003035,0.2859656020066418,0.32975996088711024,0.307862781446876,0.005680058594417454,0.29633164946142265,0.31939391343232937,0,0,0,3.2081921821488106,0.2535
740,1014694,2.0,0.3077858098912907,0.0030467986379818742,0.3018136776798217,0.31375794210275965,0.30676042156385497,0.011975171035415745,0.28253835184463233,0.3309824912830776,0.30676042156385497,0.006867491962160424,0.2928186716842776,0.3207021714434323,0,0,0,5.080527588343465,0.1698
741,1015694,2.0,0.31767053362035436,0.0031600737938239747,0.3114763669762417,0.323864700264467,0.3169166002244428,0.011517264582142188,0.2936207337304828,0.3402124667184028,0.3169166002244428,0.005900927919789828,0.30493707967044364,0.32889612077844194,0,0,0,3.486953619282963,0.1945
742,1016694,2.0,0.31557271075001964,0.0030811348514532674,0.3095332749747588,0.3216121465252805,0.3175621657211086,0.010139025713134788,0.29705405047313166,0.3380702809690856,0.3175621657211086,0.005941706384580501,0.30549986048243605,0.3296244709597812,0,0,0,3.718784061752328,0.1703
743,1017694,2.0,0.3132733897952067,0.00315245609119618,0.30709415486554137,0.319452624724872,0.31410805642970563,0.011200673273072207,0.29145255630196404,0.3367635565574472,0.31410805642970563,0.006458319443494831,0.30099697092429345,0.3272191419351178,0,0,0,4.197019165201775,0.1492
744,1018694,2.0,0.322947806715067,0.003150973441400603,0.31677147797699967,0.32912413545313435,0.32386266796812513,0.012046517228129577,0.299496286952721,0.34822904898352924,0.32386266796812513,0.007418502127385973,0.30880230798357683,0.33892302795267343,0,0,0,5.54297558694717,0.1254
745,1019694,2.0,0.30769553571714137,0.003125590489259609,0.3015689609550059,0.31382211047927683,0.3065256167247126,0.011927185426320487,0.2824006070612994,0.33065062638812587,0.3065256167247126,0.006424524525329958,0.2934831385506015,0.31956809489882376,0,0,0,4.224913573415353,0.1707
746,1020694,2.0,0.3163764131099247,0.0031938333442527,0.3101160732385936,0.3226367529812558,0.31696933418584944,0.00988523123592821,0.2969745667224737,0.3369641016492252,0.31696933418584944,0.007061768188975238,0.30263318259794475,0.3313054857737541,0,0,0,4.888801602227138,0.2409
747,1021694,2.0,0.31238763641650763,0.0030948046676858736,0.30632140597591184,0.3184538668571034,0.31218030940408265,0.009453601069350252,0.2930585963594581,0.3313020224487072,0.31218030940408265,0.005653994035252272,0.30070209128683684,0.32365852752132845,0,0,0,3.3376762281226884,0.211
748,1022694,2.0,0.3131222762793765,0.003220035096119494,0.3068105774753053,0.3194339750834477,0.31595494599829826,0.012395176994549754,0.29088333403917394,0.3410265579574226,0.31595494599829826,0.006577609908393446,0.30260168797433074,0.3293082040222658,0,0,0,4.172679390937167,0.1643
749,1023694,2.0,0.3141444667432333,0.0032249253842515737,0.3078231823213557,0.32046575116511095,0.3146878858709424,0.011456101745370288,0.2915157328915646,0.3378600388503201,0.3146878858709424,0.006418621068847783,0.3016573923506398,0.32771837939124493,0,0,0,3.961358369578052,0.2018
750,1024694,2.0,0.31709185166762394,0.0031464601960881212,0.31092436949308494,0.32325933384216293,0.3193783769659644,0.011899188709916813,0.29530999600661173,0.34344675792531704,0.3193783769659644,0.00628078596380733,0.30662770358519564,0.3321290503467331,0,0,0,3.984588739845032,0.1749
751,1025694,2.0,0.31584972141907336,0.0030819206825474705,0.309808745309925,0.3218906975282217,0.31734753606650795,0.011216080198983631,0.29466087248961964,0.34003419964339626,0.31734753606650795,0.007696405878227353,0.30172300147408604,0.33297207065892986,0,0,0,6.236386324324882,0.1402
752,1026694,2.0,0.32801480711536307,0.003110828524823914,0.3219171677748902,0.33411244645583593,0.3261095959368399,0.010743117847436014,0.30437958901394624,0.3478396028597336,0.3261095959368399,0.006774154974721988,0.3123573302154603,0.3398618616582195,0,0,0,4.741962450904521,0.2047
753,1027694,2.0,0.31430607141096095,0.0031395751155680798,0.30815208491370094,0.32046005790822096,0.31448639846105825,0.011308104986195685,0.29161359718265784,0.33735919973945866,0.31448639846105825,0.006915109635212591,0.3004479795658928,0.3285248173562237,0,0,0,4.8512804716115046,0.2032
754,1028694,2.0,0.3220281290080176,0.003132383531798768,0.31588823897533674,0.3281680190406984,0.3214572498796772,0.012128474476133903,0.29692509468290357,0.3459894050764509,0.3214572498796772,0.006736684428859524,0.30778105341052886,0.3351334463488256,0,0,0,4.625328085086368,0.154
755,1029694,2.0,0.3047932677774163,0.0031041240245833126,0.2987087701527593,0.31087776540207324,0.30254636075820707,0.011900731306312064,0.27847485960313245,0.3266178619132817,0.30254636075820707,0.005994686399089956,0.29037650037204005,0.3147162211443741,0,0,0,3.7295360316054538,0.1885
756,1030694,2.0,0.3115280504777376,0.003199935828628483,0.30525574892208107,0.3178003520333941,0.3126234622379038,0.012506050536493809,0.2873275873722169,0.33791933710359073,0.3126234622379038,0.007867742889428674,0.2966510950206394,0.32859582945516824,0,0,0,6.045298919340585,0.16
757,1031694,2.0,0.31832371414428556,0.0031596713487858454,0.3121303363461917,0.32451709194237943,0.3176256247083542,0.010966434831169885,0.295443916550172,0.3398073328665364,0.3176256247083542,0.005592529876629402,0.30627218546683194,0.32897906394987647,0,0,0,3.1328009480905123,0.2006
758,1032694,2.0,0.31212138655031335,0.003182777236966185,0.30588271812573825,0.31836005497488845,0.31344977103963345,0.0127093373299062,0.2877427098227479,0.339156832256519,0.31344977103963345,0.007196063107832312,0.29884098627223327,0.32805855580703364,0,0,0,5.1118422129369545,0.1999
759,1033694,2.0,0.325659979463243,0.003143922617767311,0.31949747128109063,0.33182248764539535,0.3252341750023928,0.010690487622221752,0.30361062275815953,0.3468577272466261,0.3252341750023928,0.006423202463086058,0.3121943807573247,0.33827396924746095,0,0,0,4.1740680654157725,0.2
760,1034694,2.0,0.31571497797753617,0.003120802527079421,0.30959778826067647,0.3218321676943959,0.3139274240613556,0.011087018349082598,0.29150181271638526,0.33635303540632594,0.3139274240613556,0.0068944512873762714,0.29993094384191726,0.32792390428079393,0,0,0,4.880528317349745,0.1745
761,1035694,2.0,0.31535519747484414,0.0030182875751491012,0.3094389507540027,0.3212714441956856,0.3158260644025229,0.010529280177958103,0.29452858499204404,0.3371235438130018,0.3158260644025229,0.006086680841972957,0.3034694453685042,0.32818268343654167,0,0,0,4.066678390090102,0.157
762,1036694,2.0,0.31602921952632623,0.003018584262131221,0.3101123912593791,0.32194604779327335,0.3176125636644798,0.010176501183179002,0.2970286471235203,0.33819648020543935,0.3176125636644798,0.0054884822015363564,0.30647035243307996,0.3287547748958797,0,0,0,3.305962427377174,0.1489
763,1037694,2.0,0.31263390231099153,0.003197379861345007,0.3063666107925442,0.3189011938294389,0.3124946117229469,0.011350191849566852,0.2895366817281528,0.335452541717741,0.3124946117229469,0.00700888438992147,0.29826581995477724,0.32672340349111656,0,0,0,4.805176256121001,0.2334
764,1038694,2.0,0.31225063926398683,0.0031962162887204312,0.30598562850327155,0.3185156500247021,0.31139005513753404,0.011110245708399536,0.2889174620237769,0.3338626482512912,0.31139005513753404,0.0061507377651157154,0.29890339363598384,0.32387671663908424,0,0,0,3.7032420732622686,0.173
765,1039694,2.0,0.32259875992904813,0.003294134908241316,0.31614181559764876,0.3290557042604475,0.3252521184394907,0.012708254142350932,0.2995472481762379,0.3509569887027435,0.3252521184394907,0.008820967239839389,0.3073446029110562,0.3431596339679252,0,0,0,7.170503558379964,0.2091
766,1040694,2.0,0.3184885602651307,0.0032131245525806366,0.3121904070492559,0.3247867134810056,0.3168644014589327,0.01180735228901013,0.29298177719427665,0.3407470257235887,0.3168644014589327,0.0073316010452139126,0.3019804600502754,0.33174834286759,0,0,0,5.206459895571055,0.1801
767,1041694,2.0,0.30284393182342195,0.003169353802334984,0.29663157512334026,0.30905628852350364,0.30193234976199806,0.011879059706740937,0.27790468355459863,0.3259600159693975,0.30193234976199806,0.006858683209499717,0.2880084826010352,0.31585621692296095,0,0,0,4.683171278972258,0.2144
768,1042694,2.0,0.29712955540736785,0.003150459884051563,0.290954233310287,0.3033048775044487,0.2965724405133694,0.011575305861071304,0.27315917445153215,0.31998570657520664,0.2965724405133694,0.006251173837931433,0.28388188294411365,0.30926299808262514,0,0,0,3.9370891117228797,0.1326
769,1043694,2.0,0.31468217111792185,0.003159483110762202,0.3084891622914923,0.3208751799443514,0.31637318517621793,0.01179005827925102,0.2925255413480727,0.3402208290043632,0.31637318517621793,0.006802337921729576,0.30256370503067676,0.3301826653217591,0,0,0,4.63536918250198,0.1963
770,1044694,2.0,0.30907491369161655,0.0031768404104233323,0.30284788223989173,0.31530194514334137,0.30831072354400924,0.0112478492599644,0.28555980097593703,0.33106164611208144,0.30831072354400924,0.006482242749815612,0.29515107114476524,0.32147037594325323,0,0,0,4.163511651730853,0.2246
771,1045694,2.0,0.3034805762812767,0.0031477552789243904,0.2973105555714284,0.30965059699112507,0.3032633878664944,0.012352635820085759,0.2782778235546861,0.32824895217830274,0.3032633878664944,0.00743913339796184,0.2881611441759802,0.31836563155700864,0,0,0,5.585251979510338,0.191
772,1046694,2.0,0.3153290803844448,0.003219914538586476,0.30901761788923804,0.32164054287965155,0.315283032509264,0.011464397252045302,0.29209410028385757,0.3384719647346704,0.315283032509264,0.006953419480832552,0.3011668404927754,0.32939922452575254,0,0,0,4.663459075396618,0.1934
773,1047694,2.0,0.31093070516770516,0.003223486380809496,0.30461224138474396,0.31724916895066635,0.3111192567430698,0.011380255399082098,0.2881005174796471,0.33413799600649247,0.3111192567430698,0.006651398562990714,0.2976161997863894,0.32462231369975014,0,0,0,4.257692232276467,0.1874
774,1048694,2.0,0.31715647612933434,0.003097294811309382,0.3110853646746933,0.3232275875839754,0.31621684763206953,0.010775969338999495,0.2944203922954807,0.33801330296865834,0.31621684763206953,0.005866585172509622,0.30430704656160185,0.3281266487025372,0,0,0,3.58761367304715,0.1474
775,1049694,2.0,0.30962015366608325,0.0031976377677521324,0.3033523566166361,0.3158879507155304,0.30986622022060495,0.013067454101744182,0.28343479946100986,0.33629764098020004,0.30986622022060495,0.0071880218194621814,0.2952737601364783,0.3244586803047316,0,0,0,5.053127354139346,0.1985
776,1050694,2.0,0.3165102084317769,0.003186969786042368,0.3102633220511236,0.3227570948124302,0.31807852567277767,0.011529380441210395,0.294758152540692,0.34139889880486335,0.31807852567277767,0.007693888941572751,0.3024591007334132,0.33369795061214214,0,0,0,5.828219960155797,0.2444
777,1051694,2.0,0.31284593548362233,0.0031522581634704414,0.3066670885187315,0.3190247824485132,0.3134827303191101,0.012097718886252466,0.28901278417473003,0.3379526764634902,0.3134827303191101,0.006422128333985288,0.30044511667204543,0.3265203439661748,0,0,0,4.150633658272754,0.1844
778,1052694,2.0,0.31625606700778713,0.0032040816911819326,0.3099756390078717,0.3225364950077026,0.31828882098169314,0.013193501010863072,0.2916024462835246,0.3449751956798617,0.31828882098169314,0.009074072021956633,0.29986747542840436,0.3367101665349819,0,0,0,8.020423177558563,0.208
779,1053694,2.0,0.3267985229073251,0.0031814286684653903,0.32056249785710444,0.3330345479575457,0.32724346755263933,0.012557924267286094,0.30184266816269045,0.3526442669425882,0.32724346755263933,0.007660831435762471,0.3116911529179085,0.34279578218737017,0,0,0,5.7983901306875145,0.157
780,1054694,2.0,0.317499578637214,0.003111319311550355,0.3114009772892158,0.32359817998521223,0.3185887966454533,0.011791462467268749,0.29473831257895455,0.34243928071195207,0.3185887966454533,0.007092019622983073,0.30419123138152837,0.33298636190937825,0,0,0,5.1957792116080705,0.1567
781,1055694,2.0,0.31673823838383003,0.0031742508358826925,0.31051628284402644,0.3229601939236336,0.3157382884849405,0.012931824948899884,0.28958120358129585,0.34189537338858517,0.3157382884849405,0.009164609679087672,0.2971331417161048,0.33434343525377624,0,0,0,8.335764967671288,0.1399
782,1056694,2.0,0.31125791945392506,0.0031070443582706343,0.30516769758524853,0.3173481413226016,0.31120146352480127,0.010784674570521643,0.2893874001954558,0.33301552685414676,0.31120146352480127,0.006829037323448904,0.29733778071215017,0.32506514633745237,0,0,0,4.830855704257179,0.2072
783,1057694,2.0,0.31976022236169455,0.003184070177301031,0.313519019601399,0.3260014251219901,0.31934245305510905,0.012784678544595614,0.2934829998473667,0.3452019062628514,0.31934245305510905,0.007755234662883151,0.3035984896805481,0.33508641642967,0,0,0,5.932320754799095,0.167
784,1058694,2.0,0.310434054751375,0.003161159956470774,0.3042377590834243,0.31663035041932563,0.31088582040982266,0.013115148132685423,0.2843579293669028,0.3374137114527425,0.31088582040982266,0.008165721067317085,0.2943085253311814,0.3274631154884639,0,0,0,6.672616079543891,0.2164
785,1059694,2.0,0.30510481162270786,0.00321768857607247,0.29879771231129204,0.3114119109341237,0.3058908162489608,0.012196322572637223,0.2812214253234481,0.3305602071744735,0.3058908162489608,0.008036738041963056,0.28957537063270045,0.32220626186522117,0,0,0,6.238376877991488,0.175
786,1060694,2.0,0.32322489396410936,0.003089346306178443,0.31716936264099843,0.3292804252872203,0.32438982128105465,0.012836656477173098,0.29842523278104555,0.35035440978106375,0.32438982128105465,0.005473642101723116,0.3132777370539417,0.3355019055081676,0,0,0,3.1392044869591986,0.1529
787,1061694,2.0,0.32965890027369216,0.00318789976435928,0.3234101910113449,0.33590760953603943,0.32864184330956225,0.011816921729829554,0.3047398630238509,0.3525438235952736,0.32864184330956225,0.005528665161506086,0.31741805633254727,0.33986563028657724,0,0,0,3.007677458506828,0.1822
788,1062694,2.0,0.31343320316506434,0.0031475842078062858,0.307263517777453,0.3196028885526757,0.3145376537287549,0.011761611365323436,0.29074754921511403,0.3383277582423958,0.3145376537287549,0.0064336403464432396,0.3014766694539292,0.32759863800358063,0,0,0,4.177907720140191,0.1683
789,1063694,2.0,0.3225038518597027,0.0031622948419421744,0.31630533166467123,0.3287023720547342,0.32481006659771355,0.009904177035895103,0.3047769776367719,0.3448431555586552,0.32481006659771355,0.006021737078718107,0.3125852904123689,0.33703484278305823,0,0,0,3.626092340727564,0.1813
790,1064694,2.0,0.32085522870898353,0.0032332825158829653,0.3145175631930654,0.32719289422490166,0.32340412032808835,0.012435918023200637,0.2982501018602389,0.3485581387959378,0.32340412032808835,0.005880403204839739,0.31146626716063447,0.33534197349554223,0,0,0,3.30770601952579,0.18
791,1065694,2.0,0.312410193949884,0.0032220627275106814,0.30609452071750853,0.3187258671822595,0.31481162906620014,0.01205951252918189,0.29041896257335437,0.3392042955590459,0.31481162906620014,0.007155305344374968,0.3002855869575325,0.3293376711748678,0,0,0,4.93160587047316,0.225
792,1066694,2.0,0.31638116443956954,0.00315592233750795,0.3101951352042375,0.32256719367490155,0.31755458575621937,0.011526882922911527,0.29423926433171943,0.3408699071807193,0.31755458575621937,0.007593565518650892,0.30213882819311777,0.33297034331932096,0,0,0,5.789470885566749,0.258
793,1067694,2.0,0.299522128843099,0.003132254996070941,0.29338249075760986,0.3056617669285881,0.2991763580055282,0.011956401213065985,0.27499225383554315,0.3233604621755133,0.2991763580055282,0.006150369913717751,0.2866904432820174,0.311662272729039,0,0,0,3.8555669879795698,0.1644
794,1068694,2.0,0.31917027064322734,0.0030270121820611087,0.3132369225277213,0.3251036187587334,0.3168007902429746,0.009870417059690322,0.29683598727936306,0.3367655932065861,0.3168007902429746,0.005658674555245407,0.3053130701649824,0.3282885103209668,0,0,0,3.4946291647467165,0.1554
795,1069694,2.0,0.31537514222612556,0.0030066934646753108,0.3094816215101341,0.32126866294211703,0.31344234058392395,0.010099932169823713,0.29301329949103433,0.3338713816768136,0.31344234058392395,0.005051514843018878,0.303187220251437,0.3236974609164109,0,0,0,2.8227015363451238,0.1834
796,1070694,2.0,0.30870919869854285,0.0031819982166776443,0.3024720572577666,0.3149463401393191,0.3100543793570392,0.012244797459692276,0.28528693871763044,0.334821819996448,0.3100543793570392,0.005644945761494591,0.2985945302120859,0.32151422850199257,0,0,0,3.1471662339735373,0.2171
797,1071694,2.0,0.3183912583608447,0.003206117068487612,0.3121068407495981,0.3246756759720913,0.31878348987520355,0.012753969810808886,0.29298615094445746,0.34458082880594965,0.31878348987520355,0.0077369225363514435,0.30307670209389775,0.33449027765650935,0,0,0,5.823415055278372,0.1645
798,1072694,2.0,0.3110991015615699,0.003114638015072421,0.3049939951114762,0.3172042080116636,0.3087982902174384,0.011049657203850899,0.2864482489216904,0.33114833151318634,0.3087982902174384,0.0067748630279658335,0.29504458707155484,0.3225519933633219,0,0,0,4.731358741817255,0.2094
799,1073694,2.0,0.31954205637124283,0.0029939677353081648,0.3136734797842531,0.3254106329582326,0.31933809736792534,0.010731052607511095,0.29763249469627584,0.34104370003957485,0.31933809736792534,0.00600839663321163,0.30714040372676976,0.3315357910090809,0,0,0,4.027383222485988,0.2011
800,1074694,2.0,0.2999110977421918,0.003141432038953261,0.2937534714271163,0.30606872405726737,0.296881061004929,0.011974342368994344,0.27266066742175266,0.32110145458810535,0.296881061004929,0.007159661087824368,0.2823461762669513,0.3114159457429067,0,0,0,5.194330658626838,0.1304
801,1075694,2.0,0.31624393884241675,0.0030711608581955,0.3102240534259059,0.3222638242589276,0.31523148788123845,0.010975335425292115,0.2930317765721423,0.3374311991903346,0.31523148788123845,0.006266907752457801,0.3025089887673603,0.3279539869951166,0,0,0,4.1639113606833815,0.2056
802,1076694,2.0,0.29963753785949543,0.0032564627709418007,0.2932544359480829,0.30602063977090793,0.29993003213116637,0.013081010921910094,0.27347119011451715,0.3263888741478156,0.29993003213116637,0.007671820918501046,0.28435540766040057,0.31550465660193217,0,0,0,5.550149457991345,0.1746
803,1077694,2.0,0.31333530760922734,0.0033194536215843816,0.3068287352185187,0.31984187999993596,0.3140865052851722,0.013164985844380302,0.28745780795533166,0.3407152026150127,0.3140865052851722,0.010173198645734127,0.2934338140588017,0.33473919651154266,0,0,0,9.392513742653803,0.226
804,1078694,2.0,0.31369059347903366,0.0031656395566820004,0.30748551719644623,0.3198956697616211,0.31523450990852836,0.01323235256417761,0.2884695505262412,0.34199946929081554,0.31523450990852836,0.006599074939365036,0.30183767555500524,0.3286313442620515,0,0,0,4.345534401331157,0.1803
805,1079694,2.0,0.3037051882755617,0.003113490145285627,0.297602331803541,0.3098080447475824,0.3023687976852092,0.012034174255015687,0.2780273826894488,0.32671021268096956,0.3023687976852092,0.007646608864652232,0.2868453564048493,0.31789223896556906,0,0,0,6.031742057532401,0.2045
806,1080694,2.0,0.32720247594811325,0.0032296729585450192,0.3208718856466114,0.3335330662496151,0.32521440780825706,0.011022706945371306,0.3029188785556284,0.34750993706088573,0.32521440780825706,0.0054307752390977794,0.31418934793881903,0.3362394676776951,0,0,0,2.827525719048862,0.2224
807,1081694,2.0,0.3135235229064363,0.0030976670496894445,0.3074516818148602,0.3195953639980124,0.31237165155778274,0.011001848895698031,0.29011831169283786,0.3346249914227276,0.31237165155778274,0.005988464612804178,0.30021442206928234,0.32452888104628314,0,0,0,3.7373304804256144,0.2174
808,1082694,2.0,0.31726441607790135,0.003116242865069884,0.3111561639074949,0.3233726682483078,0.31865462634093505,0.011765259940120525,0.294857141888181,0.3424521107936891,0.31865462634093505,0.00713998864143331,0.3041596787923439,0.3331495738895262,0,0,0,5.249675359994456,0.1838
809,1083694,2.0,0.3194167823422182,0.0031188625406245083,0.3133033952578833,0.3255301694265531,0.3168960792809405,0.01181155319402649,0.2930049578838519,0.3407872006780291,0.3168960792809405,0.0058515730615573925,0.3050167544159367,0.3287754041459443,0,0,0,3.5200821202100236,0.1767
810,1084694,2.0,0.31018633081919583,0.0031676125451171855,0.3039773872157951,0.3163952744225966,0.3120783648318792,0.012708148141558668,0.28637370897546643,0.3377830206882919,0.3120783648318792,0.007776638850647531,0.29629094864604,0.32786578101771835,0,0,0,6.027257592940954,0.194
811,1085694,2.0,0.31179034421031016,0.0031989521618392075,0.3055199707729232,0.3180607176476971,0.3123133954433952,0.011030456644900667,0.29000219094389545,0.33462459994289495,0.3123133954433952,0.0048009960195898,0.30256685536052763,0.3220599355262628,0,0,0,2.2524087236194505,0.1579
812,1086694,2.0,0.3197221645942243,0.0031794993829426257,0.3134899212012724,0.32595440798717623,0.320294423914,0.012226872936168753,0.29556323904556825,0.3450256087824317,0.320294423914,0.005848221491323245,0.30842190309830064,0.3321669447296993,0,0,0,3.3832191841778063,0.2005
813,1087694,2.0,0.31448036709148725,0.003089441350587932,0.3084246494686411,0.32053608471433337,0.3158932520998917,0.010931241245022885,0.2937827296888526,0.33800377451093083,0.3158932520998917,0.004416412190770756,0.30692745869698657,0.3248590455027969,0,0,0,2.0435218697946778,0.1839
814,1088694,2.0,0.3108697954911537,0.0031443390437832807,0.3047064710583989,0.3170331199239085,0.3129213669908954,0.011601167760040498,0.2894557903008383,0.3363869436809525,0.3129213669908954,0.006656892497632866,0.2994071567539407,0.3264355772278501,0,0,0,4.482128984150364,0.1568
815,1089694,2.0,0.32843451526336953,0.003163598867674727,0.3222334390037577,0.33463559152298133,0.3288716109985118,0.012197618517169004,0.3041995987777618,0.3535436232192618,0.3288716109985118,0.0056828349550550475,0.3173348427013164,0.3404083792957072,0,0,0,3.2267644488834653,0.174
816,1090694,2.0,0.3071893518252101,0.0031203128996219283,0.30107312184355384,0.3133055818068664,0.3068759143409101,0.010617080083405103,0.2854008428589035,0.3283509858229167,0.3068759143409101,0.006111678169481406,0.29446854803413136,0.31928328064768885,0,0,0,3.836406877843015,0.2032
817,1091694,2.0,0.31775780584484525,0.0031762994984691865,0.311531834652786,0.3239837770369045,0.3169760601730581,0.013014616123388908,0.29065151431251535,0.3433006060336009,0.3169760601730581,0.007837202369189705,0.3010656935080637,0.33288642683805253,0,0,0,6.088064292917094,0.1717
818,1092694,2.0,0.3298842364774262,0.0032045904870020747,0.32360281116975675,0.33616566178509566,0.33037408762383735,0.010792896364751496,0.3085433941459567,0.352204781101718,0.33037408762383735,0.006684875857998507,0.31680306814514525,0.34394510710252946,0,0,0,4.351526322155235,0.1809
819,1093694,2.0,0.3127912595878953,0.003229413592938726,0.30646117767761843,0.3191213414981721,0.31374166090357825,0.013039853050338394,0.2873660685400451,0.3401172532671114,0.31374166090357825,0.006515428363545642,0.3005146381267971,0.3269686836803594,0,0,0,4.070414253160143,0.1464
820,1094694,2.0,0.30684018654634687,0.0030340512003367978,0.3008930410150033,0.31278733207769044,0.3083632345056889,0.010730617264958161,0.28665851239746837,0.3300679566139095,0.3083632345056889,0.005409999878061832,0.2973803508614022,0.31934611814997566,0,0,0,3.1794258431566464,0.1703
821,1095694,2.0,0.32708560324524716,0.0032614494268382826,0.3206927268223407,0.33347847966815364,0.3264508889663805,0.012529646539544572,0.3011072866795737,0.35179449125318735,0.3264508889663805,0.008000554342414224,0.3102089001654477,0.34269287776731333,0,0,0,6.01753828002342,0.1615
822,1096694,2.0,0.3178149405665002,0.0031226438358526528,0.31169414163854964,0.3239357394944508,0.31864385008543733,0.011146895921928768,0.29609712491755724,0.3411905752533174,0.31864385008543733,0.006053761549395318,0.3063540607682728,0.33093363940260184,0,0,0,3.7584235186350683,0.2427
823,1097694,2.0,0.31558813927224355,0.0031789685287753043,0.30935693642435186,0.32181934212013524,0.3150033214718919,0.010729525870232752,0.29330080691787264,0.3367058360259112,0.3150033214718919,0.005861151540772038,0.3031045512602939,0.32690209168348994,0,0,0,3.399330911719586,0.1591
824,1098694,2.0,0.305726806727687,0.0030798270871294,0.29968993434514474,0.31176367911022923,0.30655230921804005,0.01119495103041936,0.2839083834185546,0.3291962350175255,0.30655230921804005,0.006645439297042351,0.293061350214408,0.3200432682216721,0,0,0,4.65580435256832,0.1816
825,1099694,2.0,0.31251742045127245,0.003168510056429187,0.30630671760584316,0.31872812329670175,0.31165019000285094,0.010906728133291332,0.2895892500403331,0.3337111299653688,0.31165019000285094,0.006304278410960311,0.29885182441886293,0.32444855558683894,0,0,0,3.9587729027557916,0.1879
826,1100694,2.0,0.3161359984641494,0.003076510021413799,0.31010562797338326,0.32216636895491557,0.31621312929651696,0.01088492621932255,0.2941962878674232,0.33822997072561073,0.31621312929651696,0.005366779454258641,0.30531798777725544,0.3271082708157785,0,0,0,3.0430621956913284,0.1384
827,1101694,2.0,0.31340103914940187,0.0031786816225589233,0.3071703986760088,0.31963167962279493,0.31010091885699803,0.011650104315118773,0.2865363586413262,0.33366547907266986,0.31010091885699803,0.007627169776339787,0.29461694102393926,0.3255848966900568,0,0,0,5.757484336874375,0.2182
828,1102694,2.0,0.31318561545075807,0.003119016213864299,0.30707192714635106,0.3192993037551651,0.31312210379903227,0.011255604155074268,0.29035549547503553,0.335888712123029,0.31312210379903227,0.005509465332299296,0.30193729454751106,0.3243069130505535,0,0,0,3.1202087077477056,0.1424
829,1103694,2.0,0.31806928712563504,0.003139622987197911,0.31191520679358764,0.32422336745768243,0.32048446789458157,0.011427724062656514,0.29736971419636066,0.3435992215928025,0.32048446789458157,0.0073326913164082535,0.3055983131177287,0.3353706226714344,0,0,0,5.454711749188166,0.1538
830,1104694,2.0,0.31192150259150386,0.003144780590421008,0.3057573126683733,0.3180856925146344,0.3119504013668345,0.01140022861072371,0.28889126246958036,0.33500954026408863,0.3119504013668345,0.00533944262419622,0.30111075656301595,0.32279004617065304,0,0,0,2.8827776575347053,0.2304
831,1105694,2.0,0.31425771264204394,0.00313389729766562,0.30811485542611006,0.3204005698579778,0.31498880631499765,0.01164798604057992,0.2914285307140017,0.3385490819159936,0.31498880631499765,0.006629300341843292,0.30153061113226887,0.32844700149772643,0,0,0,4.474720058157837,0.1786
832,1106694,2.0,0.3087930321625111,0.003159490632106678,0.302600008593242,0.3149860557317802,0.30903784447086236,0.011725024725299245,0.28532174342179306,0.33275394551993165,0.30903784447086236,0.006763280276218807,0.29530765556113137,0.32276803338059334,0,0,0,4.582269485161207,0.1494
833,1107694,2.0,0.30554748729482095,0.0032125607743405367,0.29925043915958577,0.31184453543005614,0.30503964889412416,0.013063099350008364,0.27861703645132413,0.3314622613369242,0.30503964889412416,0.008243972111103419,0.28830349575109837,0.32177580203714995,0,0,0,6.585220527008455,0.2312
834,1108694,2.0,0.3161038261808876,0.003157954437346917,0.3099138137584969,0.3222938386032783,0.3139751596788636,0.012000983692933934,0.28970087893165686,0.3382494404260703,0.3139751596788636,0.007554314612861377,0.2986390856907963,0.3293112336669309,0,0,0,5.722402689441458,0.1527
835,1109694,2.0,0.2998930933484785,0.003111337054419377,0.2937944572220876,0.30599172947486947,0.29782271953982487,0.010197853327705004,0.27719561421000927,0.31844982486964046,0.29782271953982487,0.006500187946063488,0.2846266364554041,0.31101880262424564,0,0,0,4.364733234891694,0.2229
836,1110694,2.0,0.3142100665713788,0.0031435590950530667,0.30804827094229253,0.32037186220046504,0.31244786676110653,0.012076274879911184,0.28802129521364217,0.3368744383085709,0.31244786676110653,0.007454760964391613,0.29731389742408393,0.32758183609812913,0,0,0,5.623726442479545,0.1884
837,1111694,2.0,0.32849166476944386,0.0031766334233339143,0.3222650390400561,0.3347182904988316,0.3304200499954036,0.01280104737599516,0.3045274877010178,0.3563126122897894,0.3304200499954036,0.006168552954999431,0.3178972217356272,0.34294287825518,0,0,0,3.770790398590173,0.2217
838,1112694,2.0,0.3176665967583652,0.003275941815384701,0.31124531331853933,0.3240878801981911,0.31675918948727655,0.012646301177360299,0.2911796309237797,0.3423387480507734,0.31675918948727655,0.006620730089786037,0.3033183928411963,0.33019998613335677,0,0,0,4.084504766391114,0.126
839,1113694,2.0,0.3235998742516909,0.0031990358443271115,0.3173293367854524,0.3298704117179294,0.3255352705206519,0.010683068533324954,0.3039267248001651,0.3471438162411387,0.3255352705206519,0.005954289736275536,0.3134474197199393,0.3376231213213645,0,0,0,3.4643496236388756,0.1741
840,1114694,2.0,0.3019436486305042,0.0031192049286523802,0.29582959041991086,0.30805770684109757,0.29989767641639004,0.012093444719834224,0.27543637558961487,0.3243589772431652,0.29989767641639004,0.008560060742718,0.2825198292362937,0.31727552359648636,0,0,0,7.531229396162358,0.2
841,1115694,2.0,0.3018027700326315,0.003273152993836533,0.2953869530554698,0.3082185870097932,0.30406650367630805,0.012126489371376135,0.27953836373290325,0.32859464361971286,0.30406650367630805,0.006466497580030404,0.29093881567107666,0.31719419168153945,0,0,0,3.90306359517401,0.1901
842,1116694,2.0,0.32118919756867986,0.0031387616314702453,0.31503680560888736,0.32734158952847237,0.32139787403496506,0.011605170227492445,0.29792420159033517,0.34487154647959495,0.32139787403496506,0.005976336147753202,0.3092652666395222,0.3335304814304079,0,0,0,3.6253785746841847,0.1849
843,1117694,2.0,0.3153972983198661,0.003228821178428848,0.3090683776211419,0.32172621901859033,0.3145231131500963,0.011882737567744987,0.2904880077666388,0.3385582185335538,0.3145231131500963,0.007660666277355112,0.29897113380475765,0.33007509249543493,0,0,0,5.6291795423538495,0.1887
844,1118694,2.0,0.3193342015984669,0.003143493918989232,0.3131725337231696,0.32549586947376424,0.31867051290917514,0.011262822149970939,0.29588930481244,0.34145172100591026,0.31867051290917514,0.0069918224688848615,0.3044763586821731,0.3328646671361772,0,0,0,4.947155208966238,0.2024
845,1119694,2.0,0.3171107580006479,0.0030851088941233544,0.311063532571045,0.3231579834302508,0.3172881029394701,0.01004342176619809,0.29697336492688164,0.3376028409520585,0.3172881029394701,0.005274957731251284,0.3065793694280714,0.32799683645086875,0,0,0,2.9234587632292977,0.1711
846,1120694,2.0,0.31911041857657463,0.0031593243913602405,0.31291772086136893,0.3253031162917803,0.31981667122125124,0.011404353359711471,0.2967491892316721,0.3428841532108304,0.31981667122125124,0.004951856927403242,0.3097638672133685,0.32986947522913396,0,0,0,2.4566751656626393,0.1855
847,1121694,2.0,0.31164361614420605,0.003053601583478358,0.3056581492510729,0.3176290830373392,0.31206699377349695,0.01128907101687056,0.2892326923320227,0.3349012952149712,0.31206699377349695,0.005729706025398398,0.3004350721447919,0.32369891540220197,0,0,0,3.5207884917576826,0.1927
848,1122694,2.0,0.3206316779285539,0.003253464015218325,0.3142544539788246,0.3270089018782832,0.32100146799866003,0.01248313981799276,0.2957519344352567,0.34625100156206334,0.32100146799866003,0.009159488946725794,0.30240671686919063,0.33959621912812943,0,0,0,7.9259343466932535,0.1748
849,1123694,2.0,0.3055857906165604,0.0031808140639583257,0.2993509702732502,0.31182061095987057,0.3023963633733497,0.011239684026995829,0.279661956547863,0.32513077019883635,0.3023963633733497,0.006364439703289698,0.28947586387283003,0.31531686287386934,0,0,0,4.003536448992317,0.1672
850,1124694,2.0,0.31328308822873085,0.0031439796259637907,0.3071204683029003,0.3194457081545614,0.3149133635535884,0.011455517014412542,0.29174239330420954,0.33808433380296726,0.3149133635535884,0.007056438902711117,0.3005880309919804,0.3292386961151964,0,0,0,5.037461328713859,0.1829
851,1125694,2.0,0.32179439761457074,0.0031597824085264625,0.31560080212455394,0.32798799310458754,0.3215998676631116,0.011210789780367247,0.29892390496792187,0.34427583035830134,0.3215998676631116,0.005578645064262976,0.3102746160892567,0.3329251192369665,0,0,0,3.1170452549528287,0.1658
852,1126694,2.0,0.31174103711986856,0.003191836361096239,0.3054846116022088,0.3179974626375283,0.31272944031034544,0.01170231538369552,0.28905927324033803,0.33639960738035285,0.31272944031034544,0.00709274819074491,0.2983303959752309,0.32712848464545996,0,0,0,4.937963183221149,0.1633
853,1127694,2.0,0.3072165393682577,0.003087536352887856,0.3011645557953043,0.3132685229412111,0.30450227990447,0.01182288103305008,0.2805882457902448,0.3284163140186952,0.30450227990447,0.005831040787006314,0.29266463777281737,0.3163399220361226,0,0,0,3.566711639566491,0.2171
854,1128694,2.0,0.3219649685831118,0.003148134771465701,0.3157942040172036,0.32813573314902,0.3207938223868316,0.011674138854964912,0.2971806477256457,0.34440699704801747,0.3207938223868316,0.005105616221201523,0.3104288704175668,0.33115877435609636,0,0,0,2.6302056170607675,0.1887
855,1129694,2.0,0.30757480055288855,0.003108443434760031,0.30148183630745484,0.31366776479832226,0.3043005622776859,0.010823002612003902,0.2824089731668515,0.32619215138852037,0.3043005622776859,0.005287280829927373,0.2935668115459643,0.31503431300940754,0,0,0,2.8932024147067112,0.2218
856,1130694,2.0,0.3155423793821279,0.0032669981647286592,0.3091386266919568,0.32194613207229905,0.3165852217723481,0.011974490620672915,0.29236452832184767,0.34080591522284853,0.3165852217723481,0.005858244723967686,0.30469235271259054,0.32847809083210566,0,0,0,3.215416522880206,0.1792
857,1131694,2.0,0.31021641636883734,0.0032632316207665455,0.3038200466078305,0.31661278612984417,0.310018427151498,0.011822304246972233,0.2861055596972353,0.33393129460576076,0.310018427151498,0.00695321670667321,0.29590264678843803,0.324134207514558,0,0,0,4.540207781333815,0.1852
858,1132694,2.0,0.31031858658444217,0.003172125130505416,0.3041007977110528,0.31653637545783153,0.31025763296470565,0.012733287513560405,0.2845021279288096,0.33601313800060173,0.31025763296470565,0.006438476336085565,0.29718683110896615,0.32332843482044515,0,0,0,4.119699953104601,0.2148
859,1133694,2.0,0.3183876151253874,0.003255414886935851,0.31200656720656494,0.3247686630442098,0.32006150582319143,0.012455364189317902,0.29486815377170705,0.3452548578746758,0.32006150582319143,0.007457242099213914,0.304922499514695,0.33520051213168783,0,0,0,5.2473954577212005,0.2047
860,1134694,2.0,0.30557829034493733,0.003118292533144574,0.29946602055138405,0.3116905601384906,0.30438196538692014,0.012590832676875701,0.27891460245570154,0.32984932831813873,0.30438196538692014,0.009160829661484675,0.2857844924617892,0.32297943831205106,0,0,0,8.630498991276605,0.1816
861,1135694,2.0,0.31531579271876126,0.0032224028625783704,0.3089994527762302,0.3216321326612923,0.3174403839297022,0.011350926670144885,0.29448096761999704,0.34039980023940736,0.3174403839297022,0.00596610640620903,0.3053285440136721,0.3295522238457323,0,0,0,3.4278540328502123,0.1927
862,1136694,2.0,0.3060125208861732,0.0031606445105931713,0.2998172355609773,0.3122078062113691,0.30782211266953974,0.01151910507836925,0.28452252342057294,0.33112170191850654,0.30782211266953974,0.004755777705848924,0.2981673706438996,0.3174768546951799,0,0,0,2.2640801107311326,0.1638
863,1137694,2.0,0.3216677590892301,0.003233706610288277,0.3153292622916424,0.32800625588681787,0.3230151177299363,0.011902136303523152,0.2989407746997601,0.3470894607601125,0.3230151177299363,0.00673851294417635,0.3093352091773463,0.3366950262825263,0,0,0,4.342370794555477,0.1635
864,1138694,2.0,0.31968090432669405,0.0032141619392592074,0.31338071769439263,0.32598109095899547,0.31839235452563014,0.012166528480254037,0.2937832278402516,0.34300148121100865,0.31839235452563014,0.007500065168475176,0.30316641276471445,0.3336182962865458,0,0,0,5.444958398338647,0.1652
865,1139694,2.0,0.3125428527522344,0.003076647425905403,0.30651221293031516,0.3185734925741537,0.3129415500786593,0.01069700441361124,0.2913048163796547,0.3345782837776639,0.3129415500786593,0.004961199226569179,0.30286978019517174,0.3230133199621469,0,0,0,2.600266578617683,0.2272
866,1140694,2.0,0.3030000688744591,0.0030841820563500704,0.29695466017066524,0.309045477578253,0.3033783904584205,0.011774873410160515,0.27956146092710654,0.3271953199897345,0.3033783904584205,0.005717526964531682,0.2917711936377396,0.3149855872791014,0,0,0,3.4366589126333533,0.2002
867,1141694,2.0,0.3079483060372418,0.0031760078026212436,0.30172290660799866,0.314173705466485,0.31061766434072136,0.012313480156288295,0.2857112998345442,0.3355240288468985,0.31061766434072136,0.006894738212295647,0.29662060163272935,0.32461472704871336,0,0,0,4.712728714965065,0.1322
868,1142694,2.0,0.31543750043447494,0.003057292961023173,0.30944479794839336,0.3214302029205565,0.31458980780689977,0.010757457501070794,0.2928307961968025,0.336348819416997,0.31458980780689977,0.0063991292216431725,0.3015988848401435,0.327580730773656,0,0,0,4.380943453986125,0.2135
869,1143694,2.0,0.3007897577571282,0.0032108314596956946,0.29449609930953613,0.30708341620472024,0.29833695165525653,0.012232301055450106,0.27359478737924153,0.32307911593127153,0.29833695165525653,0.007859061375125443,0.28238220884900833,0.31429169446150473,0,0,0,5.991096869534313,0.1948
870,1144694,2.0,0.3069384177716994,0.0031940389252067248,0.30067767493424435,0.3131991606091544,0.30944213938517295,0.01087579839248752,0.28744376072853806,0.33144051804180785,0.30944213938517295,0.0067739754609935894,0.2956902380960366,0.3231940406743093,0,0,0,4.497869275589658,0.17
871,1145694,2.0,0.31040756039602296,0.003172778551037168,0.3041884907311311,0.31662663006091485,0.3079088823295537,0.012178856019817129,0.2832748208418346,0.33254294381727284,0.3079088823295537,0.007098422717959339,0.2934983180917521,0.32231944656735534,0,0,0,5.005462304037332,0.1448
872,1146694,2.0,0.3225721351603972,0.0031348601750285786,0.31642739057624564,0.3287168797445487,0.32097276065014285,0.011776036771688607,0.2971534779980293,0.3447920433022564,0.32097276065014285,0.006590220336972594,0.30759390209513815,0.33435161920514755,0,0,0,4.419402130563011,0.1495
873,1147694,2.0,0.3183218125975804,0.0031917095779948356,0.3120656355917305,0.3245779896034303,0.3203858574235175,0.012274211004290025,0.2955589222745248,0.3452127925725102,0.3203858574235175,0.006319731576962358,0.3075561202447122,0.3332155946023228,0,0,0,3.9205819063888967,0.2112
874,1148694,2.0,0.3154520197877607,0.0030797017235231466,0.30941539313462824,0.3214886464408932,0.31423327560759223,0.011004948527382189,0.29197366614578435,0.3364928850694001,0.31423327560759223,0.005863972935345292,0.3023287776605023,0.32613777355468215,0,0,0,3.6254890871431784,0.1694
875,1149694,2.0,0.3167028431772853,0.0031382166060172907,0.31055151954016535,0.32285416681440526,0.317751492942605,0.011259591795315414,0.2949768188549001,0.3405261670303099,0.317751492942605,0.007135024005670156,0.30326662414043754,0.3322363617447725,0,0,0,5.169220344777877,0.2092
876,1150694,2.0,0.31322223439311003,0.0030832841292372493,0.3071785857463699,0.31926588303985015,0.3125139485170958,0.0116281864808746,0.28899372130573653,0.33603417572845506,0.3125139485170958,0.005309344891661346,0.3017354053587186,0.32329249167547297,0,0,0,2.965205387953884,0.1484
877,1151694,2.0,0.3143904251688975,0.0031706815307196777,0.3081754659438719,0.32060538439392305,0.3133676442739801,0.011279546598873496,0.29055260778630715,0.3361826807616531,0.3133676442739801,0.006270090308698674,0.30063868422744533,0.3260966043205149,0,0,0,3.9105905495625413,0.1526
878,1152694,2.0,0.3212078104072935,0.003221165453201677,0.3148938959523891,0.32752172486219794,0.32158091187293786,0.01314558341658191,0.2949914596576318,0.3481703640882439,0.32158091187293786,0.008563122836527891,0.304196848311921,0.3389649754339547,0,0,0,7.067051929380229,0.1521
879,1153694,2.0,0.30915519644483364,0.0031390705060481603,0.30300219904962017,0.3153081938400471,0.3090733771942898,0.012077144703911257,0.28464504626171844,0.33350170812686114,0.3090733771942898,0.006770926297246908,0.2953276660366501,0.32281908835192946,0,0,0,4.652581956361696,0.2419
880,1154694,2.0,0.31915774540689573,0.0031903864303144754,0.3129041619471975,0.32541132886659396,0.31846308117564476,0.013202529195878636,0.2917584452496208,0.3451677171016687,0.31846308117564476,0.00909752194273267,0.2999941297522717,0.33693203259901783,0,0,0,8.131293637675396,0.1762
881,1155694,2.0,0.31281883874766075,0.0031896058111493797,0.3065667854057729,0.3190708920895486,0.31273297424302804,0.010267206405413776,0.29196558907265435,0.3335003594134017,0.31273297424302804,0.004888185900624331,0.302809429291409,0.32265651919464705,0,0,0,2.3486667539174038,0.1895
882,1156694,2.0,0.3108938445314312,0.0030871637814371446,0.30484259124827584,0.3169450978145866,0.30881140073566754,0.01142551796195261,0.2857011092973091,0.331921692174026,0.30881140073566754,0.006761618263771974,0.29508458589058173,0.32253821558075335,0,0,0,4.797135171330932,0.1797
883,1157694,2.0,0.30722543074834624,0.003249535399978448,0.30085590740912926,0.3135949540875632,0.30654385231093134,0.012335972296161984,0.2815919931576595,0.3314957114642032,0.30654385231093134,0.008269134912863903,0.2897566159645546,0.3233310886573081,0,0,0,6.475564153038249,0.2031
884,1158694,2.0,0.317685934944479,0.0030318860218666735,0.31174303345208304,0.32362883643687496,0.3147875616942482,0.009667002578855555,0.2952342033540251,0.3343409200344713,0.3147875616942482,0.005723224430634729,0.3031687984024606,0.32640632498603583,0,0,0,3.563328093028454,0.2281
885,1159694,2.0,0.30089843396768023,0.003169061053193842,0.29468665109501,0.30711021684035045,0.30174234669885813,0.011506167291469502,0.2784689265939788,0.32501576680373745,0.30174234669885813,0.006578315339322858,0.288387656573968,0.3150970368237483,0,0,0,4.308917349845475,0.2168
886,1160694,2.0,0.31971191540737715,0.0032004000437195006,0.3134387039281492,0.3259851268866051,0.32046607944663463,0.011874936284946846,0.2964467536470576,0.3444854052462117,0.32046607944663463,0.005283498683447688,0.3097400068804672,0.33119215201280205,0,0,0,2.72542773869442,0.1457
887,1161694,2.0,0.3170121421551745,0.0030814783562028323,0.31097203306473153,0.32305225124561743,0.3181851827885496,0.010548926171313686,0.29684796560569526,0.339522399971404,0.3181851827885496,0.005869193596589194,0.30627008633567776,0.3301002792414215,0,0,0,3.6277606585439175,0.1842
888,1162694,2.0,0.3023632292360707,0.003183192377279865,0.29612374708104133,0.3086027113911,0.30111366786103927,0.012211435845154167,0.2764137074564345,0.32581362826564403,0.30111366786103927,0.0068039689883848415,0.28730087647414976,0.3149264592479288,0,0,0,4.568765615640062,0.1539
889,1163694,2.0,0.31785274226738686,0.003052443878462776,0.3118695446306885,0.3238359399040852,0.3169069051680755,0.010658225948711178,0.2953486083179172,0.3384652020182338,0.3169069051680755,0.006443112777568895,0.30382669083572184,0.3299871195004292,0,0,0,4.455496332760903,0.1444
890,1164694,2.0,0.3100532905116654,0.0030474995530062957,0.3040797844131457,0.3160267966101851,0.3110223612049763,0.010343428189740284,0.29010080292353635,0.3319439194864162,0.3110223612049763,0.004814147139976696,0.3012491229283459,0.3207955994816067,0,0,0,2.495464630262097,0.1743
891,1165694,2.0,0.3202224884833886,0.003074177848261047,0.314196689363449,0.32624828760332814,0.3217553652552689,0.011331344214760874,0.298835558200261,0.3446751723102768,0.3217553652552689,0.006461987617208003,0.3086368329613194,0.33487389754921837,0,0,0,4.4184939561533625,0.1764
892,1166694,2.0,0.3317913470294068,0.0031494635982624725,0.32561797778552043,0.3379647162732932,0.33625025610721476,0.01257223829627866,0.31082050386079346,0.36168000835363606,0.33625025610721476,0.00530555534991226,0.32547940612758686,0.34702110608684267,0,0,0,2.837843967588769,0.1859
893,1167694,2.0,0.31352141867065614,0.003088573144783784,0.30746740284712964,0.31957543449418263,0.3139848763740544,0.010101629861167376,0.29355240137629895,0.3344173513718099,0.3139848763740544,0.005410705556939365,0.30300056012548365,0.3249691926226252,0,0,0,3.0689655960532556,0.2137
894,1168694,2.0,0.3012601808986265,0.003108564239399419,0.29516697985996687,0.3073533819372861,0.30257869710683477,0.011398479471719769,0.27952309617716176,0.3256342980365078,0.30257869710683477,0.006320456405810743,0.28974748844723774,0.3154099057664318,0,0,0,4.134063918701101,0.196
895,1169694,2.0,0.31905685751751517,0.003080437625191685,0.31301878839883723,0.3250949266361931,0.31886181039168887,0.011434787632523013,0.29573276927483594,0.3419908515085418,0.31886181039168887,0.0077305118180864205,0.30316803706035866,0.3345555837230191,0,0,0,6.297840511309481,0.1403
896,1170694,2.0,0.3185871266484764,0.0031967494013762704,0.3123210709157618,0.324853182381191,0.3157738320634124,0.012769447162382914,0.28994518723417134,0.3416024768926535,0.3157738320634124,0.007906257774533907,0.29972327547254024,0.3318243886542846,0,0,0,6.116806677574008,0.2066
897,1171694,2.0,0.3168581787888278,0.00314797688222444,0.31068772370691766,0.323028633870738,0.31602289736036876,0.011122096660765236,0.29352633343286777,0.33851946128786975,0.31602289736036876,0.0058777471684768965,0.3040904362333928,0.3279553584873447,0,0,0,3.486251652580283,0.2167
898,1172694,2.0,0.3127571079141596,0.0031309543718574255,0.3066200192258193,0.31889419660249996,0.31294170243698116,0.012283276200680227,0.2880964311975616,0.3377869736764007,0.31294170243698116,0.006109357576688367,0.3005390471840298,0.32534435768993253,0,0,0,3.8074798402380328,0.1899
899,1173694,2.0,0.30318403931259796,0.003113050205485865,0.297082045181336,0.3092860334438599,0.3033182819737045,0.012838406603090113,0.2773501535098941,0.32928641043751483,0.3033182819737045,0.006515668755147468,0.29009077117602655,0.3165457927713824,0,0,0,4.380722519785922,0.1431
900,1174694,2.0,0.31205407638265525,0.003219841256835352,0.30574275752946706,0.31836539523584345,0.31016588950036333,0.011965806725474142,0.285962760885832,0.33436901811489467,0.31016588950036333,0.0067491034532611354,0.2964644810713161,0.32386729792941055,0,0,0,4.393627651704056,0.1924
901,1175694,2.0,0.3065690552314575,0.0032121655793886086,0.30027278173110394,0.31286532873181105,0.3108272413780461,0.01252770685351307,0.28548756247656293,0.3361669202795293,0.3108272413780461,0.006380387985542641,0.2978743651432828,0.32378011761280945,0,0,0,3.9454662171781636,0.191
902,1176694,2.0,0.31652033327351775,0.003182014626515823,0.3102831596672672,0.3227575068797683,0.31577999245970956,0.011636331202803841,0.2922432909932578,0.3393166939261613,0.31577999245970956,0.006146485606087508,0.3033019632999147,0.3282580216195044,0,0,0,3.7312074392879784,0.1501
903,1177694,2.0,0.31879291636119916,0.0032006937217752807,0.312519129233763,0.3250667034886353,0.3186738598640519,0.010705033097648945,0.2970208866187444,0.3403268331093594,0.3186738598640519,0.006589454302070793,0.30529655644257464,0.33205116328552914,0,0,0,4.238485141690622,0.1884
904,1178694,2.0,0.3098936836903768,0.003134518793457141,0.30374960825969466,0.3160377591210589,0.311374292344488,0.012097860280443934,0.2869040602033607,0.3358445244856153,0.311374292344488,0.006719916854884791,0.29773213586020325,0.32501644882877273,0,0,0,4.596063740407425,0.2144
905,1179694,2.0,0.3165255752211407,0.0032028619341879245,0.31024753810782446,0.322803612334457,0.3161737337193688,0.011779076051906206,0.29234830354275565,0.33999916389598195,0.3161737337193688,0.005926919432684454,0.30414144758897504,0.32820601984976255,0,0,0,3.4243773165531155,0.1782
906,1180694,2.0,0.31211459885518655,0.0032433976909751337,0.305757106245269,0.31847209146510413,0.31240788165214906,0.013044311340478192,0.2860232715456313,0.3387924917586668,0.31240788165214906,0.008939236613395666,0.2942602665307888,0.3305554967735093,0,0,0,7.5962711619260315,0.1908
907,1181694,2.0,0.32529262030040285,0.0031179380711439395,0.319181045299707,0.3314041953010987,0.3294333536883496,0.01204194362850808,0.30507622365137177,0.3537904837253274,0.3294333536883496,0.006397895764078732,0.31644493477357405,0.3424217726031251,0,0,0,4.210555056711314,0.1376
908,1182694,2.0,0.31252495215378023,0.003175767342184555,0.306300024059105,0.31874988024845546,0.3128809311710935,0.012011019273455041,0.2885863515462895,0.3371755107958975,0.3128809311710935,0.0072961790981481865,0.2980689001380084,0.3276929622041786,0,0,0,5.27829446943658,0.2355
909,1183694,2.0,0.31228404741389904,0.003150980382904805,0.3061077050695565,0.3184603897582416,0.3129465680014458,0.01142556722887318,0.28983617691133445,0.3360569590915572,0.3129465680014458,0.006155222016970946,0.30045080298465204,0.3254423330182396,0,0,0,3.8158917500444045,0.1792
910,1184694,2.0,0.3022693652943302,0.0031409709124879236,0.2961126428487073,0.30842608773995306,0.3034863175986615,0.011655520553794133,0.2799108020062003,0.32706183319112275,0.3034863175986615,0.007379226823867357,0.2885056907191708,0.3184669444781522,0,0,0,5.51942569200423,0.2097
911,1185694,2.0,0.3171120494018991,0.003163284347871576,0.3109115896431036,0.32331250916069454,0.3142407680595816,0.011223155416085354,0.2915397935053044,0.33694174261385884,0.3142407680595816,0.006756734364527324,0.30052386805707315,0.3279576680620901,0,0,0,4.562440626457225,0.1818
912,1186694,2.0,0.32747600719570913,0.0032544285872323025,0.32109689255601986,0.3338551218353984,0.3290104844560345,0.011942299327239454,0.3048549040424661,0.35316606486960284,0.3290104844560345,0.006798442451194239,0.3152089125361114,0.3428120563759576,0,0,0,4.363845426827687,0.1588
913,1187694,2.0,0.3326409328709596,0.0032141920787618766,0.326340687161208,0.33894117858071116,0.3313493748563141,0.011867972804896283,0.3073441340246072,0.355354615688021,0.3313493748563141,0.0073560450030306125,0.31641580957509535,0.34628294013753286,0,0,0,5.237754059348076,0.1581
914,1188694,2.0,0.317718755319032,0.0031960503613816748,0.31145406979805923,0.32398344084000474,0.31836165524854915,0.011829126701877907,0.2944349880766963,0.34228832242040197,0.31836165524854915,0.005254484962095655,0.3076944836681266,0.3290288268289717,0,0,0,2.7029192969440268,0.1641
915,1189694,2.0,0.3188140606877949,0.00311211698698739,0.3127138957894155,0.3249142255861743,0.32178969155529513,0.010705391416066815,0.3001359935425773,0.34344338956801296,0.32178969155529513,0.005665905606498185,0.3102872916628251,0.33329209144776517,0,0,0,3.314567301300671,0.1473
916,1190694,2.0,0.3160588779220047,0.0032806440209948696,0.3096283775312325,0.3224893783127769,0.3177758522923617,0.011973967612298842,0.2935562167261506,0.3419954878585728,0.3177758522923617,0.006917840008706718,0.3037318904443188,0.3318198141404046,0,0,0,4.4465462217767895,0.1512
917,1191694,2.0,0.3205899149422071,0.0032458692448611277,0.3142275777566123,0.32695225212780193,0.3206721019426547,0.011176864525899215,0.2980647595516374,0.343279444333672,0.3206721019426547,0.006465360322354017,0.3075467226932486,0.3337974811920608,0,0,0,3.967559290166249,0.2532
918,1192694,2.0,0.3186721159911386,0.0032739585280894623,0.312254720059267,0.32508951192301017,0.31692726796983345,0.011912170694935111,0.2928326284672602,0.3410219074724067,0.31692726796983345,0.007012445077654984,0.302691247621266,0.3311632883184009,0,0,0,4.587674514041596,0.2179
919,1193694,2.0,0.3155650975163267,0.003168148294964617,0.30935510377167896,0.3217750912609745,0.3145254541994547,0.011902412488639911,0.29045055253215063,0.3386003558667588,0.3145254541994547,0.006521420671010304,0.301286266391781,0.3277646420071284,0,0,0,4.237145988957739,0.1898
920,1194694,2.0,0.318325130926647,0.0031622771750849433,0.312126645361015,0.324523616492279,0.3203212212053908,0.011957764610421619,0.2961343593039541,0.3445080831068275,0.3203212212053908,0.006507121497996381,0.3071110622622201,0.3335313801485615,0,0,0,4.234264318014196,0.1934
921,1195694,2.0,0.32266583898724593,0.00312770981586557,0.3165351100619399,0.32879656791255196,0.3194856275154655,0.011231765603882523,0.29676723721251114,0.34220401781841986,0.3194856275154655,0.005840846825789239,0.3076280780667349,0.3313431769641961,0,0,0,3.487375628582921,0.1846
922,1196694,2.0,0.3111812238828991,0.003135985608653661,0.3050342732985477,0.3173281744672505,0.3085913218681177,0.012322686228877706,0.28366633632250476,0.3335163074137307,0.3085913218681177,0.006055761690432415,0.29629747204877616,0.3208851716874593,0,0,0,3.72897464569622,0.1328
923,1197694,2.0,0.31454737173833225,0.0031307257633127767,0.30841073115326867,0.32068401232339583,0.31742285228245015,0.010933083959368773,0.2953086026298354,0.3395371019350649,0.31742285228245015,0.006980161726702779,0.30325237062060123,0.3315933339442991,0,0,0,4.9709674105075905,0.1888
924,1198694,2.0,0.31110915614665596,0.0031772947674497884,0.3048812340944827,0.3173370781988292,0.3113614913672146,0.012281276476213956,0.28652026495231553,0.33620271778211364,0.3113614913672146,0.006518702023478735,0.29812782270744886,0.3245951600269803,0,0,0,4.209274455888413,0.2044
925,1199694,2.0,0.3150156087171077,0.003075543521257078,0.3089871326957188,0.3210440847384966,0.3129158194607246,0.011138715072366067,0.29038564162297315,0.3354459972984761,0.3129158194607246,0.006876116707099642,0.298956560418067,0.3268750785033822,0,0,0,4.9985348522007165,0.1786
926,1200694,2.0,0.31037875044932867,0.0032519297488310577,0.3040045338666102,0.31675296703204714,0.307044458731749,0.013467495864520462,0.27980387713095084,0.3342850403325472,0.307044458731749,0.009043699966130454,0.28868477172979023,0.3254041457337078,0,0,0,7.7341035336309645,0.1953
927,1201694,2.0,0.31014964375747284,0.00309262793473256,0.3040876800041547,0.31621160751079097,0.30689641861149775,0.009566747492258904,0.28754584532462124,0.32624699189837425,0.30689641861149775,0.00519945321130389,0.29634096742466304,0.31745186979833245,0,0,0,2.8265716585346916,0.1823
928,1202694,2.0,0.32358816688762376,0.003082434574022618,0.31754618348255714,0.3296301502926904,0.32342893240695697,0.01076536734183713,0.30165392163376276,0.3452039431801512,0.32342893240695697,0.0056806555631582056,0.3118965885105301,0.33496127630338385,0,0,0,3.396324517152071,0.1907
929,1203694,2.0,0.3078488346327799,0.0031364033899653654,0.3017010651412655,0.3139966041242943,0.3077448068182429,0.010343371564140414,0.28682336307288964,0.32866625056359616,0.3077448068182429,0.005511203686163065,0.29655646852076073,0.31893314511572507,0,0,0,3.0876573241680987,0.2396
930,1204694,2.0,0.3083881148052733,0.0031145201573936953,0.30228323937196905,0.3144929902385775,0.3102533811785503,0.0120288376296186,0.2859227605265242,0.33458400183057635,0.3102533811785503,0.006222119540133394,0.2976218069696041,0.32288495538749645,0,0,0,3.99111653848242,0.183
931,1205694,2.0,0.3212929349144399,0.0031722433665663814,0.31507491428258133,0.32751095554629844,0.32032394678740383,0.01190186383005677,0.29625015488683404,0.34439773868797363,0.32032394678740383,0.007087476249385317,0.3059356050622407,0.33471228851256696,0,0,0,4.991720238656033,0.1786
932,1206694,2.0,0.3054895051062356,0.003254111562990806,0.29911101187639627,0.311867998336075,0.3057497863530857,0.011793880883991954,0.28189441057704007,0.3296051621291313,0.3057497863530857,0.007453569628623553,0.29061823555625105,0.32088133714992034,0,0,0,5.24642839127857,0.1766
933,1207694,2.0,0.3168588491081369,0.0030752156958888804,0.31083101566824867,0.3228866825480251,0.3161919952695016,0.010967143614323166,0.294008853462071,0.3383751370769322,0.3161919952695016,0.0050585074401617676,0.30592267921011584,0.32646131132888734,0,0,0,2.7057870938514537,0.1617
934,1208694,2.0,0.3148262215286654,0.003167357028530073,0.30861777877189805,0.32103466428543276,0.31692195916676225,0.01242726828589756,0.29178543644401644,0.34205848188950805,0.31692195916676225,0.004217826770220817,0.3083593156005504,0.3254846027329741,0,0,0,1.7733049939494205,0.1718
935,1209694,2.0,0.3185104451298095,0.003038373607473412,0.3125548271032476,0.32446606315637144,0.31692514644489816,0.010712417874747799,0.2952572360780063,0.33859305681179,0.31692514644489816,0.005339861602828113,0.3060846510692372,0.3277656418205591,0,0,0,3.0887136869428122,0.1731
936,1210694,2.0,0.3152035549654938,0.0031370489292971092,0.3090545201306814,0.3213525898003062,0.3144874868545794,0.0117902343884909,0.2906394868118737,0.3383354868972851,0.3144874868545794,0.0072792461131309,0.29970983160862685,0.3292651421005319,0,0,0,5.3843120465029,0.1751
937,1211694,2.0,0.3169990793057845,0.0031937067828276353,0.31073898751174805,0.323259171099821,0.3180991377298129,0.010791129075386714,0.29627201893208355,0.33992625652754227,0.3180991377298129,0.005631316498337555,0.3066669574600509,0.3295313179995749,0,0,0,3.1090649320783252,0.1715
938,1212694,2.0,0.31505782312549174,0.003157256923578919,0.3088691779232349,0.32124646832774856,0.3130362413261726,0.01188593863215751,0.2889946611787934,0.33707782147355175,0.3130362413261726,0.007411622769544996,0.2979898471805185,0.32808263547182664,0,0,0,5.510699952564225,0.2037
939,1213694,2.0,0.3220770173244165,0.0031051820323363395,0.3159904458632733,0.32816358878555973,0.32303467386230517,0.011339656175089426,0.300098054280613,0.34597129344399735,0.32303467386230517,0.005883147768520422,0.3110912489343636,0.33497809879024676,0,0,0,3.589594446134747,0.1582
940,1214694,2.0,0.31815174780211286,0.0032202892587288655,0.3118395508053855,0.3244639447988402,0.3180682281280366,0.012396116844619515,0.29299471514270997,0.3431417411133632,0.3180682281280366,0.007979624096258818,0.3018687299857641,0.3342677262703091,0,0,0,6.140095123037098,0.1898
941,1215694,2.0,0.3153879300365763,0.0031390858157699115,0.30923490263226366,0.3215409574408889,0.3150463418616916,0.011079828372393283,0.29263527361728603,0.3374574101060972,0.3150463418616916,0.006190313161395726,0.3024793380343897,0.32761334568899353,0,0,0,3.888829146574009,0.1664
942,1216694,2.0,0.3169749200756408,0.0030198116620566416,0.31105568594092825,0.3228941542103534,0.3179188477183919,0.011122225581917583,0.29542202302324666,0.34041567241353715,0.3179188477183919,0.005742490494988434,0.30626097223661364,0.3295767232001702,0,0,0,3.6161035147294656,0.1533
943,1217694,2.0,0.3162995079024769,0.0031129015744938444,0.3101978051078081,0.3224012106971457,0.3129265832173336,0.011811210971370122,0.28903615403090466,0.3368170124037625,0.3129265832173336,0.006528249814962335,0.29967353151037973,0.3261796349242874,0,0,0,4.398076224162441,0.2448
944,1218694,2.0,0.32736605474824704,0.003191404337200363,0.3211104760551173,0.3336216334413768,0.32422075361395203,0.01114903793228667,0.30166969582117037,0.3467718114067337,0.32422075361395203,0.006956810827019613,0.31009767679868167,0.3383438304292224,0,0,0,4.751784385499306,0.2057
945,1219694,2.0,0.31111881152050824,0.0031915540763193897,0.3048629393187085,0.317374683722308,0.31393255859878955,0.011205781974183596,0.2912667251476968,0.3365983920498823,0.31393255859878955,0.0057780454028091574,0.30220250281675626,0.32566261438082283,0,0,0,3.2776115819892633,0.1912
946,1220694,2.0,0.31176750796068115,0.0031156523356364184,0.3056604133068258,0.3178746026145365,0.31159206714801096,0.010248707711564555,0.2908620991177186,0.33232203517830333,0.31159206714801096,0.006172206629301602,0.29906182153506644,0.3241223127609555,0,0,0,3.9244873418885566,0.1485
947,1221694,2.0,0.31661371605745775,0.0032250443964370653,0.31029219835580324,0.32293523375911226,0.3169769066826023,0.011283836019599548,0.29415319402257456,0.33980061934263006,0.3169769066826023,0.007777404422762686,0.3011879363027425,0.33276587706246213,0,0,0,5.815646097485992,0.1896
948,1222694,2.0,0.3058057768032128,0.003169515447870773,0.29959310325629424,0.31201845035013137,0.30725939523597706,0.010933873333530936,0.285143548923412,0.32937524154854214,0.30725939523597706,0.007069746357055513,0.2929070471057997,0.32161174336615445,0,0,0,4.975330324781798,0.1585
949,1223694,2.0,0.31850128556969,0.0031096323475970286,0.31240599089632387,0.3245965802430561,0.3193644604754808,0.010713268176462702,0.2976948302110309,0.3410340907399307,0.3193644604754808,0.0049444471711664354,0.30932669907248084,0.3294022218784807,0,0,0,2.528234721382914,0.2448
950,1224694,2.0,0.30727588239435555,0.003174560992327131,0.3010533189065014,0.3134984458822097,0.3100778609811294,0.011475561540433173,0.2868663468509721,0.33328937511128665,0.3100778609811294,0.007066267999834468,0.2957325742915237,0.32442314767073505,0,0,0,4.954648601467094,0.163
951,1225694,2.0,0.3130117342001963,0.00314423485713236,0.30684861398719077,0.3191748544132018,0.31359902872348255,0.011306416430933854,0.2907296428704782,0.3364684145764869,0.31359902872348255,0.006900798522459142,0.29958966293178,0.3276083945151851,0,0,0,4.816912303393091,0.2121
952,1226694,2.0,0.297838585654009,0.0031127364969372106,0.29173720643339623,0.30393996487462177,0.29615641051739117,0.011613924009475371,0.2726650318774284,0.3196477891573539,0.29615641051739117,0.007603676051198004,0.28072012748200686,0.31159269355277547,0,0,0,5.967088732010475,0.1603
953,1227694,2.0,0.30819325343904824,0.003198960494404447,0.3019228636687207,0.3144636432093758,0.307199135421007,0.011924529259064528,0.2830794983629845,0.3313187724790295,0.307199135421007,0.007163124051440131,0.2926572204931377,0.32174105034887635,0,0,0,5.014033036801214,0.1845
954,1228694,2.0,0.32512387427887063,0.0030715140876659856,0.31910329648542607,0.3311444520723152,0.32379124726622643,0.01095284296064724,0.3016370312611367,0.34594546327131614,0.32379124726622643,0.0065594447707500786,0.31047486643220645,0.3371076281002464,0,0,0,4.560675119841148,0.1281
955,1229694,2.0,0.31624914582601643,0.0032272416993045275,0.30992332111730553,0.32257497053472733,0.3152927890326976,0.011945423202820136,0.2911308899843569,0.3394546880810383,0.3152927890326976,0.00571876587250659,0.3036830770951145,0.3269025009702807,0,0,0,3.1400867673195285,0.2341
956,1230694,2.0,0.3271612216948433,0.003217260338783389,0.3208549617857025,0.3334674816039841,0.3266619056728327,0.010892884742174772,0.3046289666118288,0.3486948447338366,0.3266619056728327,0.006231002255886992,0.31401229859221075,0.33931151275345467,0,0,0,3.750968410121878,0.1821
957,1231694,2.0,0.3170954619525718,0.0031644402863260372,0.3108927364000372,0.32329818750510647,0.3153963053655199,0.012644102354361579,0.2898211943413373,0.34097141638970246,0.3153963053655199,0.007659406003901061,0.2998468845113121,0.3309457262197277,0,0,0,5.858634059310303,0.1966
958,1232694,2.0,0.3145409911370345,0.003193669288984463,0.3082809728359377,0.3208010094381313,0.3139804453167168,0.011306184769248393,0.29111152804370016,0.33684936258973347,0.3139804453167168,0.007152774892298545,0.29945954029887156,0.32850135033456207,0,0,0,5.016135167730304,0.1957
959,1233694,2.0,0.3212784454864935,0.0032201058768224497,0.3149666079427922,0.3275902830301948,0.31827073980529297,0.012407800330964785,0.2931735947382214,0.3433678848723645,0.31827073980529297,0.00766148812421069,0.302717092022137,0.33382438758844896,0,0,0,5.660906248168653,0.1488
960,1234694,2.0,0.3054794998802081,0.0031596386442205443,0.29928618618742975,0.3116728135729865,0.30496354830618044,0.011451494617004428,0.28180071412351576,0.3281263824888451,0.30496354830618044,0.0055897586096073405,0.29361573503581095,0.31631136157654993,0,0,0,3.129761712495468,0.1414
961,1235694,2.0,0.3177173038498912,0.0032331716706825633,0.3113798556053685,0.3240547520944139,0.31975516353970174,0.012893723992610039,0.2936751450943893,0.3458351819850142,0.31975516353970174,0.007904170645434964,0.3037088440461606,0.33580148303324286,0,0,0,5.976612323010794,0.1735
962,1236694,2.0,0.32122392226610325,0.003142489311401836,0.31506422355583635,0.32738362097637014,0.32058962544579034,0.011110967349800348,0.29811557267452427,0.3430636782170564,0.32058962544579034,0.0053871030319018395,0.30965322487042496,0.3315260260211557,0,0,0,2.9387520508544984,0.2891
963,1237694,2.0,0.3132485905107304,0.003304455686472627,0.30677141607572184,0.31972576494573896,0.3138142752455475,0.013220490003461715,0.28707331015710874,0.34055524033398626,0.3138142752455475,0.006875982215965447,0.2998552892344077,0.3277732612566873,0,0,0,4.329817834967318,0.1964
964,1238694,2.0,0.3130705831338527,0.0030742454872056324,0.307044651432549,0.31909651483515644,0.310278424119794,0.010009484251526765,0.29003233120997984,0.33052451702960817,0.310278424119794,0.00611632310455435,0.2978616280934975,0.32269522014609053,0,0,0,3.9582548348202367,0.1621
965,1239694,2.0,0.31608229301397733,0.0031890323086800256,0.3098313638135171,0.32233322221443755,0.3168846021813771,0.012852540024063374,0.29088788617529504,0.34288131818745915,0.3168846021813771,0.007228129752461768,0.3022107186644823,0.3315584856982719,0,0,0,5.137289518436407,0.208
966,1240694,2.0,0.31708342022297004,0.0030603734207506066,0.31108467962444647,0.3230821608214936,0.31960902532391483,0.01165362030162873,0.29603735335425435,0.3431806972935753,0.31960902532391483,0.006094185139362118,0.30723717175627036,0.3319808788915593,0,0,0,3.9653583864749846,0.1836
967,1241694,2.0,0.31040458880369737,0.0029953518774714295,0.304533299113224,0.3162758784941707,0.30998484373345053,0.011008966062884824,0.28771710803906053,0.33225257942784053,0.30998484373345053,0.006248501467394207,0.29729971136480965,0.3226699761020914,0,0,0,4.3516710189542955,0.1358
968,1242694,2.0,0.3143726993839991,0.0031382044886696984,0.30822139949849864,0.32052399926949954,0.31459087345696557,0.011967476157504642,0.2903843680974245,0.3387973788165066,0.31459087345696557,0.005620901441477876,0.3031798368767076,0.32600191003722356,0,0,0,3.208111559536875,0.2227
969,1243694,2.0,0.3151925416623407,0.0032482487660465374,0.30882554029745224,0.3215595430272291,0.311040843875911,0.013308109440943064,0.28412265174686,0.337959036004962,0.311040843875911,0.0076171240521076605,0.29557725994726086,0.3265044278045612,0,0,0,5.4989971274677565,0.1604
970,1244694,2.0,0.30336225388442817,0.00316318379844655,0.2971619912159335,0.30956251655292283,0.30628086224775436,0.011765136244605172,0.2824836279927961,0.33007809650271264,0.30628086224775436,0.005704811094057932,0.29469948001653684,0.3178622444789719,0,0,0,3.2526226422622755,0.2412
971,1245694,2.0,0.316203290896909,0.0032407448655790367,0.3098509981790361,0.3225555836147819,0.31559909605309755,0.012608407850169886,0.2900961839784387,0.3411020081277564,0.31559909605309755,0.007883473591664449,0.29959479381250737,0.33160339829368773,0,0,0,5.917599255028657,0.1279
972,1246694,2.0,0.31687259257253797,0.003219814966616549,0.3105613252516895,0.32318385989338644,0.319384502238723,0.011303226703006753,0.2965215682194342,0.3422474362580118,0.319384502238723,0.007340098577045268,0.30448330992332434,0.33428569455412166,0,0,0,5.196871225306222,0.2185
973,1247694,2.0,0.3224676317560112,0.0031745555953601266,0.3162450788469331,0.32869018466508926,0.3220122493259811,0.011268840098855567,0.2992188687786798,0.3448056298732824,0.3220122493259811,0.0057667566634952774,0.31030511090312884,0.33371938774883336,0,0,0,3.2998741554572293,0.1716
974,1248694,2.0,0.3115724717154278,0.00297730316081388,0.3057365599198972,0.3174083835109584,0.3091339232783482,0.010884473470283531,0.28711799762062473,0.3311498489360717,0.3091339232783482,0.006871067788092109,0.29518491408619685,0.3230829324704996,0,0,0,5.326014560741941,0.1758
975,1249694,2.0,0.3209679903819469,0.003171285973633537,0.31475184636809056,0.32718413439580324,0.3212894416951125,0.011548062246321223,0.29793128104545924,0.3446476023447657,0.3212894416951125,0.007036624387891131,0.30700433473713495,0.33557454865309,0,0,0,4.923318419007625,0.1467
976,1250694,2.0,0.3142957876320676,0.0032123288293178817,0.30799919414005167,0.32059238112408356,0.3158734057826232,0.012685486258702385,0.2902145879108948,0.3415322236543516,0.3158734057826232,0.007027545799365233,0.3016067293391894,0.33014008222605695,0,0,0,4.785941420660224,0.2669
977,1251694,2.0,0.3153291501921219,0.003328960078475383,0.30880394387637866,0.3218543565078651,0.31832894004700096,0.011869198820679609,0.2943212193643013,0.34233666072970065,0.31832894004700096,0.007857302676659574,0.3023777675884517,0.33428011250555023,0,0,0,5.57095682093716,0.1971
978,1252694,2.0,0.31620763526394663,0.0030304921874801808,0.3102674658730861,0.32214780465480714,0.3167504018336041,0.010311533161159826,0.29589335733686817,0.33760744633034,0.3167504018336041,0.00545527045625669,0.3056756140296075,0.32782518963760066,0,0,0,3.2404567959116473,0.1668
979,1253694,2.0,0.31477454490253975,0.0032410503028864604,0.30842165348675504,0.32112743631832447,0.31632207125025036,0.01209769952932546,0.2918521642589508,0.34079197824154994,0.31632207125025036,0.007585157737859534,0.30092338238959226,0.33172076011090845,0,0,0,5.4771885312126605,0.1768
980,1254694,2.0,0.3148171407002043,0.003100879760863318,0.3087390022656898,0.32089527913471877,0.3117710711151922,0.010014129079344427,0.29151558315432613,0.33202655907605827,0.3117710711151922,0.005988807313535937,0.29961314590721927,0.32392899632316513,0,0,0,3.7300171392814088,0.2313
981,1255694,2.0,0.331666549862548,0.003123084567268295,0.32554488704216583,0.3377882126829302,0.32989609397882014,0.011183480078163405,0.307275370370307,0.3525168175873333,0.32989609397882014,0.005885461767293239,0.31794797138362385,0.3418442165740164,0,0,0,3.5513509910367547,0.213
982,1256694,2.0,0.31024711126452753,0.003164852921339076,0.3040435768922625,0.31645064563679254,0.3118209450952371,0.012068545137551385,0.2874100084274581,0.3362318817630161,0.3118209450952371,0.006859798623834409,0.29789481352279007,0.32574707666768415,0,0,0,4.698028741484386,0.1938
983,1257694,2.0,0.31979206663088416,0.0030814085192688184,0.3137520944301582,0.3258320388316101,0.32256306418743824,0.011106401019692715,0.30009824769061877,0.3450278806842577,0.32256306418743824,0.0062510114309237185,0.30987283632193646,0.33525329205294,0,0,0,4.115305003887963,0.1907
984,1258694,2.0,0.3211415016644998,0.0032184219169903486,0.3148329649069518,0.3274500384220478,0.32393483930492084,0.012453422951146398,0.29874541377825964,0.34912426483158204,0.32393483930492084,0.006995306287743035,0.3097336125496342,0.33813606606020746,0,0,0,4.724191733350332,0.1451
985,1259694,2.0,0.31149400272692146,0.003194785159817393,0.3052317971699745,0.3177562082838684,0.3114848009468619,0.010838473401290209,0.2895619192110122,0.33340768268271154,0.3114848009468619,0.006228372030974506,0.2988405335066878,0.3241290683870359,0,0,0,3.800719112397412,0.1573
986,1260694,2.0,0.31168984899771945,0.0032179672626271713,0.3053822034234396,0.31799749457199933,0.31228604650505637,0.01157536905919854,0.28887265261294104,0.3356994403971717,0.31228604650505637,0.007273683371754297,0.2975196842244753,0.32705240878563746,0,0,0,5.109113383896308,0.2034
987,1261694,2.0,0.31596274637019417,0.003161030467333039,0.30976670451824595,0.3221587882221424,0.3152941740953576,0.011477683413687583,0.29207836807143517,0.33850998011928,0.3152941740953576,0.005219320505095623,0.3046983901578834,0.3258899580328318,0,0,0,2.726280703304437,0.1926
988,1262694,2.0,0.3119908364425495,0.0032577124538913614,0.30560528498566847,0.3183763878994305,0.3117550033347199,0.012720920930359746,0.2860245120743757,0.3374854945950641,0.3117550033347199,0.00771266477970681,0.29609746141749993,0.32741254525193986,0,0,0,5.605100646620932,0.1964
989,1263694,2.0,0.3124717329293749,0.003068323489275781,0.30645740913485975,0.3184860567238901,0.3147960841081691,0.009894036793344545,0.2947835057237615,0.33480866249257674,0.3147960841081691,0.005682252527656981,0.3032604982014521,0.3263316700148861,0,0,0,3.42956289194517,0.1798
990,1264694,2.0,0.30596698344478257,0.0032405644106473282,0.29961504444267445,0.3123189224468907,0.30583269525646595,0.012057928285792776,0.28144323319833847,0.3302221573145934,0.30583269525646595,0.005728625487750578,0.2942029672358065,0.31746242327712537,0,0,0,3.125068531581615,0.2075
991,1265694,2.0,0.3210320714040966,0.003168710274466068,0.31482097610457715,0.3272431667036161,0.3211619709279782,0.01306477076896278,0.2947359777212355,0.34758796413472093,0.3211619709279782,0.00598519323445967,0.3090113826905913,0.3333125591653651,0,0,0,3.5677243181996614,0.1451
992,1266694,2.0,0.31277272261089933,0.0031740315249983216,0.3065511969497167,0.31899424827208195,0.3105671061955628,0.011190399302203008,0.2879323871354111,0.33320182525571457,0.3105671061955628,0.006383009749311281,0.2976089074973868,0.3235253048937389,0,0,0,4.044161995889057,0.1593
993,1267694,2.0,0.3081471172194255,0.0033132609989875066,0.30165268319599303,0.314641551242858,0.30738091930081485,0.013124312503184517,0.2808344915688986,0.3339273470327311,0.30738091930081485,0.006921426912503625,0.29332967565093593,0.32143216295069377,0,0,0,4.363952128455917,0.2054
994,1268694,2.0,0.3133813255695507,0.0032419866661866485,0.3070265987566521,0.31973605238244923,0.31368746946227716,0.01109025528324863,0.2912553107999604,0.3361196281245939,0.31368746946227716,0.007027536092159221,0.2994208127255193,0.327954126199035,0,0,0,4.698764953458491,0.1529
995,1269694,2.0,0.3105381539129718,0.003143275093983877,0.30437691496390773,0.31669939286203586,0.30951080152803045,0.01061037014373326,0.2880493021800721,0.33097230087598883,0.30951080152803045,0.005737341076185813,0.2978633799221893,0.3211582231338716,0,0,0,3.3316283947681935,0.1926
996,1270694,2.0,0.31135003713273596,0.0031702741178872332,0.30513587649126944,0.3175641977742025,0.3146535551090037,0.012623649578547865,0.28911981372874906,0.3401872964892584,0.3146535551090037,0.006627562463971022,0.30119888800592176,0.3281082222120857,0,0,0,4.370327962276502,0.2154
997,1271694,2.0,0.30980534008595007,0.0032224895501776003,0.3034888302241479,0.3161218499477522,0.30786958446344925,0.013164621387868714,0.2812416243164855,0.33449754461041303,0.30786958446344925,0.006717190499674176,0.29423296277449285,0.32150620615240566,0,0,0,4.345025151484239,0.2255
998,1272694,2.0,0.30034569340108025,0.0031168163972942215,0.2942363170309224,0.3064550697712381,0.2998181914242507,0.010912344882386888,0.2777458905143371,0.3218904923341643,0.2998181914242507,0.0063094353436560615,0.2870093567103116,0.3126270261381898,0,0,0,4.097873507344237,0.1348
999,1273694,2.0,0.3146582527796387,0.0031227408713882425,0.3085372636490799,0.3207792419101975,0.31417494404896523,0.011165701569716455,0.29159018086805955,0.3367597072298709,0.31417494404896523,0.005980852142993222,0.3020331686957816,0.32631671940214885,0,0,0,3.6682103940233826,0.1924
1000,1274694,2.0,0.31226962800558916,0.0030774818550243733,0.3062373525911639,0.3183019034200144,0.31236428640747554,0.011982415337757107,0.28812756370368503,0.33660100911126606,0.31236428640747554,0.007104179057840517,0.29794203617844345,0.32678653663650764,0,0,0,5.328890499569237,0.1706
1001,1275694,2.0,0.32630291369953607,0.0032354614624460934,0.31996097715736943,0.3326448502417027,0.32628820792855223,0.011493039079919146,0.3030413421379721,0.34953507371913234,0.32628820792855223,0.005543471368128488,0.3150343627540858,0.33754205310301866,0,0,0,2.935561308067096,0.1775
1002,1276694,2.0,0.31088848715891804,0.0032389751835927294,0.30453966325406834,0.31723731106376774,0.31288526098379515,0.012026298755964815,0.28855977568845576,0.33721074627913455,0.31288526098379515,0.0078000167105950514,0.29705038521913096,0.32872013674845935,0,0,0,5.799303332977894,0.1975
1003,1277694,2.0,0.31511477458180953,0.0031845818480844877,0.30887256887844794,0.3213569802851711,0.31612352053387793,0.011712441035568563,0.29243287239976745,0.3398141686679884,0.31612352053387793,0.007140614314268768,0.30162730280190303,0.33061973826585284,0,0,0,5.027664876665156,0.1704
1004,1278694,2.0,0.3067509003686938,0.003159839426328152,0.3005571931161713,0.3129446076212163,0.3057192146990076,0.011178097402345101,0.28310937857999763,0.32832905081801755,0.3057192146990076,0.007288377756126067,0.29092302123221264,0.32051540816580254,0,0,0,5.320246084438958,0.1998
1005,1279694,2.0,0.3166358746071392,0.0030914010391004526,0.3105763157331043,0.32269543348117413,0.31703201892293825,0.011638345107564904,0.29349124394961246,0.34057279389626405,0.31703201892293825,0.0061785854333958135,0.30448882364922936,0.32957521419664715,0,0,0,3.994545894389195,0.1467
1006,1280694,2.0,0.3219091139760045,0.003096757843278928,0.31583905505041193,0.3279791729015971,0.32158747993851994,0.011248341604768387,0.2988355615090832,0.3443393983679567,0.32158747993851994,0.00612576579963782,0.3091515142220704,0.3340234456549695,0,0,0,3.912967900378489,0.1529
1007,1281694,2.0,0.3162839646265279,0.003038379635785614,0.310328334783669,0.3222395944693868,0.312599067976092,0.010465489458128767,0.2914306174753945,0.3337675184767895,0.312599067976092,0.007409519552167839,0.29755694358871015,0.32764119236347383,0,0,0,5.946973777456035,0.2322
1008,1282694,2.0,0.3111285792372376,0.003033874916925104,0.3051817792449225,0.31707537922955265,0.31194370895844653,0.010581817246836687,0.2905399632957816,0.3333474546211115,0.31194370895844653,0.005281311989710579,0.3012220756165715,0.32266534230032157,0,0,0,3.0303186941706977,0.1743
1009,1283694,2.0,0.31702473399386366,0.0030926781221458674,0.3109626718665133,0.32308679612121405,0.3182789328201284,0.010699057396004939,0.2966380465722771,0.33991981906797974,0.3182789328201284,0.005206403859432323,0.3077093710674217,0.32884849457283516,0,0,0,2.834041869606759,0.2458
1010,1284694,2.0,0.31828777477908693,0.0032381294407062863,0.31194060864323836,0.3246349409149355,0.3184668118601357,0.01181754050489777,0.29456357998371235,0.34237004373655905,0.3184668118601357,0.006751737418339958,0.30476005619769925,0.33217356752257216,0,0,0,4.347530897639807,0.1773
1011,1285694,2.0,0.3139370985127773,0.003074395658764078,0.3079108724551646,0.31996332457039,0.31496439541674187,0.009670468869241024,0.2954040258424299,0.3345247649910538,0.31496439541674187,0.004776453233406723,0.3052676798386859,0.32466111099479783,0,0,0,2.413745868226011,0.1866
1012,1286694,2.0,0.3241776076094636,0.0032439034960802175,0.31781912355399294,0.3305360916649343,0.3242518553827395,0.012238440157795665,0.29949727360015294,0.34900643716532603,0.3242518553827395,0.00810482582242979,0.30779818422353666,0.3407055265419423,0,0,0,6.242398945428956,0.1646
1013,1287694,2.0,0.31757172195860855,0.003211693949059617,0.3112763729166831,0.323867071000534,0.31953403937693614,0.012223027224418802,0.2948106331947421,0.3442574455591302,0.31953403937693614,0.007049602026585335,0.3052225864117556,0.3338454923421167,0,0,0,4.8179345244544685,0.1508
1014,1288694,2.0,0.3042195112611328,0.003190552730750428,0.2979656018303717,0.3104734206918939,0.3052043071298425,0.011690102116998035,0.28155884372348805,0.3288497705361969,0.3052043071298425,0.007450891200592236,0.2900781938309895,0.3203304204286955,0,0,0,5.453616440768208,0.1809
1015,1289694,2.0,0.31861763586786185,0.0030749347232077134,0.3125903531719509,0.3246449185637728,0.3202534781931895,0.0107176172270481,0.29857505114360977,0.34193190524276923,0.3202534781931895,0.006161141795851763,0.30774569538635627,0.33276126100002273,0,0,0,4.014676968754304,0.2525
1016,1290694,2.0,0.3147944644332749,0.0032144120962677948,0.30849378745982975,0.3210951414067201,0.3169487383710273,0.011727426392829593,0.29322777949085144,0.3406696972512032,0.3169487383710273,0.0054673206625950495,0.3058494873476062,0.32804798939444846,0,0,0,2.8929836904119353,0.1873
1017,1291694,2.0,0.31293478659894525,0.0031511208553893747,0.3067581689097737,0.3191114042881168,0.3105305342423717,0.011175628181645475,0.2879256925936505,0.33313537589109293,0.3105305342423717,0.0069609320856959265,0.2963990908271882,0.3246619776575552,0,0,0,4.8798297802928206,0.2176
1018,1292694,2.0,0.3136593337333809,0.0031268995569295258,0.3075301930237946,0.3197884744429672,0.3122571984626642,0.011946546047409334,0.2880930282467683,0.3364213686785601,0.3122571984626642,0.006723621949495519,0.29860752023643533,0.32590687668889307,0,0,0,4.623583558166038,0.1908
1019,1293694,2.0,0.30525852763647504,0.003163043660348526,0.29905853965736706,0.311458515615583,0.30479224668224136,0.01318932245098601,0.278114323919195,0.33147016944528773,0.30479224668224136,0.008986746604332303,0.2865481811516095,0.3230363122128732,0,0,0,8.072250288540932,0.167
1020,1294694,2.0,0.3162174037705278,0.0031567479887542795,0.3100297561484924,0.32240505139256326,0.31601007117643226,0.011941172207356954,0.291856770578016,0.3401633717748485,0.31601007117643226,0.0071188757579908725,0.30155798505990583,0.3304621572929587,0,0,0,5.085609411083095,0.1999
1021,1295694,2.0,0.3152544689580487,0.0032246607777526746,0.3089337032002455,0.3215752347158519,0.3171826352858197,0.012799973786803009,0.2912922445305447,0.3430730260410947,0.3171826352858197,0.007250580160415294,0.30246317501774594,0.33190209555389344,0,0,0,5.055655191006354,0.2193
1022,1296694,2.0,0.32235221516902257,0.003226820836265599,0.3160272154080716,0.32867721492997354,0.3230943017713543,0.01151878359356708,0.29979536278677776,0.3463932407559308,0.3230943017713543,0.006815611053930656,0.309257875734899,0.3369307278078096,0,0,0,4.461284217833834,0.1273
1023,1297694,2.0,0.31402703476903365,0.0030887626535429404,0.3079726474830315,0.3200814220550358,0.31333790654355026,0.010672533146779,0.29175067065376903,0.3349251424333315,0.31333790654355026,0.006079274170359685,0.3009963238522955,0.325679489234805,0,0,0,3.8737749388918314,0.2154
1024,1298694,2.0,0.29621499847412003,0.0031138568577308598,0.2901114231967345,0.30231857375150556,0.2950199160065464,0.01078377981153715,0.2732076624980745,0.31683216951501836,0.2950199160065464,0.005673976105719202,0.28350113212962286,0.30653869988347,0,0,0,3.320302988402271,0.173
1025,1299694,2.0,0.31390127716582583,0.003174424553830501,0.30767898111564557,0.3201235732160061,0.31518401324795026,0.011751292653733106,0.2914147802985496,0.3389532461973509,0.31518401324795026,0.005890864491831971,0.30322492253883376,0.32714310395706675,0,0,0,3.443721690497543,0.1932
1026,1300694,2.0,0.3039113934514921,0.0032610038899148,0.2975193903404543,0.31030339656252987,0.3023405941554079,0.013313773269551576,0.2754109458516578,0.32927024245915804,0.3023405941554079,0.005628170293942529,0.2909148010201321,0.31376638729068373,0,0,0,2.97873470567056,0.1609
1027,1301694,2.0,0.3076923377103953,0.003044879516927654,0.30172396723247924,0.3136607081883113,0.3097938612720897,0.012320472497240416,0.2848733534213589,0.3347143691228205,0.3097938612720897,0.006235115307875322,0.2971359042520169,0.32245181829216246,0,0,0,4.193230668674199,0.2171
1028,1302694,2.0,0.3212533889097483,0.003197237967760594,0.3149863755216754,0.3275204022978212,0.3178735395977179,0.012667848266085985,0.2922503979335024,0.34349668126193345,0.3178735395977179,0.0073936843438247475,0.30286356239233886,0.33288351680309697,0,0,0,5.34775974236723,0.206
1029,1303694,2.0,0.31886399274447674,0.0033332291032525403,0.31233041857006855,0.32539756691888494,0.32044873082524955,0.012807932892141913,0.29454224125987394,0.34635522039062516,0.32044873082524955,0.007020628096403881,0.3061960980654429,0.3347013635850562,0,0,0,4.436307131774256,0.2202
1030,1304694,2.0,0.3237631761820472,0.0031355472954928696,0.317617084750025,0.3299092676140694,0.32247163284239483,0.010270360199807293,0.3016978685207377,0.34324539716405195,0.32247163284239483,0.005337273456833911,0.3116363916824362,0.3333068740023535,0,0,0,2.8974249620411867,0.168
1031,1305694,2.0,0.3177465003212897,0.003159294801709089,0.3115538606057518,0.3239391400368276,0.3191873007100711,0.011600584406533382,0.29572290396385603,0.3426516974562862,0.3191873007100711,0.007188081251244478,0.3045947199730121,0.33377988144713017,0,0,0,5.176612412045885,0.2101
1032,1306694,2.0,0.31570725338364153,0.003072091604500617,0.3096855435800773,0.32172896318720573,0.31761856983329134,0.011899386421522962,0.29354978896446815,0.34168735070211453,0.31761856983329134,0.006655252122121659,0.30410768973566726,0.3311294499309154,0,0,0,4.693109660973753,0.199
1033,1307694,2.0,0.30655726345443557,0.003238407267676809,0.3002095527406227,0.3129049741682484,0.3046830768993701,0.012608314582442838,0.2791803534764959,0.33018580032224426,0.3046830768993701,0.006628273674981698,0.2912269659611767,0.31813918783756345,0,0,0,4.189265956123034,0.1773
1034,1308694,2.0,0.322914608652787,0.0031187841239341497,0.31680137527563723,0.32902784202993673,0.3237241626467113,0.011166795548197866,0.3011371866854645,0.34631113860795804,0.3237241626467113,0.0061539848575452236,0.3112309091970762,0.33621741609634637,0,0,0,3.893518270619755,0.1849
1035,1309694,2.0,0.30501690361281275,0.003111823231413878,0.29891731451458664,0.31111649271103886,0.30579340972357744,0.0113088390734537,0.2829191236135457,0.32866769583360916,0.30579340972357744,0.005946078824259261,0.2937222279604472,0.31786459148670765,0,0,0,3.651165228867955,0.2187
1036,1310694,2.0,0.30587877458167223,0.0031759516995608296,0.2996534851219197,0.31210406404142477,0.3075072979769753,0.01121727711529098,0.28481821340834007,0.3301963825456105,0.3075072979769753,0.007004165914987752,0.29328808522217786,0.3217265107317727,0,0,0,4.863680884337838,0.2036
1037,1311694,2.0,0.31829894047335905,0.003113065493944719,0.31219691637467606,0.32440096457204204,0.3195122510298113,0.010757148707651123,0.2977538640133602,0.3412706380462624,0.3195122510298113,0.006671998592127537,0.3059673737906581,0.3330571282689645,0,0,0,4.5934117467592595,0.1635
1038,1312694,2.0,0.3073045033587935,0.003035004618915117,0.3013554889997133,0.3132535177178737,0.307772834249029,0.010463110454407627,0.286609195737557,0.32893647276050103,0.307772834249029,0.005393009182572878,0.2968244435503609,0.3187212249476971,0,0,0,3.1575017999185713,0.1812
1039,1313694,2.0,0.3059213069739054,0.003137523962243179,0.299771341011081,0.3120712729367298,0.30577517962282436,0.011691834466474859,0.2821262122089128,0.3294241470367359,0.30577517962282436,0.00767693159082236,0.2901901799356604,0.32136017930998834,0,0,0,5.986889446414244,0.1666
1040,1314694,2.0,0.3121553000411695,0.003186200304377283,0.30590992194733924,0.3184006781349997,0.3156877428227185,0.012010334342752234,0.29139454860102787,0.3399809370444091,0.3156877428227185,0.0071683872511427325,0.301135143031405,0.330240342614032,0,0,0,5.061704270980998,0.1688
1041,1315694,2.0,0.3128637992161638,0.003227448108225005,0.30653756991840414,0.3191900285139235,0.31368414665985517,0.012231294268916195,0.2889440188018207,0.33842427451788964,0.31368414665985517,0.006474143459055349,0.3005409366949968,0.3268273566247135,0,0,0,4.023890005629545,0.2062
1042,1316694,2.0,0.3142340822444424,0.0031822002665505594,0.3079965447589327,0.3204716197299521,0.31587089246670574,0.011475237084890115,0.2926600346098294,0.33908175032358207,0.31587089246670574,0.007161367975078027,0.30133254256338177,0.3304092423700297,0,0,0,5.064504531393933,0.1657
1043,1317694,2.0,0.32272194226129175,0.003091420841690345,0.31666234457153614,0.32878153995104736,0.32521594455323255,0.01173243920869202,0.3014848462959279,0.3489470428105372,0.32521594455323255,0.006081613980030376,0.31286961179581474,0.33756227731065036,0,0,0,3.8700933449770987,0.2213
1044,1318694,2.0,0.30875001750607645,0.00324114695227511,0.30239693664458306,0.31510309836756983,0.30875074869037705,0.01144937365240697,0.28559220456354534,0.33190929281720877,0.30875074869037705,0.007020532768205194,0.29449830945710237,0.32300318792365174,0,0,0,4.69183463704759,0.2004
1045,1319694,2.0,0.32172781942206824,0.0031545690034600563,0.3155444429021994,0.3279111959419371,0.3208242672981866,0.011613375212043857,0.29733399870580546,0.3443145358905677,0.3208242672981866,0.006045367175626389,0.3085515194657631,0.3330970151306101,0,0,0,3.6725295921962444,0.1463
1046,1320694,2.0,0.31323460109412204,0.0031072291943339387,0.30714401692207777,0.3193251852661663,0.31195937826423703,0.01108098934522817,0.2895459617306199,0.33437279479785414,0.31195937826423703,0.007855273305612944,0.2960123256479389,0.32790643088053517,0,0,0,6.391106025430568,0.1909
1047,1321694,2.0,0.31683014123688397,0.003173661072979419,0.31060934171112997,0.32305094076263796,0.31562402445144583,0.011109448582004324,0.2931530436780104,0.33809500522488123,0.31562402445144583,0.007170602239659896,0.3010669279943826,0.33018112090850904,0,0,0,5.104934508856882,0.2052
1048,1322694,2.0,0.31724289716036,0.003175391623874845,0.31101870552374666,0.3234670887969734,0.3155815277961259,0.012068101387484311,0.29117148869757836,0.33999156689467347,0.3155815277961259,0.006442692471366553,0.3025021667307259,0.32866088886152595,0,0,0,4.116614634925174,0.1569
1049,1323694,2.0,0.30838062679107936,0.0031548845682361124,0.30219663172210776,0.31456462186005096,0.31027923933883955,0.011381053673014773,0.28725888541398154,0.33329959326369757,0.31027923933883955,0.0068725544483264085,0.29632721206595997,0.32423126661171914,0,0,0,4.745362904250562,0.1585
1050,1324694,2.0,0.3127559190690276,0.003091095663521011,0.30669695877190944,0.3188148793661458,0.3130730144867204,0.011364150216705286,0.29008685102945686,0.336059177943984,0.3130730144867204,0.005901651917272026,0.30109202413969266,0.3250540048337482,0,0,0,3.645207794596545,0.1638
1051,1325694,2.0,0.3141275454569637,0.0030988254839557864,0.30805343367952387,0.3202016572344035,0.31329641385533175,0.011628157990456122,0.28977624427128323,0.33681658343938026,0.31329641385533175,0.0059027359997636435,0.30131322270384286,0.3252796050068206,0,0,0,3.628377640132141,0.2233
1052,1326694,2.0,0.3075526624616205,0.003143757235887597,0.3013904784500381,0.3137148464732029,0.30747458790448307,0.01155889764674367,0.2840945105887804,0.33085466522018575,0.30747458790448307,0.0063602471355599785,0.2945625997689512,0.3203865760400149,0,0,0,4.093077596624833,0.1654
1053,1327694,2.0,0.3063474865362777,0.0030553955728413263,0.300358503184417,0.3123364698881384,0.30618077500979973,0.010913311659391937,0.28410651860881636,0.3282550314107831,0.30618077500979973,0.006068249426018821,0.29386157373943833,0.31849997628016113,0,0,0,3.944499968628923,0.2262
1054,1328694,2.0,0.30688167930804344,0.003198485438116132,0.3006122207114818,0.3131511379046051,0.3093206253408203,0.012274587452421975,0.2844929287536092,0.33414832192803134,0.3093206253408203,0.007313386055925007,0.29447366232633143,0.3241675883553091,0,0,0,5.228152452821409,0.1814
1055,1329694,2.0,0.3144212537914937,0.0031126302391018554,0.30832008285042833,0.3205224247325591,0.31491755103403024,0.011737475813962284,0.2911762652809776,0.33865883678708286,0.31491755103403024,0.005737412045147828,0.3032699853535366,0.3265651167145239,0,0,0,3.3976373101707154,0.1995
1056,1330694,2.0,0.30854122872899553,0.003168421091932916,0.30233070026585956,0.3147517571921315,0.30782605148003905,0.012276929748823613,0.28299361715116433,0.3326584858089138,0.30782605148003905,0.005893607661423579,0.2958613918405861,0.31979071111949203,0,0,0,3.46000440288661,0.1831
1057,1331694,2.0,0.3165487494359725,0.0032802726784732857,0.3101189769261331,0.3229785219458119,0.3185011249724972,0.01334179577917386,0.29151479579297745,0.345487454152017,0.3185011249724972,0.008673537207472366,0.30089290832163323,0.3361093416233612,0,0,0,6.991536001098925,0.1779
1058,1332694,2.0,0.3191455581923652,0.0033340836528876574,0.3126103089865524,0.32568080739817795,0.3174994071624676,0.012950319798652627,0.29130491289416066,0.34369390143077455,0.3174994071624676,0.009576706428143443,0.2980576595161676,0.33694115480876763,0,0,0,8.250482823782084,0.1752
1059,1333694,2.0,0.32427952806560856,0.003060037008762619,0.31828144687950716,0.33027760925170996,0.32781831426861235,0.010440760302404513,0.3066998832066585,0.34893674533056623,0.32781831426861235,0.005941637388081447,0.31575614910027955,0.33988047943694516,0,0,0,3.770152604846946,0.1841
1060,1334694,2.0,0.31186159634572946,0.0031213743485892626,0.3057432857823473,0.31797990690911165,0.3101263121805166,0.01114904399319606,0.2875752421283886,0.33267738223264465,0.3101263121805166,0.007076335264061416,0.29576058785798803,0.3244920365030452,0,0,0,5.139549906999727,0.1815
1061,1335694,2.0,0.31422439506600847,0.0028986725507655865,0.30854260976680187,0.31990618036521506,0.3137125349088854,0.009259405312962725,0.29498361985741556,0.33244144996035524,0.3137125349088854,0.0065642004058075725,0.30038649962243136,0.32703857019533944,0,0,0,5.128204641232977,0.1968
1062,1336694,2.0,0.3186043008544849,0.0031082281022346645,0.3125117586895572,0.32469684301941254,0.31870454175854407,0.011343894508379674,0.2957593493385896,0.34164973417849853,0.31870454175854407,0.006137978546044046,0.30624378284878956,0.3311653006682986,0,0,0,3.899644044335918,0.181
1063,1337694,2.0,0.3205917213031762,0.0032380360209776724,0.31424473828247135,0.32693870432388106,0.3187637107587827,0.011499883456161826,0.2955030009105232,0.3420244206070422,0.3187637107587827,0.007019430414556557,0.3045135094223898,0.33301391209517556,0,0,0,4.699378167352042,0.2007
1064,1338694,2.0,0.3116679792184268,0.0032022272163276548,0.30539118623687933,0.3179447721999743,0.31120392099897853,0.010640951560108238,0.2896805648977966,0.3327272771001605,0.31120392099897853,0.005160860664692165,0.30072681684699165,0.3216810251509654,0,0,0,2.5974068359078877,0.1948
1065,1339694,2.0,0.3066105986178944,0.003097497466502517,0.3005390899320115,0.3126821073037773,0.3076251094200651,0.011339286963693023,0.284689236638912,0.3305609822012182,0.3076251094200651,0.006931273354776951,0.2935538764296621,0.32169634241046813,0,0,0,5.007306020396978,0.1606
1066,1340694,2.0,0.3102464818065131,0.0031241279949405175,0.3041227737285501,0.31637018988447607,0.3107492823982083,0.011431532758826989,0.28762682488482616,0.33387173991159047,0.3107492823982083,0.007019026819289791,0.29649990040376634,0.3249986643926503,0,0,0,5.047730579755938,0.1735
1067,1341694,2.0,0.3096335944709567,0.0031265225552060526,0.3035051927350946,0.3157619962068188,0.3095286897195664,0.010843450814176687,0.287595740215866,0.33146163922326677,0.3095286897195664,0.0058189103935023245,0.297715673595939,0.32134170584319377,0,0,0,3.4638590115032595,0.2058
1068,1342694,2.0,0.3127665405121764,0.0030963035869994797,0.3066973719895546,0.3188357090347982,0.31154265314797214,0.011812410628873858,0.28764979742520325,0.33543550887074103,0.31154265314797214,0.0076993047369421684,0.2959122335594904,0.32717307273645385,0,0,0,6.183237763855049,0.1756
1069,1343694,2.0,0.31715741109745244,0.0031598130040545714,0.31096375563611467,0.3233510665587902,0.31730221008244414,0.01234810196500779,0.2923258163581348,0.34227860380675346,0.31730221008244414,0.007380721948080322,0.30231854793943497,0.3322858722254533,0,0,0,5.456007077360046,0.1938
1070,1344694,2.0,0.3166131090406593,0.003076373573088766,0.31058300600683203,0.3226432120744866,0.32028095877492485,0.010908933365510033,0.29821555830922164,0.34234635924062806,0.32028095877492485,0.006238329706147904,0.3076164761794344,0.3329454413704153,0,0,0,4.11205111428111,0.1907
1071,1345694,2.0,0.3172281052998467,0.0030800782965777185,0.31119074051323825,0.3232654700864551,0.31565878502819283,0.010852914796947817,0.29370669281247386,0.3376108772439118,0.31565878502819283,0.00589001240520729,0.30370142414688867,0.327616145909497,0,0,0,3.6568648148799068,0.1524
1072,1346694,2.0,0.3208032891026057,0.0031371434028939246,0.31465406908692717,0.3269525091182842,0.3200517716113873,0.011433609382977123,0.2969251137291924,0.34317842949358224,0.3200517716113873,0.007257388381768029,0.3053184899191681,0.33478505330360653,0,0,0,5.35170280234624,0.1967
1073,1347694,2.0,0.30442402560105336,0.0031911915271877847,0.29816886404396775,0.31067918715813897,0.3034747013939164,0.012713150176259971,0.2777599279673316,0.3291894748205012,0.3034747013939164,0.006030814911604658,0.2912314962280574,0.31571790655977544,0,0,0,3.57146385758647,0.2354
1074,1348694,2.0,0.3112078103747797,0.0031442209064365197,0.3050447175070011,0.3173709032425583,0.3089051958601969,0.011150041916285287,0.28635210731809735,0.3314582844022964,0.3089051958601969,0.007295613025594081,0.29409431401549185,0.3237160777049019,0,0,0,5.3839061143989495,0.1691
1075,1349694,2.0,0.3254715414260793,0.003157483376028906,0.3192824523467792,0.3316606305053794,0.3250593999733152,0.012267914145886485,0.30024520142264005,0.3498735985239903,0.3250593999733152,0.006318100546951462,0.3122329739614662,0.33788582598516415,0,0,0,4.0039709757314705,0.1835
1076,1350694,2.0,0.3213587557483968,0.0031980657217873638,0.31509011985189,0.32762739164490357,0.3214842831781745,0.012397052929481227,0.2964088767824977,0.3465596895738513,0.3214842831781745,0.008175609908489652,0.3048869126846676,0.3380816536716814,0,0,0,6.535300380361227,0.1444
1077,1351694,2.0,0.31788573466386566,0.0030662241887984506,0.3118755257786346,0.32389594354909673,0.3176779046722893,0.011039068178009091,0.29534928170296354,0.34000652764161504,0.3176779046722893,0.005815657016222151,0.305871493255672,0.3294843160889066,0,0,0,3.5974085342637006,0.1512
1078,1352694,2.0,0.2987747594256903,0.0032617094252640894,0.29238137337114806,0.3051681454802326,0.2959156695913053,0.01334146152265185,0.26893001650941756,0.322901322673193,0.2959156695913053,0.008494102488618439,0.27867172478579,0.31315961439682055,0,0,0,6.781791856048716,0.1887
1079,1353694,2.0,0.3127589099600542,0.003037435414677631,0.3068051309166618,0.31871268900344657,0.31330665826362303,0.011589645178772137,0.2898643881940728,0.33674892833317327,0.31330665826362303,0.006879334671314632,0.29934086640629975,0.3272724501209463,0,0,0,5.129544139151749,0.2236
1080,1354694,2.0,0.3090707227963016,0.003154697922631098,0.3028870935776412,0.315254352014962,0.3084641663134877,0.010753610569567338,0.2867129358568125,0.33021539677016293,0.3084641663134877,0.0072934960062868755,0.29365758224646255,0.3232707503805129,0,0,0,5.345101287907252,0.1637
1081,1355694,2.0,0.31516540586124486,0.003105701041920967,0.30907781707200527,0.32125299465048446,0.3143618238593125,0.011000227797408781,0.2921117629751578,0.3366118847434672,0.3143618238593125,0.005635393363097404,0.3029213671140791,0.3258022806045459,0,0,0,3.292525724769658,0.1867
1082,1356694,2.0,0.3317503120189805,0.0031189526807553283,0.32563674824795147,0.3378638757900095,0.33243794226938456,0.010917337943091542,0.3103555419409205,0.3545203425978486,0.33243794226938456,0.004819471324433104,0.3226538953236777,0.3422219892150914,0,0,0,2.387708081647227,0.1877
1083,1357694,2.0,0.31893900577102613,0.003010668072893518,0.3130376942921428,0.32484031724990947,0.3185722104951702,0.01102471718066266,0.29627261515787057,0.34087180583246984,0.3185722104951702,0.0054511296439567905,0.30750582898705303,0.3296385920032874,0,0,0,3.2782892365728813,0.2072
1084,1358694,2.0,0.31553689878734426,0.0030803745526514137,0.30949895329926824,0.32157484427542027,0.31727332730669355,0.010868433923152995,0.2952898446953125,0.3392568099180746,0.31727332730669355,0.0055361125102394194,0.3060344214079706,0.3285122332054165,0,0,0,3.230001778292699,0.2224
1085,1359694,2.0,0.30244501910556476,0.0031987128106691905,0.2961751148284349,0.30871492338269463,0.30428349081476586,0.0127392476923405,0.2785159301793695,0.3300510514501622,0.30428349081476586,0.007790381030489252,0.2884681765206786,0.32009880510885313,0,0,0,5.931532305189518,0.139
1086,1360694,2.0,0.31057196488179867,0.0031142910735185614,0.3044675384834824,0.31667639128011493,0.3123858536822527,0.010518268244760147,0.29111064800906533,0.33366105935544005,0.3123858536822527,0.005010120163963197,0.3022147690159041,0.3225569383486013,0,0,0,2.588081107741521,0.2031
1087,1361694,2.0,0.31735032625980947,0.0030941158708636144,0.31128544595296986,0.32341520656664907,0.31804444650588953,0.012070590741524884,0.29362937221352736,0.3424595207982517,0.31804444650588953,0.006115835365832404,0.3056286406418393,0.33046025236993976,0,0,0,3.9069551434795073,0.2193
1088,1362694,2.0,0.3048909588363253,0.003063992465245055,0.29888512442729165,0.3108967932453589,0.30535751304430236,0.010168166110545855,0.28479045577907575,0.325924570309529,0.30535751304430236,0.006104508698271876,0.29296470153786747,0.31775032455073726,0,0,0,3.969410807747465,0.2069
1089,1363694,2.0,0.3250147015580988,0.0032126048831597805,0.31871756696368747,0.33131183615251014,0.3243403027664386,0.012338497566021745,0.2993833357727507,0.3492972697601265,0.3243403027664386,0.006453737570631292,0.3112385189574529,0.3374420865754243,0,0,0,4.0355986955073435,0.1844
1090,1364694,2.0,0.31769754770805203,0.0031139730703076745,0.3115937446384965,0.3238013507776076,0.3171635815566423,0.011148928579375564,0.29461274495100104,0.3397144181622836,0.3171635815566423,0.006706879327834119,0.3035478926593879,0.3307792704538967,0,0,0,4.63886015170943,0.2248
1091,1365694,2.0,0.3155103931885287,0.0031419767857881796,0.3093516990969092,0.3216690872801482,0.3133734039153336,0.010884939904573999,0.29135653480520596,0.3353902730254612,0.3133734039153336,0.0061299777591172465,0.3009288874665514,0.3258179203641158,0,0,0,3.8063774662131267,0.2192
1092,1366694,2.0,0.32128598139767134,0.003202928875615409,0.31500781307021763,0.32756414972512504,0.3195806631259507,0.01196007434457273,0.2953891293462188,0.34377219690568256,0.3195806631259507,0.007351397762517836,0.30465653224454137,0.33450479400736,0,0,0,5.267993785312544,0.2612
1093,1367694,2.0,0.31175295794374086,0.003190567975818114,0.3054990186306112,0.31800689725687054,0.3126433178636237,0.010904671064671979,0.2905865387151241,0.33470009701212333,0.3126433178636237,0.006596745745933538,0.29925121202415234,0.3260354237030951,0,0,0,4.274875664697978,0.193
1094,1368694,2.0,0.3142477757363665,0.003256982394094728,0.3078636552941818,0.32063189617855115,0.3135782580184706,0.011377694184773511,0.2905646992999742,0.33659181673696703,0.3135782580184706,0.00641927593462239,0.3005464350499671,0.32661008098697414,0,0,0,3.8845549283646,0.2431
1095,1369694,2.0,0.3179072770967268,0.0031836817202014435,0.31166683576422244,0.3241477184292311,0.321099137767569,0.011899189913377097,0.2970307543739881,0.34516752116114985,0.321099137767569,0.006463917409619839,0.30797668778674436,0.3342215877483936,0,0,0,4.122230856507393,0.1902
1096,1370694,2.0,0.3100524247884062,0.0029845956480032236,0.3042022187441182,0.31590263083269426,0.30855626928680213,0.010399076405012114,0.2875221518656156,0.3295903867079887,0.30855626928680213,0.006376219097851672,0.29561185634399223,0.32150068222961203,0,0,0,4.5641032519411855,0.2031
1097,1371694,2.0,0.31439521088971606,0.003182228146016644,0.3081576187567297,0.3206328030227024,0.3150070385271252,0.011509431220722474,0.29172701650218225,0.33828706055206814,0.3150070385271252,0.00665790646769007,0.30149076982151835,0.32852330723273204,0,0,0,4.377364930592789,0.1985
1098,1372694,2.0,0.30720096071962966,0.003084393819149075,0.30115513693247015,0.31324678450678917,0.3075172257456541,0.011371433087779076,0.2845163312911978,0.3305181202001104,0.3075172257456541,0.006302252744558263,0.2947229724830889,0.3203114790082193,0,0,0,4.174956778651695,0.1977
1099,1373694,2.0,0.31125489098196263,0.00314560580407003,0.30508908352987785,0.3174206984340474,0.31335607322392234,0.012347646983186399,0.2883805997872119,0.33833154666063275,0.31335607322392234,0.00501363268874975,0.30317785775315637,0.3235342886946883,0,0,0,2.5403668192443445,0.1824
1100,1374694,2.0,0.31009080512852605,0.0032096313995149278,0.3037994989591489,0.3163821112979032,0.30942828813123346,0.011564851719546325,0.2860361675665356,0.3328204086959313,0.30942828813123346,0.007241315012148889,0.29472763711411176,0.32412893914835517,0,0,0,5.0900794493981865,0.1628
1101,1375694,2.0,0.31990022588742006,0.0031516822754221892,0.31372250774001004,0.3260779440348301,0.31673450681581405,0.011434252738608227,0.2936065476240257,0.3398624660076024,0.31673450681581405,0.006892326551603219,0.302742340039314,0.3307266735923141,0,0,0,4.78241029702918,0.1585
1102,1376694,2.0,0.3116142866709567,0.003083773754460972,0.30556967829339166,0.31765889504852174,0.3112871791966508,0.010624115747549578,0.2897978767406627,0.33277648165263884,0.3112871791966508,0.005814336522520349,0.2994834485247667,0.32309090986853484,0,0,0,3.5549648647162204,0.1996
1103,1377694,2.0,0.3119959899383268,0.003181283890156369,0.30576024867292606,0.3182317312037275,0.3128489112516848,0.011548042894765442,0.2894907897442477,0.3362070327591219,0.3128489112516848,0.006137522413025362,0.30038907834118783,0.32530874416218175,0,0,0,3.72204251639878,0.1759
1104,1378694,2.0,0.31023481679608006,0.003202519199347256,0.30395745148882164,0.3165121821033385,0.3095061779687478,0.012805924333834321,0.2836037510960233,0.3354086048414723,0.3095061779687478,0.006726049841149866,0.2958515708604225,0.3231607850770731,0,0,0,4.410996145384156,0.1428
1105,1379694,2.0,0.3132704186122792,0.0030466853264893966,0.30729850850646756,0.3192423287180909,0.3154117258934617,0.009991523559477269,0.2952019619123737,0.33562148987454976,0.3154117258934617,0.00636436209804208,0.3024913839399705,0.32833206784695296,0,0,0,4.363696723829221,0.1691
1106,1380694,2.0,0.3105117683150511,0.0031532889881013076,0.30433090079622355,0.3166926358338787,0.31138370280591293,0.010486503682623521,0.2901727470241383,0.33259465858768755,0.31138370280591293,0.005216427985643941,0.3007937909951102,0.32197361461671564,0,0,0,2.7366476468760306,0.1823
1107,1381694,2.0,0.32535799669133075,0.0032132229207687585,0.3190596506606707,0.3316563427219908,0.32435981862230406,0.01134614963603179,0.3014100647761242,0.34730957246848393,0.32435981862230406,0.007967305809452643,0.30818532793173925,0.3405343093128689,0,0,0,6.148104796426892,0.1849
1108,1382694,2.0,0.3228462857863212,0.0031317654495009203,0.3167076072774852,0.32898496429515717,0.3227500450925094,0.010946433879831635,0.30060879267699114,0.3448912975080276,0.3227500450925094,0.0065618892393938455,0.3094287017233153,0.3360713884617034,0,0,0,4.390149744098448,0.2127
1109,1383694,2.0,0.31539057024703016,0.003021123471380471,0.3094687647908589,0.3213123757032014,0.31794475397992034,0.010805832474754702,0.29608789474979563,0.33980161321004504,0.31794475397992034,0.005188232299417883,0.3074120824552676,0.3284774255045731,0,0,0,2.9491840482982585,0.2072
1110,1384694,2.0,0.3272996985138032,0.0030752255474636066,0.3212718457635129,0.33332755126409347,0.32680309139237396,0.01098223100174637,0.30458943246339537,0.34901675032135254,0.32680309139237396,0.006780340113681903,0.3130382691713545,0.3405679136133934,0,0,0,4.861261806754208,0.2107
1111,1385694,2.0,0.31697595428893954,0.0031463898983616376,0.3108086099073323,0.3231432986705468,0.32012218233586015,0.011377926454832269,0.29710815380682487,0.34313621086489543,0.32012218233586015,0.005937190225032995,0.3080690453884902,0.3321753192832301,0,0,0,3.5607120096039204,0.2003
1112,1386694,2.0,0.3165734363741904,0.003031309075869944,0.31063166577299556,0.3225152069753852,0.31572795984681384,0.01047559568942225,0.29453906756384324,0.33691685212978445,0.31572795984681384,0.005133335747781611,0.3053067342468715,0.3261491854467562,0,0,0,2.86773423629846,0.173
1113,1387694,2.0,0.3205888640316064,0.0031582409546146144,0.3143982899971084,0.32677943806610443,0.3179969573472948,0.01285470024901588,0.2919958718738161,0.34399804282077345,0.3179969573472948,0.007444128599108208,0.30288457285933007,0.3331093418352595,0,0,0,5.55567986193726,0.1638
1114,1388694,2.0,0.3041069511737502,0.003217208443881418,0.2978007929855475,0.3104131093619529,0.3013525609385184,0.011955873018266217,0.27716952514335885,0.325535596733678,0.3013525609385184,0.0054614977020700575,0.29026513115342495,0.3124399907236119,0,0,0,2.8818084519992615,0.2324
1115,1389694,2.0,0.3099697647674838,0.0032210310832660525,0.3036561136955975,0.3162834158393701,0.3092506261067968,0.01191830901091895,0.2851435706882188,0.33335768152537487,0.3092506261067968,0.007184290668858689,0.29466574066109186,0.3238355115525018,0,0,0,4.974826723465021,0.1595
1116,1390694,2.0,0.3173366811104446,0.0032529558445129297,0.31096045324316096,0.32371290897772825,0.31738664440298464,0.011071259328943163,0.29499290868495903,0.33978038012101025,0.31738664440298464,0.0067430644921203965,0.30369749571682764,0.33107579308914165,0,0,0,4.296930114091663,0.1507
1117,1391694,2.0,0.3026396961548665,0.003194967959449452,0.296377132286229,0.30890226002350407,0.303692520988147,0.012026824737321853,0.2793659717950926,0.32801907018120136,0.303692520988147,0.007520735053111257,0.28842461713055556,0.3189604248457384,0,0,0,5.540992522190127,0.208
1118,1392694,2.0,0.31531639716656257,0.0031544659496467523,0.30913322264593,0.3214995716871951,0.3149934436852685,0.011372963368311624,0.2919894539462739,0.3379974334242631,0.3149934436852685,0.006830124325206898,0.3011275541417304,0.32885933322880656,0,0,0,4.688193520292917,0.1769
1119,1393694,2.0,0.3138262094548551,0.0031715012603496487,0.307609643450285,0.3200427754594252,0.3160417325050791,0.011631855024226248,0.2925140849643927,0.33956938004576553,0.3160417325050791,0.006482998316248354,0.3028805462244297,0.3292029187857285,0,0,0,4.178515725854778,0.2259
1120,1394694,2.0,0.3173537656673606,0.0031032884523749154,0.3112709058758176,0.3234366254589036,0.31800206914116724,0.011897709675333762,0.2939366798116361,0.34206745847069836,0.31800206914116724,0.007062157351461259,0.3036651275114143,0.3323390107709202,0,0,0,5.178816093132158,0.1861
1121,1395694,2.0,0.32473841967135775,0.0030897172509454823,0.318682161246966,0.3307946780957495,0.32596326608787896,0.012657665465443297,0.3003607210820639,0.351565811093694,0.32596326608787896,0.006441400662748826,0.3128865275333956,0.33904000464236234,0,0,0,4.346334547024466,0.1618
1122,1396694,2.0,0.32630184269266727,0.0032197610794903538,0.31999068099778244,0.3326130043875521,0.32315199970594577,0.011901649332978449,0.2990786416666687,0.34722535774522284,0.32315199970594577,0.0073514404860025575,0.3082277820912514,0.33807621732064014,0,0,0,5.213118521321682,0.1744
1123,1397694,2.0,0.31272996424282695,0.0031867184092519785,0.30648357059425263,0.3189763578914013,0.31178773220526945,0.012789248314874956,0.2859190357646764,0.3376564286458625,0.31178773220526945,0.008610594692525706,0.2943072956530227,0.3292681687575162,0,0,0,7.300942293428633,0.1738
1124,1398694,2.0,0.3031939059377271,0.0031650784991430945,0.2969899294028417,0.3093978824726125,0.30358372755699287,0.012790924328862065,0.2777116410581263,0.32945581405585944,0.30358372755699287,0.007808287959723404,0.2877320602638967,0.31943539485008904,0,0,0,6.086150268060419,0.203
1125,1399694,2.0,0.3159739461112639,0.0031763285669604794,0.30974791794107975,0.32219997428144803,0.31708923031917297,0.012109561101699657,0.29259533103313473,0.3415831296052112,0.31708923031917297,0.006491289333590616,0.3039112123784838,0.33026724825986215,0,0,0,4.1764866095155835,0.1931
1126,1400694,2.0,0.3078912264433521,0.0031553834027506834,0.30170625359211567,0.3140761992945885,0.30754888062142677,0.010639924820893444,0.28602760129633187,0.32907015994652167,0.30754888062142677,0.004935663286706819,0.2975289514519091,0.31756880979094443,0,0,0,2.446734100663187,0.1938
1127,1401694,2.0,0.30027725703828007,0.0031172596753055765,0.29416701178402294,0.3063875022925372,0.3019781433749059,0.012539311223415547,0.27661499241978826,0.32734129433002357,0.3019781433749059,0.0068606689548950505,0.28805024493647247,0.31590604181333937,0,0,0,4.8438084986088645,0.2151
1128,1402694,2.0,0.32819060195192473,0.0030720507439751525,0.3221689722404471,0.33421223166340236,0.3286291283155989,0.010401778359731589,0.3075895456751349,0.34966871095606283,0.3286291283155989,0.006358251889463851,0.3157211907449856,0.34153706588621213,0,0,0,4.283696444467705,0.2078
1129,1403694,2.0,0.323373587313291,0.00329018337212674,0.3169243885203793,0.32982278610620275,0.32285812829838745,0.010828212156669023,0.30095600188886135,0.34476025470791355,0.32285812829838745,0.007029998532861668,0.3085864725412367,0.3371297840555382,0,0,0,4.5653098888302415,0.1859
1130,1404694,2.0,0.3160001843632351,0.003060034835878522,0.31000210743627676,0.3219982612901935,0.31398305505469515,0.012201637623079879,0.28930291342491254,0.33866319668447775,0.31398305505469515,0.006372306900092074,0.30104658429557385,0.32691952581381645,0,0,0,4.336512740651519,0.187
1131,1405694,2.0,0.31276001227263706,0.003115208735116312,0.3066537871350412,0.3188662374102329,0.30990124913992667,0.010414562013971214,0.28883580911810736,0.330966689161746,0.30990124913992667,0.005839700232156634,0.2980460274000201,0.3217564708798332,0,0,0,3.5140408390144895,0.1757
1132,1406694,2.0,0.31702178561281213,0.0031205169204693065,0.3109051557230493,0.323138415502575,0.31767102271519726,0.012168781768687232,0.29305733832376474,0.3422847071066298,0.31767102271519726,0.006073269869231695,0.3053416294032661,0.33000041602712843,0,0,0,3.7878439230621104,0.1375
1133,1407694,2.0,0.30742609015748,0.003171851302632828,0.3012088380232889,0.3136433422916711,0.30877434746580545,0.01222630704934457,0.28404430721151475,0.33350438772009616,0.30877434746580545,0.0073710315091556865,0.2938103579596854,0.3237383369719255,0,0,0,5.400461780182563,0.2622
1134,1408694,2.0,0.31509057262174744,0.003260216300562308,0.3087001132910182,0.3214810319524767,0.31457931452250354,0.011502159677157979,0.2913140005827031,0.33784462846230395,0.31457931452250354,0.00688396195621239,0.30060412877742304,0.32855450026758404,0,0,0,4.458451987448326,0.1783
1135,1409694,2.0,0.3267324074391583,0.003220464441939912,0.3204198670599427,0.33304494781837396,0.32992513760621883,0.01160843818222573,0.3064448550992228,0.35340542011321485,0.32992513760621883,0.007786221336776353,0.3141182679393172,0.3457320072731205,0,0,0,5.845430126851716,0.1937
1136,1410694,2.0,0.31554267289389876,0.0030661892545111005,0.30953253248453616,0.32155281330326135,0.3144850571180622,0.010075299329190041,0.294105840648257,0.33486427358786736,0.3144850571180622,0.007120952196717971,0.30002875560681336,0.328941358629311,0,0,0,5.393593676939143,0.1381
1137,1411694,2.0,0.31701888918747184,0.0032830245750631627,0.3105837225928176,0.3234540557821261,0.32038990212878715,0.013029012804251724,0.2940362362325845,0.3467435680249898,0.32038990212878715,0.008003923489045559,0.3041410735965666,0.3366387306610077,0,0,0,5.943709700180842,0.2084
1138,1412694,2.0,0.30897650186731285,0.003193086630103375,0.3027176256554334,0.3152353780791923,0.3104732454314349,0.010986637202890698,0.2882506741194098,0.33269581674346,0.3104732454314349,0.007241718181381134,0.2957717759372584,0.3251747149256114,0,0,0,5.143536629015465,0.18
1139,1413694,2.0,0.3155736615365232,0.0031774118811330643,0.30934550992589094,0.3218018131471555,0.31912060555935173,0.011713746610660119,0.29542731665035815,0.3428138944683453,0.31912060555935173,0.005884616607239742,0.3071741987302807,0.3310670123884228,0,0,0,3.429962057473154,0.1679
1140,1414694,2.0,0.3082035739974699,0.003191163665310225,0.3019484670533851,0.3144586809415547,0.3079555631663941,0.013360033395687672,0.28093234492554875,0.33497878140723947,0.3079555631663941,0.007895182731525636,0.29192749010813873,0.3239836362246495,0,0,0,6.121054061946133,0.1818
1141,1415694,2.0,0.31913353239825787,0.0032306913896727376,0.3128009458357406,0.32546611896077515,0.3194160874959946,0.011783160598911935,0.2955823955432405,0.3432497794487487,0.3194160874959946,0.006619016380643234,0.3059787698644319,0.3328534051275573,0,0,0,4.197550824320512,0.2025
1142,1416694,2.0,0.3153842430559916,0.00324083604933946,0.3090317716057713,0.32173671450621194,0.31500359538585915,0.012847012767163388,0.28901805931212143,0.34098913145959686,0.31500359538585915,0.005662268745887725,0.30350857871294834,0.32649861205876995,0,0,0,3.052578453055803,0.2031
1143,1417694,2.0,0.3121344217133474,0.003200776077871729,0.305860473156964,0.31840837026973073,0.31048456849205236,0.012133467190620742,0.28594231457701985,0.33502682240708487,0.31048456849205236,0.008047686295541092,0.29414689673940275,0.32682224024470197,0,0,0,6.321665218280771,0.1742
1144,1418694,2.0,0.31310537238847497,0.00319390450882645,0.3068448930250757,0.3193658517518742,0.3127971460808513,0.012189513201928058,0.2881415284076432,0.3374527637540594,0.3127971460808513,0.006723579013980509,0.29914755501835183,0.32644673714335076,0,0,0,4.431565482361044,0.1834
1145,1419694,2.0,0.310694713003137,0.003121475538304907,0.3045762040943989,0.3168132219118751,0.31122530480030697,0.011594188435885146,0.28777384512584686,0.3346767644747671,0.31122530480030697,0.006818105605027631,0.2973838145558923,0.32506679504472163,0,0,0,4.7709797758652375,0.2195
1146,1420694,2.0,0.30376112763657004,0.0031681806800723535,0.2975510704127863,0.3099711848603538,0.3035248592879205,0.012718845627200754,0.2777985657244323,0.3292511528514087,0.3035248592879205,0.006166401501548003,0.2910063987108531,0.3160433198649879,0,0,0,3.788294338305869,0.1788
1147,1421694,2.0,0.31791481870935734,0.003102817307533329,0.3118328824246223,0.32399675499409236,0.3189038116621991,0.012604009111231053,0.2934097968768515,0.34439782644754674,0.3189038116621991,0.007699293326283763,0.3032734152385855,0.33453420808581275,0,0,0,6.1572859158004505,0.1783
1148,1422694,2.0,0.32243993424004735,0.003267254737135502,0.3160356786336952,0.3288441898463995,0.3256529511912323,0.013036261363764224,0.29928462369952036,0.3520212786829442,0.3256529511912323,0.007485504785374981,0.31045656857948667,0.3408493338029779,0,0,0,5.248995398517067,0.2077
1149,1423694,2.0,0.31788608303240623,0.0032259092474557116,0.3115628701072597,0.32420929595755277,0.3203179833721654,0.011734117799149827,0.2965834898451833,0.3440524768991475,0.3203179833721654,0.005991473335766314,0.3081546458513257,0.3324813208930051,0,0,0,3.449554182263142,0.2265
1150,1424694,2.0,0.30679678029168667,0.003235685061782662,0.30045440546496005,0.3131391551184133,0.3079276942140899,0.011467041824487562,0.2847334128360171,0.33112197559216267,0.3079276942140899,0.007247510513639538,0.29321446566027254,0.32264092276790723,0,0,0,5.017012929474572,0.199
1151,1425694,2.0,0.32082432583921666,0.003104449838078978,0.31473918957659786,0.32690946210183547,0.3194504368427949,0.010242935271754083,0.29873214467409365,0.34016872901149614,0.3194504368427949,0.006455355521914451,0.30634536841808174,0.33255550526750804,0,0,0,4.323854162522187,0.1735
1152,1426694,2.0,0.3215591565193658,0.0031106368386455314,0.315461892909401,0.32765642012933055,0.31968019848400797,0.011637389121121337,0.2961413571757813,0.34321903979223467,0.31968019848400797,0.007233963856696372,0.30499447110585226,0.3343659258621637,0,0,0,5.408216230661212,0.1549
1153,1427694,2.0,0.33351951076778563,0.003191824612338226,0.32726310827926053,0.33977591325631074,0.3342276002166463,0.011778972657004031,0.310402379175963,0.3580528212573297,0.3342276002166463,0.0070182966429119965,0.31997970055905794,0.3484754998742347,0,0,0,4.834876695668981,0.1767
1154,1428694,2.0,0.31671636599670105,0.003087830982780645,0.3106638049098118,0.3227689270835903,0.31590878655115623,0.01147794942062991,0.2926924424774069,0.33912513062490557,0.31590878655115623,0.006975367313378013,0.30174803806580924,0.3300695350365032,0,0,0,5.103018264558094,0.1927
1155,1429694,2.0,0.3116760962573265,0.003114817751820855,0.30557063749920316,0.31778155501544986,0.3108640551089629,0.012001153568289012,0.28658943075641796,0.3351386794615079,0.3108640551089629,0.006000482593334922,0.29868242782290555,0.3230456823950203,0,0,0,3.7111377792777978,0.1853
1156,1430694,2.0,0.31858564370679593,0.0032445493514813776,0.312225893688489,0.32494539372510284,0.3157816267919949,0.011680859008433455,0.2921548593374069,0.33940839424658287,0.3157816267919949,0.007449632781546059,0.3006580682196246,0.3309051853643652,0,0,0,5.271824716641737,0.2001
1157,1431694,2.0,0.3112785176342327,0.0031316624320398175,0.30514004105337783,0.31741699421508757,0.3114532653449246,0.01214626821743525,0.2868851189091873,0.33602141178066197,0.3114532653449246,0.006880018521769472,0.29748608519737124,0.325420445492478,0,0,0,4.82646687493216,0.1337
1158,1432694,2.0,0.30580604416043794,0.0031785765679505874,0.29957560960810664,0.31203647871276924,0.30755548497266616,0.010339879428507335,0.2866411047383495,0.32846986520698285,0.30755548497266616,0.006285269973210827,0.29479570856885706,0.32031526137647526,0,0,0,3.910051869206614,0.1774
1159,1433694,2.0,0.3115333610063237,0.003142598627984732,0.30537344802095573,0.3176932739916916,0.31134002728828947,0.01197103665757504,0.2871263201375852,0.3355537344389937,0.31134002728828947,0.00816507845802397,0.29476403677586893,0.32791601780071,0,0,0,6.750608024348934,0.1754
1160,1434694,2.0,0.32621265424881346,0.003120076338209873,0.3200968879591161,0.3323284205385108,0.32544654349662666,0.012494543219698121,0.3001739443761364,0.3507191426171169,0.32544654349662666,0.006314408904408183,0.31262761191757305,0.3382654750756803,0,0,0,4.0957643788091485,0.1701
1161,1435694,2.0,0.30972437471061814,0.0031444093011431472,0.3035609125640556,0.3158878368571807,0.3120245876230016,0.011077513044474586,0.2896182025713541,0.3344309726746491,0.3120245876230016,0.006366900494681151,0.29909909245036836,0.32495008279563486,0,0,0,4.099944526002447,0.1859
1162,1436694,2.0,0.3157211515829526,0.0031277652964442856,0.3095903139083032,0.321851989257602,0.3174591682046213,0.011043716603167044,0.29512114290793606,0.3397971935013065,0.3174591682046213,0.007586789386859903,0.3020571669203914,0.33286116948885114,0,0,0,5.8836623634095035,0.1907
1163,1437694,2.0,0.3140229369269781,0.003209996816690979,0.30773091449113665,0.3203149593628195,0.312128984346703,0.011716214132541779,0.28843070440360435,0.33582726428980164,0.312128984346703,0.007796469875449756,0.2963013090401875,0.3279566596532185,0,0,0,5.8991142436518285,0.1476
1164,1438694,2.0,0.31063485401390534,0.003019337866778789,0.3047165485812097,0.31655315944660095,0.30876380921677643,0.010321325051594351,0.2878869587521686,0.3296406596813843,0.30876380921677643,0.004353236411499621,0.299926269464243,0.31760134896930986,0,0,0,2.0787443350472907,0.1985
1165,1439694,2.0,0.31552401627758286,0.0030636231690578195,0.30951890573839347,0.32152912681677226,0.3179791760105796,0.011048418985234858,0.2956316392483833,0.34032671277277593,0.3179791760105796,0.006241412599530307,0.30530843480879155,0.3306499172123677,0,0,0,4.150449137761279,0.2109
1166,1440694,2.0,0.3198709508348441,0.003149640654037108,0.31369723453799475,0.3260446671316935,0.3202557713822547,0.011073041499693952,0.2978584308836335,0.3426531118808759,0.3202557713822547,0.0058826284430633195,0.30831340074104086,0.33219814202346853,0,0,0,3.488356177067954,0.1758
1167,1441694,2.0,0.3214562978608093,0.0030295820497869947,0.3155179124613707,0.32739468326024795,0.3211263474811665,0.01130658085670692,0.29825662904564393,0.343996065916689,0.3211263474811665,0.005863104731111542,0.30922361208237487,0.3330290828799581,0,0,0,3.7453280745219795,0.1738
1168,1442694,2.0,0.30850592882164085,0.0031334986417166813,0.30236385302460494,0.31464800461867676,0.3082387088536677,0.01179471910446456,0.2843816376166831,0.3320957800906523,0.3082387088536677,0.006692440473623085,0.294652332388822,0.32182508531851345,0,0,0,4.561524506905686,0.215
1169,1443694,2.0,0.31427517549627204,0.0032348818503819595,0.3079343750711547,0.3206159759213894,0.3116968574425902,0.01234419444870732,0.2867283674160217,0.33666534746915866,0.3116968574425902,0.007088963475076451,0.29730549648876037,0.32608821839642,0,0,0,4.802292744886756,0.2173
1170,1444694,2.0,0.3059067107173037,0.0031803456956778883,0.29967280843837085,0.3121406129962365,0.30913871826291095,0.011725289538864743,0.2854220815778472,0.3328553549479747,0.30913871826291095,0.00678283739255826,0.29536882629624556,0.32290861022957634,0,0,0,4.548562356079738,0.2074
1171,1445694,2.0,0.3142069810352932,0.0031041295084687386,0.3081224726614885,0.3202914894090979,0.31469618669300314,0.00994317325108836,0.2945842204416743,0.33480815294433197,0.31469618669300314,0.004216282157440892,0.30613667885744195,0.32325569452856434,0,0,0,1.8449290467339667,0.2086
1172,1446694,2.0,0.30978137977180087,0.0031795861773138167,0.3035489662502906,0.31601379329331114,0.3077379591244721,0.013022941224994332,0.28139657415650365,0.33407934409244056,0.3077379591244721,0.009766254537707008,0.2879114083581622,0.327564509890782,0,0,0,9.434412862105157,0.1603
1173,1447694,2.0,0.31470972584881673,0.0031459261033359924,0.3085432905673967,0.32087616113023676,0.31318821428918353,0.011652591722291787,0.2896186228176084,0.33675780576075864,0.31318821428918353,0.006492647442723153,0.3000074392403769,0.32636898933799013,0,0,0,4.259382162319774,0.2132
1174,1448694,2.0,0.3159184043888351,0.0032704376750594157,0.3095079097990905,0.32232889897857975,0.3172498021831554,0.012733961158277872,0.291492934572206,0.3430066697941048,0.3172498021831554,0.009516770044889555,0.29792973186368976,0.33656987250262105,0,0,0,8.467737700354494,0.1787
1175,1449694,2.0,0.31589854808050455,0.0032204151778288874,0.3095861042655254,0.3222109918954837,0.31555468039401424,0.012103352059683497,0.2910733400808842,0.3400360207071443,0.31555468039401424,0.007330200240009937,0.3006735827711075,0.330435778016921,0,0,0,5.180932658044765,0.1813
1176,1450694,2.0,0.30989307094951934,0.0032208086907046215,0.30357985579675256,0.3162062861022861,0.31050552623459693,0.012422241120067068,0.28537917191453,0.33563188055466386,0.31050552623459693,0.008410405029001228,0.293431496305425,0.3275795561637689,0,0,0,6.8187373679232,0.2088
1177,1451694,2.0,0.3179500442490395,0.0032515820668737017,0.31157650916938817,0.3243235793286908,0.32019694724766795,0.01254759632156447,0.29481703809975285,0.34557685639558305,0.32019694724766795,0.006543441363480994,0.30691305505762395,0.33348083943771195,0,0,0,4.049701292540681,0.1923
1178,1452694,2.0,0.3075947996397606,0.003107425308791379,0.30150383105718986,0.31368576822233135,0.3052703690303227,0.010861647659365887,0.2833006129330848,0.32724012512756057,0.3052703690303227,0.0046862997065813495,0.2957566748418346,0.31478406321881075,0,0,0,2.2743574550480425,0.1892
1179,1453694,2.0,0.3138071388407892,0.003150913042494211,0.3076309284926443,0.3199833491889341,0.31621023504978946,0.01159903042973285,0.2927489815183387,0.3396714885812402,0.31621023504978946,0.006297965010773286,0.30342468634957537,0.32899578375000355,0,0,0,3.995099970910363,0.2074
1180,1454694,2.0,0.3106628311057506,0.0030997906360212195,0.30458682750137245,0.31673883471012876,0.3089022795680781,0.011588386793825475,0.2854625548223334,0.33234200431382277,0.3089022795680781,0.006211586057413555,0.29629208946591357,0.3215124696702426,0,0,0,4.015506090228852,0.1565
1181,1455694,2.0,0.31010578616087786,0.0031507993299075914,0.30392979870458836,0.31628177361716736,0.30958564595408755,0.011752252017010405,0.2858144725092969,0.3333568193988782,0.30958564595408755,0.007219169571780271,0.29492995257103277,0.32424133933714233,0,0,0,5.249682007215455,0.2034
1182,1456694,2.0,0.3199241395814252,0.0031794789612037337,0.3136919362178087,0.32615634294504164,0.3197998150274598,0.011817689408279495,0.29589628196551826,0.34370334808940134,0.3197998150274598,0.006782464936339841,0.30603067918711635,0.33356895086780325,0,0,0,4.550542798614336,0.1744
1183,1457694,2.0,0.3086344754968976,0.0031049454954111652,0.3025483676797157,0.3147205833140795,0.30829222199008055,0.012155527114067102,0.2837053476681964,0.3328790963119647,0.30829222199008055,0.006992901045373565,0.2940958781363976,0.3224885658437635,0,0,0,5.072321860158469,0.2058
1184,1458694,2.0,0.3167689872539053,0.003284977870589728,0.3103299919391685,0.3232079825686421,0.3171090205179791,0.0128663913045684,0.2910842876525887,0.34313375338336954,0.3171090205179791,0.007111378573926835,0.30267215449426066,0.3315458865416976,0,0,0,4.686436116512665,0.1971
1185,1459694,2.0,0.3202257991969905,0.003121235104790703,0.31410776157004866,0.32634383682393237,0.31950850724356383,0.011124562547350872,0.29700695558965623,0.34201005889747144,0.31950850724356383,0.006615259610565769,0.30607881626072,0.3329381982264077,0,0,0,4.492011083495598,0.1627
1186,1460694,2.0,0.30466496114998964,0.0031233643785865805,0.2985427498620566,0.3107871724379227,0.3043244049062383,0.011759146844050447,0.2805392853573985,0.32810952445507807,0.3043244049062383,0.007905125857821958,0.28827614622845715,0.32037266358401945,0,0,0,6.405783723244206,0.1565
1187,1461694,2.0,0.31419572306379345,0.0030431712289828348,0.3082307010583805,0.3201607450692064,0.31653532941182766,0.010250939619969942,0.2958008469206694,0.33726981190298594,0.31653532941182766,0.005534847522301483,0.30529899157514667,0.32777166724850865,0,0,0,3.3079470073347226,0.1773
1188,1462694,2.0,0.31447340940128615,0.0031860947605757296,0.30822823818740164,0.32071858061517067,0.3167329007869734,0.01211575523845542,0.29222647267676183,0.341239328897185,0.3167329007869734,0.005677540714590204,0.30520688036931976,0.3282589212046271,0,0,0,3.175434345369257,0.1722
1189,1463694,2.0,0.31698701145512664,0.003258362841432579,0.31060018515180965,0.32337383775844364,0.32005625604308086,0.013543359742361165,0.2926622252654155,0.3474502868207462,0.32005625604308086,0.007826402109644467,0.3041678150706164,0.3359446970155453,0,0,0,5.769330604580389,0.2125
1190,1464694,2.0,0.3198293557314929,0.003277363227759803,0.313405286133591,0.32625342532939483,0.3197960818001829,0.013315171027588526,0.29286360626394303,0.3467285573364227,0.3197960818001829,0.008699340611809835,0.30213548145359753,0.3374566821467682,0,0,0,7.0456897849539875,0.1907
1191,1465694,2.0,0.3078239841215081,0.0030485366480471478,0.3018484451782107,0.31379952306480546,0.3072693590250369,0.011366962769062315,0.28427750664365864,0.3302612114064151,0.3072693590250369,0.006580040687184229,0.29391116625777436,0.3206275517922994,0,0,0,4.658802689979276,0.158
1192,1466694,2.0,0.31872852929203305,0.003125598833043199,0.3126019381749675,0.3248551204090986,0.31970213927871244,0.010815065323571574,0.29782660484911977,0.3415776737083051,0.31970213927871244,0.005430371009192538,0.3086779000396099,0.330726378517815,0,0,0,3.0185093959927003,0.1889
1193,1467694,2.0,0.3185676457827598,0.003091532625035157,0.3125078289827204,0.32462746258279923,0.31789268378351715,0.012463854979597839,0.29268215748762966,0.34310321007940464,0.31789268378351715,0.006782085883989281,0.3041243174603558,0.3316610501066785,0,0,0,4.8125904203525955,0.1898
1194,1468694,2.0,0.31016739007256106,0.003153842036213637,0.3039854385055772,0.3163493416395449,0.31042665238044465,0.011746165850646011,0.2866677893690971,0.3341855153917922,0.31042665238044465,0.007122997031537733,0.29596619963381626,0.32488710512707303,0,0,0,5.100886403334928,0.1532
1195,1469694,2.0,0.30854950112036034,0.003174087996034547,0.30232786476840534,0.31477113747231533,0.3070390400222342,0.011248903112707244,0.284285985835788,0.3297920942086804,0.3070390400222342,0.005131041794269399,0.296622471395504,0.3174556086489644,0,0,0,2.6132031862209435,0.192
1196,1470694,2.0,0.3199282402276687,0.0031912591717088265,0.31367294607828833,0.32618353437704906,0.31877552158787054,0.011142991337370907,0.29623669418772214,0.34131434898801893,0.31877552158787054,0.00716589207111284,0.3042279872813181,0.33332305589442296,0,0,0,5.042157106666476,0.2057
1197,1471694,2.0,0.3148732366585592,0.0031779375340062316,0.30864405469809786,0.32110241861902056,0.31557179679122194,0.01096255408189751,0.2933979381893559,0.337745655393088,0.31557179679122194,0.005862386829790441,0.30367051880959395,0.3274730747728499,0,0,0,3.4029708675507826,0.1815
1198,1472694,2.0,0.3145415000584346,0.0031851496037920523,0.308298181478066,0.32078481863880326,0.3127881579869407,0.011819097481281566,0.2888817768285231,0.3366945391453583,0.3127881579869407,0.005414941828429985,0.3017952416500306,0.32378107432385084,0,0,0,2.8902001531673456,0.1695
1199,1473694,2.0,0.30770548668780084,0.0031087072188874594,0.3016120053902506,0.31379896798535106,0.3048930457131653,0.012369728124670337,0.27987290895207123,0.3299131824742593,0.3048930457131653,0.006750966902974542,0.291187854280081,0.3185982371462496,0,0,0,4.71598390572043,0.1758
1200,1474694,2.0,0.3022415520704814,0.003229576444706155,0.29591115094899256,0.3085719531919703,0.30284242575810344,0.0107809418632821,0.28103591254179855,0.32464893897440833,0.30284242575810344,0.006525175879431729,0.2895956144720412,0.3160892370441657,0,0,0,4.082190865619316,0.2334
1201,1475694,2.0,0.31885036165791786,0.0032414591855994316,0.312496668777412,0.3252040545384237,0.32062715334010405,0.01268119020188958,0.2949770250634829,0.3462772816167252,0.32062715334010405,0.006922293911648174,0.306574149588388,0.3346801570918201,0,0,0,4.560568199656228,0.1806
1202,1476694,2.0,0.31887328542644877,0.0031939205493275212,0.3126127746215253,0.32513379623137223,0.319181528488522,0.012609260828474897,0.2936768911023906,0.3446861658746534,0.319181528488522,0.008368266783126356,0.30219304374638317,0.3361700132306608,0,0,0,6.86471983196114,0.1796
1203,1477694,2.0,0.3186448634415403,0.003197548158266147,0.3123772420386525,0.3249124848444281,0.3172486948891789,0.010180853089239895,0.29665597578734515,0.33784141399101264,0.3172486948891789,0.00606034793281511,0.30494553450281536,0.3295518552755424,0,0,0,3.5922034730715175,0.2218
1204,1478694,2.0,0.31869152218903,0.003153754904925321,0.31250974141100707,0.32487330296705297,0.3174259028089005,0.012563080895382434,0.29201467315412316,0.3428371324636778,0.3174259028089005,0.007741822815135665,0.30170916693278416,0.3331426386850168,0,0,0,6.026020116175687,0.2012
1205,1479694,2.0,0.3193859278873023,0.003129288359492251,0.3132521048056833,0.32551975096892133,0.31912366120493846,0.011147368114182097,0.296575980938075,0.3416713414718019,0.31912366120493846,0.006405077552003709,0.3061206624855574,0.3321266599243195,0,0,0,4.189455828356592,0.1761
1206,1480694,2.0,0.3189000759647546,0.0030498223128114284,0.3129220169468267,0.32487813498268253,0.31951706551079656,0.010938595450092634,0.2973916678159388,0.34164246320565433,0.31951706551079656,0.005001421508859154,0.3093636400531398,0.3296704909684533,0,0,0,2.6892912577530788,0.1615
1207,1481694,2.0,0.3212971022877598,0.0031455531162737325,0.3151313981107919,0.32746280646472775,0.32040581910233606,0.012135515599118766,0.29585942189003406,0.34495221631463807,0.32040581910233606,0.0057414434017629915,0.3087500693328164,0.33206156887185573,0,0,0,3.3315637629439436,0.2553
1208,1482694,2.0,0.320988201893181,0.0031985915039838397,0.3147185353933542,0.3272578683930078,0.3219215840982405,0.012699120959900752,0.2962351874402007,0.3476079807562803,0.3219215840982405,0.0073252304633841196,0.3070505756582635,0.33679259253821753,0,0,0,5.244752842102205,0.2067
1209,1483694,2.0,0.3083862991635014,0.003358982159736169,0.3018022455592247,0.31497035276777813,0.30616771145960314,0.013233781503296026,0.2793998617751358,0.33293556114407047,0.30616771145960314,0.008343325571016571,0.2892298600699086,0.3231055628492977,0,0,0,6.16968494343437,0.1908
1210,1484694,2.0,0.3102638290829972,0.003092387692958173,0.3042023362356397,0.31632532193035473,0.3117754520728978,0.011704795727605922,0.28810026803378425,0.33545063611201137,0.3117754520728978,0.005676216355611265,0.3002521202469071,0.3232987838988885,0,0,0,3.3692249576160536,0.1888
1211,1485694,2.0,0.31922557247499395,0.0031899797240935836,0.3129727862138017,0.3254783587361862,0.31882174537514074,0.011579237037074244,0.2954005277592973,0.34224296299098417,0.31882174537514074,0.007278034141056886,0.3040465505633045,0.333596940186977,0,0,0,5.205378713408163,0.1459
1212,1486694,2.0,0.30844446088919925,0.0031047060395889507,0.30235882243740675,0.31453009934099174,0.3095339543467476,0.011374776091846388,0.28652629802831864,0.3325416106651765,0.3095339543467476,0.006235902550191929,0.2968743991398064,0.32219350955368875,0,0,0,4.034202242965743,0.1933
1213,1487694,2.0,0.31220829070435374,0.0031260364177569714,0.3060808418628125,0.318335739545895,0.3135697417104707,0.010857218283579186,0.291608944871418,0.3355305385495234,0.3135697417104707,0.006481080988952936,0.3004124478111648,0.3267270356097766,0,0,0,4.298400031226562,0.2158
1214,1488694,2.0,0.31261714344796,0.003200219139174729,0.3063442865657985,0.3188900003301215,0.3132019993307904,0.012406989152579094,0.2881064950268741,0.33829750363470673,0.3132019993307904,0.006514403066454605,0.2999770580177626,0.3264269406438182,0,0,0,4.143714413304687,0.186
1215,1489694,2.0,0.3218678113398639,0.00308659068196708,0.3158176814082037,0.3279179412715241,0.323799962957999,0.010989836388354522,0.30157092068258473,0.3460290052334133,0.323799962957999,0.005207728072306605,0.3132277129102375,0.33437221300576053,0,0,0,2.846679123163241,0.1801
1216,1490694,2.0,0.315676408284064,0.003194783667712241,0.3094142056518424,0.3219386109162856,0.3159406614520915,0.011391100138708405,0.2928999866322965,0.3389813362718865,0.3159406614520915,0.007531901405002744,0.30065008869499554,0.33123123420918743,0,0,0,5.5580998114587885,0.2285
1217,1491694,2.0,0.32550390384744804,0.0031278087723968276,0.3193729809541257,0.3316348267407704,0.3255875814330566,0.01043605869920375,0.3044786602612065,0.3466965026049067,0.3255875814330566,0.006400546740382463,0.3125937807502693,0.33858138211584393,0,0,0,4.187489779631087,0.1974
1218,1492694,2.0,0.3043927281734065,0.002986951412975066,0.29853790451517587,0.31024755183163716,0.30257983131657284,0.010712823915504968,0.28091109965472827,0.3242485629784174,0.30257983131657284,0.006448938093266504,0.2894877909646369,0.3156718716685088,0,0,0,4.661440009057013,0.2317
1219,1493694,2.0,0.31180823844253513,0.0030831590359340437,0.3057648349953747,0.31785164188969556,0.3094769635272711,0.010827392739176676,0.2875764945460665,0.33137743250847573,0.3094769635272711,0.006424361948900788,0.2964348154008578,0.3225191116536844,0,0,0,4.341783341218094,0.2178
1220,1494694,2.0,0.30558578535641734,0.0033060281773150913,0.2991055286293612,0.3120660420834735,0.30911722371557937,0.012712391095228412,0.28340398567530467,0.33483046175585407,0.30911722371557937,0.008164010918774759,0.2925434004230524,0.32569104700810636,0,0,0,6.098093125060488,0.2142
1221,1495694,2.0,0.3097796612417359,0.0030545720828507707,0.3037922920402286,0.31576703044324317,0.3096747038726714,0.010580424618021216,0.28827377506766644,0.3310756326776763,0.3096747038726714,0.007182769090573345,0.2950929073951069,0.32425650035023584,0,0,0,5.529464239965899,0.2097
1222,1496694,2.0,0.31537387643792225,0.003100275897890277,0.30929692165547706,0.32145083122036744,0.31451828959202194,0.011420729447626333,0.29141768383811173,0.33761889534593215,0.31451828959202194,0.007257942700993193,0.29978388257194893,0.32925269661209494,0,0,0,5.48057824535622,0.1919
1223,1497694,2.0,0.30860178808630184,0.003248806519748337,0.3022336934496733,0.31496988272293036,0.3098137271358314,0.012526724187384245,0.2844760358642044,0.3351514184074584,0.3098137271358314,0.006969201397450095,0.2956654961252946,0.3239619581463682,0,0,0,4.601700337389796,0.1532
1224,1498694,2.0,0.3239044160882542,0.003224625058001927,0.3175837203459326,0.33022511183057585,0.3220620604761535,0.012505709915852923,0.2967668745807441,0.3473572463715629,0.3220620604761535,0.006970620356311838,0.3079109488259816,0.3362131721263254,0,0,0,4.672877665484584,0.207
1225,1499694,2.0,0.3276182998552204,0.0032328284071603945,0.32128152445304187,0.3339550752573989,0.3258293568274696,0.011934915721073115,0.30168871116705104,0.3499700024878882,0.3258293568274696,0.005963925489682096,0.31372194440737167,0.33793676924756755,0,0,0,3.4032911990421293,0.2272
1226,1500694,2.0,0.31277621084837665,0.003299981149360394,0.3063078071036547,0.3192446145930986,0.31199730249088414,0.012596983306235633,0.28651749873750665,0.33747710624426164,0.31199730249088414,0.006795032261932295,0.2982026536232185,0.32579195135854977,0,0,0,4.239944072409055,0.2156
1227,1501694,2.0,0.3187649118860048,0.0032441520063856244,0.31240594071714856,0.32512388305486106,0.3198650715595273,0.0125177263541612,0.2945455801234606,0.345184562995594,0.3198650715595273,0.006982268074610626,0.305690313784091,0.3340398293349636,0,0,0,4.632235682675938,0.2297
1228,1502694,2.0,0.3239981839438186,0.003198764655404036,0.3177281780440849,0.3302681898435523,0.32297167077946753,0.011402176517041457,0.2999085918697914,0.34603474968914366,0.32297167077946753,0.005953828529197949,0.3108847562788997,0.33505858528003535,0,0,0,3.4644003055278056,0.2191
1229,1503694,2.0,0.31420234951888343,0.003118940585779905,0.3080888094556215,0.32031588958214535,0.3130357684382899,0.010665826173724673,0.29146209868200657,0.3346094381945732,0.3130357684382899,0.005472541737704673,0.30192591806889474,0.32414561880768505,0,0,0,3.0786758254788014,0.1943
1230,1504694,2.0,0.3151573904820914,0.00316957138518278,0.3089446072905712,0.3213701736736116,0.31429961777513277,0.011832542982953944,0.29036604052256715,0.3382331950276984,0.31429961777513277,0.0057951767829756895,0.3025347834424015,0.32606445210786406,0,0,0,3.342968640822661,0.1305
1231,1505694,2.0,0.3139676320692584,0.003065339511162293,0.3079591572703374,0.31997610686817934,0.31371435042221896,0.011140636891028977,0.29118028533930806,0.33624841550512985,0.31371435042221896,0.006119343101276212,0.30129142347663407,0.32613727736780385,0,0,0,3.985221290268314,0.223
1232,1506694,2.0,0.31585684293578226,0.003076218792617646,0.30982704329234834,0.3218866425792162,0.31338946856254685,0.011713348244828944,0.28969698542450284,0.33708195170059085,0.31338946856254685,0.005225581054645818,0.3027809750337956,0.3239979620912981,0,0,0,2.885590736902909,0.2227
1233,1507694,2.0,0.31395465148777507,0.003299837376883062,0.3074865295563086,0.3204227734192415,0.3159179071442217,0.012200930440949756,0.2912391959253125,0.3405966183631309,0.3159179071442217,0.006674857649465471,0.3023672257100994,0.329468588578344,0,0,0,4.091654376170803,0.1789
1234,1508694,2.0,0.30396757104804095,0.0031664919868394635,0.29776082388850816,0.31017431820757374,0.30578569984076664,0.012802596519600425,0.2798900041076766,0.3316813955738567,0.30578569984076664,0.008021800423390742,0.28950057920239913,0.32207082047913416,0,0,0,6.417810937085637,0.1846
1235,1509694,2.0,0.3115701509240667,0.0031371943062186445,0.3054208311310739,0.3177194707170595,0.31212661462866154,0.011002367381603637,0.28987222602698326,0.3343810032303398,0.31212661462866154,0.006603636451612975,0.29872051991295906,0.325532709344364,0,0,0,4.430813558770642,0.175
1236,1510694,2.0,0.32233543911093154,0.00319672257420495,0.3160694359630553,0.3286014422588078,0.3243558640219979,0.012164865406061248,0.2997501012216885,0.3489616268223073,0.3243558640219979,0.006488867888142816,0.31118276187691013,0.33752896616708566,0,0,0,4.120291747509427,0.1741
1237,1511694,2.0,0.30791321941341254,0.0031242831135822827,0.30178920728219655,0.31403723154462854,0.31042106083891535,0.011624482740855015,0.2869083251488639,0.3339337965289668,0.31042106083891535,0.006671197479445345,0.29687780994496965,0.32396431173286105,0,0,0,4.559390924849875,0.1928
1238,1512694,2.0,0.3090606449181277,0.0030609678974221808,0.30306073906593917,0.3150605507703162,0.31106680246376134,0.010112349556953365,0.290612644834674,0.33152096009284865,0.31106680246376134,0.0062632554114583185,0.29835171799630295,0.32378188693121973,0,0,0,4.186804621594939,0.2357
1239,1513694,2.0,0.3173727978829041,0.0032689052591262997,0.31096530703303304,0.3237802887327752,0.3142208329132797,0.013974883223508762,0.28595396350851443,0.34248770231804493,0.3142208329132797,0.009724621000339353,0.294478802721261,0.3339628631052984,0,0,0,8.849947640594275,0.2177
1240,1514694,2.0,0.32031904172724657,0.003356763002320055,0.3137393379678601,0.32689874548663306,0.3195666230806459,0.01304239132707509,0.2931858965678049,0.34594734959348683,0.3195666230806459,0.008432462022267159,0.3024478150745714,0.33668543108672033,0,0,0,6.310553139729793,0.2119
1241,1515694,2.0,0.31192695537595,0.003107612166655819,0.30583562052701124,0.31801829022488876,0.3119799988013661,0.012135823038216349,0.287432979734793,0.33652701786793926,0.3119799988013661,0.005691431576011085,0.3004257784358117,0.32353421916692054,0,0,0,3.3542035313108456,0.189
1242,1516694,2.0,0.32588257238815377,0.0031499444914951246,0.31970826052931106,0.3320568842469965,0.325493966942058,0.01272849984710342,0.29974814587563264,0.3512397880084834,0.325493966942058,0.007764431234600215,0.3097313335343415,0.3412566003497745,0,0,0,6.075940252575136,0.1648
1243,1517694,2.0,0.31581008299308033,0.003143860083944353,0.30964769738557196,0.3219724686005887,0.31574613956663,0.010770038646819762,0.29396168018726265,0.33753059894599735,0.31574613956663,0.005796262511101191,0.30397910108862325,0.32751317804463675,0,0,0,3.399144860524915,0.2145
1244,1518694,2.0,0.3171000437746207,0.0032013892519122704,0.31082489331523233,0.32337519423400907,0.3160794968380025,0.012499524155803363,0.2907968228232789,0.34136217085272613,0.3160794968380025,0.005458599780117465,0.30499795014724046,0.3271610435287646,0,0,0,2.9072711702533893,0.2434
1245,1519694,2.0,0.30996150325440874,0.003105226766421133,0.30387484410848536,0.3160481624003321,0.31036890743879225,0.011925100868187672,0.28624811419218654,0.33448970068539796,0.31036890743879225,0.006642528700639595,0.2968838572599934,0.3238539576175911,0,0,0,4.575939111965503,0.1878
1246,1520694,2.0,0.3065945031224099,0.0032248439787534336,0.3002733782661798,0.31291562797864,0.3067041494585699,0.011852222941504705,0.2827307657325369,0.33067753318460286,0.3067041494585699,0.006929551338638853,0.2926364123467814,0.3207718865703584,0,0,0,4.617350231644681,0.205
1247,1521694,2.0,0.3096738553439794,0.003157739091699052,0.30348426502781656,0.31586344566014224,0.3099566780744244,0.011763016916063023,0.2861637305660649,0.33374962558278387,0.3099566780744244,0.006568597622031115,0.2966217159644527,0.3232916401843961,0,0,0,4.327059134337772,0.1466
1248,1522694,2.0,0.31133040469195683,0.0030964499190590466,0.30526094933895653,0.3173998600449571,0.3098147060774654,0.010686227711920994,0.2881997703151176,0.3314296418398132,0.3098147060774654,0.005796396358759145,0.29804739587426704,0.3215820162806638,0,0,0,3.5041930939385546,0.1546
1249,1523694,2.0,0.31058665208981684,0.0032704343123656017,0.3041761640914012,0.3169971400882325,0.31077710618523124,0.011718668253173605,0.28707386231461396,0.33448035005584853,0.31077710618523124,0.007727898846155732,0.2950886374689338,0.32646557490152867,0,0,0,5.583570400340966,0.2351
1250,1524694,2.0,0.30486652185300456,0.003047356322246004,0.29889329650590263,0.3108397472001065,0.3047391430070683,0.009764848704053761,0.284987872197846,0.32449041381629057,0.3047391430070683,0.005371957906738538,0.29383348867037123,0.3156447973437653,0,0,0,3.107554292190147,0.2265
1251,1525694,2.0,0.3103659192014957,0.0032575274125830576,0.30398073045029006,0.31675110795270134,0.30933143803739166,0.01211352547319249,0.2848295200531312,0.3338333560216521,0.30933143803739166,0.0066295368326148366,0.2958727627528726,0.3227901133219107,0,0,0,4.141810431078891,0.1651
1252,1526694,2.0,0.32240385888311646,0.0031255619872086757,0.3162773399888071,0.32853037777742583,0.3229479483059455,0.010417517495742138,0.3018765302579838,0.3440193663539072,0.3229479483059455,0.0064377969131137885,0.30987852575216757,0.3360173708597234,0,0,0,4.242465426837155,0.2033
1253,1527694,2.0,0.3230511255051902,0.003259082436449301,0.31666288869954295,0.3294393623108375,0.320501350427429,0.01109691078156629,0.29805572974909683,0.34294697110576117,0.320501350427429,0.006322400345899848,0.307666195359645,0.333336505495213,0,0,0,3.7633385893814855,0.1451
1254,1528694,2.0,0.30955827706157696,0.003177885362542885,0.3033291973641509,0.315787356759003,0.3097821472067469,0.013042238628253886,0.28340172955642506,0.33616256485706875,0.3097821472067469,0.007227280732853128,0.29510998729129084,0.32445430712220297,0,0,0,5.172177204389729,0.1553
1255,1529694,2.0,0.31716973589212727,0.0031946759575946604,0.3109077443861201,0.3234317273981344,0.3150322398759002,0.011437673516103674,0.29189736150853235,0.338167118243268,0.3150322398759002,0.005892464142581461,0.3030699017031147,0.32699457804868565,0,0,0,3.4020466934227467,0.2306
1256,1530694,2.0,0.32635138084408954,0.003079431009587596,0.3203152848264229,0.3323874768617562,0.3237669176239755,0.011237550935956322,0.3010368253823661,0.34649700986558496,0.3237669176239755,0.005263415865208536,0.31308161534633705,0.334452219901614,0,0,0,2.9214227900484935,0.1727
1257,1531694,2.0,0.3213124760579031,0.0031136830040700905,0.31520924155690977,0.3274157105588964,0.32259829584882665,0.010286402943168814,0.3017920820158397,0.34340450968181363,0.32259829584882665,0.005381619643128366,0.31167302714448397,0.33352356455316934,0,0,0,2.987288778910607,0.2124
1258,1532694,2.0,0.31955309248531444,0.003152054382915082,0.3133746449575257,0.32573154001310317,0.31943701967354876,0.011758652879794206,0.2956528992617249,0.34322114008537263,0.31943701967354876,0.006468738200428511,0.30630478296708297,0.33256925638001456,0,0,0,4.211644892237051,0.1893
1259,1533694,2.0,0.31979266557859015,0.003200570273357183,0.31351912042653923,0.32606621073064107,0.32195592990884914,0.01242363953698718,0.2968267470235755,0.3470851127941228,0.32195592990884914,0.005523367714420654,0.3107428973211618,0.3331689624965365,0,0,0,2.97819533918478,0.1988
1260,1534694,2.0,0.29905554369744136,0.0031405189668025947,0.2928997071257163,0.30521138026916644,0.2990451364270179,0.010139424869257839,0.27853621380957516,0.31955405904446066,0.2990451364270179,0.00535968836302655,0.28816439058828663,0.3099258822657492,0,0,0,2.912569087677264,0.2485
1261,1535694,2.0,0.31967097523716714,0.0030862657352606214,0.31362148224444625,0.32572046822988804,0.32150507776487747,0.011291506951389127,0.2986658491807707,0.3443443063489842,0.32150507776487747,0.004906632519560635,0.31154408418590646,0.3314660713438485,0,0,0,2.5275539331507626,0.1876
1262,1536694,2.0,0.3064498600023386,0.0031471879070845677,0.3002809514170653,0.3126187685876119,0.3076429347719178,0.011071091385837117,0.2852495387508879,0.3300363307929477,0.3076429347719178,0.006002964743042921,0.2954562684540591,0.3198296010897765,0,0,0,3.6381972196708916,0.2184
1263,1537694,2.0,0.3118437668417905,0.0031929337462854243,0.30558519030261094,0.31810234338097004,0.3110949754955014,0.011647414739161699,0.2875358554606967,0.3346540955303061,0.3110949754955014,0.005607525850072641,0.2997110928094002,0.3224788581816026,0,0,0,3.0843436114038134,0.1883
1264,1538694,2.0,0.3192837425833851,0.003248912996776553,0.31291543923756193,0.32565204592920827,0.3171833790717796,0.011967980121169067,0.2929758543495105,0.34139090379404874,0.3171833790717796,0.00621174272043377,0.30457287092677565,0.3297938872167836,0,0,0,3.655533401506456,0.1642
1265,1539694,2.0,0.31181577868797444,0.0031085682276616915,0.3057225698317882,0.3179089875441607,0.3123115026959557,0.010000150586191837,0.2920842889062652,0.3325387164856462,0.3123115026959557,0.006084499736816601,0.2999593115408072,0.3246636938511042,0,0,0,3.8311481434450743,0.1482
1266,1540694,2.0,0.3138591311635313,0.003215711955183919,0.3075559062930225,0.32016235603404014,0.3158204441549222,0.011423889862766188,0.2927134458580051,0.33892744245183937,0.3158204441549222,0.007595460746240976,0.30040083907526416,0.3312400492345803,0,0,0,5.578969238158833,0.1948
1267,1541694,2.0,0.3078777435245205,0.0031877809538225768,0.3016292671466916,0.31412621990234946,0.30969045973317433,0.012372117770477156,0.2846654894572047,0.33471543000914394,0.30969045973317433,0.008473661593043144,0.292488012151827,0.32689290731452164,0,0,0,7.0658642383749575,0.2255
1268,1542694,2.0,0.3177228139119026,0.003168761620380259,0.3115116179675344,0.3239340098562708,0.3186263361206403,0.012203640998514422,0.2939421422815568,0.3433105299597238,0.3186263361206403,0.00649696095966253,0.30543680416689645,0.3318158680743841,0,0,0,4.20379351183949,0.1955
1269,1543694,2.0,0.31102996605669286,0.0031097240956996747,0.30493449154479313,0.3171254405685926,0.3110915933986212,0.011794353275722138,0.2872352621201122,0.3349479246771302,0.3110915933986212,0.007456268321345653,0.29595456396429554,0.32622862283294685,0,0,0,5.749093061811346,0.1586
1270,1544694,2.0,0.31060359206178045,0.0031699406863054704,0.3043900849907419,0.316817099132819,0.3096530701168569,0.011609209410509566,0.28617122765341385,0.3331349125802999,0.3096530701168569,0.006799425896017084,0.29584950169780194,0.32345663853591183,0,0,0,4.600893894851836,0.1885
1271,1545694,2.0,0.3112630098169988,0.003145446217213576,0.3050975151764645,0.31742850445753307,0.3099489323636631,0.011420128486736427,0.28684954216788816,0.33304832255943806,0.3099489323636631,0.005247678083202008,0.29929557948204916,0.32060228524527706,0,0,0,2.78336296070841,0.158
1272,1546694,2.0,0.31351674601579466,0.003045206723688127,0.30754773416893166,0.31948575786265765,0.31248269170214715,0.010953613216792106,0.29032691770694713,0.3346384656973472,0.31248269170214715,0.006449562755051765,0.2993893832193684,0.3255760001849259,0,0,0,4.485666542319669,0.2357
1273,1547694,2.0,0.32208613897247085,0.003077431155110736,0.316053962936647,0.3281183150082947,0.3223732285807249,0.011053406313285646,0.30001560399536503,0.3447308531660848,0.3223732285807249,0.00622156559390203,0.30974277894241486,0.335003678219035,0,0,0,4.0871697575287955,0.2474
1274,1548694,2.0,0.3138508761145738,0.003063868535418605,0.3078452846245501,0.3198564676045975,0.312652453475318,0.011352015310581746,0.289690835182486,0.33561407176815,0.312652453475318,0.007558419158475948,0.2973080468166567,0.32799686013397933,0,0,0,6.085856272332588,0.2446
1275,1549694,2.0,0.29738492715936954,0.0031309950717544437,0.2912477586937958,0.30352209562494326,0.29752302048923335,0.011236630977895186,0.27479478903844096,0.32025125194002574,0.29752302048923335,0.0069611462902808225,0.2833911422156238,0.3116548987628429,0,0,0,4.943069916023823,0.2027
1276,1550694,2.0,0.3225527025672045,0.003154845956511965,0.31636878318236855,0.3287366219520404,0.3233826575610588,0.011323293908411402,0.3004791337876075,0.34628618133451006,0.3233826575610588,0.007340976418616621,0.3084796831325264,0.33828563198959116,0,0,0,5.4144125152577365,0.1616
1277,1551694,2.0,0.3214981603092944,0.003200904654941202,0.3152239597246842,0.3277723608939046,0.32347139974698824,0.012153763792537076,0.29888809207955197,0.3480547074144245,0.32347139974698824,0.007701634877005604,0.3078362497226898,0.3391065497712867,0,0,0,5.789224281108815,0.216
1278,1552694,2.0,0.3138192069942986,0.0031228968939150197,0.30769791203875146,0.31994050194984575,0.31321951275454873,0.011518178269560335,0.28992179815334435,0.3365172273557531,0.31321951275454873,0.005528153527569287,0.30199676444964524,0.32444226105945223,0,0,0,3.133609679273047,0.2251
1279,1553694,2.0,0.30434506994801236,0.003150208622669931,0.29817024035679396,0.31051989953923076,0.30464967693587075,0.012805402573696943,0.27874830542263856,0.33055104844910294,0.30464967693587075,0.006704449391829727,0.291038921070964,0.3182604328007775,0,0,0,4.529472236003324,0.282
1280,1554694,2.0,0.31826918537786086,0.003152841011875198,0.3120891959522609,0.3244491748034608,0.3201405947179439,0.011082983543414858,0.29772314453776183,0.342558044898126,0.3201405947179439,0.006799867010691509,0.30633613078849115,0.3339450586473967,0,0,0,4.651539312151794,0.1908
1281,1555694,2.0,0.31912446822724566,0.0031219029730646386,0.3130051214892972,0.3252438149651941,0.3160933546446992,0.011342941356024505,0.29315009015735893,0.3390366191320394,0.3160933546446992,0.006056977451727106,0.30379703669871444,0.3283896725906839,0,0,0,3.7642036476548513,0.157
1282,1556694,2.0,0.3180511261092391,0.003089328087570495,0.3119956304970327,0.32410662172144544,0.3170370210998039,0.01200269635302836,0.2927592761705751,0.3413147660290327,0.3170370210998039,0.006158936405521389,0.3045337154733653,0.32954032672624256,0,0,0,3.974507983224679,0.1766
1283,1557694,2.0,0.30902545783495183,0.003153752540470577,0.30284368169157594,0.3152072339783277,0.30814098151458663,0.011332704374116006,0.28521842327760133,0.33106353975157193,0.30814098151458663,0.005624644362841838,0.29672234639999284,0.3195596166291804,0,0,0,3.180789353597635,0.217
1284,1558694,2.0,0.3211944638893541,0.0033070121207744115,0.3147122785017181,0.32767664927699003,0.3197590286219832,0.01322547246271931,0.29300798555844465,0.3465100716855217,0.3197590286219832,0.006361145843349407,0.30684521601264286,0.3326728412313235,0,0,0,3.6999779197072717,0.2105
1285,1559694,2.0,0.3133806609029547,0.003244050030072442,0.30702188962129057,0.3197394321846188,0.31267956965739563,0.011376893607495902,0.28966763025928943,0.3356915090555018,0.31267956965739563,0.005824743579156695,0.30085471153732435,0.3245044277774669,0,0,0,3.2238775350770514,0.1766
1286,1560694,2.0,0.318698419987738,0.0031901016339811765,0.3124453947668858,0.3249514452085902,0.3167873808190241,0.011824234346870438,0.29287060936922243,0.3407041522688257,0.3167873808190241,0.007290810556034885,0.3019862485058464,0.3315885131322018,0,0,0,5.223271352615877,0.1811
1287,1561694,2.0,0.297752726315368,0.0031816992896198425,0.29151617081154485,0.3039892818191911,0.2953200179659879,0.011622167577337089,0.2718119651361625,0.31882807079581327,0.2953200179659879,0.0074710255650179596,0.2801530297342839,0.3104870061976919,0,0,0,5.513687946360151,0.2031
1288,1562694,2.0,0.3053201908023753,0.0031499383061612935,0.2991458910676129,0.31149449053713774,0.30485330564005253,0.010403570255814402,0.2838100985476522,0.32589651273245285,0.30485330564005253,0.005357664508625674,0.2939766684441861,0.315729942835919,0,0,0,2.892990012378843,0.1615
1289,1563694,2.0,0.31188054744128585,0.0031970705658872596,0.30561386218324016,0.31814723269933154,0.3121033094840056,0.011219981672574928,0.28940875443190944,0.3347978645361018,0.3121033094840056,0.006130812858160723,0.29965709769403437,0.32454952127397685,0,0,0,3.6773221260711986,0.2181
1290,1564694,2.0,0.30802710438271313,0.0031349242813850874,0.3018822341415418,0.31417197462388446,0.3110433931969084,0.010647356811854402,0.2895070812511789,0.33257970514263785,0.3110433931969084,0.006738699485321296,0.2973631059456611,0.32472368044815564,0,0,0,4.620596738646999,0.2042
1291,1565694,2.0,0.3055463546095155,0.003211701632714233,0.2992509905066009,0.3118417187124301,0.30522598473263335,0.011442720323070166,0.2820808982346392,0.3283710712306275,0.30522598473263335,0.00634681736359029,0.2923412604836518,0.3181107089816149,0,0,0,3.9051850443294316,0.1856
1292,1566694,2.0,0.3166048545616802,0.003260375968269092,0.310214082260923,0.3229956268624374,0.31285733539002053,0.01084277566986696,0.2909257514945851,0.33478891928545595,0.31285733539002053,0.005969394116142017,0.30073882106798966,0.3249758497120514,0,0,0,3.3521630884352964,0.1812
1293,1567694,2.0,0.3146162061622175,0.0030589656194433597,0.3086202250422593,0.3206121872821758,0.315672931632334,0.011013480358899002,0.2933960649123858,0.3379497983522822,0.315672931632334,0.0066453030005858785,0.3021822493252188,0.3291636139394492,0,0,0,4.719330408379578,0.2248
1294,1568694,2.0,0.3156235829280229,0.003086325135986055,0.30957397350194754,0.32167319235409825,0.315079539309644,0.011376242296629719,0.29206891731211293,0.33809016130717506,0.315079539309644,0.0052644752177827756,0.3043920864319457,0.3257669921873423,0,0,0,2.909556663332146,0.187
1295,1569694,2.0,0.30782915195739163,0.0031605410898736612,0.3016340693506171,0.31402423456416617,0.306021531124478,0.010682900673304392,0.2844133249329306,0.3276297373160254,0.306021531124478,0.005884336690870142,0.29407569255584814,0.31796736969310785,0,0,0,3.4663478857930516,0.2348
1296,1570694,2.0,0.3145408810305633,0.0030636047663204374,0.30853580656319674,0.3205459554979299,0.313952605825305,0.011228235730237153,0.291241355365722,0.336663856284888,0.313952605825305,0.005977539241416117,0.3018175560198786,0.3260876556307314,0,0,0,3.8069695109252755,0.2191
1297,1571694,2.0,0.3182174672486281,0.0031650680708526905,0.31201351115458453,0.32442142334267166,0.3205184386697069,0.012395135652637359,0.29544691033249343,0.3455899670069204,0.3205184386697069,0.005180465042831253,0.31000153551423143,0.3310353418251824,0,0,0,2.6789918066958305,0.1762
1298,1572694,2.0,0.3143849753798893,0.0031172252768529676,0.308274797551193,0.32049515320858557,0.31688245735714793,0.0106924035547399,0.29525502977360674,0.3385098849406891,0.31688245735714793,0.007057242196250666,0.3025554940229566,0.33120942069133924,0,0,0,5.125469647121197,0.1666
1299,1573694,2.0,0.31735960064153335,0.0032729475189705,0.31094418642254895,0.32377501486051774,0.3191800108644399,0.013107097269936112,0.29266840422850154,0.3456916175003783,0.3191800108644399,0.00980310356909477,0.2992786525873614,0.33908136914151843,0,0,0,8.97117025539605,0.1909
1300,1574694,2.0,0.3139237481780137,0.0031362141296029326,0.3077763496620842,0.3200711466939432,0.311559029016536,0.012041954794628678,0.28720187639394745,0.3359161816391245,0.311559029016536,0.007115555433791335,0.29711368351649137,0.3260043745165806,0,0,0,5.147616668786756,0.2097
1301,1575694,2.0,0.31107638960375333,0.0031992311944375857,0.3048054692252105,0.31734730998229616,0.3098998457951368,0.01204580383396005,0.28553490775564183,0.33426478383463176,0.3098998457951368,0.006880149448087725,0.29593239985302666,0.32386729173724693,0,0,0,4.624922847601166,0.1834
1302,1576694,2.0,0.3094724375326782,0.0031101725998873846,0.3033760838926757,0.3155687911726808,0.30756846330669274,0.012073817637554543,0.28314686200103145,0.33199006461235403,0.30756846330669274,0.007296890392032913,0.292754988270253,0.3223819383431325,0,0,0,5.504357885951835,0.2553
1303,1577694,2.0,0.31563965015063344,0.003076708376865901,0.309608890856692,0.32167040944457487,0.3146810904827521,0.010769500698397948,0.29289771920677304,0.3364644617587312,0.3146810904827521,0.0063686511740575985,0.3017520412420369,0.3276101397234673,0,0,0,4.2847181233122305,0.2015
1304,1578694,2.0,0.3152969756370742,0.0031186761398897434,0.3091839539230721,0.32140999735107634,0.31632977269872564,0.011885944745328432,0.29228818018629116,0.3403713652111601,0.31632977269872564,0.007244074364154945,0.30162351989921965,0.33103602549823163,0,0,0,5.3954198400985485,0.2435
1305,1579694,2.0,0.31118022505908366,0.0030890313551993876,0.3051253110819514,0.3172351390362159,0.30943961421299165,0.010863987906970527,0.2874651245181732,0.3314141039078101,0.30943961421299165,0.006305431346697563,0.2966389080450227,0.3222403203809606,0,0,0,4.166630318545921,0.1908
1306,1580694,2.0,0.319765840210791,0.003138348607985629,0.3136142578321851,0.32591742258939693,0.3224178799994485,0.01134290813754995,0.29947468270281513,0.34536107729608184,0.3224178799994485,0.00620333530841387,0.3098244398082422,0.33501132019065477,0,0,0,3.9070426005054313,0.1276
1307,1581694,2.0,0.3166491099146649,0.0032734657276830836,0.3102326799374003,0.3230655398919295,0.3145465312724221,0.011363174675924908,0.2915623410326371,0.3375307215122071,0.3145465312724221,0.007082780804365205,0.30016772180742096,0.32892534073742324,0,0,0,4.681575229055385,0.1785
1308,1582694,2.0,0.3139603236047814,0.00314762853260473,0.3077905513346458,0.320130095874917,0.313560820270004,0.012765754560670417,0.28773964443271804,0.3393819961072899,0.313560820270004,0.007194218406816285,0.2989557804447617,0.3281658600952463,0,0,0,5.223965374306851,0.206
1309,1583694,2.0,0.31346783350811847,0.0030974651301484257,0.3073963882058079,0.31953927881042904,0.3151425765467159,0.011846723099333578,0.2911803173015041,0.3391048357919277,0.3151425765467159,0.006782550368080776,0.30137326727071784,0.32891188582271397,0,0,0,4.794829881192325,0.184
1310,1584694,2.0,0.3181895336531753,0.0031553869605538366,0.3120045538281696,0.324374513478181,0.31867106994577776,0.011668657164329726,0.29506898305046614,0.3422731568410894,0.31867106994577776,0.0071836168706398565,0.30408755238317886,0.33325458750837667,0,0,0,5.182998348069951,0.1845
1311,1585694,2.0,0.31861248163437644,0.003198007319784366,0.3123439602135948,0.3248810030551581,0.3176737344307999,0.01221515231248739,0.2929662567614656,0.34238121210013417,0.3176737344307999,0.007330483801080422,0.3027920611483158,0.33255540771328396,0,0,0,5.254197214613035,0.161
1312,1586694,2.0,0.3158658760573645,0.0031756752093367816,0.3096411285553747,0.3220906235593543,0.31720659344798674,0.011180894441507397,0.29459109978326026,0.3398220871127132,0.31720659344798674,0.005100072173567055,0.3068528964937793,0.3275602904021942,0,0,0,2.5791730761401572,0.2529
1313,1587694,2.0,0.3133089644862971,0.0031870838465918087,0.3070618545317348,0.3195560744408594,0.3135340959488434,0.012286140167758962,0.28868303178921845,0.33838516010846836,0.3135340959488434,0.005858555246969573,0.3016405964938778,0.325427595403809,0,0,0,3.379045822326782,0.1633
1314,1588694,2.0,0.3090903528579034,0.0031531170573112586,0.30290982234638464,0.3152708833694222,0.31082675796256654,0.01200975367752757,0.2865347382471534,0.33511877767797965,0.31082675796256654,0.006005784293607143,0.2986343676527533,0.32301914827237976,0,0,0,3.6279331153326475,0.1284
1315,1589694,2.0,0.31718411348058373,0.003094830018820287,0.311117833348379,0.32325039361278846,0.31548570904082074,0.011843616513943493,0.2915297334576698,0.3394416846239717,0.31548570904082074,0.006849865987136138,0.3015797417928833,0.32939167628875815,0,0,0,4.898809466170314,0.1997
1316,1590694,2.0,0.3159761432510887,0.00295922171928439,0.31017567349562003,0.32177661300655735,0.3189999388823448,0.01078863152918608,0.2971778718486378,0.3408220059160518,0.3189999388823448,0.005771479607628716,0.3072832123731626,0.330716665391527,0,0,0,3.8038144100162863,0.2186
1317,1591694,2.0,0.31441507773057986,0.003258512458149344,0.3080279581585176,0.32080219730264214,0.31853919810216785,0.012694184520036811,0.2928627863362182,0.3442156098681175,0.31853919810216785,0.006710825475189083,0.3049154980998821,0.3321628981044536,0,0,0,4.2414379461346385,0.1709
1318,1592694,2.0,0.3270135507419279,0.003182751632084601,0.32077493250634004,0.33325216897751575,0.32529009425821903,0.010917485119193519,0.30320739623798987,0.3473727922784482,0.32529009425821903,0.005997908244746287,0.3131136931776415,0.3374664953387966,0,0,0,3.55135540071086,0.2621
1319,1593694,2.0,0.30790058092309724,0.00318457957926299,0.30165837966692877,0.3141427821792657,0.3071310909807464,0.011443160869675664,0.2839851133931335,0.33027706856835937,0.3071310909807464,0.006832408925067494,0.2932605634529185,0.32100161850857434,0,0,0,4.603026665894141,0.1765
1320,1594694,2.0,0.3161170798852433,0.0032133696995927294,0.30981844614848686,0.3224157136219997,0.3145562560687253,0.010885001245103795,0.292539262885665,0.33657324925178556,0.3145562560687253,0.007078563873658909,0.30018600742818385,0.3289265047092667,0,0,0,4.852537744883848,0.1662
1321,1595694,2.0,0.3089133100264594,0.0031343971540472534,0.3027694730252648,0.31505714702765397,0.3086006405935309,0.011557498124437276,0.2852233940788897,0.33197788710817205,0.3086006405935309,0.006245011353063076,0.2959225935336641,0.3212786876533976,0,0,0,3.9697066590957495,0.226
1322,1596694,2.0,0.3058299778750088,0.003057328323529589,0.29983720607369224,0.3118227496763254,0.3055162962364411,0.010320771547025511,0.28464056534049886,0.32639202713238336,0.3055162962364411,0.004748015801674856,0.29587731171400306,0.31515528075887916,0,0,0,2.411793675113151,0.237
1323,1597694,2.0,0.3080411526977772,0.0030654849900204153,0.3020323927408665,0.3140499126546879,0.30999895281238743,0.010906570959765539,0.2879383307633331,0.3320595748614418,0.30999895281238743,0.005507327344579233,0.2988184839066872,0.32117942171808767,0,0,0,3.227627400979633,0.1822
1324,1598694,2.0,0.3154853192022037,0.003159482875000852,0.3092923108378979,0.3216783275665095,0.31510873772746756,0.012222036035285466,0.29038733641453357,0.33983013904040155,0.31510873772746756,0.007350927967770681,0.3001855605800991,0.330031914874836,0,0,0,5.413178181688639,0.2014
1325,1599694,2.0,0.31433495941485823,0.003190548670574871,0.3080810579425834,0.32058886088713306,0.3127135509880691,0.011764367974005603,0.2889178707070767,0.33650923126906146,0.3127135509880691,0.007163572731756306,0.2981707251907326,0.32725637678540553,0,0,0,5.041138173692711,0.1654
1326,1600694,2.0,0.3197423222236816,0.003153675618661398,0.31356069685732413,0.32592394759003906,0.3204991471543489,0.011396900198770358,0.29744674060573095,0.34355155370296686,0.3204991471543489,0.006690506067372667,0.30691669774296865,0.33408159656572917,0,0,0,4.500739704091493,0.1899
1327,1601694,2.0,0.3156661106599895,0.003160006375966168,0.3094720761638814,0.3218601451560976,0.31224234314976923,0.011639177806661604,0.2886998838835414,0.33578480241599706,0.31224234314976923,0.007244057411461075,0.29753612476606145,0.326948561533477,0,0,0,5.25518306530561,0.1818
1328,1602694,2.0,0.3112310887821925,0.0031842376865371647,0.30498955768142433,0.3174726198829607,0.3108294945242915,0.012942921416589955,0.28464996489620564,0.3370090241523773,0.3108294945242915,0.007919853191075531,0.29475133777051027,0.3269076512780727,0,0,0,6.186190736527433,0.2059
1329,1603694,2.0,0.326062657054247,0.003261030612989748,0.3196706015624136,0.33245471254608033,0.32368075469670393,0.011088003794849775,0.30125315009952813,0.34610835929387973,0.32368075469670393,0.006079033385015362,0.3113396608256857,0.33602184856772216,0,0,0,3.4750359784717793,0.1945
1330,1604694,2.0,0.3105367898426446,0.0032796770560445236,0.3041081848323073,0.3169653948529819,0.30866938477777145,0.011763147862946981,0.28487617240433877,0.33246259715120413,0.30866938477777145,0.007122021825623997,0.2942109118044002,0.3231278577511427,0,0,0,4.715681199965049,0.2032
1331,1605694,2.0,0.31322199022494923,0.0030612469413892444,0.3072215374093207,0.3192224430405778,0.31378333341639814,0.011674083662652114,0.2901702703922022,0.33739639644059405,0.31378333341639814,0.006936911801889796,0.2997006537698083,0.32786601306298796,0,0,0,5.1349428819538785,0.2174
1332,1606694,2.0,0.3181148545024195,0.003181488546257595,0.31187871208372986,0.32435099692110914,0.31517019432615545,0.011102358167168229,0.2927135552704283,0.3376268333818826,0.31517019432615545,0.006266694073814691,0.3024481290029848,0.3278922596493261,0,0,0,3.879861829802225,0.1512
1333,1607694,2.0,0.31569629470681115,0.0032366648655628273,0.3093519993338287,0.32204059007979363,0.31768710224341573,0.012964102486211451,0.2914647298581298,0.34390947462870164,0.31768710224341573,0.00751481227524868,0.3024312222641204,0.33294298222271107,0,0,0,5.390645903634038,0.1698
1334,1608694,2.0,0.3122245329704959,0.0031329700689527525,0.3060834932466649,0.3183655726943269,0.3104895635234212,0.011642996807441098,0.2869393795989931,0.3340397474478493,0.3104895635234212,0.006615797953896536,0.29705877964551347,0.32392034740132897,0,0,0,4.4591489061019995,0.1625
1335,1609694,2.0,0.3106422230264029,0.0032573612535416636,0.3042573599691079,0.31702708608369784,0.3123705127348191,0.012794311915083878,0.2864915741960608,0.33824945127357736,0.3123705127348191,0.007777327081547499,0.2965816993659734,0.3281593261036648,0,0,0,5.700709041703518,0.2421
1336,1610694,2.0,0.3077106277256986,0.0031690308948648404,0.3014989039673807,0.31392235148401654,0.30857138539332996,0.011255986834672828,0.2858040030267839,0.33133876775987603,0.30857138539332996,0.0060348192782503215,0.29632005093099595,0.32082271985566396,0,0,0,3.6263990456704707,0.1751
1337,1611694,2.0,0.31861936996136747,0.003110466252079624,0.31252244072385266,0.3247162991988823,0.3172501779059057,0.011327741383320317,0.29433765826533903,0.3401626975464724,0.3172501779059057,0.0060111526699705336,0.3050468892126753,0.3294534665991361,0,0,0,3.7347757396763566,0.2058
1338,1612694,2.0,0.3154301532594355,0.0030883172978374003,0.3093766389300907,0.32148366758878033,0.3173814036358797,0.011600723056472709,0.29391672644369127,0.3408460808280681,0.3173814036358797,0.006718834216673056,0.303741445024012,0.33102136224774736,0,0,0,4.733081934501907,0.1326
1339,1613694,2.0,0.31137531713876787,0.0031843176463731897,0.30513362930604293,0.3176170049714928,0.3128090877518726,0.011623544567787799,0.2892982496959656,0.3363199258077796,0.3128090877518726,0.007158613282060951,0.29827633017268246,0.32734184533106275,0,0,0,5.0538812902919,0.2088
1340,1614694,2.0,0.30626594554449105,0.003138303800323908,0.3001144509948859,0.3124174400940962,0.3059847032927759,0.01125921585920424,0.2832107896076296,0.3287586169779222,0.3059847032927759,0.005028376994407063,0.2957765552901985,0.3161928512953533,0,0,0,2.5672354200294456,0.2011
1341,1615694,2.0,0.3179122682908682,0.0031234151641330783,0.3117899574564819,0.3240345791252545,0.31738742646537105,0.01173685986086372,0.29364738659505807,0.341127466335684,0.31738742646537105,0.006800083589729701,0.30358252285709575,0.33119233007364635,0,0,0,4.73989884750892,0.1773
1342,1616694,2.0,0.31561569276512735,0.003114874923694829,0.30951012194249605,0.32172126358775865,0.31268596933379944,0.010754256915366585,0.2909334315193449,0.33443850714825396,0.31268596933379944,0.006007961406725721,0.30048915924938346,0.3248827794182154,0,0,0,3.7202578653858955,0.1732
1343,1617694,2.0,0.31247067568353176,0.0031345236314729847,0.3063265907696925,0.31861476059737104,0.31066228150311076,0.010842290362667314,0.2887316792341415,0.33259288377208,0.31066228150311076,0.00614613136374649,0.2981849714935009,0.3231395915127206,0,0,0,3.844683377331329,0.1699
1344,1618694,2.0,0.32145208242465817,0.003045561901696159,0.31548237438146765,0.3274217904678487,0.3224976050075544,0.011014460510304034,0.300218755744259,0.34477645427084985,0.3224976050075544,0.005458866907925199,0.31141551601851203,0.3335796939965968,0,0,0,3.2126998261179405,0.1845
1345,1619694,2.0,0.32585229871770965,0.00311993403655883,0.3197368113582518,0.3319677860771675,0.3276661023082519,0.01102034562110106,0.3053753492847839,0.3499568553317199,0.3276661023082519,0.0069327073379627634,0.31359195817721436,0.3417402464392894,0,0,0,4.937588693960424,0.1851
1346,1620694,2.0,0.32310378225328046,0.0031869159184745527,0.31685700146025375,0.32935056304630717,0.32352351836972887,0.010936231433338954,0.30140290235009354,0.3456441343893642,0.32352351836972887,0.00537748584135394,0.31260664172914226,0.33444039501031547,0,0,0,2.84719583840083,0.1895
1347,1621694,2.0,0.30430547188451335,0.0032083544438423926,0.29801666871878385,0.31059427505024284,0.3030780186077194,0.011679641569158563,0.27945371365649846,0.3267023235589403,0.3030780186077194,0.007098581940802646,0.28866713113036124,0.3174889060850775,0,0,0,4.895291046530668,0.1206
1348,1622694,2.0,0.3142333759712567,0.0031206651547261623,0.3081164555225546,0.3203502964199588,0.3153746315587117,0.012290883293513334,0.2905139735216908,0.3402352895957326,0.3153746315587117,0.00543318032203593,0.30434468911133283,0.3264045740060906,0,0,0,3.0311951323913724,0.2398
1349,1623694,2.0,0.31760992935652443,0.0030614287979400813,0.3116091200777704,0.32361073863527845,0.3163719646008207,0.010720824868966425,0.294687049483058,0.33805687971858334,0.3163719646008207,0.005015920379621562,0.30618910487067846,0.3265548243309629,0,0,0,2.684435304674318,0.1916
1350,1624694,2.0,0.31972288681448807,0.0031389158752682905,0.3135701925162531,0.325875581112723,0.3208436208538274,0.010215462539549249,0.30018089753110544,0.34150634417654935,0.3208436208538274,0.005439713048922411,0.3098004162658032,0.3318868254418516,0,0,0,3.0032579025053945,0.234
1351,1625694,2.0,0.3144921996929014,0.0030472199172139293,0.30851924171787837,0.3204651576679244,0.31730233408064734,0.010691608119934365,0.2956765154158648,0.33892815274542987,0.31730233408064734,0.005718073042225093,0.30569402866331163,0.32891063949798305,0,0,0,3.521208980529309,0.2001
1352,1626694,2.0,0.3149816649609838,0.0031265792979311424,0.30885315200180286,0.3211101779201647,0.31348369386268504,0.012036247362125906,0.28913808561199655,0.33782930211337353,0.31348369386268504,0.006377095980962213,0.3005375007525203,0.3264298869728498,0,0,0,4.160131044820821,0.1927
1353,1627694,2.0,0.3219456290735209,0.003237308235783662,0.31560007260898754,0.3282911855380543,0.3205681528032823,0.011417343092044634,0.2974743966000592,0.34366190900650545,0.3205681528032823,0.00603884447600715,0.3083086467550694,0.33282765885149523,0,0,0,3.4796822330940547,0.1467
1354,1628694,2.0,0.32948780391833166,0.0030242056309103056,0.32355995701787865,0.33541565081878466,0.3289122591560203,0.01087661622778554,0.306912226271354,0.3509122920406866,0.3289122591560203,0.004177234843118679,0.3204320215828415,0.3373924967291991,0,0,0,1.907897980792696,0.1792
1355,1629694,2.0,0.313745253629126,0.0032166425005857834,0.30744020476536094,0.320050302492891,0.31405959346143203,0.011899652074061299,0.2899902752596316,0.33812891166323245,0.31405959346143203,0.006737950287486769,0.30038082716264847,0.3277383597602156,0,0,0,4.387832223062541,0.2416
1356,1630694,2.0,0.30947055255928435,0.0031191491541820533,0.30335660367410117,0.31558450144446754,0.30794576140209307,0.011205135849399729,0.28528123486173385,0.3306102879424523,0.30794576140209307,0.006431831136289,0.2948884500191454,0.32100307278504076,0,0,0,4.252036482049676,0.1814
1357,1631694,2.0,0.3143988207610865,0.0032366048666202765,0.3080546429940439,0.3207429985281291,0.3125123483411294,0.012115439506363297,0.2880065588593537,0.3370181378229051,0.3125123483411294,0.007168724841839395,0.2979590632042661,0.3270656334779927,0,0,0,4.90573920230128,0.172
1358,1632694,2.0,0.31761504925757134,0.0031304998955388142,0.31147885140350795,0.3237512471116347,0.3167907948105167,0.010785404014755586,0.29497525604094255,0.33860633358009085,0.3167907948105167,0.005605029857938429,0.305411979257836,0.3281696103631974,0,0,0,3.205741309322693,0.2159
1359,1633694,2.0,0.2935564667110144,0.0032020766660216813,0.28727996882817164,0.2998329645938571,0.29234698607041626,0.012456303304485628,0.26715173447920926,0.31754223766162326,0.29234698607041626,0.006208120152678254,0.2797438321289334,0.30495014001189913,0,0,0,3.7588654109492423,0.1826
1360,1634694,2.0,0.3161613135228489,0.003039402727995505,0.310203678282631,0.32211894876306674,0.3158423501320316,0.011638949071783918,0.292300353525764,0.3393843467382992,0.3158423501320316,0.005504201945230552,0.3046682261243281,0.3270164741397351,0,0,0,3.2795346294178582,0.1324
1361,1635694,2.0,0.318336477474169,0.0030568068860868866,0.3123447277598748,0.32432822718846316,0.3169089610872182,0.00989852104115776,0.2968873124554756,0.3369306097189608,0.3169089610872182,0.0050913902760054575,0.3065728893220828,0.3272450328523536,0,0,0,2.774193638426847,0.2091
1362,1636694,2.0,0.3162443792163794,0.00315272081631774,0.3100646253901234,0.32242413304263534,0.3185681247948202,0.012406135258896653,0.29347434765390207,0.34366190193573837,0.3185681247948202,0.007297900866827572,0.3037525983854885,0.3333836512041519,0,0,0,5.358273667069201,0.2095
1363,1637694,2.0,0.3053917627213016,0.0032842269138129146,0.29895423938213295,0.3118292860604702,0.30464478910453596,0.013612551786310954,0.2771108042078346,0.3321787740012373,0.30464478910453596,0.009707309795947063,0.28493790252580165,0.3243516756832703,0,0,0,8.736379035928607,0.1942
1364,1638694,2.0,0.3100508916473134,0.003109467251920008,0.3039559205835217,0.3161458627111051,0.3097588530255687,0.011656459042883779,0.2861814391597473,0.3333362668913901,0.3097588530255687,0.005005543484926539,0.2995970595116175,0.3199206465395199,0,0,0,2.5913764198112665,0.2255
1365,1639694,2.0,0.32203590971751517,0.0031794228338611606,0.3158038163709856,0.32826800306404474,0.3235292540051854,0.011796092975007656,0.299669403852728,0.3473891041576428,0.3235292540051854,0.0076891881457537,0.30791937218868226,0.33913913582168853,0,0,0,5.848768038602088,0.1674
1366,1640694,2.0,0.32689390011623326,0.0032205235032361544,0.3205812439689897,0.33320655626347684,0.32706792719102096,0.011218134121381599,0.30437710916394783,0.3497587452180941,0.32706792719102096,0.006848229169910566,0.31316528285871026,0.34097057152333166,0,0,0,4.521719568701444,0.1392
1367,1641694,2.0,0.3151806298992695,0.0030549444487706365,0.3091925308108321,0.3211687289877069,0.31490440898612065,0.010839220650722185,0.29298001579562993,0.3368288021766114,0.31490440898612065,0.005092292456509654,0.304566505697191,0.3252423122750503,0,0,0,2.778561671904652,0.2037
1368,1642694,2.0,0.3220434296960214,0.003228584591615037,0.315714972739047,0.3283718866529958,0.32297796055232936,0.011705752353719227,0.29930084155426256,0.34665507955039615,0.32297796055232936,0.005887730273954101,0.3110252326437756,0.33493068846088314,0,0,0,3.325611188566986,0.1827
1369,1643694,2.0,0.30268872523504387,0.0031793828756839448,0.2964567102118778,0.3089207402582099,0.3007395631346504,0.012915353620902358,0.2746157946365873,0.32686333163271347,0.3007395631346504,0.0074011362144453426,0.28571445782764415,0.3157646684416566,0,0,0,5.4188999544292535,0.2224
1370,1644694,2.0,0.3220378645626267,0.0031123735259295437,0.31593719681366145,0.3281385323115919,0.3221898105135629,0.011538380693174076,0.29885123265355223,0.3455283883735735,0.3221898105135629,0.007203419328157934,0.3075660918249577,0.33681352920216806,0,0,0,5.35665860715779,0.1783
1371,1645694,2.0,0.3124241489802951,0.0032288340733949697,0.30609520300571524,0.3187530949548749,0.3141302897936157,0.0134832478128896,0.28685784686987836,0.341402732717353,0.3141302897936157,0.007360424009800684,0.29918783465603516,0.3290727449311962,0,0,0,5.196539244165274,0.2006
1372,1646694,2.0,0.3126828847775923,0.0032006699475659976,0.30640914425078125,0.3189566253044034,0.31107780666045964,0.011306722890268243,0.28820780093494225,0.33394781238597704,0.31107780666045964,0.0062951403633776,0.298297992299318,0.32385762102160126,0,0,0,3.8683793111364775,0.2066
1373,1647694,2.0,0.3103112485979334,0.003190483283451193,0.3040574752931531,0.31656502190271374,0.31261750612911693,0.011869371850717979,0.28860943546012974,0.3366255767981041,0.31261750612911693,0.005884548633444433,0.30067123729418666,0.3245637749640472,0,0,0,3.40183594690921,0.1775
1374,1648694,2.0,0.3143954481187637,0.003258006396904447,0.3080093204943228,0.3207815757432046,0.3154276590407203,0.012388457028977878,0.29036963949494116,0.3404856785864994,0.3154276590407203,0.007051550024272463,0.3011122514299909,0.3297430666514497,0,0,0,4.684522367879586,0.1601
1375,1649694,2.0,0.3051724715470948,0.003177061377480258,0.29894500697042964,0.31139993612376,0.3057527821018537,0.012005806366362434,0.28146874657689286,0.3300368176268145,0.3057527821018537,0.007214372572354588,0.29110682714536484,0.32039873705834254,0,0,0,5.156391973259872,0.2275
1376,1650694,2.0,0.31240802528047196,0.003167396781441481,0.3061995046026895,0.3186165459582544,0.3113572466678443,0.012148419807974379,0.2867847482294598,0.3359297451062288,0.3113572466678443,0.007320078669374677,0.29649669692573055,0.32621779640995807,0,0,0,5.341048907713872,0.1843
1377,1651694,2.0,0.3185476668360374,0.0030842986225004245,0.3125020296470222,0.32459330402505265,0.3170668227701038,0.010548171332813815,0.29573113239222926,0.3384025131479783,0.3170668227701038,0.005362143354449883,0.3061810930338202,0.3279525525063874,0,0,0,3.02248393450238,0.2002
1378,1652694,2.0,0.3184679794167176,0.003208380691659828,0.3121791248017607,0.32475683403167455,0.3197809270170258,0.012167342436165154,0.2951701539504166,0.344391700083635,0.3197809270170258,0.006190130832594014,0.30721429333686984,0.3323475606971818,0,0,0,3.7224413887557444,0.1622
1379,1653694,2.0,0.3067695805842383,0.0031204355592968657,0.3006531101732387,0.3128860509952379,0.3054974956592408,0.012760941882527146,0.2796860543823363,0.33130893693614527,0.3054974956592408,0.007415538485158844,0.29044315218827427,0.3205518391302073,0,0,0,5.647483226004865,0.1628
1380,1654694,2.0,0.30791242822763987,0.0030199255094059104,0.3019929709369191,0.3138318855183606,0.30862238692310207,0.010000757038306147,0.28839394646822647,0.32885082737797766,0.30862238692310207,0.005825688101865661,0.2967956113199909,0.32044916252621325,0,0,0,3.721362677835477,0.203
1381,1655694,2.0,0.32865409969874326,0.0031936268998176013,0.32239416448607433,0.3349140349114122,0.32929640823861445,0.01287074870534438,0.30326286169823946,0.35532995477898943,0.32929640823861445,0.007475853352914936,0.31411961907642494,0.34447319740080395,0,0,0,5.47965469489819,0.1885
1382,1656694,2.0,0.3210182910457269,0.003139811233779557,0.3148638417252403,0.32717274036621347,0.3209678343829923,0.012434843276908846,0.29581598979470863,0.346119678971276,0.3209678343829923,0.006266330378912128,0.3082465073997268,0.3336891613662578,0,0,0,3.9830843067128887,0.1684
1383,1657694,2.0,0.32548800318423604,0.0031059929068975984,0.3193998423006655,0.3315761640678066,0.32476808557565895,0.01018524483485164,0.30416648332985324,0.34536968782146465,0.32476808557565895,0.005410188152615693,0.31378481971370775,0.33575135143761015,0,0,0,3.0340575823234865,0.2105
1384,1658694,2.0,0.32091982384870715,0.003195910889774095,0.3146554117107108,0.3271842359867035,0.3204475509274948,0.011256194128274066,0.29767974927006374,0.3432153525849258,0.3204475509274948,0.006995296791656022,0.30624634345028967,0.3346487584046999,0,0,0,4.790964658493793,0.1801
1385,1659694,2.0,0.31034950809891015,0.003085573607678915,0.3043013717686787,0.3163976444291416,0.3140924689136982,0.011112811292902912,0.2916146864154615,0.33657025141193486,0.3140924689136982,0.0059488313364513485,0.3020156992537442,0.32616923857365215,0,0,0,3.7169908270123955,0.191
1386,1660694,2.0,0.31524912847352354,0.003040436717618369,0.30928946647556194,0.32120879047148515,0.31752075928027473,0.011306606235022122,0.2946509895122645,0.340390529048285,0.31752075928027473,0.006363353441216403,0.30460246500900223,0.33043905355154723,0,0,0,4.380262673141199,0.178
1387,1661694,2.0,0.31414024730015583,0.0031393065273057352,0.3079867872717583,0.32029370732855333,0.3133440753799473,0.011557789899150387,0.28996623869524324,0.33672191206465135,0.3133440753799473,0.006780439385568494,0.29957905162628384,0.32710909913361075,0,0,0,4.6649632817563225,0.1631
1388,1662694,2.0,0.3231909333658662,0.00302269838318561,0.31726604087223714,0.3291158258594952,0.32102803812020037,0.010307858180139039,0.3001784269742065,0.34187764926619424,0.32102803812020037,0.005456621040598032,0.3099505084842247,0.33210556775617606,0,0,0,3.258801887561323,0.2325
1389,1663694,2.0,0.3111939930046957,0.003185736052296919,0.30494952490694094,0.31743846110245044,0.3108686810991679,0.012860285047381816,0.28485629930474415,0.3368810628935916,0.3108686810991679,0.006944781305496291,0.2967700255109151,0.32496733668742067,0,0,0,4.752231268778136,0.2074
1390,1664694,2.0,0.3230811391213646,0.003133841872104747,0.3169383905469318,0.3292238876957974,0.3261442265144664,0.010847104022677682,0.304203887699102,0.3480845653298308,0.3261442265144664,0.006153109161639074,0.3136527508220331,0.3386357022068997,0,0,0,3.8550949748967636,0.2116
1391,1665694,2.0,0.3163033423134343,0.0029798542237184054,0.31046243009393226,0.3221442545329364,0.31546773869001754,0.009582098764826023,0.29608611452350847,0.3348493628565266,0.31546773869001754,0.004670810300750452,0.3059854896671107,0.3249499877129244,0,0,0,2.456939267112827,0.1938
1392,1666694,2.0,0.3122197934188798,0.003157083426512804,0.30603148829404203,0.31840809854371754,0.31150144114235895,0.012419064586447771,0.28638151196800093,0.33662137031671696,0.31150144114235895,0.0068826244729482166,0.29752897063265693,0.32547391165206097,0,0,0,4.752652182216743,0.1575
1393,1667694,2.0,0.3163403023831019,0.0031492860955145354,0.3101672810683058,0.322513323697898,0.3171508832605744,0.012409631861014615,0.29205003357430126,0.3422517329468475,0.3171508832605744,0.006061164250979837,0.3048460656602327,0.3294557008609161,0,0,0,3.7041441110210127,0.1816
1394,1668694,2.0,0.31708105372216105,0.003053631423912731,0.31109552833779147,0.32306657910653064,0.3172929322786582,0.01105138831472229,0.29493938948066906,0.3396464750766473,0.3172929322786582,0.005517145101078216,0.30609253226765176,0.3284933322896646,0,0,0,3.2643414514701043,0.1837
1395,1669694,2.0,0.316045807131053,0.003113868921867784,0.30994220820634805,0.322149406055758,0.31697776780496234,0.01119240568460065,0.29433899045335277,0.3396165451565719,0.31697776780496234,0.006278055142859058,0.30423263828545133,0.32972289732447335,0,0,0,4.064897490391166,0.1936
1396,1670694,2.0,0.3123549933418998,0.0032272021174520357,0.3060292462189057,0.3186807404648939,0.3124228667083145,0.01206481178711372,0.2880194814545671,0.3368262519620619,0.3124228667083145,0.007472102914279594,0.297253691341333,0.32759204207529596,0,0,0,5.360846327948111,0.1683
1397,1671694,2.0,0.31302786244885067,0.0031951230049006626,0.3067649946704234,0.31929073022727794,0.31281017688252655,0.012623547386206291,0.2872766422057933,0.3383437115592598,0.31281017688252655,0.009112061735787746,0.2943117081099973,0.3313086456550558,0,0,0,8.133138025873352,0.2075
1398,1672694,2.0,0.3238310929854709,0.0031168679731146433,0.3177216155198174,0.3299405704511244,0.32225553773753585,0.0112649320741453,0.2994700619163313,0.3450410135587404,0.32225553773753585,0.005328558395017237,0.31143798909366643,0.33307308638140526,0,0,0,2.922689276483505,0.137
1399,1673694,2.0,0.3213004547550215,0.003135208251734575,0.3151550278940427,0.3274458816160003,0.3209938217786663,0.012127394192173934,0.29646385166244954,0.3455237918948831,0.3209938217786663,0.00701231127467634,0.30675807306458663,0.335229570492746,0,0,0,5.0025286562280495,0.1559
1400,1674694,2.0,0.31683507853909704,0.003299803106767238,0.31036702378163417,0.3233031332965599,0.31860555147444153,0.011863335453844942,0.29460969057059916,0.3426014123782839,0.31860555147444153,0.006496708665560189,0.3054165317049551,0.33179457124392797,0,0,0,3.876240632830056,0.2151
1401,1675694,2.0,0.3087658339133639,0.0031073313971510257,0.30267504941014955,0.3148566184165782,0.3081759924321983,0.011194776197208434,0.28553242026626113,0.33081956459813544,0.3081759924321983,0.006002652388572871,0.29598996022762564,0.32036202463677094,0,0,0,3.7317388335865957,0.2252
1402,1676694,2.0,0.32050022684429513,0.003035154254497164,0.31455091917949124,0.326449534509099,0.32110153582291906,0.01079101147922833,0.29927465488587146,0.34292841675996666,0.32110153582291906,0.005390563830442981,0.3101581094529972,0.3320449621928409,0,0,0,3.1543279921514453,0.2269
1403,1677694,2.0,0.32313707708565304,0.003270591848175136,0.31672628029601274,0.32954787387529333,0.32524517232868594,0.012009444109241376,0.30095377877423446,0.3495365658831374,0.32524517232868594,0.006689897595545284,0.31166395818078657,0.3388263864765853,0,0,0,4.183947630795648,0.2084
1404,1678694,2.0,0.32262270893870165,0.003176392449435665,0.316396555550335,0.3288488623270683,0.32293153542977565,0.012064867393077605,0.29852803770235,0.3473350331572013,0.32293153542977565,0.0077599222280163,0.3071780557920737,0.3386850150674776,0,0,0,5.9682420380737975,0.1616
1405,1679694,2.0,0.3119290529943074,0.0031508530244050755,0.3057529602896323,0.3181051456989825,0.3136999479098184,0.011867405247699891,0.28969585507089923,0.3377040407487376,0.3136999479098184,0.005876527604617887,0.30176996262910166,0.3256299331905352,0,0,0,3.4784460368623966,0.1659
1406,1680694,2.0,0.319248094419573,0.0031281673965567287,0.31311646857500525,0.3253797202641408,0.31869220387623076,0.011509881623357926,0.29541127082596674,0.3419731369264948,0.31869220387623076,0.005538459710559988,0.3074485329075278,0.3299358748449337,0,0,0,3.134714776253623,0.2246
1407,1681694,2.0,0.31158869682438534,0.0032175702229428524,0.3052818295009089,0.3178955641478618,0.3113808511302686,0.012274804101352182,0.2865527163292335,0.33620898593130366,0.3113808511302686,0.0075424861629121145,0.2960687901722222,0.32669291208831497,0,0,0,5.495066797734708,0.2
1408,1682694,2.0,0.3030667320541699,0.003069688998721313,0.2970497316787862,0.3090837324295536,0.3031908074605998,0.010777607535307814,0.2813910385592129,0.3249905763619867,0.3031908074605998,0.004956800777904509,0.2931279669026184,0.3132536480185812,0,0,0,2.6074390953071096,0.1969
1409,1683694,2.0,0.31620362617401004,0.0032024474739388077,0.30992640145813066,0.3224808508898894,0.31640627709376473,0.01177998524076353,0.2925790079091053,0.34023354627842417,0.31640627709376473,0.006178690075959393,0.30386286938435786,0.3289496848031716,0,0,0,3.7224493097357816,0.2064
1410,1684694,2.0,0.3041857244203564,0.0031313993133445586,0.2980477635872821,0.31032368525343074,0.3065934005855277,0.01127406695221372,0.2837894477293985,0.3293973534416569,0.3065934005855277,0.0056012037613445125,0.29522235242187655,0.31796444874917884,0,0,0,3.1995274429377423,0.204
1411,1685694,2.0,0.3209722222787129,0.0031300362408863097,0.31483693324968665,0.3271075113077392,0.32002254034539873,0.010521778609259055,0.29874023428981344,0.341304846400984,0.32002254034539873,0.0061629152816373425,0.3075111571710116,0.3325339235197859,0,0,0,3.876802380482119,0.1586
1412,1686694,2.0,0.3164822138504438,0.003246415880274874,0.3101188051864383,0.32284562251444926,0.31668382521240224,0.012246774763717673,0.29191238509809514,0.34145526532670933,0.31668382521240224,0.007822173342162543,0.3008039690943296,0.33256368133047487,0,0,0,5.805592693213097,0.1819
1413,1687694,2.0,0.31463327008412617,0.002961104237726629,0.3088291103411121,0.32043742982714024,0.3136210658229429,0.009612294788664419,0.29417836443319473,0.3330637672126911,0.3136210658229429,0.005314549022538459,0.3028319577172125,0.32441017392867333,0,0,0,3.221257503595502,0.1744
1414,1688694,2.0,0.3221599107755081,0.00322463976910018,0.3158391861974693,0.3284806353535469,0.3248636172650611,0.011847924471964337,0.3008989280143375,0.34882830651578467,0.3248636172650611,0.007505012002217997,0.30962763289774436,0.3400996016323778,0,0,0,5.416769689990561,0.2028
1415,1689694,2.0,0.3153894449142847,0.0031450062291750675,0.30922481270906355,0.3215540771195059,0.31790160828636943,0.011325556137803517,0.29499350872206764,0.3408097078506712,0.31790160828636943,0.005707455662338764,0.3063148572961182,0.3294883592766207,0,0,0,3.2933817372579375,0.2255
1416,1690694,2.0,0.32440686417543835,0.0031059342793059623,0.31831881820977675,0.33049491014109994,0.3218412513655117,0.011561486404342895,0.2984559377933189,0.34522656493770454,0.3218412513655117,0.006565918800748792,0.3085117275518636,0.33517077517915983,0,0,0,4.468960245484785,0.1894
1417,1691694,2.0,0.3209722051347869,0.0030643489989213898,0.31496567187213487,0.32697873839743896,0.3225689095782997,0.0098097360255445,0.30272684559147334,0.34241097356512606,0.3225689095782997,0.005192554230631787,0.31202746406682424,0.33311035508977516,0,0,0,2.871346675466786,0.2386
1418,1692694,2.0,0.3149945899045238,0.0031539793715974957,0.30881236914184723,0.32117681066720033,0.3145800260173607,0.012173871748546115,0.2899560461698844,0.33920400586483695,0.3145800260173607,0.007726482115447337,0.2988944334173066,0.33026561861741477,0,0,0,6.001307917490126,0.1955
1419,1693694,2.0,0.3225873295263132,0.003189978049399718,0.3163345465477446,0.32884011250488177,0.32436086521263063,0.011635282894525102,0.30082628414981566,0.3478954462754456,0.32436086521263063,0.006656874765778521,0.310846690973254,0.33787503945200725,0,0,0,4.354771622567711,0.1564
1420,1694694,2.0,0.3178934050429298,0.0030902683578590334,0.31183606637539063,0.32395074371046895,0.32054960013113143,0.009535961928504325,0.3012612965245295,0.33983790373773337,0.32054960013113143,0.004888730394605455,0.31062494979796446,0.3304742504642984,0,0,0,2.502648083940011,0.2199
1421,1695694,2.0,0.31039600934909556,0.0031640228973748917,0.30419410193464486,0.31659791676354626,0.30925495708398876,0.011059481761478585,0.2868850437447339,0.3316248704232436,0.30925495708398876,0.006147370053266613,0.2967751324009635,0.32173478176701403,0,0,0,3.7748480870004575,0.2038
1422,1696694,2.0,0.32331070853526034,0.003255829058977458,0.31692884878392624,0.32969256828659443,0.323038545388199,0.013265516005493352,0.29620650661428527,0.3498705841621127,0.323038545388199,0.008243696777346023,0.306302951202417,0.33977413957398095,0,0,0,6.410926945663953,0.1725
1423,1697694,2.0,0.3110156887330378,0.0032806294243811914,0.3045852169535777,0.3174461605124979,0.31342405365611986,0.012897390334102338,0.2873366193351612,0.33951148797707853,0.31342405365611986,0.008369789782692202,0.2964324770604877,0.330415630251752,0,0,0,6.509007155467166,0.1853
1424,1698694,2.0,0.3160446795626982,0.003183129683512025,0.3098053202958262,0.32228403882957024,0.3176270947966592,0.01082245964630054,0.2957366039376228,0.33951758565569556,0.3176270947966592,0.004949836593817796,0.307578392284006,0.32767579730931234,0,0,0,2.4180933297204925,0.1776
1425,1699694,2.0,0.30972380561339513,0.0033108713561750248,0.3032340556089971,0.3162135556177932,0.3123665928337454,0.011997371155123783,0.2880996191339656,0.3366335665335252,0.3123665928337454,0.006876902852888375,0.29840573783028934,0.32632744783720147,0,0,0,4.3142088503714655,0.1882
1426,1700694,2.0,0.3268663723594655,0.0032697112802860502,0.32045730160048214,0.3332754431184488,0.32335906180097607,0.01136341393743268,0.30037438760911184,0.3463437359928403,0.32335906180097607,0.007210029393468605,0.30872192396637743,0.3379961996355747,0,0,0,4.86245123967536,0.2258
1427,1701694,2.0,0.318099963251304,0.003196560998032693,0.3118342768143029,0.3243656496883051,0.3163586180771467,0.011896891451279144,0.2922948837619814,0.340422352392312,0.3163586180771467,0.006959020503786173,0.3022310553795537,0.33048618077473974,0,0,0,4.739475032123434,0.1836
1428,1702694,2.0,0.31503709972781646,0.003204175444369754,0.30875648795913274,0.3213177114965002,0.31560489668684355,0.011212119844657137,0.2929262436826916,0.3382835496909955,0.31560489668684355,0.006675781544019122,0.302052339647063,0.3291574537266241,0,0,0,4.340818800846939,0.1674
1429,1703694,2.0,0.3125317716205688,0.0031476554524092165,0.3063619465840214,0.31870159665711617,0.3091402378200971,0.011551852746728274,0.2857744101596881,0.3325060654805061,0.3091402378200971,0.00686197961029411,0.29520967860974684,0.32307079703044733,0,0,0,4.752525667959564,0.1553
1430,1704694,2.0,0.324785754469496,0.003235926611731757,0.3184429061726116,0.33112860276638034,0.3274866362754184,0.013256975955026283,0.30067187138404106,0.35430140116679576,0.3274866362754184,0.007663782839537627,0.31192832997248415,0.34304494257835266,0,0,0,5.609046662923453,0.2213
1431,1705694,2.0,0.32578438227120937,0.0031810326600780936,0.31954913345031233,0.3320196310921064,0.3251219340184903,0.011119274824542419,0.302631077793495,0.3476127902434856,0.3251219340184903,0.00546029743525836,0.3140369409045673,0.33620692713241335,0,0,0,2.9464314710810546,0.1894
1432,1706694,2.0,0.2995728120358581,0.0032305046176470294,0.29324059157145344,0.3059050325002628,0.3000451526500366,0.012924391809435276,0.27390310269009444,0.3261872026099788,0.3000451526500366,0.007602529253229633,0.28461119773829996,0.3154791075617733,0,0,0,5.538287126439078,0.22
1433,1707694,2.0,0.30997106524241175,0.003172128568949852,0.30375326962921206,0.31618886085561143,0.3102510735711758,0.012480953310339365,0.28500596263694966,0.335496184505402,0.3102510735711758,0.006962872325043262,0.2961156912607106,0.32438645588164106,0,0,0,4.818094357498507,0.1775
1434,1708694,2.0,0.3192164820784773,0.0030538375359691304,0.3132305526869522,0.3252024114700024,0.3206073164828769,0.010453348117744416,0.2994634241611319,0.34175120880462184,0.3206073164828769,0.005347633097689248,0.309751044133884,0.33146358883186977,0,0,0,3.066417942008136,0.1918
1435,1709694,2.0,0.3043443988720424,0.0031692651792255447,0.29813221588509026,0.31055658185899454,0.30558562052460714,0.012676888145923798,0.27994419397752546,0.3312270470716888,0.30558562052460714,0.007281863788426832,0.29080265111528275,0.3203685899339315,0,0,0,5.279197914030195,0.2003
1436,1710694,2.0,0.3185349706156612,0.00324445646477243,0.31217540266770827,0.32489453856361417,0.31929060503911977,0.011563666741847868,0.29590088131805303,0.3426803287601865,0.31929060503911977,0.0069473657463149496,0.30518670275707094,0.3333945073211686,0,0,0,4.585180365881936,0.2148
1437,1711694,2.0,0.30083087898780425,0.0032257546846677755,0.29450796902636295,0.30715378894924555,0.30115803705332794,0.012923639111388188,0.2750175095688911,0.3272985645377648,0.30115803705332794,0.006837761069094501,0.28727664409547765,0.31503943001117823,0,0,0,4.493297449192129,0.2309
1438,1712694,2.0,0.3080736069273501,0.003079720225076878,0.3020369440087015,0.31411026984599866,0.309040535008797,0.0104150778443879,0.2879740516214776,0.33010701839611645,0.309040535008797,0.005269676106911895,0.29834252376484377,0.3197385462527503,0,0,0,2.9278263512103773,0.2322
1439,1713694,2.0,0.30977384538985026,0.0032425735621102163,0.3034179681825652,0.3161297225971353,0.31238226086587706,0.012832305554494078,0.2864264729376646,0.3383380487940895,0.31238226086587706,0.007301602265771528,0.2975592202172036,0.3272053015145505,0,0,0,5.07056868237869,0.1823
1440,1714694,2.0,0.3115004081223681,0.0032805394798057445,0.3050701126462875,0.31793070359844877,0.31290122156675165,0.014080880793714126,0.28441995183918606,0.34138249129431725,0.31290122156675165,0.00765698050255756,0.29735672474205127,0.32844571839145204,0,0,0,5.447842521591418,0.1587
1441,1715694,2.0,0.3172097604809715,0.003182616618069953,0.31097140689088265,0.32344811407106033,0.3164706875737199,0.009505795683286848,0.2972434009574109,0.33569797419002884,0.3164706875737199,0.005853948863366246,0.304586539574628,0.32835483557281175,0,0,0,3.3832118749996476,0.1837
1442,1716694,2.0,0.32740364791188015,0.003135119324794899,0.3212583953595788,0.3335489004641815,0.32928157197380475,0.011768213059592527,0.30547811427310895,0.35308502967450056,0.32928157197380475,0.0058927083800463425,0.31731873797260546,0.34124440597500405,0,0,0,3.5328219350972785,0.1592
1443,1717694,2.0,0.33320709791649833,0.0032787468146886884,0.3267803163034464,0.33963387952955026,0.3332327850251404,0.012691428177998175,0.3075619484872048,0.35890362156307604,0.3332327850251404,0.006935488771248708,0.3191529942843372,0.34731257576594365,0,0,0,4.474436844464672,0.2584
1444,1718694,2.0,0.31440815776076086,0.003093359073972592,0.30834476087689316,0.32047155464462856,0.3119693040898672,0.010288489413184332,0.29115886997292495,0.3327797382068095,0.3119693040898672,0.0059896964451191075,0.299809573848818,0.32412903433091644,0,0,0,3.7492893260067857,0.2247
1445,1719694,2.0,0.32281273235072144,0.0030914658464237335,0.3167530464456783,0.3288724182557646,0.32462289478903533,0.010690101408330942,0.30300012373613217,0.3462456658419385,0.32462289478903533,0.005536868808078273,0.3133824535240736,0.33586333605399704,0,0,0,3.2077429628442617,0.2313
1446,1720694,2.0,0.31739380851208626,0.0030628389620182537,0.3113902351234204,0.3233973819007521,0.318264809490286,0.010599770861592745,0.29682474921407215,0.3397048697664999,0.318264809490286,0.005142109696793311,0.30782577182689297,0.32870384715367906,0,0,0,2.818605845752406,0.1324
1447,1721694,2.0,0.3067997690102021,0.003237808821602935,0.3004532313306128,0.31314630668979143,0.3106581751091278,0.012464959068234145,0.2854454155831807,0.3358709346350749,0.3106581751091278,0.006508086641158868,0.29744605682117103,0.32387029339708456,0,0,0,4.040212872536728,0.1853
1448,1722694,2.0,0.3137681938349799,0.0031850746622896307,0.30752502214996397,0.3200113655199958,0.31205301800126706,0.01189597324732762,0.28799114092889727,0.33611489507363684,0.31205301800126706,0.006010002086913682,0.29985206511582246,0.32425397088671165,0,0,0,3.560491974419155,0.1502
1449,1723694,2.0,0.30933104153674057,0.003159302073364717,0.30313838756778655,0.3155236955056946,0.30947822721181023,0.011449513563329159,0.2863194000884266,0.33263705433519386,0.30947822721181023,0.006562258246219137,0.2961561347189346,0.32280031970468587,0,0,0,4.314438965262017,0.2324
1450,1724694,2.0,0.32346793335206947,0.003223594580420147,0.31714925748342204,0.3297866092207169,0.32134278400624766,0.013395349077514019,0.29424813305643727,0.34843743495605806,0.32134278400624766,0.007699474836069194,0.3057120190981796,0.33697354891431575,0,0,0,5.704812485684164,0.2353
1451,1725694,2.0,0.3113899030405637,0.0030738431839791402,0.305364759907309,0.3174150461738184,0.3112950837248719,0.009125212024970885,0.29283760021855304,0.3297525672311908,0.3112950837248719,0.004978547042219105,0.3011880959032956,0.32140207154644823,0,0,0,2.623262886499977,0.1976
1452,1726694,2.0,0.3072975355330879,0.0031432753640120246,0.30113629605473263,0.3134587750114432,0.3077672080993385,0.010256813163910685,0.2870208452441828,0.3285135709544942,0.3077672080993385,0.005947044076561361,0.29569406676985704,0.31984034942881995,0,0,0,3.5796243791541444,0.2154
1453,1727694,2.0,0.3140951778772754,0.0030681522092290497,0.30808118981452526,0.3201091659400256,0.3103265493221048,0.011145017271211947,0.2877836240839715,0.3328694745602381,0.3103265493221048,0.0065850876636475535,0.2969581106479104,0.3236949879962992,0,0,0,4.60648137873827,0.1885
1454,1728694,2.0,0.3105539985518817,0.0031385941191142226,0.30440193493867723,0.3167060621650862,0.30969783538511775,0.011761911888373658,0.28590712300623194,0.33348854776400355,0.30969783538511775,0.00711991272054271,0.29524364412269355,0.32415202664754195,0,0,0,5.146109540738223,0.1815
1455,1729694,2.0,0.3031575175692529,0.003224223376387156,0.29683760917653834,0.3094774259619675,0.30435398820896653,0.013011749844157407,0.27803523994539964,0.3306727364725334,0.30435398820896653,0.008804892816705252,0.2864791054943787,0.32222887092355434,0,0,0,7.457579682965658,0.1882
1456,1730694,2.0,0.307668434177846,0.003192679055549858,0.30141035686652057,0.31392651148917144,0.3062531204937238,0.01160640421638754,0.2827769520709603,0.32972928891648723,0.3062531204937238,0.007950016391782323,0.2901137291870463,0.32239251180040124,0,0,0,6.2004830091624195,0.1479
1457,1731694,2.0,0.3081675740784001,0.0032797671639316736,0.30173879244457064,0.3145963557122296,0.31090921316616005,0.012917372170890245,0.28478136176536484,0.33703706456695526,0.31090921316616005,0.007765479925566693,0.2951444508025982,0.3266739755297219,0,0,0,5.605967499912434,0.2199
1458,1732694,2.0,0.3263875076499007,0.003029520208616659,0.32044924346741444,0.332325771832387,0.3266409208619189,0.010180524072285722,0.30604886725969094,0.3472329744641469,0.3266409208619189,0.005226042792619329,0.3160314899552469,0.337250351768591,0,0,0,2.975762149702182,0.1972
1459,1733694,2.0,0.31465303101051273,0.0032014640401375107,0.30837773395621537,0.3209283280648101,0.31574840878515376,0.011992498977230792,0.2914912899953589,0.3400055275749486,0.31574840878515376,0.006897407547350069,0.3017459270389046,0.3297508905314029,0,0,0,4.641672765207365,0.2084
1460,1734694,2.0,0.30565387889817336,0.0031528207363785824,0.29947392921525445,0.31183382858109226,0.30326431410230514,0.01141259352174493,0.2801801648118013,0.326348463392809,0.30326431410230514,0.006453469898891856,0.2901630736958398,0.31636555450877046,0,0,0,4.189749143827486,0.1989
1461,1735694,2.0,0.31704884218159585,0.003182925037079714,0.3108098840490604,0.3232878003141313,0.31887923495323056,0.010902964114964983,0.2968259084364043,0.34093256147005685,0.31887923495323056,0.00710191736073147,0.30446157621343084,0.3332968936930303,0,0,0,4.978498814909625,0.1846
1462,1736694,2.0,0.30432338552083604,0.0031195510796392704,0.29820864880808207,0.31043812223359,0.30197269723315756,0.011247652309263018,0.27922217303548075,0.3247232214308344,0.30197269723315756,0.005977495177120809,0.2898377368830064,0.3141076575833087,0,0,0,3.6715907445820735,0.1969
1463,1737694,2.0,0.32035219018930405,0.003134012886883633,0.31420910640306665,0.32649527397554146,0.3184420423079765,0.011363410356687994,0.295457375358852,0.341426709257101,0.3184420423079765,0.005651812699081115,0.30696825253858595,0.3299158320773671,0,0,0,3.2521754414830117,0.2152
1464,1738694,2.0,0.2991048470382512,0.003178113262295346,0.29287532062687577,0.3053343734496266,0.29720928081185877,0.012372206863324735,0.27218413032859534,0.3222344312951222,0.29720928081185877,0.006407400917487409,0.2842015654097891,0.31021699621392845,0,0,0,4.064667798581038,0.2056
1465,1739694,2.0,0.31156052625122205,0.003159148116476851,0.3053681740583282,0.31775287844411587,0.3145541493170302,0.011271879044562606,0.29175462192184076,0.3373536767122196,0.3145541493170302,0.0063259812433964745,0.30171172464084806,0.3273965739932123,0,0,0,4.009736402142531,0.2013
1466,1740694,2.0,0.31241007965343465,0.003113956845872962,0.3063063083859378,0.3185138509209315,0.3117409770101681,0.012031514581541888,0.2874049417117935,0.33607701230854276,0.3117409770101681,0.006816571902356257,0.29790260034770616,0.3255793536726301,0,0,0,4.791890228498644,0.2196
1467,1741694,2.0,0.31615338105919805,0.0031535405612890532,0.30997202042332644,0.32233474169506965,0.31636277107514377,0.011843398997477652,0.29240723546057323,0.3403183066897143,0.31636277107514377,0.007369331773781958,0.30140223221528184,0.3313233099350057,0,0,0,5.460839042057478,0.1807
1468,1742694,2.0,0.30051852419989555,0.0031264302608425103,0.29439030337331135,0.30664674502647976,0.30112087618619243,0.010863923489095281,0.27914651678882535,0.3230952355835595,0.30112087618619243,0.0064254744724058935,0.28807646951699106,0.3141652828553938,0,0,0,4.223893055968654,0.1784
1469,1743694,2.0,0.31024598628827527,0.003182704127098158,0.30400746116880484,0.3164845114077457,0.31041141552845186,0.012701781986684911,0.2847196364356978,0.3361031946212059,0.31041141552845186,0.008366033497779429,0.2934274645966019,0.3273953664603018,0,0,0,6.909500677684096,0.1714
1470,1744694,2.0,0.3123792017082627,0.0031251860074589274,0.3062534197844726,0.3185049836320528,0.31408730341645724,0.010022046876139919,0.2938158001999063,0.3343588066330082,0.31408730341645724,0.0050549843905022245,0.30382513952811696,0.3243494673047975,0,0,0,2.6163021337090364,0.2124
1471,1745694,2.0,0.3122506749133645,0.0031841780736551945,0.3060092606618059,0.3184920891649231,0.31295555867305413,0.01183785606811192,0.28901123469138207,0.3368998826547262,0.31295555867305413,0.007186040348032791,0.2983671211897859,0.32754399615632235,0,0,0,5.09312819712621,0.2183
1472,1746694,2.0,0.3112318802160819,0.0030965433947936303,0.30516224163815875,0.31730151879400503,0.31279956704740264,0.009986811789405775,0.2925993335208555,0.3329998005739498,0.31279956704740264,0.006644139885122461,0.2993112459902112,0.3262878881045941,0,0,0,4.603871504263972,0.1711
1473,1747694,2.0,0.31599623426068485,0.0031901963993831383,0.30974302328698944,0.32224944523438026,0.3160026898298077,0.011070869921181779,0.29360974176332527,0.3383956378962902,0.3160026898298077,0.007073061371895559,0.3016436118617213,0.33036176779789417,0,0,0,4.915639345813881,0.1619
1474,1748694,2.0,0.31404500104707256,0.0032440304457753847,0.307686268153246,0.3204037339408991,0.31320029379705505,0.010900342160889559,0.29115227068292987,0.33524831691118023,0.31320029379705505,0.006827831729574341,0.2993390584700869,0.3270615291240232,0,0,0,4.429918904794927,0.1825
1475,1749694,2.0,0.3034595356862636,0.003185021584081329,0.2972164680416242,0.309702603330903,0.3036623366577543,0.0136402911806566,0.27607224353998266,0.3312524297755259,0.3036623366577543,0.007348033188312001,0.28874503622511544,0.3185796370903931,0,0,0,5.322521921323003,0.1612
1476,1750694,2.0,0.31920211104796575,0.003283686152311545,0.31276564767355514,0.32563857442237637,0.32075767602021427,0.012790429550166587,0.29488659030572245,0.3466287617347061,0.32075767602021427,0.006837637897794534,0.3068765331133966,0.33463881892703196,0,0,0,4.335996401503737,0.2109
1477,1751694,2.0,0.31097009396554304,0.003123274138713033,0.3048480595598131,0.317092128371273,0.30665351412761305,0.01137527402651355,0.2836448506412541,0.329662177613972,0.30665351412761305,0.006449950851920602,0.293559417766304,0.3197476104889221,0,0,0,4.264740401047515,0.1869
1478,1752694,2.0,0.30896655353956265,0.0031632424603922934,0.3027661758858204,0.3151669311933049,0.31157515584068385,0.01177670199529779,0.2877545276468162,0.3353957840345515,0.31157515584068385,0.006268173290805494,0.2988500875473726,0.3243002241339951,0,0,0,3.9266032880746935,0.2153
1479,1753694,2.0,0.31336809023790174,0.0031048987055317377,0.30728207413513203,0.31945410634067145,0.316008312218334,0.01180400584732855,0.2921324567708817,0.3398841676657863,0.316008312218334,0.0067157785638845445,0.30237455691141824,0.3296420675252497,0,0,0,4.678405519020033,0.1801
1480,1754694,2.0,0.322494286405902,0.0031007785383300166,0.3164163463810704,0.3285722264307336,0.3230847015062451,0.011564431267280068,0.2996934313865285,0.34647597162596167,0.3230847015062451,0.006296524885099358,0.3103020764165793,0.33586732659591084,0,0,0,4.12344635909488,0.1703
1481,1755694,2.0,0.3138208914421215,0.003097331181099309,0.30774970869783524,0.31989207418640775,0.3134854238342397,0.011775359950837245,0.2896675101815167,0.33730333748696273,0.3134854238342397,0.006967591104303214,0.29934046189258723,0.3276303857758922,0,0,0,5.060460307624719,0.1715
1482,1756694,2.0,0.32269242293168804,0.0030606070674619396,0.31669322435440816,0.3286916215089679,0.3246447842131196,0.010845215784095787,0.3027082647207897,0.3465813037054495,0.3246447842131196,0.006359613344349561,0.31173408274214887,0.33755548568409033,0,0,0,4.317638427517089,0.2067
1483,1757694,2.0,0.31545000048343796,0.003105335350858013,0.3093631284975175,0.3215368724693584,0.3145428687955174,0.01103078497654966,0.2922310001825725,0.33685473740846233,0.3145428687955174,0.006311976478133608,0.3017288753043287,0.32735686228670613,0,0,0,4.131556811616033,0.1741
1484,1758694,2.0,0.31661758675457674,0.0031532888994869387,0.31043671940944517,0.3227984540997083,0.31684966519910335,0.012050879418714609,0.29247446082041145,0.34122486957779524,0.31684966519910335,0.007010906247875888,0.30261676884107064,0.33108256155713606,0,0,0,4.943343566268768,0.204
1485,1759694,2.0,0.3128023718722414,0.0031886542480818133,0.30655218372104137,0.31905256002344146,0.31267494217628256,0.011801360913038624,0.2888044366134026,0.3365454477391625,0.31267494217628256,0.006812327668379544,0.2988451817668661,0.326504702585699,0,0,0,4.564321182751759,0.1727
1486,1760694,2.0,0.31340057414210115,0.0031422824687255325,0.30724128087110236,0.31955986741309994,0.3133130648057778,0.010982292599125991,0.29109928128433876,0.33552684832721685,0.3133130648057778,0.006447807691714618,0.30022331929099444,0.3264028103205612,0,0,0,4.210500343627164,0.1836
1487,1761694,2.0,0.31047378240930923,0.0031787650780837444,0.3042429783519426,0.3167045864666759,0.3099017077688941,0.01158757421300308,0.2864636266230006,0.33333978891478755,0.3099017077688941,0.006450549311765234,0.2968063964695097,0.3229970190682785,0,0,0,4.117906986549824,0.156
1488,1762694,2.0,0.3226204905970527,0.0033036996268773202,0.31614479813981805,0.3290961830542874,0.31994700119215097,0.012323171249652308,0.2950210345994212,0.34487296778488075,0.31994700119215097,0.007016071755478747,0.30570361829618026,0.3341903840881217,0,0,0,4.5101079355326945,0.2237
1489,1763694,2.0,0.3161934248568886,0.0031475821704718397,0.3100237434627248,0.3223631062510524,0.31712020591813755,0.012260211516206135,0.29232158740657727,0.34191882442969784,0.31712020591813755,0.0064252978203124525,0.3040761578717516,0.33016425396452354,0,0,0,4.167085121542545,0.222
1490,1764694,2.0,0.3095695512046082,0.0031314983573625553,0.3034313962320319,0.3157077061771845,0.3093081811434274,0.011868365188376572,0.2853021466412177,0.33331421564563707,0.3093081811434274,0.005207940327156431,0.29873550019541245,0.31988086209144234,0,0,0,2.7658436251241434,0.1742
1491,1765694,2.0,0.32211329195944016,0.0031772120820653693,0.31588553198166247,0.32834105193721785,0.3215031842208971,0.011581787839125795,0.2980768071209052,0.344929561320889,0.3215031842208971,0.008319799824544394,0.3046130926356337,0.33839327580616047,0,0,0,6.856987277987328,0.2529
1492,1766694,2.0,0.310047615602182,0.0030118674023115136,0.3041439532774764,0.31595127792688765,0.3092366129301235,0.009838628138408214,0.289336109128947,0.3291371167313,0.3092366129301235,0.0034488968433614084,0.3022349801046979,0.3162382457555491,0,0,0,1.3112596984796308,0.1979
1493,1767694,2.0,0.3147990710797886,0.0030269434565422105,0.3088658576754775,0.32073228448409974,0.3158403379300265,0.010365226826886585,0.2948746877431616,0.33680598811689144,0.3158403379300265,0.006035389252767597,0.30358784635790614,0.3280928295021469,0,0,0,3.9755933326566377,0.1957
1494,1768694,2.0,0.31059407067079636,0.003307986731539712,0.3041099749159072,0.31707816642568554,0.3122972976821946,0.01328632906173588,0.2854231605284009,0.33917143483598833,0.3122972976821946,0.008191000994093528,0.2956686816237789,0.3289259137406103,0,0,0,6.131213502006869,0.1989
1495,1769694,2.0,0.29994734389620203,0.0031604618842791454,0.2937524165429702,0.3061422712494339,0.29988634360825184,0.01221955763157053,0.2751699553400082,0.32460273187649547,0.29988634360825184,0.006802068374288645,0.28607741067310755,0.31369527654339613,0,0,0,4.6321314177845725,0.1966
1496,1770694,2.0,0.3098562116240928,0.0031622659251426335,0.3036577481098501,0.3160546751383356,0.3105745313786075,0.011594764208282194,0.28712190709454793,0.3340271556626671,0.3105745313786075,0.00787724745510621,0.2945828688672066,0.32656619389000846,0,0,0,6.2051488006941655,0.2243
1497,1771694,2.0,0.31842875800861625,0.0031592193050892967,0.3122362662765352,0.3246212497406973,0.319747337518987,0.012057378889062354,0.29535898672063765,0.3441356883173363,0.319747337518987,0.0072699863935687566,0.30498848050313093,0.33450619453484304,0,0,0,5.295508224792818,0.1615
1498,1772694,2.0,0.31385482931866593,0.0030921910668948805,0.30779372188465065,0.3199159367526812,0.3145040223134691,0.010767504525032896,0.2927246886792303,0.33628335594770786,0.3145040223134691,0.0058208477349910625,0.3026870731775257,0.32632097144941247,0,0,0,3.543560365232336,0.2084
1499,1773694,2.0,0.3211607414303573,0.0030244968059740655,0.3152323237878947,0.3270891590728199,0.323425679129242,0.010441168957307113,0.30230642148472725,0.3445449367737568,0.323425679129242,0.0047369202569125255,0.31380921976019427,0.3330421384982898,0,0,0,2.452934135664345,0.2403
1500,1774694,2.0,0.3115957590187301,0.003043336352996472,0.3056304133481991,0.3175611046892611,0.3120793745775888,0.010801035259486672,0.29023221863122817,0.3339265305239494,0.3120793745775888,0.006693082578199822,0.2984916945711511,0.32566705458402645,0,0,0,4.836736844914007,0.1538
1501,1775694,2.0,0.3227226358830054,0.00305069242600457,0.3167428713270208,0.32870240043899007,0.32373982407898294,0.01184197833017076,0.29978716203527445,0.34769248612269144,0.32373982407898294,0.0064889810578111625,0.3105664921872542,0.3369131559707117,0,0,0,4.52434969711076,0.1659
1502,1776694,2.0,0.30662780655269484,0.003204385822794149,0.30034678241420454,0.31290883069118514,0.3069706573694009,0.011548155525433501,0.2836123080449342,0.33032900669386756,0.3069706573694009,0.005804591232719168,0.29518671068760527,0.3187546040511965,0,0,0,3.2813584899093216,0.203
1503,1777694,2.0,0.3153309889750396,0.0030063101074760262,0.3094382196903537,0.3212237582597255,0.31446419993559416,0.011022604695010036,0.2921688775038428,0.3367595223673455,0.31446419993559416,0.0057275978115481916,0.3028365582085409,0.32609184166264743,0,0,0,3.629756360744181,0.1881
1504,1778694,2.0,0.3242274520021054,0.003264125748785914,0.31782932963077537,0.3306255743734354,0.3255067308561999,0.011841983328988939,0.3015540587014273,0.3494594030109725,0.3255067308561999,0.006511553923589159,0.3122875736106919,0.3387258881017079,0,0,0,3.979564243249733,0.1901
1505,1779694,2.0,0.3122164019176116,0.0031529904899426134,0.3060361194950376,0.31839668434018553,0.3134005057828588,0.01093422924071093,0.2912839395800723,0.33551707198564523,0.3134005057828588,0.005524347647895948,0.3021854838244541,0.32461552774126345,0,0,0,3.06984664191304,0.2245
1506,1780694,2.0,0.3094770900289839,0.0032720544422061635,0.30306342635972244,0.3158907536982453,0.31140057721528797,0.011460358747646258,0.28821981363606003,0.3345813407945159,0.31140057721528797,0.0073553697345182046,0.2964683828020299,0.326332771628546,0,0,0,5.053217304246394,0.1956
1507,1781694,2.0,0.3111148607153653,0.0029670929337091397,0.30529896232847237,0.31693075910225826,0.30971024215832654,0.011799413893378782,0.2858436748144337,0.3335768095022194,0.30971024215832654,0.007752422634751619,0.29397198750436987,0.3254484968122832,0,0,0,6.8267277455279105,0.1458
1508,1782694,2.0,0.3120167264985762,0.0031621164645563283,0.30581855594704216,0.31821489705011025,0.3115860904994011,0.011183500363193322,0.2889653258605422,0.33420685513826004,0.3115860904994011,0.00661015964105122,0.2981667530051026,0.32500542799369964,0,0,0,4.36986654043475,0.1723
1509,1783694,2.0,0.31434524846064377,0.0031802739493798702,0.30811148681403633,0.3205790101072512,0.31588856954100875,0.01171310205790001,0.2921965843630305,0.339580554718987,0.31588856954100875,0.006977699047120379,0.3017230873845048,0.3300540516975127,0,0,0,4.813881602594406,0.2549
1510,1784694,2.0,0.3106615876799193,0.0031567113998641817,0.3044740117769947,0.31684916358284393,0.3089891752578248,0.01157412556372455,0.28557829657271383,0.3324000539429358,0.3089891752578248,0.005539704999923461,0.29774297621731216,0.3202353742983375,0,0,0,3.079665297859237,0.2362
1511,1785694,2.0,0.3120673582381672,0.0032558328039893193,0.30568549114610977,0.3184492253302247,0.31176795258797674,0.0123379224604893,0.2868121488550274,0.33672375632092605,0.31176795258797674,0.007085646167813483,0.29738332612592194,0.32615257905003153,0,0,0,4.736251258373504,0.1868
1512,1786694,2.0,0.3126290928390746,0.003149564138291615,0.30645552652330454,0.3188026591548446,0.3114724179992433,0.012036806855446905,0.28712567806649464,0.33581915793199196,0.3114724179992433,0.0066807064431239896,0.2979098628827441,0.3250349731157425,0,0,0,4.499288732757634,0.207
1513,1787694,2.0,0.3117645649954596,0.003223444915267893,0.30544618249049743,0.3180829475004218,0.31117712177159296,0.013204994626337754,0.2844674990417654,0.33788674450142053,0.31117712177159296,0.006216814174501022,0.29855631802747934,0.3237979255157066,0,0,0,3.71959166805867,0.1885
1514,1788694,2.0,0.3148641154440158,0.0032053890670927085,0.3085811248127233,0.32114710607530833,0.31646894681253424,0.011223847416479459,0.29376657255534316,0.3391713210697253,0.31646894681253424,0.0054187828864459475,0.30546823271329304,0.32746966091177543,0,0,0,2.8578669002685877,0.2293
1515,1789694,2.0,0.31987546198992517,0.003179979955638998,0.31364227661031086,0.3261086473695395,0.31686174990621385,0.013212442632564781,0.29013706216181845,0.34358643765060926,0.31686174990621385,0.008713839094430445,0.29917171607511284,0.33455178373731487,0,0,0,7.508796032392344,0.2066
1516,1790694,2.0,0.31347017538523436,0.0031522500576077455,0.30729134430891686,0.31964900646155187,0.3123266029712249,0.01200297367358364,0.288048297108227,0.3366049088342228,0.3123266029712249,0.007035401898475079,0.2980439777987031,0.32660922814374665,0,0,0,4.981228916762662,0.1878
1517,1791694,2.0,0.31324572844437965,0.003194133201006177,0.3069848008137677,0.31950665607499157,0.31231020406361654,0.011599607759984969,0.288847782771507,0.33577262535572605,0.31231020406361654,0.005578895768595583,0.3009844435329084,0.3236359645943247,0,0,0,3.050636407016767,0.2276
1518,1792694,2.0,0.31124457056831384,0.0031997089801145875,0.3049727136660388,0.3175164274705889,0.3109413736800806,0.012128218698845287,0.2864097358417062,0.33547301151845504,0.3109413736800806,0.007450343374230986,0.2958163725278669,0.32606637483229434,0,0,0,5.421651748924464,0.1574
1519,1793694,2.0,0.3179319108877436,0.0031582554462097935,0.31174130844778375,0.3241225133277034,0.3200982355193377,0.011869404615786332,0.2960900985767443,0.3441063724619311,0.3200982355193377,0.005146360550348487,0.3096505681644404,0.33054590287423496,0,0,0,2.6552530180915657,0.1871
1520,1794694,2.0,0.31834084311846694,0.003150237608771328,0.31216595671061886,0.324515729526315,0.31826207695938097,0.012448601633451161,0.29308240346824455,0.3434417504505174,0.31826207695938097,0.004826838429011506,0.30846307399626127,0.32806107992250066,0,0,0,2.3476799961978436,0.2333
1521,1795694,2.0,0.32121932862316954,0.0031266310238524135,0.31509071427427526,0.3273479429720638,0.3201960335996727,0.011344020266227094,0.2972505868104622,0.3431414803888832,0.3201960335996727,0.005566939763611504,0.3088945450494729,0.3314975221498725,0,0,0,3.1701497560728846,0.1758
1522,1796694,2.0,0.31927121669875214,0.0031203668778798125,0.31315488091250193,0.32538755248500234,0.3175309707621922,0.011630989451458833,0.2940050740076831,0.34105686751670133,0.3175309707621922,0.007106011565651254,0.303105000344525,0.33195694117985947,0,0,0,5.186095398969942,0.1937
1523,1797694,2.0,0.31852140507703236,0.003266893450730927,0.3121178576402807,0.324924952513784,0.3180314639362469,0.013128011614421528,0.29147755404561937,0.3445853738268745,0.3180314639362469,0.008095185852997368,0.30159736295541695,0.3344655649170769,0,0,0,6.140216825419684,0.1769
1524,1798694,2.0,0.31040711254706216,0.00301133372065135,0.30450449630968035,0.31630972878444397,0.31081505894568434,0.0104583627998254,0.28966102347202727,0.3319690944193414,0.31081505894568434,0.006105744601665298,0.2984197384219719,0.3232103794693968,0,0,0,4.111113751775424,0.1659
1525,1799694,2.0,0.3162788161000647,0.003063320446719891,0.3102742989370843,0.3222833332630451,0.3150291745359458,0.011988642269402258,0.290779856674057,0.33927849239783464,0.3150291745359458,0.006222884073946371,0.3023960482408445,0.32766230083104714,0,0,0,4.126658797232441,0.1882
1526,1800694,2.0,0.32185333372346,0.0029941935768183743,0.31598431445695047,0.3277223529899695,0.3198727520423134,0.009444416935314472,0.30076961566221144,0.3389758884224154,0.3198727520423134,0.005299784772459147,0.30911361695772366,0.33063188712690317,0,0,0,3.1329734695873364,0.2293
1527,1801694,2.0,0.3224495231260406,0.0032156696533559167,0.3161463811727638,0.3287526650793174,0.32227514358773507,0.01239210632539381,0.2972097426432309,0.3473405445322392,0.32227514358773507,0.006471039592050973,0.30913823480789054,0.3354120523675796,0,0,0,4.049535957873647,0.1824
1528,1802694,2.0,0.3136523968790668,0.0031990274467656767,0.3073818758731702,0.31992291788496346,0.3129598079130425,0.011973534364771792,0.2887410486726705,0.33717856715341454,0.3129598079130425,0.008127630347780272,0.29645984110612567,0.32945977471995935,0,0,0,6.454936199882514,0.1554
1529,1803694,2.0,0.3230180338252272,0.003209960926471303,0.31672608173900924,0.32930998591144517,0.32416115849187455,0.012185511404129297,0.2995136352187378,0.3488086817650113,0.32416115849187455,0.00739532559864727,0.309147849362068,0.3391744676216811,0,0,0,5.307806812448089,0.1725
1530,1804694,2.0,0.31039001391841115,0.003087764658510291,0.30433758283594897,0.3164424450008733,0.3085669314852032,0.01195316229977453,0.28438937863572356,0.33274448433468284,0.3085669314852032,0.006537650461168128,0.2952947954518563,0.3218390675185501,0,0,0,4.482858285610101,0.2034
1531,1805694,2.0,0.3084534979145993,0.00312141483380818,0.30233510799478147,0.31457188783441714,0.3101152137102815,0.012608516446930697,0.28461208197794063,0.33561834544262237,0.3101152137102815,0.007176216034718534,0.2955467206433622,0.3246837067772008,0,0,0,5.285523752607946,0.1804
1532,1806694,2.0,0.31235564959309237,0.003182232106152035,0.30611804969771184,0.3185932494884729,0.3142180689742341,0.011651717539725128,0.29065024570379905,0.33778589224466915,0.3142180689742341,0.006626715531280995,0.30076512123592086,0.32767101671254734,0,0,0,4.3364360818728205,0.1589
1533,1807694,2.0,0.30177548956796385,0.003216064900481162,0.2954715728775388,0.3080794062583889,0.3003879420307128,0.01188335027290889,0.2763515973340836,0.32442428672734197,0.3003879420307128,0.007080535127610117,0.28601369153189643,0.31476219252952914,0,0,0,4.84710641998634,0.2882
1534,1808694,2.0,0.31488172061663644,0.0031770447822534833,0.3086542885688319,0.32110915266444096,0.31732617377766204,0.01105168531267577,0.2949720302446091,0.33968031731071496,0.31732617377766204,0.006500387691421982,0.30412968518860534,0.33052266236671873,0,0,0,4.186314438925984,0.1286
1535,1809694,2.0,0.3129380188173791,0.00307884821015366,0.3069030651644322,0.31897297247032597,0.31050492783832784,0.010477186860350056,0.2893128171083693,0.33169703856828636,0.31050492783832784,0.0060226848083838784,0.2982782276594748,0.32273162801718086,0,0,0,3.8265175898656976,0.2596
1536,1810694,2.0,0.30568208599497915,0.0032503046249011394,0.2993110548721885,0.3120531171177698,0.30923312492018673,0.012844758101194655,0.2832521493388317,0.33521410050154177,0.30923312492018673,0.007036480614225401,0.2949483098382679,0.32351794000210554,0,0,0,4.686653645949576,0.1818
1537,1811694,2.0,0.3172563846540417,0.0031018147323761637,0.3111764135505024,0.323336355757581,0.3146388381280941,0.011955953667873706,0.29045563920370576,0.3388220370524825,0.3146388381280941,0.008098972586410945,0.2981970496697391,0.33108062658644916,0,0,0,6.817547134002267,0.1813
1538,1812694,2.0,0.3152151663973716,0.0031879827195618196,0.30896629453174923,0.321464038262994,0.3167660107908862,0.012538519303153528,0.2914044616456919,0.34212755993608046,0.3167660107908862,0.00730623246172445,0.30193357034469936,0.331598451237073,0,0,0,5.252366887252772,0.1932
1539,1813694,2.0,0.30612076039765534,0.0032478030431444477,0.2997546327091785,0.3124868880861322,0.3060823531520177,0.011928410657255166,0.281954865225118,0.33020984107891743,0.3060823531520177,0.006793658320949243,0.29229049353283476,0.31987421277120065,0,0,0,4.375503471069352,0.2195
1540,1814694,2.0,0.3191285077485703,0.0032035943840339125,0.31284903493574184,0.3254079805613988,0.3205710382625515,0.012387432025745198,0.2955150919815041,0.3456269845435989,0.3205710382625515,0.007717319780801925,0.3049040461907023,0.3362380303344007,0,0,0,5.8030718189619135,0.1667
1541,1815694,2.0,0.3214001079957505,0.0031590178307258896,0.3152080111803274,0.32759220481117357,0.31897369277684495,0.011331277874498783,0.2960540199076828,0.3418933656460071,0.31897369277684495,0.006807260338338677,0.3051542195943195,0.3327931659593704,0,0,0,4.643447780159013,0.2297
1542,1816694,2.0,0.30656195323973257,0.0031224194506336116,0.30044159413677657,0.31268231234268856,0.30669658645981673,0.012623123808539747,0.2811639085497835,0.33222926436984995,0.30669658645981673,0.008010957137636558,0.2904334788618271,0.3229596940578064,0,0,0,6.582431204485768,0.1518
1543,1817694,2.0,0.3264898194149436,0.0032099207870710878,0.32019794600731044,0.33278169282257675,0.3272738506381798,0.010998506825873578,0.305027270747523,0.34952043052883663,0.3272738506381798,0.006317564153957692,0.31444851356200015,0.3400991877143595,0,0,0,3.873563601307104,0.2036
1544,1818694,2.0,0.30774752821289375,0.0031294302347002942,0.3016134270369204,0.3138816293888671,0.3103392476124111,0.01208211129143977,0.28590087080834226,0.33477762441647996,0.3103392476124111,0.007765610756019948,0.2945742196489089,0.3261042755759133,0,0,0,6.157730647697298,0.185
1545,1819694,2.0,0.3063362438881501,0.003186110647853917,0.30009104153307875,0.3125814462432215,0.3065585515480739,0.010906562455699563,0.2844979467001165,0.32861915639603123,0.3065585515480739,0.007304717443696852,0.29172918675199633,0.3213879163441514,0,0,0,5.256360402960424,0.2138
1546,1820694,2.0,0.31133576910545363,0.003103917004450099,0.30525167726790403,0.31741986094300323,0.3119161816624477,0.011925819446647447,0.2877939349537161,0.33603842837117937,0.3119161816624477,0.006670091623894769,0.29837517577462275,0.3254571875502727,0,0,0,4.617888036806159,0.1825
1547,1821694,2.0,0.3179783294194097,0.00315681410713873,0.31179055219651103,0.3241661066423083,0.3190092805250089,0.01166952391536872,0.29540544046024075,0.342613120589777,0.3190092805250089,0.006736228173098799,0.3053340103042977,0.33268455074572006,0,0,0,4.553397464949731,0.1965
1548,1822694,2.0,0.31347496693179244,0.003322464564439771,0.30696249269099457,0.3199874411725903,0.3143043464994111,0.01300975095062879,0.2879896413796346,0.34061905161918754,0.3143043464994111,0.007598863566445211,0.29887783332747797,0.3297308596713442,0,0,0,5.2309019402617345,0.1658
1549,1823694,2.0,0.3152414790785911,0.0031127092886983,0.3091401531897601,0.3213428049674221,0.31610075602862525,0.010474760317997,0.29491355344385134,0.33728795861339916,0.31610075602862525,0.006303921602022366,0.30330311480529104,0.32889839725195946,0,0,0,4.1015166942990255,0.18
1550,1824694,2.0,0.3133650251234437,0.003183063251761013,0.30712579607167523,0.3196042541752122,0.3143749400821852,0.011509684033807283,0.29109440669451114,0.33765547346985925,0.3143749400821852,0.006693508422665043,0.30078639556552245,0.32796348459884794,0,0,0,4.42198322750859,0.2127
1551,1825694,2.0,0.29011521459591283,0.00316349504043129,0.2839143418515636,0.29631608734026205,0.2900947602900214,0.011884863710540395,0.2660553543768369,0.3141341662032059,0.2900947602900214,0.007297182452893322,0.2752806923385134,0.30490882824152943,0,0,0,5.320789703657482,0.1807
1552,1826694,2.0,0.31932450049032385,0.003272493498561324,0.31290997621197303,0.32573902476867467,0.31712691590062236,0.012143268238096082,0.2925648374958546,0.3416889943053901,0.31712691590062236,0.007793608390982287,0.3013050497164108,0.3329487820848339,0,0,0,5.671782584991992,0.1716
1553,1827694,2.0,0.30789265645573227,0.0031734318583818365,0.3016723062211997,0.3141130066902648,0.30700052399061056,0.012496902335545334,0.28172315310791685,0.3322778948733043,0.30700052399061056,0.006325327188625649,0.2941594271162042,0.31984162086501694,0,0,0,3.9729000153401968,0.283
1554,1828694,2.0,0.31350922619810484,0.0032448761792141425,0.3071488355537959,0.3198696168424138,0.31332885224892937,0.01299695232975775,0.28704003478337775,0.339617669714481,0.31332885224892937,0.0075518562278139145,0.2979977690478376,0.32865993545002115,0,0,0,5.416405469994202,0.2143
1555,1829694,2.0,0.32272377863632995,0.0032061252955081347,0.3164393448990245,0.3290082123736354,0.32225781197698716,0.013137446633825609,0.2956848179582806,0.3488308059956937,0.32225781197698716,0.007989283628737315,0.3060387039412469,0.33847692001272744,0,0,0,6.209472350184634,0.1795
1556,1830694,2.0,0.3235548396454056,0.0031528499980076966,0.3173748326057859,0.3297348466850253,0.3250944175308924,0.011870027845565978,0.3010850199870826,0.34910381507470223,0.3250944175308924,0.007512896165892223,0.30984242746039303,0.3403464076013918,0,0,0,5.678166919914766,0.1947
1557,1831694,2.0,0.305885969677019,0.003129178288931733,0.2997523623483978,0.31201957700564015,0.30695279964978905,0.010771258153656118,0.2851658735850169,0.3287397257145612,0.30695279964978905,0.004751364385514053,0.29730701714075064,0.31659858215882747,0,0,0,2.305558039095894,0.1583
1558,1832694,2.0,0.318830538115159,0.0032459849103834266,0.3124679742096941,0.3251931020206239,0.3222457608462961,0.013237757432544472,0.2954698690858392,0.34902165260675294,0.3222457608462961,0.008135355006545296,0.30573011214837736,0.3387614095442148,0,0,0,6.281451707884222,0.1385
1559,1833694,2.0,0.3197059882835604,0.0032045902700773435,0.31342456340109237,0.3259874131660284,0.31894138511976555,0.012363350577211314,0.293934148166009,0.3439486220735221,0.31894138511976555,0.006996225794721117,0.30473829166607264,0.33314447857345847,0,0,0,4.766313620533746,0.229
1560,1834694,2.0,0.3239533909220934,0.00309332742386345,0.3178900560766663,0.3300167257675205,0.3226727211139597,0.011302000240610873,0.2998122678490228,0.34553317437889663,0.3226727211139597,0.007471486465525811,0.30750479720448065,0.3378406450234388,0,0,0,5.833943845167644,0.1874
1561,1835694,2.0,0.3076448714853921,0.0031729713479371757,0.3014254239128294,0.3138643190579548,0.30776508937235436,0.011862293198094773,0.28377133662975423,0.3317588421149545,0.30776508937235436,0.006456576934700777,0.29465754134786004,0.3208726373968487,0,0,0,4.140686589541114,0.219
1562,1836694,2.0,0.3163437946044565,0.0031975782594143684,0.31007611419929837,0.3226114750096146,0.31645799639036265,0.012043947481856053,0.2920968131774128,0.3408191796033125,0.31645799639036265,0.0075042097092224615,0.30122364076441693,0.33169235201630837,0,0,0,5.50766554066218,0.1743
1563,1837694,2.0,0.30920643546003973,0.0031167347268720004,0.303097219174816,0.31531565174526344,0.30979156583747736,0.012073371254499156,0.2853708674267691,0.3342122642481856,0.30979156583747736,0.007331293192176183,0.29490824940371274,0.32467488227124197,0,0,0,5.533010524519107,0.1795
1564,1838694,2.0,0.30987843686647293,0.003208303911797055,0.3035897327503005,0.31616714098264537,0.30733588708751985,0.011841266362679136,0.2833846651339921,0.33128710904104763,0.30733588708751985,0.007465519914806888,0.2921800759199596,0.3224916982550801,0,0,0,5.4146341123458255,0.1755
1565,1839694,2.0,0.3086865400798004,0.0032039595550542466,0.3024063514830057,0.3149667286765951,0.3085779809527169,0.010221412852822184,0.2879032219853664,0.32925273992006737,0.3085779809527169,0.006896606530805995,0.29457712535650454,0.3225788365489292,0,0,0,4.633368564431491,0.2322
1566,1840694,2.0,0.3177696901972191,0.0032013005567019495,0.31149471359228764,0.3240446668021506,0.31770546046370424,0.011896813272207919,0.2936418842806365,0.341769036646772,0.31770546046370424,0.005448374341325629,0.3066446725173033,0.32876624841010516,0,0,0,2.896549653383009,0.1894
1567,1841694,2.0,0.31988206472096914,0.003158571957951453,0.3136908418757275,0.3260732875662108,0.3188676281810808,0.010705559572700437,0.29721359003946696,0.3405216663226946,0.3188676281810808,0.006354453507940957,0.30596740173491166,0.3317678546272499,0,0,0,4.047388211326311,0.1915
1568,1842694,2.0,0.3110871802297481,0.0032245454509982454,0.3047666405277847,0.31740771993171146,0.31068102582040785,0.012194635305478756,0.28601504771485625,0.33534700392595945,0.31068102582040785,0.007169209166867147,0.2961267574514658,0.3252352941893499,0,0,0,4.943169438768693,0.1777
1569,1843694,2.0,0.31575365262115684,0.0031449195140076883,0.30958919038924404,0.32191811485306965,0.3175266496762955,0.011597322452236554,0.2940688508554182,0.34098444849717285,0.3175266496762955,0.005687991287088001,0.3059794134685593,0.32907388588403175,0,0,0,3.271137308479609,0.208
1570,1844694,2.0,0.3060778792575777,0.0032055380546212285,0.2997945965908329,0.31236116192432245,0.3063618400983798,0.0110302357889815,0.28405108232214243,0.32867259787461717,0.3063618400983798,0.007402002725728438,0.29133497567994787,0.32138870451681173,0,0,0,5.332079394160707,0.1394
1571,1845694,2.0,0.3244244859215483,0.003144290374480753,0.318261256887126,0.33058771495597067,0.3224847975951424,0.011691780029493108,0.2988359402904196,0.34613365489986525,0.3224847975951424,0.006995340912908239,0.3082835005470334,0.33668609464325144,0,0,0,4.949627048359546,0.2171
1572,1846694,2.0,0.3077715090147495,0.003257671314017565,0.3013860381975151,0.3141569798319839,0.30795519001322647,0.013395277185228014,0.2808606844792902,0.33504969554716274,0.30795519001322647,0.0062517213512665315,0.29526352093280833,0.3206468590936446,0,0,0,3.6828556588619685,0.1972
1573,1847694,2.0,0.31356364387359353,0.0030855420986074605,0.30751556930535,0.31961171844183706,0.3147522594866475,0.011883313408758483,0.2907159893548006,0.33878852961849437,0.3147522594866475,0.007260010908248855,0.3000136537826275,0.32949086519066745,0,0,0,5.5361977438144825,0.216
1574,1848694,2.0,0.3136505323799496,0.003110941822362685,0.30755267096117056,0.31974839379872866,0.31216168211834766,0.011427480535566057,0.2890474210001614,0.3352759432365339,0.31216168211834766,0.005509761178745872,0.3009762722666097,0.3233470919700856,0,0,0,3.136763461946199,0.255
1575,1849694,2.0,0.31804078835144006,0.0032563134225408364,0.311657979182838,0.32442359752004213,0.31807101496515167,0.011416624241226817,0.29497871277495064,0.3411633171553527,0.31807101496515167,0.00651374718352459,0.30484740516526004,0.3312946247650433,0,0,0,4.001376323051215,0.2023
1576,1850694,2.0,0.3169712792895631,0.003158220842470166,0.31078074467755407,0.3231618139015721,0.31663607711966674,0.011509986008451807,0.2933549329306211,0.3399172213087124,0.31663607711966674,0.00716485809094048,0.30209064190445983,0.33118151233487364,0,0,0,5.146715897273863,0.1903
1577,1851694,2.0,0.31387123662494626,0.003150348853500534,0.3076961321625729,0.3200463410873196,0.31351907277354346,0.010875759801163582,0.2915207721752291,0.33551737337185783,0.31351907277354346,0.005473466861602838,0.30240734430278804,0.3246308012442989,0,0,0,3.0186147518738347,0.1525
1578,1852694,2.0,0.31522730443086394,0.003178376710838889,0.3089972616251612,0.32145734723656666,0.3150211603034804,0.011348220519394724,0.29206721770032584,0.3379751029066349,0.3150211603034804,0.005984681898305472,0.30287161013367414,0.3271707104732866,0,0,0,3.545450311751905,0.1999
1579,1853694,2.0,0.3274379650508043,0.003304164318001923,0.3209613617369088,0.3339145683646998,0.3234005796654077,0.012759485209385007,0.2975920847880413,0.3492090745427741,0.3234005796654077,0.006703189834687004,0.3097923808374425,0.3370087784933729,0,0,0,4.1156625954259,0.1923
1580,1854694,2.0,0.3242906075577542,0.0031586541603427754,0.31809922358484793,0.33048199153066043,0.32378761852072263,0.010742803389966325,0.30205824764809763,0.34551698939334763,0.32378761852072263,0.005781245680044742,0.31205106583050074,0.3355241712109445,0,0,0,3.349952858272687,0.2057
1581,1855694,2.0,0.31178779190771294,0.003203765487118264,0.3055079837099894,0.3180676001054365,0.31018951626690106,0.013478359921219442,0.2829269600372631,0.337452072496539,0.31018951626690106,0.007384977749876653,0.2951972143869241,0.325181818146878,0,0,0,5.313454244998963,0.1557
1582,1856694,2.0,0.3356097884321557,0.0030982791177236336,0.32953674760549473,0.3416828292588167,0.3372759481433756,0.011318565619822104,0.3143819882363212,0.36016990805043,0.3372759481433756,0.0066270799782598,0.3238222605383613,0.3507296357483899,0,0,0,4.575129000149159,0.1782
1583,1857694,2.0,0.32325423476298254,0.0031749767635424996,0.3170308563080226,0.3294776132179425,0.3224164491710195,0.011991498643031036,0.2981613537481275,0.34667154459391153,0.3224164491710195,0.006590250413830693,0.30903752955674674,0.3357953687852923,0,0,0,4.308466611485167,0.1859
1584,1858694,2.0,0.2989084346424678,0.003117933583190297,0.2927968684387604,0.3050200008461752,0.298768521349326,0.010994924463821922,0.2765291874698634,0.32100785522878866,0.298768521349326,0.006817042316882502,0.2849291896946048,0.31260785300404725,0,0,0,4.780334203916398,0.1361
1585,1859694,2.0,0.311633528529773,0.003285042353103595,0.3051944068206978,0.3180726502388482,0.3098655893577207,0.012812251061345554,0.2839503654707057,0.3357808132447357,0.3098655893577207,0.00759247306463728,0.29445204959417337,0.325279129121268,0,0,0,5.3417624810359285,0.1766
1586,1860694,2.0,0.321707729536547,0.003160505484369007,0.31551271672131653,0.3279027423517775,0.32121617492034554,0.011173259026058703,0.2986161253411178,0.3438162244995733,0.32121617492034554,0.004405200623971723,0.3122731422080872,0.33015920763260387,0,0,0,1.94275612816369,0.1853
1587,1861694,2.0,0.31389256790040476,0.003071010894652504,0.3078729764324649,0.3199121593683446,0.3135908631645751,0.010619006048627757,0.29211189605020027,0.3350698302789499,0.3135908631645751,0.005826291348438129,0.30176286290581444,0.3254188634233357,0,0,0,3.5993301298808538,0.2016
1588,1862694,2.0,0.3056549086722097,0.003090127415405191,0.299597846270702,0.31171197107371734,0.30595873061873236,0.010542968912303358,0.28463356312958654,0.32728389810787817,0.30595873061873236,0.007042468163146243,0.29166176016627854,0.32025570107118617,0,0,0,5.193940982413306,0.1679
1589,1863694,2.0,0.31567067251148784,0.003264799694669009,0.3092712291162257,0.32207011590675,0.3157980825177731,0.013046327192079226,0.28940939496652573,0.34218677006902043,0.3157980825177731,0.007718163357559008,0.30012937789406124,0.3314667871414849,0,0,0,5.588752155134208,0.1908
1590,1864694,2.0,0.3197777315159702,0.0031714991192611504,0.3135611697082195,0.32599429332372093,0.3201774381690161,0.01178786917668344,0.2963342222187573,0.3440206541192749,0.3201774381690161,0.0073848878212557515,0.3051853188538454,0.3351695574841868,0,0,0,5.421988785815722,0.1746
1591,1865694,2.0,0.3148744741945726,0.003123187828181655,0.3087526089690104,0.3209963394201348,0.31299824501041584,0.010837337558045107,0.2910776607343846,0.33491882928644706,0.31299824501041584,0.005534958882071905,0.301761681101382,0.32423480891944967,0,0,0,3.1407443778498814,0.2166
1592,1866694,2.0,0.3071595536093845,0.0030751451597702336,0.3011318584297085,0.3131872487890605,0.3060931962995107,0.0109250847560506,0.2839951265628151,0.3281912660362063,0.3060931962995107,0.006103311195373076,0.29370281585320474,0.3184835767458167,0,0,0,3.9391252169072324,0.155
1593,1867694,2.0,0.33152353342797425,0.0031211163084471525,0.32540572865773026,0.33764133819821823,0.3311941991909329,0.011433981533768615,0.30806678856271114,0.35432160981915467,0.3311941991909329,0.006547895751467907,0.3179012641125212,0.34448713426934463,0,0,0,4.401326705411678,0.2094
1594,1868694,2.0,0.3069039412513805,0.003085368404903041,0.3008562071459933,0.31295167535676766,0.3060317598985539,0.011570498243039197,0.28262821816205724,0.3294353016350506,0.3060317598985539,0.005802919983308964,0.294251206033436,0.3178123137636718,0,0,0,3.537358760570264,0.1717
1595,1869694,2.0,0.30292657242484605,0.0030690072860743807,0.29691090829728883,0.30894223655240327,0.30222047764899074,0.011309342616617616,0.27934517302677353,0.32509578227120794,0.30222047764899074,0.004775344487315122,0.2925260129451657,0.31191494235281575,0,0,0,2.421104718119493,0.1608
1596,1870694,2.0,0.30720237817192547,0.0031569602115258705,0.3010143145649167,0.31339044177893427,0.30787723386908616,0.011368894332072716,0.2848814745327453,0.330872993205427,0.30787723386908616,0.005544024933809404,0.2966222648965421,0.31913220284163024,0,0,0,3.083984118830413,0.2241
1597,1871694,2.0,0.31332388763647534,0.0032073653567907985,0.3070370232134534,0.3196107520594973,0.3137042652191058,0.01242642576573503,0.2885694466542427,0.33883908378396893,0.3137042652191058,0.007703592884396033,0.2980651402284805,0.32934339020973113,0,0,0,5.768857066128558,0.138
1598,1872694,2.0,0.3140630161307079,0.0031221339896694814,0.3079432165693632,0.32018281569205265,0.31420349749686954,0.011337420933174578,0.29127139911870265,0.33713559587503644,0.31420349749686954,0.0054459770939999635,0.3031475762212705,0.3252594187724686,0,0,0,3.042625817354269,0.2325
1599,1873694,2.0,0.31296912626833995,0.0031312476759863092,0.30683146266473804,0.31910678987194185,0.31370888598775726,0.012459418943717611,0.2885073324213656,0.3389104395541489,0.31370888598775726,0.007967295083161484,0.29753441707272116,0.32988335490279336,0,0,0,6.474212693649969,0.1578
1600,1874694,2.0,0.30856871729174035,0.0031231063937355867,0.3024470116885675,0.31469042289491317,0.31121142336766106,0.011098285156651977,0.28876302275332233,0.3336598239819998,0.31121142336766106,0.005206937945770485,0.30064077736204486,0.32178206937327725,0,0,0,2.7796572319881996,0.2073
1601,1875694,2.0,0.313548193307438,0.0030952978933539575,0.3074809960786656,0.3196153905362104,0.31103438458316374,0.011314401145278834,0.2881488481209547,0.33391992104537277,0.31103438458316374,0.007569203351466942,0.29566808484881163,0.32640068431751584,0,0,0,5.979920932561083,0.1811
1602,1876694,2.0,0.3123056739417941,0.0031629159572052713,0.30610593627790084,0.31850541160568735,0.31044481147534503,0.011301532129260257,0.2875853050549866,0.3333043178957035,0.31044481147534503,0.00750553153364656,0.2952077724031562,0.32568185054753385,0,0,0,5.631026916284478,0.1963
1603,1877694,2.0,0.3118116553179376,0.0031281436051605036,0.3056800761076836,0.31794323452819157,0.31054522089524983,0.010372682847325296,0.2895644894835439,0.33152595230695575,0.31054522089524983,0.006796124114450185,0.2967483554491312,0.32434208634136846,0,0,0,4.720078687819909,0.1614
1604,1878694,2.0,0.3131386311632952,0.003099013186001877,0.3070641514647786,0.3192131108618118,0.3120351358536032,0.010986064985125624,0.2898137219612558,0.3342565497459506,0.3120351358536032,0.006126152936357034,0.2995983842078307,0.3244718874993757,0,0,0,3.9077684376625497,0.2087
1605,1879694,2.0,0.31199505989730003,0.0031942894747091772,0.3057338259493608,0.31825629384523924,0.3128755491431276,0.01193522014133489,0.28873428773460963,0.33701681055164556,0.3128755491431276,0.007016044391936274,0.2986322217981014,0.3271188764881538,0,0,0,4.8243200937759685,0.1382
1606,1880694,2.0,0.3170054652466774,0.003163955492835571,0.3108036899541252,0.32320724053922956,0.31745715617191106,0.011804128110326207,0.29358105342420354,0.3413332589196186,0.31745715617191106,0.00600652847578706,0.3052632550919543,0.32965105725186783,0,0,0,3.6040130036652873,0.1671
1607,1881694,2.0,0.3195138798072716,0.0031177142000174897,0.31340274362388015,0.325625015990663,0.31726848878590214,0.012104551953729262,0.29278472145798073,0.34175225611382354,0.31726848878590214,0.00717357222101695,0.3027053629461392,0.3318316146256651,0,0,0,5.294175670923599,0.2123
1608,1882694,2.0,0.3206807989866626,0.003082934427237893,0.3146378358025417,0.32672376217078347,0.32263073487079147,0.011016535595422774,0.30034768835166803,0.3449137813899149,0.32263073487079147,0.005958683784318743,0.3105339636783092,0.3347275060632737,0,0,0,3.735700948240008,0.1976
1609,1883694,2.0,0.3114142491402594,0.003154632077385733,0.30523074898707314,0.31759774929344564,0.3136064086669823,0.010607214446016722,0.29215129232014153,0.3350615250138231,0.3136064086669823,0.006204101433516682,0.30101141315913077,0.32620140417483384,0,0,0,3.8677674056963594,0.1878
1610,1884694,2.0,0.2969975524286771,0.0030879615719532076,0.2909447353695703,0.3030503694877839,0.2969885185312968,0.011439643750218687,0.2738496549892742,0.3201273820733194,0.2969885185312968,0.006477164934753221,0.2838391746446692,0.31013786241792446,0,0,0,4.3997311359034335,0.2036
1611,1885694,2.0,0.31738920005714516,0.0030917544709017867,0.31132894840958103,0.3234494517047093,0.31704469886181924,0.011104576970795922,0.294583571852141,0.33950582587149747,0.31704469886181924,0.005031805648253884,0.30682959032188417,0.3272598074017543,0,0,0,2.6487301899524485,0.1431
1612,1886694,2.0,0.31664398069225413,0.003232116565315631,0.3103086005951534,0.32297936078935485,0.3154859148584206,0.0111372243095551,0.2929587523730708,0.3380130773437704,0.3154859148584206,0.006527547694385247,0.30223428853201684,0.32873754118482434,0,0,0,4.078740519176731,0.1618
1613,1887694,2.0,0.3103804584404935,0.003286648405194062,0.30393818865484273,0.31682272822614427,0.31183692055075124,0.012483110082601613,0.2865874471328536,0.33708639396864887,0.31183692055075124,0.008614764890001268,0.29434801804754696,0.3293258230539555,0,0,0,6.870373765875047,0.1967
1614,1888694,2.0,0.3170110858865654,0.0032396338083969076,0.31066097098914425,0.32336120078398656,0.3147694244356351,0.01137733123099053,0.2917565998604599,0.33778224901081033,0.3147694244356351,0.0066693843243361955,0.30122985444225164,0.32830899442901856,0,0,0,4.238182400919261,0.2112
1615,1889694,2.0,0.33187893610890673,0.0031566665039762204,0.32569144820791807,0.3380664240098954,0.33057519155952203,0.012269537838573577,0.30575770878039177,0.3553926743386523,0.33057519155952203,0.005651272589386848,0.31910249827110393,0.34204788484794013,0,0,0,3.2050522078137718,0.1817
1616,1890694,2.0,0.31458814524021145,0.003101305619681013,0.30850917206554346,0.32066711841487944,0.3159567575565096,0.010627045672211613,0.2944615287685112,0.33745198634450796,0.3159567575565096,0.00610647118086341,0.3035599619986066,0.3283535531144126,0,0,0,3.8769615278653973,0.2256
1617,1891694,2.0,0.31523762938829536,0.0031039191698766077,0.30915353330622064,0.3213217254703701,0.31317977752457327,0.011537919428280545,0.2898421326608745,0.33651742238827204,0.31317977752457327,0.006721611802261783,0.29953418011418054,0.326825374934966,0,0,0,4.689494677134735,0.1669
1618,1892694,2.0,0.31734772905265074,0.0031250530954899988,0.3112222076540693,0.32347325045123215,0.31490992092688075,0.01082144170164776,0.29302148905525066,0.33679835279851084,0.31490992092688075,0.006679773881288157,0.3013492590115581,0.3284705828422034,0,0,0,4.568869163785268,0.1696
1619,1893694,2.0,0.3155343534897528,0.003223776325024105,0.3092153213774107,0.32185338560209487,0.3140092850758792,0.011958553968903222,0.2898208265462091,0.33819774360554933,0.3140092850758792,0.005158215001754344,0.3035375519051979,0.32448101824656056,0,0,0,2.5601716095367193,0.194
1620,1894694,2.0,0.31648513465343864,0.0031722713172422593,0.3102670592345227,0.3227032100723546,0.3162741673821478,0.011781856154981904,0.2924431139162867,0.3401052208480089,0.3162741673821478,0.007318463265654175,0.3014168970839344,0.33113143768036124,0,0,0,5.322297487730309,0.1689
1621,1895694,2.0,0.31259096116622637,0.0031703054865204953,0.3063767390380496,0.31880518329440316,0.31159641865792964,0.012264307099822078,0.28678951604657715,0.33640332126928213,0.31159641865792964,0.007867750601491336,0.2956240357843457,0.3275688015315136,0,0,0,6.15884033135708,0.2058
1622,1896694,2.0,0.30343835656272766,0.003012230519620538,0.2975339824796043,0.30934273064585105,0.30535782134338224,0.010463797382861186,0.2841927933879645,0.3265228492988,0.30535782134338224,0.005324867182586787,0.29454776625913276,0.3161678764276317,0,0,0,3.124936167560518,0.1579
1623,1897694,2.0,0.3145018377527079,0.0031559666155233893,0.3083157217265525,0.3206879537788633,0.3187665971092197,0.012626914974107508,0.29322625084301623,0.3443069433754231,0.3187665971092197,0.00835951645881397,0.3017958764698422,0.33573731774859716,0,0,0,7.016128158291801,0.2546
1624,1898694,2.0,0.304259680458397,0.003189441110991144,0.29800794995081403,0.31051141096598,0.3043259128712596,0.011545188260966701,0.28097356540568724,0.32767826033683195,0.3043259128712596,0.007108033204290443,0.28989583830896287,0.3187559874335563,0,0,0,4.966720489789176,0.1854
1625,1899694,2.0,0.3078877933644208,0.003145382243448055,0.3017224241210102,0.3140531626078314,0.30706614415478245,0.011730674716242482,0.28333861492033396,0.33079367338923094,0.30706614415478245,0.005290729257724454,0.29632539274245,0.3178068955671149,0,0,0,2.8293339735302028,0.1752
1626,1900694,2.0,0.31374386923896297,0.003170571333810146,0.3075291260145962,0.31995861246332974,0.31262477454268783,0.01239038730129706,0.2875628506526155,0.33768669843276017,0.31262477454268783,0.007243662076409532,0.29791935873180253,0.32733019035357314,0,0,0,5.219649082619628,0.1639
1627,1901694,2.0,0.3190299654500795,0.0031961124850877817,0.31276515815834655,0.32529477274181245,0.31852048052566656,0.012325441296527039,0.2935899223297352,0.34345103872159793,0.31852048052566656,0.006433441685958806,0.30545989955306535,0.33158106149826777,0,0,0,4.05174986492097,0.1893
1628,1902694,2.0,0.3197254850678939,0.003200497541659596,0.3134520824796831,0.3259988876561047,0.3199475369791647,0.012633334785710604,0.29439420541832334,0.3455008685400061,0.3199475369791647,0.006320445110625996,0.3071163512500118,0.33277872270831765,0,0,0,3.8999616126388275,0.2135
1629,1903694,2.0,0.3081117545757644,0.0030965305022392356,0.30204214126896956,0.31418136788255924,0.30934096916081943,0.01174141747204403,0.285591710651755,0.3330902276698839,0.30934096916081943,0.00637272556761756,0.29640364846143535,0.3222782898602035,0,0,0,4.235451455795992,0.211
1630,1904694,2.0,0.3047874492915389,0.0030866392516527455,0.29873722415680865,0.31083767442626914,0.30286297212602226,0.010419748404735633,0.28178704163869595,0.32393890261334857,0.30286297212602226,0.006446998990062735,0.28977486836287397,0.31595107588917054,0,0,0,4.362580512559376,0.1581
1631,1905694,2.0,0.3122969387706614,0.0030316854635560678,0.3063544303993375,0.31823944714198527,0.31262749652327537,0.009690939911638462,0.2930257203573824,0.33222927268916835,0.31262749652327537,0.0044713098394513736,0.3035502549685414,0.32170473807800937,0,0,0,2.175210284485978,0.2056
1632,1906694,2.0,0.3065263337620223,0.0031788990195393925,0.30029526716151556,0.3127574003625291,0.3064649845231657,0.013124010933574055,0.27991916677336226,0.3330108022729691,0.3064649845231657,0.006579723025554527,0.2931074366432961,0.31982253240303526,0,0,0,4.284121309212584,0.197
1633,1907694,2.0,0.3161681699970213,0.0032609193832748764,0.3097763325302831,0.3225600074637595,0.3206100207708925,0.012276068680671538,0.29577932811675056,0.34544071342503446,0.3206100207708925,0.00738660136285709,0.30561442278133155,0.3356056187604535,0,0,0,5.131084881762156,0.1728
1634,1908694,2.0,0.3099694871969762,0.003109322911160038,0.30387479906034986,0.31606417533360254,0.30905918247808095,0.011161246425890765,0.28648343067613896,0.33163493428002294,0.30905918247808095,0.0057356248740435345,0.2974152449478153,0.3207031200083466,0,0,0,3.402748295093234,0.2213
1635,1909694,2.0,0.3169341633911175,0.0031792106686029586,0.31070248591682736,0.32316584086540767,0.31756583743860406,0.011642363006140502,0.29401693549831176,0.34111473937889636,0.31756583743860406,0.006826373287495352,0.3037075629064634,0.33142411197074473,0,0,0,4.610430207296175,0.181
1636,1910694,2.0,0.31704927647755565,0.0031526532836993453,0.3108696550242503,0.323228897930861,0.31792272377066394,0.011739506140414812,0.2941773312947311,0.34166811624659676,0.31792272377066394,0.006617853818155973,0.3044877662664237,0.33135768127490417,0,0,0,4.40637968988649,0.2091
1637,1911694,2.0,0.3138446957110566,0.0031371507904472953,0.3076954612147869,0.3199939302073263,0.31720772312426093,0.011476198883208909,0.29399491984665826,0.3404205264018636,0.31720772312426093,0.005377513679067372,0.3062907899701116,0.32812465627841025,0,0,0,2.9382737792758924,0.2104
1638,1912694,2.0,0.311147601268363,0.0030844111630240322,0.3051017434848924,0.3171934590518336,0.31083168387263677,0.011270061810752489,0.28803583217977463,0.3336275355654989,0.31083168387263677,0.0067164423681461876,0.2971965809714267,0.3244667867738468,0,0,0,4.741699773249389,0.2192
1639,1913694,2.0,0.3174383518384143,0.003181709127065576,0.3112017770518838,0.3236749266249448,0.31550800773816295,0.013380932390279095,0.2884425172907196,0.3425734981856063,0.31550800773816295,0.009122347345933167,0.2969886580669306,0.3340273574093953,0,0,0,8.2203869591002,0.1736
1640,1914694,2.0,0.31363780252500967,0.0030495310531009354,0.30766031441501024,0.3196152906350091,0.3154625692392326,0.01091006997714667,0.29339486975949236,0.33753026871897285,0.3154625692392326,0.005772007366553018,0.30374477132247396,0.32718036715599125,0,0,0,3.5825118300855356,0.1799
1641,1915694,2.0,0.32196392614293895,0.0031647531560722387,0.31576058732392,0.3281672649619579,0.32220973660076524,0.011973928586122251,0.29799017997244714,0.34642929322908333,0.32220973660076524,0.006594873358000788,0.3088214319108809,0.3355980412906496,0,0,0,4.342434106508847,0.1807
1642,1916694,2.0,0.31021019327062516,0.0031837338203257537,0.30396964981491953,0.3164507367263308,0.30996910458016524,0.01236780218157885,0.28495286340667486,0.33498534575365563,0.30996910458016524,0.005491093757939598,0.2988215916074061,0.32111661755292437,0,0,0,2.9747071443916133,0.2037
1643,1917694,2.0,0.30335951203275174,0.0031912713358396797,0.29710419404005045,0.30961483002545304,0.3021739366682207,0.01189969537664493,0.27810453087867754,0.3262433424577638,0.3021739366682207,0.005142369888649085,0.2917343707872783,0.31261350254916304,0,0,0,2.596564776238764,0.2156
1644,1918694,2.0,0.31564546511926667,0.003029717954376181,0.309706813328684,0.32158411690984934,0.3144786314614475,0.010836179594120003,0.29256038938853335,0.33639687353436165,0.3144786314614475,0.0059145128147414325,0.30247153210450267,0.32648573081839233,0,0,0,3.8109526516397403,0.1912
1645,1919694,2.0,0.32511868344119094,0.003074520009228838,0.319092213640061,0.33114515324232086,0.32639503834057176,0.011444022350588471,0.3032473182433387,0.3495427584378048,0.32639503834057176,0.00678002738129723,0.31263085100004584,0.3401592256810977,0,0,0,4.86304454779344,0.164
1646,1920694,2.0,0.320613158856997,0.0031394217144039213,0.3144594730465045,0.32676684466748945,0.32051523395751447,0.011900522373170522,0.2964441554096081,0.3445863125054208,0.32051523395751447,0.0050837157561191065,0.3101947422960459,0.33083572561898306,0,0,0,2.622184249299626,0.1658
1647,1921694,2.0,0.3080430762743214,0.003174283776007688,0.3018210561674739,0.31426509638116895,0.30816885284995554,0.012013356251069692,0.28386954624175004,0.33246815945816105,0.30816885284995554,0.007884608110808678,0.2921622474130559,0.3241754582868552,0,0,0,6.16976647101689,0.2696
1648,1922694,2.0,0.30606648789352814,0.003072826096341733,0.3000433383878685,0.31208963739918777,0.30567657700559914,0.010444460244231731,0.2845506621049067,0.32680249190629157,0.30567657700559914,0.005704271037573775,0.2940962911473318,0.31725686286386645,0,0,0,3.4460719486249,0.1478
1649,1923694,2.0,0.29696817303004575,0.0031873541206458886,0.290720533302244,0.3032158127578475,0.2976363704246337,0.012395273734686492,0.2725645627901132,0.3227081780591542,0.2976363704246337,0.005822557863127751,0.2858159495440017,0.3094567913052657,0,0,0,3.33708287426498,0.2439
1650,1924694,2.0,0.3059168807595836,0.0031001596153216178,0.2998401539065018,0.3119936076126654,0.3059360736148927,0.010830333660603191,0.2840296560586222,0.32784249117116326,0.3059360736148927,0.006307449429098584,0.29313127052184157,0.3187408767079439,0,0,0,4.139419538349024,0.2197
1651,1925694,2.0,0.32601159088255177,0.0032246410618324175,0.3196908637705852,0.33233231799451834,0.323229450690603,0.012943500510640896,0.2970487497342385,0.3494101516469675,0.323229450690603,0.008046472883046024,0.3068942422962799,0.3395646590849261,0,0,0,6.226562392996859,0.1987
1652,1926694,2.0,0.3087831811828541,0.003225551236433615,0.30246067000712096,0.3151056923585872,0.3086755460702418,0.012184147755100799,0.28403078103761314,0.3333203111028704,0.3086755460702418,0.006110148475401647,0.29627128520754215,0.3210798069329414,0,0,0,3.5883569485179074,0.151
1653,1927694,2.0,0.31944112674686304,0.003141148839387497,0.31328405554075595,0.3255981979529701,0.3185537293834601,0.011667893057835749,0.2949531880394158,0.34215427072750443,0.3185537293834601,0.005859672442522518,0.3066579619009451,0.33044949686597513,0,0,0,3.4799231104679524,0.1586
1654,1928694,2.0,0.31576772877516934,0.003108712754522359,0.30967423662703547,0.3218612209233032,0.3144982418528041,0.012083217826472715,0.29005762687037145,0.3389388568352368,0.3144982418528041,0.00671399807486812,0.3008681011307568,0.32812838257485144,0,0,0,4.664458513225611,0.2344
1655,1929694,2.0,0.3082444124007275,0.0031468691232408043,0.30207612867435957,0.3144126961270954,0.3084785250820372,0.010843162274036582,0.28654615920585824,0.3304108909582162,0.3084785250820372,0.00594781640199347,0.29640381584857284,0.3205532343155016,0,0,0,3.5723807954853197,0.2253
1656,1930694,2.0,0.31903056450454415,0.003217295700893645,0.31272423528094484,0.32533689372814345,0.3205578809654113,0.011722124012645344,0.2968476471614887,0.34426811476933394,0.3205578809654113,0.007155618816302622,0.306031202474898,0.33508455945592464,0,0,0,4.946664289701477,0.1809
1657,1931694,2.0,0.312008347064957,0.003136385124716005,0.30586061337577053,0.3181560807541435,0.31169702836759705,0.011392160673036191,0.2886542084146469,0.3347398483205472,0.31169702836759705,0.005724114284994706,0.30007645857541826,0.32331759815977584,0,0,0,3.3308710611304875,0.2241
1658,1932694,2.0,0.31538550594051323,0.0032253603771892955,0.30906336887438707,0.3217076430066394,0.31232406222882275,0.011167211252666473,0.2897362454259219,0.3349118790317236,0.31232406222882275,0.0063858165767773905,0.2993601653679545,0.325287959089691,0,0,0,3.91991262730816,0.2107
1659,1933694,2.0,0.31179035160473756,0.003045224484218715,0.3058213049448628,0.3177593982646123,0.309799612832133,0.010844295977131924,0.28786495382499705,0.3317342718392689,0.309799612832133,0.006807299862459941,0.29598005941137556,0.3236191662528904,0,0,0,4.997020574725625,0.2011
1660,1934694,2.0,0.3147017010409306,0.0031169250335569615,0.3085921117291901,0.3208112903526711,0.31219513088885376,0.01131635336795146,0.2893056456835709,0.3350846160941366,0.31219513088885376,0.006415362740784737,0.29917125212618484,0.3252190096515227,0,0,0,4.2363293927619035,0.1854
1661,1935694,2.0,0.31195847779459085,0.0031714653327664837,0.3057419822128817,0.3181749733763,0.31177243727679926,0.011762851149105115,0.28797982506376035,0.3355650494898382,0.31177243727679926,0.007736356122731807,0.29606679937627334,0.3274780751773252,0,0,0,5.950493282864663,0.203
1662,1936694,2.0,0.3189787808978898,0.0031965796392033324,0.3127130579217048,0.3252445038740748,0.3204373639143711,0.011301513482015503,0.2975778952116253,0.3432968326171169,0.3204373639143711,0.00717780911344954,0.3058656367256896,0.3350090911030526,0,0,0,5.04211505264594,0.16
1663,1937694,2.0,0.32214055059786967,0.0032643733718810777,0.3157419428522046,0.32853915834353475,0.32363945826840307,0.012668475037459818,0.29801504883942076,0.3492638676973854,0.32363945826840307,0.008203878969939621,0.3069846985291224,0.3402942180076837,0,0,0,6.315952224477113,0.2047
1664,1938694,2.0,0.3221788019388915,0.0030466355870596875,0.31620698932900443,0.32815061454877853,0.32044474558798786,0.010322898505686122,0.2995647125120755,0.3413247786639002,0.32044474558798786,0.00584839635675225,0.3085718697765947,0.33231762139938104,0,0,0,3.684958272995206,0.1944
1665,1939694,2.0,0.3078992420264471,0.0032198257028806295,0.30158795366108726,0.3142105303918069,0.305896236862187,0.012294233595288358,0.28102880220018633,0.3307636715241876,0.305896236862187,0.006393040932349135,0.29291767377979605,0.3188747999445779,0,0,0,3.9423052135194756,0.1653
1666,1940694,2.0,0.3006096547895866,0.003067666540343208,0.29459661870271076,0.3066226908764625,0.3023625641394417,0.010697996824418568,0.2807238231001081,0.32400130517877523,0.3023625641394417,0.0061452625140927504,0.28988701798840233,0.31483811029048103,0,0,0,4.01295769038979,0.166
1667,1941694,2.0,0.30811191410492084,0.003204273987338963,0.30183110917885764,0.31439271903098404,0.30728987554038484,0.012300283048241581,0.28241020470482453,0.33216954637594515,0.30728987554038484,0.006963734963293058,0.2931527419811695,0.3214270090996002,0,0,0,4.723078666091569,0.1943
1668,1942694,2.0,0.32078820902013416,0.0032276828342041575,0.31446151962810914,0.3271148984121592,0.3228643887965155,0.01325015208211142,0.2960634264909226,0.34966535110210845,0.3228643887965155,0.006558237991098812,0.3095504578554332,0.3361783197375978,0,0,0,4.128503340160149,0.1984
1669,1943694,2.0,0.3100120829505098,0.0031564413827658913,0.3038250363171569,0.3161991295838627,0.3104221693841667,0.012049153040031712,0.28605045693596126,0.3347938818323722,0.3104221693841667,0.006522467479887592,0.2971808564414919,0.32366348232684156,0,0,0,4.270005040596307,0.1684
1670,1944694,2.0,0.3220154703144742,0.0032305289316081004,0.31568320219145884,0.32834773843748954,0.32182327946573863,0.011664773867156272,0.29822904728035954,0.3454175116511177,0.32182327946573863,0.006918568786373857,0.30777783812037574,0.33586872081110153,0,0,0,4.586540753369191,0.2078
1671,1945694,2.0,0.31182202779437956,0.0031075459376995692,0.30573082276303953,0.3179132328257196,0.3115224401721832,0.01167948760636645,0.28789844664010394,0.3351464337042625,0.3115224401721832,0.006420135856780989,0.2984888714688878,0.32455600887547864,0,0,0,4.268284131150277,0.1752
1672,1946694,2.0,0.3172518948676685,0.0032082587433998493,0.3109632792875866,0.32354051044775045,0.3182237851627786,0.012853840313059316,0.29222443907395107,0.34422313125160614,0.3182237851627786,0.0069831209409202425,0.30404729597668545,0.33240027434887176,0,0,0,4.737621427662231,0.1868
1673,1947694,2.0,0.3146051941229193,0.0031279044226741252,0.30847408374227997,0.32073630450355867,0.31177762360525324,0.011859967546480886,0.2877885749370557,0.3357666722734508,0.31177762360525324,0.0054262921991022044,0.30076166479085287,0.3227935824196536,0,0,0,3.0095350406423975,0.1455
1674,1948694,2.0,0.3192114832363499,0.0031904535391491834,0.31295776823437366,0.32546519823832615,0.3190819187431491,0.01111327398929047,0.2966032003531306,0.34156063713316764,0.3190819187431491,0.006486971552259009,0.30591266636457365,0.3322511711217246,0,0,0,4.134082484644773,0.2361
1675,1949694,2.0,0.31179750545793367,0.003064087912132841,0.3057914839602537,0.31780352695561365,0.3127520868907501,0.010986442778200193,0.29052990883978114,0.3349742649417191,0.3127520868907501,0.006610803752948243,0.29933144177978277,0.3261727320017175,0,0,0,4.654854246814776,0.1818
1676,1950694,2.0,0.3159021525632871,0.003066862730068015,0.30989069205189446,0.3219136130746797,0.315764084170235,0.010781609753947567,0.29395622001754546,0.33757194832292453,0.315764084170235,0.006230069314917971,0.30311637106047085,0.32841179727999914,0,0,0,4.126644732437667,0.2169
1677,1951694,2.0,0.3067271646299737,0.003168055153461268,0.300517353455111,0.31293697580483637,0.3072508130792684,0.01094193009814005,0.28511867042208355,0.3293829557364532,0.3072508130792684,0.006066375055155707,0.2949354169840567,0.3195662091744801,0,0,0,3.6666803140982513,0.1726
1678,1952694,2.0,0.31452668170418135,0.003226309632927911,0.3082026839700403,0.3208506794383224,0.3160362445719874,0.01215105319561745,0.29145841960432833,0.3406140695396465,0.3160362445719874,0.008224543413696528,0.29933953378160294,0.3327329553623719,0,0,0,6.498475787053124,0.2003
1679,1953694,2.0,0.3120461595386064,0.0032457820767319294,0.3056839932141856,0.31840832586302725,0.31119389346475324,0.011608123423560534,0.2877142476172513,0.3346735393122552,0.31119389346475324,0.007625793705672524,0.2957127092036659,0.3266750777258406,0,0,0,5.5199022812142005,0.1611
1680,1954694,2.0,0.3070340382767499,0.0031366427297312236,0.3008857996473321,0.31318227690616773,0.3053546621476515,0.010429962631739597,0.2842580714361091,0.3264512528591939,0.3053546621476515,0.005588858504929167,0.29400867618692544,0.31670064810837756,0,0,0,3.1747981622523405,0.2255
1681,1955694,2.0,0.30926271051769105,0.003372430849829634,0.30265229568484214,0.31587312535053996,0.31008203333352397,0.012902690118142044,0.28398387918751,0.33618018747953793,0.31008203333352397,0.008055244849492056,0.2937290169005724,0.3264350497664755,0,0,0,5.70520671818679,0.1873
1682,1956694,2.0,0.32413856921344514,0.0030274658798908317,0.3182043317896043,0.330072806637286,0.32576356760218605,0.01099584044478213,0.30352238097635226,0.34800475422801985,0.32576356760218605,0.005640624022572325,0.3143124920536826,0.3372146431506895,0,0,0,3.471329114503332,0.1875
1683,1957694,2.0,0.3122159567761919,0.003050574876847056,0.3062364226322539,0.3181954909201299,0.3145146868379882,0.011511317870732146,0.29123084870320143,0.337798524972775,0.3145146868379882,0.006815129254081058,0.3006792389072274,0.328350134768749,0,0,0,4.990968344886808,0.1701
1684,1958694,2.0,0.3130234168385636,0.0031950666080188626,0.3067606596055561,0.3192861740715711,0.31230633631667837,0.011638539409812474,0.2887651683299607,0.33584750430339605,0.31230633631667837,0.006535722368098222,0.29903811452035906,0.3255745581129977,0,0,0,4.184343777759967,0.2153
1685,1959694,2.0,0.3065727426464784,0.0032416447723417102,0.3002186859911737,0.3129267993017831,0.30619375338515614,0.013920690274584308,0.27803649956611043,0.33435100720420186,0.30619375338515614,0.006670026472610973,0.2926528797614689,0.31973462700884336,0,0,0,4.233740850636847,0.1808
1686,1960694,2.0,0.30851522097171297,0.0031385002480120625,0.30236334135840465,0.3146671005850213,0.31154205931641804,0.011079192494541918,0.2891322772563687,0.3339518413764674,0.31154205931641804,0.005369078137814087,0.30064225122144606,0.32244186741139,0,0,0,2.9265443788099947,0.2167
1687,1961694,2.0,0.3082765121730255,0.0030818071998124793,0.30223575850519263,0.31431726584085834,0.30702535579869866,0.010182926999098828,0.2864284418182243,0.327622269779173,0.30702535579869866,0.0047759766201955,0.2973296077969015,0.31672110380049584,0,0,0,2.4016706645740244,0.198
1688,1962694,2.0,0.31855682306863714,0.0031291561526590205,0.31242325913006663,0.32469038700720765,0.3186998626509381,0.01024239190586686,0.2979826695434832,0.339417055758393,0.3186998626509381,0.0062038060730733955,0.30610546675666417,0.331294258545212,0,0,0,3.9306281042831492,0.1672
1689,1963694,2.0,0.31618320405032463,0.003193852715029527,0.3099228262096841,0.32244358189096517,0.3161707086642985,0.011366976000159993,0.2931788295204991,0.33916258780809794,0.3161707086642985,0.005045869419968899,0.3059270491499037,0.32641436817869335,0,0,0,2.4959865764819935,0.197
1690,1964694,2.0,0.3079761026894721,0.003347599254134348,0.30141436110029124,0.314537844278653,0.30837361808889885,0.014195437126092501,0.2796606363079988,0.3370865998697989,0.30837361808889885,0.009828452066000129,0.2884207996272835,0.3283264365505142,0,0,0,8.619921742035485,0.1946
1691,1965694,2.0,0.3156061362399899,0.0032048559279138312,0.3093241906326854,0.3218880818472944,0.3143928832653663,0.011469037305564391,0.29119456564583834,0.33759120088489425,0.3143928832653663,0.006753559905368136,0.3006824277575648,0.3281033387731678,0,0,0,4.440669904043369,0.154
1692,1966694,2.0,0.3238381301130032,0.0031029361333740537,0.3177559609137519,0.32992029931225453,0.32319242113963514,0.010628976248313257,0.30169328739288553,0.34469155488638475,0.32319242113963514,0.005906673627263584,0.31120123617934015,0.33518360609993014,0,0,0,3.623600206523185,0.1917
1693,1967694,2.0,0.310575621135218,0.0031519445368208203,0.3043973889204433,0.31675385334999273,0.3094380319008049,0.01126922560609049,0.2866438715915199,0.33223219221008987,0.3094380319008049,0.007353745878872526,0.2945091340897675,0.3243669297118423,0,0,0,5.443272825282567,0.1664
1694,1968694,2.0,0.31206843650048727,0.0032080743270996416,0.30578018240098137,0.31835669059999316,0.31091320883083573,0.01208641898018247,0.2864661189038607,0.33536029875781076,0.31091320883083573,0.007194518769644879,0.29630755923663377,0.3255188584250377,0,0,0,5.02938238429032,0.2063
1695,1969694,2.0,0.31298070441680864,0.00312872722284539,0.30684798123795376,0.3191134275956635,0.3117779444912085,0.01139597945121274,0.28872740033031496,0.334828488652102,0.3117779444912085,0.006714010588380925,0.29814777836537965,0.32540811061703734,0,0,0,4.604989472790099,0.2184
1696,1970694,2.0,0.311553399310345,0.0030486989368250055,0.30557754225937034,0.3175292563613196,0.3115028721077009,0.010488070729313192,0.29028874667481575,0.33271699754058603,0.3115028721077009,0.005815041574744272,0.29969771010370716,0.3233080341116946,0,0,0,3.6381162282975708,0.2024
1697,1971694,2.0,0.3106691589079686,0.003163810744143639,0.3044676673421829,0.3168706504737543,0.31434793232898617,0.011218397971596917,0.2916565806144783,0.33703928404349404,0.31434793232898617,0.006217118040719918,0.30172651170365244,0.3269693529543199,0,0,0,3.861510616207875,0.2093
1698,1972694,2.0,0.3075984450359923,0.003179931283889709,0.30136535505950646,0.3138315350124782,0.3083034711463492,0.011073006038937966,0.28590620237387715,0.33070073991882126,0.3083034711463492,0.005855046800695153,0.29641709421598117,0.32018984807671724,0,0,0,3.3901996218888004,0.2164
1699,1973694,2.0,0.32433441288659726,0.0030963258302188546,0.31826520076429504,0.33040362500889947,0.3236657067929624,0.01189226787997891,0.29961132453348427,0.34772008905244056,0.3236657067929624,0.007056746960591557,0.309339748840609,0.33799166474531583,0,0,0,5.194165439164142,0.2525
1700,1974694,2.0,0.3049030205363682,0.003236308829776031,0.2985594230410742,0.3112466180316622,0.30427198383938964,0.012785072168603067,0.2784117344519415,0.33013223322683777,0.30427198383938964,0.007988604663755531,0.28805425417584185,0.3204897135029374,0,0,0,6.093151026300259,0.1548
1701,1975694,2.0,0.3204878216376451,0.0030374347143844907,0.3145340439669208,0.3264415993083694,0.3205651612336786,0.010238606312674625,0.29985562521120057,0.34127469725615667,0.3205651612336786,0.005369591587872474,0.3096643107796724,0.33146601168768486,0,0,0,3.1251337178949448,0.1754
1702,1976694,2.0,0.31260675261600473,0.003139014791277422,0.30645386442918227,0.3187596408028272,0.30970070320277027,0.010952014804086703,0.2875481623024359,0.3318532441031046,0.30970070320277027,0.00622244084789932,0.2970684767043811,0.32233292970115945,0,0,0,3.92947770755285,0.1824
1703,1977694,2.0,0.30883774965540844,0.003209940507494826,0.3025458375931112,0.3151296617177057,0.30751309656866427,0.01046153405452203,0.2863526466269272,0.3286735465104013,0.30751309656866427,0.005343694305775202,0.2966648203923638,0.31836137274496473,0,0,0,2.77133639165051,0.1831
1704,1978694,2.0,0.31491677427703796,0.0030744663829381973,0.30889040959059916,0.32094313896347676,0.3169924956225463,0.011835357553054893,0.29305322536459366,0.3409317658804989,0.3169924956225463,0.00769184345259387,0.30137722324657495,0.3326077679985176,0,0,0,6.2592367120372465,0.161
1705,1979694,2.0,0.31028570816065687,0.0031775670550548336,0.3040572523884154,0.31651416393289833,0.3122456293109172,0.009411192931201214,0.2932096948222624,0.331281563799572,0.3122456293109172,0.005957943151704873,0.3001503616825763,0.3243408969392581,0,0,0,3.5156308104349283,0.2244
1706,1980694,2.0,0.29791405732992793,0.003119864867994648,0.29179870555009296,0.3040294091097629,0.2960115715865756,0.012089756852335608,0.2715577301759042,0.320465412997247,0.2960115715865756,0.006267645428712464,0.2832875749102844,0.3087355682628668,0,0,0,4.035870961585881,0.2248
1707,1981694,2.0,0.31573196718480107,0.0031333766189125026,0.3095901305687567,0.3218738038008454,0.31744274475585266,0.011405222151661587,0.2943735054686846,0.3405119840430207,0.31744274475585266,0.005530584226795204,0.3062150618691794,0.3286704276425259,0,0,0,3.1154215850505675,0.1889
1708,1982694,2.0,0.3193465007113284,0.003117228642579736,0.3132363162853582,0.32545668513729864,0.3200289816339241,0.01080498420975417,0.2981738381817138,0.34188412508613447,0.3200289816339241,0.004792160305017431,0.31030037900526164,0.3297575842625866,0,0,0,2.3633353915303266,0.1845
1709,1983694,2.0,0.31125567110032104,0.003114916687041214,0.3051500184159536,0.31736132378468845,0.3082434572220268,0.011615651930703089,0.2847485835314862,0.3317383309125674,0.3082434572220268,0.006086943889944933,0.2958863041722346,0.32060061027181896,0,0,0,3.8186136985454002,0.2269
1710,1984694,2.0,0.31151316651717625,0.003090188156737881,0.3054559850545449,0.3175703479798076,0.3107914983897845,0.010549838754730598,0.28945243533273896,0.33213056144683,0.3107914983897845,0.0060039795854439195,0.2986027718323216,0.3229802249472474,0,0,0,3.7749270756448325,0.1884
1711,1985694,2.0,0.3223030595594156,0.0030806912605369713,0.31626449328158945,0.3283416258372417,0.32277883967380655,0.010840705709804273,0.3008514426677948,0.3447062366798183,0.32277883967380655,0.007082440907545414,0.30840072023603404,0.33715695911157906,0,0,0,5.285299060587022,0.2089
1712,1986694,2.0,0.31153474337121534,0.003114257362250592,0.30543038305148623,0.31763910369094445,0.3135948176817272,0.0113982879191263,0.29053960420374575,0.33665003115970865,0.3135948176817272,0.006773441299568474,0.29984400079793494,0.32734563456551946,0,0,0,4.73052937079187,0.2089
1713,1987694,2.0,0.3066048734814765,0.003250462285845031,0.3002335333221812,0.3129762136407718,0.303243626391262,0.012699567912029149,0.27755632568721045,0.3289309270953136,0.303243626391262,0.008797670674155142,0.2853834054055241,0.32110384737699993,0,0,0,7.32563268538843,0.2473
1714,1988694,2.0,0.3075445345846749,0.003208566861343313,0.30125531505227654,0.31383375411707326,0.3098425969673778,0.011716958526663294,0.28614281134504865,0.333542382589707,0.3098425969673778,0.006593972881114237,0.29645612034276003,0.3232290735919956,0,0,0,4.2234963769102665,0.1993
1715,1989694,2.0,0.32176607300237836,0.003091972063154692,0.3157053948449404,0.3278267511598163,0.323506401766572,0.010966403076983388,0.3013247578372945,0.34568804569584954,0.323506401766572,0.006144202823333261,0.311033006902145,0.33597979663099903,0,0,0,3.94875296047003,0.241
1716,1990694,2.0,0.3111344279686594,0.0031116350950571303,0.305035207642817,0.31723364829450185,0.30988083261306476,0.012144809156373521,0.28531563740688876,0.33444602781924077,0.30988083261306476,0.007430651835838214,0.29479580740906164,0.3249658578170679,0,0,0,5.702647188963708,0.1347
1717,1991694,2.0,0.30192760724055917,0.0030534848332190215,0.29594236919352557,0.3079128452875928,0.3028306339867722,0.010845543390053539,0.2808934518488462,0.3247678161246982,0.3028306339867722,0.007553987495442672,0.28749522408237005,0.3181660438911743,0,0,0,6.120134813059434,0.2656
1718,1992694,2.0,0.3113211921156551,0.0032528991128914757,0.30494507544992566,0.3176973087813846,0.31202321820461126,0.01276281191650113,0.2862079944269675,0.33783844198225504,0.31202321820461126,0.00722229889799094,0.29736117195160616,0.32668526445761636,0,0,0,4.929577829340289,0.1968
1719,1993694,2.0,0.31766969964524655,0.00316611793518973,0.3114636856768995,0.3238757136135936,0.31998181946320237,0.01146246457479973,0.2967967964465119,0.3431668424798928,0.31998181946320237,0.005268126142638947,0.30928695481400814,0.3306766841123966,0,0,0,2.7685868698448206,0.1644
1720,1994694,2.0,0.3318242132732331,0.0030829778520451733,0.3257811649706908,0.33786726157577535,0.33341039250833443,0.01138624046655116,0.31037954730328626,0.3564412377133826,0.33341039250833443,0.005427898550930226,0.3223911726263524,0.34442961239031644,0,0,0,3.099721205465302,0.2096
1721,1995694,2.0,0.31738965714315026,0.003173723982998849,0.3111687343053569,0.3236105799809436,0.3163699644402591,0.011202903498433106,0.2937099532559304,0.3390299756245878,0.3163699644402591,0.006865924011224729,0.3024313976703074,0.3303085312102108,0,0,0,4.680148977664152,0.2054
1722,1996694,2.0,0.30336796743759775,0.0031227221624500405,0.29724701497905626,0.30948891989613925,0.3062859434658564,0.01238386520833061,0.28123721175400695,0.3313346751777059,0.3062859434658564,0.0062457965884400056,0.29360630229342544,0.3189655846382874,0,0,0,4.000451238958842,0.111
1723,1997694,2.0,0.3157147933501854,0.0031873959774242414,0.30946707157750836,0.3219625151228624,0.3161287257321868,0.012268599450495675,0.2913131410221012,0.3409443104422724,0.3161287257321868,0.0065631435507013955,0.3028048359756628,0.3294526154887108,0,0,0,4.2398624391465605,0.2234
1724,1998694,2.0,0.311985836524435,0.00312831882604411,0.30585391385784955,0.3181177591910205,0.31411622007951695,0.01239921814812065,0.2890364341157583,0.3391960060432756,0.31411622007951695,0.0060863024483502,0.30176036922539173,0.32647207093364217,0,0,0,3.785166987090592,0.1981
1725,1999694,2.0,0.3151766677353148,0.003157976135177768,0.30898661278227796,0.3213667226883516,0.31607901609781136,0.011906978105356868,0.29199487959902953,0.3401631525965932,0.31607901609781136,0.006275668880791406,0.30333873094784275,0.32881930124777997,0,0,0,3.9491384059517567,0.2166
1726,2000694,2.0,0.3224792189058984,0.0031085597692241756,0.31638602662937926,0.3285724111824176,0.32187640383949956,0.010246509739288413,0.30115088162777265,0.34260192605122647,0.32187640383949956,0.005259861373548154,0.3111983175635617,0.3325544901154374,0,0,0,2.863058040980968,0.2023
1727,2001694,2.0,0.2998563353300364,0.003157982068398751,0.2936662687470942,0.30604640191297866,0.3026116461584755,0.011221881995050653,0.2799132473413626,0.32531004497558846,0.3026116461584755,0.006164251156366389,0.29009755101420975,0.3151257413027413,0,0,0,3.8101434878462714,0.2091
1728,2002694,2.0,0.3146433970742141,0.0032652920923032917,0.30824298851383214,0.3210438056345961,0.31470931863849966,0.011500180496362401,0.2914480079697236,0.3379706293072757,0.31470931863849966,0.008235809928595085,0.2979897356068959,0.3314289016701034,0,0,0,6.361632207288616,0.1858
1729,2003694,2.0,0.3115582451590511,0.003231272735008731,0.3052245190820402,0.31789197123606205,0.3110760687089311,0.01199693653197146,0.2868099741174551,0.3353421633004071,0.3110760687089311,0.007215093772513413,0.29642864963828197,0.32572348777958027,0,0,0,4.985821516806868,0.1684
1730,2004694,2.0,0.31342590163542633,0.003104014632780124,0.3073416184333122,0.31951018483754046,0.3151922877020122,0.010826851000836012,0.29329291449003025,0.3370916609139941,0.3151922877020122,0.006325236944270637,0.3023513740333864,0.32803320137063796,0,0,0,4.152465930748471,0.2202
1731,2005694,2.0,0.30519448101660696,0.003149196557935897,0.2990216352074222,0.3113673268257917,0.3033553663379115,0.012248401751101805,0.27858063533099553,0.32813009734482745,0.3033553663379115,0.007470698009528889,0.28818904307920284,0.31852168959662014,0,0,0,5.627594883294245,0.1627
1732,2006694,2.0,0.32113968163691436,0.0030721329386374997,0.31511789081292196,0.32716147246090677,0.32065337883168304,0.011073068306732943,0.2982559841107075,0.3430507735526586,0.32065337883168304,0.005519837197716666,0.3094475135739473,0.3318592440894188,0,0,0,3.2282899057380288,0.1925
1733,2007694,2.0,0.31537034015740123,0.003204525390566198,0.30908904244743934,0.3216516378673631,0.31736457885958913,0.01181559932828574,0.2934652733834731,0.34126388433570515,0.31736457885958913,0.0069019429011678264,0.30335288985559716,0.3313762678635811,0,0,0,4.638902986732231,0.1937
1734,2008694,2.0,0.3205364617528462,0.0032301455062180577,0.3142049451947994,0.32686797831089304,0.32394688055407483,0.011486411202924538,0.30071342091011083,0.34718034019803884,0.32394688055407483,0.0066676020077452245,0.31041092885573335,0.3374828322524163,0,0,0,4.260839400506811,0.2069
1735,2009694,2.0,0.30261321101342264,0.003177599075884766,0.29638469247607835,0.30884172955076694,0.30324287999342564,0.012238674836174768,0.2784878235290126,0.3279979364578387,0.30324287999342564,0.006402895013051702,0.2902443120636748,0.3162414479231765,0,0,0,4.060266694111456,0.1997
1736,2010694,2.0,0.3143226319378581,0.003188713539933754,0.30807232756671016,0.320572936309006,0.31550767831371507,0.011323885743707757,0.29260295744038367,0.33841239918704646,0.31550767831371507,0.007250034394010648,0.30078932601034636,0.3302260306170838,0,0,0,5.1695069312105355,0.1582
1737,2011694,2.0,0.3137977977746782,0.0032470724680869006,0.30743310211087793,0.32016249343847847,0.3124888458019637,0.013599712435347525,0.2849808309438752,0.33999686066005214,0.3124888458019637,0.008410893231952618,0.2954138247681095,0.32956386683581784,0,0,0,6.709656352161712,0.2157
1738,2012694,2.0,0.3117298439965505,0.0031412127217849903,0.30557264757241326,0.31788704042068777,0.31003854115835894,0.011595018841675523,0.2865854018296467,0.3334916804870712,0.31003854115835894,0.006786323669709981,0.29626157167280776,0.3238155106439101,0,0,0,4.667393780176342,0.1994
1739,2013694,2.0,0.30915556524081605,0.0031264954837243084,0.30302721656867343,0.3152839139129587,0.31118898029800485,0.01354394048830588,0.28379377485079027,0.3385841857452194,0.31118898029800485,0.007165861002736349,0.2966415090636098,0.3257364515323999,0,0,0,5.253166285590848,0.1852
1740,2014694,2.0,0.31831485680829913,0.003123354796163984,0.31219266430319403,0.3244370493134042,0.3178231036940892,0.011393770448683284,0.29477702766255437,0.3408691797256241,0.3178231036940892,0.005910418268218411,0.30582431670850335,0.3298218906796751,0,0,0,3.580913176415949,0.2165
1741,2015694,2.0,0.30321801230778217,0.0031685999327755836,0.2970071332927115,0.30942889132285284,0.3041459350323497,0.011159229760587211,0.28157426232100596,0.32671760774369346,0.3041459350323497,0.006845293689760619,0.29024925004156465,0.31804262002313477,0,0,0,4.667124156254615,0.1926
1742,2016694,2.0,0.32454359573125235,0.0030426527670761763,0.31857958998041386,0.33050760148209085,0.32663243021906424,0.010298885871106852,0.3058009672810815,0.34746389315704695,0.32663243021906424,0.005678359930278064,0.31510474670514765,0.3381601137329808,0,0,0,3.482900352950601,0.141
1743,2017694,2.0,0.31463530912218984,0.0030580252855935855,0.3086411711821529,0.3206294470622268,0.3156317746311195,0.00969866949225493,0.2960143639126979,0.3352491853495411,0.3156317746311195,0.005433328836888328,0.3046015306825613,0.32666201857967775,0,0,0,3.1568201233488242,0.1951
1744,2018694,2.0,0.3101907428638109,0.0030626296308313332,0.3041875797922262,0.31619390593539554,0.3105129740059046,0.010851557798007127,0.2885636265796215,0.33246232143218774,0.3105129740059046,0.006088910993008525,0.29815182752458735,0.32287412048722186,0,0,0,3.9526675768197417,0.2163
1745,2019694,2.0,0.314859034144841,0.0031352359538131596,0.30871355298408876,0.32100451530559326,0.31468464004396085,0.011355464998576243,0.29171604409854546,0.33765323598937624,0.31468464004396085,0.006084074188617693,0.3023333127975848,0.3270359672903369,0,0,0,3.7657244716779332,0.2252
1746,2020694,2.0,0.3102274761836618,0.003068538489342227,0.3042127309603045,0.31624222140701913,0.31462896371837223,0.0110271774527426,0.2923243920110757,0.3369335354256688,0.31462896371837223,0.004798113732857935,0.3048882749886505,0.32436965244809396,0,0,0,2.4449947224890898,0.2146
1747,2021694,2.0,0.32275234592324253,0.003178037514566074,0.3165229679875321,0.32898172385895297,0.3253448189503341,0.012005284254347149,0.30106183949660587,0.3496277984040624,0.3253448189503341,0.0065284629147051325,0.3120913346279029,0.33859830327276536,0,0,0,4.219916367184071,0.1805
1748,2022694,2.0,0.30910360838488715,0.003122875132410114,0.30298235608479573,0.31522486068497857,0.3074931878573054,0.009813974672904568,0.2876425503969506,0.3273438253176602,0.3074931878573054,0.004321517299126945,0.2987200413262768,0.316266334388334,0,0,0,1.914975724236067,0.1911
1749,2023694,2.0,0.3126814618303725,0.0031382014035486725,0.30653016799212124,0.31883275566862374,0.31263526190482427,0.012304284885143162,0.2877474965900996,0.3375230272195489,0.31263526190482427,0.005771919708081283,0.30091764194422405,0.3243528818654245,0,0,0,3.3828203738128866,0.131
1750,2024694,2.0,0.31792256848182165,0.0030373335773881314,0.31196898905311643,0.3238761479105269,0.3195225225314827,0.011125384870460987,0.29701930757208694,0.3420257374908785,0.3195225225314827,0.005681789222425365,0.30798787718438964,0.3310571678785758,0,0,0,3.4993328586027883,0.1947
1751,2025694,2.0,0.3006186195221653,0.003179718819990638,0.2943859460032948,0.30685129304103576,0.29916009878508043,0.0119104580170585,0.27506892350049716,0.3232512740696637,0.29916009878508043,0.005404820003976172,0.2881877308442424,0.3101324667259185,0,0,0,2.889249427014491,0.2434
1752,2026694,2.0,0.31300958469958795,0.00321562642442375,0.30670652748079114,0.31931264191838477,0.3076581936863157,0.011782464217310714,0.2838259102983033,0.3314904770743281,0.3076581936863157,0.0057615964593897935,0.2959615310347294,0.319354856337902,0,0,0,3.2103656257812063,0.2063
1753,2027694,2.0,0.32260239830749804,0.003222361879989251,0.3162861386963146,0.32891865791868147,0.32189847152825163,0.012408424390170966,0.29680006418229016,0.3469968788742131,0.32189847152825163,0.006386977700359563,0.30893221746119354,0.3348647255953097,0,0,0,3.9286394844115877,0.2231
1754,2028694,2.0,0.32377404006224053,0.0032319278156665602,0.31743902993965833,0.3301090501848227,0.3239133626746816,0.010818304354452102,0.30203127668673724,0.345795448662626,0.3239133626746816,0.006044514443623549,0.31164234598025775,0.3361843793691055,0,0,0,3.497836736472867,0.1632
1755,2029694,2.0,0.3131383011863389,0.0031386749873656495,0.3069860790605622,0.3192905233121156,0.31365496507145846,0.011007288217822164,0.29139062313904196,0.33591930700387496,0.31365496507145846,0.006765987735994097,0.29991927972617227,0.32739065041674464,0,0,0,4.646968404188004,0.1787
1756,2030694,2.0,0.32088349242090136,0.003142053144816626,0.3147246486553888,0.32704233618641393,0.32149944523060814,0.011691583942985828,0.2978509845482831,0.34514790591293315,0.32149944523060814,0.007288023922836271,0.3067039700835801,0.3362949203776362,0,0,0,5.380126983964366,0.145
1757,2031694,2.0,0.31520878779900435,0.003065152343959065,0.3092006798727967,0.321216895725212,0.31702274924862445,0.011492948318238104,0.2937760670408725,0.3402694314563764,0.31702274924862445,0.0061167435742749895,0.3046050996234145,0.3294403988738344,0,0,0,3.982322426348346,0.2048
1758,2032694,2.0,0.3173948411290978,0.003155154856601865,0.311210316258834,0.32357936599936166,0.31778462918065364,0.011032102881824615,0.2954700948526756,0.3400991635086317,0.31778462918065364,0.005079610427635002,0.3074724717790887,0.3280967865822186,0,0,0,2.5919072299681485,0.1983
1759,2033694,2.0,0.30980473347555687,0.003129632129238208,0.30367023655932746,0.3159392303917863,0.3086953613102976,0.011096811908166969,0.2862499406222925,0.33114078199830277,0.3086953613102976,0.006306311561887119,0.29589286821049376,0.3214978544101015,0,0,0,4.0603574033923735,0.1535
1760,2034694,2.0,0.32000126633250975,0.0031123182987125076,0.3139007068362652,0.3261018258287543,0.3172394310197895,0.011021078641198542,0.29494719532322616,0.3395316667163529,0.3172394310197895,0.006544062726942717,0.30395427739485553,0.3305245846447235,0,0,0,4.421064945695465,0.2087
1761,2035694,2.0,0.31532993299793294,0.0031039840434147897,0.3092457097550599,0.321414156240806,0.31582349573003665,0.012555189687101915,0.29042822755059644,0.34121876390947686,0.31582349573003665,0.006477060833862224,0.3026743631794532,0.3289726282806201,0,0,0,4.354286410185821,0.1642
1762,2036694,2.0,0.3187042723728171,0.003206178610708492,0.31241973413059904,0.3249888106150352,0.3220449860522541,0.012535625302595055,0.29668929057571203,0.3474006815287962,0.3220449860522541,0.006050662722740865,0.3097614876876491,0.33432848441685914,0,0,0,3.561479633629417,0.2133
1763,2037694,2.0,0.31562587917917456,0.003047309201738552,0.30965274619455985,0.3215990121637893,0.31504027844195964,0.010660357106915135,0.293477670917453,0.33660288596646626,0.31504027844195964,0.004568761438764866,0.30576519962283866,0.32431535726108063,0,0,0,2.2478323499880943,0.126
1764,2038694,2.0,0.3132374318923742,0.003189610390871198,0.30698536957362,0.3194894942111284,0.3135659874931883,0.010311123717956738,0.29270977117350155,0.3344222038128751,0.3135659874931883,0.00549691171476981,0.30240666344014194,0.3247253115462347,0,0,0,2.9700396610940776,0.2325
1765,2039694,2.0,0.3093699160078228,0.0032283217652502015,0.3030419742256223,0.31569785779002335,0.31327446138800524,0.012078124419086993,0.2888441487944437,0.3377047739815668,0.31327446138800524,0.005208206025086354,0.30270124104451623,0.32384768173149425,0,0,0,2.6026914356619257,0.203
1766,2040694,2.0,0.30607220878335156,0.0031225808862207294,0.2999515332450861,0.312192884321617,0.3033876336139899,0.012039642083663895,0.2790351588908705,0.3277401083371093,0.3033876336139899,0.007539745381008432,0.2880811367390158,0.318694130488964,0,0,0,5.830233731428933,0.2089
1767,2041694,2.0,0.3097273814620119,0.0031833233857540264,0.30348764251287785,0.31596712041114594,0.3092763741812079,0.011550778680414011,0.2859127190249803,0.3326400293374355,0.3092763741812079,0.007165163544002575,0.29473031886331796,0.32382242949909784,0,0,0,5.066297582599903,0.1919
1768,2042694,2.0,0.312842094903191,0.003208576922026154,0.3065528556505107,0.31913133415587125,0.31192106145865384,0.013730522996527468,0.2841484572662218,0.3396936656510859,0.31192106145865384,0.008727962845794447,0.2942023548879321,0.32963976802937556,0,0,0,7.399474310042574,0.1838
1769,2043694,2.0,0.31389728208536954,0.003253775203787027,0.3075194481644883,0.3202751160062508,0.3150273507023089,0.01298176769084334,0.2887692470680135,0.34128545433660434,0.3150273507023089,0.006315267487501262,0.302206676106911,0.32784802529770685,0,0,0,3.7671109372413945,0.2094
1770,2044694,2.0,0.3170788564645008,0.003103774618497546,0.310995043722433,0.3231626692065686,0.3153518148798194,0.011014813625911522,0.29307225137279097,0.3376313783868478,0.3153518148798194,0.005354413245944036,0.30448177809809973,0.32622185166153905,0,0,0,2.976071892064773,0.1977
1771,2045694,2.0,0.3105749914631813,0.0031987292093497155,0.30430505504244765,0.31684492788391494,0.30877039476152907,0.011497106445116902,0.285515301948295,0.33202548757476313,0.30877039476152907,0.007683275408356332,0.293172516440094,0.3243682730829641,0,0,0,5.769495638532715,0.194
1772,2046694,2.0,0.31221355362133857,0.0030327242175824417,0.3062690091534039,0.31815809808927326,0.31481918604591713,0.010354110435254922,0.29387602088346915,0.3357623512083651,0.31481918604591713,0.006706783605696566,0.3012036914749331,0.3284346806169012,0,0,0,4.890606824108652,0.2372
1773,2047694,2.0,0.30648754765459074,0.003205305056644838,0.3002047216949951,0.31277037361418636,0.30603039616127203,0.011745219196360793,0.2822734479389516,0.3297873443835925,0.30603039616127203,0.0074965063993371744,0.2908116790857982,0.3212491132367459,0,0,0,5.469896323206678,0.1754
1774,2048694,2.0,0.3066256241176704,0.0030542802664176283,0.3006388269153424,0.31261242131999845,0.3042944042544067,0.010661360917323899,0.2827297663317008,0.32585904217711253,0.3042944042544067,0.00539932852151454,0.29333318461565183,0.31525562389316153,0,0,0,3.1250842731141195,0.201
1775,2049694,2.0,0.31258548231255967,0.003154596636448831,0.30640205162834266,0.3187689129967767,0.3134371538719484,0.009964880140546646,0.2932812812924101,0.33359302645148675,0.3134371538719484,0.00556229604718206,0.3021450925672886,0.32472921517660824,0,0,0,3.1089986119749597,0.1777
1776,2050694,2.0,0.31798933898183235,0.0031918077416629594,0.31173296956208374,0.32424570840158096,0.31680042898980443,0.01251401754342497,0.291488439331538,0.34211241864807085,0.31680042898980443,0.008036688640641507,0.30048508366355864,0.3331157743160502,0,0,0,6.339877094543645,0.2118
1777,2051694,2.0,0.31765890071320113,0.003209504066136648,0.31136784413424995,0.3239499572921523,0.31753557624942835,0.011927871109597305,0.2934091796606771,0.3416619728381796,0.31753557624942835,0.006406285365499756,0.3045301255382932,0.33054102696056353,0,0,0,3.98415934928297,0.1711
1778,2052694,2.0,0.3037283014969271,0.003207329256116105,0.29744150783604856,0.3100150951578056,0.3063008814382313,0.012314897029624097,0.28139165103522296,0.33121011184123966,0.3063008814382313,0.0072788983878437,0.29152393211214117,0.32107783076432145,0,0,0,5.150438692370879,0.1926
1779,2053694,2.0,0.31524039554096994,0.003035470846149269,0.3092904673142491,0.3211903237676908,0.31507150918515187,0.01046580737630866,0.2939024156342386,0.33624060273606515,0.31507150918515187,0.005494353382614876,0.3039173788224963,0.3262256395478074,0,0,0,3.276280260157618,0.1842
1780,2054694,2.0,0.3067062069015761,0.003099631311457666,0.3006305155946193,0.31278189820853286,0.3058637563114519,0.012082826671737787,0.2814239325141499,0.33030358010875394,0.3058637563114519,0.0066278118703972785,0.29240858288640664,0.31931892973649717,0,0,0,4.572147856270324,0.1901
1781,2055694,2.0,0.32204097417671823,0.0031571860409617585,0.31585246791385696,0.3282294804395795,0.3220606730894085,0.012108389556848701,0.2975691434765027,0.3465522027023143,0.3220606730894085,0.00757609134648282,0.3066803899817649,0.3374409561970521,0,0,0,5.758243908961075,0.1598
1782,2056694,2.0,0.3052472037626083,0.0030463058406773836,0.29927603749966614,0.3112183700255504,0.3065400420977057,0.011331207184404033,0.28362051221275636,0.329459571982655,0.3065400420977057,0.00587635030965303,0.29461041674490274,0.31846966745050864,0,0,0,3.72107436220146,0.1712
1783,2057694,2.0,0.3157757843354188,0.003139493328420053,0.30962195815189114,0.3219296105189465,0.3178813770652067,0.011905234521839067,0.29380076729697463,0.34196198683343876,0.3178813770652067,0.006710486589740457,0.30425836503695697,0.3315043890934564,0,0,0,4.568660605714055,0.2356
1784,2058694,2.0,0.3203284291603841,0.0030358466779484158,0.3143777642531469,0.32627909406762134,0.3201411416641117,0.01124550456251089,0.2973949616942889,0.3428873216339344,0.3201411416641117,0.006293813100384478,0.30736402179009525,0.3329182615381281,0,0,0,4.298015879257127,0.2291
1785,2059694,2.0,0.32306692840256024,0.0031514987734075203,0.3168895699436045,0.32924428686151597,0.3235483663941602,0.010994542360763315,0.3013098053910847,0.34578692739723565,0.3235483663941602,0.00606191568238317,0.31124202330696904,0.3358547094813513,0,0,0,3.6998617612901405,0.225
1786,2060694,2.0,0.3150084393819884,0.003075235712531681,0.30898056670680724,0.3210363120571696,0.3159550459301352,0.010745039949706447,0.29422115118843173,0.33768894067183863,0.3159550459301352,0.005862428746972335,0.30405368285210393,0.3278564090081664,0,0,0,3.6341122332766105,0.1514
1787,2061694,2.0,0.3086419214993615,0.003226310015982191,0.30231792301438287,0.3149659199843401,0.31080808764748513,0.011501747768870594,0.2875436068708375,0.33407256842413274,0.31080808764748513,0.006265528860792918,0.2980883878325081,0.3235277874624622,0,0,0,3.771405905912723,0.2079
1788,2062694,2.0,0.31098549543004644,0.0032331922083739064,0.30464800692890603,0.31732298393118685,0.31245471120618834,0.012666953420929838,0.286833379537145,0.3380760428752317,0.31245471120618834,0.005926587091075299,0.30042309976513026,0.3244863226472464,0,0,0,3.3600542889211664,0.1509
1789,2063694,2.0,0.3110084708109078,0.003238450842087358,0.30466067468543123,0.3173562669363844,0.31088880426668436,0.011949299928640737,0.2867190638002268,0.3350585447331419,0.31088880426668436,0.007745162928953722,0.2951652875990248,0.32661232093434395,0,0,0,5.719874473822107,0.1895
1790,2064694,2.0,0.3206644607727329,0.003162706210118226,0.3144651342411407,0.32686378730432514,0.3220557114793753,0.01189031921340817,0.29800527077007594,0.34610615218867463,0.3220557114793753,0.007270107120065696,0.30729660937570064,0.33681481358304993,0,0,0,5.284013484076661,0.2168
1791,2065694,2.0,0.3091940377448867,0.0030796030987721443,0.3031576044094369,0.31523047108033647,0.30941117157559406,0.01190579236437943,0.28532943346432077,0.33349290968686734,0.30941117157559406,0.005664738735731777,0.29791114055671813,0.32091120259447,0,0,0,3.3835318822013476,0.1857
1792,2066694,2.0,0.3220653813677771,0.0031685639624875416,0.31585457285927465,0.3282761898762796,0.3240668536261443,0.01187250759775987,0.30005244031008793,0.34808126694220065,0.3240668536261443,0.006511737354071698,0.3108473239969594,0.33728638325532917,0,0,0,4.223463970469421,0.1732
1793,2067694,2.0,0.3213940484936298,0.0031647928883502176,0.31519063179403994,0.32759746519321964,0.3202153993752055,0.010991600031364917,0.2979827897950879,0.34244800895532307,0.3202153993752055,0.005877187953031915,0.308284073515938,0.332146725234473,0,0,0,3.448645639836175,0.1446
1794,2068694,2.0,0.32522659536984916,0.0033132746727221056,0.31873213454407084,0.3317210561956275,0.32437081811718843,0.013763368891583772,0.2965317768310655,0.35220985940331134,0.32437081811718843,0.009114572921910376,0.3058672513658023,0.3428743848685746,0,0,0,7.567592993289664,0.1955
1795,2069694,2.0,0.3161801506131013,0.003088603929845104,0.31012607444674345,0.3222342267794591,0.31675571843900385,0.010008123519279294,0.29651237786995127,0.33699905900805643,0.31675571843900385,0.005151980763754541,0.3062966414443125,0.3272147954336952,0,0,0,2.7824285841086374,0.2317
1796,2070694,2.0,0.3094856074740052,0.0031936747496104077,0.30322557846935233,0.3157456364786581,0.30937957010778655,0.01269986061873955,0.2836916773485296,0.3350674628670435,0.30937957010778655,0.006074912847134726,0.2970468413733885,0.3217122988421846,0,0,0,3.6182513624796555,0.2411
1797,2071694,2.0,0.31031551202451807,0.0031481425815676535,0.30414473214976706,0.3164862918992691,0.31181962650291534,0.011094986695224074,0.2893778976565569,0.33426135534927376,0.31181962650291534,0.0060713746924825635,0.29949408060432803,0.32414517240150265,0,0,0,3.7193348954702037,0.255
1798,2072694,2.0,0.3331072410514837,0.003214819998223148,0.3268057645357333,0.3394087175672341,0.3351000111776005,0.011536418800018646,0.3117654016210614,0.3584346207341396,0.3351000111776005,0.007346699714964268,0.32018541783977705,0.350014604515424,0,0,0,5.22241350335371,0.1861
1799,2073694,2.0,0.30730638588125336,0.0031307399141002534,0.30116971755875654,0.3134430542037502,0.30855352227207816,0.013052776058458834,0.2821517906573603,0.33495525388679603,0.30855352227207816,0.007701333385084427,0.2929189843089192,0.3241880602352371,0,0,0,6.051149292663152,0.2353
1800,2074694,2.0,0.3178625727456907,0.003023600420516422,0.31193591213843175,0.3237892333529496,0.3198593734412591,0.009787081431725575,0.3000631326956474,0.3396556141868708,0.3198593734412591,0.005493673708262261,0.3087066228908954,0.3310121239916228,0,0,0,3.3012387065794453,0.1406
1801,2075694,2.0,0.3063154488865407,0.0031960102783662662,0.300050841933631,0.3125800558394504,0.3047784699551374,0.011711158096674786,0.28109041680987834,0.3284665231003965,0.3047784699551374,0.005989895317210427,0.29261833598227893,0.3169386039279959,0,0,0,3.512546888518756,0.1746
1802,2076694,2.0,0.3021163906803769,0.003029349384057813,0.2961784613368385,0.30805432002391525,0.300237726178209,0.01011409806203397,0.2797800318637715,0.3206954204926465,0.300237726178209,0.00549655791720224,0.2890791203724095,0.31139633198400846,0,0,0,3.2921748095018466,0.2812
1803,2077694,2.0,0.31152650261274284,0.00314130705852679,0.3053691212759936,0.3176838839494921,0.3112480505974667,0.01233389432637326,0.2863003945348186,0.3361957066601148,0.3112480505974667,0.006224224012698892,0.2986122040820805,0.32388389711285287,0,0,0,3.9259941586955045,0.2161
1804,2078694,2.0,0.31809191204460097,0.003057462030990381,0.31209887815880544,0.3240849459303965,0.3173984446045764,0.011155900470000044,0.2948335060190735,0.3399633831900793,0.3173984446045764,0.005633211240739366,0.30596241780324246,0.3288344714059103,0,0,0,3.394610338124422,0.1813
1805,2079694,2.0,0.3114284210730565,0.0031740713212863657,0.3052068174058348,0.31765002474027826,0.312882608307571,0.012690348050444458,0.28721395653383075,0.3385512600813112,0.312882608307571,0.0054630950757177665,0.3017919356815709,0.32397328093357103,0,0,0,2.962403111705832,0.1793
1806,2080694,2.0,0.31069357915085055,0.0031775576310597883,0.3044651418508979,0.3169220164508032,0.3099559726597659,0.012534070705987058,0.28460342165166713,0.3353085236678646,0.3099559726597659,0.006746894343628093,0.2962590489616991,0.3236528963578327,0,0,0,4.508384481423656,0.1946
1807,2081694,2.0,0.31086822853592183,0.0030748514571524244,0.3048411090525989,0.31689534801924474,0.31052629607951615,0.011420081647126762,0.2874270006257944,0.3336255915332379,0.31052629607951615,0.0068006545182409325,0.29672023342474374,0.32433235873428856,0,0,0,4.891624874743809,0.2003
1808,2082694,2.0,0.3095338217824292,0.003189260538002339,0.3032824452220187,0.31578519834283975,0.31247256862132533,0.012871103768812071,0.28643830389729824,0.3385068333453524,0.31247256862132533,0.005491018566939919,0.3013252082944108,0.3236199289482399,0,0,0,2.9643250634478218,0.2027
1809,2083694,2.0,0.31597108463473195,0.0031342799431383593,0.3098274773825716,0.3221146918868923,0.3167493979154252,0.011282778271070309,0.29392782475374324,0.3395709710771072,0.3167493979154252,0.00719627167822143,0.3021401897276245,0.33135860610322593,0,0,0,5.2715646176499185,0.1907
1810,2084694,2.0,0.31099788660680766,0.0031594302353128057,0.30480498142332013,0.3171907917902952,0.3104622154880965,0.010578759636050435,0.2890646544270059,0.3318597765491871,0.3104622154880965,0.005203783198633872,0.29989797395965395,0.32102645701653904,0,0,0,2.7128191919495834,0.2012
1811,2085694,2.0,0.31105893785734967,0.0030674350617287504,0.3050463554994707,0.31707152021522866,0.3097527922701301,0.010458906050331703,0.2885976579686066,0.3309079265716536,0.3097527922701301,0.005356882138599004,0.2988777433698576,0.32062784117040255,0,0,0,3.0498145190196566,0.1938
1812,2086694,2.0,0.31344183972078915,0.003087674962752637,0.30738958445399034,0.31949409498758796,0.3106570531767355,0.010470150589208393,0.2894791746485261,0.3318349317049448,0.3106570531767355,0.006945001150531715,0.29655795127933327,0.3247561550741377,0,0,0,5.059195845453039,0.1991
1813,2087694,2.0,0.3201867086159393,0.0031325983798259727,0.3140463974524335,0.32632701977944506,0.3176477545336316,0.012016803606755088,0.2933414749903831,0.3419540340768801,0.3176477545336316,0.007245367443370765,0.3029388766437577,0.3323566324235055,0,0,0,5.3494778375516825,0.1876
1814,2088694,2.0,0.3050003791859232,0.003013799639317946,0.29909292941864674,0.3109078289531997,0.3042317279562762,0.010459863731043106,0.28307465656267344,0.3253887993498789,0.3042317279562762,0.005902010966946304,0.292250008699658,0.31621344721289435,0,0,0,3.8350521253590673,0.1996
1815,2089694,2.0,0.31874731824744396,0.0031672571516410345,0.31253907126271707,0.32495556523217084,0.31997503652516635,0.011092140159789859,0.2975390653401843,0.3424110077101484,0.31997503652516635,0.00585492283875735,0.30808891125091104,0.33186116179942166,0,0,0,3.4172417285623418,0.2276
1816,2090694,2.0,0.3075517491087417,0.003282367043679846,0.301117871363408,0.31398562685407544,0.30650011057964494,0.012820302893264546,0.2805686003253177,0.33243162083397215,0.30650011057964494,0.007270365304703193,0.29174048433329075,0.3212597368259991,0,0,0,4.906120137844911,0.1754
1817,2091694,2.0,0.30518574070247195,0.0031746073428877922,0.29896308636132907,0.31140839504361484,0.3015090740297452,0.011569758620077596,0.2781070283218972,0.3249111197375932,0.3015090740297452,0.005880364337730726,0.28957129976671747,0.3134468482927729,0,0,0,3.4310609837302697,0.2444
1818,2092694,2.0,0.3174325197421085,0.0031412904711655694,0.31127517091880236,0.32358986856541466,0.3197168728320633,0.011309797350750871,0.2968406484232437,0.3425930972408829,0.3197168728320633,0.006377564973433917,0.3067697276165634,0.3326640180475632,0,0,0,4.12186335049382,0.1788
1819,2093694,2.0,0.3222712644249014,0.0032426007694733227,0.3159153338875513,0.3286271949622515,0.323198506847504,0.0121741369347456,0.2985739906103099,0.3478230230846981,0.323198506847504,0.007283739675041486,0.3084117291858907,0.3379852845091173,0,0,0,5.0457051445577035,0.1835
1820,2094694,2.0,0.3122392174403584,0.0032452937374929805,0.3058780083260606,0.31860042655465615,0.31120112150729234,0.012633308825722145,0.2856478424554839,0.3367544005591008,0.31120112150729234,0.007191974896231596,0.2966006362506751,0.32580160676390957,0,0,0,4.9112077105585055,0.2098
1821,2095694,2.0,0.3146940506273728,0.0030760508425953332,0.3086645801884113,0.32072352106633434,0.3160489220238636,0.010351104255761039,0.2951118374333819,0.3369860066143453,0.3160489220238636,0.006807010964161989,0.30222995509783135,0.3298678889498958,0,0,0,4.896952386839301,0.207
1822,2096694,2.0,0.30198990773750956,0.003213184008804875,0.29569163797949516,0.30828817749552395,0.3026885827982533,0.012177060357075697,0.27805815338125667,0.3273190122152499,0.3026885827982533,0.0059424132262279415,0.29062484259474824,0.3147523230017583,0,0,0,3.4202236328301385,0.2098
1823,2097694,2.0,0.3199284058209135,0.003032199529618088,0.3139848898114577,0.3258719218303692,0.31902143429615454,0.009220074952371088,0.3003720724079352,0.3376707961843739,0.31902143429615454,0.004692953512843081,0.3094942321628215,0.32854863642948756,0,0,0,2.395393972336302,0.209
1824,2098694,2.0,0.3129687205397451,0.0029951959477702854,0.3070977364923094,0.3188397045871808,0.31204615152334036,0.01052372475360111,0.2907599090192653,0.33333239402741544,0.31204615152334036,0.005161457120178192,0.3015678365023424,0.3225244665443383,0,0,0,2.9695741115190817,0.2278
1825,2099694,2.0,0.30982160076959786,0.0031736098085393756,0.3036009017289924,0.3160422998102033,0.3118134035068527,0.011694050322540901,0.28815995410099626,0.33546685291270917,0.3118134035068527,0.006989435319389222,0.2976240954509677,0.32600271156273775,0,0,0,4.850395151063058,0.1817
1826,2100694,2.0,0.31269925459368625,0.0032225741758425104,0.30638257885427966,0.31901593033309283,0.31262308651546483,0.01316421252856208,0.28599595336450817,0.3392502196664215,0.31262308651546483,0.005967119969080676,0.3005091889574132,0.3247369840735165,0,0,0,3.4286542600664833,0.161
1827,2101694,2.0,0.3191051301495077,0.003120753627184761,0.31298803628297184,0.32522222401604356,0.31895407309352736,0.01064022517523168,0.2974321862444397,0.34047595994261504,0.31895407309352736,0.00558668621744148,0.3076124971108525,0.33029564907620224,0,0,0,3.204716311771418,0.2226
1828,2102694,2.0,0.31838128863572757,0.0031478587504821204,0.3122110651078081,0.324551512163647,0.31857056729388933,0.011116319721566119,0.29608568832885196,0.3410554462589267,0.31857056729388933,0.006824276110483157,0.30471655025742805,0.3324245843303506,0,0,0,4.699836036278665,0.2064
1829,2103694,2.0,0.3076132720465021,0.003113986646545738,0.30150944236570687,0.3137171017272973,0.30833009316782517,0.00978171531708695,0.2885447064135689,0.32811547992208145,0.30833009316782517,0.006242298465627985,0.2956575535622489,0.32100263277340146,0,0,0,4.018422233711179,0.181
1830,2104694,2.0,0.3218540372382082,0.0031024132680928167,0.31577289292473354,0.3279351815516829,0.32214294006423944,0.012019465465146135,0.29783127640419294,0.34645460372428594,0.32214294006423944,0.006510620761810778,0.3089256772378561,0.3353602028906228,0,0,0,4.403981636636115,0.1705
1831,2105694,2.0,0.3163686507964754,0.0031988889467987254,0.3100984012690098,0.32263890032394105,0.31719858846317894,0.011274291474072823,0.294394181468724,0.3400029954576339,0.31719858846317894,0.006908821704590582,0.3031729347458216,0.3312242421805363,0,0,0,4.664548826554676,0.215
1832,2106694,2.0,0.3184982170854792,0.003192223632470387,0.3122410324642084,0.32475540170675,0.3189992983728536,0.010699579068276826,0.29735735694323473,0.3406412398024725,0.3189992983728536,0.005877713617334709,0.30706690535831743,0.3309316913873898,0,0,0,3.3902383089392747,0.1691
1833,2107694,2.0,0.30984163677598864,0.003174093067194195,0.30361999048388355,0.3160632830680937,0.31060907599555626,0.011960188464457322,0.28641731138657,0.3348008406045425,0.31060907599555626,0.004674903332584207,0.3011185176762731,0.3200996343148394,0,0,0,2.169231772942157,0.1786
1834,2108694,2.0,0.3179378791036381,0.003138776043421048,0.3117854588944974,0.3240902993127788,0.32055400872725076,0.011497900496977954,0.2972973097925273,0.34381070766197425,0.32055400872725076,0.006400711542954478,0.3075598734774554,0.33354814397704613,0,0,0,4.158491830781231,0.2487
1835,2109694,2.0,0.30398926416005195,0.003155450852970645,0.29780415909737684,0.31017436922272706,0.3015958935431586,0.01051424831943523,0.2803288189364252,0.32286296814989196,0.3015958935431586,0.006072483887421662,0.2892680958591314,0.3139236912271858,0,0,0,3.703479130118146,0.1719
1836,2110694,2.0,0.3136044508011314,0.0032286638944598327,0.3072758383999908,0.31993306320227205,0.31283289986872626,0.012632596261543656,0.28728106211401155,0.33838473762344096,0.31283289986872626,0.0070170385695496025,0.29858755423584515,0.32707824550160736,0,0,0,4.7234796988050025,0.1573
1837,2111694,2.0,0.31784872668478215,0.0031797548341077424,0.3116159825734327,0.3240814707961316,0.31766189376800635,0.011888069409443633,0.29361600371675795,0.34170778381925476,0.31766189376800635,0.0076828507699478734,0.3020648775083709,0.3332589100276418,0,0,0,5.837911711943367,0.1738
1838,2112694,2.0,0.30732770184092967,0.0031782187996815905,0.30109796856218335,0.313557435119676,0.3062837184686334,0.01235137932585854,0.28130069565628957,0.3312667412809772,0.3062837184686334,0.006030346762371608,0.294041463696244,0.3185259732410228,0,0,0,3.600120087746993,0.1976
1839,2113694,2.0,0.3216709662406852,0.003088611509823636,0.3156168752165572,0.3277250572648132,0.32030693849423275,0.011520427908609143,0.297004673568551,0.3436092034199145,0.32030693849423275,0.005723947686555849,0.3086867069148655,0.3319271700736,0,0,0,3.434509648557211,0.1319
1840,2114694,2.0,0.3149283139918127,0.003268409541847597,0.3085217948140078,0.3213348331696176,0.3174434552984389,0.011489566823486041,0.2942036128094181,0.34068329778745976,0.3174434552984389,0.007366564511093315,0.30248853428050076,0.3323983763163771,0,0,0,5.079922111426245,0.1997
1841,2115694,2.0,0.3135247878258332,0.003100285171339686,0.3074478148661888,0.31960176078547764,0.3165374422767272,0.013193582432152132,0.28985090288845655,0.34322398166499785,0.3165374422767272,0.008041912168578207,0.3002114926250037,0.3328633919284507,0,0,0,6.728455197912254,0.2409
1842,2116694,2.0,0.3106755447161335,0.0029340960659399763,0.3049243245965948,0.3164267648356722,0.3107509234969779,0.008745447857424008,0.29306158552411143,0.3284402614698444,0.3107509234969779,0.0050030098046004315,0.3005942736275444,0.32090757336641146,0,0,0,2.907462016943989,0.1929
1843,2117694,2.0,0.3114752403894348,0.0032712958507937623,0.30506306366064684,0.31788741711822277,0.3143127764915747,0.012655230104117786,0.2887151574689998,0.3399103955141496,0.3143127764915747,0.00659416425754014,0.3009259113521574,0.32769964163099197,0,0,0,4.063309246150628,0.2142
1844,2118694,2.0,0.32438948839708276,0.00306013399462672,0.31839121710573587,0.33038775968842965,0.3258215283917726,0.010387662597225612,0.30481049757595885,0.3468325592075863,0.3258215283917726,0.006405936844696169,0.3128167852154839,0.3388262715680613,0,0,0,4.382121538022738,0.2325
1845,2119694,2.0,0.3187168185615168,0.0032303743096157526,0.31238485351825523,0.32504878360477835,0.3180022490178047,0.012232367262155394,0.2932599508260881,0.34274454720952136,0.3180022490178047,0.00645347395321285,0.3049010003806302,0.3311034976549792,0,0,0,3.990997240861986,0.1581
1846,2120694,2.0,0.3145383057621451,0.003145308469601557,0.3083730811253257,0.3207035303989645,0.31298537028626316,0.012336517340134173,0.28803240867749774,0.3379383318950286,0.31298537028626316,0.008464528681771142,0.29580146350049713,0.3301692770720292,0,0,0,7.242342728644403,0.1711
1847,2121694,2.0,0.3086724397893413,0.0032539178135719124,0.30229432633423703,0.31505055324444553,0.3101128954397551,0.012632937691411638,0.28456036707794663,0.3356654238015636,0.3101128954397551,0.007291386744198366,0.29531059340241855,0.3249151974770917,0,0,0,5.0211952555595465,0.1971
1848,2122694,2.0,0.30718121676915167,0.0031541672287042203,0.3009986277814588,0.3133638057568445,0.30767575839342926,0.011195429592058303,0.28503086461166205,0.33032065217519646,0.30767575839342926,0.006013360500789307,0.2954679875653494,0.3198835292215091,0,0,0,3.634670538885273,0.1813
1849,2123694,2.0,0.32686764817334746,0.0031538331417459045,0.3206857140407081,0.3330495823059868,0.3260920421834697,0.010653793607806586,0.30454271058901367,0.34764137377792576,0.3260920421834697,0.006495565353047686,0.3129053434617794,0.33927874090516,0,0,0,4.241861536303734,0.1902
1850,2124694,2.0,0.315806063080511,0.0033254065404193503,0.30928782217391054,0.3223243039871115,0.31694561255804954,0.012893765725104452,0.29086550970079955,0.3430257154152995,0.31694561255804954,0.007897295971510539,0.3009132493945465,0.3329779757215526,0,0,0,5.639847176229311,0.2181
1851,2125694,2.0,0.31163193408534917,0.0032442059581183004,0.3052728571638919,0.31799101100680643,0.31222025174652746,0.011976974499902412,0.287994534176063,0.3364459693169919,0.31222025174652746,0.005405937787766782,0.301245614583954,0.3231948889091009,0,0,0,2.7766762898245783,0.1849
1852,2126694,2.0,0.3064605184727784,0.003129950179437416,0.30032539813568493,0.31259563880987185,0.30762088491478545,0.011577942017960795,0.28420228672234404,0.33103948310722686,0.30762088491478545,0.006426104768489535,0.2945751986765075,0.3206665711530634,0,0,0,4.2152249298935445,0.1801
1853,2127694,2.0,0.31388402234874674,0.003071331898905649,0.30786380166960264,0.31990424302789083,0.31465989751405693,0.011467066207114286,0.2914655668174665,0.33785422821064737,0.31465989751405693,0.00568656452525902,0.3031155577868214,0.32620423724129244,0,0,0,3.4280444305804423,0.1909
1854,2128694,2.0,0.31745929035854664,0.00321438256925585,0.31115867126198804,0.32375990945510524,0.31624157857719554,0.012332895758968676,0.29129594230776973,0.34118721484662135,0.31624157857719554,0.005392635535991994,0.30529394642141366,0.3271892107329774,0,0,0,2.814537308202303,0.2464
1855,2129694,2.0,0.31803639749204676,0.0031831270062433743,0.3117970434729788,0.3242757515111147,0.31836753004930296,0.012256447480318606,0.2935765250189551,0.34315853507965083,0.31836753004930296,0.007521120032178705,0.3030988446426545,0.3336362154559514,0,0,0,5.582864728062292,0.1694
1856,2130694,2.0,0.31472612714087306,0.0030801783402439253,0.30868856625531865,0.32076368802642746,0.31512380219396324,0.010633515066056734,0.2936154878217762,0.3366321165661503,0.31512380219396324,0.005642015656027184,0.3036699014793499,0.3265777029085766,0,0,0,3.355187914019262,0.1993
1857,2131694,2.0,0.3240327505243941,0.003182888781636461,0.31779386345736915,0.3302716375914191,0.3230363705583118,0.011643470204326097,0.29948522909830283,0.3465875120183208,0.3230363705583118,0.007883077377857303,0.3070328726745128,0.3390398684421108,0,0,0,6.134068929945541,0.1874
1858,2132694,2.0,0.3081696946041001,0.003223954356742547,0.3018503135258149,0.3144890756823853,0.30869308096190123,0.012609896829200381,0.2831871571428773,0.3341990047809252,0.30869308096190123,0.008408540393753855,0.29162283644352827,0.3257633254802742,0,0,0,6.802420273049767,0.1912
1859,2133694,2.0,0.3272394077594321,0.003237467327493596,0.32089353945390153,0.3335852760649627,0.32816893296850547,0.012340253156557972,0.30320841495778067,0.35312945097923026,0.32816893296850547,0.0064550602232647915,0.3150644640319222,0.34127340190508876,0,0,0,3.975482155630365,0.1974
1860,2134694,2.0,0.31273373539485366,0.0031323418746763273,0.3065939270156959,0.31887354377401145,0.3125143177034499,0.011016617689758404,0.2902311051328592,0.3347975302740406,0.3125143177034499,0.006751322094841203,0.29880840519254104,0.32622023021435875,0,0,0,4.645573580639629,0.1643
1861,2135694,2.0,0.31549402984443337,0.0031613018318833127,0.3092974560817276,0.32169060360713914,0.3172060158308084,0.011682865919792479,0.2935751890148372,0.34083684264677955,0.3172060158308084,0.006030558742700878,0.3049633307154719,0.32944870094614487,0,0,0,3.639009408543744,0.2464
1862,2136694,2.0,0.3143091593488607,0.00308259206594184,0.3082668672386003,0.32035145145912114,0.3127524012353742,0.011455120554119042,0.28958223290263113,0.3359225695681172,0.3127524012353742,0.005981524745653099,0.30060926042619823,0.3248955420445501,0,0,0,3.7652316006971236,0.1689
1863,2137694,2.0,0.305360173265412,0.0031689629979204086,0.2991485825941724,0.3115717639366516,0.306658239412915,0.011980476593592145,0.28242543818934324,0.3308910406364867,0.306658239412915,0.006859264969085379,0.2927331912172049,0.32058328760862503,0,0,0,4.685121122039792,0.197
1864,2138694,2.0,0.3091973918025523,0.003073120540688077,0.3031736651466526,0.31522111845845197,0.3092299364206824,0.010412524938931186,0.28816861677204997,0.33029125606931486,0.3092299364206824,0.005938740837252012,0.297173651563153,0.3212862212782118,0,0,0,3.734474994767911,0.208
1865,2139694,2.0,0.330880074388445,0.0031964618550928358,0.32461458228484596,0.3371455664920441,0.32817732929523363,0.012346978690039893,0.30320320760900255,0.3531514509814647,0.32817732929523363,0.0076373184728167265,0.3126727485129956,0.3436819100774717,0,0,0,5.708772672447033,0.1563
1866,2140694,2.0,0.30253006866996635,0.0031635953094909823,0.29632899938486984,0.30873113795506285,0.30281643707538236,0.011184241425679496,0.28019417349616144,0.3254387006546033,0.30281643707538236,0.006370123658745976,0.28988439853182707,0.31574847561893765,0,0,0,4.054468029238546,0.2035
1867,2141694,2.0,0.31856078089675416,0.0031021749224371437,0.31248010377259416,0.32464145802091415,0.3172208928926548,0.01052840199048715,0.2959251897839995,0.3385165960013101,0.3172208928926548,0.006571871677522373,0.30387928409667275,0.3305625016886369,0,0,0,4.48792493310292,0.2242
1868,2142694,2.0,0.309741565617111,0.003086958021556113,0.3036907156508004,0.31579241558342164,0.3077967896672714,0.011191559337332924,0.2851597242145955,0.33043385511994733,0.3077967896672714,0.0055162434753412695,0.29659822005382186,0.318995359280721,0,0,0,3.1931947467495516,0.2099
1869,2143694,2.0,0.30474214617051004,0.003123719410428759,0.298619238972754,0.3108650533682661,0.3067495006373052,0.011605520622758981,0.28327511945135125,0.3302238818232592,0.3067495006373052,0.005966955380894245,0.29463593721103576,0.3188630640635747,0,0,0,3.648896527510536,0.1441
1870,2144694,2.0,0.3258040340533305,0.0031768264927520837,0.31957702988209996,0.3320310382245611,0.32346897871940217,0.01132934766270118,0.30055321007211677,0.34638474736668756,0.32346897871940217,0.0061519920104349595,0.31097977096448537,0.33595818647431896,0,0,0,3.7501145512840974,0.1603
1871,2145694,2.0,0.31220440417558354,0.0032213586498106967,0.30589011102952524,0.31851869732164184,0.3127658182707131,0.011396525963633834,0.28971416868410776,0.3358174678573184,0.3127658182707131,0.005450991280214461,0.30169971765592624,0.32383191888549995,0,0,0,2.863339307687046,0.1822
1872,2146694,2.0,0.31790881629216927,0.0031411235769156424,0.3117517946038807,0.32406583798045785,0.3180857941325429,0.01037141618911317,0.2971076247789014,0.3390639634861844,0.3180857941325429,0.005545552098630739,0.3068277248505873,0.3293438634144985,0,0,0,3.1168760669620816,0.2166
1873,2147694,2.0,0.3053551620083395,0.0032018640751458466,0.29907908083200363,0.3116312431846754,0.30466488136840103,0.01219851816146135,0.2799910494453096,0.32933871329149245,0.30466488136840103,0.006791998280058971,0.29087639181139063,0.3184533709254114,0,0,0,4.4997600097234685,0.1357
1874,2148694,2.0,0.3097173910379899,0.0030689559382025646,0.3037018275591186,0.3157329545168612,0.30999482427647307,0.01177420344714219,0.28617924987327303,0.3338103986796731,0.30999482427647307,0.004940575548878943,0.29996492268457414,0.320024725868372,0,0,0,2.5916346810531006,0.1761
1875,2149694,2.0,0.3150008509491474,0.003264565738302104,0.3086018661396078,0.321399835758687,0.3161386855281183,0.010403644732491762,0.2950953277924189,0.3371820432638177,0.3161386855281183,0.005395754741169256,0.3051847210491762,0.3270926500070604,0,0,0,2.7318293412241585,0.2311
1876,2150694,2.0,0.31952765005289957,0.003144227019004924,0.3133645452036706,0.32569075490212857,0.3180389029603083,0.011276312874242649,0.2952304072980841,0.3408473986225325,0.3180389029603083,0.007347152569635444,0.3031233902786265,0.3329544156419901,0,0,0,5.460222322304161,0.1928
1877,2151694,2.0,0.3073665484245518,0.0031375405744286404,0.30121654989962543,0.31351654694947817,0.3038351603931912,0.012917617065705152,0.27770681364587746,0.32996350714050493,0.3038351603931912,0.00695065350706072,0.28972458360198616,0.3179457371843962,0,0,0,4.907638637868948,0.221
1878,2152694,2.0,0.3204271952161612,0.0031194283378322713,0.3143126990937404,0.326541691338582,0.32025318405792286,0.01199362120276521,0.2959937953527293,0.3445125727631164,0.32025318405792286,0.0069239486788383415,0.30619682095021467,0.33430954716563105,0,0,0,4.926717429451468,0.1444
1879,2153694,2.0,0.3128788598105562,0.003156880822838141,0.3066909518159772,0.31906676780513515,0.3151948235130938,0.012116713580060078,0.2906864569740202,0.3397031900521674,0.3151948235130938,0.006677123137318349,0.30163954289412004,0.32875010413206757,0,0,0,4.473654051943794,0.2336
1880,2154694,2.0,0.31168458087455475,0.003174947072953289,0.30546126061711465,0.31790790113199485,0.3114743942753834,0.011732498642138005,0.28774317580258724,0.3352056127481796,0.3114743942753834,0.006571291621042935,0.2981339630566591,0.32481482549410773,0,0,0,4.28379324525255,0.1778
1881,2155694,2.0,0.30708102789449887,0.0031450296211218754,0.30091634983793814,0.3132457059510596,0.3094512176251895,0.012483525968837395,0.284200902997979,0.3347015322524,0.3094512176251895,0.006273466836440711,0.29671540286291564,0.3221870323874634,0,0,0,3.9789248135219943,0.2282
1882,2156694,2.0,0.31794838651731794,0.003273217942591314,0.31153244223192333,0.32436433080271254,0.32089209610350417,0.011885402947408323,0.2968515994808032,0.34493259272620513,0.32089209610350417,0.006354171466660131,0.30799244223157535,0.333791749975433,0,0,0,3.7684956107147096,0.2339
1883,2157694,2.0,0.33121813095305763,0.003150320297710001,0.32504308246384717,0.3373931794422681,0.33042657633222655,0.011387400933794888,0.3073933838606215,0.3534597688038316,0.33042657633222655,0.005493200047511338,0.31927478736430864,0.34157836530014446,0,0,0,3.0404747946823716,0.198
1884,2158694,2.0,0.30988122292092557,0.0032128041132216136,0.3035836978089871,0.31617874803286405,0.3084167840874116,0.011457150211027826,0.28524251038606835,0.3315910577887548,0.3084167840874116,0.007621898742292562,0.29294350702236216,0.323890061152461,0,0,0,5.628048811586081,0.2378
1885,2159694,2.0,0.3084775483647437,0.0032375377219467662,0.3021315420766842,0.31482355465280326,0.30789625971107754,0.011470347685887158,0.2846952915971689,0.3310972278249862,0.30789625971107754,0.005767545190751137,0.2961875204927915,0.31960499892936356,0,0,0,3.17360109689722,0.1836
1886,2160694,2.0,0.3111501085397479,0.003164606222732427,0.304947057729697,0.3173531593497988,0.3092826464251554,0.011962463995339576,0.2850862791205154,0.33347901372979544,0.3092826464251554,0.007047965121710882,0.29497451655353824,0.3235907762967726,0,0,0,4.96007378468312,0.1758
1887,2161694,2.0,0.3200001631728287,0.0030654475225923845,0.3139914766570805,0.3260088496885769,0.3176401178026224,0.011411824003521911,0.2945575250096411,0.3407227105956037,0.3176401178026224,0.005550863153965408,0.30637126650512453,0.3289089691001203,0,0,0,3.278938490525648,0.1664
1888,2162694,2.0,0.31353238693563884,0.003152786627995393,0.30735250410970594,0.31971226976157174,0.31394379899389696,0.011598915858259898,0.2904827772051243,0.33740482078266965,0.31394379899389696,0.0070153328340390834,0.2997019161881993,0.3281856817995946,0,0,0,4.951165016709613,0.2187
1889,2163694,2.0,0.30509008916506136,0.003082263444276365,0.2990484411971507,0.31113173713297204,0.3066332780110616,0.012253404223287655,0.28184842854907755,0.33141812747304566,0.3066332780110616,0.007072990414041525,0.29227434409507724,0.32099221192704597,0,0,0,5.26582749531718,0.1452
1890,2164694,2.0,0.30999299359348764,0.003040870874236445,0.3040324805905757,0.3159535065963996,0.3100716663967532,0.011146160413222006,0.2875264289356559,0.33261690385785053,0.3100716663967532,0.006242872974634318,0.2973979604758883,0.32274537231761813,0,0,0,4.214761834929381,0.1879
1891,2165694,2.0,0.3115717788069034,0.0032906235270139077,0.3051217172516329,0.3180218403621739,0.3110147356062457,0.010696216232653898,0.28937959615370684,0.33264987505878457,0.3110147356062457,0.006572018572615366,0.29767282859737076,0.32435664261512065,0,0,0,3.9887899529455364,0.1722
1892,2166694,2.0,0.3180923889950006,0.0032645031107347783,0.31169352694385644,0.32449125104614474,0.3208326149783892,0.012180604387304126,0.2961950170836292,0.3454702128731492,0.3208326149783892,0.006150292951510133,0.3083468564964663,0.3333183734603121,0,0,0,3.549420323743718,0.1923
1893,2167694,2.0,0.30941291226481693,0.003283433954609842,0.3029769432315811,0.3158488812980528,0.3089057593411445,0.012539299983868563,0.2835426311201565,0.3342688875621325,0.3089057593411445,0.006565961798626673,0.2955761482371636,0.3222353704451254,0,0,0,3.9988962189074133,0.2261
1894,2168694,2.0,0.3147566219677649,0.003164212424099956,0.30855434305562296,0.3209589008799068,0.31443912720146905,0.010522506402903644,0.2931553490442872,0.3357229053586509,0.31443912720146905,0.006360500965845978,0.30152662376306116,0.32735163063987693,0,0,0,4.040651389344231,0.199
1895,2169694,2.0,0.29708580778069904,0.0031310220567733024,0.29094858642088467,0.3032230291405134,0.2981303964882949,0.011251755167330653,0.27537157347685853,0.3208892194997313,0.2981303964882949,0.007560422601088869,0.2827819226249013,0.31347887035168853,0,0,0,5.830689159574477,0.1789
1896,2170694,2.0,0.30084416837369155,0.00306437543752923,0.2948375832878374,0.3068507534595457,0.3024100579554376,0.010456027382241809,0.2812607463097213,0.32355936960115383,0.3024100579554376,0.006596648071050537,0.28901815040652057,0.3158019655043546,0,0,0,4.634071019313197,0.2281
1897,2171694,2.0,0.31757376318658403,0.0031675565795881064,0.31136492928309417,0.3237825970900739,0.31870801399817456,0.01133986548786879,0.29577097104142414,0.341645056954925,0.31870801399817456,0.007423975340657587,0.30363654279997054,0.33377948519637857,0,0,0,5.493185679017486,0.1664
1898,2172694,2.0,0.32715899798654147,0.0030671897934385142,0.32114689638726535,0.3331710995858176,0.3285504361315256,0.010315515356651971,0.3076853368841259,0.34941553537892533,0.3285504361315256,0.006143414939945092,0.3160786407554115,0.3410222315076398,0,0,0,4.011791910877978,0.1711
1899,2173694,2.0,0.3172159462475645,0.0030540972554989436,0.31122950777107705,0.32320238472405194,0.3182675495706159,0.010727371061993667,0.2965693935276562,0.33996570561357564,0.3182675495706159,0.005918616576599366,0.30625211913418765,0.3302829800070442,0,0,0,3.755559844788976,0.221
1900,2174694,2.0,0.30531346133150594,0.0031218560001961345,0.2991942066666527,0.3114327159963592,0.3050934119272526,0.012264036428680748,0.28028705679995997,0.3298997670545452,0.3050934119272526,0.005725883106816764,0.2934692512358692,0.316717572618636,0,0,0,3.3640250561191065,0.2091
1901,2175694,2.0,0.3139000266799792,0.00305491946206012,0.30791197656883124,0.31988807679112713,0.3137778576034158,0.009652469923600563,0.294253894333021,0.3333018208738106,0.3137778576034158,0.005410630625169933,0.3027936934744242,0.3247620217324074,0,0,0,3.136867987929944,0.2287
1902,2176694,2.0,0.31232794321317053,0.0032523666766242233,0.30595287019362843,0.31870301623271263,0.31250946735356827,0.012947287589042221,0.2863211063081079,0.3386978283990286,0.31250946735356827,0.008851105404468294,0.29454076809817775,0.3304781666089588,0,0,0,7.406209961819089,0.2064
1903,2177694,2.0,0.3163609279229602,0.0030120100580659074,0.3104569859739252,0.32226486987199526,0.3134954019995309,0.011077283039447288,0.2910894821769637,0.33590132182209814,0.3134954019995309,0.006449369835451357,0.3004024851643625,0.3265883188346993,0,0,0,4.584814072731722,0.178
1904,2178694,2.0,0.30965842358210166,0.002952894800283585,0.3038703554327953,0.31544649173140804,0.31005409421290664,0.010561470370993628,0.28869150399126053,0.33141668443455274,0.31005409421290664,0.0069833850529009735,0.2958770688509874,0.32423111957482587,0,0,0,5.592886781614393,0.1849
1905,2179694,2.0,0.31424512634894886,0.003216473274185905,0.3079404091915267,0.320549843506371,0.31535717000328617,0.012926615974477751,0.2892106212449079,0.34150371876166447,0.31535717000328617,0.00791861485670768,0.29928152720192297,0.33143281280464937,0,0,0,6.060919926911436,0.2567
1906,2180694,2.0,0.316450410250292,0.003174003784989922,0.3102289389632304,0.32267188153735366,0.3145201816233077,0.012568889493681231,0.28909720296949326,0.3399431602771221,0.3145201816233077,0.006448273582913911,0.30142949029910693,0.32761087294750846,0,0,0,4.127356946698903,0.2218
1907,2181694,2.0,0.3140277300104166,0.003152897706150418,0.30784762945646604,0.3202078305643672,0.31503050253107934,0.011794814813299298,0.29117323770470377,0.3388877673574549,0.31503050253107934,0.0069910467945234695,0.3008379230067481,0.32922308205541057,0,0,0,4.916597512165494,0.1849
1908,2182694,2.0,0.32150800204066016,0.0031782500573511122,0.3152782074927073,0.327737796588613,0.3209301307591084,0.011639819116885388,0.29738637432051407,0.3444738871977028,0.3209301307591084,0.006601799335512154,0.30752776558736733,0.3343324959308495,0,0,0,4.314679211597867,0.1735
1909,2183694,2.0,0.3135553412858222,0.0031471539507530767,0.30738649925949324,0.31972418331215113,0.312987703342547,0.01086381259825907,0.2910135682430674,0.3349618384420266,0.312987703342547,0.005935683392893758,0.3009376254270495,0.3250377812580445,0,0,0,3.5571770323954137,0.1664
1910,2184694,2.0,0.3110458328255403,0.0031802740237098547,0.3048120710332362,0.31727959461784444,0.3085651046531333,0.012084854836199546,0.28412117850599017,0.33300903080027644,0.3085651046531333,0.006716017763781394,0.2949308637446106,0.322199345561656,0,0,0,4.459586462395342,0.1715
1911,2185694,2.0,0.32105918822568047,0.003058023379289522,0.31506505402225404,0.3270533224291069,0.32198290778192357,0.012083000904123104,0.2975427315663578,0.34642308399748933,0.32198290778192357,0.006793128918918475,0.3081921229060005,0.3357736926578466,0,0,0,4.934669948584155,0.2014
1912,2186694,2.0,0.31856959806997714,0.0032388748685017784,0.31222097079610217,0.3249182253438521,0.31820755604283263,0.013386463696429752,0.2911308774726624,0.34528423461300284,0.31820755604283263,0.007009336524111084,0.30397784639346004,0.3324372656922052,0,0,0,4.683445634129947,0.1683
1913,2187694,2.0,0.33895002581633904,0.0031978785230192667,0.332681756854417,0.3452182947782611,0.3400011452389297,0.011841747616364206,0.3160489498579429,0.3639533406199165,0.3400011452389297,0.005918501729610158,0.32798594795428476,0.35201634252357467,0,0,0,3.4253080336881245,0.1602
1914,2188694,2.0,0.3113971888503751,0.0030537007767305648,0.30541152752522094,0.31738285017552925,0.31347495903256084,0.011684293847584222,0.2898412439600109,0.3371086741051108,0.31347495903256084,0.006597676611465177,0.30008096343559354,0.32686895462952814,0,0,0,4.667981111221874,0.1812
1915,2189694,2.0,0.31696340312186283,0.00311863391479491,0.3108504641746855,0.3230763420690402,0.31676875910152064,0.01091892251473921,0.2946831536743727,0.3388543645286686,0.31676875910152064,0.006443340454677582,0.3036880825600635,0.32984943564297775,0,0,0,4.2686776836664775,0.1969
1916,2190694,2.0,0.3096709598821485,0.0031061661837460753,0.30358245935281486,0.3157594604114821,0.3097146244913771,0.01184190369191266,0.28576211341779556,0.33366713556495864,0.3097146244913771,0.005619244205978578,0.2983069522780452,0.321122296704709,0,0,0,3.272701822215396,0.1685
1917,2191694,2.0,0.32452620652252184,0.00328833027266766,0.31808064005201986,0.3309717729930238,0.32250267423501794,0.013116743790698061,0.2959715556691244,0.34903379280091146,0.32250267423501794,0.007403144655443062,0.30747349157601883,0.33753185689401705,0,0,0,5.068525194765877,0.1882
1918,2192694,2.0,0.3103945047756754,0.0031400704225418696,0.3042395474106016,0.31654946214074914,0.310491802164808,0.011997199239917725,0.28622517619635446,0.3347584281332615,0.310491802164808,0.0070470105912045205,0.29618561009313954,0.32479799423647643,0,0,0,5.036525906329258,0.2442
1919,2193694,2.0,0.31743263617599343,0.00314754905788164,0.31126301968692843,0.32360225266505843,0.3177088510191855,0.012268681799195245,0.292893099743133,0.342524602295238,0.3177088510191855,0.008133166656066865,0.3011976449089228,0.3342200571294482,0,0,0,6.676891629977867,0.1937
1920,2194694,2.0,0.3131638946906694,0.0031132650038896057,0.30706147952585117,0.31926630985548765,0.3114155219262023,0.011340344513923033,0.2884775100478015,0.33435353380460314,0.3114155219262023,0.005804776647425386,0.2996311988325416,0.32319984501986304,0,0,0,3.4764728991365317,0.1748
1921,2195694,2.0,0.31196756047932106,0.0032002586514338757,0.305694626147855,0.31824049481078714,0.314795554321848,0.01211415234041704,0.2902923683789444,0.33929874026475165,0.314795554321848,0.0071113122312878585,0.30035882298084693,0.3292322856628491,0,0,0,4.937752687199685,0.2335
1922,2196694,2.0,0.3175344809380723,0.0031527704449477467,0.31135462983307394,0.32371433204307065,0.3163230553178958,0.01146524760029297,0.29313240310080996,0.3395137075349816,0.3163230553178958,0.00583892390781307,0.304469409600194,0.3281767010355976,0,0,0,3.4298958275492604,0.1351
1923,2197694,2.0,0.30348014659376343,0.003122919350197989,0.2973588076209028,0.3096014855666241,0.304889162553441,0.012278007332908642,0.28005454860502194,0.3297237765018601,0.304889162553441,0.007685099520398981,0.28928758108768615,0.32049074401919586,0,0,0,6.055882699931841,0.1913
1924,2198694,2.0,0.32256009247321943,0.0032231335630432353,0.3162423202601967,0.32887786468624214,0.32066369629575014,0.012958119562777887,0.29445342551536857,0.3468739670761317,0.32066369629575014,0.00831378791768273,0.3037858095302705,0.3375415830612298,0,0,0,6.653363909023208,0.2192
1925,2199694,2.0,0.3076805623088764,0.0031195905817462035,0.3015657481667176,0.3137953764510352,0.30605141713450956,0.011754501564800388,0.28227569354982995,0.32982714071918917,0.30605141713450956,0.006900656358119004,0.29204233995176104,0.3200604943172581,0,0,0,4.893117001633258,0.1691
1926,2200694,2.0,0.3144168979087498,0.003062626220886754,0.30841374152111195,0.3204200542963877,0.31466864485157753,0.010358216275091078,0.2937171748441738,0.33562011485898124,0.31466864485157753,0.0061289600582467895,0.30222619444540105,0.327111095257754,0,0,0,4.004843867081745,0.1682
1927,2201694,2.0,0.3204494246704996,0.0029936383780841905,0.3145814936676524,0.32631735567334674,0.31769427313572757,0.009419751425484244,0.29864102745839727,0.33674751881305787,0.31769427313572757,0.006710453248743138,0.30407132879330084,0.3313172174781543,0,0,0,5.024640961280557,0.1434
1928,2202694,2.0,0.3111614414565197,0.0030818389167533416,0.30512062561924713,0.31720225729379226,0.3082887576774561,0.010806671185952847,0.2864302019938064,0.3301473133611058,0.3082887576774561,0.006326680169922341,0.2954449141049926,0.32113260124991966,0,0,0,4.21436251604736,0.1533
1929,2203694,2.0,0.3280204852297985,0.0033052714339735483,0.32154171182075014,0.33449925863884683,0.33098635240707636,0.01324684886989211,0.30419207147884636,0.35778063333530635,0.33098635240707636,0.008110622363434301,0.31452091364402385,0.34745179117012887,0,0,0,6.021353177879205,0.2064
1930,2204694,2.0,0.31204389735480875,0.003097697771897225,0.30597199604360265,0.31811579866601486,0.31303734265064653,0.010846544498017557,0.2910981355807317,0.33497654972056135,0.31303734265064653,0.00579866022838589,0.3012654365477704,0.3248092487535227,0,0,0,3.504106017687354,0.1629
1931,2205694,2.0,0.31390147402866153,0.003153551292318835,0.30772009235853853,0.32008285569878453,0.31383927845668014,0.01109923487330831,0.29138895685908406,0.3362896000542762,0.31383927845668014,0.00664720021876776,0.3003447445918923,0.32733381232146797,0,0,0,4.44301441409594,0.1756
1932,2206694,2.0,0.30642929584994866,0.0032429622152001223,0.30007265683070516,0.31278593486919215,0.3059346282864326,0.012790051697661916,0.28006430685077105,0.3318049497220941,0.3059346282864326,0.0076225186488747135,0.29046009274411594,0.32140916382874923,0,0,0,5.524757420934056,0.2178
1933,2207694,2.0,0.3090156563885148,0.003268844480004127,0.3026082846738399,0.31542302810318973,0.3081522898788107,0.012105976288330036,0.28366564156222523,0.3326389381953962,0.3081522898788107,0.00889016176128683,0.2901043020037943,0.32620027775382715,0,0,0,7.396577443617485,0.181
1934,2208694,2.0,0.3130596267407314,0.0030974486199927226,0.3069882138005308,0.319131039680932,0.313824033640608,0.011270219840902894,0.2910278623015956,0.3366202049796204,0.313824033640608,0.007163922606843114,0.2992804975590839,0.3283675697221321,0,0,0,5.34925804722672,0.1771
1935,2209694,2.0,0.31080879419607776,0.0030529693257183937,0.3048245666125882,0.3167930217795673,0.3097722941956474,0.011288507334704857,0.2869391329089715,0.3326054554823233,0.3097722941956474,0.0049930866385943335,0.29963578942419616,0.3199087989670986,0,0,0,2.674812364759463,0.2001
1936,2210694,2.0,0.30971760532791315,0.0030607746138123304,0.30371807833741177,0.31571713231841453,0.31092662671351645,0.010749888023292194,0.2891829258173914,0.3326703276096415,0.31092662671351645,0.005600171445572833,0.29955767426229785,0.32229557916473506,0,0,0,3.3476492185645297,0.1561
1937,2211694,2.0,0.30555317977061486,0.0030534923025577966,0.29956792708267976,0.31153843245854995,0.30602425794874727,0.010684576238056456,0.28441266260758996,0.3276358532899046,0.30602425794874727,0.0058892250062821646,0.2940684955722437,0.31798002032525086,0,0,0,3.719826087845015,0.2007
1938,2212694,2.0,0.30394803657462544,0.003054692358661608,0.29796043161646685,0.309935641532784,0.302420178154901,0.010256430034692081,0.281674590251737,0.323165766058065,0.302420178154901,0.006455429097526629,0.28931496036375426,0.3155253959460478,0,0,0,4.465964575592683,0.2022
1939,2213694,2.0,0.30792746228675943,0.003207621921088608,0.3016400949634512,0.3142148296100677,0.30986499404410006,0.011554993833061498,0.28649281293688583,0.3332371751513143,0.30986499404410006,0.005690517288509468,0.2983126297808513,0.3214173583073488,0,0,0,3.1472928029030633,0.1816
1940,2214694,2.0,0.320261408439912,0.0031710755752761307,0.3140456768349336,0.3264771400448904,0.31825958009773325,0.012106227075752728,0.293772424515705,0.3427467356797615,0.31825958009773325,0.006892730030119327,0.30426659421629876,0.33225256597916775,0,0,0,4.724646850875221,0.1568
1941,2215694,2.0,0.3220685442649505,0.0031847828138959135,0.3158259446417608,0.32831114388814026,0.3219512509126972,0.011859992710004813,0.2979621513464683,0.34594035047892613,0.3219512509126972,0.00622416900629912,0.3093155160662393,0.33458698575915513,0,0,0,3.819470071100795,0.2084
1942,2216694,2.0,0.3177190407401424,0.003168678003149157,0.3115080086967137,0.3239300727835711,0.3170843927343908,0.01093620422501758,0.2949638317487801,0.33920495372000153,0.3170843927343908,0.006295019441497745,0.3043048238577162,0.32986396161106546,0,0,0,3.9467346943774393,0.2273
1943,2217694,2.0,0.31415451969371944,0.0031141359265198097,0.3080503974042397,0.3202586419831992,0.3169338442894506,0.01066756731071237,0.2953566527511917,0.33851103582770947,0.3169338442894506,0.006112850837013087,0.3045240973410186,0.3293435912378826,0,0,0,3.853119401590352,0.1681
1944,2218694,2.0,0.3034946009906059,0.0031838796915955978,0.29725377160773114,0.3097354303734806,0.3056326906064985,0.013243385270595853,0.2788454154691157,0.33241996574388133,0.3056326906064985,0.008654346090192878,0.2880634339949756,0.3232019472180214,0,0,0,7.388482005927743,0.1487
1945,2219694,2.0,0.2974980694494989,0.0031847539995505615,0.29125552630627405,0.3037406125927238,0.2980122249537615,0.012029406062208725,0.27368045453829676,0.32234399536922625,0.2980122249537615,0.0060219627483183704,0.28578699063477214,0.31023745927275087,0,0,0,3.5753976134765297,0.2162
1946,2220694,2.0,0.3061884665983025,0.0031198827191896263,0.30007307982774145,0.31230385336886357,0.3093293871331087,0.012074604656794346,0.2849061939307772,0.3337525803354402,0.3093293871331087,0.007448889842921837,0.29420733680632966,0.32445143745988775,0,0,0,5.700416210761415,0.202
1947,2221694,2.0,0.32129946757778033,0.003180632509772448,0.3150650031049199,0.32753393205064074,0.3231836780188219,0.011760179218439993,0.29939647029567834,0.3469708857419655,0.3231836780188219,0.006722789031800216,0.30953569070540987,0.33683166533223396,0,0,0,4.467576300571546,0.1714
1948,2222694,2.0,0.3074966089774685,0.0030870826266892917,0.3014455147684566,0.3135477031864804,0.30626187064062915,0.011374337431700628,0.283255101596094,0.3292686396851643,0.30626187064062915,0.006519457196641124,0.29302666889783924,0.31949707238341907,0,0,0,4.4599128188315875,0.1701
1949,2223694,2.0,0.31848506700855517,0.0031639746345131906,0.31228325419575864,0.3246868798213517,0.3195413098056583,0.012680041726811267,0.2938935045391499,0.3451891150721667,0.3195413098056583,0.00767457610010451,0.30396109201887556,0.33512152759244107,0,0,0,5.883595504828086,0.1931
1950,2224694,2.0,0.32045745161601485,0.003132584887127205,0.31431716690000056,0.32659773633202915,0.32147261803696453,0.011206516726077665,0.2988052984098872,0.3441399376640419,0.32147261803696453,0.006876647909823955,0.3075122805954448,0.3354329554784843,0,0,0,4.818899628128308,0.1567
1951,2225694,2.0,0.31673927864560997,0.00308994756407773,0.3106825687767222,0.32279598851449776,0.31435732911031866,0.0107931399172192,0.29252614300107305,0.3361885152195643,0.31435732911031866,0.005563731032930353,0.30306235462971426,0.32565230359092306,0,0,0,3.2421270851925725,0.1912
1952,2226694,2.0,0.32106630639358513,0.0031590241543914196,0.31487419718293314,0.32725841560423713,0.31953493072247663,0.011442448794905264,0.29639039344203616,0.3426794680029171,0.31953493072247663,0.006526770593845198,0.3062848819940403,0.33278497945091295,0,0,0,4.268652516552828,0.2616
1953,2227694,2.0,0.317186495143281,0.003084358414016347,0.3111407407549098,0.32323224953165225,0.3198034530083187,0.01132060096572218,0.29690537622559304,0.34270152979104435,0.3198034530083187,0.006136771006499976,0.30734514553416625,0.33226176048247114,0,0,0,3.958677820624567,0.1986
1954,2228694,2.0,0.3164999660925294,0.00311111863663479,0.3104017580941646,0.3225981740908942,0.3154138222183571,0.01151313047318322,0.2921263177490509,0.33870132668766334,0.3154138222183571,0.005881591547176952,0.303473556587703,0.32735408784901127,0,0,0,3.5740167009926687,0.1718
1955,2229694,2.0,0.3058010907321696,0.0031622159867904565,0.2996027251037661,0.3119994563605731,0.3056275982798801,0.01193050353123925,0.281495877115776,0.32975931944398423,0.3056275982798801,0.005703833547627072,0.2940482005734221,0.3172069959863381,0,0,0,3.2534986175564207,0.1698
1956,2230694,2.0,0.3184359662501703,0.0031031433591586477,0.31235339086070746,0.3245185416396331,0.3197651595742671,0.010890295333928105,0.29773745808581203,0.34179286106272216,0.3197651595742671,0.005509416294160131,0.308580449875461,0.3309498692730732,0,0,0,3.152154522721541,0.1663
1957,2231694,2.0,0.3195812872439792,0.0031005568471152594,0.31350378176353405,0.3256587927244244,0.3191410047097959,0.010477064701306224,0.2979491410698261,0.34033286834976567,0.3191410047097959,0.004835967059082605,0.3093234696423948,0.32895853977719697,0,0,0,2.4326928081972903,0.1614
1958,2232694,2.0,0.3086315934290165,0.003187065091215254,0.30238452023749696,0.3148786666205361,0.308064166365772,0.012993446110596286,0.2817824408978819,0.3343458918336621,0.308064166365772,0.005624359310369698,0.29664610993846185,0.31948222279308214,0,0,0,3.1143272694174486,0.2051
1959,2233694,2.0,0.3170908467243026,0.003137728438677042,0.3109404799603613,0.3232412134882439,0.31549136287589136,0.011828335918107329,0.291566295215191,0.3394164305365917,0.31549136287589136,0.006100454446774063,0.3031067819375653,0.3278759438142174,0,0,0,3.7800162700031636,0.2416
1960,2234694,2.0,0.311120927272325,0.003138469675053141,0.30496910758609896,0.317272746958551,0.3130577085654007,0.013377491307336384,0.28599917836518074,0.3401162387656207,0.3130577085654007,0.006805299237460618,0.2992422166293159,0.32687320050148555,0,0,0,4.701739674081106,0.1871
1961,2235694,2.0,0.31935559741786024,0.003265416737967048,0.3129549445353316,0.32575625030038885,0.32102813496595745,0.012928594696976431,0.2948775838635478,0.3471786860683671,0.32102813496595745,0.007525942707155975,0.30574965900860224,0.33630661092331265,0,0,0,5.311835127088292,0.2447
1962,2236694,2.0,0.312610051249914,0.0032436486665158334,0.3062520666944204,0.31896803580540756,0.31215346530132737,0.01282803171875335,0.2862063220218614,0.3381006085807933,0.31215346530132737,0.008589312439496358,0.2947162340196865,0.32959069658296825,0,0,0,7.012117514545491,0.1559
1963,2237694,2.0,0.3132254175834321,0.003080855830878705,0.30718652872575886,0.3192643064411053,0.3147349652405228,0.01049432106241538,0.29350819731562466,0.33596173316542094,0.3147349652405228,0.005708367269820947,0.3031463635886945,0.3263235668923511,0,0,0,3.433057384769751,0.2226
1964,2238694,2.0,0.3067441793588783,0.0031523260248024257,0.30056519937671433,0.3129231593410423,0.30447109611791195,0.01100451353844059,0.28221236650428655,0.32672982573153736,0.30447109611791195,0.007843040418501243,0.2885488775827247,0.3203933146530992,0,0,0,6.190228085976855,0.2139
1965,2239694,2.0,0.3130094846650261,0.0029866377547915868,0.30715527581872215,0.31886369351133004,0.31429018948615955,0.010604146771096652,0.29284127809752525,0.33573910087479386,0.31429018948615955,0.004273445188559177,0.3056146345279223,0.3229657444443968,0,0,0,2.0473456706826,0.1861
1966,2240694,2.0,0.3153671670695893,0.002986807147650414,0.30951262619066067,0.3212217079485179,0.3147568201438398,0.010240083989527617,0.2940442952378085,0.33546934504987114,0.3147568201438398,0.005187182660153058,0.3042262795001804,0.32528736078749926,0,0,0,3.0161207112414687,0.2052
1967,2241694,2.0,0.31942151572508926,0.003129387568274088,0.3132874981810091,0.3255555332691694,0.31923332177786984,0.010968492095467523,0.2970474524098727,0.341419191145867,0.31923332177786984,0.005567361178998734,0.30793097770895134,0.33053566584678834,0,0,0,3.165046447030378,0.1643
1968,2242694,2.0,0.3165054747622007,0.0030998150495775076,0.310429423303992,0.3225815262204094,0.3184774807013548,0.011000302005853392,0.29622726971645297,0.3407276916862566,0.3184774807013548,0.005817377593924299,0.30666757632630315,0.3302873850764064,0,0,0,3.521948027224486,0.2247
1969,2243694,2.0,0.30083044341083526,0.003136984431799159,0.29468153499973204,0.3069793518219385,0.302588822979275,0.010906945965684794,0.2805274424091528,0.32465020354939716,0.302588822979275,0.006380596768660668,0.2896355228922484,0.3155421230663015,0,0,0,4.137117659784634,0.2016
1970,2244694,2.0,0.3158190283761441,0.0031240340280016725,0.30969550448593,0.32194255226635826,0.31582302677203183,0.01024478981883021,0.29510098342779895,0.3365450701162647,0.31582302677203183,0.005934897860719907,0.30377454357162836,0.3278715099724353,0,0,0,3.6090673522754533,0.1515
1971,2245694,2.0,0.3071774927442783,0.0029946745680911446,0.30130753067064076,0.31304745481791585,0.30618960324438244,0.009715259347233694,0.28653863637693056,0.3258405701118343,0.30618960324438244,0.004335166131567883,0.2973887481104041,0.31499045837836076,0,0,0,2.0956184886099494,0.2076
1972,2246694,2.0,0.31132710984466155,0.0031374188672318674,0.3051773498820941,0.317476869807229,0.3127478366633375,0.011690976979759491,0.28910060368001916,0.33639506964665583,0.3127478366633375,0.0069350972443023955,0.2986688407644921,0.32682683256218287,0,0,0,4.886074701907467,0.196
1973,2247694,2.0,0.3098898413305458,0.0031148874765392067,0.3037842459026632,0.31599543675842845,0.31050347891768826,0.01077998968080358,0.2886988916722369,0.3323080661631396,0.31050347891768826,0.005069797714050711,0.30021124238376845,0.32079571545160807,0,0,0,2.6490889261298385,0.1966
1974,2248694,2.0,0.31429046354838486,0.003094497804194101,0.3082248346012127,0.320356092495557,0.3145126633054129,0.011968167840168546,0.290304758885628,0.33872056772519776,0.3145126633054129,0.005750730191982948,0.3028380603494397,0.32618726626138606,0,0,0,3.4535490350042757,0.1606
1975,2249694,2.0,0.3200476678738741,0.0031282278655336156,0.3139159235020364,0.32617941224571184,0.3171996000617004,0.01174903595802637,0.29343493171021506,0.3409642684131857,0.3171996000617004,0.005467622170127528,0.3060997369454472,0.3282994631779536,0,0,0,3.054922738363605,0.212
1976,2250694,2.0,0.29954782322374657,0.003325188997306466,0.2930300087306989,0.30606563771679424,0.29803115606256153,0.013502007734922173,0.27072076761486835,0.3253415445102547,0.29803115606256153,0.009760342881616693,0.27821660659614966,0.3178457055289734,0,0,0,8.615837114447867,0.1759
1977,2251694,2.0,0.3115057597057566,0.0031255344507485194,0.3053792947865865,0.31763222462492674,0.31324775573448604,0.012298022570229035,0.2883726571472766,0.3381228543216955,0.31324775573448604,0.008412838848630247,0.2961687848887893,0.3303267265801828,0,0,0,7.244969464589122,0.1812
1978,2252694,2.0,0.31772478587321745,0.003222480821788323,0.3114082931202239,0.324041278626211,0.3171860820951298,0.01251740750746478,0.2918672355873808,0.34250492860287873,0.3171860820951298,0.006134539160464946,0.3047323055093077,0.32963985868095186,0,0,0,3.623958399000062,0.1886
1979,2253694,2.0,0.31603270147531126,0.0030209400978833487,0.31011125545568274,0.3219541474949398,0.31548265135993214,0.011030777895248903,0.29317079707027,0.3377945056495943,0.31548265135993214,0.006324885456437601,0.30264245124954287,0.3283228514703214,0,0,0,4.383500921731632,0.2156
1980,2254694,2.0,0.3178982054243983,0.0031517047429963085,0.3117204432375426,0.32407596761125396,0.3172504956683686,0.012125584202684498,0.2927241866014575,0.3417768047352797,0.3172504956683686,0.007178009291968156,0.30267836209568943,0.3318226292410478,0,0,0,5.1870087644369685,0.1739
1981,2255694,2.0,0.3179297677924615,0.0031470331271989467,0.31176116259643394,0.3240983729884891,0.3202947204051628,0.01064348869362478,0.2987662324670541,0.34182320834327157,0.3202947204051628,0.005839264923462312,0.3084403823888879,0.33214905842143777,0,0,0,3.4428153420316616,0.1951
1982,2256694,2.0,0.3151526624076829,0.0031172174140690688,0.30904249999109307,0.32126282482427276,0.31569885175303564,0.01151025434392937,0.292417164804256,0.33898053870181527,0.31569885175303564,0.0051137800147142655,0.30531732640183606,0.3260803771042352,0,0,0,2.691224300796137,0.1721
1983,2257694,2.0,0.30764437207824497,0.003154602426162703,0.3014609300454156,0.31382781411107435,0.3073034016442181,0.01191893035926021,0.283195089429992,0.3314117138584442,0.3073034016442181,0.006494821139895618,0.2941182137555481,0.3204885895328881,0,0,0,4.238821467911295,0.1809
1984,2258694,2.0,0.3245230072522538,0.003087010064705831,0.3184720552744197,0.3305739592300879,0.3247247149613085,0.011784451422835102,0.30088841207072564,0.34856101785189136,0.3247247149613085,0.006359766997207709,0.3118137015584523,0.3376357283641647,0,0,0,4.244302393900515,0.2221
1985,2259694,2.0,0.3152578104676678,0.0032852971377361306,0.3088181893466879,0.3216974315886477,0.3121734660757043,0.012345903159334391,0.28720151985566544,0.33714541229574313,0.3121734660757043,0.005894883614836624,0.30020621611311143,0.32414071603829714,0,0,0,3.2195943715761137,0.2098
1986,2260694,2.0,0.31110088106996076,0.0031548066635270792,0.30491703870462256,0.31728472343529895,0.31201711818816763,0.011830720964725308,0.28808722631532924,0.335947010061006,0.31201711818816763,0.006645166933556649,0.29852671211180726,0.325507524264528,0,0,0,4.436763626043564,0.21
1987,2261694,2.0,0.313516343494002,0.0032643925719807792,0.3071176981135774,0.31991498887442654,0.3123746087167135,0.013140894379821282,0.2857946409734869,0.33895457645994015,0.3123746087167135,0.007940817058647437,0.29625389304916777,0.32849532438425927,0,0,0,5.917327681660445,0.1868
1988,2262694,2.0,0.3233514207373916,0.0031300035791122444,0.31721619572980425,0.32948664574497893,0.32187946317352456,0.011404568292511737,0.2988115464413219,0.3449473799057272,0.32187946317352456,0.00639696720486234,0.3088929293341761,0.334865997012873,0,0,0,4.176943301922298,0.2308
1989,2263694,2.0,0.32411992471370976,0.003227992617298177,0.3177926281054509,0.33044722132196863,0.32482896590494764,0.012308191152846657,0.29993329941800795,0.34972463239188734,0.32482896590494764,0.005583676683327315,0.31349349960133827,0.336164432208557,0,0,0,2.9920955651363825,0.1654
1990,2264694,2.0,0.30415135379220715,0.0031047587956827046,0.29806561193142567,0.3102370956529886,0.303430008637143,0.010514944126269191,0.2821615266282444,0.32469849064604156,0.303430008637143,0.006225279478116529,0.29079201941304444,0.3160679978612415,0,0,0,4.020332518341959,0.1722
1991,2265694,2.0,0.3221792981543936,0.003182226531092271,0.3159417091868747,0.3284168871219125,0.32172234225828944,0.011681917164177174,0.2980934344816867,0.3453512500348922,0.32172234225828944,0.006839643301977438,0.3078371281645407,0.3356075563520382,0,0,0,4.619603714269731,0.245
1992,2266694,2.0,0.31513839050688547,0.002982029131204965,0.30929321517826436,0.3209835658355066,0.3127723980291478,0.011241364796859709,0.2900345915257188,0.3355102045325768,0.3127723980291478,0.006752735817326108,0.299063615509014,0.3264811805492816,0,0,0,5.127855227535449,0.1982
1993,2267694,2.0,0.3061312602780088,0.0030599057320233685,0.30013343641184753,0.31212908414417007,0.30641566271071474,0.01215436440159948,0.28183114019678146,0.331000185224648,0.30641566271071474,0.006570541759099394,0.2930767537926671,0.31975457162876236,0,0,0,4.610905964697534,0.1543
1994,2268694,2.0,0.31667406556541217,0.0031963333207816053,0.31040882540622805,0.3229393057245963,0.32078355507225137,0.0118148240379327,0.29688581776889283,0.3446812923756099,0.32078355507225137,0.0052939011610068885,0.31003636435391757,0.33153074579058517,0,0,0,2.743137219669499,0.2306
1995,2269694,2.0,0.3029155718101262,0.0032704213686067154,0.2965051091832065,0.30932603443704587,0.3015851015203645,0.01228378506734416,0.2767388010009643,0.3264314020397647,0.3015851015203645,0.0070628040297048104,0.2872468470639823,0.3159233559767467,0,0,0,4.663874856922929,0.1675
1996,2270694,2.0,0.31301209776687217,0.003110559085656087,0.30691498656315014,0.3191092089705942,0.3138972754922369,0.01030960932660249,0.2930441223181917,0.3347504286662821,0.3138972754922369,0.006225938528315888,0.30125794832510355,0.32653660265937023,0,0,0,4.0062011032333835,0.1475
1997,2271694,2.0,0.3120031681330977,0.0031638266718205443,0.30580164534693827,0.3182046909192571,0.310675982955717,0.012741264596515476,0.28490434274655935,0.3364476231648747,0.310675982955717,0.008576296024440993,0.2932651764014775,0.32808678950995657,0,0,0,7.348084807768744,0.2214
1998,2272694,2.0,0.30765800855937425,0.0031850892212060087,0.30141480833693796,0.31390120878181055,0.3077714800647878,0.012034151123163769,0.28343011185761424,0.3321128482719613,0.3077714800647878,0.006552487629429864,0.2944692229785199,0.32107373715105564,0,0,0,4.2322295452521335,0.1838
1999,2273694,2.0,0.31032620541633954,0.003048841606105746,0.3043500687145221,0.316302342118157,0.3122819716378504,0.010328300935711576,0.2913910111157794,0.33317293215992133,0.3122819716378504,0.00572597758218165,0.3006576191512797,0.32390632412442105,0,0,0,3.5271957451090974,0.1782
