rep,seed,true_att,att_naive,se_naive,ci_lo_naive,ci_hi_naive,att_cluster_psu,se_cluster_psu,ci_lo_cluster_psu,ci_hi_cluster_psu,att_survey,se_survey,ci_lo_survey,ci_hi_survey,covers_naive,covers_cluster_psu,covers_survey,deff_ratio,elapsed_s
0,258057,2.5776122901847276,2.3816910303781356,0.055989945030951796,2.2719527546210925,2.4914293061351787,2.6865685171593032,0.32765440823144826,2.0238249207195347,3.3493121135990718,2.6865685171593032,0.33122663984283207,2.014142689566649,3.3589943447519572,0,1,1,34.9969692183769,0.2212
1,259057,2.572238917100966,2.5256308395150118,0.06270861357224329,2.402724215392975,2.6485374636370485,2.6546038595406207,0.33108810197613064,1.9849149619412962,3.324292757139945,2.6546038595406207,0.29820187490541866,2.0492218690760136,3.259985850005228,1,1,1,22.61342480721519,0.2947
2,260057,2.57368357435157,2.08612880872694,0.05175157628175118,1.9846975830715305,2.18756003438235,2.2904843059451787,0.32782135278860275,1.6274030322655044,2.953565579624853,2.2904843059451787,0.29553651423105814,1.6905132853172375,2.89045532657312,0,1,1,32.61182690884002,0.2811
3,261057,2.5731490760427422,1.949713060044048,0.05367257442031899,1.8445167472226771,2.054909372865419,2.2428410254444646,0.2930634712433872,1.650064203166011,2.835617847722918,2.2428410254444646,0.2708903058043495,1.692904467944895,2.7927775829440344,0,1,1,25.473115996135945,0.2426
4,262057,2.576184490673969,2.517774474671134,0.053488384328544705,2.4129391677959497,2.6226097815463185,2.820348022332806,0.3113627571841545,2.1905574005388058,3.450138644126806,2.820348022332806,0.23309916888065524,2.347131551519622,3.2935644931459898,1,1,1,18.991640926263198,0.2456
5,263057,2.5731398531043865,2.2989381884681945,0.04812921833624226,2.204606653925095,2.393269723011294,2.525729470974104,0.2880149047111776,1.9431643383795523,3.1082946035686554,2.525729470974104,0.28229142589024403,1.9526474091972255,3.0988115327509824,0,1,1,34.401529992482715,0.3283
6,264057,2.5756534784129927,2.0316510405888413,0.04810684250633574,1.9373633618664827,2.1259387193112,2.2528121904175507,0.25690477707575177,1.7331732305123595,2.772451150322742,2.2528121904175507,0.22911729796632133,1.7876793473168258,2.7179450335182755,0,1,1,22.683081438622313,0.2781
7,265057,2.5770312134919853,2.1563394891726135,0.05186357387998513,2.0546887522583104,2.2579902260869167,2.220764066825483,0.31241965548992173,1.5888356664250054,2.8526924672259604,2.220764066825483,0.2926108119196501,1.6267325376556314,2.814795595995334,0,1,1,31.831408617928872,0.2657
8,266057,2.5768931308826115,2.217231989465524,0.054485813384959864,2.1104417575626324,2.324022221368416,2.204486940721943,0.3755415407453977,1.4448824761596122,2.9640914052842744,2.204486940721943,0.37098921232681226,1.451338799481932,2.9576350819619543,0,1,1,46.36130855188701,0.284
9,267057,2.575923981897451,2.6624546795740525,0.05326861202816998,2.5580501184924023,2.7668592406557027,2.898365486676769,0.290119216243822,2.311543982252209,3.4851869911013296,2.898365486676769,0.2845756108578726,2.320646282887518,3.4760846904660205,1,1,1,28.539909503785204,0.2617
10,268057,2.574086788993726,2.5831262633621983,0.05612652619248975,2.4731202934475744,2.693132233276822,2.6887968379987153,0.2981525948883362,2.085726291532679,3.2918673844647515,2.6887968379987153,0.28936123606031305,2.101362298544355,3.2762313774530756,1,1,1,26.5793511510141,0.2857
11,269057,2.576645344775434,2.5251462273956222,0.04781601324470904,2.431428563551702,2.6188638912395423,2.7237847442686984,0.284524677278912,2.1482792630102536,3.2992902255271432,2.7237847442686984,0.24203796030957625,2.232421562106686,3.215147926430711,1,1,1,25.622425708270672,0.2705
12,270057,2.5706515146171927,2.3275097625910677,0.04333225854810057,2.2425800964680125,2.412439428714123,2.5099615832673674,0.2236692363829308,2.0575478497440574,2.9623753167906774,2.5099615832673674,0.2199852771304341,2.0633677280665244,2.9565554384682105,0,1,1,25.772976653426745,0.2478
13,271057,2.5754731549133476,2.4075991166736754,0.05133481562305481,2.306984726899484,2.508213506447867,2.4360609625993455,0.31402021303023464,1.8008951289950805,3.0712267962036104,2.4360609625993455,0.26214280019370295,1.9038827855923637,2.968239139606327,0,1,1,26.07665344954185,0.3102
14,272057,2.575218698368475,2.6359390564224325,0.046583637299734,2.544636805046077,2.727241307798788,2.714973020748949,0.294886934594402,2.1185078957073777,3.31143814579052,2.714973020748949,0.24162822440998194,2.2244416466851917,3.205504394812706,1,1,1,26.904723530590516,0.271
15,273057,2.570485973730785,2.6694271393737488,0.05939917941440946,2.553006887010273,2.7858473917372244,3.0573828348295287,0.3241613490006315,2.401704617579084,3.7130610520799734,3.0573828348295287,0.2690964764611876,2.51108794450144,3.6036777251576173,1,1,1,20.52367513296196,0.3368
16,274057,2.5755482654559883,2.460009440689509,0.05867857601466252,2.345001545036675,2.5750173363423436,2.774236517836841,0.30397200072086217,2.1593951120333457,3.3890779236403366,2.774236517836841,0.28232100949969585,2.201094398139868,3.347378637533814,0,1,1,23.148735063225967,0.1955
17,275057,2.5742419656399465,2.0473727326041242,0.054416475946626165,1.9407183995831467,2.1540270656251015,2.1033712414449988,0.280070128500369,1.5368759355537738,2.6698665473362237,2.1033712414449988,0.28692610750493214,1.520880275777226,2.6858622071127716,0,1,1,27.802209211935534,0.3041
18,276057,2.5733837481700355,2.150437542656906,0.05731809935677169,2.038096132255345,2.2627789530584668,2.545745594340417,0.32361285231348613,1.8911768163587315,3.2003143723221026,2.545745594340417,0.30042272639982404,1.9358550356495507,3.155636153031283,0,1,1,27.471476652407535,0.2483
19,277057,2.5727027737177806,2.5324504096929736,0.0563142067884239,2.422076592569722,2.6428242268162254,2.651799807858774,0.3495392321298179,1.94478997683317,3.3588096388843782,2.651799807858774,0.3002472652302399,2.0422654542793808,3.2613341614381675,1,1,1,28.426420640464418,0.273
20,278057,2.573526871690196,2.228394629260491,0.05774915241958634,2.1152083703803877,2.3415808881405944,2.619648094642388,0.3698602663244394,1.8715350922655665,3.3677610970192093,2.619648094642388,0.30002986860376907,2.010555079677968,3.228741109606808,0,1,1,26.992167147608978,0.2511
21,279057,2.572511550233318,2.3630355151420206,0.04411720147718292,2.276567389148045,2.4495036411359963,2.3794166167192143,0.26350102613402654,1.8464354837375496,2.912397749700879,2.3794166167192143,0.26316574262582126,1.8451617561706455,2.9136714772677834,0,1,1,35.583019453445736,0.1798
22,280057,2.578656814018571,2.0884330333685615,0.04800293852789515,1.9943490027017967,2.182517064035326,2.3391033142863153,0.3690569386160689,1.5926151955710286,3.085591433001602,2.3391033142863153,0.3050586214734221,1.719801388252001,2.95840524032063,0,1,1,40.38601100096492,0.3004
23,281057,2.576062912076165,2.273121945547073,0.04219540479990418,2.190420471826172,2.3558234192679737,2.274546327943292,0.2640683123085088,1.7404177503674396,2.8086749055191444,2.274546327943292,0.24677188193150193,1.7735727739648925,2.7755198819216913,0,1,1,34.202750392885044,0.3322
24,282057,2.5754959222964064,2.0704973489726735,0.05833054085815736,1.956171589691943,2.184823108253404,2.220810841432131,0.3659053661960455,1.4806973796346639,2.9609243032295978,2.220810841432131,0.3456246114384588,1.5191555775524717,2.92246610531179,0,1,1,35.108907383308505,0.2797
25,283057,2.5756149896167164,2.437727433678705,0.054911053746675854,2.3301037459820773,2.545351121375333,2.7809702671008862,0.35958276214974877,2.053645479098851,3.5082950551029213,2.7809702671008862,0.3535325043578648,2.063261127109786,3.4986794070919864,0,1,1,41.45139430795183,0.298
26,284057,2.574553272691662,2.8178755372742863,0.046700127681659875,2.7263449689448107,2.909406105603762,2.898567366889942,0.24840112517921997,2.396128666463019,3.4010060673168647,2.898567366889942,0.23129002162664858,2.4290236602604893,3.3681110735193944,0,1,1,24.528876552850907,0.2348
27,285057,2.5766653298929745,1.9598296267981765,0.047665650106949946,1.8664066692888668,2.053252584307486,2.1471724700229564,0.23858184585511244,1.6645951367262104,2.629749803319702,2.1471724700229564,0.2321715911736059,1.6758390820669218,2.618505857978991,0,1,1,23.725048789431085,0.2145
28,286057,2.573659398572306,2.596922552160759,0.053326558611010745,2.492404417863714,2.701440686457804,2.992941269482854,0.33540167970706,2.314527337374306,3.671355201591402,2.992941269482854,0.2958092487640707,2.3924165683171363,3.5934659706485714,1,1,1,30.770629537139445,0.3035
29,287057,2.576718369248139,2.377189902436849,0.05022056741393131,2.278759399022378,2.47562040585132,2.6473925489825065,0.3012602616940646,2.038036153086024,3.2567489448789892,2.6473925489825065,0.29965134140883076,2.039067985077589,3.255717112887424,0,1,1,35.601575856067015,0.2937
30,288057,2.576188182027172,2.346023663423731,0.04634911251188509,2.2551810721850414,2.4368662546624202,2.4790971452448276,0.2197869289274528,2.034536119760504,2.9236581707291514,2.4790971452448276,0.22224108211718435,2.027923762455796,2.930270528033859,0,1,1,22.99142240992143,0.2598
31,289057,2.5749824751342096,2.085151594811948,0.04958906279452208,1.9879588177075895,2.1823443719163063,2.3416786925099977,0.30537645296888666,1.7239965138967979,2.959360871123198,2.3416786925099977,0.27529678064456936,1.782796515501662,2.9005608695183334,0,1,1,30.81984601773732,0.2006
32,290057,2.576186372670808,2.603515538242184,0.04922702683177277,2.5070323385859226,2.6999987378984454,2.766303251453355,0.2666878828247202,2.226876092379966,3.305730410526744,2.766303251453355,0.2487541350685914,2.261305509665551,3.271300993241159,1,1,1,25.534855509026272,0.3104
33,291057,2.5744337067608467,2.2394974315711282,0.0498939076882955,2.141707169454103,2.3372876936881535,2.249359829217029,0.28719322643345185,1.6684566978140245,2.8302629606200336,2.249359829217029,0.28829009843912434,1.664099814739691,2.834619843694367,0,1,1,33.386001956754825,0.2787
34,292057,2.5721504575153684,2.77350394126057,0.06183829900623178,2.652303102343137,2.8947047801780035,3.0170280030268755,0.481749889446122,2.0425968759154913,3.9914591301382596,3.0170280030268755,0.433349919463568,2.1372808958172387,3.8967751102365122,0,1,1,49.10914472490328,0.2461
35,293057,2.576076570922319,2.228157359589134,0.05096857726373215,2.128260783808972,2.328053935369296,2.310253652523514,0.2961197341632945,1.7112949549877188,2.909212350059309,2.310253652523514,0.29867576477765445,1.703909614472163,2.9165976905748643,0,1,1,34.339577468136724,0.2499
36,294057,2.5774757252444314,2.6463411761608873,0.05467734576216143,2.539175547696807,2.7535068046249673,2.892325090295673,0.30901773109149083,2.2672777314865535,3.517372449104793,2.892325090295673,0.2816237771051344,2.3205984276107325,3.464051752980614,1,1,1,26.529177742002346,0.2958
37,295057,2.5779456847731623,2.312505746285674,0.05710607760439229,2.200579890882716,2.424431601688632,2.6433175487694274,0.3629897070073324,1.9091015643388922,3.3775335331999625,2.6433175487694274,0.28883868569901977,2.0569438429464384,3.2296912545924163,0,1,1,25.582681145547863,0.2412
38,296057,2.5738313063461753,2.675557119001571,0.05225620704496683,2.5731368352247674,2.777977402778374,2.9049284207099517,0.3380053861994978,2.221247995120709,3.5886088462991945,2.9049284207099517,0.2803746410295878,2.335737639075442,3.4741192023444616,1,1,1,28.7873503649998,0.2365
39,297057,2.573294228203165,2.1841191696893447,0.04889785386521786,2.088281137192215,2.2799572021864742,2.2833430700884265,0.27532242406406304,1.7264509028515356,2.8402352373253175,2.2833430700884265,0.2666375219513079,1.7420401228060516,2.8246460173708012,0,1,1,29.734656948344718,0.258
40,298057,2.5748439545448463,2.1430859973635847,0.045026141504859715,2.0548363816512554,2.231335613075914,2.256611656959312,0.28436227147381404,1.6814346724482,2.8317886414704243,2.256611656959312,0.2764657695353009,1.6953563063358659,2.8178670075827585,0,1,1,37.70103476551085,0.2183
41,299057,2.576522213090688,2.600560160974023,0.050669126127688535,2.501250498635636,2.6998698233124103,2.7812189423261655,0.27038666024807934,2.234310299743311,3.32812758490902,2.7812189423261655,0.2695686459483295,2.2339654969787524,3.3284723876735787,1,1,1,28.30426787944416,0.2653
42,300057,2.575109488135569,2.388447170473855,0.0539956000027949,2.282617739144746,2.4942766018029636,2.3453962115444695,0.28245285266135944,1.774081391127857,2.916711031961082,2.3453962115444695,0.26917713335553767,1.7989375790156927,2.8918548440732463,0,1,1,24.851899264541057,0.3247
43,301057,2.577852344529519,2.50963720784557,0.05460368580635465,2.402615950241974,2.6166584654491665,2.5425040903406932,0.28220745710983186,1.9716856292779728,3.1133225514034137,2.5425040903406932,0.27133028844392487,1.991674320596229,3.093333860085157,1,1,1,24.691793426167546,0.2624
44,302057,2.573357838730072,2.149172184467109,0.057925679924652605,2.035639938034795,2.2627044308994226,2.371504357649941,0.2919483026285079,1.780983176803114,2.962025538496768,2.371504357649941,0.25928881074610055,1.8451200872476798,2.8978886280522023,0,1,1,20.036657345028537,0.2221
45,303057,2.577194726390812,2.2317675666257544,0.0494308247787295,2.1348849303333344,2.3286502029181744,2.2489441628002074,0.28512753508479377,1.6722192865317322,2.8256690390686825,2.2489441628002074,0.28558513687299664,1.6691755122438776,2.828712813356537,0,1,1,33.37916652922082,0.2761
46,304057,2.5739637805955473,2.616171844106883,0.05813240693125652,2.5022344201869937,2.7301092680267725,3.087442664353998,0.3029667460456862,2.4746345780543053,3.7002507506536904,3.087442664353998,0.23685579645012264,2.606599834128555,3.568285494579441,1,1,0,16.600892028603447,0.2382
47,305057,2.574994475844524,2.4198556918164615,0.06158650183515672,2.2991483662857446,2.5405630173471785,2.4985285273116107,0.3739727267090984,1.7420972886557284,3.254959765967493,2.4985285273116107,0.34080637200012553,1.8066548095159203,3.1904022451073013,0,1,1,30.622760601571613,0.2969
48,306057,2.5742105834147866,2.2648759049650367,0.05563941428154225,2.1558246568523103,2.373927153077763,2.1126233320770265,0.29423180930661563,1.5174833230065474,2.7077633411475057,2.1126233320770265,0.2921969854945171,1.519431915213757,2.7058147489402957,0,1,1,27.579498403213293,0.3139
49,307057,2.5734648756295124,1.9722741286974068,0.05493300412746641,1.8646074190449826,2.079940838349831,2.1094761969323157,0.3627593899449738,1.3757260727325427,2.8432263211320885,2.1094761969323157,0.285287599451035,1.5303115794552615,2.6886408144093696,0,1,1,26.971126710894634,0.2365
50,308057,2.5745386112731943,2.0615923968066308,0.05114444022507714,1.961351135956018,2.1618336576572434,2.4923396939226192,0.3382060875089796,1.8082533116170483,3.17642607622819,2.4923396939226192,0.2971881319646818,1.8890157110392096,3.095663676806029,0,1,1,33.764946429900924,0.2647
51,309057,2.576485902141587,2.50878590249331,0.046759850118814617,2.417138280337942,2.6004335246486776,2.43874333250691,0.25479480764676443,1.9233721886072868,2.9541144764065335,2.43874333250691,0.2549320147503439,1.9212038281974038,2.9562828368164165,1,1,1,29.723677161808517,0.2882
52,310057,2.575454773305477,2.7378269189847533,0.049238628002479384,2.6413209814517282,2.8343328565177783,2.8693891675475096,0.30218854887334057,2.258155133602319,3.4806232014927003,2.8693891675475096,0.21046590048691804,2.4421206743426698,3.2966576607523495,0,1,1,18.27054900041362,0.2723
53,311057,2.572711898012762,2.4575734115006975,0.0543145442525657,2.351118860928962,2.564027962072433,2.60586777384524,0.3853583257502307,1.82640698738968,3.3853285603008,2.60586777384524,0.2928970999660913,2.0112550490425445,3.200480498647935,0,1,1,29.080231786930238,0.2632
54,312057,2.576871724795562,2.7234253534568564,0.052212831569987204,2.6210900840488254,2.8257606228648875,2.70020102137332,0.4333284784466323,1.8237114426259717,3.576690600120668,2.70020102137332,0.3674391515899894,1.9542598865809029,3.446142156165737,0,1,1,49.52407434173074,0.2899
55,313057,2.5764826236254934,2.518388851290945,0.05693738103592382,2.4067936350865007,2.6299840674953896,2.837119158295268,0.33984972472856706,2.149708205909803,3.524530110680733,2.837119158295268,0.2384058784830205,2.3531294942454,3.3211088223451357,1,1,1,17.532302115335536,0.2519
56,314057,2.575752723571642,2.624529987984102,0.04699957166943923,2.532412520223192,2.716647455745012,2.6320707731666695,0.2320542815076614,2.1626966850054683,3.1014448613278707,2.6320707731666695,0.19191331236269515,2.2424660362023774,3.0216755101309616,1,1,1,16.67333217679863,0.2744
57,315057,2.5749751213645773,2.6016851781969943,0.05065180310077793,2.502409468367455,2.7009608880265334,2.49238131714177,0.29961411680047706,1.8863545635746117,3.0984080707089285,2.49238131714177,0.2996287766063623,1.8841025622212433,3.100660072062297,1,1,1,34.99268136138565,0.2827
58,316057,2.5751724227817783,2.5707886692072535,0.05225903765187748,2.468362837542851,2.673214500871656,3.0467746128235116,0.3745882365963076,2.2890983879075786,3.8044508377394446,3.0467746128235116,0.3054198388601635,2.426739376508552,3.6668098491384713,1,1,1,34.1563670150269,0.2137
59,317057,2.5766191193665233,2.0806704625821335,0.05433328195879527,1.974179186781035,2.187161738383232,2.3772011080688342,0.31683525581680705,1.7363413129806544,3.0180609031570143,2.3772011080688342,0.24348123396875992,1.8829079246086782,2.8714942915289905,0,1,1,20.081636894193466,0.2797
60,318057,2.572269116356506,2.3982103218412245,0.05821529980633477,2.284110430871607,2.512310212810842,2.8028488410090446,0.3068186632032457,2.182249516850023,3.4234481651680664,2.8028488410090446,0.2750567409464153,2.2444539704950266,3.3612437115230627,0,1,1,22.32391236393749,0.3194
61,319057,2.57209099579466,2.4185914708537886,0.047478179119183915,2.3255359497286463,2.511646991978931,2.7229561295918536,0.2938543081057661,2.128579688772636,3.317332570411071,2.7229561295918536,0.2736787160808993,2.1673587982826454,3.278553460901062,0,1,1,33.22721475384276,0.2916
62,320057,2.5759379124968134,2.2997133857546874,0.061889577267574394,2.1784120432918326,2.4210147282175423,2.3116288437099497,0.3628178289815557,1.5777605154015069,3.0454971720183925,2.3116288437099497,0.3597952833420242,1.5812055864502281,3.0420521009696713,0,1,1,33.796824688567725,0.2708
63,321057,2.570959393429168,2.5395966440670725,0.05144009449330599,2.4387759114988556,2.6404173766352894,2.633154243541505,0.27857596279133556,2.069681173062972,3.196627314020038,2.633154243541505,0.25545386843241025,2.114555319934649,3.1517531671483607,1,1,1,24.66161150986652,0.2866
64,322057,2.574195338189276,2.855454086778589,0.06075185272860362,2.7363826434364444,2.974525530120734,3.2615538994293827,0.3610714969891433,2.531217860985362,3.9918899378734034,3.2615538994293827,0.3118659831464327,2.628432294492222,3.8946755043665435,0,1,0,26.352204928150652,0.2539
65,323057,2.5744127622360895,2.438409042561639,0.05414793069836431,2.3322810485554744,2.544537036567804,2.8264938967727407,0.3012057418641775,2.2172477776411323,3.435740015904349,2.8264938967727407,0.25554990749275747,2.307700003508052,3.345287790037429,0,1,1,22.273462101386766,0.2679
66,324057,2.576934096793501,2.8714712878742885,0.05627300432629099,2.7611782260928917,2.9817643496556854,3.0335352234474757,0.4397060799809355,2.1441457279850797,3.9229247189098717,3.0335352234474757,0.3584310528858762,2.305881501252741,3.7611889456422105,0,1,1,40.57056462096118,0.2572
67,325057,2.572461045988611,1.8239049042886255,0.04576107540160346,1.7342148446076608,1.9135949639695902,2.024326821766011,0.23121225038553497,1.5566559023099236,2.491997741222099,2.024326821766011,0.23059895641986897,1.5561860520917798,2.492467591440242,0,0,0,25.39348053534354,0.2095
68,326057,2.574359311324888,2.254376077816054,0.04411906179514414,2.1679043056658744,2.340847849966234,2.246007935669812,0.2408220314508347,1.7588993993094015,2.7331164720302223,2.246007935669812,0.22478892454857136,1.789662157760889,2.7023537135787348,0,1,1,25.959557310434466,0.3421
69,327057,2.5743622139029045,2.516191258876282,0.05005469817088574,2.418085853204323,2.614296664548241,2.9224317399463713,0.3006812675099603,2.3142464703288304,3.5306170095639122,2.9224317399463713,0.2646175531213731,2.3852295474004657,3.459633932492277,1,1,1,27.94779858277215,0.3213
70,328057,2.576813218530666,2.6107066003689536,0.05253821653829271,2.5077335881419334,2.713679612595974,2.9163745749392467,0.3824985930214896,2.1426981439078436,3.6900510059706497,2.9163745749392467,0.3273383561607661,2.2518423828768412,3.580906767001652,1,1,1,38.81889260076513,0.2647
71,329057,2.5741297168943396,2.300645366909765,0.059876883240517216,2.1832888322518413,2.418001901567689,2.559742471436196,0.3504008308483497,1.850989892505902,3.2684950503664894,2.559742471436196,0.25321912989971035,2.0456803082421406,3.073804634630251,0,1,1,17.884411431571248,0.2459
72,330057,2.5783248870061173,2.3732291760811233,0.04969514837650153,2.275828475056806,2.4706298771054405,2.567405750318959,0.30544845386245445,1.9495779361521048,3.185233564485813,2.567405750318959,0.28189411722480334,1.9951302680137544,3.1396812326241634,0,1,1,32.17688825799594,0.276
73,331057,2.5746664137006623,2.1282114272727712,0.04455848815515718,2.0408783952831087,2.215544459262434,2.043452055291313,0.294496450987567,1.4477767578957104,2.639127352686916,2.043452055291313,0.2759843091730406,1.4831741211664298,2.6037299894161965,0,1,1,38.362587202494886,0.2843
74,332057,2.5770168127795885,2.2311654992755843,0.056244466330542496,2.1209283709380453,2.3414026276131232,2.268008719648208,0.30819045481157775,1.6446346850588305,2.891382754237586,2.268008719648208,0.2733385422839488,1.713101977861172,2.8229154614352443,0,1,1,23.617947192861408,0.2694
75,333057,2.5765907850509726,2.8551847959802474,0.04999427485849214,2.7571978178244065,2.9531717741360883,2.9082965145393103,0.24171124385504963,2.4193893763229104,3.39720365275571,2.9082965145393103,0.2314286975786256,2.4384712807602917,3.378121748318329,0,1,1,21.428603815793796,0.2606
76,334057,2.5753411785070837,2.025133398423847,0.047972180335779845,1.931109652705858,2.119157144141836,1.9606051968239426,0.3111947038095502,1.3311544950648364,2.590055898583049,1.9606051968239426,0.3109888332553511,1.3292643008349305,2.5919460928129547,0,1,1,42.025285720981024,0.2861
77,335057,2.576079809700059,2.1581319328800537,0.04398660476656875,2.071919771735381,2.244344094024726,2.5330475087829423,0.18397938153553461,2.160914084277038,2.9051809332888467,2.5330475087829423,0.17909882609789926,2.1694575619812677,2.896637455584617,0,1,1,16.578475681549843,0.2847
78,336057,2.576904319039234,2.7616302865392246,0.0537322472062663,2.65631701720654,2.8669435558719094,3.0397148168858132,0.314883429981023,2.4028029621931672,3.6766266715784592,3.0397148168858132,0.29862064942641037,2.4334826689459916,3.645946964825635,0,1,1,30.886568649672284,0.2049
79,337057,2.5748825554737014,2.4147426721078906,0.05672179985211194,2.3035699872594617,2.5259153569563195,2.5479517534586003,0.3367093117069847,1.866892885977055,3.2290106209401452,2.5479517534586003,0.29577814441117856,1.947490197486292,3.1484133094309086,0,1,1,27.19143664346092,0.2892
80,338057,2.5770793366586435,2.5217862806590743,0.05210347645005515,2.4196653433476354,2.623907217970513,2.842867222553823,0.31443251115633575,2.2068674372735453,3.4788670078341006,2.842867222553823,0.2839221534955638,2.2664746077365683,3.4192598373710776,1,1,1,29.693757552818827,0.2752
81,339057,2.5758480566106274,2.308372975344665,0.0538861769453887,2.2027580092671504,2.4139879414221794,2.511916971621319,0.2874279144645668,1.9305391388687374,3.093294804373901,2.511916971621319,0.27997995750353444,1.9435274401422,3.0803065031004384,0,1,1,26.995982680018138,0.285
82,340057,2.571477549507256,2.792761806199198,0.0601741353098514,2.6748226681910494,2.910700944207347,2.925147468058814,0.39294312764298805,2.1303449716844964,3.7199499644331313,2.925147468058814,0.3780435213199685,2.1576783182034687,3.692616617914159,0,1,1,39.46970523495571,0.3197
83,341057,2.5788031678285686,2.245124623325653,0.056520451526448696,2.134346573943872,2.355902672707434,2.239018537677079,0.34718732989845713,1.5367658779396627,2.9412711974144954,2.239018537677079,0.29867946037234405,1.6326669971696495,2.8453700781845086,0,1,1,27.92540437953481,0.2662
84,342057,2.575414692312995,2.005538766552162,0.04713086898101233,1.9131639607893016,2.097913572315022,2.0906298598394124,0.2844396530893775,1.5152963562371224,2.665963363441702,2.0906298598394124,0.2866839157078358,1.508630569659082,2.672629150019743,0,1,1,36.999491978407185,0.2339
85,343057,2.578749926597515,2.4899087404744984,0.051007008861453616,2.389936840146934,2.589880640802063,2.836829420230852,0.22414950437031234,2.383444253010281,3.2902145874514233,2.836829420230852,0.18663760775446056,2.4579349330188442,3.21572390744286,1,1,1,13.388706010334994,0.2842
86,344057,2.5709988062069407,2.081201489824701,0.05914648174878797,1.9652765157848209,2.197126463864581,2.2650879038441096,0.3459072377618459,1.565424474848227,2.964751332839992,2.2650879038441096,0.2996204800168926,1.6568259918956425,2.8733498157925768,0,1,1,25.661684330472585,0.3159
87,345057,2.57654568049536,2.8397689507900923,0.047042801013659534,2.747566755071435,2.9319711465087495,3.0543453938012246,0.24962411116442262,2.5494329707267003,3.559257816875749,3.0543453938012246,0.24980970420807036,2.547204732734548,3.5614860548679013,0,1,1,28.19890635185735,0.2507
88,346057,2.576563803998506,2.3582973281582076,0.04441042959327188,2.271254485617443,2.445340170698972,2.632260889743528,0.2986969531922194,2.0280892746789805,3.236432504808075,2.632260889743528,0.26791391839007317,2.088366719931225,3.1761550595558306,0,1,1,36.39323015347381,0.2657
89,347057,2.5749657610288996,2.2819634253710457,0.04956965945319151,2.184808678116875,2.3791181726252164,2.549874293184942,0.2092044382744615,2.126718375455798,2.9730302109140863,2.549874293184942,0.18598784674326024,2.1722988909532397,2.9274496954166445,0,1,1,14.07788010958542,0.3399
90,348057,2.57521724051493,2.3279639504254086,0.049839807283043006,2.230279723154227,2.42564817769659,2.197400383277844,0.29162157557878227,1.6075400702678273,2.787260696287861,2.197400383277844,0.2765240489226883,1.6360267192080091,2.7587740473476794,0,1,1,30.783153352621927,0.3315
91,349057,2.572571071276505,2.1602101583902757,0.053178236812637364,2.0559827294761646,2.264437587304387,2.231503206111769,0.35491863005761154,1.5136125157423521,2.949393896481186,2.231503206111769,0.2991407341628597,1.6242152300251194,2.8387911821984186,0,1,1,31.643407421797335,0.2463
92,350057,2.57417350229331,2.3698396008560376,0.05825535834840417,2.255661196586691,2.4840180051253844,2.645211607712908,0.360479992744932,1.916071999532817,3.3743512158929994,2.645211607712908,0.3168936921288239,2.00188321090966,3.2885400045161566,0,1,1,29.590713206742784,0.2983
93,351057,2.5753464205893755,2.1414619068744587,0.05366270283407814,2.0362849420065903,2.246638871742327,2.226736830592942,0.37594764468226594,1.4663109432849162,2.9871627179009677,2.226736830592942,0.32818072938121834,1.5604945299771504,2.892979131208733,0,1,1,37.40081497611272,0.2543
94,352057,2.575999714080948,2.455741892813087,0.049903462973303905,2.3579329026815836,2.5535508829445908,2.4297404419597877,0.2696562271921664,1.8843092396868228,2.9751716442327525,2.4297404419597877,0.2481775921127216,1.9259131445976718,2.9335677393219033,0,1,1,24.732257840265596,0.2617
95,353057,2.5774935388971607,1.8953491960908457,0.05650216799914592,1.7846069817640882,2.0060914104176035,1.8595426134422803,0.42928568326093586,0.9912303598086086,2.727854867075952,1.8595426134422803,0.41588745719023307,1.0152461893405134,2.7038390375440473,0,1,1,54.17780690825952,0.2638
96,354057,2.5747039741571704,2.307410385705355,0.05081927588952222,2.207806435241487,2.4070143361692233,2.684662690436145,0.3083055484358583,2.0610558570179807,3.3082695238543094,2.684662690436145,0.2729262244662162,2.130592998319847,3.2387323825524432,0,1,1,28.842545712312084,0.2792
97,355057,2.575396859476763,2.616390616135708,0.05384964693016654,2.5108472475723835,2.721933984699032,2.552339002535448,0.3715149559981487,1.8008790743801364,3.30379893069076,2.552339002535448,0.37758126346319304,1.7858082860200386,3.318869719050858,1,1,1,49.16489889920764,0.2391
98,356057,2.575574527214359,2.3994166587259,0.05190155813598037,2.2976914740378667,2.5011418434139334,2.5131442782989746,0.2829537429082576,1.940816311728026,3.085472244869923,2.5131442782989746,0.2577196666009475,1.9899455398663561,3.036343016731593,0,1,1,24.656664721076194,0.2656
99,357057,2.5761844844220665,2.586758055879217,0.04637149909944804,2.4958715877351674,2.6776445240232665,2.8753321283452142,0.2553710881841603,2.3587953470352065,3.391868909655222,2.8753321283452142,0.24909343436911976,2.3696455723573577,3.3810186843330707,1,1,1,28.855080417157932,0.2749
100,358057,2.574468172121221,2.1849708820922924,0.05470325694948248,2.077754468634266,2.2921872955503186,2.709410990100802,0.37530441225430705,1.9502861631842818,3.468535817017322,2.709410990100802,0.3112815870414375,2.0774757723296307,3.341346207871973,0,1,1,32.38027220568677,0.2984
101,359057,2.5726917244424716,2.019329985576556,0.047962028555983936,1.9253261369813457,2.113333834171766,1.9292953416461052,0.274589069076194,1.3738865248843406,2.4847041584078697,1.9292953416461052,0.2687706207913208,1.3836619734968785,2.474928709795332,0,0,0,31.40280932490436,0.2373
102,360057,2.5747409724497197,1.9142670525912793,0.055584822005692404,1.8053228033730526,2.0232113018095057,1.8894834489438106,0.29012831851200716,1.3026435334440407,2.4763233644435805,1.8894834489438106,0.28078654440242606,1.3194564590064286,2.4595104388811926,0,0,0,25.517618813885136,0.3198
103,361057,2.5745530608001417,2.841211631822243,0.051164294142880665,2.740931458007783,2.9414918056367028,3.0988923787308607,0.3008673837743548,2.490330653435258,3.7074541040264632,3.0988923787308607,0.2637895926666444,2.5633710352683776,3.6344137221933437,0,1,1,26.58161358875605,0.2252
104,362057,2.5737923174338935,2.5822246879052044,0.05196358330106731,2.4803779361274656,2.6840714396829433,2.990357946983117,0.2761307520719795,2.4318307820242024,3.548885111942032,2.990357946983117,0.23032287564445914,2.522777651079883,3.4579382428863514,1,1,1,19.646082588888518,0.2844
105,363057,2.576387509377884,2.4768271958676373,0.05141249853638387,2.3760605503811068,2.577593841354168,2.7305412433235183,0.28175653386898253,2.1606348606056973,3.3004476260413393,2.7305412433235183,0.23068165696851756,2.262232582609805,3.198849904037232,1,1,1,20.13208262794685,0.207
106,364057,2.5783310526017367,2.122639154520825,0.05915779651540211,2.0066920039458878,2.238586305095762,2.4801460000237547,0.3360597329145646,1.8004010296674862,3.1598909703800233,2.4801460000237547,0.31431189736293774,1.842058925243847,3.1182330748036624,0,1,1,28.229140947098827,0.2645
107,365057,2.5751565565249246,1.6582505309299718,0.060491009032228676,1.5396903318383164,1.7768107300216271,2.129075254811292,0.3353330141960339,1.450800211808416,2.8073502978141676,2.129075254811292,0.2969661033789482,1.5262020139200785,2.7319484957025053,0,1,1,24.100835756619986,0.3378
108,366057,2.576637223215031,2.2887693090263395,0.05210107905348097,2.1866530705258427,2.3908855475268362,2.5032521321916508,0.23315825463198495,2.031645047615916,2.9748592167673857,2.5032521321916508,0.17864330310645746,2.1405869462264024,2.865917318156899,0,1,1,11.756554041227453,0.2794
109,367057,2.575986457754417,2.5492511326846357,0.044948774925550654,2.4611531526813595,2.637349112687912,2.734688652705262,0.2743794096995969,2.179703912060841,3.289673393349683,2.734688652705262,0.2452254897012072,2.236854441853769,3.2325228635567553,1,1,1,29.764288250270894,0.3195
110,368057,2.5725562780515903,2.3709513531353856,0.04505799121812474,2.282639313132139,2.4592633931386323,2.5837294594760216,0.2908835089915553,1.9953620270503714,3.172096891901672,2.5837294594760216,0.2800459543481513,2.015205947279406,3.1522529716726373,0,1,1,38.6291323940134,0.2482
111,369057,2.574556258911849,1.9608655981180614,0.06581434815502521,1.8318718460682317,2.089859350167891,2.563616411390539,0.3663175121138379,1.8226693057874233,3.304563516993655,2.563616411390539,0.3223130059834884,1.9092862225652594,3.217946600215819,0,1,1,23.98360663473649,0.2801
112,370057,2.578234906562537,2.485419783228783,0.053405030279473034,2.380747847287745,2.590091719169821,2.549238699965696,0.2691831195079187,2.004764448309859,3.093712951621533,2.549238699965696,0.26206221999735785,2.0172241094541743,3.0812532904772176,1,1,1,24.07933562910002,0.2469
113,371057,2.5743028384163584,2.4575309546531403,0.046141349398831966,2.367095571633351,2.54796633767293,2.5644482720980735,0.2698133941822184,2.018699169581401,3.1101973746147458,2.5644482720980735,0.2544239924607252,2.0479401078664496,3.0809564363296973,0,1,1,30.40433746121465,0.2685
114,372057,2.5739422985569442,2.5467190579179007,0.045366253689419364,2.4578028345731315,2.6356352812626698,2.651847605513298,0.24933431382399113,2.1475213528879147,3.156173858138681,2.651847605513298,0.2508093012902087,2.1426776544851163,3.1610175565414793,1,1,1,30.564791850962486,0.3072
115,373057,2.5803284263220436,2.6288683770406656,0.05294893254931615,2.525090376224165,2.732646377857166,2.9891059256852546,0.24455033670745185,2.4944561801351592,3.48375567123535,2.9891059256852546,0.21082362497136645,2.561111213168407,3.4171006382021023,1,1,1,15.853462680658744,0.22
116,374057,2.5754430998710904,2.3852587151137152,0.04793945385066138,2.291299112127899,2.4792183180995315,2.4740520662078196,0.3003996326683503,1.8664364568271692,3.08166767558847,2.4740520662078196,0.3031754259538833,1.8585732303281666,3.0895309020874726,0,1,1,39.99464338847048,0.3177
117,375057,2.576701138098704,2.478745626453651,0.056511787515219486,2.3679845582218406,2.5895066946854617,2.4515512312979526,0.34790591397108794,1.7478450980815428,3.1552573645143625,2.4515512312979526,0.27834146679701144,1.88648801279251,3.016614449803395,1,1,1,24.259270320760436,0.2323
118,376057,2.5742006764351477,1.8643276734177856,0.04836769027151904,1.76952874247022,1.9591266043653512,2.08532556409103,0.3041125358843378,1.4701998990884264,2.7004512290936336,2.08532556409103,0.28154981027330767,1.5137490620578085,2.6569020661242515,0,1,1,33.88439848609147,0.2749
119,377057,2.5766948077029097,2.0442763342487043,0.05430790788866193,1.9378347907112081,2.1507178777862004,2.2422508953339966,0.3455744398663392,1.5432606136195628,2.9412411770484304,2.2422508953339966,0.324461310932456,1.583559415599518,2.900942375068475,0,1,1,35.69436757610785,0.2748
120,378057,2.5772869513916485,2.7521377665699926,0.04866780945370495,2.656750612834273,2.8475249203057125,2.782236331930626,0.24795888482138878,2.2806921470599617,3.28378051680129,2.782236331930626,0.23661796601623467,2.301876323154598,3.262596340706654,0,1,1,23.63806026804107,0.2593
121,379057,2.5732325307475272,2.1991034030901555,0.04450110982831231,2.111882830554602,2.286323975625709,2.3221453137564754,0.2530253522338148,1.8103532312540351,2.8339373962589156,2.3221453137564754,0.2505357885707311,1.8135306230685826,2.830760004444368,0,1,1,31.695518545514453,0.2744
122,380057,2.5735860108331523,2.2506107320860087,0.05032451658619912,2.15197649203767,2.3492449721343474,2.517424449234593,0.24798060022024576,2.015836340823836,3.0190125576453504,2.517424449234593,0.20998388361201073,2.0911345023090533,2.943714396160133,0,1,1,17.410558540423978,0.3014
123,381057,2.579328671314421,2.7559649613907165,0.053779846830173825,2.6505583985094954,2.8613715242719375,2.93007388056406,0.31055698316153607,2.301913090569212,3.558234670558908,2.93007388056406,0.28452663773266984,2.352454097504554,3.507693663623566,0,1,1,27.990247693360942,0.2326
124,382057,2.576072356992184,2.702741690332998,0.05960931137050092,2.585909586903582,2.8195737937624137,2.726973518572321,0.4087097241142996,1.9002800706755978,3.5536669664690446,2.726973518572321,0.3436771725097079,2.0292717659017026,3.42467527124294,0,1,1,33.240929857740625,0.2948
125,383057,2.5753784720209842,2.1929746237441528,0.04181052545505963,2.1110274996775407,2.274921747810765,2.211155396053761,0.2717412007698609,1.6615069366566773,2.760803855450845,2.211155396053761,0.2780914350208813,1.646599769039355,2.775711023068167,0,1,1,44.23886490301467,0.3042
126,384057,2.5764134087067903,2.5464380785439493,0.04742134125209034,2.453493957591269,2.6393821994966298,2.9165434267957404,0.27006248595892546,2.3702904886040668,3.462796364987414,2.9165434267957404,0.22881470819170596,2.4520248735954695,3.3810619799960113,1,1,1,23.281995894018593,0.3374
127,385057,2.574002528416849,2.1865346674163457,0.056481911991314415,2.0758321541354086,2.297237180697283,2.319469755063973,0.3524613634846676,1.6065493554797596,3.032390154648186,2.319469755063973,0.3464743497904522,1.6160894306189935,3.0228500795089523,0,1,1,37.62906241198614,0.2637
128,386057,2.5732093115411145,2.042107384453803,0.05271628966370448,1.9387853553143612,2.145429413593245,2.185819486569421,0.2475623005017492,1.6850774692011212,2.686561503937721,2.185819486569421,0.22199240347334595,1.7351509482668326,2.6364880248720097,0,1,1,17.733177255691945,0.3037
129,387057,2.579868815831826,2.6915891153975604,0.05710780572564063,2.5796598729391946,2.803518357855926,2.937180935678989,0.28087790176265787,2.369051754144684,3.5053101172132943,2.937180935678989,0.25517592267720574,2.419146271953397,3.455215599404581,1,1,1,19.96587927161997,0.2666
130,388057,2.5755636236425303,2.4792358055265895,0.046718695536293826,2.3876688448707615,2.5708027661824175,2.5035707987697324,0.2634956453820422,1.9706005493862495,3.0365410481532153,2.5035707987697324,0.2333650377739754,2.0298145854083445,2.9773270121311204,0,1,1,24.95112701567228,0.2839
131,389057,2.574478147775129,2.9591105628318695,0.0501659868002012,2.8607870354545635,3.0574340902091754,3.1562976692941715,0.32302145528555365,2.502925104711022,3.809670233877321,3.1562976692941715,0.25149691313869027,2.645731792000829,3.666863546587514,0,1,0,25.1331312227175,0.2775
132,390057,2.57640616595642,2.2263749973959746,0.05558121731850104,2.1174378132348184,2.3353121815571307,2.419679629624426,0.4536537472140084,1.5020783142939993,3.3372809449548524,2.419679629624426,0.4299320519507686,1.5468711623502323,3.2924880968986194,0,1,1,59.83338020456802,0.24
133,391057,2.5755869502299586,2.313528215930293,0.057179445868940075,2.2014585613712128,2.4255978704893733,2.198229472532319,0.35490159842209595,1.480373231897413,2.916085713167225,2.198229472532319,0.31573862597875274,1.5572459846779836,2.8392129603866545,0,1,1,30.491272190822638,0.3414
134,392057,2.5746299655611815,2.6001711663993428,0.04410484457505998,2.5137272594884883,2.686615073310197,2.6741381222801905,0.2576453014638187,2.1530013104191905,3.1952749341411906,2.6741381222801905,0.2473739628709058,2.1719422790132588,3.1763339655471223,1,1,1,31.458309500280503,0.2499
135,393057,2.5719083187222527,2.143344531682735,0.045595661790820544,2.053978676721458,2.2327103866440123,2.163766638227044,0.2425976336236229,1.6730666074741372,2.6544666689799508,2.163766638227044,0.24876452305307517,1.658747807709581,2.668785468744507,0,1,1,29.766641843171165,0.2648
136,394057,2.570671169884981,2.730635188816557,0.053160058626680384,2.6264433884922256,2.8348269891408884,2.701066266518313,0.3388289844975552,2.015719956129832,3.3864125769067943,2.701066266518313,0.33520879122507474,2.0205562418330754,3.381576291203551,0,1,1,39.7612379465563,0.278
137,395057,2.574267252225969,2.162415407362563,0.05230134199602854,2.059906660707235,2.264924154017891,2.5409881632019546,0.2945523622548996,1.9451997745935907,3.1367765518103186,2.5409881632019546,0.2532529635378249,2.0268573140709214,3.055119012332988,0,1,1,23.446790726818865,0.2079
138,396057,2.576983185630491,2.1566221455325016,0.051880142745777444,2.054938934237981,2.258305356827022,2.538387046066209,0.2960620055261249,1.9395451157206427,3.137228976411775,2.538387046066209,0.2261889918554349,2.079198980417538,2.9975751117148794,0,1,1,19.008183027589723,0.3155
139,397057,2.5755661441242528,2.488424246495278,0.04549163575939837,2.3992622788090427,2.5775862141815136,2.6894685517537407,0.26273867220219876,2.1580294251478387,3.2209076783596426,2.6894685517537407,0.24070841520738234,2.2008044896446584,3.178132613862823,1,1,1,27.997512080334335,0.2616
140,398057,2.580021414533015,2.5653773217810403,0.048591442172213554,2.470139845166641,2.6606147983954394,2.916342225179036,0.2600683881642305,2.3903042578506515,3.4423801925074207,2.916342225179036,0.24116786792618936,2.4267454244628475,3.4059390258952247,1,1,1,24.63311362334771,0.2877
141,399057,2.5752069287699713,2.397198462329254,0.05630708449713533,2.286838604640415,2.507558320018093,2.7202005312093114,0.2794980779396092,2.154862306793137,3.2855387556254856,2.7202005312093114,0.2775455488863377,2.156753111964564,3.2836479504540588,0,1,1,24.29642926476512,0.2805
142,400057,2.5742599003753073,2.050356158058906,0.04316509954496962,1.965754117561679,2.1349581985561326,2.1652168830486893,0.22393513505234577,1.7122653187011039,2.618168447396275,2.1652168830486893,0.2129771601351014,1.7328502617221773,2.5975835043752014,0,1,1,24.34448378898046,0.2421
143,401057,2.5770671512332,2.346409325463275,0.04719960734034063,2.253899794991775,2.4389188559347748,2.586306393125608,0.2641271234163266,2.0520588588559754,3.1205539273952407,2.586306393125608,0.24143519692240928,2.096166885694742,3.076445900556474,0,1,1,26.165220202988294,0.3687
144,402057,2.5734794616952246,2.555429046066271,0.058158432962565,2.4414406120623564,2.6694174800701855,2.7000202395937962,0.3025024448311787,2.08815129114485,3.3118891880427426,2.7000202395937962,0.2861153725544689,2.1191751533766685,3.280865325810924,1,1,1,24.20231963915275,0.2395
145,403057,2.576969962235632,2.1828370104915367,0.04745251072272192,2.089831798499001,2.2758422224840724,2.344356985325454,0.3394912012016667,1.6576712152224697,3.0310427554284383,2.344356985325454,0.3280025657546949,1.6784763761003938,3.010237594550514,0,1,1,47.77889372931734,0.2933
146,404057,2.5753920020602266,2.6754247093861734,0.04919002091165093,2.5790140400005654,2.7718353787717813,3.070059648636672,0.30144235191187096,2.4603349405100046,3.6797843567633395,3.070059648636672,0.24857900542879044,2.5654174389191,3.5747018583542443,0,1,1,25.53729408174212,0.2916
147,405057,2.5743079277944596,2.3282525763906805,0.053562243599722364,2.223272508004064,2.433232644777297,2.489472227500385,0.33394753612371325,1.8139995784143021,3.1649448765864676,2.489472227500385,0.3318636869410322,1.8157531255430057,3.163191329457764,0,1,1,38.38857108824484,0.2856
148,406057,2.5703764877432413,1.7770857828839894,0.04836294209123411,1.6822961581987743,1.8718754075692046,1.9030891198549758,0.3187594354036451,1.2583373041879784,2.547840935521973,1.9030891198549758,0.30305061663365546,1.2878636603658367,2.518314579344115,0,0,0,39.26493824066486,0.3131
149,407057,2.5759252321315227,2.8714525714236863,0.051989229283982,2.7695555544430865,2.973349588404286,2.8466701137521317,0.32878781400789353,2.1816339877396302,3.5117062397646333,2.8466701137521317,0.2546888349091749,2.3296242907661733,3.36371593673809,0,1,1,23.998994979553455,0.2722
150,408057,2.5719061664331564,2.661792736783542,0.05187204818318598,2.560125390540171,2.7634600830269127,2.8577316890967137,0.34073651196346755,2.1685270402232106,3.546936337970217,2.8577316890967137,0.3122735932914947,2.2237825915724274,3.491680786621,1,1,1,36.24129669799203,0.2115
151,409057,2.5731060527267022,2.3765626103789312,0.05907278894911613,2.260782071572328,2.4923431491855346,2.991287634805258,0.3875051676819858,2.2074844506675833,3.7750908189429326,2.991287634805258,0.3161415429400826,2.3494861820333,3.6330890875772157,0,1,1,28.641000609665653,0.3137
152,410057,2.575172549287031,2.496100606154695,0.05717049991516613,2.384048485342819,2.608152726966571,2.758920073223419,0.36673436165099693,2.01712980984647,3.5007103366003682,2.758920073223419,0.3668739859359067,2.0141262857061304,3.503713860740708,1,1,1,41.18033323982267,0.2771
153,411057,2.578878685504912,1.9114626417335738,0.05262597982681873,1.8083176166218777,2.01460766684527,2.2599153775931726,0.2856280706664658,1.6821780725484943,2.837652682637851,2.2599153775931726,0.24964469019176466,1.7531097127892705,2.7667210423970747,0,1,1,22.50319982828882,0.3246
154,412057,2.5733695602506264,2.510664953413622,0.046037777639480214,2.4204325673119773,2.600897339515267,2.5405149987277054,0.2598720570749048,2.0148741485110206,3.06615584894439,2.5405149987277054,0.2500214307514805,2.032944509926631,3.04808548752878,1,1,1,29.49346311394061,0.26
155,413057,2.5758072417239037,2.351636953768736,0.053101493344758874,2.2475599392877155,2.4557139682497566,2.1657619719989163,0.30278980408423384,1.5533117845980269,2.7782121593998057,2.1657619719989163,0.27103818645646605,1.61552520081505,2.715998743182783,0,1,1,26.052385517137296,0.2558
156,414057,2.578048816247899,2.2894861071867747,0.04488463173738536,2.201513845522156,2.3774583688513933,2.4686132605633415,0.2856676929101439,1.8907958119661439,3.046430709160539,2.4686132605633415,0.2563156566011027,1.9482648139627505,2.9889617071639325,0,1,1,32.610310776171254,0.3462
157,415057,2.5775591702476537,2.1378794827917234,0.04716233371589973,2.0454430072817007,2.230315958301746,2.419187538502851,0.27485117682549653,1.8632485587765013,2.9751265182292013,2.419187538502851,0.26354604985701086,1.8841606132290734,2.954214463776629,0,1,1,31.22643809782718,0.3348
158,416057,2.5793733023953576,1.9096676182805978,0.04902832212754661,1.8135738726881783,2.005761363873017,2.2474861579615646,0.25706269964494294,1.7275277695096016,2.7674445464135276,2.2474861579615646,0.2512005408034587,1.7375219484956894,2.75745036742744,0,1,1,26.25107413094523,0.2453
159,417057,2.5758184098268866,2.8509543420980705,0.06310999511376343,2.7272610246105953,2.974647659585546,3.0728878352118905,0.33142772392773984,2.402511987374801,3.74326368304898,3.0728878352118905,0.3262564725985848,2.4105519835465126,3.7352236868772684,0,1,1,26.725262504670862,0.2481
160,418057,2.5727173373793075,2.113862526873585,0.046872267897243074,2.0219945699212754,2.2057304838258944,2.0177167827253757,0.2304657431068029,1.551555816763721,2.4838777486870307,2.0177167827253757,0.2169406476077526,1.5773038540571134,2.458129711393638,0,0,0,21.42150256106584,0.3254
161,419057,2.5746938519389007,2.474599884675589,0.04432737513410268,2.387719825883551,2.5614799434676265,2.6049473300872457,0.29091369159757985,2.0165188475784466,3.1933758125960447,2.6049473300872457,0.2703453100706082,2.056117172747607,3.1537774874268845,0,1,1,37.19577821564057,0.2078
162,420057,2.5748356937838475,1.8916205918358024,0.049172589357083706,1.7952440876693407,1.9879970960022642,1.9783462754379995,0.33641975211628056,1.297873097511381,2.658819453364618,1.9783462754379995,0.27565468070086807,1.4187375226878505,2.5379550281881484,0,1,0,31.42567293530302,0.289
163,421057,2.5787401892488013,1.9023339180707584,0.046939380723569554,1.8103344223959483,1.9943334137455684,2.06581758944074,0.29529051637590553,1.4685361431942292,2.6630990356872504,2.06581758944074,0.290444242964604,1.4761844290836283,2.6554507497978515,0,1,1,38.28695553064148,0.3429
164,422057,2.577338381182183,2.2509506512387616,0.05862387824076572,2.1360499612527994,2.3658513412247237,2.1805089365025445,0.3686193147428028,1.4349059956221044,2.9261118773829846,2.1805089365025445,0.3398636328061527,1.4905490810188107,2.870468791986278,0,1,1,33.60936438768564,0.27
165,423057,2.571948153475558,2.751512482618624,0.05078227470993083,2.6519810531341403,2.851043912103108,3.0900286985238474,0.3487037745043155,2.3847087400514226,3.795348656996272,3.0900286985238474,0.31326463526584425,2.454067678830205,3.7259897182174897,0,1,1,38.05383567807535,0.2406
166,424057,2.576012728069264,2.2077956989048912,0.06251995021241283,2.085258848173325,2.3303325496364575,2.642546839086216,0.37573712293102957,1.8825467722128864,3.4025469059595457,2.642546839086216,0.3542989885709042,1.9232816534173458,3.361812024755086,0,1,1,32.11460451141274,0.2815
167,425057,2.578328736299119,2.9240451535731844,0.05409861943454353,2.8180138078681405,3.0300764992782283,3.1309674416247013,0.3217122707920482,2.480242952629218,3.781691930620185,3.1309674416247013,0.3190317930214428,2.483298469247948,3.7786364140014546,0,1,1,34.77727622350822,0.301
168,426057,2.5781164684846862,2.579017870278764,0.04880224834079616,2.483367221166224,2.6746685193913042,2.545837062943398,0.29843731294363834,1.9421906198521317,3.149483506034665,2.545837062943398,0.26460685672010126,2.008656585246518,3.083017540640278,1,1,1,29.398320916807993,0.3261
169,427057,2.5765000794454287,2.4635598873980245,0.054958986476259616,2.3558422532777317,2.5712775215183172,2.743448864084584,0.25889329142344253,2.2197877542639564,3.267109973905212,2.743448864084584,0.2267783134285667,2.28306441203801,3.2038333161311585,0,1,1,17.026508986915566,0.3327
170,428057,2.5768802735091283,2.51861763632094,0.05422002496292602,2.412348340152742,2.6248869324891375,2.7713152638665113,0.2982709304851283,2.1680053610633263,3.3746251666696963,2.7713152638665113,0.27077557682769987,2.2216116185720383,3.3210189091609843,1,1,1,24.940178242160915,0.3041
171,429057,2.5723451646461246,2.4258633459705905,0.045906232558174775,2.335888783490648,2.515837908450533,2.6142224632327444,0.2910871914065745,2.0254430442356637,3.203001882229825,2.6142224632327444,0.2642362710230787,2.077794314497486,3.1506506119680027,0,1,1,33.13153510179086,0.2375
172,430057,2.575164353994779,2.4025861924108254,0.0433312640912193,2.3176584753874416,2.487513909434209,2.5538735065092846,0.2698049687366024,2.0081414460649567,3.0996055669536124,2.5538735065092846,0.25158445520084255,2.043129909381511,3.064617103637058,0,1,1,33.71047636665316,0.2878
173,431057,2.572955136072163,2.0559888252832943,0.04388038961692243,1.9699848420065411,2.1419928085600475,2.3149523008396526,0.2180951709429962,1.873813178869389,2.756091422809916,2.3149523008396526,0.1619689097879594,1.9861379329490518,2.6437666687302537,0,1,1,13.624556299209479,0.3198
174,432057,2.574082175200315,2.68999816258287,0.05375760991767427,2.5846351832492753,2.7953611419164646,2.6018568361459296,0.33764634286985856,1.918902644239448,3.2848110280524114,2.6018568361459296,0.3246653905842457,1.9427510526923584,3.2609626195995007,0,1,1,36.474730120548415,0.2392
175,433057,2.5753126317367223,1.9030220864223257,0.050002065169412045,1.8050198395376535,2.001024333306998,2.0336645514290788,0.26703273593130056,1.493539861108263,2.5737892417498944,2.0336645514290788,0.2543116919832693,1.5173843692870848,2.5499447335710728,0,0,0,25.867637785455226,0.2865
176,434057,2.5739481224930727,2.0800299665630173,0.052930302839408264,1.976288479306979,2.183771453819056,2.438684952747305,0.3151931974753459,1.8011465341565693,3.0762233713380405,2.438684952747305,0.32159999286500673,1.785802257506801,3.0915676479878087,0,1,1,36.91673663333954,0.3069
177,435057,2.5736998988549504,2.4572290396871983,0.04555500691297601,2.367942866822292,2.5465152125521047,2.6671135637861663,0.2615611808087518,2.1380561383302106,3.196170989242122,2.6671135637861663,0.2331383182768756,2.1938176154733293,3.140409512099003,0,1,1,26.191181191882073,0.3028
178,436057,2.57743630344309,2.2726512298732886,0.05900394863773116,2.1570056155976842,2.388296844148893,2.3225482325184226,0.3955632963987336,1.5224459445928944,3.1226505204439508,2.3225482325184226,0.3726218663331822,1.56608562743599,3.079010837600855,0,1,1,39.881778845614114,0.2652
179,437057,2.57653431234376,2.205528951187543,0.05184054243152606,2.1039233550827316,2.3071345472923546,2.6795997692636875,0.2747135021401635,2.1239392628732796,3.2352602756540954,2.6795997692636875,0.25736990958729,2.1571110753174563,3.2020884632099187,0,1,1,24.64770376982586,0.2439
180,438057,2.5738656847090415,2.449695821378019,0.05323005937827379,2.345366822101674,2.554024820654364,2.4807724895255405,0.29589468922457696,1.8822689883438897,3.0792759907071914,2.4807724895255405,0.26110227868383945,1.9507066834852478,3.0108382955658333,0,1,1,24.060653716742962,0.2851
181,439057,2.575168452278453,2.098838447660797,0.05334283323532443,1.994288415686235,2.2033884796353593,2.347300257551794,0.3379301754626998,1.6637719600369616,3.030828555066626,2.347300257551794,0.31774418173753427,1.7022452750510078,2.99235524005258,0,1,1,35.481588581395314,0.3042
182,440057,2.57546276662573,2.93836017990008,0.04488452419975105,2.8503881290053514,3.0263322307948086,3.1072590533235056,0.2405423429745924,2.6207162403044295,3.5938018663425817,3.1072590533235056,0.22142254534694603,2.6577473885212997,3.5567707181257116,0,0,0,24.33606889255828,0.2765
183,441057,2.5749602071079507,2.669716454151837,0.05052301040382566,2.570693173369796,2.7687397349338774,3.1709468023483653,0.2558010056797761,2.6535404308236106,3.68835317387312,3.1709468023483653,0.21532322352475194,2.7338174191343456,3.608076185562385,1,0,0,18.16365756657952,0.2322
184,442057,2.5716482381347245,2.0137204465831755,0.04990023430804631,1.9159177845192947,2.1115231086470563,2.307789512164185,0.295181170741959,1.7107292383386037,2.904849785989766,2.307789512164185,0.2556285388759959,1.7888359887049747,2.8267430356233954,0,1,1,26.24300152271817,0.2999
185,443057,2.576500749002262,2.48909282699055,0.04244388406945144,2.405904342850432,2.572281311130668,2.82050316484805,0.2442446816448438,2.3264716650177553,3.3145346646783445,2.82050316484805,0.20506244635879567,2.404204266708648,3.2368020629874517,0,1,1,23.34221306724026,0.253
186,444057,2.5753179100858263,2.190109002395452,0.05776470416059394,2.0768922626630766,2.3033257421278273,2.133894360635776,0.352020092894427,1.4218665150677217,2.8459222062038307,2.133894360635776,0.33280806236852395,1.4582580746358011,2.809530646635751,0,1,1,33.19422782311891,0.3012
187,445057,2.5724744382838645,3.0109810177321843,0.045910860954928946,2.9209973837612973,3.1009646517030713,2.9448600944220242,0.281324606487752,2.3758273672963335,3.513892821547715,2.9448600944220242,0.2552112134190088,2.4267537866817044,3.462966402162344,0,1,1,30.90072227094169,0.2927
188,446057,2.5754020146731786,2.3677208936020095,0.04752709050941916,2.2745695079135726,2.4608722792904465,2.4415394971560076,0.2906920597908183,1.8535593072903365,3.0295196870216787,2.4415394971560076,0.2865737910145693,1.8597637719885736,3.0233152223234416,0,1,1,36.35720428652595,0.2923
189,447057,2.5759796948829474,1.7213096984740872,0.06147908156512943,1.600812912803833,1.8418064841443413,1.987548158697318,0.3778100609773755,1.2233551788598458,2.7517411385347903,1.987548158697318,0.31896487039403487,1.340015046477045,2.635081270917591,0,1,1,26.917267240532954,0.3357
190,448057,2.573681681783728,2.400909273235425,0.05151466846491181,2.2999423783686765,2.5018761681021733,2.7905405807380403,0.3134286488674998,2.1565712985943586,3.424509862881722,2.7905405807380403,0.28039965975556225,2.221299008389575,3.3597821530865057,0,1,1,29.627373077125725,0.2914
191,449057,2.5736307159897556,1.8697003173912532,0.046070298456044115,1.7794041916603955,1.9599964431221109,2.268880381333052,0.28388267713652504,1.6946734679332756,2.8430872947328285,2.268880381333052,0.24879173580275138,1.763806305996722,2.773954456669382,0,1,1,29.16284226298229,0.2788
192,450057,2.5756480773022696,3.031733607390398,0.057791540100119165,2.9184642701830623,3.1450029445977337,3.1917206516839958,0.3340844351294517,2.515971098222044,3.8674702051459477,3.1917206516839958,0.2716548068352079,2.640232074580525,3.7432092287874665,0,1,0,22.095623025522524,0.2662
193,451057,2.5766893157034976,2.2843708583796865,0.05817304112102403,2.1703537929113117,2.398387923848061,2.3849166596483147,0.28264411963811087,1.813214965254524,2.9566183540421056,2.3849166596483147,0.26939458862499016,1.8380165694529826,2.9318167498436467,0,1,1,21.445402379745303,0.2234
194,452057,2.576549580855907,2.0916997020675043,0.05675078927309038,1.9804701989980251,2.2029292051369835,2.524303999994087,0.393398243985949,1.7285809439253015,3.320027056062872,2.524303999994087,0.3476668099810494,1.8185028526620532,3.23010514732612,0,1,1,37.53035337035002,0.3519
195,453057,2.574025702479637,2.146165280764978,0.058164908773601184,2.032164154404662,2.260166407125294,2.2645122880378623,0.40458175222762954,1.4461684513944737,3.0828561246812507,2.2645122880378623,0.3677052363910034,1.51803097238132,3.0109936036944047,0,1,1,39.96478920430549,0.2958
196,454057,2.571941713854677,2.4170132993075013,0.047406271408566424,2.3240987147053804,2.509927883909622,2.6622830562484383,0.24098763315440488,2.174839558825874,3.1497265536710026,2.6622830562484383,0.23581037565325333,2.1835625430710772,3.1410035694257994,0,1,1,24.74310642217428,0.2192
197,455057,2.5751956452200675,2.729094812302205,0.05065605360547717,2.6298107716365395,2.8283788529678704,2.9202861992292006,0.33846393600544994,2.235678269111074,3.6048941293473273,2.9202861992292006,0.28992582804855294,2.331705477103288,3.5088669213551134,0,1,1,32.75752694274039,0.3137
198,456057,2.578235182380087,2.801129044074891,0.05683942321832187,2.6897258216649504,2.912532266484831,3.2039060609235346,0.36719352248898984,2.4611870570887406,3.9466250647583285,3.2039060609235346,0.3048851336792145,2.584956333835696,3.822855788011373,0,1,0,28.772206760066076,0.2597
199,457057,2.5724126269006296,2.376905847221668,0.044179627569424715,2.290315368335203,2.4634963261081335,2.427538226418556,0.2768351163515077,1.8675863502270413,2.987490102610071,2.427538226418556,0.27330055061507674,1.872708611819705,2.9823678410174073,0,1,1,38.26810107389762,0.2651
200,458057,2.5768053384712104,2.626581358915093,0.049200595388905886,2.53014996393491,2.723012753895276,2.9013506997239924,0.2578243526575286,2.3798517226392537,3.422849676808731,2.9013506997239924,0.22876380346623443,2.436935488610487,3.365765910837498,1,1,1,21.618915326979536,0.3074
201,459057,2.5711566358854596,2.232742181096147,0.05559671761126083,2.123774616919432,2.341709745272862,2.573117224092231,0.41941579523559314,1.7247687033491994,3.4214657448352623,2.573117224092231,0.393199239616676,1.7748803303644107,3.371354117820051,0,1,1,50.01808206666553,0.2782
202,460057,2.576499945010385,2.4633332249524296,0.045163237612309476,2.3748149058070784,2.5518515440977807,2.6194382827876623,0.28243695635349303,2.048155615688633,3.1907209498866917,2.6194382827876623,0.2443854958473235,2.1233093501186198,3.115567215456705,0,1,1,29.28065039113961,0.2427
203,461057,2.5742909188298007,2.3883574924261275,0.04480459636947946,2.300542097200094,2.476172887652161,2.2886673810378877,0.2917590450890718,1.6985290096976264,2.878805752378149,2.2886673810378877,0.27104257694097134,1.7384216966966184,2.838913065379157,0,1,1,36.59568636795814,0.2535
204,462057,2.572255485919063,2.2616912781926395,0.046269713263093086,2.171004306621982,2.352378249763297,2.3523883781003745,0.24179239933107374,1.863317087439509,2.8414596687612397,2.3523883781003745,0.24324133170812756,1.8585822221215333,2.8461945340792156,0,1,1,27.636378280515927,0.3627
205,463057,2.581995619395806,2.6700865257907656,0.05986598518153272,2.552751350935953,2.787421700645578,3.200967677741551,0.2765000267283408,2.6416935842882148,3.7602417711948877,3.200967677741551,0.2676888229058651,2.6575304760563525,3.74440487942675,1,0,0,19.9940239654681,0.3226
206,464057,2.5743759789127743,2.5969877805917205,0.047038974364227236,2.5047930849681324,2.6891824762153087,2.8908650835324066,0.2902070764868344,2.3038658649920727,3.4778643020727404,2.8908650835324066,0.24975670222606564,2.383832022209611,3.397898144855202,1,1,1,28.191527966159114,0.2307
207,465057,2.578212706679993,2.4637351091259276,0.04913218464937582,2.3674377967313793,2.560032421520476,2.4829259594600233,0.2315802349261281,2.014510721014964,2.9513411979050823,2.4829259594600233,0.22703856960563212,2.022013159285012,2.9438387596350344,0,1,1,21.353404805137007,0.3001
208,466057,2.5754210768092287,2.4161203126252984,0.050104181833125414,2.3179179207575267,2.51432270449307,2.477501144867138,0.2537106675016039,1.9643228813951783,2.9906794083390977,2.477501144867138,0.24270521300757952,1.9847833677127626,2.9702189220215134,0,1,1,23.464443546881448,0.2564
209,467057,2.572630771787107,2.383130282815683,0.04708802429576853,2.2908394510928294,2.4754211145385363,2.4978264537014145,0.24748864359006575,1.9972334214995744,2.9984194859032547,2.4978264537014145,0.2307214223396674,2.02943706499246,2.966215842410369,0,1,1,24.007940332484168,0.2708
210,468057,2.5755071638531706,2.076606536755048,0.04307278361860211,1.992185432148701,2.161027641361395,2.3488045432950933,0.30607036067351934,1.7297188038683893,2.9678902827217972,2.3488045432950933,0.23215035883295387,1.8775142592821517,2.8200948273080346,0,1,1,29.04911058558586,0.3427
211,469057,2.577064807678723,1.9693892425206712,0.05618359500847396,1.8592714197820779,2.0795070652592647,2.2071105014787533,0.24838733800979698,1.7046996882342351,2.7095213147232715,2.2071105014787533,0.23411563627501805,1.7318304921494656,2.682390510808041,0,1,1,17.36368071953845,0.2528
212,470057,2.5734281175451725,2.5657556512779,0.053269023665829335,2.4613502834012624,2.6701610191545373,2.7018501234702246,0.37329159231887366,1.9467966091607747,3.4569036377796745,2.7018501234702246,0.281729533192764,2.1299087645133263,3.273791482427123,1,1,1,27.971469146855217,0.3182
213,471057,2.577446915106681,2.33351733415331,0.06162172707206671,2.2127409684269024,2.4542936998797176,2.5836682140328664,0.3417394519921998,1.8924349274699055,3.2749015005958273,2.5836682140328664,0.3291185588133503,1.9155220184515573,3.2518144096141754,0,1,1,28.52574614112751,0.2623
214,472057,2.5758676002828373,2.3678357369423417,0.0505076073961911,2.268842645500518,2.4668288283841653,2.6176982816260503,0.3409609712789008,1.928039620933303,3.3073569423187976,2.6176982816260503,0.3038438813092747,2.0008624092297356,3.234534154022365,0,1,1,36.18990126931128,0.2998
215,473057,2.5728829200425003,2.48079340491687,0.04972488730445714,2.383334416664821,2.578252393168919,2.8102734128180304,0.2443731698778879,2.315982021005426,3.304564804630635,2.8102734128180304,0.23089115516347672,2.3415394481577763,3.2790073774782846,1,1,1,21.56090460441869,0.2867
216,474057,2.575137037430501,2.8430211838408557,0.05326800655653339,2.7386178094618066,2.947424558219905,3.0413021298586256,0.2635012092280307,2.508320626534381,3.57428363318287,3.0413021298586256,0.25402315323838803,2.5256077125102223,3.556996547207029,0,1,1,22.741217735008092,0.2748
217,475057,2.5762663015271983,2.433616818153562,0.051964843098661735,2.3317675972179104,2.5354660390892136,2.417207543248082,0.27792365576650696,1.8550538882657461,2.979361198230418,2.417207543248082,0.25299170140634447,1.9036070844415187,2.930808002054645,0,1,1,23.702453915226872,0.2912
218,476057,2.5754377718123638,2.2344202875075316,0.06195285210870487,2.112994928634934,2.3558456463801294,2.301892602716064,0.37017573394322145,1.5531415068511665,3.050643698580962,2.301892602716064,0.3543246588752204,1.5825753035588812,3.021209901873247,0,1,1,32.70997001378106,0.2493
219,477057,2.575519742272034,2.7592616569821313,0.04400406618409359,2.673015272087991,2.8455080418762715,2.9321586031264624,0.2870127244782964,2.3516205713891996,3.512696634863725,2.9321586031264624,0.2623421224366881,2.39957578045372,3.464741425799205,0,1,1,35.54270174488758,0.2999
220,478057,2.5721014076527258,2.265932907493935,0.04863371327951193,2.1706125810316443,2.3612532339562256,2.4411774343477304,0.3496845310346206,1.7338737085466907,3.14848116014877,2.4411774343477304,0.2938770526039915,1.8445752999255243,3.0377795687699365,0,1,1,36.51375446693736,0.2798
221,479057,2.573873090688346,2.196986250998433,0.05647198983902141,2.086303184778639,2.307669317218227,2.409828176701641,0.28179457910264466,1.8398448402351408,2.979811513168141,2.409828176701641,0.26121302738265073,1.8795375388498479,2.940118814553434,0,1,1,21.395551406983426,0.2877
222,480057,2.578149201309834,2.6537739590878764,0.04585527837031798,2.5638992649809946,2.743648653194758,2.897884020046353,0.26360030341377455,2.364702079812376,3.4310659602803297,2.897884020046353,0.195635099294012,2.500723653925536,3.2950443861671697,1,1,1,18.201822786606947,0.2227
223,481057,2.57407902283974,1.9849916075445684,0.047249660384467033,1.8923839749092641,2.0775992401798726,2.365665256361158,0.2978127895028996,1.7632820311628241,2.968048481559492,2.365665256361158,0.24752283256117188,1.8631671915557408,2.868163321166575,0,1,1,27.443098854182363,0.3321
224,482057,2.574318794278888,2.493412033348821,0.05169748305961213,2.392086828460612,2.5947372382370304,2.7601095374169495,0.2692828729791482,2.215433515320614,3.304785559513285,2.7601095374169495,0.24765700869037724,2.2573390805878506,3.2628799942460485,1,1,1,22.948930298194593,0.2708
225,483057,2.576009952833405,2.2071572798155112,0.043764303456696796,2.1213808212319036,2.292933738399119,2.15502692381051,0.23952321320041164,1.6705454953320085,2.639508352289012,2.15502692381051,0.23858848601957175,1.6706665467529316,2.639387300868089,0,1,1,29.72069228409133,0.2848
226,484057,2.574959447863987,2.4156286301755965,0.044958661618314445,2.327511272610577,2.503745987740616,2.7751516525788347,0.29251561084308286,2.1834829825575244,3.366820322600145,2.7751516525788347,0.279432941778938,2.2078726220590963,3.342430683098573,0,1,1,38.63033349614492,0.2519
227,485057,2.5729953660202423,2.582873062061313,0.04902663287879855,2.4867826273356006,2.6789634967870257,2.8359504285197543,0.3303991930894808,2.1676549806701892,3.5042458763693194,2.8359504285197543,0.31740317727693956,2.1915877218779904,3.480313135161518,1,1,1,41.91393208061398,0.3283
228,486057,2.5760375754566334,2.5465283085238917,0.046341256286374144,2.455701115204258,2.6373555018435253,2.616711479700462,0.30698679621164954,1.9957720744319831,3.237650884968941,2.616711479700462,0.2884868293181413,2.0310520803059,3.202370879095024,1,1,1,38.753985712150104,0.2252
229,487057,2.5760375876795045,2.2445328980439028,0.05297538596695141,2.1407030494815693,2.3483627466062362,2.350390323210403,0.30304442777968543,1.7374251107726972,2.9633555356481085,2.350390323210403,0.2620168052991444,1.8184679294377835,2.882312716983022,0,1,1,24.463018010970746,0.3085
230,488057,2.5743223025015367,2.4334332493145916,0.048088315368158774,2.3391818831157964,2.5276846155133867,2.7770391194142183,0.28190689642644123,2.206828599716712,3.3472496391117246,2.7770391194142183,0.248349433692884,2.272862965097812,3.281215273730625,0,1,1,26.671486537265558,0.2707
231,489057,2.5754668980829414,2.50480913033665,0.047289381418869944,2.4121236459044875,2.597494614768813,2.8439636438930367,0.24279138575181394,2.3528717124697,3.3350555753163733,2.8439636438930367,0.2275321164094816,2.3820488904385684,3.305878397347505,1,1,1,23.1503812008661,0.2533
232,490057,2.5764682714542873,2.5195456209892626,0.046354292122696907,2.4286928778999277,2.6103983640785975,2.556735123349823,0.2852250658692083,1.9798129724492886,3.1336572742503574,2.556735123349823,0.2745002905175228,1.9994699072631779,3.114000339436468,1,1,1,35.067573034376686,0.2658
233,491057,2.576410928768552,2.2194531752025246,0.05403141591569157,2.1135535459740646,2.3253528044309846,2.4638096785077797,0.32821179673304207,1.7999386574069045,3.127680699608655,2.4638096785077797,0.2881132912851834,1.8789086016354286,3.0487107553801307,0,1,1,28.43373360775917,0.2328
234,492057,2.576415804659782,2.242643553763937,0.049881305685351936,2.1448779911188143,2.34040911640906,2.3224102074150728,0.24892621499388204,1.8189094125878291,2.825911002242316,2.3224102074150728,0.22059023351531487,1.8745882254610375,2.770232189369108,0,1,1,19.5567612951595,0.2794
235,493057,2.574961814658008,2.6559402872178732,0.04576496890733155,2.566242596405908,2.7456379780298383,2.6924018519327184,0.2663628162226504,2.153632202123743,3.2311715017416938,2.6924018519327184,0.2654124369356153,2.1535859594534816,3.231217744411955,1,1,1,33.63382001893113,0.2379
236,494057,2.5761370449643475,2.2556008514047243,0.043937516206776855,2.169484902069297,2.341716800740152,2.3465962256859187,0.22690321276907008,1.8876411574907515,2.805551293881086,2.3465962256859187,0.22035286599177503,1.899256125423331,2.7939363259485064,0,1,1,25.15164541928817,0.3001
237,495057,2.5773674400063626,2.402431992668832,0.04412437731033783,2.3159498023003136,2.4889141830373505,2.6112895025338276,0.22731256797186092,2.1515064352869055,3.0710725697807497,2.6112895025338276,0.2146876539495973,2.1754503941532843,3.047128610914371,0,1,1,23.67319966805969,0.217
238,496057,2.5736858225396095,2.4711957333865193,0.06284171773899061,2.348028229891466,2.5943632368815726,2.6948388715621965,0.35207213585102376,1.9827057591783819,3.4069719839460113,2.6948388715621965,0.30833727745965467,2.068880920016226,3.320796823108167,1,1,1,24.074427674082994,0.2504
239,497057,2.574437976959922,2.6005712234912073,0.053617487255961355,2.4954828795279878,2.705659567454427,2.6745646782334416,0.3461065222175204,1.9744981583785617,3.3746311980883217,2.6745646782334416,0.31822411550573226,2.028535378384802,3.3205939780820812,1,1,1,35.2251832941667,0.3249
240,498057,2.574316395289006,2.689138975839177,0.051381572572825364,2.588432944127408,2.7898450075509458,3.074800620742515,0.31465517116699,2.4383504630804316,3.7112507784045983,3.074800620742515,0.27849405708860303,2.5094276274763385,3.6401736140086913,0,1,1,29.377651858707193,0.2233
241,499057,2.5743948817262403,2.5478569539740867,0.05058484277409472,2.4487124839732397,2.6470014239749338,2.52911134765813,0.2812740043897556,1.9601809729365915,3.098041722379669,2.52911134765813,0.2609521956056912,1.9993502264646823,3.058872468851578,1,1,1,26.612219789846712,0.3558
242,500057,2.5768802953317915,2.315333966518815,0.05105225375576164,2.2152733878279225,2.4153945452097076,2.5998785833971647,0.3142506569856762,1.9642466328966508,3.2355105338976786,2.5998785833971647,0.292112355533401,2.0068589744889245,3.192898192305405,0,1,1,32.739347162328244,0.2793
243,501057,2.5764523753505726,2.3110931328540976,0.052247296317762724,2.2086903137816902,2.413495951926505,2.2758580895512193,0.251800502866063,1.7665434987433435,2.785172680359095,2.2758580895512193,0.25584313184376867,1.7564689192067868,2.7952472598956515,0,1,1,23.978382422996503,0.2993
244,502057,2.574673263010155,2.164931887341094,0.048561688901837506,2.069752726065054,2.260111048617134,2.3529291780922765,0.29590154347517456,1.7544118128801782,2.9514465433043746,2.3529291780922765,0.26349113572849137,1.818013734426179,2.887844621758374,0,1,1,29.44045067967329,0.2755
245,503057,2.5746580836734583,2.772326564806939,0.04951851333084226,2.6752720621105217,2.8693810675033564,3.0324172758775094,0.2869761832666898,2.4519531557171708,3.612881396037848,3.0324172758775094,0.22322502184479326,2.579246389246539,3.48558816250848,0,1,0,20.32125628515399,0.2804
246,504057,2.57552510069903,2.3174325258505704,0.05889096475835217,2.2020083559093826,2.432856695791758,2.6184348411473657,0.40229811385137115,1.8047100991122824,3.432159583182449,2.6184348411473657,0.37527461467230244,1.8565868706300321,3.3802828116646992,0,1,1,40.60701232717897,0.2343
247,505057,2.5776994878822816,2.0681029359022958,0.05673133026584094,1.9569115717862005,2.179294300018391,2.1122887797843126,0.3325035356201035,1.4397368974054099,2.7848406621632154,2.1122887797843126,0.27846304296689695,1.5469787485324993,2.677598811036126,0,1,1,24.092906480356714,0.3145
248,506057,2.57605361648658,2.859332914142785,0.053226089232630086,2.7550116962089146,2.963654132076655,3.215737609829484,0.31055115142464756,2.5875886156358883,3.84388660402308,3.215737609829484,0.3087391416899676,2.588963830523475,3.842511389135493,0,0,0,33.64606421741858,0.2487
249,507057,2.579280905313743,2.2336924216744194,0.04741319100962086,2.1407642749034443,2.3266205684453944,2.490356656880557,0.3017490727259196,1.8800115473483272,3.1007017664127865,2.490356656880557,0.23950114696890468,2.004143479593933,2.9765698341671807,0,1,1,25.516248595253924,0.346
250,508057,2.5776812302350183,2.1299228158746026,0.05211222071533362,2.027784740118147,2.2320608916310585,2.3313345438362636,0.38888514092489496,1.5447401003502625,3.117928987322265,2.3313345438362636,0.3268456988087128,1.6678024993701723,2.994866588302355,0,1,1,39.33746658847927,0.3006
251,509057,2.574494257571831,2.5603094003259814,0.05804905065711939,2.446535351701286,2.6740834489506766,2.6924470755594507,0.33952856140645304,2.0056857373094745,3.379208413809427,2.6924470755594507,0.2898124781899775,2.104096465880098,3.2807976852388037,1,1,1,24.92550223605558,0.3106
252,510057,2.5753626882975826,2.260795645654632,0.05952299992453287,2.144132709550767,2.377458581758497,2.5092467286552087,0.35551726216974755,1.7901451905481318,3.2283482667622856,2.5092467286552087,0.35192201884978674,1.79480704806239,3.2236864092480273,0,1,1,34.956122947549204,0.3105
253,511057,2.5729936564393427,2.317339601100863,0.050002337791929245,2.2193368198858754,2.4153423823158504,2.584485952842156,0.29054661148292704,1.9967999599481914,3.172171945736121,2.584485952842156,0.28253267551898836,2.0109141282812764,3.158057777403036,0,1,1,31.92689948665369,0.3176
254,512057,2.5766900543231737,2.507150684911818,0.05740236011594356,2.3946441264569702,2.619657243366666,2.8031317039940427,0.4192999283731874,1.9550175461015324,3.6512458618865526,2.8031317039940427,0.34181688444003194,2.109206536882503,3.4970568711055825,1,1,1,35.459085019795005,0.2469
255,513057,2.573712991847219,2.4637898480733598,0.0427615163486881,2.3799788161056106,2.547600880041109,2.744482890039187,0.25020621549491073,2.23839304982087,3.250572730257504,2.744482890039187,0.21781334099351837,2.30229829960955,3.1866674804688238,0,1,1,25.94554268422609,0.3723
256,514057,2.5756767218064853,2.265289502383224,0.047604256497300546,2.171986874137708,2.35859213062874,2.2247122070474212,0.31176687030674677,1.5941041893096863,2.855320224785156,2.2247122070474212,0.2977885497938508,1.6201693111687527,2.8292551029260897,0,1,1,39.1313126482307,0.3429
257,515057,2.573661855859667,2.1080729898649997,0.060049292325666546,1.990378539609576,2.2257674401204235,2.3501580347295348,0.3700615290479549,1.6016379400693164,3.098678129389753,2.3501580347295348,0.32097609125363513,1.6985419270967248,3.0017741423623447,0,1,1,28.57127233350545,0.2744
258,516057,2.575776453960325,2.4997730653937262,0.05200689865889491,2.397841417074668,2.6017047137127847,2.721308670453929,0.2721253701971476,2.1708831550445162,3.2717341858633415,2.721308670453929,0.26120548996825493,2.191033334366859,3.2515840065409987,1,1,1,25.225668774949828,0.2966
259,517057,2.578764219922675,2.5750608642236785,0.05453167839326272,2.4681807385563626,2.6819409898909945,2.498405820233074,0.29259068489001155,1.9065852986187104,3.0902263418474374,2.498405820233074,0.2584349849844026,1.97375490827898,3.0230567321871677,1,1,1,22.459748052637558,0.3012
260,518057,2.57330926007642,2.686562538236593,0.050527262260217636,2.5875309239691564,2.7855941525040295,2.6926230881200635,0.3002572864909033,2.085295401060037,3.29995077518009,2.6926230881200635,0.28479727836392976,2.11445387536933,3.270792300870797,0,1,1,31.7702136025992,0.2329
261,519057,2.5774528539155837,2.976308392054339,0.05095632615206525,2.876435828011815,3.0761809560968634,3.271120317287998,0.33634074733656255,2.5908069416119544,3.9514336929640415,3.271120317287998,0.29580687111178156,2.670600443013043,3.871640191562953,0,0,0,33.69925485747614,0.2101
262,520057,2.576755480913114,2.027766920480953,0.050477411894997125,1.9288330111339649,2.126700829827941,2.032782340777509,0.24681247771002687,1.5335569831616622,2.5320076983933557,2.032782340777509,0.23948867694928097,1.5465944789765886,2.518970202578429,0,0,0,22.51001635985843,0.3144
263,521057,2.5741948186223773,2.374059912277578,0.04599573338200937,2.283909931406333,2.4642098931488228,2.5779228889987085,0.30572482162841036,1.9595360682610647,3.196309709736352,2.5779228889987085,0.30119847070390987,1.9664574856458226,3.1893882923515946,0,1,1,42.88154547150644,0.2815
264,522057,2.575915358566662,2.315318331659297,0.054902237770057385,2.2077119229593296,2.422924740359264,2.66274050788913,0.28060538637919386,2.0951625407465277,3.2303184750317326,2.66274050788913,0.2766053104153226,2.1012018742188365,3.224279141559424,0,1,1,25.382882229036923,0.2703
265,523057,2.576121555464738,2.362372762163737,0.0515410668118009,2.261354127487835,2.4633913968396395,2.3814792809679846,0.22677796013974286,1.9227775601288684,2.840181001807101,2.3814792809679846,0.21162781211540216,1.9518519817542328,2.8111065801817365,0,1,1,16.8592665571587,0.2753
266,524057,2.5722668169374217,2.3050039562376266,0.059073603635136425,2.1892218206757645,2.4207860917994886,2.674652538381711,0.34188973487733276,1.9831152759915545,3.366189800771867,2.674652538381711,0.2737102396181729,2.1189912108895568,3.230313865873865,0,1,1,21.468176655784237,0.3397
267,525057,2.5730888909288354,2.374988577529164,0.051453235754147196,2.274142088562987,2.4758350664953412,2.8376648032893868,0.3243784434876805,2.181547470991198,3.4937821355875753,2.8376648032893868,0.235234721960537,2.360112929237536,3.3152166773412377,0,1,1,20.9015007360312,0.3127
268,526057,2.5725914973656177,2.0089601054076747,0.05039439850806899,1.9101888993093004,2.1077313115060488,2.364999185012251,0.3405888500208097,1.6760932106093973,3.0539051594151045,2.364999185012251,0.2973893705501481,1.7612666660810163,2.9687317039434857,0,1,1,34.82461721333036,0.2842
269,527057,2.575622914321207,2.5507377166239866,0.049810168732027496,2.4531115798453498,2.6483638534026235,2.931471361444894,0.30653769212305426,2.3114403549385685,3.55150236795122,2.931471361444894,0.28997029974463534,2.3428003569761815,3.520142365913607,1,1,1,33.88995632666792,0.2825
270,528057,2.572176174931274,2.420996954962729,0.047324304775799846,2.3282430220087647,2.5137508879166934,2.6842450937049778,0.3082089650811444,2.06083361856142,3.3076565688485355,2.6842450937049778,0.2959994729092022,2.083334216994084,3.2851559704158717,0,1,1,39.12131010857238,0.2713
271,529057,2.5786442051049803,2.4761156877346036,0.05276473179779866,2.3726987137570026,2.5795326617122045,2.7651662749586037,0.32377868782765923,2.1102620629881805,3.420070486929027,2.7651662749586037,0.32045050848881834,2.1146171570636,3.4157153928536075,1,1,1,36.88369823501345,0.215
272,530057,2.573166318743621,2.17185640057121,0.044037609780980654,2.0855442714352592,2.2581685297071608,2.313977420742414,0.21911503039199282,1.8707754383249515,2.757179403159877,2.313977420742414,0.2018756099191999,1.904148144525073,2.7238066969597554,0,1,1,21.01455635506302,0.3136
273,531057,2.5760460585738905,2.013263897295297,0.051333045582176696,1.9126529767374778,2.1138748178531164,2.428769686594108,0.33070003152400157,1.7598657355746399,3.0976736376135765,2.428769686594108,0.27669145694581876,1.8670561661692633,2.9904832070189533,0,1,1,29.053431686880955,0.3102
274,532057,2.574644240999225,2.1830318394467283,0.05962780414521591,2.066163490844897,2.2999001880485594,2.4914606638280095,0.2985266082165984,1.8876336039989245,3.095287723657094,2.4914606638280095,0.2736199871314768,1.9359825586246417,3.046938769031377,0,1,1,21.057073045231228,0.3355
275,533057,2.5759411902677027,2.0126688843853073,0.052329167303210904,1.910105601130043,2.115232167640572,2.308376274363661,0.333471704105225,1.6338660863808374,2.982886462346485,2.308376274363661,0.2459551358373947,1.8090608031062763,2.807691745621046,0,1,1,22.091445974735784,0.3019
276,534057,2.5762387580056703,2.4551068546708867,0.05606959010208113,2.3452124774428844,2.565001231898889,3.0798708109837607,0.37806769055133943,2.3151567261462986,3.8445848958212228,3.0798708109837607,0.34488396988430575,2.379719129395179,3.7800224925723422,0,1,1,37.83478370344447,0.2866
277,535057,2.5805309304174413,2.793191225007633,0.055311465387978674,2.6847827449150614,2.901599705100205,2.9068238513811684,0.34885882013426767,2.2011902835208477,3.612457419241489,2.9068238513811684,0.33210395323766795,2.2326169829100975,3.5810307198522393,0,1,1,36.05103699029264,0.1937
278,536057,2.5763239527356028,2.461688738813641,0.05380830577533783,2.3562263974248605,2.5671510802024216,2.5656144546149804,0.2945763993522718,1.9697774463880175,3.161451462841943,2.5656144546149804,0.2478289545007644,2.0624949292329853,3.0687339799969755,0,1,1,21.213164201167984,0.2749
279,537057,2.5778011074702483,2.2663947198041514,0.054460469946334925,2.159654160128209,2.3731352794800937,2.4742051038197475,0.372955099083549,1.7198322113220426,3.228577996317452,2.4742051038197475,0.34086373203552567,1.7822149389614266,3.1661952686780683,0,1,1,39.17408128546459,0.2895
280,538057,2.573374236658907,1.9293624996072885,0.04430242776957657,1.8425313367512313,2.016193662463346,2.17939981559223,0.30177522385905314,1.5690018104004624,2.7897978207839973,2.17939981559223,0.2559166144922806,1.6598614675404644,2.6989381636439953,0,1,1,33.368901606095726,0.2978
281,539057,2.5766028339933436,2.490728842047002,0.059061344966584814,2.374970733034,2.6064869510600044,2.811430100542116,0.3145145634149601,2.1752643489033505,3.4475958521808816,2.811430100542116,0.31244127867928106,2.177140583582633,3.445719617501599,1,1,1,27.985311652776016,0.2842
282,540057,2.5728983361612725,2.66335488370296,0.05109189839189835,2.5632166029530596,2.7634931644528606,2.79736822766363,0.2949694357435395,2.200736228296806,3.3940002270304537,2.79736822766363,0.28168394035194033,2.2255194270943592,3.3692170282329004,1,1,1,30.39625609636545,0.2381
283,541057,2.5785088525311712,2.2038640096887114,0.056931215104515216,2.0922808784877587,2.315447140889664,2.4978341719956214,0.37055404665151925,1.7483178664507153,3.2473504775405275,2.4978341719956214,0.35222535825093165,1.782778679679588,3.212889664311655,0,1,1,38.27721509232179,0.3033
284,542057,2.575922514623003,2.1973279405938726,0.0567018214709091,2.0861944126530707,2.3084614685346745,2.164204003411877,0.3895965751376108,1.376170548403612,2.9522374584201416,2.164204003411877,0.37616065852620334,1.4005572682419616,2.927850738581792,0,1,1,44.01013732093218,0.3178
285,543057,2.573355344163521,2.4478249602478592,0.05051946093491353,2.3488086362970506,2.546841284198668,2.639899041581354,0.31020110597399736,2.012458081142389,3.2673400020203194,2.639899041581354,0.28999831332884585,2.051171166513237,3.228626916649471,0,1,1,32.95137399665021,0.292
286,544057,2.5749029258381473,2.7094629768965186,0.052088680578528765,2.607371038960391,2.811554914832646,2.8009287152923923,0.3441355245290624,2.1048489145653697,3.497008516019415,2.8009287152923923,0.3176312308869462,2.1561030352088877,3.445754395375897,0,1,1,37.18430611217754,0.3
287,545057,2.5753215502342592,2.132927373044358,0.05025943621424897,2.034420688181142,2.231434057907574,2.586179531966355,0.29926296113250617,1.9808630577803208,3.191496006152389,2.586179531966355,0.2631881772297105,2.0518791267505634,3.1204799371821466,0,1,1,27.421899030578118,0.3582
288,546057,2.5769055354963473,2.686637648889876,0.056753746797254694,2.5754023491795515,2.797872948600201,2.830993872336097,0.2962865322204867,2.2316977938845395,3.4302899507876545,2.830993872336097,0.2846499284995062,2.253123795713356,3.408863948958838,1,1,1,25.155507391368356,0.2872
289,547057,2.5729280925448794,2.2700782959458015,0.05970242284540027,2.153063697379036,2.387092894512567,2.6345870030964327,0.3484684243564941,1.9297430852310353,3.33943092096183,2.6345870030964327,0.32445438893702483,1.9759095757597582,3.293264430433107,0,1,1,29.534076434904726,0.3296
290,548057,2.575444832744087,2.4746376022021184,0.05130285921198264,2.3740858458427034,2.5751893585615333,2.731953158901652,0.35725254353366326,2.009341682936074,3.4545646348672303,2.731953158901652,0.3063448590246063,2.1100400318170656,3.3538662859862387,0,1,1,35.656445993741244,0.3571
291,549057,2.578874306853403,2.6730242387860104,0.05298154711214083,2.569182314601002,2.7768661629710185,2.854524006551732,0.29373927274378925,2.260380246714668,3.4486677663887964,2.854524006551732,0.29060143056731236,2.26457173839614,3.4444762747073243,1,1,1,30.0847373206664,0.2982
292,550057,2.581391997132131,2.3540301368347447,0.06070293775725477,2.2350545650747486,2.473005708594741,2.613317629699709,0.30183200822320694,2.0028047672901677,3.2238304921092507,2.613317629699709,0.2767602836778968,2.051464383580397,3.1751708758190214,0,1,1,20.78682285798492,0.3188
293,551057,2.574774282621552,2.138811365407864,0.05532244790981593,2.0303813599680316,2.2472413708476964,2.1410506251263204,0.30722919629750883,1.5196209194051578,2.762480330847483,2.1410506251263204,0.2971623580111808,1.5377789661502557,2.744322284102385,0,1,1,28.852590679997466,0.2265
294,552057,2.575320888348253,2.832537767928258,0.05175579203760121,2.731098279543215,2.9339772563133013,2.7987334149517413,0.34406438677379925,2.1027975039163618,3.494669325987121,2.7987334149517413,0.34736393897686385,2.093547128446542,3.5039197014569408,0,1,1,45.045513646857515,0.2941
295,553057,2.57299019644036,2.562865056455691,0.0504715393024014,2.4639426571786864,2.661787455732696,2.86850013467037,0.27229705794255266,2.317727348017245,3.419272921323495,2.86850013467037,0.23658068524426012,2.3882158098850987,3.3487844594556413,1,1,1,21.971791556623273,0.3806
296,554057,2.5742136899878534,2.1596676622555724,0.05574999623428335,2.0503996774981332,2.2689356470130115,2.5018034257903836,0.36923645002460215,1.7549522109790137,3.2486546406017536,2.5018034257903836,0.3493651401350087,1.7925544849480106,3.2110523666327566,0,1,1,39.27077323266958,0.2626
297,555057,2.5779320445674485,2.1973940217302674,0.05239339831316196,2.094704848008808,2.3000831954517267,2.3195513604706086,0.23973509431562448,1.8346413619842386,2.8044613589569787,2.3195513604706086,0.21355311197935803,1.8860154947387806,2.7530872262024366,0,1,1,16.613405763593736,0.3166
298,556057,2.5750264369501994,2.7130506394121063,0.06258138957514907,2.5903933697423436,2.835707909081869,2.9906525562949566,0.3692071498142357,2.24386060675305,3.737444505836863,2.9906525562949566,0.2929703581097868,2.3958911095539364,3.585414003035977,0,1,1,21.91578138574656,0.266
299,557057,2.576358617278615,2.069224587149792,0.049566181184147066,1.9720766571776769,2.166372517121907,2.220693205905763,0.349787448706279,1.5131813094647484,2.9282051023467774,2.220693205905763,0.3310157813934429,1.5486954437229523,2.8926909680885737,0,1,1,44.599139445918865,0.2963
300,558057,2.5745154830974495,3.017326878252824,0.05809819400898751,2.903456510428388,3.13119724607726,2.9625712461744804,0.3974593092085381,2.158633910354287,3.7665085819946738,2.9625712461744804,0.34426905050986245,2.263667917283191,3.66147457506577,0,1,1,35.113223313858526,0.3289
301,559057,2.5773880687641713,2.5619685110139163,0.04668936749785848,2.4704590322571587,2.653477989770674,2.544365237539329,0.2785988829104219,1.9808458067440342,3.107884668334624,2.544365237539329,0.25421895212975726,2.028273327309215,3.0604571477694433,1,1,1,29.646939518076376,0.3569
302,560057,2.57674212819323,2.4098507407394836,0.051065814092188556,2.309763584277576,2.5099378972013913,2.566451073063519,0.2715258782448471,2.01723814458266,3.115664001544378,2.566451073063519,0.2144027223921164,2.131190406496826,3.001711739630212,0,1,1,17.627879431035698,0.3324
303,561057,2.5777282606400673,2.274834920177107,0.046802995420804266,2.1831027347837377,2.3665671055704767,2.276862429802396,0.32303338368128465,1.6234657377615105,2.930259121843281,2.276862429802396,0.31599425441996004,1.6353599886228791,2.9183648709819128,0,1,1,45.583857480487914,0.2894
304,562057,2.5757592191650205,2.1778875017409396,0.06195231318364419,2.0564631991420512,2.299311804339828,2.6374987573495035,0.3272483139592266,1.9755765641068368,3.29942095059217,2.6374987573495035,0.2944141218370069,2.0398063144193337,3.235191200279673,0,1,1,22.584070530884297,0.2706
305,563057,2.574603090998752,2.4754228220631807,0.05155803015386745,2.37437093984777,2.576474704278591,2.6953764161074663,0.3285158302254031,2.0308904292222056,3.359862402992727,2.6953764161074663,0.2652122926303284,2.1569668381691867,3.233785994045746,1,1,1,26.46029411951988,0.2661
306,564057,2.575923442606041,2.609510425455632,0.05065570986275271,2.510227058513326,2.7087937923979375,2.7893980204602005,0.26652807644478,2.25029410030048,3.3285019406199208,2.7893980204602005,0.2564792325775568,2.268717496972939,3.310078543947462,1,1,1,25.635842791237394,0.2534
307,565057,2.5742465400094616,2.623394969812994,0.054246989007016376,2.517072825089502,2.7297171145364865,2.7726383302623585,0.2956373918034912,2.174655262238087,3.37062139828663,2.7726383302623585,0.2741331018752151,2.2161185467496254,3.3291581137750916,1,1,1,25.537106364347647,0.3318
308,566057,2.575973610960654,2.3075748059630166,0.05693724061874906,2.1959798649711773,2.419169746954856,2.2428911772528974,0.2991110481450041,1.6378819760873193,2.8479003784184753,2.2428911772528974,0.28044944889896045,1.6735485275696784,2.8122338269361165,0,1,1,24.26142748429539,0.3457
309,567057,2.578966870647314,2.0698767015024315,0.05080998810869747,1.970290954754476,2.169462448250387,2.31508857578661,0.289083883877467,1.7303612287386965,2.8998159228345237,2.31508857578661,0.24233767921527818,1.8231169318978857,2.8070602196753347,0,1,1,22.74802529121708,0.2365
310,568057,2.5776193183960245,2.4013103896401757,0.057729525825408384,2.2881625981778004,2.514458181102551,2.3329462578123357,0.3892533638729243,1.5456070131128063,3.120285502511865,2.3329462578123357,0.3560398528059231,1.6101469298579463,3.055745585766725,0,1,1,38.036561069589375,0.2632
311,569057,2.577312846428378,2.2310408705113325,0.05691986716448559,2.1194799808641367,2.3426017601585283,2.532523183212615,0.34636268531597414,1.8319385245844444,3.233107841840786,2.532523183212615,0.31318366834051464,1.8967265351160107,3.1683198313092196,0,1,1,30.274045385865694,0.351
312,570057,2.571426420750008,2.40297180291243,0.04741582271436741,2.3100384980949333,2.4959051077299264,2.4685915242311935,0.2631248585003018,1.9363712621066758,3.0008117863557113,2.4685915242311935,0.23036717568657222,2.000921294461244,2.9362617540011433,0,1,1,23.60448964170445,0.292
313,571057,2.578118428278751,1.8283866271544393,0.049254253968068255,1.7318500632916365,1.9249231910172422,1.9908800231151154,0.28788512088486773,1.4085774030876084,2.5731826431426224,1.9908800231151154,0.2539601863674996,1.47531343531052,2.5064466109197108,0,0,0,26.585435774021306,0.3491
314,572057,2.575456454102152,2.5880017720550277,0.05555473677773845,2.4791164888000576,2.6968870553099977,2.9478732409484945,0.34420447594988157,2.2516539728086578,3.644092509088331,2.9478732409484945,0.232807723268919,2.4752484361823504,3.4204980457146386,1,1,1,17.5611348966477,0.2656
315,573057,2.576325441348234,2.5539904275731513,0.057827684184429545,2.4406502492623128,2.66733060588399,2.3313958197705023,0.26091941091372695,1.8036364964539664,2.859155143087038,2.3313958197705023,0.2599386411166696,1.8036923235809308,2.8590993159600737,1,1,1,20.205522591065844,0.309
316,574057,2.5763008194998505,2.0230270351127073,0.05098535012101656,1.9230975851363499,2.1229564850890648,2.291809444279399,0.40479225736745983,1.4730398208010542,3.1105790677577434,2.291809444279399,0.35240759055163706,1.57638400072492,3.007234887833878,0,1,1,47.774890062866554,0.2679
317,575057,2.574355725002107,2.227713482655596,0.05106444329188957,2.1276290129129043,2.3277979523982877,2.2071397232488037,0.23520404890652177,1.7313946291697,2.682884817327907,2.2071397232488037,0.22196678751421248,1.7565231881079417,2.6577562583896657,0,1,1,18.894647326894923,0.3163
318,576057,2.575860078071275,2.798001000087352,0.04503757377436194,2.709728977538537,2.8862730226361673,2.906559009179695,0.24634708696712876,2.4082749931937775,3.4048430251656123,2.906559009179695,0.19309136017266282,2.5145627080165296,3.29855531034286,0,1,1,18.38127830249054,0.2661
319,577057,2.5735739834247786,2.334170296689917,0.05175930839319863,2.232723916374546,2.435616677005288,2.5445719069695465,0.36326554574395165,1.809797986031057,3.279345827908036,2.5445719069695465,0.3350664778131486,1.8643507938701562,3.2247930200689368,0,1,1,41.906851344568004,0.2817
320,578057,2.5743193632271866,2.5473998672964555,0.04889770394111077,2.4515621286451763,2.6432376059477347,2.8625356175188434,0.3016780735060608,2.2523341174639517,3.472737117573735,2.8625356175188434,0.2831297195681599,2.2877517291002256,3.4373195059374613,1,1,1,33.526945167673965,0.2635
321,579057,2.5720207486945044,2.3381361180089715,0.054104906183150496,2.232092450503078,2.444179785514865,2.3447941521359015,0.3464547100108328,1.644023355993021,3.045564948278782,2.3447941521359015,0.33959294409367186,1.6553838239534628,3.03420448031834,0,1,1,39.39526439794973,0.3699
322,580057,2.5755945243354263,2.227746628838386,0.0488834875801058,2.1319367537426674,2.3235565039341046,2.443164367419342,0.2527668498458042,1.9318951553499386,2.9544335794887453,2.443164367419342,0.23456737947501463,1.9669672706382082,2.9193614642004757,0,1,1,23.025595245530027,0.2903
323,581057,2.5739860341508374,2.227986020385008,0.05252753818915028,2.125033937337721,2.330938103432295,2.5061194849005832,0.3801427105897131,1.7372082758726086,3.275030693928558,2.5061194849005832,0.38081813153964805,1.7330175768404619,3.2792213929607046,0,1,1,52.56070010601285,0.3157
324,582057,2.578973051261404,2.5311914281816468,0.05189633525073078,2.429476480160598,2.6329063762026954,2.588109520109888,0.29059653589276535,2.0003225455654547,3.175896494654321,2.588109520109888,0.2736119875687357,2.0326476548822634,3.1435713853375122,1,1,1,27.796931756233732,0.2771
325,583057,2.5775553382175573,2.3440742661330547,0.05034761562871402,2.245394752793309,2.4427537794728003,2.539735778555151,0.34114846642520497,1.8496978731324232,3.2297736839778786,2.539735778555151,0.3141679460610292,1.9019409404545295,3.177530616655772,0,1,1,38.937308630886314,0.3234
326,584057,2.573845142749147,2.315462697121352,0.05223886339857809,2.2130764062668313,2.4178489879758724,2.58037012328445,0.3265927277589528,1.9197739782963785,3.2409662682725218,2.58037012328445,0.28627266731114753,1.9992057117347168,3.1615345348341832,0,1,1,30.031175422352362,0.2694
327,585057,2.5738501259639373,1.9680734996102796,0.04983279467977633,1.8704030167889387,2.0657439824316204,2.293605665310031,0.2714140932129311,1.7446188433982244,2.8425924872218378,2.293605665310031,0.21552948102961583,1.856057557100126,2.731153773519936,0,1,1,18.70608395645287,0.2971
328,586057,2.5750840325251736,2.135976458606956,0.06142004150357455,2.0155953893309944,2.2563575278829173,2.388805873476176,0.37876802320310976,1.622675232142973,3.154936514809379,2.388805873476176,0.374630982910102,1.6282645449021593,3.1493472020501923,0,1,1,37.20378897729351,0.237
329,587057,2.57480373153246,2.1806978203648972,0.052815050651344814,2.0771822232466026,2.284213417483192,2.5873941370817697,0.3479838492583413,1.883530364867482,3.2912579092960574,2.5873941370817697,0.3319997056075451,1.9133989025511127,3.2613893716124265,0,1,1,39.51481890754651,0.3036
330,588057,2.5796159222175703,2.1499782084298293,0.04063503418723834,2.0703350049122884,2.2296214119473703,2.241231135974821,0.21104926613587335,1.8143437016813684,2.668118570268274,2.241231135974821,0.20736950479722,1.8202486602086374,2.662213611741005,0,1,1,26.04285075959625,0.2664
331,589057,2.5742522699879533,2.384068160067581,0.0492557263904541,2.2875287103099318,2.4806076098252303,2.5764190731330543,0.3099543412504041,1.9494772414598864,3.203360904806222,2.5764190731330543,0.27220584688382293,2.0238118252581065,3.129026321008002,0,1,1,30.540872689743708,0.3337
332,590057,2.5748877409880944,2.08740521450686,0.05264796877278739,1.984217091853007,2.1905933371607125,2.423326247218779,0.2861235472884172,1.844586746109789,3.0020657483277695,2.423326247218779,0.2898596853027895,1.8348798020054369,3.011772692432121,0,1,1,30.31184645356168,0.2731
333,591057,2.5782159388227734,2.4324857182520696,0.052412282395923646,2.3297595324085165,2.5352119040956227,2.6299816596493852,0.29819847994033993,2.026818301905296,3.2331450173934746,2.6299816596493852,0.2674356473077318,2.0870584317531966,3.172904887545574,0,1,1,26.035891065492418,0.2193
334,592057,2.5797351900737966,2.7229589654046875,0.04913316391111808,2.626659733692393,2.819258197116982,3.0607467715707193,0.2955344181274524,2.462971987465974,3.6585215556754647,3.0607467715707193,0.285337899613227,2.481480039335607,3.6400135038058314,0,1,1,33.72635892554451,0.3724
335,593057,2.574246321608665,2.7060352633814535,0.056132505619461384,2.596017574005317,2.81605295275759,2.934366093341146,0.28225499231277135,2.3634514832550577,3.5052807034272346,2.934366093341146,0.2619679391015787,2.4025429032236283,3.466189283458664,0,1,1,21.780479171574825,0.2742
336,594057,2.578787907464403,2.1813185854981114,0.05293698904747738,2.0775639935150645,2.2850731774811583,2.330135800714636,0.33647806801374786,1.649544667751717,3.0107269336775557,2.330135800714636,0.3051275294605988,1.7106939840292346,2.949577617400038,0,1,1,33.223418256872,0.301
337,595057,2.5767372079266324,2.3362227113311107,0.04973936798420375,2.2387353414682867,2.4337100811939347,2.6865610073714126,0.2782774719499953,2.1236916916073727,3.2494303231354524,2.6865610073714126,0.22877709727966078,2.2221188083818735,3.1510032063609517,0,1,1,21.155561935110992,0.2494
338,596057,2.5771743019135833,1.9201431130129376,0.051895411748302256,1.8184299750233883,2.021856251002487,2.141215721691591,0.32678149865727435,1.4802377515215173,2.8021936918616643,2.141215721691591,0.300800455673963,1.5305583318065628,2.751873111576619,0,1,1,33.59688830160356,0.2983
339,597057,2.5761317853360883,2.642141837684177,0.05495792853477126,2.5344262770910992,2.749857398277255,2.680543194470177,0.29027249397635463,2.0934116565677794,3.2676747323725746,2.680543194470177,0.28838516197954356,2.095090190745746,3.2659961981946077,1,1,1,27.5350020097678,0.2317
340,598057,2.5783538829476655,2.3288668919089948,0.04972046079783726,2.231416579450498,2.4263172043674914,2.505963922049171,0.2496956888688197,2.0009067194018857,3.0110211246964567,2.505963922049171,0.22538603306894386,2.0484059493990143,2.963521894699328,0,1,1,20.54866962247557,0.3095
341,599057,2.572486997315275,2.6304420164015285,0.048790290901289064,2.5348148034397697,2.7260692293632873,2.9273524894198344,0.3187510197051764,2.2826176961097158,3.572087282729953,2.9273524894198344,0.2846358759212805,2.349510941047562,3.5051940377921067,1,1,1,34.03395823765046,0.2198
342,600057,2.5733314862011607,2.4228981450870335,0.04964896024703072,2.3255879711329923,2.5202083190410747,2.9585925268482978,0.2956114849092616,2.3606618604637504,3.556523193232845,2.9585925268482978,0.2816511388323322,2.386810316904042,3.5303747367925533,0,1,1,32.181235050937474,0.3297
343,601057,2.575505744048688,2.1839499988610394,0.053097795641646364,2.0798802317449447,2.288019765977134,2.1405328314535415,0.3247104291828191,1.4837439947042137,2.797321668202869,2.1405328314535415,0.3307367889733137,1.469101453994757,2.8119642089123262,0,1,1,38.798240242708545,0.2865
344,602057,2.573918521804869,2.776745065722733,0.05063396529884681,2.6775043173425424,2.8759858141029238,2.729391062999464,0.2620457947040809,2.1993534134177026,3.2594287125812254,2.729391062999464,0.2296699470031362,2.263136282707561,3.195645843291367,0,1,1,20.574271243274694,0.2994
345,603057,2.5737593856252095,2.0845946522034433,0.053755723910973705,1.9792353693750562,2.1899539350318302,2.394915805017852,0.34583508830334425,1.6953983120765663,3.094433297959138,2.394915805017852,0.33796429541839196,1.7088118094234337,3.08101980061227,0,1,1,39.52685066657087,0.2758
346,604057,2.576288365467786,2.386347675921347,0.052479000717299,2.2834907245707896,2.4892046272719046,2.872176721444679,0.3126933394604319,2.239694742962091,3.5046586999272673,2.872176721444679,0.3031121288806104,2.2568263854553123,3.487527057434046,0,1,1,33.360727748039736,0.2598
347,605057,2.5759839623164855,2.6407312660574087,0.04615379025760632,2.5502714994024847,2.7311910327123328,3.003081749649816,0.2732176769776881,2.4504468352335094,3.5557166640661224,3.003081749649816,0.2358046267648411,2.524372907336399,3.481790591963233,1,1,1,26.102968555316856,0.2541
348,606057,2.578420202744974,2.4525852713413654,0.05945766051837353,2.336050398120344,2.569120144562387,2.575890880092581,0.3750210778840727,1.8173391510340684,3.3344426091510933,2.575890880092581,0.3509053987203613,1.8635150480845277,3.2882667121006337,0,1,1,34.83088151029283,0.3235
349,607057,2.5752431200338015,2.5055003285066184,0.04648021657956228,2.414400778017055,2.596599878996182,2.6412509000411664,0.3068085202500173,2.0206720919415417,3.261829708140791,2.6412509000411664,0.280103993257003,2.0726095625955443,3.2098922374867884,1,1,1,36.31636016849632,0.277
350,608057,2.570506714258461,2.5614636365903505,0.061568485249395025,2.4407916229188507,2.6821356502618503,2.815536334668063,0.41538038215759976,1.9753502073164864,3.6557224620196394,2.815536334668063,0.3281407033720058,2.14937529117091,3.4816973781652156,1,1,1,28.40555450283182,0.302
351,609057,2.5783228970158913,2.329523746287545,0.058961581120185756,2.2139611708204443,2.445086321754646,2.573210881264545,0.3365259282493528,1.8925229418376368,3.253898820691453,2.573210881264545,0.3330254575384116,1.8971332596066177,3.249288502922472,0,1,1,31.901905563705444,0.2765
352,610057,2.5761508996435976,2.4836603946279654,0.053046434062752335,2.379691294356692,2.5876294948992387,2.677044379899059,0.32923943159575175,2.0110947710922678,3.34299398870585,2.677044379899059,0.27041708674218995,2.1280685081693784,3.2260202516287393,1,1,1,25.986983467990495,0.2559
353,611057,2.5744109057566105,2.8667018961267288,0.05199953432338431,2.764784681640041,2.9686191106134165,3.2255748827029116,0.32079932953029844,2.576696991708096,3.874452773697727,3.2255748827029116,0.2768606921592631,2.663517796529514,3.787631968876309,0,0,0,28.348082753269075,0.3115
354,612057,2.574522791425712,2.5104129869716845,0.04845716679070018,2.415438685269062,2.605387288674307,2.6493885895138676,0.269066823350444,2.1051495690397894,3.1936276099879457,2.6493885895138676,0.23941755092905975,2.163345121210503,3.135432057817232,1,1,1,24.41158238616188,0.2711
355,613057,2.573395851539754,2.29033486473058,0.04590973431451946,2.2003534389343193,2.380316290526841,2.640123458646299,0.35001330596191477,1.9321547227850857,3.3480921945075126,2.640123458646299,0.29580371765732305,2.039609986224242,3.2406369310683565,0,1,1,41.51429784907099,0.2423
356,614057,2.576852184259758,2.4014145762713612,0.049809660089529265,2.3037894364137017,2.4990397161290208,2.677408250838131,0.23353741396305439,2.2050342441261948,3.149782257550067,2.677408250838131,0.22568209818096258,2.219249234056787,3.135567267619475,0,1,1,20.52896553435061,0.3814
357,615057,2.5758688847552875,2.2999748320660665,0.04300576657483046,2.2156850784518625,2.3842645856802704,2.396340842572969,0.24390091358773505,1.9030046792703867,2.8896770058755514,2.396340842572969,0.22636536157694673,1.936794727354354,2.855886957791584,0,1,1,27.705536030578397,0.2756
358,616057,2.571687775639533,2.3093247490863287,0.04819622873751253,2.2148618765701498,2.4037876216025076,2.594752302722994,0.28412581396670106,2.020053598664494,3.169451006781494,2.594752302722994,0.2579298013874034,2.07112696799439,3.118377637451598,0,1,1,28.640258515655486,0.2909
359,617057,2.573861974381838,2.1896105922363045,0.05105651746350549,2.0895416568317935,2.2896795276408155,2.4078463978713716,0.31362378982794514,1.7734824058788696,3.0422103898638735,2.4078463978713716,0.2818763517771902,1.8356069813422151,2.980085814400528,0,1,1,30.479996086318533,0.2691
360,618057,2.574271852768645,2.1397481983267785,0.05838270517193278,2.0253201988697698,2.2541761977837873,2.436594935131172,0.34310265497425596,1.742604310274239,3.1305855599881047,2.436594935131172,0.3165378215492425,1.7939889940129627,3.079200876249381,0,1,1,29.395631189430322,0.3364
361,619057,2.5783310733566474,2.052937080727616,0.05299819380203696,1.9490625296299497,2.1568116318252826,2.391377132353453,0.2819823080301087,1.8210140782899433,2.9617401864169626,2.391377132353453,0.23937370168518823,1.9054226827477199,2.877331581959186,0,1,1,20.40002660003043,0.306
362,620057,2.575902579772844,2.4022830945777662,0.05062236639092232,2.3030650796393677,2.501501109516165,2.654448090327525,0.29931007699243467,2.0490363153194235,3.2598598653356263,2.654448090327525,0.2635245953475575,2.119464720023485,3.189431460631565,0,1,1,27.09925955650287,0.2567
363,621057,2.5748583356237202,2.561022260262828,0.05294600047597245,2.4572500062044815,2.6647945143211746,2.752900176901049,0.2861635869929822,2.174079687845194,3.3317206659569036,2.752900176901049,0.2260355516144584,2.294023611502097,3.2117767423000005,1,1,1,18.225824545473237,0.2586
364,622057,2.5729768350469855,2.3716058885788924,0.05349407021991213,2.266759437561408,2.476452339596377,2.5752101471593702,0.31207471524401165,1.9439794542622502,3.2064408400564903,2.5752101471593702,0.2957102741424549,1.9748863751576904,3.17553391916105,0,1,1,30.557761776681772,0.2329
365,623057,2.5771606185941107,2.5935776076442396,0.046913348166328535,2.5016291348440474,2.685526080444432,2.7197382261062772,0.288880415202082,2.1354224333005765,3.304054018911978,2.7197382261062772,0.29027158436566325,2.1304555813397563,3.309020870872798,1,1,1,38.28390132977252,0.2934
366,624057,2.573033533835415,2.256164064668538,0.05921577656206191,2.1401032752903255,2.3722248540467508,2.581262955651355,0.3459906143787366,1.8814308815295444,3.281095029773166,2.581262955651355,0.3180023390459732,1.9356838859519714,3.226842025350739,0,1,1,28.839370122142796,0.286
367,625057,2.573836096804847,2.220227074798981,0.05123006983130875,2.119817983004144,2.320636166593818,2.335951944988852,0.32514782671914216,1.6782783882143573,2.993625501763347,2.335951944988852,0.3269164396683545,1.672276288942751,2.9996276010349536,0,1,1,40.72148670575093,0.2987
368,626057,2.5750987197668116,2.266862725268306,0.06335148932137509,2.142696087831437,2.391029362705175,2.589835525243373,0.36323635936717513,1.8551206393241784,3.324550411162568,2.589835525243373,0.3398187177978731,1.8999668520740451,3.279704198412701,0,1,1,28.772721067745113,0.2443
369,627057,2.5773690471635944,2.6356907319098535,0.05408810708547015,2.5296799900303863,2.7417014737893206,2.7795926003910116,0.294301344153393,2.18431194381733,3.374873256964693,2.7795926003910116,0.27201752206033675,2.2273676722333096,3.3318175285487137,1,1,1,25.292408916175813,0.3356
370,628057,2.578302610747617,2.4486369636319285,0.054962258732848754,2.3409129160065727,2.5563610112572843,2.646149310198429,0.35812691827941756,1.921769244373904,3.370529376022954,2.646149310198429,0.33527523168420137,1.9655044042103613,3.3267942161864967,0,1,1,37.21121050683287,0.3115
371,629057,2.575330512926252,2.57554357870261,0.04689921186291547,2.483622812547982,2.667464344857238,2.744471666505261,0.32200675250596406,2.093151532020923,3.395791800989599,2.744471666505261,0.26911439532315334,2.1981403989534307,3.2908029340570915,1,1,1,32.9262877964204,0.3684
372,630057,2.57336899264258,2.413265773510696,0.05501311345873017,2.305442052454169,2.5210894945672226,2.4830830202025402,0.3345367829494356,1.8064185069124084,3.159747533492672,2.4830830202025402,0.31359722261011935,1.8464468123044493,3.119719228100631,0,1,1,32.49465769656741,0.265
373,631057,2.5765945830678403,2.2046961056672734,0.05387111509629808,2.099110660271517,2.3102815510630297,2.172961637661891,0.3333892112237243,1.4986183072814465,2.847304968042336,2.172961637661891,0.3166120405914386,1.5302050238776923,2.81571825144609,0,1,1,34.54163758359772,0.3295
374,632057,2.5757682908801387,3.1174374579058535,0.06218010659966073,2.995566688415657,3.23930822739605,3.265013598452488,0.3972619348680684,2.4614754899186115,4.068551706986365,3.265013598452488,0.3671737539167141,2.5196112495807266,4.010415947324249,0,1,1,34.86906762946589,0.2187
375,633057,2.5741110432708196,2.3271379373365915,0.05316138054753837,2.2229435460949882,2.4313323285781947,2.261917742091004,0.3139941724894261,1.6268045804521856,2.8970309037298225,2.261917742091004,0.3107735821894222,1.6310138289974987,2.89282165518451,0,1,1,34.17398987094149,0.3431
376,634057,2.5733961320452705,2.507329027253064,0.05327290179061437,2.402916058391521,2.6117419961146076,2.8408230031695383,0.32751442116674684,2.178362557294464,3.5032834490446128,2.8408230031695383,0.3096515613557628,2.212196913466107,3.4694490928729698,1,1,1,33.785771556004796,0.3166
377,635057,2.5755943886146606,1.8258314511812446,0.042440218161151504,1.742650152089365,1.9090127502731242,1.7528348413294026,0.23516523734802441,1.277168251037264,2.2285014316215412,1.7528348413294026,0.23696771673753259,1.2717648008411562,2.233904881817649,0,0,0,31.17619811463558,0.3607
378,636057,2.5733694044328477,2.1520468433686486,0.04809541224169285,2.0577815675533238,2.2463121191839734,2.188663238546292,0.29185095436494335,1.598338963148258,2.778987513944326,2.188663238546292,0.295544901243501,1.588675191377896,2.788651285714688,0,1,1,37.76066546957608,0.3062
379,637057,2.574981634177098,2.3224807983038227,0.04559091236023905,2.233124252055432,2.411837344552213,2.364041162900314,0.2418395598867583,1.8748744810116817,2.853207844788946,2.364041162900314,0.23984427016425947,1.8771314084944337,2.850950917306194,0,1,1,27.67592396219456,0.2575
380,638057,2.5740987583517665,1.7922475451158117,0.05270399747318707,1.6889496082270752,1.8955454820045483,1.990397530914224,0.2669315879820202,1.450477431631998,2.53031763019645,1.990397530914224,0.22491910546229926,1.5337874717002353,2.4470075901282127,0,0,0,18.212332972707067,0.3331
381,639057,2.578325107422686,2.6449979542248956,0.05582343151122117,2.5355860389694636,2.7544098694803276,2.9044384434444543,0.3538495873850369,2.188710095981986,3.620166790906923,2.9044384434444543,0.31774624838122895,2.259379265433919,3.54949762145499,1,1,1,32.39871640052034,0.2959
382,640057,2.5767794428755795,2.1066052951266596,0.055873030015247786,1.9970961685896484,2.216114421663671,2.590642645953915,0.34105307205855817,1.9007976938504265,3.2804875980574035,2.590642645953915,0.2260140919948289,2.131809645898911,3.0494756460089194,0,1,1,16.36313783431139,0.2107
383,641057,2.579556322298609,2.9574927280605885,0.05488735996985009,2.849915479313197,3.06506997680798,3.0560920491021015,0.3156671665518512,2.4175949375639405,3.6945891606402625,3.0560920491021015,0.31196131963602713,2.422776900801564,3.6894071974026392,0,1,1,32.30403806380222,0.3411
384,642057,2.5767860742952142,2.527021091533989,0.04827670891108445,2.4324004807761392,2.6216417022918383,2.573408495640147,0.2968924878233485,1.9728867562927355,3.173930234987558,2.573408495640147,0.2812988788959714,2.0023414113855025,3.144475579894791,1,1,1,33.951634789828525,0.2768
385,643057,2.5767799074724427,2.2275691943232965,0.04685655631019415,2.135732031515743,2.31940635713085,2.654609016169039,0.24078523584593584,2.167574905944555,3.1416431263935234,2.654609016169039,0.2100229664067079,2.2282397269521264,3.080978305385952,0,1,1,20.09059699067279,0.2437
386,644057,2.571123100562873,2.3273740439162425,0.048958176676676804,2.2314177808812072,2.4233303069512777,2.4170412690347507,0.2910506612126316,1.8283357393292654,3.005746798740236,2.4170412690347507,0.2593007753545225,1.8906327091860735,2.943449828883428,0,1,1,28.05156917824795,0.3013
387,645057,2.5759981466339434,2.207459325437612,0.054392439385995306,2.100852103209783,2.314066547665441,2.4260440804514785,0.2896388228434634,1.8401942633958692,3.011893897507088,2.4260440804514785,0.2763557419721631,1.865012097656284,2.987076063246673,0,1,1,25.814273806789807,0.3267
388,646057,2.5770007913315687,2.5188600105250174,0.047172300292669986,2.426404000883476,2.6113160201665586,2.644199675477501,0.20808325191147095,2.2233115712244467,3.0650877797305554,2.644199675477501,0.18647610384853186,2.265633058625362,3.02276629232964,1,1,1,15.62687953329111,0.279
389,647057,2.571412232105991,2.7791488262253736,0.05272488229060104,2.675809955846682,2.8824876966040653,2.8484729125754793,0.3380743814729459,2.1646529308731077,3.532292894277851,2.8484729125754793,0.2644272586329321,2.31165703837926,3.3852887867716985,0,1,1,25.152502888316473,0.2606
390,648057,2.573647588354655,2.434500260645843,0.05663364884114352,2.3235003486041133,2.545500172687573,2.7280149638075244,0.4242115981015969,1.8699660161531408,3.586063911461908,2.7280149638075244,0.3570946712062608,2.003074240655745,3.452955686959304,0,1,1,39.75737037054043,0.3347
391,649057,2.5730135536807386,2.908596428959299,0.05703026354732985,2.796819166377705,3.0203736915408927,3.2067693888827455,0.33262401194248403,2.533973820140484,3.879564957625007,3.2067693888827455,0.28799897978792716,2.6221003766872646,3.7914384010782265,0,1,0,25.501817974159376,0.2395
392,650057,2.5713420415772803,2.446330135544449,0.05289714448254349,2.3426536374736524,2.550006633615246,2.7083773728898413,0.3414009335437304,2.017828804518864,3.3989259412608184,2.7083773728898413,0.27114833266015664,2.157916993024596,3.2588377527550865,0,1,1,26.27540505187065,0.3288
393,651057,2.575188176784111,3.2265096568437306,0.05046657560389294,3.1275969862370325,3.3254223274504287,3.461980500013331,0.3118190437833287,2.8312669514582467,4.092694048568415,3.461980500013331,0.25961401739019735,2.9349360250245686,3.989024975002093,0,0,0,26.463580397678456,0.2727
394,652057,2.5748329563497814,2.3889995378613382,0.05885834034887456,2.2736393105877433,2.504359765134933,2.877771905659756,0.3278320734815547,2.2146689473317913,3.540874863987721,2.877771905659756,0.29269781611069623,2.283563748591871,3.471980062727641,0,1,1,24.72993302611891,0.3203
395,653057,2.5747711223681744,2.4811204182808653,0.05442501939384075,2.3744493404110436,2.587791496150687,2.6781007918800435,0.38437981571957675,1.9006192287786523,3.4555823549814346,2.6781007918800435,0.3154971938013748,2.0376074374031377,3.3185941463569493,1,1,1,33.60421978971763,0.3177
396,654057,2.5793446785134626,2.209488674769597,0.050023644612336646,2.111444132953986,2.307533216585208,1.9648087833270225,0.2608221516297407,1.437246185481095,2.49237138117295,1.9648087833270225,0.2582552388651488,1.4405227753946979,2.489094791259347,0,0,0,26.653093317801797,0.2614
397,655057,2.5757302684939143,2.2848001452482123,0.04462500629840296,2.1973367400934696,2.372263550402955,2.434601078214474,0.2387221613622263,1.9517399300155482,2.917462226413399,2.434601078214474,0.22873108274592552,1.9702522936946854,2.8989498627342623,0,1,1,26.272039643531016,0.2382
398,656057,2.5738622153908475,2.4207802233335487,0.0623766391754081,2.2985242570730984,2.543036189593999,2.8586000165766836,0.4060200369838989,2.0373469744163617,3.6798530587370055,2.8586000165766836,0.3839128991269916,2.0792153963014037,3.6379846368519635,0,1,1,37.88100265279923,0.3083
399,657057,2.577759100836232,2.2713238419821695,0.050755051555973096,2.1718457688989887,2.3708019150653503,2.772693745567188,0.2825865638958835,2.2011084686505966,3.344279022483779,2.772693745567188,0.26391461129255683,2.2369186008010606,3.308468890333315,0,1,1,27.037611508144966,0.305
400,658057,2.5728339231840494,2.8241256473134086,0.049677861213197665,2.726758828506562,2.9214924661202555,2.9140774475876876,0.26118749761191185,2.3857758677409504,3.442379027434425,2.9140774475876876,0.26001253041667144,2.3862239481443694,3.4419309470310058,0,1,1,27.394462013230605,0.3037
401,659057,2.5776196922942813,2.1894273639091812,0.04677608029462249,2.0977479311937675,2.281106796624595,2.4846457075698556,0.27466328969403014,1.9290867654383144,3.040204649701397,2.4846457075698556,0.23820898065395887,2.0010557673638214,2.9682356477758898,0,1,1,25.93394638698607,0.2505
402,660057,2.574167682647902,2.4687328759474183,0.05290363488822379,2.365043656915243,2.5724220949795935,2.4087629432770705,0.3105183333750543,1.7806803298544005,3.0368455566997405,2.4087629432770705,0.28794821505213797,1.8241969889741907,2.9933288975799504,0,1,1,29.62495890704588,0.3307
403,661057,2.572550524222453,2.1625217625046083,0.04905996116819021,2.066366005532022,2.2586775194771946,2.239325948981974,0.27671456474779277,1.6796179114246892,2.799033986539259,2.239325948981974,0.2523611325751502,1.7270056129589257,2.7516462850050223,0,1,1,26.460042376798853,0.3255
404,662057,2.5775103300741966,2.5268984858215187,0.056141021767489335,2.4168641051019604,2.636932866541077,2.7163640490963363,0.29882496843033834,2.1119334987720193,3.3207945994206534,2.7163640490963363,0.26854853419831715,2.1711815407003243,3.2615465574923483,1,1,1,22.881524030711716,0.2678
405,663057,2.5753263438062337,2.4826617829434023,0.054922237621886964,2.375016175254153,2.5903073906326517,2.6953489964130704,0.30557474871914414,2.077265726786343,3.313432266039798,2.6953489964130704,0.29714291643100355,2.092116805943061,3.2985811868830797,1,1,1,29.270781487146273,0.3178
406,664057,2.5775605470650915,2.1891506081042422,0.04571082811101692,2.099559031303148,2.2787421849053366,2.404028549079774,0.2728205821756476,1.8521968347139488,2.955860263445599,2.404028549079774,0.258171333058475,1.8799128789908042,2.9281442191687437,0,1,1,31.899057843400936,0.2891
407,665057,2.571501212585359,2.392448933051356,0.04775700351406291,2.29884692615424,2.486050939948472,2.3940592044418327,0.24701182437185323,1.8944306301431704,2.893687778740495,2.3940592044418327,0.2305573076596382,1.9260029862459478,2.8621154226377175,0,1,1,23.30685343885854,0.2756
408,666057,2.5745489617209505,2.4819984497156047,0.061848155257567546,2.3607782929005308,2.6032186065306786,2.497283052989648,0.3477829244121038,1.7938256896374547,3.2007404163418416,2.497283052989648,0.3189098228971342,1.8498616931292635,3.1447044128500328,1,1,1,26.58779317622148,0.3175
409,667057,2.5746387272821223,2.959118444551639,0.046609458752483277,2.867765584057867,3.0504713050454115,3.095268475846123,0.2663674050323919,2.5564895442933495,3.634047407398896,3.095268475846123,0.23750941733745518,2.6130987246752357,3.57743822701701,0,1,0,25.966507983600497,0.3052
410,668057,2.578002585542494,2.637430497348453,0.059441077645412524,2.5209281259611953,2.7539328687357103,2.7312544424755836,0.33694541235919373,2.0497180163486,3.412790868602567,2.7312544424755836,0.33180643511953384,2.057651567894935,3.404857317056232,1,1,1,31.159914710557157,0.279
411,669057,2.576093473061763,2.445408835832604,0.047975169221340916,2.351379232006561,2.539438439658647,2.6241794120749433,0.2804452539960435,2.056925343249743,3.1914334809001437,2.6241794120749433,0.28126545704302786,2.0531801777889362,3.1951786463609504,0,1,1,34.37160138946597,0.282
412,670057,2.5746456405451834,2.541244307332986,0.05652098968234248,2.430465203185035,2.652023411480937,2.6120053669874808,0.35339456016191273,1.8971973989575952,3.3268133350173663,2.6120053669874808,0.32093931788676067,1.960463913258311,3.2635468207166505,1,1,1,32.242323789660524,0.2833
413,671057,2.5736340074030126,2.1414154546653568,0.045100254109754156,2.053020580916634,2.2298103284140796,2.545478271018918,0.22153564164081807,2.097380140207518,2.9935764018303184,2.545478271018918,0.22103584715501787,2.0967516452819854,2.9942048967558508,0,1,1,24.0196927143027,0.2393
414,672057,2.5764999157619246,2.3608327527366897,0.04697177867716774,2.2687697582396544,2.452895747233725,2.4285107089557965,0.2448377933889073,1.9332795273862173,2.923741890525376,2.4285107089557965,0.2164252408526847,1.9891441116272714,2.8678773062843215,0,1,1,21.22959979383294,0.3101
415,673057,2.5776338048125966,2.23208609876562,0.053899843530993245,2.126444346672529,2.3377278508587107,2.5346301224430183,0.3187958066310444,1.88980473902461,3.1794555058614264,2.5346301224430183,0.31388319545496807,1.897413358805336,3.1718468860807008,0,1,1,33.912602670455094,0.3008
416,674057,2.575113219085162,2.1176140890574127,0.0579242939998366,2.0040845589878233,2.231143619127002,2.0822338535254374,0.3297975548411737,1.4151553338978697,2.749312373153005,2.0822338535254374,0.3156132746043835,1.441504842490026,2.7229628645608486,0,1,1,29.688552535939824,0.3217
417,675057,2.574591845090612,2.0940613961272643,0.04930408738193276,1.9974271605680602,2.1906956316864683,2.1245380735512343,0.26569110395443246,1.5871270900480607,2.6619490570544078,2.1245380735512343,0.2535773900225999,1.609748603641325,2.6393275434611434,0,1,1,26.45179852394326,0.2901
418,676057,2.5756740318384366,2.144187993406832,0.04546530656546616,2.055077629992446,2.233298356821218,2.2870635198773193,0.3132854260268377,1.6533839332729865,2.920743106481652,2.2870635198773193,0.2578286676825286,1.7636434974847952,2.8104835422698433,0,1,1,32.15897227118783,0.3222
419,677057,2.573239376781174,2.611483384877464,0.04786913980761069,2.5176615948836343,2.7053051748712935,2.6958561573867246,0.30981484838865936,2.069196476658418,3.3225158381150313,2.6958561573867246,0.26820511827131027,2.1513708203868167,3.2403414943866324,1,1,1,31.39228120190727,0.1911
420,678057,2.5740935424307785,2.354753042599352,0.05316275170782188,2.250555963932976,2.4589501212657283,2.4950332302595024,0.3417177480735405,1.8038438440157427,3.186222616503262,2.4950332302595024,0.28393864713135686,1.9186071315814583,3.0714593289375465,0,1,1,28.525555698964588,0.3819
421,679057,2.570993722168497,1.7461323993358042,0.04503701286509502,1.657861476148951,1.8344033225226575,1.9022663441408212,0.3408001292173938,1.2129330172254442,2.591599671056198,1.9022663441408212,0.30082488136960617,1.291559367457415,2.5129733208242273,0,1,0,44.615765911279546,0.2265
422,680057,2.5726399980481305,2.641109145600685,0.04979531268098,2.5435121261470535,2.7387061650543165,2.7254339400657637,0.2903784405773274,2.1380881049355693,3.312779775195958,2.7254339400657637,0.2460886596975915,2.225847400961183,3.2250204791703445,1,1,1,24.423408547350057,0.2598
423,681057,2.5745193965950195,2.708341065921752,0.04430285980405508,2.621509056293677,2.795173075549827,2.8923021201328862,0.2289679193973608,2.4291707885881357,3.3554334516776367,2.8923021201328862,0.22251409146542878,2.4405744989014972,3.344029741364275,0,1,1,25.22618149332348,0.2838
424,682057,2.571370595093701,2.3295264383545993,0.04819127624251547,2.235073272550248,2.4239796041589505,2.3748902842253914,0.30653089377109216,1.7548730286838505,2.994907539766932,2.3748902842253914,0.3042564589201183,1.7572168347502846,2.992563733700498,0,1,1,39.86050139277646,0.3056
425,683057,2.573149053235005,2.596797304796161,0.0514563158559477,2.495944778941386,2.697649830650936,2.6797218049041205,0.295055073555989,2.0829165867116433,3.2765270230965977,2.6797218049041205,0.25150385757717525,2.169141829651152,3.190301780157089,1,1,1,23.8897675574052,0.2823
426,684057,2.5742169817433793,2.4384928654791387,0.05768537607335935,2.3254316059407056,2.5515541250175717,2.641019628030816,0.3102035206407623,2.01357378346731,3.2684654725943214,2.641019628030816,0.28797695267896306,2.0563953332438794,3.2256439228177523,0,1,1,24.922063998005942,0.2672
427,685057,2.5725724363561757,2.5527266684535626,0.050284770198133245,2.4541703298943482,2.651283007012777,2.8115580641973956,0.2917808528335166,2.2213755825304595,3.4017405458643317,2.8115580641973956,0.2605477894750634,2.2826179310959684,3.340498197298823,1,1,1,26.84737607086243,0.357
428,686057,2.5764876735262083,2.0119288976131244,0.05540979835440636,1.9033276884478612,2.1205301067783875,2.3190560020615214,0.31999040792646677,1.6718143094497981,2.9662976946732447,2.3190560020615214,0.2772214596038037,1.7562665190387077,2.881845485084335,0,1,1,25.031135560679317,0.2772
429,687057,2.5761854280338436,2.340973051116369,0.05677872821272647,2.229688788731437,2.452257313501301,2.675929606248499,0.2757002381741869,2.118273237841599,3.2335859746553988,2.675929606248499,0.2437115903568078,2.181168774458644,3.170690438038354,0,1,1,18.42387788217256,0.2604
430,688057,2.574782812555807,2.042779228381379,0.05172486193486724,1.9414003618837326,2.1441580948790255,2.031394758693277,0.27117542399989036,1.48289069083158,2.579898826554974,2.031394758693277,0.2625306730846703,1.4984291578551887,2.564360359531365,0,1,0,25.76092325598824,0.2719
431,689057,2.5776737561682426,2.436181967454973,0.05304361643113681,2.332218389640188,2.540145545269758,2.715758280687593,0.3524918773579621,2.0027761609689314,3.4287404004062543,2.715758280687593,0.2879758112562643,2.1311363031119264,3.3003802582632593,0,1,1,29.474454013658164,0.2935
432,690057,2.577156668093699,2.4284694235178534,0.05684170306398602,2.3170617326925207,2.539877114343186,2.6358902422618438,0.3716711948317682,1.8841142912364126,3.387666193287275,2.6358902422618438,0.29488183458145073,2.037248291981035,3.2345321925426527,0,1,1,26.9129854416773,0.2722
433,691057,2.5779487827473235,2.6130710477472094,0.051374981329635264,2.512377934634707,2.713764160859712,2.540352613303799,0.3346918232865892,1.8633745013314669,3.2173307252761307,2.540352613303799,0.3403028399424583,1.849501119930507,3.2312041066770907,1,1,1,43.87607728351131,0.3144
434,692057,2.5737486438176487,2.208252722841733,0.05039453800365156,2.109481243337041,2.307024202346425,2.2864061434461345,0.22851709857140232,1.8241866830926137,2.7486256037996553,2.2864061434461345,0.18370003247654823,1.9134752510956485,2.6593370357966206,0,1,1,13.287752489271535,0.3234
435,693057,2.5730585841895603,2.191897848610765,0.058484723719139174,2.0772698964754768,2.3065258007460536,2.525814723446067,0.35147674324365424,1.8148859062830358,3.2367435406090985,2.525814723446067,0.3049989029491683,1.9066340324613038,3.1449954144308303,0,1,1,27.196415598870193,0.2448
436,694057,2.577486696021114,2.387378570098199,0.053956847308631414,2.2816250926539543,2.4931320475424434,2.649989649359255,0.38826648363895305,1.8646465583481433,3.4353327403703666,2.649989649359255,0.3698944784214341,1.8990639360998764,3.4009153626186333,0,1,1,46.99618069755354,0.2797
437,695057,2.576024541224986,2.1513023307225945,0.053383532465190134,2.0466725297232973,2.2559321317218917,2.335597367247702,0.27684804805446556,1.7756193342180338,2.8955754002773704,2.335597367247702,0.23065526995049868,1.8673422750284716,2.803852459466932,0,1,1,18.668617038030508,0.3306
438,696057,2.574880376391905,2.4201290608206163,0.04775146600107548,2.3265379072495196,2.513720214391713,2.684203048593776,0.2705504461021837,2.136963117850994,3.2314429793365576,2.684203048593776,0.24959613667723524,2.1774959526646644,3.190910144522887,0,1,1,27.321359090130343,0.2245
439,697057,2.57505155173175,2.6059719990546517,0.057223879142595996,2.4938152568794907,2.7181287412298127,2.990852838049678,0.3480270866756194,2.286901609904056,3.6948040661953,2.990852838049678,0.2686942652084064,2.445374479974692,3.5363311961246637,1,1,1,22.047644873500428,0.2827
440,698057,2.573626998291243,2.456552623576345,0.05185989052306659,2.3549091059089444,2.5581961412437457,2.6144600851313435,0.2354756803299697,2.138165564638435,3.090754605624252,2.6144600851313435,0.22725051156258375,2.153117019909196,3.075803150353491,0,1,1,19.202003645256394,0.291
441,699057,2.5740191932100753,2.246371019835518,0.054161828254596624,2.1402157871196645,2.3525262525513715,2.2376997888012315,0.2848565952105501,1.661522940156265,2.813876637446198,2.2376997888012315,0.26592873015837243,1.6978357653571736,2.7775638122452895,0,1,1,24.10703997849041,0.3176
442,700057,2.5730674984590873,2.247330855116348,0.05266242817285425,2.144114392559126,2.3505473176735694,2.4136998891995503,0.28953800238612437,1.8280540007675548,2.9993457776315458,2.4136998891995503,0.2545073810453448,1.8970224371411648,2.9303773412579357,0,1,1,23.356028919998728,0.2406
443,701057,2.577567684958845,2.1370060434756595,0.04218292010228763,2.054329039312445,2.219683047638874,2.366835777082004,0.2532108078781304,1.854668575131737,2.879002979032271,2.366835777082004,0.2530117312381882,1.8531946555550134,2.880476898608995,0,1,1,35.97559917544605,0.3046
444,702057,2.575245305617653,2.2064312736231546,0.06024287275487932,2.088357412698362,2.3245051345479473,2.5115195726699406,0.4304463572907334,1.640859634215075,3.3821795111248063,2.5115195726699406,0.36268404510706165,1.7752318172481898,3.2478073280916915,0,1,1,36.24478723293836,0.2459
445,703057,2.575475922028774,2.5951733620885102,0.048810669668742854,2.4995062074764927,2.690840516700528,2.8358905594477952,0.268086100218933,2.2936352387468943,3.378145880148696,2.8358905594477952,0.2620421485410072,2.3039167161589424,3.367864402736648,1,1,1,28.821247248060246,0.2884
446,704057,2.5752856861857296,2.6804117866082957,0.05373620690822087,2.5750907564023904,2.785732816814201,2.858335619366289,0.3003778935445342,2.250763981513991,3.4659072572185874,2.858335619366289,0.28141138472535304,2.2870401361354427,3.4296311025971358,1,1,1,27.425168928214052,0.303
447,705057,2.5744917102294087,2.3853966741577435,0.04852459400398004,2.290290217545514,2.4805031307699728,2.5327903534163725,0.3442879784736395,1.8364021854799302,3.229178521352815,2.5327903534163725,0.2914289061023978,1.94115822061657,3.124422486216175,0,1,1,36.06960874609091,0.2961
448,706057,2.5726775073821826,2.332445684251469,0.05564051547284079,2.2233922778434576,2.4414990906594807,2.7720292248926235,0.30540233080004486,2.1542947034253097,3.3897637463599373,2.7720292248926235,0.2778898690104975,2.207882798633963,3.336175651151284,0,1,1,24.943830030313258,0.2625
449,707057,2.5690007030033786,2.566733378043245,0.051858762948167776,2.465092070382036,2.6683746857044537,2.6461138983104266,0.332051580220087,1.9744761820153987,3.317751614605455,2.6461138983104266,0.32956208860918046,1.9770672893741876,3.3151605072466657,1,1,1,40.385939237011115,0.3305
450,708057,2.5744524342432817,2.8340465663957075,0.049288426705832056,2.7374430251976345,2.9306501075937805,3.0632238029252616,0.2979309600591847,2.460601555215714,3.6658460506348094,3.0632238029252616,0.25587175777952503,2.5437765188416965,3.5826710870088267,0,1,1,26.949753302990093,0.1885
451,709057,2.579460912651013,1.9716628107685317,0.04560835438943619,1.8822720787710974,2.0610535427659658,2.189564514054594,0.2097400956359072,1.7653251270442025,2.613803901064985,2.189564514054594,0.2042007673576379,1.7750149172870495,2.604114110822138,0,1,1,20.045917300838177,0.3482
452,710057,2.5732168625682537,2.6217833724562816,0.054377643244365094,2.5152051501331583,2.728361594779405,2.8071745767960654,0.27704205520918646,2.246804127256121,3.3675450263360096,2.8071745767960654,0.2636437608882098,2.271949287583173,3.3423998660089578,1,1,1,23.506839078134654,0.2136
453,711057,2.5771875394703354,2.2019379089346796,0.05115524633432474,2.1016754684991286,2.3022003493702305,2.1276304934608157,0.28683919966908267,1.5474434487795508,2.7078175381420806,2.1276304934608157,0.254867945134623,1.6102210573861442,2.6450399295354874,0,1,1,24.822760343348882,0.3264
454,712057,2.5754279311976043,2.308845184206956,0.05441251171693922,2.2021986209333915,2.415491747480521,2.539874543149493,0.38176511132043106,1.7676817188948342,3.3120673674041523,2.539874543149493,0.30094364978466426,1.928926453765052,3.1508226325339344,0,1,1,30.589531114563414,0.2927
455,713057,2.570606542620939,2.352241273067798,0.04279210882562423,2.268370280947056,2.43611226518854,2.45026325442003,0.2866913465423248,1.8703752709157573,3.0301512379243025,2.45026325442003,0.2455005768558392,1.9518705869549584,2.9486559218851016,0,1,1,32.91377190727503,0.305
456,714057,2.573413363463475,2.446798930429232,0.04902240224706346,2.350716787589352,2.542881073269112,2.6881125710673355,0.3388854571839526,2.0026520338888485,3.3735731082458225,2.6881125710673355,0.2864423790834405,2.106603626303153,3.269621515831518,0,1,1,34.14171761085934,0.2938
457,715057,2.5747423611932225,2.1063061636702676,0.04473165986169097,2.0186337213726575,2.1939786059678776,1.999798843521655,0.27407557308450414,1.4454286704397568,2.554169016603553,1.999798843521655,0.2701539741549535,1.4513571187413457,2.5482405683019644,0,0,0,36.474781053978425,0.2479
458,716057,2.5759125738741786,1.9030387687096755,0.05659173610098042,1.7921210041291586,2.0139565332901923,2.0382307136333226,0.3684534937250745,1.292963177419793,2.7834982498468523,2.0382307136333226,0.34618816501718785,1.3354313751654918,2.7410300521011535,0,1,1,37.42125935957497,0.3189
459,717057,2.5746837645619,2.8874255507552036,0.04832830212159973,2.7927038191628974,2.9821472823475097,3.0099035406138457,0.26977975813289007,2.4642224734287357,3.5555846077989557,3.0099035406138457,0.25258117351798015,2.497136497728219,3.5226705834994725,0,1,1,27.3148536525699,0.2957
460,718057,2.572141706385026,2.5865549332550923,0.045978373977135424,2.4964389761921932,2.6766708903179914,2.685284368636237,0.32411721428268303,2.029695422279045,3.340873314993429,2.685284368636237,0.27737603116486953,2.1221810886618213,3.2483876486106524,1,1,1,36.39407139587495,0.2672
461,719057,2.5745150059237427,2.3782974001016672,0.05283850152840225,2.274735840108934,2.4818589600944003,2.6263425117798915,0.2884315769114514,2.0429345801092142,3.209750443450569,2.6263425117798915,0.24324477101505865,2.132529373636782,3.120155649923001,0,1,1,21.192687815206984,0.2762
462,720057,2.5783721678292393,2.6692850807572595,0.05458394735021202,2.5623025098168135,2.7762676516977054,2.9545385925764296,0.31226040064715116,2.3229323155003962,3.586144869652463,2.9545385925764296,0.2829050519935127,2.380210803582324,3.528866381570535,1,1,1,26.86281537259628,0.2607
463,721057,2.576573142249693,2.578698583167687,0.05671155676603152,2.4675459743990666,2.6898511919363077,2.715680187740011,0.3357834940758162,2.03649396317464,3.3948664123053818,2.715680187740011,0.3353168364482813,2.0349508195905317,3.3964095558894902,1,1,1,34.95969073869332,0.2889
464,722057,2.5731614844914743,2.047187287732081,0.05512136482649393,1.9391513978934598,2.155223177570702,2.4305921559849555,0.26066040800135004,1.9033567155075475,2.9578275964623635,2.4305921559849555,0.2181141593204487,1.9877968718848542,2.8733874400850565,0,1,1,15.65769375400617,0.3314
465,723057,2.5734155374181635,2.77774207734958,0.05364478681015172,2.672600227243353,2.882883927455807,3.0020240417171844,0.2537230468095058,2.488820738731535,3.5152273447028337,3.0020240417171844,0.21940967897818928,2.5565987128886998,3.447449370545669,0,1,1,16.728481354491272,0.2831
466,724057,2.5766854918662316,2.4790765980858036,0.05461887760945765,2.3720255650952655,2.5861276310763417,2.6992568299321023,0.3184602545176212,2.055110164726714,3.3434034951374905,2.6992568299321023,0.3010846991597984,2.0880223950929264,3.310491264771278,1,1,1,30.38728006479494,0.2256
467,725057,2.5750197559160446,2.399429109500916,0.049861905380118324,2.30170157075534,2.497156648246492,2.353824770282974,0.2574318959697549,1.8331196117771031,2.8745299287888453,2.353824770282974,0.24992042537992784,1.8464593332874846,2.861190207278464,0,1,1,25.122668184407804,0.2618
468,726057,2.575073182752886,2.3262558696949784,0.04964609524769661,2.228951311036448,2.423560428353509,2.442548893927468,0.30745465594369736,1.8206631530271251,3.064434634827811,2.442548893927468,0.31074893495016653,1.811695017389785,3.073402770465151,0,1,1,39.17861735754816,0.248
469,727057,2.579301356768196,2.138032406636377,0.049793478688093896,2.04043898174275,2.2356258315300037,2.4494732006838777,0.3428670900842104,1.7559590507911194,3.142987350576636,2.4494732006838777,0.3130547412904852,1.8139382884137039,3.0850081129540516,0,1,1,39.527162122859444,0.3264
470,728057,2.573954057137942,2.3931219861919772,0.04257082142085261,2.30968470941482,2.4765592629691344,2.4212205284940747,0.20462722731131666,2.0073228938191763,2.835118163168973,2.4212205284940747,0.20420710604580827,2.0066580635054208,2.8357829934827286,0,1,1,23.01005417113161,0.2813
471,729057,2.575121704899755,1.9938255460399197,0.05385113736778885,1.8882792562725346,2.099371835807305,2.245222568712225,0.35682367440643664,1.5234785624361722,2.9669665749882776,2.245222568712225,0.30410843183462144,1.6278496301969811,2.8625955072274687,0,1,1,31.890928430267515,0.2679
472,730057,2.5759226767696997,2.610530753821042,0.03803424172729324,2.5359850098562564,2.6850764977858272,2.6955761521498403,0.2059953076681005,2.2789113137593944,3.112240990540286,2.6955761521498403,0.19070691112619426,2.30842053990042,3.0827317643992607,1,1,1,25.141045802022592,0.3439
473,731057,2.5735790221167028,2.735311055828688,0.05322601413044573,2.6309899850923943,2.839632126564982,2.7922716081356187,0.3454815481809741,2.09346921758972,3.4910739986815176,2.7922716081356187,0.3100115051856382,2.162914793609432,3.4216284226618052,0,1,1,33.92405304335201,0.3542
474,732057,2.574982117534397,2.22588347053397,0.055401602518957066,2.117298324911011,2.3344686161569292,2.586878957461042,0.31853687183847545,1.9425773190964444,3.2311805958256397,2.586878957461042,0.30209399531083586,1.9735955425036924,3.200162372418392,0,1,1,29.733054826740336,0.2533
475,733057,2.5727716196682318,2.9032623967180458,0.049368352093500587,2.806502204638692,3.0000225887973997,3.1290658799583997,0.31351074440341975,2.494930543919637,3.7632012159971624,3.1290658799583997,0.2657186324717941,2.5896283774935718,3.6685033824232276,0,1,0,28.969883968444407,0.3444
476,734057,2.575124161624439,2.1716243058434754,0.05239116104700848,2.068939517083101,2.27430909460385,2.3675202145057854,0.32357977203729593,1.713018347698382,3.022022081313189,2.3675202145057854,0.26798456870280973,1.8234826169334628,2.911557812078108,0,1,1,26.163963085078702,0.3267
477,735057,2.5753839323474272,2.0652775592708394,0.04106451912891851,1.984792580735703,2.1457625378059757,2.1186924569596615,0.26139768316958567,1.5899657366938946,2.6474191772254283,2.1186924569596615,0.23533543517604877,1.6409361242105203,2.5964487897088024,0,1,1,32.842874986127406,0.3404
478,736057,2.5762628926940727,2.6655576657849,0.05018345445512042,2.5671999024330576,2.763915429136742,2.868227302835357,0.27288529065436007,2.3162647032171906,3.420189902453523,2.868227302835357,0.24856981505675593,2.3636037505649155,3.3728508551057983,1,1,1,24.53441300065176,0.2885
479,737057,2.570407282326415,2.295215605201583,0.04528318974418842,2.20646218419788,2.3839690262052855,2.4720200875704306,0.23790845964024962,1.9908048064561656,2.9532353686846955,2.4720200875704306,0.22594326418779437,2.0133308756080277,2.9307092995328334,0,1,1,24.895724853243433,0.3459
480,738057,2.5754952875770187,2.465001688290026,0.0463287314604461,2.3741990431781237,2.555804333401928,2.898458223991682,0.29888630303506986,2.2939036127192907,3.503012835264073,2.898458223991682,0.2576879701903756,2.3753238326934625,3.421592615289901,0,1,1,30.9376606540315,0.2735
481,739057,2.572644609142804,2.38745506591435,0.05533643721967317,2.2789976419310287,2.4959124898976714,2.470274168267068,0.3252782188335975,1.8123368685466201,3.128211467987516,2.470274168267068,0.30235424458355437,1.8564624191978512,3.084085917336285,0,1,1,29.854496518600723,0.2629
482,740057,2.5735761754732756,2.6868586362204185,0.05549960896398477,2.578081401494952,2.795635870945885,2.8275528441639373,0.34693063561920173,2.125819397614396,3.5292862907134785,2.8275528441639373,0.33697497324361275,2.143457279360132,3.5116484089677424,0,1,1,36.865102740555415,0.2496
483,741057,2.574663370884699,2.8916863095698644,0.0445002921899566,2.8044673395760404,2.9789052795636883,3.1039844919491832,0.2450660453856426,2.6082916271383274,3.599677356760039,3.1039844919491832,0.21354525769939406,2.670464571253381,3.5375044126449855,0,0,0,23.02788953204332,0.2324
484,742057,2.5731740779116024,2.335240053781935,0.04742864023384984,2.2422816270878823,2.428198480475988,2.5949859335883163,0.3104909494821797,1.9669587093171188,3.223013157859514,2.5949859335883163,0.3104723488402352,1.9646935567052488,3.225278310471384,0,1,1,42.85134985262289,0.3736
485,743057,2.57485457335435,2.430612218942143,0.05444560759361392,2.323900788942259,2.537323648942027,2.574116871555174,0.32515795235084066,1.916422833757383,3.2318109093529648,2.574116871555174,0.29767276638133816,1.9698090285002072,3.1784247146101405,0,1,1,29.891830406571714,0.3449
486,744057,2.579350200522301,2.2832859799706102,0.04815232198373821,2.188909163110507,2.3776627968307134,2.6512225801032674,0.26944729854898686,2.1062139758997978,3.196231184306737,2.6512225801032674,0.26230140753161585,2.11872241308211,3.183722747124425,0,1,1,29.67336327193596,0.263
487,745057,2.5751650107709394,2.2446244368565065,0.048355675321987236,2.1498490547772993,2.3393998189357137,2.5470318420951243,0.2643432985539731,2.0123470523374367,3.081716631852812,2.5470318420951243,0.2304715669310568,2.0791496868321064,3.0149139973581423,0,1,1,22.71641547727014,0.2914
488,746057,2.574007853630857,2.0030108821543506,0.050596117458578845,1.903844314177978,2.1021774501307235,2.0614560620216418,0.23192199145322015,1.5923495557523704,2.530562568290913,2.0614560620216418,0.2265734564372755,1.6014874917772453,2.5214246322660383,0,0,0,20.053199560333294,0.3526
489,747057,2.577294628159244,2.101635858723837,0.052867879668553455,1.9980167186344746,2.205254998813199,2.22863201988018,0.2775197758733767,1.6672952890904642,2.7899687506698956,2.22863201988018,0.269845139804335,1.6808172621635773,2.7764467775967825,0,1,1,26.052260678143732,0.2864
490,748057,2.5748026750189013,2.740893432553195,0.0446464567522446,2.65338798528147,2.8283988798249196,2.69408242720938,0.2783280772924542,2.1311107524786435,3.257054101940117,2.69408242720938,0.2572666370254835,2.1718033877096428,3.2163614667091176,0,1,1,33.20419403161516,0.1996
491,749057,2.5762538702474713,2.218913426278014,0.05009718569615979,2.1207247465867254,2.3171021059693024,2.557722012431923,0.25407431945908143,2.0438081934475196,3.0716358314163266,2.557722012431923,0.22210337400431107,2.1068281919746203,3.008615832889226,0,1,1,19.65547997856522,0.2813
492,750057,2.571716534007424,2.324044805032515,0.05196938143349483,2.2221866891240407,2.4259029209409895,2.521684749412797,0.33661857931645744,1.8408094055137245,3.20256009331187,2.521684749412797,0.30106010443467857,1.91050024452008,3.1328692543055143,0,1,1,33.55917845787736,0.3361
493,751057,2.5723785418817053,2.3239937458486333,0.051811882825905785,2.2224443215386485,2.425543170158618,2.4713895485462625,0.3000520770139159,1.8644769368320442,3.0783021602604808,2.4713895485462625,0.2540241970031989,1.9556930122426415,2.9870860848498832,0,1,1,24.037617768399482,0.3171
494,752057,2.575586990056478,2.6620513807953534,0.051899118058161435,2.560330978571965,2.763771783018742,2.8706704044257036,0.370095551217464,2.1220814934321393,3.619259315419268,2.8706704044257036,0.2871574278931968,2.2877098334037487,3.4536309754476586,1,1,1,30.614005348500644,0.2944
495,753057,2.573705158208445,2.6031202610910213,0.060469307940998016,2.4846025953566033,2.7216379268254394,2.4817594571623482,0.37979178873890035,1.713558054575655,3.2499608597490415,2.4817594571623482,0.3847922066127004,1.7005897477889613,3.262929166535735,1,1,1,40.493241024302726,0.2523
496,754057,2.576065323277432,2.7423937086551358,0.04854741114344677,2.6472425312713215,2.83754488603895,2.8070155174821974,0.2832908723219048,2.2340056423073875,3.380025392657007,2.8070155174821974,0.2560566347165507,2.2871929132630258,3.326838121701369,0,1,1,27.818897588865177,0.3271
497,755057,2.5758670074839434,2.0894107118765173,0.051182497307395054,1.9890948605152046,2.18972656323783,2.3635160320283486,0.3274759774344458,1.701133345941532,3.0258987181151653,2.3635160320283486,0.29950603366495426,1.755486458526311,2.971545605530386,0,1,1,34.242716255447036,0.2995
498,756057,2.5759370182065635,2.610051157162813,0.04749288946889864,2.51696680428203,2.703135510043596,2.7938574546345345,0.27126487903033225,2.2451724468950114,3.3425424623740576,2.7938574546345345,0.23392327870351357,2.318967951936217,3.268746957332852,1,1,1,24.25993870025437,0.3069
499,757057,2.574245785900351,2.0526714561399553,0.0491311966312297,1.9563760802253893,2.148966832054521,2.216127296192365,0.27510677455299215,1.6596713212634278,2.7725832711213023,2.216127296192365,0.26091001803377156,1.6864518000220654,2.7458027923626647,0,1,1,28.201150476653336,0.3104
500,758057,2.574931973169827,2.0810692681730614,0.053125890047328726,1.9769444370336622,2.1851940993124606,2.4947560223244865,0.3167349323119908,1.854099150678565,3.135412893970408,2.4947560223244865,0.26291220234400753,1.9610158759121585,3.0284961687368144,0,1,1,24.49114266313566,0.2572
501,759057,2.573117059085268,2.0593322047741283,0.05327454225250337,1.9549160206663643,2.163748388881892,2.3547000920931835,0.342029570234651,1.6628799859954795,3.046520198190888,2.3547000920931835,0.28822436090670667,1.7695735319015902,2.939826652284777,0,1,1,29.269945653768083,0.32
502,760057,2.571408953841596,2.3431529520246275,0.05480221334337807,2.235742587598526,2.450563316450729,2.599994350730439,0.34254956700275213,1.9071224518914485,3.2928662495694296,2.599994350730439,0.30999270020234826,1.9706757123499203,3.2293129891109578,0,1,1,31.99681394752615,0.2714
503,761057,2.5717893180489133,2.346265185973502,0.059994237138171855,2.22867864190273,2.4638517300442744,2.6011511059296857,0.43711983974804913,1.7169927751033829,3.4853094367559887,2.6011511059296857,0.3083764945629511,1.9751135394313901,3.2271886724279812,0,1,1,26.42064792963897,0.2898
504,762057,2.572001644108232,1.7917488849393806,0.05654279962516819,1.680927034088986,1.9025707357897752,2.010744777859661,0.26092377109850934,1.4829766352369562,2.5385129204823658,2.010744777859661,0.2509386884913924,1.5013121568485424,2.5201773988707794,0,0,0,19.696117732859637,0.2859
505,763057,2.5746279491306447,2.556457085518743,0.053565190818509294,2.4514712406894494,2.661442930348037,2.619749723115902,0.3383307577516981,1.9354111714423854,3.3040882747894185,2.619749723115902,0.32741470140856016,1.9550625419606655,3.2844369042711383,1,1,1,37.36207941650311,0.2956
506,764057,2.575352298832981,2.790645884068144,0.052766131559982374,2.6872261666070765,2.8940656015292117,2.6287138965363734,0.3068585430227413,2.008033907828565,3.249393885244182,2.6287138965363734,0.31385506743698677,1.9915542358110008,3.265873557261746,0,1,1,35.37918125583114,0.2716
507,765057,2.57463350122291,2.2746865037962194,0.048689655152649246,2.1792565332773517,2.370116474315087,2.391867472707707,0.2735428507449252,1.8385748322649762,2.945160113150438,2.391867472707707,0.2259250028577022,1.9332153332163047,2.85051961219911,0,1,1,21.530553547205017,0.3045
508,766057,2.574616412492709,2.1145633022976362,0.053699250437911385,2.009314705442533,2.2198118991527394,2.521832777292727,0.36521372694919324,1.783118287919809,3.260547266665645,2.521832777292727,0.2987164718185545,1.9154060995549096,3.1282594550305443,0,1,1,30.944387792519105,0.2298
509,767057,2.5757724923608767,2.3470952057746874,0.05766443044021415,2.2340749989228526,2.4601154126265223,2.5714839530797886,0.31199873441082615,1.9404069459240498,3.2025609602355276,2.5714839530797886,0.2839539342785649,1.9950268198429972,3.14794108631658,0,1,1,24.248214610212607,0.3197
510,768057,2.5799926699928086,2.4371771262556297,0.05399383405259499,2.331351156125311,2.5430030963859482,2.7129563444149616,0.2835388943214002,2.1394447973938027,3.2864678914361205,2.7129563444149616,0.27007319397403057,2.1646786121203894,3.261234076709534,0,1,1,25.019269561781158,0.2723
511,769057,2.570728453790487,2.2788516384968216,0.054143279765640685,2.17273276015129,2.3849705168423534,2.010844728476171,0.3023920709512694,1.3991990322719265,2.6224904246804153,2.010844728476171,0.2938474592841971,1.4143026716871028,2.6073867852652395,0,1,1,29.454710608290643,0.2878
512,770057,2.574817918706628,2.0945916880841002,0.04789098124618731,2.00072708965729,2.1884562865109105,2.1594128763120235,0.341750169853254,1.4681579108288259,2.850667841795221,2.1594128763120235,0.3075034695079272,1.5351476448994932,2.783678107724554,0,1,1,41.228028679810315,0.307
513,771057,2.576343017358234,2.4463555062844913,0.06345144304233921,2.3219929631544116,2.570718049414571,2.6132893977869442,0.29717625301412653,2.0121936891647234,3.214385106409165,2.6132893977869442,0.2790814696704865,2.046723893581132,3.1798549019927567,0,1,1,19.34545709761983,0.3124
514,772057,2.577104037473875,2.4738098599955967,0.04698025676782833,2.381730248746209,2.5658894712449842,2.833273431425362,0.29137803046601557,2.2439057349035574,3.4226411279471662,2.833273431425362,0.25711139031364455,2.3113095595061637,3.35523730334456,0,1,1,29.951036849265886,0.3227
515,773057,2.574321811414867,2.4317071550319445,0.05716555164845569,2.319664732644607,2.5437495774192818,2.3010897052978776,0.34320807265298203,1.606885853059374,2.9952935575363813,2.3010897052978776,0.26927596994968767,1.7544304238157156,2.8477489867800396,0,1,1,22.188421139178057,0.2991
516,774057,2.575685499410232,2.4821243462434683,0.054936586779873564,2.374450614721357,2.58979807776558,2.641582073328697,0.31023456264351207,2.0140734403880893,3.2690907062693046,2.641582073328697,0.3054379927553832,2.021509982647123,3.261654164010271,1,1,1,30.911691306644805,0.278
517,775057,2.5777049831407397,2.70172783580258,0.04677537756783265,2.6100497804063654,2.7934058911987947,2.968906445294635,0.2753479722071308,2.411962602060737,3.5258502885285328,2.968906445294635,0.24874176157274674,2.4639338230388454,3.4738790675504245,0,1,1,28.278919246281113,0.2688
518,776057,2.57732791852734,2.3699353363215034,0.05623531747335923,2.2597161394145435,2.4801545332284634,2.592411145974129,0.40226910550661643,1.7787450788545864,3.4060772130936714,2.592411145974129,0.3392590167176081,1.9036787264052974,3.2811435655429606,0,1,1,36.39523228431631,0.2766
519,777057,2.576953285536991,2.8075717419217403,0.057047341775160104,2.695761006628679,2.9193824772148016,2.8243130205310427,0.3417003069286692,2.1331589123326493,3.515467128729436,2.8243130205310427,0.3330783657215993,2.148127989550957,3.5004980515111286,0,1,1,34.08960940890174,0.3
520,778057,2.573499428869605,2.259644193242495,0.045051634342835004,2.171344612485871,2.3479437739991194,2.4161349890737993,0.23780601616728628,1.9351269194421143,2.8971430587054843,2.4161349890737993,0.23013146489372505,1.9489432776531828,2.8833267004944156,0,1,1,26.093413877201385,0.2832
521,779057,2.571867925650497,2.138699357585382,0.05830588801016839,2.0244219169988265,2.2529767981719377,2.219777728948422,0.32139822529233475,1.5696884569336875,2.869867000963157,2.219777728948422,0.3244354783679165,1.5611386921080226,2.8784167657888218,0,1,1,30.962202865690152,0.3073
522,780057,2.5749258788164764,2.7406607395158367,0.05202278184594005,2.63869796072221,2.8426235183094635,2.8808575440109205,0.30629937508155197,2.2613085792205316,3.5004065088013094,2.8808575440109205,0.277915460522373,2.316659164221106,3.445055923800735,0,1,1,28.5389684413905,0.268
523,781057,2.5733672188043526,2.310870869362725,0.05186396732429596,2.209219361311743,2.412522377413707,2.3350280321601313,0.3516340658924777,1.6237809999038086,3.046275064416454,2.3350280321601313,0.3166136607476495,1.6922681292839639,2.977787935036299,0,1,1,37.26729133060716,0.2877
524,782057,2.575406744027681,2.675750288438193,0.04785063995916801,2.581964757481031,2.7695358193953554,2.679298929852802,0.26564061105507397,2.1419900778786873,3.2166077818269168,2.679298929852802,0.22048701630133005,2.2316864899832094,3.1269113697223947,0,1,1,21.231982134737162,0.3226
525,783057,2.5728911511918215,2.3138925445219627,0.04796488398366612,2.219883099391335,2.4079019896525904,2.569805724124172,0.29839018956711877,1.966254597058713,3.173356851189631,2.569805724124172,0.28879174133914365,1.9835273204183541,3.1560841278299896,0,1,1,36.25122962027352,0.2707
526,784057,2.57349129431539,2.236184363191722,0.05761240726094787,2.1232661198976106,2.349102606485834,2.520409672781144,0.33456107094763143,1.8436960323775955,3.197123313184693,2.520409672781144,0.28564787107858974,1.9405136650166672,3.100305680545621,0,1,1,24.582720263289197,0.2817
527,785057,2.5757660979351615,1.9782627211397936,0.0466127060576769,1.8869034960447948,2.0696219462347925,2.28678934390121,0.30645912373160694,1.6669172569668664,2.9066614308355536,2.28678934390121,0.2780227086890792,1.722373238757875,2.851205449044545,0,1,1,35.57557334203338,0.2801
528,786057,2.5746275559602148,2.6888934652586074,0.050831231161262015,2.5892660828927037,2.788520847624511,2.866827649917413,0.3059377567857165,2.2480101271705295,3.4856451726642965,2.866827649917413,0.27908961643344277,2.300245606903534,3.433409692931292,0,1,1,30.145750487818358,0.2548
529,787057,2.5760058725521704,2.5734818209799704,0.04891077591919048,2.477618461722448,2.669345180237493,2.6487220319849043,0.29922752102265254,2.043477242187276,3.2539668217825324,2.6487220319849043,0.2884439068404032,2.0631497698526986,3.23429429411711,1,1,1,34.778723150110565,0.2724
530,788057,2.5720405734724845,2.0167832743158756,0.04779796043996217,1.9231009933190795,2.110465555312672,2.2653634211723217,0.2630761540413919,1.7332416731146063,2.797485169230037,2.2653634211723217,0.22743184498028005,1.8036522295412523,2.727074612803391,0,1,1,22.640385533884036,0.3525
531,789057,2.5768571990143205,2.624681718501396,0.05200599772520243,2.522751835979927,2.726611601022865,2.961384155137888,0.3849110230418933,2.1828281238089904,3.739940186466786,2.961384155137888,0.3116960116089485,2.328607610766551,3.5941606995092252,1,1,1,35.92159607362135,0.3585
532,790057,2.573372751055096,2.220748401644702,0.0510747524220679,2.120643726378149,2.3208530769112548,2.61411630317003,0.35213063034709374,1.9018648745001427,3.3263677318399174,2.61411630317003,0.2740950442440196,2.0576737807561174,3.1705588255839428,0,1,1,28.79982352111832,0.262
533,791057,2.574012075454923,2.639376037103882,0.05172297826456855,2.5380008625321797,2.7407512116755846,2.5289300362852174,0.2668013159579691,1.9892734370431744,3.0685866355272604,2.5289300362852174,0.25969571324020435,2.001719709903651,3.056140362666784,1,1,1,25.20940024684795,0.3179
534,792057,2.5735631780197528,2.4244999952156823,0.04850162962356158,2.329438547962001,2.5195614424693638,2.8052917893557896,0.29542190565522747,2.2077445832070044,3.402838995504575,2.8052917893557896,0.2712469624864886,2.254631180298146,3.355952398413433,0,1,1,31.276424955502495,0.2896
535,793057,2.5757595428363187,2.576358718740036,0.05253387014441536,2.4733942252884775,2.679323212191594,2.5637843149737254,0.2189621113733277,2.1208916404668177,3.006676989480633,2.5637843149737254,0.21822799294525597,2.1207579363294013,3.0068106936180494,1,1,1,17.256079161969453,0.3263
536,794057,2.5755011334735736,2.2236200571454567,0.056880252119248145,2.1121368115601724,2.335103302730741,2.3926740471632715,0.31994424725959025,1.7455257233133021,3.0398223710132406,2.3926740471632715,0.3009182887093782,1.7817774434988372,3.003570650827706,0,1,1,27.98814668046957,0.3086
537,795057,2.575364208517298,2.5159717925585032,0.05793736875648197,2.4024166364367825,2.629526948680224,2.659677756148525,0.3465525610124208,1.958709037673216,3.360646474623834,2.659677756148525,0.3111440158389722,2.0280218227661773,3.2913336895308727,1,1,1,28.84067164293693,0.2803
538,796057,2.576772808972668,2.5559573315458888,0.05527363021894114,2.4476230070219795,2.664291656069798,2.8950329644298516,0.3401424959153857,2.20702982642316,3.583036102436543,2.8950329644298516,0.30962663150016223,2.266457485023925,3.523608443835778,1,1,1,31.379111217313586,0.2555
539,797057,2.5728577679345883,2.2856681248070405,0.047565285726546634,2.192441877868652,2.378894371745429,2.373413473908217,0.26635567961198964,1.834658259256825,2.9121686885596088,2.373413473908217,0.2579034964083369,1.8498415411261684,2.8969854066902654,0,1,1,29.399113846330362,0.2332
540,798057,2.5755450678416927,2.4457372411554577,0.06094591423850386,2.326285444243123,2.565189038067792,2.8936626405905117,0.34339012818334647,2.1990905462837977,3.5882347348972257,2.8936626405905117,0.3452127805278268,2.192843437907625,3.5944818432733983,0,1,1,32.08370683568725,0.2881
541,799057,2.5747429388449414,2.1436633183759684,0.05108189686551844,2.0435446402575628,2.243781996494374,2.3214567520184306,0.3426834799261624,1.6283139887251825,3.0145995153116787,2.3214567520184306,0.2992405175048307,1.7139662049781383,2.9289472990587226,0,1,1,34.31679832843903,0.3881
542,800057,2.575984297262907,2.023908388099777,0.05739223872403442,1.9114216672085442,2.1363951089910094,2.1906105315877866,0.4027335969846073,1.3760049417732774,3.005216121402296,2.1906105315877866,0.36795845352520123,1.4436151578195404,2.937605905356033,0,1,1,41.104676845908465,0.2743
543,801057,2.5754307838248565,1.9759367836751132,0.03836175943661392,1.9007491167957604,2.051124450554466,2.1593117477851576,0.26924470936359307,1.6147129188874814,2.7039105766828335,2.1593117477851576,0.2270307062376019,1.6984149110959275,2.620208584474388,0,1,1,35.0245178203184,0.2917
544,802057,2.5739713060824965,2.579972815919049,0.054116711315697646,2.4739060107785305,2.6860396210595674,2.819301806000866,0.28074972411013355,2.2514318882404734,3.3871717237612584,2.819301806000866,0.27488095396398443,2.2612638020335636,3.377339809968168,1,1,1,25.800403946983092,0.3339
545,803057,2.570659123679914,2.148900967322823,0.057841152739718904,2.0355343911286936,2.2622675435169524,2.2637625528619543,0.3507998236435606,1.5542029348276274,2.973322170896281,2.2637625528619543,0.35146808360972925,1.5502444097988888,2.9772806959250198,0,1,1,36.923078836665226,0.3082
546,804057,2.5719006449881525,1.9723705334785637,0.05210785214106274,1.8702410199703423,2.074500046986785,2.0437308655068036,0.2878175380881057,1.4615649445886578,2.625896786424949,2.0437308655068036,0.2831958624252643,1.4688126999495812,2.618649031064026,0,1,1,29.537073487042814,0.3352
547,805057,2.577678169560855,2.064726009152101,0.04374091824215611,1.978995384746764,2.150456633557438,1.9089698592908229,0.2768295336995365,1.34902927507876,2.4689104435028857,1.9089698592908229,0.2719862602699446,1.356808395941647,2.4611313226399987,0,0,0,38.66501113995628,0.2589
548,806057,2.574003188741836,2.043471898642847,0.045712589474756524,1.9538768696322595,2.1330669276534344,2.361360365931248,0.27362925107280966,1.8078929643298167,2.914827767532679,2.361360365931248,0.26334518463985473,1.8267412187273284,2.8959795131351673,0,1,1,33.1878498266561,0.286
549,807057,2.5749520021791996,2.52868371033311,0.05526763060945444,2.420361144827716,2.6370062758385044,2.670840305077129,0.2730116861121387,2.11862204651418,3.223058563640078,2.670840305077129,0.26816780428671805,2.1264307194931766,3.2152498906610814,1,1,1,23.543530017228047,0.3277
550,808057,2.5765456048225412,2.184272769156175,0.060451912357169055,2.065789198139552,2.3027563401727984,2.7555457403699553,0.36464833657358914,2.017974860976048,3.4931166197638626,2.7555457403699553,0.34674952197364933,2.0516067866942334,3.459484694045677,0,1,1,32.901193620677006,0.2374
551,809057,2.57508583259291,2.719254410095084,0.057731932669854304,2.606101901304278,2.83240691888589,3.215093494123472,0.31014100724342314,2.5877740948411447,3.842412893405799,3.215093494123472,0.26934187074650834,2.6683004269112063,3.7618865613357375,0,0,0,21.765845974697648,0.2661
552,810057,2.571775013644408,2.719639668878538,0.060974467598951095,2.6001319084080894,2.8391474293489862,2.7429579611047945,0.4071307999604294,1.9194581887575313,3.566457733452058,2.7429579611047945,0.3273869013190298,2.0783272171317195,3.4075887050778695,0,1,1,28.828799977581397,0.2548
553,811057,2.5730424028687993,2.524127408475262,0.05244310566502558,2.4213408101343834,2.6269140068161407,2.896182266836181,0.3246658207466737,2.239483659165602,3.5528808745067604,2.896182266836181,0.3184499098130831,2.249694580174035,3.5426699534983275,1,1,1,36.87274375648474,0.3083
554,812057,2.5742326930454515,2.4597126548960895,0.05193285304433502,2.3579261333147814,2.5614991764773976,2.939878939567178,0.35329318453191216,2.2252760231036075,3.6544818560307486,2.939878939567178,0.26748686151730494,2.3968517412980956,3.4829061378362605,0,1,1,26.52897960629483,0.2752
555,813057,2.574867295491538,2.793156724564264,0.04607835765762785,2.702844803088558,2.8834686460399697,2.8954257350074553,0.21439803724067172,2.4617647718070454,3.329086698207865,2.8954257350074553,0.20906954824016455,2.4709919875693798,3.3198594824455308,0,1,1,20.58673996123595,0.3475
556,814057,2.5753986346859667,2.412488849723651,0.04438966974692987,2.325486695734041,2.499491003713261,2.2871830529737327,0.27895879213103036,1.7229356370658755,2.85143046888159,2.2871830529737327,0.27617701352341406,1.726513908219348,2.8478521977281175,0,1,1,38.70893565829086,0.2549
557,815057,2.5751931719906316,1.8878937387636858,0.04712012120480395,1.795539998255108,1.9802474792722637,1.786034928727045,0.2806253330080956,1.2184166157192777,2.353653241734812,1.786034928727045,0.27363112651841126,1.2305342093659457,2.3415356480881444,0,0,0,33.72237853265844,0.273
558,816057,2.5725278012632553,2.4284517747155254,0.04926667792964122,2.3318908603354944,2.5250126890955564,2.761460468583524,0.2938818392205586,2.167028340828397,3.3558925963386512,2.761460468583524,0.21548396243253212,2.3240047680384417,3.1989161691286063,0,1,1,19.130369071889035,0.3443
559,817057,2.5778135069060037,2.0826960079575967,0.054090124917148576,1.9766813112007129,2.1887107047144805,2.6873725624031763,0.3106121468517821,2.059100193312952,3.315644931493401,2.6873725624031763,0.26106630359889216,2.157379789668054,3.2173653351382985,0,1,1,23.295158587851972,0.2898
560,818057,2.5784287137269977,2.7358591276475597,0.05284623948483751,2.6322824015388995,2.83943585375622,2.998004320240466,0.34932538423758386,2.2914270374047527,3.7045816030761793,2.998004320240466,0.3253202180372902,2.337569166382833,3.658439474098099,0,1,1,37.89604891800445,0.3084
561,819057,2.575248227651576,2.530196004336242,0.05173801207938263,2.428791364028954,2.6316006446435303,2.9100188730182497,0.34142580758286545,2.2194199921541697,3.6006177538823296,2.9100188730182497,0.31632357501761826,2.2678478754824907,3.5521898705540087,1,1,1,37.38037421875633,0.3177
562,820057,2.5747851193734976,2.5391968734603845,0.04990483648210822,2.4413851913010918,2.637008555619677,2.550769841734846,0.25961624471684813,2.025646420852036,3.0758932626176563,2.550769841734846,0.23216440348570772,2.0794510455609996,3.0220886379086926,1,1,1,21.642428485208193,0.2479
563,821057,2.5761985366902227,2.317282130171661,0.05463774176797762,2.210194124109825,2.424370136233497,2.5533100934237547,0.2620357332467524,2.023292795060374,3.0833273917871353,2.5533100934237547,0.2441957461658066,2.0575663730875426,3.0490538137599668,0,1,1,19.97518021944987,0.3282
564,822057,2.5762748287931383,2.3052205050565306,0.05185257896330142,2.2035913177829407,2.4068496923301206,2.5575635497099887,0.3371176754987987,1.8756786884946695,3.239448410925308,2.5575635497099887,0.3022038745559886,1.9440570680259042,3.1710700313940734,0,1,1,33.967167527646104,0.3141
565,823057,2.578719675277791,2.4110190563363005,0.0495720838658966,2.3138595573205443,2.508178555352057,2.7740125047177706,0.3207794871318131,2.1251747487622037,3.4228502606733375,2.7740125047177706,0.2716271181487168,2.222580138636268,3.325444870799273,0,1,1,30.02423152744741,0.3093
566,824057,2.576495097180747,2.729898196346728,0.05027984556045239,2.6313515099000053,2.828444882793451,3.1321934587200913,0.27611831269389886,2.573691454778271,3.6906954626619113,3.1321934587200913,0.2525652288939268,2.619458785142168,3.6449281322980145,0,1,0,25.23244006853555,0.2345
567,825057,2.5793503236093627,2.3855327614509254,0.04664917069053284,2.2941020669888195,2.4769634559130314,2.6653135841447564,0.23452008308107075,2.190951941530408,3.139675226759105,2.6653135841447564,0.2204355113446918,2.217805704895979,3.1128214633935336,0,1,1,22.329307948572797,0.3205
568,826057,2.574477504344082,2.378391705074482,0.053582161486315866,2.273372598347494,2.48341081180147,2.4379975706718975,0.33021420965643333,1.7700762871327147,3.1059188542110805,2.4379975706718975,0.3219952075640129,1.7843125469375802,3.0916825944062145,0,1,1,36.112566779525515,0.2605
569,827057,2.5730098629211096,2.2718501545646377,0.05318692735931285,2.1676056924920366,2.3760946166372388,2.508767665776033,0.2795267962388234,1.9433713531167993,3.074163978435267,2.508767665776033,0.2797612849514557,1.9408220631785797,3.076713268373487,0,1,1,27.66721371989238,0.29
570,828057,2.5747808235044607,2.3070440981986766,0.05515617475502658,2.1989399821538274,2.415148214243526,2.7257444882350654,0.3154461287269048,2.087694467898408,3.363794508571723,2.7257444882350654,0.2809783061469757,2.155328201259738,3.2961607752103927,0,1,1,25.95119148899335,0.236
571,829057,2.57226216464053,2.47547469985125,0.05022983573596214,2.377026030859401,2.573923368843099,2.6561333120105037,0.3436691864835868,1.9609967690137324,3.351269855007275,2.6561333120105037,0.3232506235970534,1.9998996582342583,3.312366965786749,1,1,1,41.41476743504633,0.3611
572,830057,2.5743251281309187,2.865144125796918,0.04658195421150355,2.7738451732128775,2.9564430783809588,3.04010719402122,0.3466679877576537,2.338905002916399,3.7413093851260406,3.04010719402122,0.2942982313475692,2.442650021292466,3.6375643667499737,0,1,1,39.91534578745359,0.2843
573,831057,2.574732774365002,2.279856848580805,0.04737297805233301,2.187007517757826,2.372706179403784,2.55730117738599,0.2765594033688877,1.997906983340957,3.1166953714310233,2.55730117738599,0.2598892738304266,2.029697902115617,3.0849044526563634,0,1,1,30.09645453051298,0.2872
574,832057,2.5708736898814415,2.800037004418967,0.05007115303918917,2.701899347797763,2.898174661040171,2.970424876325396,0.3318312509251925,2.2992328180945694,3.641616934556223,2.970424876325396,0.31036155975254826,2.3403574132476055,3.600492339403187,0,1,1,38.42029248074124,0.3101
575,833057,2.575664390246956,2.3928980675892104,0.05384964135138093,2.287354709960105,2.498441425218316,2.492392876890236,0.3312858044723518,1.8223040882469366,3.1624816655335355,2.492392876890236,0.28971308682077523,1.9042440424175004,3.080541711362972,0,1,1,28.94480289971627,0.3007
576,834057,2.575186555433351,2.2142063836551342,0.05261961270562881,2.1110738378716554,2.317338929438613,2.3993950975587848,0.3581145756334085,1.6750399970922718,3.1237501980252977,2.3993950975587848,0.33933346849851675,1.710511532839258,3.0882786622783116,0,1,1,41.58704842232966,0.3384
577,835057,2.57532190125685,2.1340250443738107,0.05044941095398097,2.0351460158627477,2.2329040728848737,2.251228632563757,0.2922608483231249,1.6600752683783315,2.842381996749183,2.251228632563757,0.2841674081293567,1.6743381243699993,2.828119140757515,0,1,1,31.727535058546458,0.2817
578,836057,2.5748110828182136,2.5956581671879735,0.04577542490209656,2.5059399830028464,2.6853763513731006,2.6826811429991646,0.24999439977261462,2.1770197405190572,3.188342545479272,2.6826811429991646,0.24618150005374484,2.182906127951495,3.182456158046834,1,1,1,28.92318122553013,0.2442
579,837057,2.5730571523319092,2.1306895487372257,0.04964627997528467,2.0333846280192756,2.227994469455176,2.34990783506624,0.2405402611942364,1.8633692328453875,2.836446437287093,2.34990783506624,0.22035100723233836,1.9025715082859214,2.797244161846559,0,1,1,19.699565885621972,0.2913
580,838057,2.5760803239497747,2.7422555842880016,0.05458899874539644,2.6352631127949224,2.849248055781081,3.038043336870259,0.2988241208131395,2.4336145010135537,3.642472172726964,3.038043336870259,0.29100099250369765,2.447279914859784,3.628806758880734,0,1,1,28.41702982339963,0.2903
581,839057,2.5724885063211276,2.3262601610165783,0.054790864448719355,2.218872040015272,2.4336482820178844,2.469257609088422,0.323484361017484,1.814948729284464,3.12356648889238,2.469257609088422,0.30739884684253255,1.8452047729783843,3.09331044519846,0,1,1,31.476625215189,0.2769
582,840057,2.5750853498862005,2.4106098642699507,0.05146000292877235,2.309750111885231,2.5114696166546704,2.2482860953968618,0.27326650740901315,1.6955524121104926,2.801019778683231,2.2482860953968618,0.27517107419953457,1.6896591160392234,2.8069130747545,0,1,1,28.593409578751864,0.2758
583,841057,2.57431792592407,2.8069632436650114,0.048298176452520256,2.7123005572991112,2.9016259300309115,2.7707032204460345,0.3164267817829719,2.130669642077164,3.410736798814905,2.7707032204460345,0.3175309988586112,2.1260810221979174,3.4153254186941515,0,1,1,43.222590415443676,0.3026
584,842057,2.5766459707913345,2.373751250021472,0.0630510344831064,2.2501734932465904,2.4973290067963534,2.8910272261861127,0.3413541608969335,2.200573264423118,3.5814811879491075,2.8910272261861127,0.32301216971278707,2.235277659530839,3.5467767928413867,0,1,1,26.2454085154613,0.2169
585,843057,2.57396548016954,2.0782553651828075,0.04737998655048283,1.985392297955869,2.171118432409746,2.3076816947287946,0.3164733250283163,1.6675539737601768,2.9478094156974124,2.3076816947287946,0.31302560129490786,1.6722059397946714,2.943157449662918,0,1,1,43.648552979447096,0.2971
586,844057,2.5718579710062284,2.80102723323813,0.0533197473964516,2.6965224486763115,2.9055320177999486,3.0688192698557115,0.34521518721571853,2.3705556452156875,3.7670828944957355,3.0688192698557115,0.3383809887780468,2.3818693417682084,3.7557691979432146,0,1,1,40.275018050463714,0.2828
587,845057,2.575903152130101,2.0486430695061917,0.05481214965879519,1.9412132302597338,2.1560729087526496,2.194101967574844,0.3371791838458406,1.5120926939844568,2.8761112411652316,2.194101967574844,0.3311315876276896,1.5218691062377485,2.8663348289119397,0,1,1,36.496192029788666,0.2557
588,846057,2.575315390297183,2.3900873959075377,0.047959841084354686,2.2960878346779383,2.484086957137137,2.3231963020811532,0.27007799162942453,1.776912000710552,2.8694806034517546,2.3231963020811532,0.2554481712953921,1.804608944277326,2.8417836598849804,0,1,1,28.369398331637036,0.3151
589,847057,2.5752384217563216,2.669710737583357,0.04490579705663593,2.5816969926552855,2.757724482511428,2.9578845389052555,0.24904689781114123,2.454139640039337,3.461629437771174,2.9578845389052555,0.24510772907577139,2.460289394833095,3.455479682977416,0,1,1,29.792654064290023,0.2988
590,848057,2.573193398419248,2.1499292846235614,0.06284232821691739,2.026760584613758,2.2730979846333645,2.4987385112497345,0.38476101996356277,1.7204858897853534,3.2769911327141155,2.4987385112497345,0.37851038440203605,1.7303215789500763,3.2671554435493926,0,1,1,36.27864554268204,0.3278
591,849057,2.568828211417365,2.5869027629444,0.06037666875063283,2.468566666686655,2.705238859202145,2.9494290159611927,0.41417986429072606,2.1116711651982834,3.787186866724102,2.9494290159611927,0.3174353283348215,2.3050010392019207,3.5938569927204647,1,1,1,27.642175712864496,0.2882
592,850057,2.5762393491899878,2.367660569987842,0.049531757493562756,2.270580109209487,2.464741030766197,2.586015800742925,0.3154096588228884,1.9480395477499761,3.223992053735874,2.586015800742925,0.2860859386564605,2.0052304685155034,3.1668011329703467,0,1,1,33.359962127405915,0.2555
593,851057,2.570405707145885,2.23592559272247,0.04512711682721736,2.147478069014993,2.3243731164299475,2.192805777631754,0.2818171985170796,1.6227766890810598,2.7628348661824482,2.192805777631754,0.2817443464456518,1.620834346172725,2.764777209090783,0,1,1,38.97940859787429,0.3639
594,852057,2.5775851162664427,2.6686630744872564,0.04966558314933222,2.5713203202433856,2.766005828731127,2.4660027788367582,0.24256393776499022,1.9753709043911507,2.9566346532823657,2.4660027788367582,0.23172233697229638,1.995581425396602,2.9364241322769145,1,1,1,21.768310392619856,0.2355
595,853057,2.572297591431786,2.8003420689380847,0.05958595887737182,2.683555735554151,2.9171284023220183,2.9797027742155064,0.3277646306919951,2.316736231805606,3.642669316625407,2.9797027742155064,0.24109636576747379,2.4902511305986135,3.4691544178323994,0,1,1,16.37168812292163,0.3219
596,854057,2.578225787917104,2.762246296245039,0.0466705979464285,2.67077360513309,2.853718987356988,3.1259935894416255,0.3030608108574997,2.512995239101183,3.738991939782068,3.1259935894416255,0.28286922585732016,2.551738531370643,3.700248647512608,0,1,1,36.735391579548676,0.2859
597,855057,2.5753969281248335,2.6014760253827616,0.04650262161434773,2.5103325618319463,2.692619488933577,2.6180628720352965,0.3253274075797176,1.9600260786847032,3.27609966538589,2.6180628720352965,0.28405488413517027,2.041400799694255,3.194724944376338,1,1,1,37.31209613940659,0.2912
598,856057,2.573611904160991,2.1690913843270003,0.05561579941576868,2.06008642050069,2.2780963481533107,2.4457295696651,0.37566231677293044,1.6858808125285205,3.2055783268016795,2.4457295696651,0.31306240930765716,1.8101790904924715,3.0812800488377285,0,1,1,31.68585848449856,0.3034
599,857057,2.5701166089159018,2.358901201539664,0.047488197056316205,2.2658260456185433,2.4519763574607847,2.51082279123798,0.2641564385422856,1.9765159615292505,3.04512962094671,2.51082279123798,0.25878504275796244,1.9854612242224368,3.0361843582535233,0,1,1,29.696617143798864,0.2638
600,858057,2.574137463907663,2.4086784234953127,0.04186603864366988,2.3266224955783574,2.490734351412268,2.4773032435104105,0.24578635866533025,1.9801534075691485,2.9744530794516724,2.4773032435104105,0.2199927677977165,2.03069418144653,2.9239123055742913,0,1,1,27.611695001766893,0.3
601,859057,2.576897684492163,2.1981830485912086,0.05722028959831572,2.086033341793558,2.3103327553888593,2.6015086216513366,0.315077724116627,1.9642037699747878,3.2388134733278853,2.6015086216513366,0.2746843948507662,2.0438696538981485,3.1591475894045247,0,1,1,23.04453088622119,0.3135
602,860057,2.5803362473194147,2.558918371607611,0.04699603334191397,2.4668078388412162,2.651028904374006,2.704173559094871,0.25629315446510353,2.1857717226907267,3.222575395499015,2.704173559094871,0.25858134719164105,2.179225516063466,3.2291216021262756,1,1,1,30.27415157839103,0.2915
603,861057,2.574249699679847,2.4005022483082716,0.05040693955640444,2.3017064622068317,2.4992980344097115,2.8110513306212925,0.4303032719303518,1.9406808096256611,3.681421851616924,2.8110513306212925,0.3784662542029647,2.0427239873886442,3.579378673853941,0,1,1,56.37332660263826,0.2351
604,862057,2.5737276392886437,2.6560835226357637,0.047204726907838675,2.563563957996351,2.7486030872751765,3.0834199896705,0.3233553122212319,2.4293721356949622,3.7374678436460376,3.0834199896705,0.22954686246630357,2.617415084272666,3.549424895068334,1,1,0,23.64676542199541,0.3062
605,863057,2.570924927783362,2.511581305402606,0.05560777656933388,2.402592066066361,2.6205705447388508,2.781989815448503,0.3196999525056897,2.135335624379061,3.4286440065179455,2.781989815448503,0.30155431128418914,2.1698020173123993,3.394177613584607,1,1,1,29.407629811846,0.271
606,864057,2.572457092622807,2.287700686919938,0.051251021404812844,2.1872505307956134,2.3881508430442624,2.2107332459443696,0.3477950616012551,1.507251332809885,2.914215159078854,2.2107332459443696,0.34699875918489975,1.5062883138300731,2.915178178058666,0,1,1,45.840652787451056,0.2637
607,865057,2.577897714556873,2.2051326727584337,0.05670139416159436,2.093999982328499,2.3162653631883683,2.3615747949571704,0.3444397704165749,1.6648795988360179,3.0582699910783226,2.3615747949571704,0.29632217149259393,1.760008805293698,2.963140784620643,0,1,1,27.311202380355684,0.3037
608,866057,2.5752326635912057,2.4424824022265814,0.048037967106352025,2.3483297168076116,2.5366350876455512,2.8142107792276088,0.2958955145758658,2.2157056086154,3.4127159498398174,2.8142107792276088,0.28402458005906894,2.237610227431719,3.3908113310234986,0,1,1,34.95768075339689,0.28
609,867057,2.5756541682250673,2.8022222187336663,0.051534643560543644,2.7012161733988918,2.903228264068441,2.963020453034783,0.28615623054074946,2.384214843808063,3.5418260622615025,2.963020453034783,0.2517137400126209,2.452014393785616,3.4740265122839498,0,1,1,23.856970409086394,0.3441
610,868057,2.5746472685489827,2.186215586037756,0.05393324770147458,2.080508362973588,2.2919228091019237,2.43056906571191,0.338833309332268,1.7452140075195244,3.1159241239042954,2.43056906571191,0.3158337510235167,1.789392463750024,3.0717456676737958,0,1,1,34.29287769175968,0.3186
611,869057,2.5790070188694183,2.2554553606039773,0.04764279775397153,2.1620771928834674,2.348833528324487,2.470305455942608,0.2413096186597963,1.9822106813619047,2.9584002305233112,2.470305455942608,0.21510229192175237,2.033624587727439,2.906986324157777,0,1,1,20.384288717395275,0.3018
612,870057,2.573958971430008,2.2844437989283755,0.05682612278593285,2.1730666448868963,2.3958209529698546,2.6884115492148157,0.33123343242124903,2.018428693043745,3.3583944053858863,2.6884115492148157,0.27080394017885906,2.1386503232562823,3.238172775173349,0,1,1,22.709831256799095,0.2761
613,871057,2.5759008917642032,2.5666739385421904,0.049745220539059276,2.469175097882632,2.6641727792017487,2.387927523348752,0.2851622107796434,1.8111325088671584,2.9647225378303452,2.387927523348752,0.28443883152346483,1.8104859963707023,2.9653690503268013,1,1,1,32.69452638939999,0.2539
614,872057,2.573244618495958,2.3037883648969393,0.05298948568166602,2.1999308814015732,2.4076458483923053,2.645779104205045,0.34199129003714784,1.954036427115248,3.3375217812948423,2.645779104205045,0.3331970709846193,1.9693530887293773,3.3222051196807127,0,1,1,39.53875058054801,0.2811
615,873057,2.5689563837319933,2.332166621494992,0.0515708962641269,2.231089522166852,2.433243720823132,2.4266542252747465,0.3208325582620748,1.777709122825883,3.07559932772361,2.4266542252747465,0.2799145807099132,1.8583974157426812,2.9949110348068118,0,1,1,29.460606572313107,0.2896
616,874057,2.571042554004369,2.6063851541398093,0.06288203400308784,2.4831386322191342,2.7296316760604844,2.826854409734953,0.34260720788498006,2.133865921206857,3.519842898263049,2.826854409734953,0.3063831535185312,2.204863540694641,3.448845278775265,1,1,1,23.73977517376125,0.3246
617,875057,2.572605303356071,3.0691100773075357,0.05738600223339645,2.9566355797133435,3.181584574901728,3.0396442002305695,0.3676471537453504,2.2960076405724905,3.7832807598886484,3.0396442002305695,0.34866914290847245,2.331808208875828,3.747480191585311,0,1,1,36.91603818633809,0.261
618,876057,2.575608715706197,2.500120510577888,0.05382616244952456,2.3946231707508177,2.605617850404958,2.7414265878133057,0.3799290332982006,1.9729475819026914,3.50990559372392,2.7414265878133057,0.29540707212436873,2.141718348632404,3.3411348269942076,1,1,1,30.11999815277911,0.3114
619,877057,2.5750046693291004,2.4036293991234556,0.04959344575098254,2.3064280315822887,2.5008307666646226,2.4545647494194105,0.24412827463618983,1.9607687049885487,2.9483607938502723,2.4545647494194105,0.22382441628921312,2.000177027374674,2.908952471464147,0,1,1,20.368842634994397,0.3279
620,878057,2.5779052788507846,2.480747510863304,0.043661258611532056,2.3951730164650122,2.566322005261596,2.649347610222818,0.3067096269053432,2.028968832793518,3.2697263876521183,2.649347610222818,0.29870176639283463,2.042950786086343,3.2557444343592934,0,1,1,46.80401178109653,0.2658
621,879057,2.5741418739414508,2.705870216433164,0.047146304674854346,2.613465157266297,2.7982752756000306,2.904425661898553,0.248039626718014,2.4027181611267188,3.4061331626703875,2.904425661898553,0.24771756779398094,2.4015322635531007,3.4073190602440055,0,1,1,27.606941670820763,0.2729
622,880057,2.576610246655633,2.595661650090683,0.059374077749415645,2.479290596086547,2.7120327040948187,2.8220828718104927,0.4046304097491547,2.0036406160401237,3.6405251275808617,2.8220828718104927,0.379804284169835,2.0510391833338644,3.593126560287121,1,1,1,40.919089805949454,0.2698
623,881057,2.5739769244829778,2.0209936911721944,0.0530354920239956,1.9170460369028017,2.124941345441587,2.3831821326615303,0.326072792151986,1.7236376567046745,3.042726608618386,2.3831821326615303,0.28944839123534616,1.7955706587953473,2.9707936065277134,0,1,1,29.78578673377173,0.3044
624,882057,2.577740438544516,2.423867161842,0.05648260590920951,2.31316328850698,2.5345710351770196,2.3306856665692472,0.36485997358109734,1.5926867109219094,3.068684622216585,2.3306856665692472,0.3436266950304739,1.6330863886294198,3.0282849445090747,0,1,1,37.012152218199994,0.3195
625,883057,2.573025084709396,2.7227716793220655,0.051511600289825245,2.621810797967985,2.823732560676146,2.895090878419678,0.30080276918310356,2.286659848471101,3.503521908368255,2.895090878419678,0.2940547351105266,2.2981280293322435,3.4920537275071126,0,1,1,32.58714177245582,0.2841
626,884057,2.5759062888936555,2.6381903317863307,0.04851968714320478,2.5430934924444983,2.733287171128163,2.6696053528750654,0.28799117873646674,2.08708821059413,3.2521224951560006,2.6696053528750654,0.23697419458011756,2.1885221616672292,3.1506885440829016,1,1,1,23.854269859060754,0.2868
627,885057,2.5750481654002577,2.215817993908094,0.05732544487984225,2.103462186545867,2.328173801270321,2.3245252396579428,0.33824762636971717,1.6403548370759293,3.0086956422399562,2.3245252396579428,0.31360663073529854,1.6878699322503357,2.96118054706555,0,1,1,29.92785600369853,0.2848
628,886057,2.56958875872349,2.640949032869562,0.05464014975294806,2.5338563072439086,2.7480417584952157,3.0285858677346997,0.3932659674255044,2.2331303662636595,3.82404136920574,3.0285858677346997,0.3560766082171709,2.30571192232853,3.7514598131408694,1,1,1,42.46812891336622,0.3691
629,887057,2.5723433766017676,2.523223462809293,0.06192235966693471,2.4018578680243654,2.6445890575942204,2.3208952190824443,0.3895310601943548,1.5329942805550303,3.1087961576098584,2.3208952190824443,0.3712831103814731,1.5671504330715686,3.07464000509332,1,1,1,35.9513656512366,0.2871
630,888057,2.579136748724141,2.207286359507946,0.05396066402077398,2.101525401445363,2.313047317570529,2.2813827054061124,0.33825899781796864,1.597189301898973,2.965576108913252,2.2813827054061124,0.30960593361170063,1.6528492449476497,2.9099161658645754,0,1,1,32.92031484704965,0.2619
631,889057,2.574332858682313,2.5337667011554235,0.04597893371914971,2.4436496470183355,2.6238837552925114,2.615810300995072,0.2706239540057045,2.068421686483288,3.1631989155068565,2.615810300995072,0.2665345371619368,2.074716423950089,3.1569041780400555,1,1,1,33.603862079197796,0.3115
632,890057,2.5769977947062404,2.698923087099027,0.052141413877841714,2.59672779379546,2.8011183804025936,2.719161944618977,0.3455386933445492,2.020243967069591,3.418079922168363,2.719161944618977,0.34147460281970565,2.025931646138556,3.412392243099398,0,1,1,42.88952241422868,0.2836
633,891057,2.575515940135316,2.479640844007596,0.04752305396278964,2.386497369805175,2.5727843182100174,2.5598296736208845,0.2756057869125928,2.0023643509231968,3.1172949963185723,2.5598296736208845,0.27161512740131855,2.008421650050741,3.111237697191028,0,1,1,32.66624570078066,0.2258
634,892057,2.5734477355361056,2.162994500873035,0.04555047632035405,2.0737172078064963,2.2522717939395736,2.198207185226741,0.28243530252787613,1.6269278633057707,2.7694865071477115,2.198207185226741,0.26067435201576183,1.6690101165080224,2.7274042539454597,0,1,1,32.74995893802155,0.2655
635,893057,2.575336318893127,2.27949236841311,0.05339452103927423,2.1748410302043664,2.384143706621854,2.3147453647197547,0.33272927435365657,1.6417368826541934,2.987753846785316,2.3147453647197547,0.3337166366924139,1.637264574781446,2.9922261546580633,0,1,1,39.06270606002583,0.265
636,894057,2.5758319498891216,2.5880116921030893,0.061932805200377646,2.466625624448814,2.7093977597573646,2.7878622775063366,0.3970734131123425,1.984705490215996,3.5910190647966775,2.7878622775063366,0.35599805176259064,2.0651478101814256,3.5105767448312477,1,1,1,33.0410423426153,0.3285
637,895057,2.5767334375383917,2.484750824283116,0.04774844535124279,2.391165591076901,2.578336057489331,2.737725831214857,0.3013361162364201,2.128216005024308,3.347235657405406,2.737725831214857,0.2901321188768303,2.148726316442933,3.326725345986781,1,1,1,36.92097384750501,0.2532
638,896057,2.573297324103957,2.593800886407398,0.04257185611055374,2.5103615816756912,2.677240191139105,2.7021223099649307,0.20924684703230978,2.2788806124263568,3.1253640075035047,2.7021223099649307,0.1813162412297052,2.3340307711239547,3.0702138488059068,1,1,1,18.13962244567292,0.2835
639,897057,2.577226971529351,2.0686787115863865,0.050468036780713446,1.9697631771257453,2.1675942460470274,2.2815692895817667,0.28710934192142074,1.7008358306195794,2.862302748543954,2.2815692895817667,0.2683929857750599,1.7367025612730362,2.8264360178904973,0,1,1,28.281959866700692,0.2974
640,898057,2.576914350575667,3.035821591714065,0.0514537376329557,2.9349741190834986,3.1366690643446318,3.022375754534815,0.2964320770896792,2.4227852837978836,3.621966225271746,3.022375754534815,0.27311302420879435,2.4679268387801137,3.576824670289516,0,1,1,28.17415938698547,0.3065
641,899057,2.572369899133899,2.211134206854076,0.056814396185185884,2.0997800365277217,2.3224883771804303,2.1184206157868752,0.271723456354275,1.5688080478580781,2.6680331837156723,2.1184206157868752,0.2737648279895528,1.5626484680091928,2.674192763564558,0,1,1,23.218732692704997,0.2621
642,900057,2.575173689107673,2.836032177206757,0.05501381591991649,2.7282070793516047,2.9438572750619096,3.3932444109526974,0.39141823607967463,2.6015262988975345,4.184962523007861,3.3932444109526974,0.3365131138277618,2.710086470610748,4.076402351294647,0,0,0,37.41626618874594,0.3042
643,901057,2.5741959015171565,2.071357693315493,0.05266866918675848,1.9681289985957917,2.174586388035194,2.206223158849126,0.3426862432169775,1.5130748062726367,2.899371511425615,2.206223158849126,0.3101825233065185,1.576519159079866,2.835927158618386,0,1,1,34.68406244140241,0.246
644,902057,2.5742711702396592,2.5680250123715016,0.05203887531685262,2.4660306909545002,2.670019333788503,2.8325615376435938,0.31380465739724367,2.1978317064609425,3.467291368826245,2.8325615376435938,0.228728628789357,2.3682177349204907,3.296905340366697,1,1,1,19.31902698538708,0.371
645,903057,2.5754426321197035,2.5562217721481457,0.040616950395252184,2.4766140122116016,2.63582953208469,2.6352559050607667,0.28445610599367255,2.059889122318351,3.2106226878031823,2.6352559050607667,0.23271383912136534,2.162821695246908,3.107690114874625,1,1,1,32.82689428624337,0.3232
646,904057,2.574573767940223,2.5349736800159417,0.0563328992138663,2.424563226412039,2.6453841336198445,2.4838360824931276,0.3246613901201046,1.8271464366106795,3.1405257283755756,2.4838360824931276,0.3219360662950989,1.8302711219177195,3.137401043068536,1,1,1,32.659915751554834,0.2762
647,905057,2.5763536710236896,2.36650879316236,0.05532962462346336,2.258064721622251,2.474952864702469,2.4879142613841037,0.3724671846974631,1.73452826888489,3.2413002538833173,2.4879142613841037,0.2913364317678468,1.896469861464033,3.079358661304174,0,1,1,27.72516541374329,0.2688
648,906057,2.5785640350302557,2.519557277446829,0.047909324446023326,2.425656727008979,2.613457827884679,2.8004810544408656,0.3225560245027417,2.148049912476015,3.452912196405716,2.8004810544408656,0.26173195897340545,2.2691369294524617,3.3318251794292695,1,1,1,29.84512604172764,0.2864
649,907057,2.569351518715896,2.813157003300705,0.05349248266150914,2.7083136638405136,2.9180003427608963,3.119298848502303,0.31940275557764125,2.4732457949606874,3.765351902043919,3.119298848502303,0.27751482505359365,2.555913801953996,3.6826838950506104,0,1,1,26.914534177516277,0.2551
650,908057,2.57691790782716,2.293078210057401,0.054298387842915144,2.1866553254667,2.3995010946481026,2.628345133096409,0.30030482965270533,2.020921280914696,3.235768985278122,2.628345133096409,0.2628599899803074,2.094710983417581,3.1619792827752367,0,1,1,23.435547474561055,0.2646
651,909057,2.5761998356231395,2.7178314990497636,0.05609011544195731,2.6078968928948334,2.827766105204694,2.790769340386799,0.3483863446714342,2.0860914443550915,3.495447236418506,2.790769340386799,0.3506345469939001,2.0789433666160146,3.502595314157583,0,1,1,39.07839690470299,0.2835
652,910057,2.574647888383663,2.2597594705425994,0.05029914795413236,2.1611749520994485,2.3583439889857503,2.149411943504748,0.3811001190189816,1.3785641931401251,2.9202596938693706,2.149411943504748,0.3733956665973345,1.3913784403711775,2.9074454466383184,0,1,1,55.10833505901906,0.2331
653,911057,2.574279336422581,3.0148296405412816,0.05328330901862201,2.910396273887664,3.119263007194899,3.100557072072941,0.3107219103406846,2.472062685370362,3.7290514587755204,3.100557072072941,0.29405178397559084,2.503600214107937,3.697513930037945,0,1,1,30.45546688766698,0.2979
654,912057,2.574641131328222,2.1574236868257355,0.05191596323360216,2.0556702686651698,2.259177104986301,2.3420025118656294,0.3529380831334084,1.6281178557765048,3.055887167954754,2.3420025118656294,0.36235746905343613,1.6063777410795206,3.077627282651738,0,1,1,48.71611004080416,0.2701
655,913057,2.572728666240745,2.1462618513697613,0.04654970191232075,2.0550261121305375,2.237497590608985,2.2880604779093177,0.2685855545521001,1.7447949154637468,2.8313260403548886,2.2880604779093177,0.25909774168123656,1.76206409833048,2.814056857488155,0,1,1,30.98085840096547,0.2501
656,914057,2.572725096891799,2.3715964130625933,0.04907010049383273,2.27542078337692,2.4677720427482663,2.8608954606137953,0.26359728281729716,2.3277196301128864,3.394071291114704,2.8608954606137953,0.22443311765958562,2.405272009091129,3.3165189121364618,0,1,1,20.91895520788227,0.3205
657,915057,2.5757342682749704,2.5249827564684773,0.045122277754123995,2.4365447171699812,2.6134207957669733,2.6201585247947485,0.2491064837894199,2.1162931019116042,3.124023947677893,2.6201585247947485,0.23048817858628498,2.1522426460787507,3.0880744035107464,1,1,1,26.092475407876492,0.3708
658,916057,2.5720388297798964,2.4134419559395273,0.05168802490986828,2.312135288684176,2.5147486231948784,2.7887137622577622,0.3334317980214051,2.1142842919483353,3.463143232567189,2.7887137622577622,0.2842301106987415,2.2116959610807747,3.3657315634347498,0,1,1,30.238503470745027,0.2266
659,917057,2.57465794663094,2.3383384455830445,0.055367591229178614,2.229819960863119,2.44685693030297,2.5664454445790317,0.383147657816776,1.7914561560796871,3.3414347330783762,2.5664454445790317,0.3422629942870975,1.8716146263300932,3.26127626282797,0,1,1,38.212779744330014,0.3126
660,918057,2.5750482103472003,2.654591215992177,0.04074353783861879,2.5747353492257394,2.7344470827586145,2.6161806502468967,0.2552626371047356,2.0998632319505095,3.132498068543284,2.6161806502468967,0.2290915380665915,2.151100102522844,3.0812611979709494,1,1,1,31.615541317459265,0.2758
661,919057,2.574571345351166,2.7798607279321486,0.048293481206732214,2.6852072440788914,2.8745142117854057,2.8078658662473988,0.28877505791455366,2.2237631786705414,3.391968553824256,2.8078658662473988,0.2662434353457865,2.26736295730731,3.3483687751874873,0,1,1,30.39350540851973,0.2577
662,920057,2.5769081002551992,2.782965456988876,0.05213646455754994,2.6807798641748293,2.8851510498029227,2.9039675499337374,0.32451812690880877,2.247567681247953,3.560367418619522,2.9039675499337374,0.2906442744464276,2.3139283040794765,3.4940067957879983,0,1,1,31.077093073348816,0.3336
663,921057,2.5765464262173725,2.217325539106138,0.053620247945742265,2.1122317842903753,2.322419293921901,2.518052529057602,0.3010792273163267,1.9090623097531845,3.12704274836202,2.518052529057602,0.2680856653697147,1.973809694340276,3.062295363774928,0,1,1,24.997095517602837,0.2453
664,922057,2.5741210247855886,2.3656116735051276,0.05786776323260945,2.252192941703322,2.479030405306933,2.9994247012260797,0.3261480131774637,2.3397280763839943,3.659121326068165,2.9994247012260797,0.244365950307749,2.5033354481118892,3.4955139543402702,0,1,1,17.832325856832345,0.3127
665,923057,2.5756350541710225,2.3853884410539097,0.05105956487133479,2.285313532839807,2.4854633492680125,2.4271778133612574,0.3010507191304081,1.818245257305644,3.0361103694168707,2.4271778133612574,0.2638884750687889,1.8914557279502162,2.9628998987722985,0,1,1,26.710783551575123,0.2882
666,924057,2.574226964535618,2.075594830563575,0.0477172522646303,1.9820707346836872,2.1691189264434625,2.047788545052847,0.3018424704901706,1.437254520710915,2.658322569394779,2.047788545052847,0.26712656236342625,1.5054927929525959,2.590084297153098,0,1,1,31.33886731570679,0.3272
667,925057,2.573625083242703,2.4769879713591774,0.04780203135126359,2.383297711522846,2.5706782311955085,2.6773965861822324,0.30334170519678066,2.0638300734122366,3.2909630989522283,2.6773965861822324,0.28617547251850967,2.096429490551618,3.2583636818128467,0,1,1,35.84033929310216,0.3085
668,926057,2.5759445515058097,2.1275885392125904,0.04467084243065827,2.0400352968894366,2.215141781535744,2.09705203421546,0.2885527494581783,1.5133990079347603,2.6807050604961598,2.09705203421546,0.2759528382067078,1.5368379895488384,2.657266078882081,0,1,1,38.1611492130915,0.308
669,927057,2.573843302019749,2.0754514035430875,0.0544292382100619,1.9687720569454148,2.18213075014076,2.2902918860166293,0.43073292826148973,1.4190523030612687,3.1615314689719898,2.2902918860166293,0.381756650537021,1.5152846830991276,3.0652990889341307,0,1,1,49.19361197255132,0.2636
670,928057,2.5772949408395647,2.4313570526929102,0.05065634712986254,2.3320724367300207,2.5306416686557998,2.6108051828229195,0.32042797108288296,1.9626784351877706,3.2589319304580684,2.6108051828229195,0.3080992307115739,1.9853304918675219,3.236279873778317,0,1,1,36.992483550040276,0.2656
671,929057,2.5787639519616126,2.235028802152387,0.05618417937689373,2.1249098340727373,2.3451477702320367,2.5911753615116098,0.32114615433767874,1.941595951128063,3.2407547718951566,2.5911753615116098,0.2993596397551388,1.9834429834465361,3.1989077395766836,0,1,1,28.389543627544995,0.3004
672,930057,2.5747622526273446,2.5573287269304052,0.06558756142329492,2.4287794687069386,2.685877985153872,3.1438772197445433,0.4368631137093028,2.26023816634575,4.027516273143337,3.1438772197445433,0.40721227761740597,2.317192346472568,3.9705620930165186,1,1,1,38.547725661448254,0.283
673,931057,2.5734113487781447,2.309016955329936,0.04265036102075223,2.2254237838016304,2.392610126858241,2.5705601908174223,0.2703489667682112,2.023727790494042,3.1173925911408027,2.5705601908174223,0.2383215863356865,2.0867416489241464,3.054378732710698,0,1,1,31.22348238142068,0.3382
674,932057,2.578159043131304,2.5880202291004863,0.05171437461020333,2.486661917381475,2.6893785408194977,2.7642696527375827,0.2933674662601699,2.1708779424989464,3.357661362976219,2.7642696527375827,0.2779067692281392,2.200088917213099,3.3284503882620666,1,1,1,28.87857083302646,0.3069
675,933057,2.572647675885067,2.2299063572933493,0.04919605507529931,2.1334838611643137,2.326328853422385,2.4221395758419395,0.3064375244998213,1.8023111774776086,3.0419679742062704,2.4221395758419395,0.24717394875448845,1.9203497828185085,2.9239293688653705,0,1,1,25.2432247173965,0.3617
676,934057,2.575452071150872,2.417257968344513,0.05261555741986337,2.3141333707750813,2.5203825659139443,2.4087312688606586,0.3292376908732698,1.742785180997426,3.074677356723891,2.4087312688606586,0.28000211258747776,1.840296760169975,2.9771657775513423,0,1,1,28.320066225379925,0.2982
677,935057,2.5760254006981365,2.480027864720244,0.055650407984758385,2.3709550693451575,2.5891006600953306,2.233213844706106,0.35643286488171444,1.5122603253071727,2.9541673641050394,2.233213844706106,0.3129343695399735,1.5979233000809834,2.8685043893312288,1,1,1,31.620579392800384,0.325
678,936057,2.5723928718304085,2.2077860455562646,0.05669102889085046,2.096673670683678,2.318898420428851,2.68587679948174,0.37920667423362425,1.9188589026920502,3.4528946962714295,2.68587679948174,0.33051266563178827,2.0149004165954922,3.3568531823679875,0,1,1,33.98971596345531,0.2701
679,937057,2.5757883938371,2.145304475254818,0.040946997984738935,2.0650498339296957,2.2255591165799404,2.2660901247161758,0.23820314738501042,1.784278781376337,2.7479014680560145,2.2660901247161758,0.21802565758726256,1.8234745086862796,2.7087057407460717,0,1,1,28.35117585794121,0.3129
680,938057,2.5766652451221175,2.5086656530946185,0.05072376243659012,2.4092489055585364,2.6080824006307006,2.6683712702243088,0.335421340913273,1.9899175695724767,3.346824970876141,2.6683712702243088,0.3046159056118322,2.0499681051705703,3.2867744352780472,1,1,1,36.06469245628172,0.288
681,939057,2.572367687834398,2.5131109913611014,0.054451112613919696,2.4063887717196843,2.6198332110025184,2.66564397681567,0.35092365334060116,1.9558338895775083,3.3754540640538315,2.66564397681567,0.35347507175554804,1.9480514312058732,3.3832365224254666,1,1,1,42.140925188732204,0.3059
682,940057,2.567610112392818,2.1016629720782176,0.05653640880455365,1.9908536470060592,2.212472297150376,2.2989214963246525,0.33492261440684923,1.6214765652489453,2.9763664274003596,2.2989214963246525,0.28690234335025244,1.716478774455703,2.881364218193602,0,1,1,25.7520468455648,0.3066
683,941057,2.5717675689267545,2.706298644832496,0.04949917705744961,2.6092820405355237,2.8033152491294686,2.850130214970136,0.32024908763235727,2.20236529326611,3.497895136674162,2.850130214970136,0.2880970599288467,2.2652620895029703,3.4349983404373017,0,1,1,33.875186520808356,0.2411
684,942057,2.572957102556946,2.3769086898089626,0.047995714322260644,2.2828388183250583,2.470978561292867,2.3533514566395635,0.25739606281867394,1.83271877752302,2.873984135756107,2.3533514566395635,0.23094050883896253,1.8845172986914174,2.82218561458771,0,1,1,23.15236269958354,0.3239
685,943057,2.5736794221769257,2.3411855839496942,0.04940750095855038,2.2443486615048074,2.438022506394581,2.5614298346425373,0.26763191737748165,2.020093185451077,3.1027664838339977,2.5614298346425373,0.25681637473036273,2.040064876197917,3.0827947930871575,0,1,1,27.018401225799686,0.2531
686,944057,2.5714601980937313,2.217857895333408,0.04826461892635136,2.1232609805102087,2.312454810156607,2.2233702954299956,0.32715049038489075,1.5616459690429036,2.8850946218170876,2.2233702954299956,0.3153692547304374,1.5831366710753327,2.8636039197846586,0,1,1,42.695385625306585,0.3051
687,945057,2.5750761122715664,2.571774655895955,0.04646892761759751,2.4806972313652653,2.6628520804266445,2.691592811358887,0.27117092404042525,2.143097845524341,3.2400877771934335,2.691592811358887,0.25765112166726695,2.1685332265395747,3.2146523961781996,1,1,1,30.742471177737013,0.311
688,946057,2.5732628156101183,2.83709177866843,0.05217189540496075,2.7348367426695166,2.939346814667344,3.1425907352297875,0.3055718203767912,2.524513388734548,3.760668081725027,3.1425907352297875,0.2930248123818037,2.547718740439419,3.737462730020156,0,1,1,31.54536546500342,0.2552
689,947057,2.5731683687911,1.852701560458771,0.04746289419062043,1.7596759972431197,1.9457271236744225,2.0088647027113087,0.21443102344824155,1.5751370186083609,2.4425923868142565,2.0088647027113087,0.18851976694392295,1.6261492292065438,2.3915801762160735,0,0,0,15.776307194962689,0.2655
690,948057,2.5762006329843556,2.6511418366671977,0.058207680662720175,2.5370568789446577,2.7652267943897377,2.85447974081324,0.3327487078239665,2.181431950843738,3.5275275307827423,2.85447974081324,0.32259730873310727,2.1995723867219357,3.5093870949045445,1,1,1,30.71573346708471,0.2704
691,949057,2.574007380566379,2.2063164522763907,0.05008032830645901,2.108160812461789,2.3044720920909922,2.142112492943705,0.27634284000316245,1.583156339652137,2.7010686462352727,2.142112492943705,0.2617118546031882,1.6108091819966717,2.6734158038907383,0,1,1,27.309418674731106,0.2921
692,950057,2.5728346585313413,2.5552558546658406,0.05088745888963038,2.4555182679774026,2.6549934413542786,2.7508254793262794,0.32051815794443067,2.1025163115451715,3.3991346471073873,2.7508254793262794,0.2639798277566967,2.2149179380992496,3.286733020553309,1,1,1,26.910387608186873,0.3251
693,951057,2.5768152162301443,2.7959054853683627,0.05533762962964207,2.687445724304448,2.9043652464322776,2.89437477162832,0.2830072270092617,2.321938623251904,3.4668109200047357,2.89437477162832,0.25737362332996044,2.37187853838365,3.41687100487299,0,1,1,21.631516570520173,0.3073
694,952057,2.574151058157946,2.011734859422159,0.06353288263766736,1.8872126976183208,2.136257021225997,2.1528877989785333,0.31950005496084394,1.5066379388579882,2.7991376590990784,2.1528877989785333,0.295636785499876,1.5527132168527893,2.7530623811042774,0,1,1,21.653087030759664,0.2842
695,953057,2.5744960995761756,2.121083223288633,0.044880869784571474,2.033118334916041,2.209048111661225,2.387366200134579,0.34983656950615594,1.6797549474976683,3.0949774527714893,2.387366200134579,0.3345794510130732,1.7081338040032918,3.066598596265866,0,1,1,55.57455561288126,0.2786
696,954057,2.5773028091704644,2.6590776944648478,0.05645818047624008,2.5484216940987547,2.769733694830941,2.6262715272512693,0.30761593615915184,2.004059566323545,3.2484834881789935,2.6262715272512693,0.30917619856252737,1.9986104753231804,3.2539325791793585,1,1,1,29.98874910465038,0.3052
697,955057,2.5762030122534134,2.0846489348020434,0.050117316865557655,1.9864207987437685,2.182877070860318,2.4685201796678404,0.28292240239754307,1.8962556052633435,3.0407847540723374,2.4685201796678404,0.2793613178074758,1.9013865535404202,3.0356538057952607,0,1,1,31.071120639736613,0.2629
698,956057,2.5742760055625653,2.2786575980633454,0.05378802840900299,2.173234999582282,2.3840801965444087,2.2353883997924027,0.3401472345614847,1.5473756769692733,2.923401122615532,2.2353883997924027,0.26326886548472855,1.7009241887103823,2.7698526108744232,0,1,1,23.956741827099478,0.2564
699,957057,2.577875312688564,2.5946014813034486,0.05283879780638317,2.4910393406165436,2.6981636219903535,2.3194820638278553,0.2757520420546329,1.7617209121823545,2.877243215473356,2.3194820638278553,0.26426293368981035,1.7829997870014767,2.855964340654234,1,1,1,25.013049815047598,0.2212
700,958057,2.5740977542010537,2.5974695481282435,0.05450319964017741,2.4906452397912995,2.7042938564651875,2.7986899764018767,0.38575792737991804,2.0184209193583165,3.578959033445437,2.7986899764018767,0.36943827451049516,2.048690406318994,3.548689546484759,1,1,1,45.94516095708345,0.2749
701,959057,2.5757165247187115,2.3386118095024564,0.045274788475958845,2.249874854681908,2.4273487643230047,2.4961993264848,0.32589066499598807,1.8370232374726732,3.155375415496927,2.4961993264848,0.2824704613121144,1.9227538034785447,3.069644849491055,0,1,1,38.92541204332523,0.3477
702,960057,2.5728221183226094,2.1609332877408254,0.04377757557776718,2.0751308162779214,2.2467357592037294,2.5246759082473775,0.2568891067486641,2.0050686445705006,3.0442831719242545,2.5246759082473775,0.21811028585827597,2.081888487693543,2.967463328801212,0,1,1,24.822692135144198,0.2823
703,961057,2.572567280543171,2.98328471873543,0.05398608402510863,2.877473938379864,3.089095499090996,3.1253368314239522,0.3412004469466022,2.435193785472576,3.8154798773753287,3.1253368314239522,0.3159499252728818,2.4839243831973716,3.766749279650533,0,1,1,34.2509688938232,0.2335
704,962057,2.5751176844702073,2.4999584719245322,0.06181301427066756,2.3788071901781636,2.621109753670901,2.662666718543139,0.3865848956047884,1.8807249603799745,3.4446084767063034,2.662666718543139,0.3726842425879807,1.9060774829313054,3.4192559541549725,1,1,1,36.3514900408308,0.3098
705,963057,2.57256871026781,2.094297003413944,0.05143605883181492,1.9934841805969032,2.1951098262309845,2.369391748178431,0.2845770474867022,1.7937803381762083,2.9450031581806537,2.369391748178431,0.27793199376904937,1.805159804113459,2.933623692243403,0,1,1,29.19723443563999,0.2177
706,964057,2.5736995971684204,2.492109319909139,0.057695199627234274,2.379028806558911,2.6051898332593666,2.661616860117339,0.2767244443370419,2.1018888392045865,3.2213448810300918,2.661616860117339,0.2800193806685458,2.0931472953583734,3.230086424876305,1,1,1,23.55574372255089,0.3209
707,965057,2.5734203482121845,2.3691044386260005,0.04482801948654263,2.281243134934117,2.456965742317884,2.3645679945049256,0.2938862874669572,1.770126869322198,2.959009119687653,2.3645679945049256,0.27798262193595685,1.800233269796922,2.928902719212929,0,1,1,38.453527861184085,0.2772
708,966057,2.5740702703248703,2.689893718259348,0.05265725552779787,2.586687393900142,2.7931000426185544,2.8923944691916974,0.32300597966518185,2.2390532070053557,3.545735731378039,2.8923944691916974,0.31076957067204664,2.2614986999114204,3.5232902384719744,0,1,1,34.83056628255142,0.2901
709,967057,2.5753037256890505,2.2487602964030584,0.046449097417914274,2.157721738349554,2.339798854456563,2.3218255248418793,0.2709661606071868,1.7737447321445,2.8699063175392587,2.3218255248418793,0.2457940121844168,1.8228371519898334,2.820813897693925,0,1,1,28.001934722289644,0.254
710,968057,2.5738423923584945,1.9749574253618951,0.06014290064603717,1.8570795061698915,2.0928353445538987,2.3143308162168896,0.3564948919560201,1.5932518352179619,3.0354097972158174,2.3143308162168896,0.31525411144317667,1.6743309451625796,2.9543306872711996,0,1,1,27.47595386654131,0.3567
711,969057,2.5753855621077237,2.4795860687838953,0.05006016743052369,2.381469943560024,2.5777021940077667,2.7517901077817775,0.33261957746184184,2.079003508623246,3.424576706940309,2.7517901077817775,0.28374772262870535,2.1757516064502638,3.327828609113291,1,1,1,32.12773977425524,0.2677
712,970057,2.579660273442607,2.633192567281428,0.05003314225556981,2.535129410427142,2.7312557241357136,2.8914954187128163,0.31565916974058994,2.2530144822521825,3.52997635517345,2.8914954187128163,0.2754725741943966,2.332256361825241,3.4507344756003917,1,1,1,30.31385555258775,0.2607
713,971057,2.575656240152516,2.2771087594891455,0.06039959716212798,2.158727724370647,2.395489794607644,2.4648879855013734,0.35162698653855723,1.7536552725899455,3.1761206984128014,2.4648879855013734,0.2696609822541112,1.9174470874875273,3.0123288835152193,0,1,1,19.93279223849759,0.2849
714,972057,2.5732529181949695,1.9272432408655178,0.05091251262732278,1.8274565497535245,2.0270299319775114,2.2792678072949673,0.34392894436762184,1.5836058543847504,2.974929760205184,2.2792678072949673,0.3184589527719402,1.63276176245035,2.925773852139584,0,1,1,39.12531649005242,0.309
715,973057,2.574336453991167,2.146745965404632,0.04953687562070684,2.049655473281406,2.2438364575278578,2.209922480263569,0.2698104099114755,1.6641794140042312,2.755665546522907,2.209922480263569,0.26900345493984545,1.663816433663455,2.756028526863683,0,1,1,29.48889458722334,0.2728
716,974057,2.5777632138496873,2.815285071346824,0.05142974487376879,2.7144846236601534,2.9160855190334942,2.7165261160636347,0.3356553873274465,2.037599011854987,3.3954532202722825,2.7165261160636347,0.3193945079096687,2.0681207933165995,3.36493143881067,0,1,1,38.56791383409131,0.2775
717,975057,2.575328127820544,2.7608645347857044,0.04569446499933963,2.6713050290941727,2.850424040477236,2.8347864527449,0.28500195474553486,2.258315586688379,3.4112573188014212,2.8347864527449,0.2840389131574072,2.258156803212437,3.411416102277363,0,1,1,38.639232438395275,0.2597
718,976057,2.5766082710841505,2.3746328645291923,0.05714102930402988,2.262638505053746,2.4866272240046388,2.411836206598037,0.30589528515671444,1.7931045908294951,3.030567822366579,2.411836206598037,0.28434351691488624,1.834588178562541,2.989084234633533,0,1,1,24.762275031365025,0.2768
719,977057,2.573129958161715,2.5178226011131866,0.05938823913298933,2.401423791307275,2.634221410919098,2.7000514268008686,0.3622158110327914,1.9674007947310903,3.432702058870647,2.7000514268008686,0.3103368417630279,2.0700341439095737,3.3300687096921635,1,1,1,27.306483451636627,0.3458
720,978057,2.5761559773279186,2.4930075428429843,0.04270889575909624,2.4092996453356803,2.5767154403502883,2.696097620439028,0.24893022720488842,2.1925887101490127,3.1996065307290436,2.696097620439028,0.2347824038978992,2.219464000872229,3.1727312400058274,1,1,1,30.219996118693807,0.3176
721,979057,2.5751348292901244,2.9439160142902847,0.05328323931929277,2.8394827842448422,3.048349244335727,3.384281531213629,0.32454306511462905,2.72783122024537,4.040731842181889,3.384281531213629,0.2909805272049262,2.793559655968444,3.9750034064588142,0,0,0,29.82267622794416,0.2649
722,980057,2.5711796453773657,2.453376202876668,0.04803425260792334,2.359230797740839,2.547521608012497,2.5726593656289376,0.2918332130092785,1.9823709755099161,3.1629477557479593,2.5726593656289376,0.2789032913149494,2.006455582715344,3.1388631485425313,0,1,1,33.713605718732154,0.2697
723,981057,2.573838181598231,2.3879890049910313,0.049144974083830485,2.2916666257655693,2.4843113842164932,2.3555550103575333,0.28345574490010855,1.7822116489158275,2.928898371799239,2.3555550103575333,0.28507632754205736,1.7768192976579114,2.9342907230571553,0,1,1,33.64837458452178,0.2809
724,982057,2.571038684326183,2.3286894229870896,0.052059081361717406,2.226655498449883,2.430723347524296,2.232584371370534,0.3346190683065109,1.5557534202357939,2.909415322505274,2.232584371370534,0.33449297786118043,1.5535275250704852,2.911641217670583,0,1,1,41.28392774517927,0.3381
725,983057,2.573818735844758,2.310245114904881,0.047948759752426365,2.2162672726867614,2.4042229571230003,2.3824457298706965,0.30432361085544,1.7668931254405975,2.9979983343007954,2.3824457298706965,0.27908024712316504,1.8158827075678943,2.9490087521734987,0,1,1,33.87688278432441,0.2612
726,984057,2.5747746213201697,2.2587063180267215,0.044552154862489986,2.17138569906259,2.346026936990853,2.4588399871377424,0.27547378510373355,1.9016416633002629,3.016038310975222,2.4588399871377424,0.24783854829261814,1.955700985322843,2.961978988952642,0,1,1,30.945698086381636,0.2681
727,985057,2.5749127546846617,1.8849076737598536,0.04844530298869556,1.7899566246818797,1.9798587228378275,1.9313685339355657,0.24155212763711034,1.442783238648422,2.4199538292227096,1.9313685339355657,0.24036200544409705,1.4434077210333522,2.4193293468377792,0,0,0,24.616612248070165,0.2133
728,986057,2.5749213850464137,2.9337946005939504,0.05541979183802836,2.8251738045607078,3.042415396627193,3.1193144847337235,0.3925728461311526,2.3252609534112527,3.9133680160561943,3.1193144847337235,0.3619422343208325,2.3845326852703583,3.8540962841970887,0,1,1,42.65291779285998,0.3261
729,987057,2.572895155800681,2.296533062537314,0.05099916999237604,2.1965765261108214,2.396489598963807,2.6910530329452738,0.3530758448137524,1.9768897275561885,3.405216338334359,2.6910530329452738,0.25090640130286124,2.181685958411573,3.2004201074789744,0,1,1,24.204564158132168,0.296
730,988057,2.5744074413514833,2.4596841410510586,0.048454260940718245,2.364715534709745,2.5546527473923724,2.480437669903556,0.3137338127185121,1.845851135609308,3.115024204197804,2.480437669903556,0.2929651930461314,1.8856867087992124,3.0751886310078995,0,1,1,36.55679412253181,0.2533
731,989057,2.5744823582687166,2.5105865186134397,0.04966698717661662,2.4132410125266586,2.607932024700221,2.4994598240392834,0.33990330997705964,1.8119404852582444,3.1869791628203226,2.4994598240392834,0.2982156205412114,1.8940499284504744,3.104869719628092,1,1,1,36.05164978550247,0.2875
732,990057,2.5772642005825435,2.538146981307235,0.04722311034895464,2.445591385785323,2.6307025768291465,2.6537339295407327,0.31222304143662266,2.022203218600615,3.2852646404808503,2.6537339295407327,0.3133513396120597,2.017596890666425,3.2898709684150407,1,1,1,44.03053215921684,0.3012
733,991057,2.5734380954011615,1.992072505676842,0.05635174336255476,1.8816251182201906,2.1025198931334934,2.0965922502991057,0.3285121902812191,1.4321136258958953,2.761070874702316,2.0965922502991057,0.31314391438071054,1.4608763070314787,2.7323081935667326,0,1,1,30.879711861680455,0.2208
734,992057,2.5754308036450966,2.0353788129169943,0.046145279769904894,1.944935726511456,2.1258218993225326,2.2739487964772156,0.29280673722224604,1.6816912677721887,2.8662063251822425,2.2739487964772156,0.2496687611371088,1.76709426505633,2.7808033278981013,0,1,1,29.273445749349484,0.2648
735,993057,2.5750939952773804,2.3404469063187525,0.049897552534556806,2.242649500434326,2.438244312203179,2.4911616511692674,0.29221864921444424,1.900093642737804,3.082229659600731,2.4911616511692674,0.27824999669270073,1.9262841268477842,3.0560391754907505,0,1,1,31.09652411777527,0.28
736,994057,2.5780525116258226,2.224834272568862,0.04531718611475342,2.136014219903247,2.3136543252344772,2.568545497332376,0.2269923961605054,2.1094100387011343,3.0276809559636177,2.568545497332376,0.2234157987648427,2.114987312963486,3.022103681701266,0,1,1,24.305350652761657,0.3268
737,995057,2.575911257381185,2.0481782657840166,0.050721755148660175,1.9487654524599836,2.1475910791080497,2.1242319041261917,0.3132853113508547,1.4905525494759284,2.757911258776455,2.1242319041261917,0.2954278870203374,1.5244814084599583,2.7239823997924253,0,1,1,33.92457613360866,0.2878
738,996057,2.5757623778291316,2.553775276764535,0.04467070509065701,2.4662223036228372,2.641328249906233,2.8485825445454296,0.29207030136909806,2.2578145979537547,3.4393504911371044,2.8485825445454296,0.2776963889436301,2.2848289037044753,3.412336185386384,1,1,1,38.645136867821336,0.3154
739,997057,2.572815550935999,2.742731583165132,0.0588827238297025,2.627323565147297,2.8581396011829674,3.0185443620872454,0.3210729033753965,2.3691131157599905,3.6679756084145003,3.0185443620872454,0.28174720664728814,2.446567124110198,3.5905216000642928,0,1,1,22.895147969744354,0.2447
740,998057,2.5741111688496865,1.681531893183399,0.05203356762709848,1.5795479746471566,1.7835158117196412,1.7985975099579128,0.33736527915061704,1.1162118230842926,2.480983196831533,1.7985975099579128,0.3221164626076836,1.1446663253980993,2.452528694517726,0,0,0,38.32292370617259,0.2973
741,999057,2.5735866051924114,2.710332570202437,0.04516136493895993,2.6218179214294057,2.7988472189754683,2.535743326088975,0.24997555662416446,2.0301200374741426,3.0413666147038074,2.535743326088975,0.2397327204561573,2.049060029629907,3.022426622548043,0,1,1,28.1786711424879,0.2834
742,1000057,2.574956506075664,2.3846433242081795,0.06132464499292085,2.26444922865735,2.504837419759009,2.637143323800945,0.3789744115265091,1.8705952226800004,3.40369142492189,2.637143323800945,0.37191023409779145,1.8821254089615778,3.3921612386403126,0,1,1,36.77952982182561,0.2959
743,1001057,2.5761653256006065,2.235462355412618,0.0516116629418496,2.1343053548643725,2.3366193559608637,2.2989511494381225,0.2945555275162542,1.703156358484357,2.8947459403918883,2.2989511494381225,0.25096400930732854,1.789467124437822,2.808435174438423,0,1,1,23.6443393034506,0.224
744,1002057,2.5760847204828985,2.7297216143580196,0.053769066942836466,2.624336179667737,2.835107049048302,2.50731892473807,0.2894037549525643,1.9219445773709745,3.092693272105165,2.50731892473807,0.28443772114138516,1.9298796519554837,3.0847581975206557,0,1,1,27.98397348141036,0.2902
745,1003057,2.5751211695510334,2.573385737280284,0.05543933216389311,2.4647266429121006,2.6820448316484673,2.551153562050496,0.2961987217423765,1.9520350970556963,3.150272027045296,2.551153562050496,0.2676533169449872,2.007788441297976,3.0945186828030162,1,1,1,23.30822917768944,0.2081
746,1004057,2.5765178109584768,2.48419857488359,0.053889709859941334,2.3785766844207923,2.589820465346388,2.5100903386801385,0.30035093767999327,1.9025732242102893,3.1176074531499878,2.5100903386801385,0.28213429873202217,1.9373272619929098,3.0828534153673672,1,1,1,27.40943486945394,0.3919
747,1005057,2.573721646518873,2.400352466191708,0.04778887622725301,2.30668798992465,2.4940169424587664,2.3797411549835434,0.2740543420887549,1.8254139256439708,2.9340683843231163,2.3797411549835434,0.2595607767608077,1.8528047642186105,2.9066775457484764,0,1,1,29.500168337953518,0.2876
748,1006057,2.5802930378139717,2.5861134759102358,0.04966128342000972,2.4887791489809805,2.683447802839491,2.8457363590640794,0.28475295041166765,2.269769151812721,3.4217035663154376,2.8457363590640794,0.2829416775099062,2.2713342163187673,3.4201385018093915,1,1,1,32.46070665782903,0.2496
749,1007057,2.5727805576774525,2.083388174771123,0.05965336921793039,1.9664697195475094,2.200306629994737,2.3882150218467735,0.42286589191538987,1.5328880218762682,3.243542021817279,2.3882150218467735,0.39703618488453946,1.582188715110401,3.194241328583146,0,1,1,44.298622623412236,0.3607
750,1008057,2.577169180889536,2.6713146939869077,0.045814363849956075,2.58152019086638,2.7611091971074355,2.575962274234782,0.24258047008988717,2.0852969600057185,3.0666275884638456,2.575962274234782,0.2451634609658708,2.0782539884106743,3.07367056005889,0,1,1,28.635723881190803,0.2627
751,1009057,2.57591900289672,2.762588661722226,0.06184361948665249,2.6413773948547874,2.8837999285896645,3.1990109581935604,0.38913806507484383,2.411904927326,3.986116989061121,3.1990109581935604,0.3487252013054985,2.491061162242571,3.9069607541445497,0,1,1,31.79632069327558,0.2706
752,1010057,2.5735333000529144,2.152572822364918,0.046365924350561576,2.0616972805279086,2.2434483642019276,2.0969106111571487,0.23741923135321882,1.616684887656886,2.5771363346574114,2.0969106111571487,0.20658795658097345,1.677514762621077,2.5163064596932205,0,1,0,19.8523606057748,0.2579
753,1011057,2.5749121958519736,2.5493083228131237,0.060776560528229245,2.430188453073576,2.6684281925526716,2.757239913770939,0.4669100981506773,1.8128250977680915,3.7016547297737867,2.757239913770939,0.4397562455239635,1.8644872732351367,3.6499925543067415,1,1,1,52.35423217516122,0.3042
754,1012057,2.5759329264681505,2.459795225916771,0.050436636038343495,2.3609412357802624,2.558649216053279,2.5253068885189593,0.336924313296433,1.8438131392746435,3.2068006377632754,2.5253068885189593,0.3135437774870004,1.8887791799890385,3.1618345970488804,0,1,1,38.64596417535749,0.2441
755,1013057,2.574330049684724,2.051871886017728,0.0522954870617779,1.9493746148226627,2.154369157212793,2.318724092396629,0.3344871496771134,1.642159971875755,2.995288212917503,2.318724092396629,0.2942990717393676,1.7212652135818227,2.9161829712114353,0,1,1,31.670094562366288,0.296
756,1014057,2.5741852634436975,2.2452329797937054,0.05309153552709236,2.1411754822766755,2.3492904773107353,2.6110716043410895,0.28922500718092675,2.026058808468662,3.196084400213517,2.6110716043410895,0.263585305121099,2.0759649866444607,3.1461782220377184,0,1,1,24.64857500857476,0.3318
757,1015057,2.577357675035887,2.5633579230533883,0.048448912535448294,2.4683997993937785,2.658316046712998,2.7180658555801376,0.27028775939366384,2.171357258857493,3.264774452302782,2.7180658555801376,0.25498138397905623,2.2004261264080105,3.2357055847522647,1,1,1,27.698029984954015,0.2529
758,1016057,2.574432472879803,2.2655657228317208,0.05435321521616952,2.159035378564074,2.3720960670993674,2.82420721187803,0.289291001607204,2.2390609296787987,3.4093534940772616,2.82420721187803,0.24287599136666121,2.3311427362229096,3.3172716875331507,0,1,1,19.967270141603596,0.2982
759,1017057,2.579274170790978,2.580855822317011,0.0502701568184975,2.482328125455575,2.679383519178447,2.668780224163949,0.238937198491055,2.185484122317071,3.1520763260108273,2.668780224163949,0.21843144491849306,2.225340816055738,3.11221963227216,1,1,1,18.88034114536959,0.3067
760,1018057,2.5762754535353842,2.773032785938515,0.04746006668562335,2.680012764530824,2.8660528073462057,3.1641072643097705,0.34783361545501273,2.460547368645358,3.867667159974183,3.1641072643097705,0.2913108322402929,2.5727148341935466,3.7554996944259944,0,1,1,37.675287896685994,0.2827
761,1019057,2.5734004624123226,2.2905141333382044,0.05050995654487428,2.1915164376495677,2.389511829026841,2.521236222761085,0.24488914201228512,2.0259011787972434,3.016571266724927,2.521236222761085,0.2102114600141864,2.0944842711772056,2.9479881743449647,0,1,1,17.320434696229054,0.2318
762,1020057,2.5737508215834213,2.9081343654073866,0.05655606328122024,2.7972865182688267,3.0189822125459465,3.4174282253441777,0.25861355289768034,2.894332940099593,3.940523510588762,3.4174282253441777,0.20195422957502854,3.0074393427402226,3.8274171079481327,0,0,0,12.751097389249926,0.3143
763,1021057,2.5769298803911282,2.3392741635736085,0.047117453743951807,2.246925651192231,2.431622675954986,2.5902954337480844,0.34108509382842855,1.9003857115014355,3.280205155994733,2.5902954337480844,0.29415846591058503,1.9931219999410477,3.187468867555121,0,1,1,38.97616257636415,0.3155
764,1022057,2.572004838936426,2.386982990586698,0.05154543588535505,2.2859557926839837,2.4880101884894126,2.485293120064955,0.3099149533584748,1.8584309579231517,3.112155282206758,2.485293120064955,0.2787451082169299,1.9194104659127658,3.051175774217144,0,1,1,29.24381824854586,0.2541
765,1023057,2.5773095431026163,2.7904677067484696,0.047700580882923775,2.696976286176299,2.88395912732064,2.746393770232752,0.3540212933305429,2.0303181147133924,3.462469425752112,2.746393770232752,0.2973218273124131,2.142798371363943,3.349989169101561,0,1,1,38.85136223831744,0.2524
766,1024057,2.577595250633813,2.4113025644668746,0.05579980829061774,2.301936949873024,2.520668179060725,2.3953908620451974,0.3604448648555785,1.6663223067279416,3.124459417362453,2.3953908620451974,0.26764325764455943,1.8520461627582283,2.9387355613321664,0,1,1,23.006322367600124,0.2548
767,1025057,2.5735475829391774,2.613735165442226,0.05614984077022903,2.503683499794918,2.7237868310895337,2.7955220064018773,0.3943934196732407,1.997786017506566,3.5932579952971886,2.7955220064018773,0.3720656580731419,2.040188564117911,3.5508554486858435,1,1,1,43.90784417915902,0.3278
768,1026057,2.5729300284177263,2.3640073645292787,0.05013711263149298,2.265740429482724,2.4622742995758333,2.180673420173436,0.26262636503616454,1.6494614562525265,2.7118853840943458,2.180673420173436,0.2569562187411233,1.6590245632938525,2.7023222770530198,0,1,1,26.266343916948863,0.2967
769,1027057,2.577836182389913,2.2565970154940604,0.052083138881478204,2.1545159390845656,2.3586780919035553,2.5418151744793063,0.2894865196218335,1.95627341976718,3.1273569291914325,2.5418151744793063,0.2643066488586523,2.005244151142077,3.0783861978165357,0,1,1,25.752647120532945,0.2932
770,1028057,2.57378453212895,2.035893606416357,0.04681203122243836,1.944143711177213,2.1276435016555006,2.151876937028741,0.3145489139665556,1.5156417048411648,2.7881121692163173,2.151876937028741,0.24206536022414255,1.660458130082934,2.643295743974548,0,1,1,26.73931761124607,0.2879
771,1029057,2.570523149727122,2.278905480777708,0.050961549676997744,2.1790226788144436,2.378788282740972,2.5132855418115705,0.2685201142278523,1.9701523449156597,3.0564187387074813,2.5132855418115705,0.25039931017258776,2.0049479170017834,3.0216231666213575,0,1,1,24.142431310586865,0.2713
772,1030057,2.5763573370515855,3.11106602675074,0.04146182023026338,3.0298023523659494,3.1923297011355305,3.2478726334339307,0.3054761225047956,2.6299888541554437,3.8657564127124178,3.2478726334339307,0.2676567781953467,2.7045004859696142,3.7912447808982472,0,0,0,41.6734795334434,0.2847
773,1031057,2.573702259050624,2.002226087789824,0.04721983806009391,1.9096769058362264,2.094775269743422,2.141411803535701,0.3078868010533391,1.5186519666459475,2.764171640425454,2.141411803535701,0.2512496230060722,1.631347951901164,2.6514756551702376,0,1,1,28.311432927802105,0.2764
774,1032057,2.5723730864991556,2.2916886719561687,0.05620043769086946,2.181537838166677,2.4018395057456603,2.22717745625296,0.3410583275987823,1.5373218738159804,2.9170330386899397,2.22717745625296,0.34058135494314906,1.5357605473686293,2.9185943651372908,0,1,1,36.725045461011156,0.2496
775,1033057,2.5731727107448563,2.1754175092103005,0.06183934171775038,2.0542146266158445,2.2966203918047565,2.4719329450867233,0.39851521632012715,1.6658598355395169,3.27800605463393,2.4719329450867233,0.3257040782389999,1.8107185135902597,3.133147376583187,0,1,1,27.740652836556414,0.2823
776,1034057,2.5773606689246047,2.518639064313068,0.06026399651500553,2.40052380157921,2.6367543270469262,2.8033323345495256,0.28768843367133484,2.2214275519629187,3.3852371171361324,2.8033323345495256,0.2814904748962384,2.231876289735718,3.3747883793633333,1,1,1,21.817829766442685,0.2655
777,1035057,2.5762570383229244,2.7865948324635545,0.04507634002152692,2.6982468294664805,2.8749428354606286,2.93488262679754,0.22027191847769823,2.4893406173536223,3.380424636241458,2.93488262679754,0.20369071995141888,2.5213684813131443,3.348396772281936,0,1,1,20.419504250911455,0.2907
778,1036057,2.575758145440378,2.2062495349335474,0.04840213535433747,2.111383092864213,2.3011159770028815,2.5072595160153788,0.26061888537354183,1.9801080629802144,3.034410969050543,2.5072595160153788,0.21890593860205382,2.0628568345182665,2.951662197512491,0,1,1,20.454366973432425,0.2308
779,1037057,2.575898606418162,2.23397680329627,0.0441890046774799,2.1473679456157377,2.3205856609768025,2.312288173183339,0.20308218495826058,1.9015156816470393,2.7230606647196387,2.312288173183339,0.19494737429277315,1.916523963039993,2.7080523833266845,0,1,1,19.46284577209539,0.2841
780,1038057,2.5742472159749346,2.50777200979174,0.054579086169841556,2.4007989665897425,2.6147450529937375,2.6792393616198056,0.30513518999636713,2.0620451834304623,3.296433539809149,2.6792393616198056,0.24846400821511966,2.174830608657433,3.1836481145821782,1,1,1,20.724041540188523,0.2812
781,1039057,2.575562882042664,2.6994837614059546,0.056502440187616396,2.588741013599598,2.810226509212311,2.8872833109592015,0.31992179301499124,2.2401804051058987,3.5343862168125044,2.8872833109592015,0.2835122893528018,2.3117227645876737,3.4628438573307294,0,1,1,25.17731244162777,0.2756
782,1040057,2.5737934494529013,2.515116686051323,0.044040885777568664,2.4287981360800464,2.6014352360226,2.7421602353981838,0.29111810064616683,2.1533182965628344,3.331002174233533,2.7421602353981838,0.2542534877635485,2.2259982141041026,3.258322256692265,1,1,1,33.32895891034506,0.3324
783,1041057,2.5775163295765173,1.8852342403790026,0.048050339856040236,1.7910573048162541,1.979411175941751,2.250231329554595,0.23865934489320367,1.7674972396571904,2.732965419452,2.250231329554595,0.1989066714807804,1.8464293187995764,2.6540333403096135,0,1,1,17.13585475489227,0.3156
784,1042057,2.5760917344160696,2.1687801039711845,0.05004171447601478,2.070700145873559,2.26686006206881,2.331333949706544,0.33784380058999247,1.6479803618624562,3.014687537550632,2.331333949706544,0.3385656768904869,1.6440090848177227,3.0186588145953652,0,1,1,45.77427716716382,0.2692
785,1043057,2.5778093682321144,2.5197565697345996,0.060353937835624934,2.401465025251605,2.638048114217594,2.884974467546166,0.3508916621187345,2.175229088661995,3.594719846430337,2.884974467546166,0.30503951181436884,2.2657113361822017,3.50423759891013,1,1,1,25.54470972738325,0.3056
786,1044057,2.575115678048544,2.138500718412728,0.05743960128643978,2.0259211686049654,2.2510802682204907,2.203078805597861,0.3818021520860466,1.4308110593229202,2.9753465518728017,2.203078805597861,0.3549347098925165,1.482523037033828,2.923634574161894,0,1,1,38.18335726097205,0.2284
787,1045057,2.571911557252621,2.119038282905356,0.05096119789203075,2.019156170427957,2.2189203953827548,2.149153954279571,0.2736692993533732,1.595605547384681,2.702702361174461,2.149153954279571,0.26484329348610725,1.6114934844294924,2.6868144241296497,0,1,1,27.00839048595827,0.3475
788,1046057,2.575460723291894,2.3408512539501114,0.05198836241706157,2.238955935997455,2.442746571902768,2.5122386157700145,0.3161528537152061,1.872759109216557,3.151718122323472,2.5122386157700145,0.31548027778232685,1.8717796026374924,3.1526976289025366,0,1,1,36.824101039023894,0.2751
789,1047057,2.576241693440883,2.368701814838257,0.05565179655488343,2.259626297915735,2.477777331760779,2.541851525973897,0.32377481794526414,1.886955141579456,3.1967479103683383,2.541851525973897,0.2927361270848963,1.9475655934935494,3.136137458454245,0,1,1,27.66905126075706,0.3041
790,1048057,2.572593101370588,2.4341535833865167,0.06243961655540614,2.3117741837294297,2.5565329830436037,2.671144701006599,0.3923168798996839,1.877608910256356,3.464680491756842,2.671144701006599,0.3102469466144593,2.0413099149691245,3.3009794870440734,0,1,1,24.68849277307508,0.3108
791,1049057,2.578358472130042,2.401128727394659,0.05585066997313189,2.291663425734888,2.51059402905443,2.5219154847646803,0.3725775382491995,1.7683062811383756,3.275524688390985,2.5219154847646803,0.3108230098281113,1.8909112282299976,3.152919741299363,0,1,1,30.972021265734217,0.3122
792,1050057,2.5750849247401284,2.134529220282098,0.056559561455779256,2.023674516847391,2.245383923716805,2.417252892047203,0.2715708208161578,1.8679490586354306,2.9665567254589758,2.417252892047203,0.23631045435268247,1.9375171651373817,2.8969886189570246,0,1,1,17.45636457537736,0.2937
793,1051057,2.577380421516202,2.1231267818766706,0.04958321270252104,2.0259454707419406,2.2203080930114005,2.075260001714743,0.3832253058395074,1.3001136552648611,2.850406348164625,2.075260001714743,0.38584787925212166,1.29194716294643,2.858572840483056,0,1,1,60.556798781054816,0.3035
794,1052057,2.5742701950712146,2.625852642462243,0.055445538436786304,2.5171813840227104,2.7345239009017757,2.7830835030108414,0.2845009506668888,2.207626013355099,3.3585409926665837,2.7830835030108414,0.26818270614862,2.238643665038896,3.3275233409827867,1,1,1,23.395284292533024,0.2496
795,1053057,2.579194527991022,2.128959795382016,0.06301814401447331,2.0054465027410897,2.252473088022942,2.777506877125962,0.4297967817966877,1.908160829124781,3.646852925127143,2.777506877125962,0.33193250252294004,2.1036480721101647,3.451365682141759,0,1,1,27.743953231261127,0.387
796,1054057,2.5749835018168645,2.335536030908002,0.058285216394453415,2.22129910594375,2.4497729558722545,2.5716377744450365,0.35723949342038175,1.8490526948250983,3.2942228540649747,2.5716377744450365,0.34503546245692124,1.8711785465837174,3.2720970023063556,0,1,1,35.043755464989324,0.2552
797,1055057,2.5723221093805515,2.142174595152802,0.053103705373274725,2.038093245175557,2.246255945130047,2.415247612007592,0.3052892945254832,1.797741727986469,3.0327534960287155,2.415247612007592,0.25894220428179426,1.8895669901365018,2.940928233878682,0,1,1,23.77694374451418,0.3392
798,1056057,2.57462594316166,2.356199325702172,0.04452930081675485,2.2689234998445826,2.4434751515597615,2.4450382290769506,0.2733562058156044,1.8921231136380277,2.9979533445158735,2.4450382290769506,0.2454105657287287,1.9468282939146566,2.9432481642392445,0,1,1,30.373494520869755,0.3382
799,1057057,2.57273329279196,2.3977336623945646,0.05568706576591657,2.2885890190886546,2.5068783057004747,2.4760945216089443,0.3807025655330105,1.706050899070624,3.2461381441472645,2.4760945216089443,0.33026679157100175,1.8056172896028504,3.146571753615038,0,1,1,35.17395026228724,0.2802
800,1058057,2.573321402865891,2.821904147452322,0.05752548266204442,2.7091562732414314,2.9346520216632124,2.9507570386837645,0.24814038947160796,2.4488457260051577,3.4526683513623713,2.9507570386837645,0.23334010281500278,2.477051445980277,3.424462631387252,0,1,1,16.45349741315991,0.3186
801,1059057,2.5732609124935153,2.5339980352544256,0.04338378800895403,2.448967373243955,2.619028697264896,2.61959462819223,0.23723532298135636,2.1397408944858523,3.0994483618986077,2.61959462819223,0.1992534446864851,2.2150886304030055,3.0241006259814545,1,1,1,21.09389295741904,0.2371
802,1060057,2.5729799460448524,2.4010746971981898,0.05229332204366801,2.298581669360646,2.5035677250357335,2.631618802658605,0.27533177962666444,2.0747077120101887,3.188529893307021,2.631618802658605,0.26344719636440217,2.096792560643907,3.166445044673303,0,1,1,25.380180001894686,0.3654
803,1061057,2.575462380896686,2.500401247234657,0.053360300919159644,2.3958169792288846,2.604985515240429,2.815968616753841,0.4213156388278088,1.963777299627345,3.6681599338803372,2.815968616753841,0.37365569501162216,2.057407227874855,3.5745300056328273,1,1,1,49.03505554681123,0.2842
804,1062057,2.574355872578093,2.4078914174006263,0.06045333932913059,2.2894050495703517,2.526377785230901,2.1301968191718545,0.3612677084020536,1.3994639056845326,2.8609297326591765,2.1301968191718545,0.3015057593324955,1.5181075867378158,2.7422860516058933,0,1,1,24.874286595945854,0.3772
805,1063057,2.5770552885790523,2.49899661582714,0.04912763445240088,2.4027082216547853,2.5952850099994946,2.796475304910451,0.21471710570706487,2.3621689648201976,3.2307816450007047,2.796475304910451,0.18908244479904088,2.4126175346309604,3.180333075189942,1,1,1,14.813262273355143,0.3371
806,1064057,2.5761870617915035,2.22230750460804,0.04733089209085577,2.129540660753811,2.315074348462269,2.4849434710396814,0.24432742927478387,1.9907445983296523,2.9791423437497104,2.4849434710396814,0.23639568978906184,2.0050347069946985,2.9648522350846642,0,1,1,24.945357212395997,0.3691
807,1065057,2.5734772911366344,2.2115358523926045,0.05646881009141534,2.1008590183635985,2.3222126864216106,2.6285535268307565,0.4190069948565703,1.7810318829024823,3.4760751707590307,2.6285535268307565,0.3326852572955066,1.9531665483831435,3.3039405052783692,0,1,1,34.70961839018853,0.3855
808,1066057,2.5755276784525263,1.911874018757822,0.0552590037959792,1.8035683614961406,2.020179676019503,1.892865252642643,0.3882405371466185,1.1075746433659832,2.678155861919303,1.892865252642643,0.36778522017777443,1.1462215612664455,2.6395089440188406,0,1,1,44.29782905938402,0.3121
809,1067057,2.5773699168655786,1.8902671893330198,0.06189453134107663,1.7689561370645241,2.0115782416015158,2.1073509558799284,0.4020587265808683,1.2941104203032636,2.920591491456593,2.1073509558799284,0.36958289631500335,1.3570577879251158,2.857644123834741,0,1,1,35.65489579026292,0.3432
810,1068057,2.574374927335251,2.7217846928325082,0.0489751957967774,2.625795072935027,2.8177743127299895,3.0294373706821363,0.3168714584929913,2.3885043487695574,3.670370392594715,3.0294373706821363,0.24591291179923305,2.530207618779386,3.5286671225848867,0,1,1,25.212174398907717,0.2943
811,1069057,2.574251089906772,2.3631081801312055,0.04903593619688731,2.266999511237102,2.459216849025309,2.4431613061507242,0.26352029396209103,1.9101412003081848,2.976181411993264,2.4431613061507242,0.21315210589660238,2.0104395260467753,2.875883086254673,0,1,1,18.895148649780367,0.3686
812,1070057,2.572565620757254,2.527955717235975,0.05838122805419562,2.4135306128765324,2.6423808215954177,2.817181826505816,0.36847895144060755,2.0718627972022325,3.5625008558093993,2.817181826505816,0.35250692880724654,2.1015547155710457,3.532808937440586,1,1,1,36.45766611629253,0.2629
813,1071057,2.571821529578498,2.2890489377818564,0.0508472677774296,2.1893901242258305,2.3887077513378823,2.6414011218104676,0.26291422084658606,2.1096069145555383,3.173195329065397,2.6414011218104676,0.2643304581883327,2.1047817629642878,3.1780204806566474,0,1,1,27.02459377139991,0.2975
814,1072057,2.5779170210905074,2.5930602900885473,0.06043933243361291,2.4746013752690224,2.7115192049080723,3.133262857003577,0.31457068302434893,2.496983592740465,3.7695421212666895,3.133262857003577,0.2830209149490351,2.558699853704875,3.7078258603022793,1,1,1,21.927935426134514,0.3961
815,1073057,2.576252153071679,2.377440377676325,0.05819350330072004,2.263383207072701,2.491497548279949,2.3008868587915576,0.3218199799720737,1.6499445074156323,2.951829210167483,2.3008868587915576,0.3127280091651394,1.6660152479994625,2.9357584695836527,0,1,1,28.879159839378676,0.2979
816,1074057,2.5760480890420676,2.0374593909203726,0.052779651492868174,1.9340131748777754,2.14090560696297,2.567954252610786,0.3576796679506938,1.844478835965154,3.291429669256418,2.567954252610786,0.3143863204705137,1.9297160908901432,3.2061924143314284,0,1,1,35.48086876650541,0.3049
817,1075057,2.5755098467448403,2.427360996805348,0.054209386047108774,2.3211125525289864,2.533609441081709,2.2744733838091027,0.29757995221560485,1.6725611164776257,2.8763856511405796,2.2744733838091027,0.2626024140853728,1.741362140996708,2.807584626621497,0,1,1,23.46650708629809,0.3238
818,1076057,2.5750200755782977,2.684715152628612,0.05543696482985099,2.5760606981498904,2.793369607107334,2.819988272274087,0.3247487239902378,2.1631219769655092,3.476854567582665,2.819988272274087,0.31085893886092236,2.18891107592504,3.4510654686231343,0,1,1,31.44327912796753,0.2431
819,1077057,2.5758813901464213,2.3606515150742475,0.057981793871788596,2.2470092873265166,2.4742937428219784,2.521798570733087,0.33286540772650375,1.8485147329303537,3.1950824085358205,2.521798570733087,0.33605593331210637,1.8395687561806113,3.2040283852855627,0,1,1,33.59230771092394,0.3694
820,1078057,2.574971141695673,2.614307421453119,0.05515104441153318,2.5062133606967447,2.722401482209493,2.7615935724458316,0.34304141489861273,2.0677268173338446,3.4554603275578186,2.7615935724458316,0.33869393672559167,2.074008326248888,3.449178818642775,1,1,1,37.71441377999692,0.2668
821,1079057,2.577198674730245,2.5808159083811706,0.052659343203957105,2.4776054922518806,2.6840263245104605,2.734120863142303,0.36238281496877084,2.0011324337276086,3.467109292556997,2.734120863142303,0.33976120164408236,2.044368953972788,3.423872772311818,1,1,1,41.629068375858886,0.3568
822,1080057,2.574712710256012,2.1311506969342164,0.04211234772714725,2.0486120120845808,2.213689381783852,2.1984669593401374,0.28292604932678544,1.6261950083249759,2.770738910355299,2.1984669593401374,0.2793238239615972,1.6314094497664957,2.765524468913779,0,1,1,43.994364692279056,0.3041
823,1081057,2.577880791329444,1.811550093031365,0.04143867810360536,1.73033177638135,1.8927684096813802,1.804226504326205,0.21558077916829774,1.368173219768039,2.240279788884371,1.804226504326205,0.19822624475037912,1.4018058332711674,2.206647175381242,0,0,0,22.882871481386516,0.3376
824,1082057,2.5733305367214583,2.623060965561216,0.05687973481798543,2.5115787338677755,2.7345431972546566,2.9585294486887936,0.2880391235489517,2.3759153288709824,3.541143568506605,2.9585294486887936,0.2659712764180188,2.41857905174571,3.498479845631877,1,1,1,21.86524505443931,0.4004
825,1083057,2.577342590148352,2.6196033187835064,0.05637480556028109,2.509110730249907,2.730095907317106,2.894157722153114,0.3074902857250727,2.2721999132175004,3.5161155310887278,2.894157722153114,0.2805496705297232,2.324611611742702,3.4637038325635263,1,1,1,24.76563181413204,0.18
826,1084057,2.5755971958003725,2.1858953657580247,0.05576236307271648,2.076603142442654,2.2951875890733953,2.606397404861732,0.3427759244817554,1.913067654805279,3.299727154918185,2.606397404861732,0.3180675289576199,1.9606859926058724,3.2521088171175916,0,1,1,32.53541346183196,0.2983
827,1085057,2.5733968413515003,2.7686932330904312,0.051735432569805985,2.667293648529011,2.8700928176518516,3.065751440961767,0.3659048369948001,2.3256390495748542,3.80586383234868,3.065751440961767,0.3342432858581242,2.387201496376744,3.7443013855467906,0,1,1,41.73968957973628,0.3923
828,1086057,2.5750238455701875,1.923602957573624,0.055051340000084964,1.8157043138727882,2.0315016012744596,2.1007160413527872,0.3115633073903391,1.4705197684777263,2.730912314227848,2.1007160413527872,0.313773005522585,1.463722975170449,2.7377091075351254,0,1,1,32.48593464488435,0.323
829,1087057,2.5761836868940886,2.8299010070530284,0.05926074217993825,2.7137520866832356,2.946049927422821,3.44767587717576,0.41650111561740183,2.60522285243126,4.2901289019202595,3.44767587717576,0.3913821305637412,2.653127910942798,4.242223843408722,0,0,0,43.61820744319805,0.2809
830,1088057,2.5751234669772343,2.1250808367353358,0.048178351584282755,2.030653002795633,2.2195086706750384,2.3483114677491663,0.30891725849823803,1.7234673339421316,2.973155601556201,2.3483114677491663,0.273722697856552,1.792624848688507,2.9039980868098256,0,1,1,32.27882746256758,0.3884
831,1089057,2.5757790667675566,1.9956093762750358,0.057041863673237186,1.8838093778644471,2.1074093746856244,2.394329501879281,0.30420797030667185,1.7790108025371636,3.009648201221399,2.394329501879281,0.29070061940302094,1.804175869681923,2.9844831340766396,0,1,1,25.971946617376496,0.3489
832,1090057,2.5747047102295983,2.274096601891825,0.05691411544177646,2.162546985413988,2.385646218369662,2.501262441622107,0.4125430248405156,1.6668154111526965,3.3357094720915175,2.501262441622107,0.3591789024112276,1.7720905041768178,3.230434379067396,0,1,1,39.82737260162887,0.2248
833,1091057,2.5746164991530818,2.2156407374924014,0.046799522972705544,2.1239153579722436,2.3073661170125592,2.418573386262005,0.2878749694401807,1.8362912994694915,3.0008554730545183,2.418573386262005,0.26139786969323636,1.8879074985700157,2.949239273953994,0,1,1,31.197603567833408,0.4617
834,1092057,2.5741869885286683,2.127219981288349,0.04445941283976187,2.040081133348618,2.21435882922808,2.0765043981308633,0.2709763687771145,1.528402957460861,2.6246058388008655,2.0765043981308633,0.2385219182651212,1.5922791607993605,2.560729635462366,0,1,0,28.782541610308765,0.2204
835,1093057,2.571333295911095,2.577301581746741,0.05586669129634146,2.4678048788704943,2.6867982846229874,2.8057334226804587,0.35223022209564997,2.093280550685056,3.5181862946758615,2.8057334226804587,0.33152173471476204,2.1327085206487135,3.478758324712204,1,1,1,35.214223016592136,0.4415
836,1094057,2.5745649298837754,2.6669548307281743,0.04294764564856814,2.5827789920361925,2.751130669420156,2.8297057198399034,0.23987707338931333,2.344508541570348,3.314902898109459,2.8297057198399034,0.21353016624587057,2.396216436423548,3.263195003256259,0,1,1,24.71950409484329,0.4001
837,1095057,2.57648339004165,2.442472643642178,0.04328966800876998,2.3576264534422933,2.527318833842063,2.5742549189803663,0.2815508904819069,2.004764489274349,3.143745348686384,2.5742549189803663,0.25238332865448626,2.0618895225206817,3.086620315440051,0,1,1,33.990129360916995,0.3559
838,1096057,2.5756359664951987,2.3327787788485663,0.05172021458276776,2.231409020993658,2.4341485367034745,2.416132650131825,0.3107526315770812,1.787576123863334,3.0446891764003157,2.416132650131825,0.2972016426652601,1.8127812390680553,3.0194840611955946,0,1,1,33.020357799571165,0.3448
839,1097057,2.57421274818415,2.3922884041540207,0.05149600004408065,2.2913580987197495,2.493218709588292,2.747932926686121,0.3518835190846681,2.036181327722981,3.459684525649261,2.747932926686121,0.31154147536321836,2.1154701075724427,3.3803957457997997,0,1,1,36.600308962961584,0.4025
840,1098057,2.5732552695001916,2.3485581726011566,0.0522830997072351,2.2460851801748594,2.451031165027454,2.451200677563929,0.2856728919059972,1.8733727130050255,3.0290286421228325,2.451200677563929,0.2787080117561973,1.885393333230783,3.017008021897075,0,1,1,28.416870682766906,0.3291
841,1099057,2.5769181860265538,2.434488835625295,0.055090930735857614,2.3265125955082238,2.5424650757423666,2.7850139735239807,0.33808920127064584,2.1011640159513645,3.468863931096597,2.7850139735239807,0.32639470451007035,2.122397496159159,3.4476304508888025,0,1,1,35.10152531269559,0.3006
842,1100057,2.572201013379054,2.2514456021085345,0.05908842354161733,2.135634420063716,2.367256784153353,2.2546818017857464,0.371595801632792,1.5030583478993167,3.006305255672176,2.2546818017857464,0.36090560665535537,1.52200446836471,2.9873591352067828,0,1,1,37.30632343373437,0.3373
843,1101057,2.573805144450761,2.0211752379717747,0.054799543066580254,1.9137701071920257,2.1285803687515235,2.3487676933446107,0.3056891792710916,1.730452966079484,2.9670824206097373,2.3487676933446107,0.30056763912081264,1.7385829461899611,2.95895244049926,0,1,1,30.083652654236662,0.4006
844,1102057,2.569755583980264,1.8640288434190757,0.04766999878902966,1.7705973626495095,1.957460324188642,2.27403684240961,0.29630180524107863,1.6747098713579796,2.87336381346124,2.27403684240961,0.23478098539070544,1.7974061025655108,2.7506675822537088,0,1,1,24.25691466148239,0.3581
845,1103057,2.5764385775400616,2.5382042380981367,0.04492118074232715,2.4501603417001614,2.626248134496112,2.765828299574509,0.22568653933591365,2.3093341856852376,3.2223224134637807,2.765828299574509,0.19952651557741097,2.3607679384046416,3.1708886607443767,1,1,1,19.72872006449573,0.2699
846,1104057,2.570355762512778,2.8315822951078444,0.04948516379816408,2.7345931562943777,2.928571433921311,2.7751238361278787,0.31251811310856176,2.1429962863961696,3.407251385859588,2.7751238361278787,0.27778008023203443,2.2112002929388095,3.339047379316948,0,1,1,31.5102735733021,0.4197
847,1105057,2.573731739464946,2.0535292033255135,0.052304529797197054,1.951014208694705,2.1560441979563216,2.3659546174639514,0.2890775174351224,1.781240147761161,2.950669087166742,2.3659546174639514,0.27240149873652675,1.8129501752116528,2.91895905971625,0,1,1,27.12316593342326,0.3319
848,1106057,2.5754078176301562,2.820820551642358,0.05210946707890935,2.7186878729141197,2.922953230370596,2.9218006141034056,0.3248187491814008,2.2647926794764883,3.578808548730323,2.9218006141034056,0.27248411857351656,2.368628444665003,3.474972783541808,0,1,1,27.3431866229329,0.2689
849,1107057,2.5724863654552075,2.259668004461065,0.05852166210885333,2.14496765441229,2.3743683545098397,2.5184778313412255,0.3721402377893879,1.7657531513843097,3.2712025112981413,2.5184778313412255,0.31126924853440624,1.886567662071001,3.15038800061145,0,1,1,28.290402724330526,0.359
850,1108057,2.57698883022507,2.0674876549075476,0.05253455806372565,1.964521813158917,2.170453496656178,2.330136671194305,0.3363404011101384,1.649823995827306,3.010449346561304,2.330136671194305,0.3423679530026484,1.635092775424788,3.0251805669638223,0,1,1,42.471348073763394,0.4485
851,1109057,2.5764772554598108,2.191832569064354,0.04789284212312219,2.0979643233857717,2.2857008147429365,2.3550435887384524,0.3036047754383829,1.7409449661794358,2.969142211297469,2.3550435887384524,0.2592696671691741,1.8286981818634844,2.8813889956134204,0,1,1,29.306381561888834,0.364
852,1110057,2.575831880256077,2.0228672420420515,0.046553037541477826,1.9316249650898139,2.114109518994289,2.016334058083357,0.27311936130197473,1.4638980058916133,2.5687701102751004,2.016334058083357,0.2752253821291461,1.4575968277672473,2.5750712883994664,0,0,0,34.95271531073097,0.3408
853,1111057,2.573834890853195,2.551395676149446,0.04760737494136561,2.458086935865875,2.6447044164330173,2.8347031292174254,0.2941916780083514,2.2396442933595546,3.429761965075296,2.8347031292174254,0.2876134741355678,2.2508167351031845,3.4185895233316663,1,1,1,36.49807721158952,0.3348
854,1112057,2.5744316677633408,2.340089919924204,0.057952206449910004,2.2265056824577503,2.4536741573906573,2.679013230518603,0.34445616668305895,1.9822848698181108,3.3757415912190956,2.679013230518603,0.31104898158556177,2.0475502269275596,3.3104762341096468,0,1,1,28.808299002099243,0.5218
855,1113057,2.573740813438941,2.9168241906482253,0.05596791596056448,2.8071290910757543,3.0265192902206963,2.947621777147512,0.30247526326245316,2.335807808610819,3.5594357456842047,2.947621777147512,0.27975810457531486,2.379682631056877,3.515560923238147,0,1,1,24.98544463102426,0.2538
856,1114057,2.5731360338131744,2.40761454915587,0.046437543564405805,2.316598636239125,2.4986304620726147,2.734465407898605,0.2875374209963419,2.152866077278517,3.3160647385186928,2.734465407898605,0.2368664388667288,2.2536009724188335,3.215329843378376,0,1,1,26.017680995207606,0.3554
857,1115057,2.5737993724851744,2.8054331876342444,0.044057173035126386,2.7190827152247476,2.891783660043741,3.0879603959022677,0.24616348058572865,2.590047758876869,3.5858730329276662,3.0879603959022677,0.214501589911628,2.652499017600368,3.5234217742041674,0,0,0,23.704335071354336,0.3989
858,1116057,2.5749757895582213,2.3115480862782887,0.06001844764687935,2.1939140904824024,2.429182082074175,2.6882332459206637,0.36320242511737666,1.9535869985004144,3.422879493340913,2.6882332459206637,0.3575503902171137,1.9623673639918975,3.41409912784943,0,1,1,35.489918002673335,0.354
859,1117057,2.5786247088403744,2.3428013559182532,0.05058983369818973,2.2436471038859307,2.4419556079505758,2.8092665263039778,0.34839827140249013,2.1045645061816582,3.5139685464262973,2.8092665263039778,0.343884710129357,2.111143449866299,3.5073896027416565,0,1,1,46.20609105202904,0.3324
860,1118057,2.5766202803242413,2.312070357261761,0.04720391445078582,2.2195523850089107,2.404588329514611,2.366659566794571,0.3439179811023814,1.67101978918141,3.062299344407732,2.366659566794571,0.3166396723478111,1.723846857562689,3.009472276026453,0,1,1,44.99607434947852,0.3196
861,1119057,2.575177622550672,2.540443019850003,0.05103925763629372,2.4404079130852065,2.6404781266148,2.723739223503085,0.3496422593344681,2.0165210002861182,3.430957446720052,2.723739223503085,0.34553040070082364,2.0222752175888252,3.425203229417345,1,1,1,45.83147449764241,0.417
862,1120057,2.5743230599896547,2.3696421684799605,0.058518158858127584,2.254948684676437,2.484335652283484,2.788757727938496,0.33706069511294545,2.1069881204322627,3.4705273354447295,2.788757727938496,0.3132841098537032,2.152757172729642,3.42475828314735,0,1,1,28.661269834704534,0.4006
863,1121057,2.573410880244202,2.8240517767209212,0.05941719200075422,2.7075962203369417,2.9405073331049008,3.0700027789310296,0.3222724900305659,2.4181451395685665,3.7218604182934927,3.0700027789310296,0.313143747284576,2.43428717488659,3.705718382975469,0,1,1,27.775586710683132,0.3819
864,1122057,2.572292338371863,2.2466313183269344,0.04825444008210267,2.152054353671867,2.341208282982002,2.5832753147583207,0.25953897321393116,2.058308190242838,3.1082424392738033,2.5832753147583207,0.2550537928061796,2.065488587852175,3.1010620416644663,0,1,1,27.93759459246503,0.3143
865,1123057,2.5760646219023067,2.1712357250540406,0.048661389950866975,2.075861153312682,2.2666102967953994,2.28049434949021,0.2338202183799382,1.8075483168520967,2.7534403821283235,2.28049434949021,0.22630227680500214,1.8210763031672716,2.7399123958131484,0,1,1,21.627624815308334,0.3934
866,1124057,2.578550056741519,2.684137539009427,0.04908339762361998,2.587935847428273,2.780339230590581,2.8561719296373664,0.30389555280328906,2.2414851543426018,3.470858704932131,2.8561719296373664,0.2843106316870891,2.278990662163544,3.433353197111189,0,1,1,33.55188815199305,0.3547
867,1125057,2.576056320937765,2.3340100831660626,0.04890651421318127,2.238155076698831,2.429865089633294,2.433342404876074,0.3123366922529195,1.801581813461778,3.06510299629037,2.433342404876074,0.2972485144201389,1.829895839091114,3.0367889706610343,0,1,1,36.9407718934006,0.3226
868,1126057,2.5779150745703068,2.640972118053384,0.05328161737683437,2.5365420669567453,2.7454021691500228,2.8995142539303775,0.33087647538441556,2.2302534115165535,3.5687750963442015,2.8995142539303775,0.29418093909350057,2.302295197136531,3.496733310724224,1,1,1,30.48416200960571,0.3254
869,1127057,2.5731939674087148,2.3174315172853865,0.049366346237127844,2.2206752566122816,2.4141877779584915,2.5903275328512927,0.29008114392200046,2.0035830369663854,3.1770720287362,2.5903275328512927,0.25408159233573285,2.0745144778280498,3.1061405878745356,0,1,1,26.490151082685145,0.394
870,1128057,2.574129577347706,3.07504148041282,0.05973725461363257,2.9579586128348008,3.192124347990839,3.2097124324603628,0.3361481154962209,2.5297886914586885,3.889636173462037,3.2097124324603628,0.2839623817375543,2.6332381499701034,3.786186714950622,0,1,0,22.59597581479205,0.2996
871,1129057,2.578067280970787,2.376474235879236,0.05195876483516529,2.274636928121126,2.4783115436373464,2.4913383931578013,0.3461918763537131,1.7910992282666567,3.191577558048946,2.4913383931578013,0.29888901147622565,1.884561441293008,3.0981153450225944,0,1,1,33.090418549593096,0.4065
872,1130057,2.5759021955090207,2.4559939504660466,0.05880498981951258,2.3407382883085575,2.571249612623536,2.7932657046331277,0.37322073767260977,2.038355507373318,3.5481759018929373,2.7932657046331277,0.34840341264847985,2.085969174385973,3.5005622348802823,0,1,1,35.10237022272928,0.3394
873,1131057,2.5768995184495704,2.4133541001999737,0.052622225943731366,2.310216432563931,2.5164917678360164,2.4240984067273867,0.29649382897645266,1.8243830310097837,3.0238137824449898,2.4240984067273867,0.25862971082260916,1.8990521803053144,2.949144633149459,0,1,1,24.155631652763965,0.426
874,1132057,2.5744705694394026,2.476606932388683,0.0569362519723219,2.3650139291082346,2.5881999356691314,2.6626376156017595,0.3040655931590209,2.0476069012234164,3.2776683299801026,2.6626376156017595,0.30253316039081996,2.0484626481337234,3.2768125830697956,1,1,1,28.23372750568419,0.3419
875,1133057,2.5766406626124847,2.3568588016882632,0.050476147724729886,2.2579273700694693,2.455790233307057,2.5396887774020027,0.4005530879690752,1.7294936833742685,3.349883871429737,2.5396887774020027,0.3232558379262292,1.883444537974757,3.1959330168292484,0,1,1,41.01288765382374,0.3479
876,1134057,2.576216668226025,2.5814160837120674,0.053364525435430625,2.4768235358065516,2.6860086316175833,2.9545566326520056,0.34162001161704547,2.2635649370513553,3.645548328252656,2.9545566326520056,0.29569272051644974,2.3542684964056484,3.554844768898363,1,1,1,30.702657134758596,0.3673
877,1135057,2.575957402656368,2.1891916605947963,0.054076394162940675,2.0832038756216407,2.295179445567952,2.4572575370167815,0.32180252697772466,1.8063504876540533,3.1081645863795098,2.4572575370167815,0.29762990268882633,1.8530367118838171,3.061478362149746,0,1,1,30.292678440553395,0.4116
878,1136057,2.5773933014556554,2.123767073205662,0.05163153751484438,2.0225711192101383,2.2249630272011856,2.0982865526230947,0.30102955925772856,1.4893967964498191,2.7071763087963703,2.0982865526230947,0.2877570006679679,1.514108784157514,2.682464321088675,0,1,1,31.061446777792924,0.4001
879,1137057,2.579069086892086,2.807560642321671,0.05927527022122275,2.691383247514195,2.923738037129147,2.753063711575082,0.3106770038782573,2.1246601567663057,3.3814672663838583,2.753063711575082,0.2856962410537855,2.173069507540471,3.333057915609693,0,1,1,23.230682418040242,0.3566
880,1138057,2.5767636060304455,2.338737634809043,0.053134799830031255,2.234595340816437,2.4428799288016494,2.676634093639416,0.36140065708158875,1.9456322660651677,3.4076359212136644,2.676634093639416,0.30593114953456857,2.0555608414705473,3.297707345808285,0,1,1,33.150440180384024,0.381
881,1139057,2.5729736561184455,2.893009546180026,0.04731699900766852,2.800269932268478,2.9857491600915735,3.001694731364972,0.26628906187654794,2.463074263802171,3.5403151989277726,3.001694731364972,0.2599383128783246,2.473991901534667,3.5293975611952764,0,1,1,30.17909461642284,0.4437
882,1140057,2.5745731889268693,2.1418255051209854,0.06121382735962691,2.021848608140264,2.261802402101707,2.6359128779529253,0.3007675874221801,2.027553009832719,3.2442727460731318,2.6359128779529253,0.28652790863064437,2.054230298976864,3.2175954569289864,0,1,1,21.909617265575967,0.3882
883,1141057,2.5789290514708205,2.6124137181824256,0.05580001568257514,2.503047697107808,2.7217797392570433,2.3724140314618998,0.35165000674701047,1.661134755783856,3.0836933071399435,2.3724140314618998,0.3418401491669946,1.6784416344437043,3.0663864284800955,1,1,1,37.52990772811988,0.4122
884,1142057,2.5745570386212844,2.244496723470746,0.0516096814390727,2.143343606596578,2.3456498403449135,2.2504800795762403,0.3386958420811007,1.5654030751445935,2.935557084007887,2.2504800795762403,0.3311525816789161,1.5782045980493038,2.922755561103177,0,1,1,41.171238695029636,0.3652
885,1143057,2.576860485291254,2.897279167449823,0.06292307880682185,2.7739521991920766,3.0206061357075695,2.9637721289779027,0.3972618346002562,2.160234223254819,3.7673100347009862,2.9637721289779027,0.38772367049480105,2.1766512315360838,3.7508930264197216,0,1,1,37.96861034235278,0.2582
886,1144057,2.5788182741382895,2.639481763939574,0.04951832896860117,2.542427622586509,2.7365359052926386,2.55118338417529,0.29434433175235586,1.9558157769755118,3.1465509913750678,2.55118338417529,0.27767446818378977,1.9874742448426805,3.114892523507899,1,1,1,31.44415556061464,0.3945
887,1145057,2.572403560606263,2.4148154105444917,0.050631303924981184,2.315579878361227,2.5140509427277564,2.5465415907771987,0.2826724163465566,1.974782660888168,3.1183005206662293,2.5465415907771987,0.2537185538188245,2.0314655431253916,3.0616176384290057,0,1,1,25.111128499153118,0.3519
888,1146057,2.572498778430987,2.6361043700139777,0.053412233656191806,2.5314183157140038,2.7407904243139516,2.752316560643413,0.31969641354900735,2.1056695277895185,3.3989635934973075,2.752316560643413,0.2681906252937672,2.2078606459521195,3.2967724753347065,1,1,1,25.21190751428837,0.4256
889,1147057,2.5767298048927056,2.317210145121671,0.061719523429068925,2.19624210205772,2.438178188185622,2.7064722287834098,0.38162769372413224,1.9345573578530377,3.478387099713782,2.7064722287834098,0.3445825713310926,2.0069324187872697,3.40601203877955,0,1,1,31.170336228794095,0.3015
890,1148057,2.575583673751662,2.5407589600587883,0.055947575405241416,2.431103727242176,2.6504141928754006,2.7134116943726405,0.31678692796745667,2.0726496515865267,3.3541737371587543,2.7134116943726405,0.26483498203660194,2.1757680976620977,3.2510552910831834,1,1,1,22.407229400137837,0.3749
891,1149057,2.574248142383037,2.467539771609638,0.059654119559748316,2.350619845743085,2.584459697476191,2.3757170937033854,0.33438853210128394,1.6993524460576976,3.052081741349073,2.3757170937033854,0.34307656858823504,1.679234631815487,3.0721995555912835,1,1,1,33.07510524067451,0.3332
892,1150057,2.5753291959599403,2.1622416434897906,0.05297316289015374,2.0584161520779154,2.266067134901666,2.1861101830357526,0.28615683456009366,1.6073033520645896,2.7649170140069153,2.1861101830357526,0.26501587498411616,1.6480993541182967,2.7241210119532084,0,1,1,25.028335676743463,0.241
893,1151057,2.573229061137583,2.326288782345431,0.056649444711831906,2.2152579109660473,2.4373196537248147,2.4727955037904095,0.3598426066466055,1.744945130683961,3.200645876896858,2.4727955037904095,0.3509748644349161,1.7602786488844973,3.1853123586963217,0,1,1,38.38492669432749,0.5201
894,1152057,2.575088819724298,2.9197439687197844,0.042144828630009804,2.8371416224703525,3.0023463149692162,3.0868782520620512,0.2738669795281033,2.5329299992726635,3.640826504851439,3.0868782520620512,0.2542087003553259,2.5708071540404887,3.602949350083614,0,1,1,36.38247471002902,0.357
895,1153057,2.5767595234561393,2.33004802323892,0.050506808146909984,2.231056498296902,2.4290395481809375,2.20581413263296,0.2218729716881394,1.757033687397787,2.654594577868133,2.20581413263296,0.21670671861329707,1.7658761050709895,2.64575216019493,0,1,1,18.409623433518508,0.3255
896,1154057,2.5724649569668223,2.1656164505508797,0.0470745958736578,2.0733519380517325,2.257880963050027,2.1193741370750163,0.2655349464480224,1.5822790119421541,2.6564692622078785,2.1193741370750163,0.2641041416700686,1.5832142251868584,2.6555340489631742,0,1,1,31.475832313638442,0.379
897,1155057,2.579421998406917,2.194090350477117,0.05811306747467931,2.0801908311956,2.3079898697586345,2.4533156487340246,0.327172654025421,1.791546492152477,3.115084805315572,2.4533156487340246,0.27882552199875227,1.8872697459258174,3.019361551542232,0,1,1,23.020642879089824,0.3725
898,1156057,2.573701030669345,2.4336861884041543,0.050301953753634235,2.335096170695032,2.5322762061132766,2.6385780429840624,0.3075801515442127,2.0164384632720527,3.260717622696072,2.6385780429840624,0.30571632545162625,2.017940906889154,3.259215179078971,0,1,1,36.93750480344694,0.3874
899,1157057,2.572700491799339,2.3940411468380947,0.05399207606294415,2.288218622304177,2.499863671372012,2.5372525010948634,0.3050041136759334,1.9203234497886932,3.1541815524010337,2.5372525010948634,0.3006464443631399,1.9269077707929776,3.147597231396749,0,1,1,31.006453163623526,0.3486
900,1158057,2.575085469581158,2.2298946284021968,0.045739355070274594,2.140247139788369,2.3195421170160246,2.5204468146727605,0.21136393537172865,2.0929229017731283,2.9479707275723928,2.5204468146727605,0.18022173739050856,2.154577236753238,2.886316392592283,0,1,1,15.525095157635754,0.4505
901,1159057,2.574699840275584,2.7057849813455594,0.04939689664432086,2.608968842974643,2.802601119716476,2.9232319322404225,0.3442230006382963,2.2269751943815326,3.6194886700993125,2.9232319322404225,0.31966589448530974,2.274275665454558,3.572188199026287,0,1,1,41.878708136917545,0.3295
902,1160057,2.574563808875683,2.455397894283184,0.049027552934071565,2.3593056562822725,2.5514901322840955,2.562282232720222,0.2587917416036122,2.038826526798096,3.085737938642348,2.562282232720222,0.24967034391068388,2.055424488098153,3.069139977342291,0,1,1,25.933043257305155,0.3118
903,1161057,2.5731667810615853,2.6477758913109586,0.04827291002286569,2.553162726237199,2.742389056384718,2.8804167650789347,0.2602240804055117,2.3540638804677902,3.4067696496900792,2.8804167650789347,0.23806980437047603,2.3971093677494233,3.363724162408446,1,1,1,24.32213361778614,0.3672
904,1162057,2.574185021783561,2.467248312250269,0.05306244794726799,2.3632478253420923,2.5712487991584454,2.4655262477564515,0.2873089681805469,1.8843890065725288,3.046663488940374,2.4655262477564515,0.27660444076540147,1.9039893795693577,3.0270631159435455,0,1,1,27.173384457597592,0.3093
905,1163057,2.576696458078882,2.073279338300242,0.04072762470206187,1.9934546607083368,2.153104015892147,2.1444105499577133,0.21342970517587287,1.7127082232323525,2.576112876683074,2.1444105499577133,0.2126934188102724,1.7126199541443088,2.576201145771118,0,0,0,27.272813334556027,0.3392
906,1164057,2.575080372221875,2.583483421912512,0.047860248937941316,2.4896790577030252,2.6772877861219984,2.791286509885868,0.3007211553338044,2.1830205595292176,3.3995524602425187,2.791286509885868,0.2790407171762955,2.224803737641609,3.357769282130127,1,1,1,33.99266799167911,0.3385
907,1165057,2.5767789087534516,2.6453531237252177,0.053878969709791696,2.5397522835699013,2.750953963880534,3.0029723236246575,0.350180539503462,2.294665325997431,3.711279321251884,3.0029723236246575,0.31228736040216676,2.3689952773798466,3.6369493698694684,1,1,1,33.59465990277703,0.3373
908,1166057,2.572718339151802,2.0555124203496296,0.0577215515397016,1.942380258200042,2.1686445824992173,2.5309574437419027,0.4712052650603341,1.57785483263085,3.4840600548529554,2.5309574437419027,0.36085674190406575,1.7983793110398714,3.263535576443934,0,1,1,39.08351854310081,0.4171
909,1167057,2.5778843579524575,2.397273960122981,0.045378667037996465,2.308333407062073,2.4862145131838886,2.3340425372318037,0.28115492559057376,1.765353022116139,2.902732052347468,2.3340425372318037,0.28148404710943103,1.7625995415189548,2.9054855329446525,0,1,1,38.47725697222175,0.3622
910,1168057,2.5736957474060205,2.4767752202711506,0.046151689893262356,2.3863195702546953,2.567230870287606,2.7938888577366683,0.26349366055637974,2.2609226230420307,3.326855092431306,2.7938888577366683,0.23352902894749056,2.319799724593764,3.2679779908795727,0,1,1,25.603924111505197,0.3246
911,1169057,2.5741427802498533,2.1134280568806156,0.04556782450363719,2.024116761999645,2.2027393517615863,2.2030846506388264,0.26579868686197244,1.6654560601654205,2.7407132411122324,2.2030846506388264,0.25984618461293163,1.6755688511305118,2.730600450147141,0,1,1,32.51742136349109,0.3898
912,1170057,2.574932760954082,2.2006138649382687,0.04503745798226401,2.1123420693377954,2.288885660538742,2.1255883821282864,0.244267854516707,1.6315100107404827,2.61966675351609,2.1255883821282864,0.24638952480048631,1.6253910543929848,2.625785709863588,0,1,1,29.92931243885056,0.3021
913,1171057,2.5746732539093236,2.945264583884662,0.04850095125275413,2.850204466213331,3.040324701555993,3.040839244354857,0.2657864009633369,2.5032355044570656,3.578442984252648,3.040839244354857,0.2306151138247173,2.572665673404943,3.5090128153047706,0,1,1,22.608670238123292,0.3285
914,1172057,2.5738816126649504,2.146177824362432,0.05418891884310101,2.03996949506879,2.2523861536560736,2.3499585195648063,0.3147762425803217,1.713263471854301,2.9866535672753116,2.3499585195648063,0.2860534622500063,1.7692391179476084,2.930677921182004,0,1,1,27.86592377517609,0.3676
915,1173057,2.5773833268156667,2.346146173917197,0.05256028584821575,2.243129906637564,2.4491624411968305,2.6872766400853614,0.35222238305209685,1.9748396240521755,3.3997136561185473,2.6872766400853614,0.31036164182977477,2.0572090103819427,3.31734426978878,0,1,1,34.86748673599522,0.3454
916,1174057,2.574389345786778,2.494471093271182,0.05184033093123509,2.3928659116993236,2.596076274843041,2.860888955049323,0.3003255449167658,2.2534232022910885,3.468354707807557,2.860888955049323,0.2582483211366558,2.336616990852457,3.3851609192461884,1,1,1,24.816440145967594,0.3466
917,1175057,2.575543337735767,2.672227147942706,0.05057910632601422,2.5730939211734962,2.7713603747119158,2.55935420473679,0.33219628170787413,1.8874238020562992,3.231284607417281,2.55935420473679,0.3091926680333819,1.9316597180053452,3.187048691468235,1,1,1,37.36939531518496,0.2911
918,1176057,2.5742983932658094,2.069380648984101,0.05218893537329854,1.9670922152609474,2.1716690827072545,1.8855403981347192,0.32440667961359326,1.2293659528810297,2.5417148433884087,1.8855403981347192,0.3054827867473505,1.2653773708149143,2.505703425454524,0,0,0,34.2623078079283,0.335
919,1177057,2.579091414286728,2.6230512758268123,0.055988199736182374,2.51331642078466,2.7327861308689645,2.8351641765182363,0.3263487538015745,2.1750615154384794,3.495266837597993,2.8351641765182363,0.265889138570662,2.2953805282702815,3.374947824766191,1,1,1,22.553200843758948,0.3528
920,1178057,2.576280138057001,2.8922153076197628,0.05287862686023446,2.788575103421771,2.9958555118177546,3.0400929464833384,0.35993542672550666,2.3120548270460994,3.7681310659205773,3.0400929464833384,0.3403872628632537,2.3490700654692134,3.7311158274974634,0,1,1,41.43680516236212,0.2194
921,1179057,2.573481210581376,2.4249475611526634,0.051575121107533484,2.3238621812836064,2.5260329410217204,2.517743697083509,0.35288109542114193,1.8039743095225396,3.2315130846444786,2.517743697083509,0.31549088398132213,1.877263152222318,3.1582242419447,0,1,1,37.41908098542981,0.4288
922,1180057,2.5757567737183065,2.144685602983459,0.05785394544658773,2.031293953544602,2.258077252422316,2.534155433514494,0.29745483496604463,1.9324962397076422,3.1358146273213454,2.534155433514494,0.2521229215261103,2.0223186916306983,3.0459921753982893,0,1,1,18.991475100496526,0.3563
923,1181057,2.5734897584913154,2.2608942914425882,0.055636207526859036,2.1518493284535483,2.3699392544316282,2.354957908077429,0.31021011271043186,1.7274987297944584,2.9824170863603996,2.354957908077429,0.30168511648288915,1.7425045612703878,2.96741125488447,0,1,1,29.40307374138303,0.3789
924,1182057,2.5759078951046392,2.0645594214673437,0.05486218022829054,1.9570315241065488,2.1720873188281384,2.3965613217934605,0.3044273779212449,1.780798828661559,3.012323814925362,2.3965613217934605,0.27034905507469564,1.8477235616913323,2.9453990818955886,0,1,1,24.283069726943484,0.368
925,1183057,2.576315759346359,2.6873517249029013,0.06877699372256889,2.552551294241729,2.8221521555640736,3.0783308778682823,0.4281923790729735,2.21223004068844,3.9444317150481245,3.0783308778682823,0.3254903125965355,2.4175504136973736,3.739111342039191,1,1,1,22.39699522887494,0.3692
926,1184057,2.575624286357808,2.38992837782526,0.056649855570761735,2.278896701177171,2.5009600544733486,2.806353259701361,0.3493041940787532,2.0998188380075087,3.5128876813952132,2.806353259701361,0.31590378252899837,2.165034486224969,3.447672033177753,0,1,1,31.096537767020344,0.4022
927,1185057,2.5747590806477016,2.403448101664016,0.056682708157570004,2.292352035128984,2.514544168199048,2.9786755812802923,0.3160108259421161,2.339483353013857,3.617867809546728,2.9786755812802923,0.26955501464998766,2.431449808939715,3.5259013536208696,0,1,1,22.614846697462827,0.3499
928,1186057,2.5735417371535356,2.5456975330372162,0.05082038358161691,2.4460914115367363,2.6453036545376962,2.735781081721114,0.3670754351675561,1.993300932039156,3.4782612314030725,2.735781081721114,0.3511772870877974,2.02285328698273,3.448708876459498,1,1,1,47.75039424413714,0.3666
929,1187057,2.572809620950488,2.555882654232005,0.048744857658210426,2.460344488790381,2.651420819673629,2.889449589382283,0.22746393095803472,2.4293603615975976,3.349538817166968,2.889449589382283,0.20244963866107513,2.478454972865017,3.3004442058995487,1,1,1,17.249495547049705,0.3435
930,1188057,2.5727463770018084,2.8944806728768313,0.05097360986465591,2.7945742333801102,2.9943871123735524,2.986546051137833,0.3281132220844882,2.3228744160835335,3.650217686192132,2.986546051137833,0.31173737142493363,2.3536855418761533,3.6194065603995123,0,1,1,37.40132231560553,0.3062
931,1189057,2.5766120037625924,2.5571729173506945,0.04908429841838045,2.4609694602442524,2.6533763744571366,2.791864423112572,0.2710308416781845,2.2436528006001875,3.3400760456249565,2.791864423112572,0.24397546149520594,2.296567904432618,3.287160941792526,1,1,1,24.706266440408264,0.3744
932,1190057,2.5766928037358805,2.4539339194003653,0.04622759372705912,2.36332950060338,2.5445383381973508,2.635081104925701,0.29468643455539845,2.0390215294924894,3.2311406803589127,2.635081104925701,0.2586459241545573,2.1100019636898977,3.1601602461615044,0,1,1,31.30463917830917,0.383
933,1191057,2.57450042773837,2.657425307687103,0.06523472545422285,2.5295675952554677,2.785283020118738,3.0928529097740927,0.35867312212896213,2.367368042382605,3.8183377771655804,3.0928529097740927,0.34832343171493046,2.3857187494542456,3.7999870700939398,1,1,1,28.510688355031476,0.3592
934,1192057,2.574980064689068,2.427989040383909,0.060092024695262716,2.3102108362231024,2.5457672445447153,2.6974124816784624,0.40489228678225403,1.878440529611077,3.5163844337458476,2.6974124816784624,0.34625255164944535,1.994482431398012,3.4003425319589127,0,1,1,33.2010861053132,0.3238
935,1193057,2.5738354713999403,2.74230464409769,0.046494958915285954,2.65117619916106,2.8334330890343202,2.6935822602075006,0.24587528568499753,2.1962525523910115,3.1909119680239897,2.6935822602075006,0.2320811739754755,2.222432428922241,3.1647320914927604,0,1,1,24.915412901576364,0.3148
936,1194057,2.575970479827578,2.3073768638069674,0.04887450111415248,2.211584601860866,2.403169125753069,2.350707620233971,0.2865990617996451,1.7710063002407748,2.9304089402271676,2.350707620233971,0.28949446803794954,1.7630026054855144,2.938412634982428,0,1,1,35.084546208687705,0.4173
937,1195057,2.576103484811204,2.265079723337732,0.051119083383611964,2.1648881609831525,2.3652712856923115,2.636435227753156,0.2763123553090043,2.0775407355756617,3.1953297199306503,2.636435227753156,0.26607123483925843,2.0962819044266188,3.176588551079693,0,1,1,27.091293079943195,0.2884
938,1196057,2.5774516497140487,2.3751534183063874,0.05152698778025747,2.274162378025247,2.4761444585875276,2.6086635867092545,0.3957990146139104,1.8080845136902008,3.4092426597283083,2.6086635867092545,0.30967328905477665,1.9799933874317923,3.2373337859867166,0,1,1,36.11918847944268,0.38
939,1197057,2.5713772445899443,2.4571773774946815,0.05229150416635551,2.3546879126311984,2.5596668423581646,2.679147486763453,0.33251983074749986,2.0065626443783247,3.3517323291485814,2.679147486763453,0.3159094271970685,2.03781725400166,3.320477719525246,0,1,1,36.49748200857815,0.481
940,1198057,2.572567305949495,2.5588887462206773,0.047994088329077346,2.4648220616248517,2.652955430816503,2.6564862526399042,0.279840875118679,2.090454655482211,3.2225178497975975,2.6564862526399042,0.2726913037768263,2.1028934748776464,3.210079030402162,1,1,1,32.28249435837222,0.2884
941,1199057,2.570364640929603,2.354681799598449,0.0494329965921591,2.257794906629926,2.451568692566972,2.6521427324353493,0.27133480348673406,2.1033162891327737,3.200969175737925,2.6521427324353493,0.2583674971835941,2.127628828000737,3.1766566368699616,0,1,1,27.317558429252703,0.3655
942,1200057,2.5720661496826436,2.460616623705921,0.051206468859901474,2.3602537889650423,2.5609794584467998,2.6780525972522455,0.3421019163645535,1.986086157294488,3.370019037210003,2.6780525972522455,0.299037608172468,2.070973978056299,3.285131216448192,0,1,1,34.103736486645246,0.3354
943,1201057,2.574410942622594,2.3203243415033885,0.049459224317717404,2.2233860431373746,2.4172626398694024,2.4607007563308283,0.3373205567199429,1.7784055291116547,3.142995983550002,2.4607007563308283,0.3134455166498412,1.824372527905461,3.0970289847561956,0,1,1,40.16331235181165,0.4367
944,1202057,2.5745405942170394,2.8237380891416333,0.058977234667804856,2.7081448332849685,2.939331344998298,2.8358017995228724,0.35524298860330855,2.117255032068238,3.554348566977507,2.8358017995228724,0.3261977172609581,2.1735852275342378,3.498018371511507,0,1,1,30.590954224050673,0.2063
945,1203057,2.5758621732234386,2.4412778138599815,0.05032806056722864,2.342636627736463,2.5399189999835,2.3388407185099402,0.30983180111583847,1.7121467476542982,2.9655346893655823,2.3388407185099402,0.2678287539275238,1.795119441748264,2.882561995271616,0,1,1,28.320049744996265,0.459
946,1204057,2.5760239269854592,2.5922231571000425,0.05521830370260539,2.483997270555541,2.700449043644544,2.626714271518912,0.33991989035933545,1.939161395749193,3.314267147288631,2.626714271518912,0.33289760027246473,1.950896213910268,3.302532329127556,1,1,1,36.345881551253626,0.3956
947,1205057,2.5730793480168983,2.413821906113799,0.052031452810327554,2.3118421325422616,2.5158016796853366,2.615027461791913,0.25887562579226314,2.091402084083068,3.1386528395007582,2.615027461791913,0.21780779729613445,2.172854125666287,3.057200797917539,0,1,1,17.523261472771644,0.3525
948,1206057,2.5763789714173266,2.702348522114134,0.05204420902673898,2.600343746817851,2.8043532974104166,3.02816795038775,0.27851794764588167,2.4648122266171515,3.5915236741583487,3.02816795038775,0.2678416069631264,2.484420580576595,3.5719153201989053,0,1,1,26.485688010742976,0.4012
949,1207057,2.5750622097281437,2.3996028790195445,0.047246936145456046,2.307000585794587,2.492205172244502,2.619019037514708,0.22452255863090767,2.1648792968285497,3.0731587782008662,2.619019037514708,0.21594358384553786,2.180630255895089,3.057407819134327,0,1,1,20.88975314557157,0.3597
950,1208057,2.5752768024081325,2.5736939346416823,0.05916610906380377,2.457730491771258,2.6896573775121064,2.9721085600844477,0.32892500902413874,2.3067949309583127,3.6374221892105827,2.9721085600844477,0.3182364646705358,2.326054190098433,3.6181629300704623,1,1,1,28.930361662938452,0.304
951,1209057,2.5747752736168854,2.5647510507525055,0.054098809821327476,2.458719331896222,2.670782769608789,2.6750313161745174,0.2932155603310633,2.081946864679385,3.26811576766965,2.6750313161745174,0.2712434636258521,2.1243778101815916,3.2256848221674432,1,1,1,25.13871888550898,0.416
952,1210057,2.57348463722248,2.326604693501973,0.04909683620879594,2.230376662777871,2.4228327242260748,2.5656503676260547,0.36545616397920594,1.8264455030738493,3.30485523217826,2.5656503676260547,0.304391333436902,1.9477031083251064,3.183597626927003,0,1,1,38.43771407987275,0.3999
953,1211057,2.574583897682699,2.4233274537664937,0.04880003126863908,2.3276811500355326,2.518973757497455,2.447405633222295,0.2949076704907213,1.85089856587152,3.0439127005730695,2.447405633222295,0.27235985067160806,1.894485741036784,3.000325525407806,0,1,1,31.149133799846485,0.3739
954,1212057,2.574243669028128,2.280330153453218,0.05393829356401197,2.1746130406802058,2.38604726622623,2.2952516365664923,0.2570671821651842,1.7752841813615383,2.8152190917714464,2.2952516365664923,0.25986910533422264,1.7676893055201637,2.822813967612821,0,1,1,23.212124818981682,0.2999
955,1213057,2.5768526758135586,2.49577663255367,0.048740372724359285,2.4002472574208675,2.5913060076864727,2.2855132297154657,0.35137274215677183,1.5747947746065454,2.996231684824386,2.2855132297154657,0.3089026340565426,1.6584075432598642,2.912618916171067,1,1,1,40.1666425351003,0.4575
956,1214057,2.576391904777737,2.0940231829211102,0.051442123318293224,1.9931984739289874,2.1948478919132333,2.2012724874917278,0.2839791564077693,1.6268704263460338,2.7756745486374217,2.2012724874917278,0.28474724836149296,1.6232048410455917,2.779340133937864,0,1,1,30.63947359991935,0.3228
957,1215057,2.5762233309286864,2.5972046565666003,0.04883890440153687,2.501482162895193,2.6929271502380074,2.7185911408323706,0.3489280072084611,2.012817628905295,3.4243646527594462,2.7185911408323706,0.3335059723814759,2.041538022181897,3.3956442594828444,1,1,1,46.631072631559405,0.4601
958,1216057,2.5759175276880417,2.274566384397567,0.04687529960462981,2.1826924854079683,2.366440283387166,2.544163082627418,0.343806110853448,1.8487495839509969,3.2395765813038393,2.544163082627418,0.2781994829196005,1.9793881067171912,3.1089380585376447,0,1,1,35.22285247438585,0.4023
959,1217057,2.5751710769283775,2.5310541711102963,0.05868912627681758,2.4160255973236104,2.646082744896982,2.750594291710985,0.37241964039122916,1.9973044666482904,3.50388411677368,2.750594291710985,0.3079279168499068,2.1254673863843774,3.375721197037593,1,1,1,27.528518509187798,0.3641
960,1218057,2.5765158671004853,2.801453268107587,0.05111711667713826,2.7012655604268643,2.90164097578831,2.647558525965274,0.3099481067437737,2.0206293047720583,3.27448774715849,2.647558525965274,0.29486016683644656,2.048960563545385,3.246156488385163,0,1,1,33.27357889819026,0.2563
961,1219057,2.5774722513653923,2.295100802299492,0.04878133394280766,2.1994911446537677,2.390710459945216,2.2962730978153156,0.27342096317763015,1.7432269982482178,2.8493191973824135,2.2962730978153156,0.265171066031366,1.7579472143224444,2.834598981308187,0,1,1,29.54914539520205,0.4577
962,1220057,2.575154765157298,2.602802883799969,0.05471892751032043,2.4955557566070827,2.710050010992855,2.6427761025780763,0.2993032026969122,2.0373782321451097,3.248173973011043,2.6427761025780763,0.28006819965695634,2.0742074300036895,3.211344775152463,1,1,1,26.1970534412554,0.331
963,1221057,2.5765000326696113,2.6666604307544364,0.0511579282724578,2.566392733816736,2.766928127692137,2.7987108711197646,0.36222658564790083,2.0660384453338376,3.5313832969056915,2.7987108711197646,0.2751054588225539,2.2402170980591496,3.3572046441803796,1,1,1,28.918284013950696,0.3728
964,1222057,2.5750639045695802,2.0520567578748414,0.047482391066361644,1.9589929814849263,2.145120534264757,2.38319914712355,0.2981306144893477,1.7801730602109667,2.9862252340361337,2.38319914712355,0.2717937426463932,1.831428515328274,2.934969778918826,0,1,1,32.765269682308364,0.2819
965,1223057,2.580113501754193,2.534163401104842,0.05311184598716015,2.43006609581757,2.6382607063921144,2.716569280644047,0.286513695235244,2.137040630825539,3.2960979304625546,2.716569280644047,0.28591492419456443,2.136131126231566,3.297007435056528,1,1,1,28.979497991472304,0.2925
966,1224057,2.5734456772045,2.1167853587100733,0.05039147562580769,2.0180198813556625,2.215550836064484,2.289625061352846,0.28250067863629963,1.7182135037709798,2.861036618934712,2.289625061352846,0.28322382650848804,1.714650125688565,2.8645999970171268,0,1,1,31.58969406251008,0.3656
967,1225057,2.5726005282765283,2.4903006930489147,0.059945859038319775,2.3728089683114932,2.607792417786336,2.637072636982763,0.3742191979540743,1.8801428631776176,3.394002410787908,2.637072636982763,0.3205071815340255,1.9864084666893658,3.28773680727616,1,1,1,28.586247793107468,0.341
968,1226057,2.5758475559876475,2.6433144924150564,0.05873173220748549,2.5282024125387337,2.758426572291379,3.0053045812520747,0.36505855190063813,2.2669039630408854,3.743705199463264,3.0053045812520747,0.29559438245003217,2.4052160818940003,3.605393080610149,1,1,1,25.33067325367629,0.4259
969,1227057,2.5742925957705745,2.110584137850966,0.050217397867726,2.0121598466329047,2.2090084290690273,2.2364334832960147,0.3543252775219171,1.5197429617129277,2.9531240048791014,2.2364334832960147,0.3392178204033013,1.547784696691472,2.9250822699005576,0,1,1,45.6298360889741,0.3249
970,1228057,2.5757472831304504,2.3749643195346333,0.05443399134622271,2.2682756569612716,2.481652982107995,2.714794772144444,0.35932769052685265,1.987985915198,3.4416036290908876,2.714794772144444,0.3223984122610498,2.0602911993579642,3.3692983449309235,0,1,1,35.07885658368122,0.3032
971,1229057,2.5785227314931776,2.3447846442639895,0.04848794962126415,2.249750009322119,2.4398192792058597,2.268655476520706,0.24631498726254478,1.7704363883157863,2.7668745647256254,2.268655476520706,0.24046414907453154,1.780487301024527,2.7568236520168847,0,1,1,24.59421884365798,0.3715
972,1230057,2.573041652258273,2.435641248566404,0.05356145920619119,2.330662717562858,2.54061977956995,2.961783799820388,0.33083651613192727,2.2926037826237438,3.6309638170170326,2.961783799820388,0.2897498001713883,2.3735604332835005,3.550007166357276,0,1,1,29.2645257007077,0.366
973,1231057,2.5729557485983405,2.228721945619241,0.06570361178537011,2.099945232865714,2.3574986583727675,2.5721148053271783,0.347332608983481,1.8695682909036129,3.2746613197507437,2.5721148053271783,0.2804105642017071,2.002851095776141,3.1413785148782156,0,1,1,18.214206455619436,0.3261
974,1232057,2.5750296451936596,2.289329727745441,0.0542632924952247,2.182975628772238,2.395683826718644,2.4989162905826046,0.3024559712511606,1.8871413438219826,3.1106912373432265,2.4989162905826046,0.3038545841704598,1.882058690222943,3.115773890942266,0,1,1,31.35590228832369,0.3363
975,1233057,2.5717493035612873,2.3459487481700556,0.05088489667185071,2.2462161833361862,2.445681313003925,2.5820913313220277,0.30588232715485136,1.963385925586196,3.2007967370578596,2.5820913313220277,0.288666125889345,1.996067940536757,3.1681147221072985,0,1,1,32.1820609843496,0.3625
976,1234057,2.5774203784318375,2.743410217023369,0.04940444056543738,2.646579292838762,2.8402411412079758,2.9616566749009228,0.27650035612247126,2.4023819151850696,3.520931434616776,2.9616566749009228,0.24113011591447195,2.4721365148430294,3.451176834958816,0,1,1,23.821600555344272,0.2256
977,1235057,2.576255526862722,2.555238700173209,0.05964862317125078,2.438329547030156,2.672147853316262,2.452651465414803,0.33226143682403875,1.7805892740724523,3.124713656757154,2.452651465414803,0.30239039625754127,1.8387663245456058,3.066536606284,1,1,1,25.700119400161107,0.3067
978,1236057,2.5801004708796644,2.4407079343854776,0.0482284565008281,2.346181896613898,2.5352339721570574,2.6518810862536464,0.3658375986305805,1.9119046972955185,3.3918574752117743,2.6518810862536464,0.31356035434475177,2.015319724913379,3.288442447593914,0,1,1,42.27032306385753,0.3504
979,1237057,2.5730494982874728,2.4886870240544146,0.051771966826011075,2.3872158336666303,2.590158214442199,2.7798621876653073,0.3530988436195265,2.065652362800611,3.4940720125300038,2.7798621876653073,0.2888095623359141,2.1935476054126566,3.366176769917958,1,1,1,31.119585832136078,0.2972
980,1238057,2.5752143620818577,2.7356989368243463,0.04842312093748259,2.640791363767853,2.8306065098808397,2.8009353913563246,0.28774535322497957,2.218915478105388,3.382955304607261,2.8009353913563246,0.2757204394113413,2.2411931413266926,3.3606776413859567,0,1,1,32.42144522319843,0.2429
981,1239057,2.5730782779718946,2.6656797676748845,0.047398658675373455,2.5727801037556457,2.758579431594123,2.874133435467085,0.25394700442485757,2.3604771354463905,3.3877897354877797,2.874133435467085,0.2407519356781118,2.3853810221053338,3.3628858488288365,1,1,1,25.799273202009825,0.5211
982,1240057,2.5743272556351195,2.656004290270113,0.0524990116991312,2.553108118115869,2.758900462424357,2.7737973846173434,0.37577696092969226,2.0137167377858463,3.5338780314488405,2.7737973846173434,0.354310882895329,2.0545080521861574,3.4930867170485294,1,1,1,45.54772907171037,0.3061
983,1241057,2.5762503910398786,2.830971514182999,0.05031079062043028,2.7323641765332205,2.929578851832778,2.6528608939579623,0.24371179397763995,2.15990726117352,3.1458145267424045,2.6528608939579623,0.23081092336240588,2.18428980851316,3.1214319794027645,0,1,1,21.04701121131756,0.3639
984,1242057,2.574961618994773,2.13952721385798,0.052269390783384675,2.0370810904286962,2.2419733372872637,2.1972627196613983,0.24237493065132085,1.707013148188432,2.6875122911343645,2.1972627196613983,0.23442520322110222,1.721354256020541,2.6731711833022556,0,1,1,20.114707691994703,0.4042
985,1243057,2.5722424383606857,2.4093486640404036,0.04823089944268117,2.3148178381907756,2.5038794898900316,2.4876547000795926,0.30349560220911037,1.8737769012201364,3.101532498939049,2.4876547000795926,0.2866955817050106,1.9056317266659066,3.0696776734932785,0,1,1,35.333875792311474,0.2722
986,1244057,2.5754176800417032,2.3089830702684013,0.05692511020445349,2.197411904451699,2.4205542360851036,2.4617481654944546,0.2984239538050705,1.858128743811469,3.06536758717744,2.4617481654944546,0.2828616061400229,1.8875085762719683,3.035987754716941,0,1,1,24.69108906073186,0.2738
987,1245057,2.571600413190296,2.5665495807744763,0.05392131003574047,2.460865755105207,2.6722334064437456,2.9986385026882716,0.3226811021612228,2.3459543672793117,3.6513226380972315,2.9986385026882716,0.29839343765569065,2.3928676191655796,3.6044093862109636,1,1,1,30.623700281809878,0.4404
988,1246057,2.5756823068591688,2.430152831606632,0.06440247011848389,2.3039263096589866,2.5563793535542776,2.7871076838370223,0.43096408067760794,1.9154005509884349,3.65881481668561,2.7871076838370223,0.3944254110226329,1.9863815298165752,3.5878338378574695,0,1,1,37.50807052958788,0.2742
989,1247057,2.574986852351397,2.3611309517272487,0.05956689386514532,2.244381985080644,2.4778799183738536,2.853868824771515,0.39045778884464805,2.0640934006178147,3.643644248925215,2.853868824771515,0.35972847771782945,2.123581190139123,3.584156459403907,0,1,1,36.470333207969816,0.3791
990,1248057,2.5752650695964365,2.128253843590163,0.04734555744567415,2.0354582561686696,2.2210494310116564,2.323010198252915,0.2617326900387256,1.7936058626347888,2.852414533871041,2.323010198252915,0.25141873203083265,1.8126030370464732,2.833417359459357,0,1,1,28.19920047283399,0.3804
991,1249057,2.577941704162349,2.292064683886173,0.05104461151696131,2.1920190837080904,2.3921102840642554,2.5296084062933906,0.3308634254370924,1.860373959889524,3.198842852697257,2.5296084062933906,0.32737184269730707,1.8650082329476634,3.1942085796391178,0,1,1,41.13228535877988,0.3718
992,1250057,2.5753187831273636,2.2599521934668942,0.05831764394526093,2.1456517116709524,2.374252675262836,2.27465891181394,0.2829592000880318,1.702319907055013,2.846997916572867,2.27465891181394,0.25694741740638166,1.7530279225937946,2.7962899010340854,0,1,1,19.41281759311446,0.3606
993,1251057,2.5735125928243265,2.4410265028848803,0.05393293808363434,2.3353198866605283,2.5467331191092324,2.624802611311944,0.34164729065545374,1.9337557386479978,3.3158494839758905,2.624802611311944,0.2940319157059545,2.0278860880786493,3.2217191345452387,0,1,1,29.722188715002414,0.413
994,1252057,2.5755961558717813,1.944014314149679,0.05236795105246908,1.8413750161426832,2.0466536121566747,2.47949488861893,0.2528481567438556,1.9680612178251016,2.990928559412758,2.47949488861893,0.2226700203856623,2.0274507148503313,2.9315390623875284,0,1,1,18.079746368702928,0.3231
995,1253057,2.574626117410195,2.548350247447403,0.04747499733110352,2.4553009625123052,2.641399532382501,2.773546262623373,0.2634096160341649,2.240750024020698,3.3063425012260477,2.773546262623373,0.2560741970958767,2.253688004878693,3.293404520368053,1,1,1,29.093886576385316,0.4147
996,1254057,2.5761371603583227,1.9005726963969027,0.05356038596724059,1.7955962689030467,2.005549123890759,2.112449243317528,0.29272881687333163,1.5203493233947367,2.7045491632403196,2.112449243317528,0.24910032473253022,1.6067486991482838,2.6181497874867725,0,1,1,21.63023269038044,0.298
997,1255057,2.5754575056856517,1.672929007770648,0.052670579463755855,1.5696965689768316,1.7761614465644644,2.153370351889419,0.3564346844493037,1.4324131520676446,2.8743275517111937,2.153370351889419,0.28668968755401864,1.5713593442383924,2.7353813595404457,0,1,1,29.627018587911486,0.3544
998,1256057,2.5768928185214848,2.6336879003252425,0.04778307360920226,2.5400347969805797,2.7273410036699053,2.84446219317136,0.268474143923906,2.301421979991833,3.3875024063508867,2.84446219317136,0.23450955413673624,2.3683824880679185,3.320541898274801,1,1,1,24.086456772802276,0.4044
999,1257057,2.574931904625561,1.833561928509663,0.04979328471675762,1.7359688837928693,1.9311549732264566,2.250079654268911,0.33240286863467694,1.577731390087378,2.922427918450444,2.250079654268911,0.3075823903854957,1.6256542049571243,2.874505103580698,0,1,1,38.15762914613411,0.3886
1000,1258057,2.5730837321499327,2.520618421424667,0.05328318320025467,2.4161853013705183,2.6250515414788156,2.663459571269363,0.4027217900272824,1.848877863280228,3.478041279258498,2.663459571269363,0.3558251801431785,1.94109605198959,3.385823090549136,1,1,1,44.59570473763281,0.3172
1001,1259057,2.577589312184735,2.5693971021639226,0.05055741536397063,2.4703063888991084,2.668487815428737,2.854009058657911,0.3566155162721057,2.1326860919501014,3.5753320253657206,2.854009058657911,0.2817253492816346,2.2820761934921676,3.4259419238236544,1,1,1,31.05146715256334,0.3759
1002,1260057,2.573042531531825,2.688086817437227,0.04080800652718777,2.6081045943630636,2.7680690405113904,2.8682448372182328,0.22719843478283377,2.408692626136431,3.3277970483000345,2.8682448372182328,0.16430484299923698,2.534688272795554,3.2018014016409113,0,1,1,16.2110061122727,0.2728
1003,1261057,2.5746276600047646,1.7191261005325642,0.05388224138940911,1.613518848003029,1.8247333530620995,1.7004145232206815,0.3001268525904555,1.0933506636267558,2.3074783828146073,1.7004145232206815,0.275965496349534,1.1401747811579517,2.2606542652834114,0,0,0,26.231206471598632,0.4096
1004,1262057,2.5749568282351927,2.32359371698748,0.04997872471635997,2.2256372165501723,2.4215502174247874,2.4515593535292415,0.2989414970874183,1.846893101748325,3.056225605310158,2.4515593535292415,0.2738444958747054,1.895625471346284,3.0074932357121993,0,1,1,30.02186668189964,0.3559
1005,1263057,2.5726762343232052,2.1015850206225477,0.04612592897683473,2.011179861074499,2.1919901801705963,2.217503314587952,0.2512110600025682,1.7093809845079475,2.7256256446679563,2.217503314587952,0.24035806698415285,1.7295504971844964,2.7054561319914074,0,1,1,27.153583574762877,0.39
1006,1264057,2.5777559824160665,2.189156537555286,0.053645487821176854,2.0840133134926973,2.294299761617875,2.4494946114407563,0.3445705797039379,1.7525348285617983,3.146454394319714,2.4494946114407563,0.29640995395775493,1.847750413898799,3.0512388089827134,0,1,1,30.529463335177077,0.3774
1007,1265057,2.5745750483293506,2.3872555439525227,0.047016971594142705,2.2951039729658604,2.479407114939185,2.175283085347399,0.24933863500164735,1.6709480923152067,2.679618078379591,2.175283085347399,0.25189561474709526,1.6639078007578267,2.686658369936971,0,1,1,28.703305215786646,0.3357
1008,1266057,2.5716980262128812,2.303609366386437,0.04513106109620964,2.2151541120537894,2.3920646207190845,2.29559452293569,0.288416867237095,1.7122163443897704,2.8789727014816098,2.29559452293569,0.279771782666742,1.7276276088432057,2.863561437028175,0,1,1,38.4287918626522,0.3693
1009,1267057,2.575333573882052,2.056399634979731,0.05006294414223537,1.958278067500909,2.1545212024585525,2.2756134474926917,0.3063666602685562,1.6559283855654963,2.895298509419887,2.2756134474926917,0.28509004461482007,1.6968498876549016,2.8543770073304815,0,1,1,32.42883381749624,0.2684
1010,1268057,2.577022585729764,2.452162800572764,0.0574591041775525,2.339545025800826,2.564780575344702,2.4705708291812694,0.3036485601515879,1.8563836436804164,3.084758014682122,2.4705708291812694,0.2847852228612993,1.892426090402005,3.048715567960534,0,1,1,24.5650243831012,0.4563
1011,1269057,2.576388640814301,2.3506173385386773,0.05068322218247043,2.2512800484405937,2.449954628636761,2.4565767004306234,0.3202181482403339,1.8088743595539145,3.1042790413073322,2.4565767004306234,0.3085494848442025,1.830187944990849,3.082965455870398,0,1,1,37.06134843984727,0.2566
1012,1270057,2.5797165766497505,2.0136790114702645,0.056817396049085506,1.9023189615187086,2.1250390614218206,2.2173343034592627,0.3343575614875951,1.5410322997926713,2.8936363071258544,2.2173343034592627,0.3167350364038711,1.574327994901103,2.8603406120174224,0,1,1,31.076318294785075,0.4121
1013,1271057,2.5738928619333956,2.3192903494107413,0.04661564302172112,2.227925367971992,2.4106553308494907,2.5479099026476275,0.22824718888855233,2.0862363861588373,3.0095834191364177,2.5479099026476275,0.1855172843419547,2.1712897928775523,2.9245300124177027,0,1,1,15.838184510467071,0.2839
1014,1272057,2.5734762365439456,2.7419535871324068,0.05975150168872426,2.624842795800323,2.8590643784644905,3.078077878757754,0.37306458637535844,2.3234835273090466,3.8326722302064615,3.078077878757754,0.357786162549349,2.351733353548055,3.804422403967453,0,1,1,35.8549755896245,0.4232
1015,1273057,2.5765804354541157,2.53891699230388,0.041064899009082736,2.458431269217303,2.6194027153904567,2.415733650707079,0.23071420033604298,1.9490701325638224,2.882397168850335,2.415733650707079,0.21452291136386167,1.9802289875559578,2.8512383138582,1,1,1,27.290145199237454,0.3722
1016,1274057,2.569670347837669,2.381878247580783,0.04765547535249399,2.2884752322237585,2.4752812629378074,2.606122125373602,0.298702120452424,2.0019400585387572,3.210304192208447,2.606122125373602,0.2670088602560511,2.064065321254705,3.1481789294924996,0,1,1,31.392487799468704,0.4202
1017,1275057,2.572155269445358,2.3331164643757414,0.05772162933728271,2.2199841497456965,2.4462487790057863,2.2183274053526034,0.28789966439537396,1.6359953682984498,2.800659442406757,2.2183274053526034,0.29543809282590316,1.618556190799577,2.81809861990563,0,1,1,26.197256897103564,0.3327
1018,1276057,2.5759907266940814,2.5934614909914844,0.042840615151390975,2.5094954282192172,2.6774275537637515,2.6379716814353427,0.20886195723720963,2.2155084969905325,3.060434865880153,2.6379716814353427,0.19389382446635114,2.244346291147423,3.0315970717232625,1,1,1,20.4840844402989,0.4283
1019,1277057,2.5754189748429006,2.0976354244457633,0.05101009175516438,1.9976574817575576,2.197613367133969,2.4722668241073893,0.26774414460638685,1.9307031739190412,3.0138304742957374,2.4722668241073893,0.2609194853131417,1.9425721083381817,3.001961539876597,0,1,1,26.16379977239177,0.3076
1020,1278057,2.5725459740042926,3.004318304539861,0.047533042802703894,2.9111552525709605,3.0974813565087613,3.2907447595729287,0.3099839393668841,2.6637430600583065,3.917746459087551,3.2907447595729287,0.25002918440729294,2.7831585300137163,3.798330989132141,0,0,0,27.668790550277667,0.2881
1021,1279057,2.574691370934848,2.0946823468714197,0.053039068643304633,1.990727682556995,2.1986370111858444,2.1269156049496836,0.35337697822815706,1.4121431997375624,2.8416880101618047,2.1269156049496836,0.31896823647451406,1.4793756592227425,2.774455550676625,0,1,1,36.16621800623392,0.3672
1022,1280057,2.577087002126068,2.258414758324478,0.052390588972856346,2.155731090808838,2.361098425840118,2.737615792662221,0.32487068063054425,2.080502816764657,3.3947287685597853,2.737615792662221,0.3218699866130843,2.084184980973167,3.391046604351275,0,1,1,37.74456306546737,0.4327
1023,1281057,2.573160129145251,2.0490867752034423,0.062064744783680376,1.9274421107177586,2.170731439689126,2.5912037127870944,0.40718682184900773,1.7675906254744804,3.4148168000997083,2.5912037127870944,0.3470736474531506,1.886606749405689,3.2958006761684997,0,1,1,31.27183255780407,0.3734
1024,1282057,2.5767685552367983,2.3200154381869953,0.04892989717131422,2.2241146019639713,2.4159162744100193,2.536814900539368,0.29382170667693175,1.942504402334234,3.1311253987445022,2.536814900539368,0.26261514264874586,2.0036778173695544,3.0699519837091818,0,1,1,28.806528386351207,0.3326
1025,1283057,2.5706068451065387,2.535031021588519,0.05261118769294483,2.4319149885264704,2.6381470546505676,2.4534424064441858,0.34349259568181295,1.7586630520587245,3.1482217608296468,2.4534424064441858,0.32628270952080285,1.7910532909950003,3.115831521893371,1,1,1,38.46200394810884,0.2954
1026,1284057,2.5771229166573795,2.464261173880035,0.051939277576459976,2.3624620604471445,2.5660602873129252,2.836628280810468,0.33564538840199254,2.157721401337546,3.51553516028339,2.836628280810468,0.30307321161058415,2.2213569510795272,3.4518996105414086,0,1,1,34.048916217591646,0.3396
1027,1285057,2.575877843484508,2.2778276530241923,0.05561464866971974,2.1688249446186934,2.3868303614296913,2.430810107899413,0.3019795435349737,1.819998827154376,3.04162138864445,2.430810107899413,0.3036207742438185,1.8144271669255296,3.0471930488732966,0,1,1,29.804687369198156,0.3195
1028,1286057,2.5749084031585916,2.664925542493739,0.047074665656421544,2.572660893222888,2.75719019176459,2.7322374274784513,0.26902794966520976,2.188077036454525,3.2763978185023777,2.7322374274784513,0.2534550460946822,2.217696328946581,3.2467785260103215,1,1,1,28.988610294507463,0.3771
1029,1287057,2.575745972005543,1.7902892199216978,0.052470211800570044,1.687449494531392,1.8931289453120035,1.79768956705168,0.3226733948899038,1.1450210210704355,2.4503581130329244,1.79768956705168,0.2808126057875138,1.22760966968981,2.36776946441355,0,0,0,28.642278586494218,0.3652
1030,1288057,2.576648838363154,2.45438064575465,0.04839733685076304,2.3595236085795013,2.549237682929799,2.637193631519093,0.26862448885434,2.0938493170139036,3.180537946024282,2.637193631519093,0.24106632704852812,2.147802969743686,3.1265842932945,0,1,1,24.81019472347175,0.2578
1031,1289057,2.574275021844735,2.0431710258075118,0.059976725245918454,1.9256188044148574,2.160723247200166,2.4760081954962203,0.3659491383712263,1.735806196117465,3.216210194874976,2.4760081954962203,0.3108999732433317,1.8448476949221133,3.1071686960703273,0,1,1,26.87050759481314,0.2971
1032,1290057,2.5746330478393755,2.8733515873560598,0.05765159194149948,2.7603565434993214,2.986346631212798,2.9038467014079745,0.35862199176846,2.1784652549324126,3.6292281478835364,2.9038467014079745,0.3528304509245797,2.187562805657842,3.620130597158107,0,1,1,37.4549749887482,0.461
1033,1291057,2.5769711509991966,1.9780270359327823,0.048929193382829604,1.8821275791098406,2.073926492755724,2.2587741423208603,0.33491482997963906,1.5813449567353888,2.9362033279063318,2.2587741423208603,0.288203084482741,1.6736907755662445,2.843857509075476,0,1,1,34.694540215851156,0.3414
1034,1292057,2.5745760424660293,2.258756747747437,0.05418931612765087,2.1525476397903858,2.364965855704488,2.4725590885420354,0.3197196009918369,1.825865154658071,3.1192530224259998,2.4725590885420354,0.311125182432063,1.8409413890083701,3.1041767880757005,0,1,1,32.96423397934414,0.4041
1035,1293057,2.5774013656300943,1.8988688205629103,0.04851668995518442,1.8037778556016526,1.993959785524168,2.1601919655294735,0.2865506674875109,1.5805885322720123,2.7397953987869346,2.1601919655294735,0.2570077784105314,1.6384384369562466,2.6819454941027003,0,1,1,28.06145645027703,0.2572
1036,1294057,2.573640589639267,2.013647377621468,0.04892311166669742,1.9177598407431098,2.109534914499826,2.168742760009516,0.28497061352191067,1.5923352875614425,2.74515023245759,2.168742760009516,0.27903690693881467,1.6022677229585756,2.7352177970604568,0,1,1,32.530830808479315,0.3214
1037,1295057,2.57693528892644,2.299231882416898,0.04869000656544929,2.2038012231415984,2.3946625416921976,2.7471425014045394,0.2804711364058116,2.1798360804641126,3.3144489223449662,2.7471425014045394,0.24117399272826895,2.25753326667909,3.236751736129989,0,1,1,24.534729857520762,0.3681
1038,1296057,2.5759499348298074,2.3094601247382247,0.04574866706440528,2.2197943849512765,2.399125864525173,2.286462855003338,0.3141112160331063,1.6511129504514686,2.9218127595552077,2.286462855003338,0.30563295803066404,1.6659949637706828,2.9069307462359935,0,1,1,44.631705168393644,0.3565
1039,1297057,2.578556354831876,2.1449447657377316,0.048661593152246434,2.0495697957289876,2.2403197357464757,2.2490855295072056,0.3182986495646754,1.605265741172774,2.8929053178416373,2.2490855295072056,0.31070453287148403,1.6183217939814867,2.8798492650329246,0,1,1,40.768293386412104,0.3566
1040,1298057,2.5746116350876496,2.4491961992918467,0.05226290493415777,2.3467627878934567,2.5516296106902367,2.56832242783198,0.3040216585058626,1.9533805796776549,3.183264275986305,2.56832242783198,0.2671334399518403,2.026012713484962,3.1106321421789977,0,1,1,26.125789445536928,0.4087
1041,1299057,2.572614854875883,2.428652439720756,0.050676447543301674,2.3293284276714514,2.5279764517700603,2.5731693313447135,0.3073146579465176,1.9515667631220897,3.1947718995673373,2.5731693313447135,0.28904707757025877,1.9863725675317394,3.159966095157688,0,1,1,32.53305442444308,0.3158
1042,1300057,2.570104927055745,2.63280896932232,0.06410011033577515,2.507175061659157,2.758442876985483,3.2410435360949568,0.4184983834291951,2.3945506558826612,4.087536416307252,3.2410435360949568,0.32484828509517233,2.58156645704472,3.9005206151451937,1,1,0,25.682872910534524,0.3177
1043,1301057,2.576874275821807,2.2225080036185823,0.052997258356057064,2.118635285961346,2.3263807212758185,2.2762565581551826,0.2787202716452412,1.7124915954681739,2.8400215208421913,2.2762565581551826,0.24512965075839932,1.7786169107013186,2.773896205609047,0,1,1,21.39364998926435,0.4075
1044,1302057,2.576184384590347,2.116167630889729,0.050566379878974034,2.017059347498369,2.2152759142810887,1.9920053554614183,0.3376044045199587,1.3091359918744803,2.6748747190483564,1.9920053554614183,0.3206651507575442,1.3410204905949366,2.6429902203279,0,1,1,40.214234172770546,0.3171
1045,1303057,2.5803980092797523,2.531417177799642,0.05791113660247316,2.417913435755015,2.6449209198442687,2.53474115436213,0.30285691029070594,1.9221552318467316,3.1473270768775286,2.53474115436213,0.290648174474814,1.9446939910293213,3.124788317694939,1,1,1,25.18900551910908,0.4216
1046,1304057,2.5743197569922764,2.894967837541866,0.05322783274873059,2.7906432023792322,2.9992924727044996,3.2589193849185683,0.28469834466921107,2.6830626282066588,3.8347761416304778,3.2589193849185683,0.2142009416572774,2.8240683550214403,3.6937704148156962,0,0,0,16.19441201369001,0.2839
1047,1305057,2.571769569660572,2.3230357874656504,0.049551258248273874,2.22591710591039,2.4201544690209107,2.2377623827959443,0.2782407284697769,1.674967387735713,2.8005573778561756,2.2377623827959443,0.27880705372065506,1.6717539725855233,2.8037707930063656,0,1,1,31.65906906205988,0.3202
1048,1306057,2.5732499232128285,2.5926090767745613,0.04668524281143781,2.5011076822546356,2.684110471294487,2.772484018499264,0.2377693079515603,2.2915501982422186,3.253417838756309,2.772484018499264,0.22996690198433342,2.3056263875456993,3.2393416494528284,1,1,1,24.264504404185317,0.4334
1049,1307057,2.573601340145241,1.7057313223452462,0.05794298127084876,1.5921651658975038,1.8192974787929885,1.9973896626647396,0.4068998166194001,1.174357098224056,2.820422227105423,1.9973896626647396,0.36326651692855644,1.2599194265801898,2.7348598987492894,0,1,1,39.30511454997736,0.3981
1050,1308057,2.571346952562285,2.338737032380198,0.047705525361337715,2.245235920808414,2.4322381439519822,2.413627346555211,0.26605769267059814,1.8754748673844612,2.951779825725961,2.413627346555211,0.25312422223777536,1.8997578561581019,2.9274968369523204,0,1,1,28.153347857249386,0.3515
1051,1309057,2.5731404373316167,2.2670749461910917,0.05199702244702821,2.1651626548915957,2.368987237490588,2.464915139593523,0.37099089978818767,1.714515215175688,3.215315064011358,2.464915139593523,0.33843972713358117,1.7778459663047572,3.1519843128822886,0,1,1,42.364854830248206,0.3832
1052,1310057,2.575770212691528,2.251939934799901,0.05122631344154062,2.1515382053937215,2.352341664206081,2.7566035667013997,0.305889994601428,2.1378826520909975,3.375324481311802,2.7566035667013997,0.26433395846056745,2.219977101924805,3.2932300314779943,0,1,1,26.62684525300438,0.3354
1053,1311057,2.5729926193799315,2.276369544730418,0.05088015212056714,2.176646279046187,2.376092810414649,2.4254736327818813,0.3737175971607529,1.6695584423468706,3.181388823216892,2.4254736327818813,0.3309082135123485,1.7536942450073054,3.0972530205564572,0,1,1,42.29784990425094,0.3515
1054,1312057,2.5720807003361874,2.3989489207930577,0.057417850170263636,2.286412002389624,2.5114858391964914,2.4485761579351397,0.4148040135784378,1.6095558460752284,3.287596469795051,2.4485761579351397,0.3448223743327816,1.7485495219640523,3.1486027939062273,0,1,1,36.06592045582388,0.3459
1055,1313057,2.5711907122220183,2.8069956551797075,0.045802305710803216,2.71722478557764,2.896766524781775,2.661406540583992,0.24453374273896178,2.166790359503289,3.156022721664695,2.661406540583992,0.2296723097384349,2.195146963684427,3.127666117483557,0,1,1,25.144476237744275,0.3461
1056,1314057,2.578333593236069,2.843139559761817,0.046136910802909804,2.752712876230177,2.9335662432934573,2.9084254154647584,0.30321990289975204,2.295105271095002,3.521745559834515,2.9084254154647584,0.2986093517794663,2.3022162029675686,3.5146346279619483,0,1,1,41.889944543779805,0.2563
1057,1315057,2.578381880707686,2.625609754972009,0.05309920980605862,2.521537216144598,2.7296822937994203,2.687035059578397,0.2949726575027142,2.090396543588544,3.2836735755682502,2.687035059578397,0.2720611181550793,2.1347216266431177,3.2393484925136766,1,1,1,26.251664236621657,0.4128
1058,1316057,2.5737207635055857,2.1314193788902793,0.05967456638451186,2.0144593779835915,2.248379379796967,2.5670283233174027,0.364040486544942,1.830686936657184,3.3033697099776216,2.5670283233174027,0.31288931004786025,1.931829254324462,3.2022273923103435,0,1,1,27.491783002658018,0.2124
1059,1317057,2.5758835889936758,2.298312486903769,0.05859240215588436,2.1834734889105487,2.4131514848969893,2.671253945815138,0.40176378462714685,1.8586099866502033,3.4838979049800725,2.671253945815138,0.325062223337492,2.011342549043012,3.331165342587264,0,1,1,30.778708749943515,0.2815
1060,1318057,2.572710161650276,1.9564915875257483,0.04607024292371329,1.866195570636259,2.0467876044152375,2.0938645998311234,0.2872668485195449,1.5128125537030643,2.6749166459591827,2.0938645998311234,0.25610579992492105,1.5739421849326451,2.613787014729602,0,1,1,30.902799434878247,0.4318
1061,1319057,2.572628119393066,1.792634512092134,0.060939520893391164,1.6731952459059614,1.9120737782783068,2.419827412106034,0.23978279757705473,1.9348209246659127,2.904833899546155,2.419827412106034,0.20913515476585062,1.9952604763400181,2.8443943478720497,0,1,1,11.777578652750792,0.3931
1062,1320057,2.576089453763635,2.457871086542337,0.044581050553130434,2.3704938330652423,2.545248340019432,2.66493439519266,0.25196655723074096,2.1552839277291174,3.1745848626562028,2.66493439519266,0.2475438581126385,2.162393646248515,3.167475144136805,0,1,1,30.83214316680558,0.2827
1063,1321057,2.5702101804850286,2.2713748643445384,0.0483928377617219,2.1765266452218737,2.366223083467203,2.368474949386992,0.2638999873534081,1.8346868411694377,2.9022630576045465,2.368474949386992,0.25763016839435365,1.8454579019731439,2.8914919968008403,0,1,1,28.342049675691193,0.2863
1064,1322057,2.576836405009295,2.6009071372035084,0.06041376529599259,2.482498333052907,2.7193159413541097,2.7462224008329645,0.31160926941562983,2.1159331609866814,3.3765116406792477,2.7462224008329645,0.27519120396585467,2.187554555877126,3.304890245788803,1,1,1,20.749005627806778,0.3631
1065,1323057,2.577140471586652,2.6245436214807953,0.04508514789625431,2.536178355366475,2.7129088875951157,2.8180835011085223,0.2949950509833491,2.2213996900287207,3.414767312188324,2.8180835011085223,0.27827433129518975,2.253156574917595,3.3830104272994497,1,1,1,38.09599300059469,0.3798
1066,1324057,2.573088114371345,2.1891846060789613,0.051679725598269395,2.0878942051754406,2.290475006982482,2.3915711557961274,0.28714005581300034,1.810775572124323,2.972366739467932,2.3915711557961274,0.2581474019372345,1.8675040684661197,2.915638243126135,0,1,1,24.951411520684747,0.3451
1067,1325057,2.5776262321136683,2.36923602399454,0.04594017617215635,2.2791949332536885,2.4592771147353916,2.6692533090025474,0.28697354722623686,2.0887945207372978,3.249712097267797,2.6692533090025474,0.2695368852554106,2.1220643412896356,3.2164422767154592,0,1,1,34.42318874895259,0.3884
1068,1326057,2.573079494808607,2.3885055979358456,0.06626343629991774,2.258631649296143,2.5183795465755483,2.8934243674787417,0.4659853673339026,1.9508799961024623,3.835968738855021,2.8934243674787417,0.44085577077001403,1.9984395720236205,3.7884091629338625,0,1,1,44.26343894595236,0.3239
1069,1327057,2.5761342407025567,2.3827474536998,0.04285433070992951,2.2987545089267694,2.466740398472831,2.4628704287007386,0.24051458603855053,1.9763837593841622,2.949357098017315,2.4628704287007386,0.21012331519180127,2.036297420619617,2.88944343678186,0,1,1,24.04136128238212,0.3751
1070,1328057,2.577424307314018,2.8270069348347353,0.05896795669089386,2.7114318634786656,2.942582006190805,3.099151610436063,0.37337971065254644,2.3439198599732043,3.8543833608989218,3.099151610436063,0.37122548933714694,2.345523801364108,3.852779419508018,0,1,1,39.631765390403054,0.3435
1071,1329057,2.5775307365799422,2.332512340482406,0.04981525616274602,2.234876232522787,2.4301484484420253,2.471612143161124,0.23920153643945707,1.9877813673461922,2.9554429189760563,2.471612143161124,0.22917345595385938,2.006365293284664,2.9368589930375846,0,1,1,21.164299181851497,0.2801
1072,1330057,2.575816418976371,2.308862149727982,0.0462043411009204,2.218303305240774,2.39942099421519,2.3684167683524184,0.22722210945395482,1.9088166707283052,2.8280168659765317,2.3684167683524184,0.2194610363508331,1.9228871785145556,2.8139463581902815,0,1,1,22.56052951722663,0.351
1073,1331057,2.5722646079903564,2.5142420450577334,0.05448756906664799,2.407448372081965,2.621035718033502,2.7088559607275435,0.25788540262201043,2.187233498433979,3.230478423021108,2.7088559607275435,0.21940900864383023,2.263431992750156,3.154279928704931,1,1,1,16.214891436074367,0.3093
1074,1332057,2.572859778601087,1.654671024213534,0.04542333854557141,1.5656429166066441,1.743699131820424,1.856957620713683,0.23991820732400018,1.371677241207931,2.342238000219435,1.856957620713683,0.19448162833413296,1.4621389251335233,2.2517763162938427,0,0,0,18.331544696209853,0.3561
1075,1333057,2.572770444580488,2.381924172595001,0.04607643165740165,2.291616026010373,2.4722323191796294,2.5764710468654934,0.2637520080200977,2.042982255101779,3.1099598386292078,2.5764710468654934,0.21779622308729693,2.1343212076329916,3.0186208860979953,0,1,1,22.343078527028883,0.3349
1076,1334057,2.5766308165203275,2.102032898612739,0.05012768604677019,2.003784439332738,2.2002813578927394,2.2585514059358895,0.3214412480171477,1.6083751122463206,2.9087276996254587,2.2585514059358895,0.3033811547078902,1.6426549184816581,2.874447893390121,0,1,1,36.62873201923535,0.3131
1077,1335057,2.5744336116477355,2.452605620848649,0.05363295024949173,2.3474869699750167,2.5577242717222815,2.5931290482216403,0.3070651217275614,1.9720312146433192,3.214226881799961,2.5931290482216403,0.2722842177429851,2.0403626990441635,3.145895397399117,0,1,1,25.773984552542245,0.3397
1078,1336057,2.5770606786616126,2.1967747983921186,0.05114097122209982,2.096540336662404,2.2970092601218335,2.314548850451437,0.31814532213177193,1.6710391961233317,2.9580585047795425,2.314548850451437,0.3011015756191943,1.7032801545782408,2.9258175463246334,0,1,1,34.66475325773784,0.1948
1079,1337057,2.5769051556832387,2.4390740112772287,0.05254862192559342,2.336080604865854,2.5420674176886036,2.6088521938583766,0.3136217471947515,1.9744923334814883,3.243212054235265,2.6088521938583766,0.29784787466346824,2.0041888620915556,3.2135155256251977,0,1,1,32.12671705838453,0.3853
1080,1338057,2.5756936713077647,2.605238196648777,0.05418774065550021,2.4990321765603998,2.7114442167371546,2.849196992307631,0.323594942710224,2.194664439917845,3.5037295446974164,2.849196992307631,0.27568027674557816,2.289536276824184,3.4088577077910776,1,1,1,25.8826836950588,0.3726
1081,1339057,2.5771190572541247,2.3933344795522733,0.051373615980299575,2.2926440424752945,2.494024916629252,2.3878867884494435,0.3142986490943316,1.752157764746519,3.023615812152368,2.3878867884494435,0.3107991644963849,1.7569309405117501,3.018842636387137,0,1,1,36.59985924789508,0.3812
1082,1340057,2.5748633575204445,2.4222975884462863,0.046691640067214435,2.3307836555354386,2.513811521357134,2.4766296881597,0.28381297602122385,1.9025637585729596,3.05069561774644,2.4766296881597,0.2783570102868815,1.9115349146922398,3.04172446162716,0,1,1,35.54070746631575,0.4154
1083,1341057,2.573425576382413,2.3020752617469955,0.05303920222380289,2.1981203356196053,2.4060301878743857,2.4821785895211126,0.3027411542579585,1.8698268056820917,3.0945303733601337,2.4821785895211126,0.2894341725023876,1.8945959812174382,3.069761197824787,0,1,1,29.77869384109757,0.3895
1084,1342057,2.5741281051178744,2.6923811136043683,0.05471499987435422,2.5851416844365205,2.799620542772216,2.954892443729017,0.28653134570659766,2.375328092462368,3.5344567949956662,2.954892443729017,0.2908882192629126,2.3643579635687546,3.5454269238892797,0,1,1,28.26437984410811,0.314
1085,1343057,2.572605624274682,2.5110339637447967,0.05672780233367828,2.39984951424868,2.622218413240913,2.5484193027738438,0.3392137951771559,1.8622946393178013,3.2345439662298863,2.5484193027738438,0.29728152857755646,1.9449057146861657,3.151932890861522,1,1,1,27.462744257904138,0.3332
1086,1344057,2.573181690090465,2.0814711261208134,0.04529960215449947,1.9926855373840013,2.1702567148576253,2.526200430958473,0.23579604653241326,2.0492579086567955,3.003142953260151,2.526200430958473,0.19901841366394837,2.122171571511485,2.930229290405461,0,1,1,19.30179704775079,0.337
1087,1345057,2.5802950182286173,2.0036223069600405,0.04987476805641986,1.905869557832169,2.101375056087912,2.262525018209406,0.26815102366334614,1.7201383774469934,2.804911658971819,2.262525018209406,0.24289630547885624,1.769419302714063,2.7556307337047494,0,1,1,23.718107887250717,0.3476
1088,1346057,2.5729060146536464,2.5520506764900968,0.050485834314791624,2.453100259503649,2.6510010934765447,2.909712615057126,0.33355430052549234,2.235035360045,3.584389870069252,2.909712615057126,0.3168224782279976,2.2665287901585467,3.5528964399557053,1,1,1,39.3815584161076,0.3327
1089,1347057,2.577695367976002,2.5778100023264767,0.05714909718390935,2.465799830097035,2.6898201745559183,2.753389808387818,0.332041298216792,2.0817728894074943,3.4250067273681415,2.753389808387818,0.32339737193802404,2.0968582396411106,3.409921377134525,1,1,1,32.02242555341635,0.3046
1090,1348057,2.5721726183774236,2.3444756695262616,0.0541845742038566,2.2382758555690647,2.4506754834834585,2.4724279525587955,0.3217504944176292,1.8216261489829186,3.1232297561346725,2.4724279525587955,0.30929675706525694,1.8445221538584973,3.100333751259094,0,1,1,32.583625322389736,0.4365
1091,1349057,2.576321258339853,2.2811773195986356,0.05711513066506363,2.169233720522812,2.3931209186744593,2.2928930795480227,0.3802773473593982,1.5237095419485027,3.0620766171475426,2.2928930795480227,0.3746300176478146,1.5323537105606286,3.0534324485354167,0,1,1,43.02320859238526,0.3221
1092,1350057,2.575543334847459,2.3721519400025333,0.04683752440788898,2.280352079038055,2.4639518009670116,2.471810979750428,0.28732541476080614,1.890640472217949,3.052981487282907,2.471810979750428,0.28971449001700256,1.8836592966379064,3.0599626628629495,0,1,1,38.2606698311942,0.3372
1093,1351057,2.5732430151365264,2.703747187247857,0.05228304246080695,2.6012743070224973,2.806220067473217,2.8378035319960473,0.3400767097879236,2.1499334589920376,3.525673605000057,2.8378035319960473,0.31150737304772963,2.2054099442634145,3.47019711972868,0,1,1,35.49890495817415,0.4006
1094,1352057,2.5775159598407282,2.5890307987792305,0.04339323281368944,2.5039816252916376,2.6740799722668234,2.637016948702726,0.24128372935435205,2.1489745401850713,3.125059357220381,2.637016948702726,0.21239322293504,2.205835782915659,3.0681981144897934,1,1,1,23.957268339692682,0.3344
1095,1353057,2.576650920762961,2.396518887889195,0.050761377509686414,2.297028416164568,2.4960093596138218,2.3125207918636255,0.2786644105756539,1.7488688188548545,2.8761727648723965,2.3125207918636255,0.26416231338191093,1.7762427851220566,2.8487987986051944,0,1,1,27.08163749237218,0.3473
1096,1354057,2.5742836038067414,2.352817687150998,0.055306652302705386,2.244418640532216,2.4612167337697795,2.586112607989092,0.3534269867318283,1.8712390510306702,3.3009861649475134,2.586112607989092,0.29815343626493607,1.980828953192562,3.191396262785622,0,1,1,29.061959618045908,0.4214
1097,1355057,2.57387084182623,2.878138391744668,0.05128613189153142,2.7776194203308955,2.9786573631584408,3.08340374811972,0.2671612542369207,2.5430191049890682,3.623788391250372,3.08340374811972,0.23540614649473385,2.6055038637618995,3.5613036324775407,0,1,0,21.06860139025408,0.4246
1098,1356057,2.574119833432119,2.781759953081259,0.06049267146692047,2.663196495677481,2.900323410485037,3.200078363040101,0.39583249577957025,2.399431567971275,4.000725158108927,3.200078363040101,0.33275583145489224,2.5245481114319896,3.8756086146482125,0,1,1,30.258390395613937,0.4111
1099,1357057,2.5724358256222692,2.175796924400657,0.055470856557498296,2.067076043356373,2.284517805444941,2.527133351085256,0.38452828654694887,1.749351477389449,3.3049152247810634,2.527133351085256,0.2888169328041292,1.940803805986647,3.113462896183865,0,1,1,27.1091286646927,0.2581
1100,1358057,2.5662790315404043,2.565757216392614,0.0450869108979644,2.4773884948584373,2.654125937926791,2.500934624071853,0.33761201682468406,1.8180498631452664,3.183819384998439,2.500934624071853,0.2800575445572416,1.932387582499873,3.0694816656438326,1,1,1,38.58278667209044,0.4166
1101,1359057,2.5750889928918057,2.6969454832417266,0.05827311260345624,2.5827322812719054,2.8111586852115478,2.6232531929061524,0.37426973304500716,1.8662212022314342,3.3802851835808707,2.6232531929061524,0.363426493274501,1.8854581875733682,3.3610481982389366,0,1,1,38.89526501023526,0.4273
1102,1360057,2.574415636815369,2.480277174438573,0.05344509757721898,2.375526708036995,2.585027640840151,2.695637141742353,0.325893691554168,2.0364549309384765,3.3548193525462295,2.695637141742353,0.2603161332161299,2.1671672958488153,3.2241069876358908,1,1,1,23.723918338995286,0.4257
1103,1361057,2.576621638458348,2.7278955809285095,0.04672466350265795,2.636316923273547,2.819474238583472,2.688539463832794,0.25858523628071883,2.1655014543522237,3.211577473313364,2.688539463832794,0.2608632685642622,2.158958874131187,3.218120053534401,0,1,1,31.169762876333305,0.2843
1104,1362057,2.5749986110652014,2.6874606042832285,0.04993107341511885,2.5895974986801704,2.7853237098862866,2.8777571348440545,0.3670679980645169,2.135292028122885,3.620222241565224,2.8777571348440545,0.35594019344777234,2.1551601261427713,3.6003541435453377,0,1,1,50.81737868849208,0.3642
1105,1363057,2.5752673830199586,2.485022245590753,0.05600016374324261,2.3752639415256516,2.5947805496558543,2.8714571915116394,0.41428709795041,2.033482440198965,3.7094319428243137,2.8714571915116394,0.3581429146346404,2.1443884210651705,3.5985259619581083,1,1,1,40.901019517906796,0.3809
1106,1364057,2.577561166538359,2.4898190050182873,0.054267461979550576,2.3834567340059714,2.5961812760306033,2.5405192640055176,0.30649172319670553,1.9205812384291212,3.160457289581914,2.5405192640055176,0.2757371472091223,1.9807430953431466,3.1002954326678887,1,1,1,25.817342411879817,0.3015
1107,1365057,2.572114236967108,2.6352379410905695,0.0457122397684663,2.545643597491716,2.724832284689423,2.75630527409517,0.23643385121829993,2.2780726700465923,3.2345378781437475,2.75630527409517,0.22692829872381856,2.2956163357115837,3.216994212478756,1,1,1,24.644063122462956,0.3467
1108,1366057,2.575933974624122,2.591419918478457,0.04840139856222537,2.4965549204951265,2.6862849164617875,2.7499113184696973,0.2971730898873257,2.1488220078753355,3.351000629064059,2.7499113184696973,0.24096771451453847,2.2607208507813676,3.239101786158027,1,1,1,24.785740333628368,0.3496
1109,1367057,2.576257853085612,2.1740896825223017,0.04775758492620299,2.0804865360783307,2.2676928289662728,2.4178104177983752,0.3927552648996973,1.623387909689125,3.2122329259076254,2.4178104177983752,0.3191786284489565,1.7698433536560785,3.065777481940672,0,1,1,44.66659995955591,0.3776
1110,1368057,2.5798685790194478,2.306538850970952,0.04287618843987038,2.2225030658344536,2.3905746361074507,2.5196393959342482,0.24439884420891914,2.025296072885389,3.0139827189831077,2.5196393959342482,0.22878051266250488,2.055190263348919,2.9840885285195773,0,1,1,28.471196305357417,0.2885
1111,1369057,2.573646626819602,1.911593387711809,0.05326763990687564,1.8071907319528842,2.0159960434707336,1.8532911454725718,0.318379460334473,1.2093079019278292,2.4972743890173144,1.8532911454725718,0.3096343497703448,1.224699997145155,2.4818822937999885,0,0,0,33.7886902221823,0.5529
1112,1370057,2.5746570329319964,2.2974302707202745,0.05959092040728816,2.180634212916397,2.414226328524152,2.782824529202238,0.3812476273151024,2.011678415146422,3.5539706432580545,2.782824529202238,0.3402979677999238,2.0919829268041332,3.473666131600343,0,1,1,32.61058010393641,0.2631
1113,1371057,2.5755997762988994,2.3365608148686245,0.05437670721798517,2.2299844271234943,2.4431372026137548,2.3963134149109773,0.2660853858110039,1.8581049210765814,2.9345219087453733,2.3963134149109773,0.26236476157784094,1.8636846323382916,2.928942197483663,0,1,1,23.280119092614267,0.3467
1114,1372057,2.573278212531102,2.2126948367204067,0.052992143536888775,2.108832143924528,2.3165575295162855,2.4106924853925547,0.301659826982167,1.8005278924158654,3.020857078369244,2.4106924853925547,0.27041856203121367,1.8617136186669307,2.9596713521181783,0,1,1,26.040542278049763,0.3087
1115,1373057,2.5740111443941642,2.0412741869505324,0.05088554987984214,1.9415403418525254,2.1410080320485396,2.203232872741621,0.2902052069744117,1.6162374356470899,2.790228309836152,2.203232872741621,0.27830203549702776,1.6382497040308968,2.7682160414523453,0,1,1,29.911887698370617,0.4253
1116,1374057,2.5730261971610506,2.2042643904087047,0.0411430073310471,2.123625577824185,2.2849032029932244,2.447595729755097,0.22570765144992513,1.9910589125845115,2.9041325469256827,2.447595729755097,0.20226510979649642,2.0369757267488033,2.8582157327613906,0,1,1,24.16851034346127,0.3067
1117,1375057,2.578193661385591,2.6376701736972405,0.05731268032943871,2.5253393843940835,2.7500009630003976,2.8429547186517174,0.30337371657386886,2.229323456759947,3.4565859805434878,2.8429547186517174,0.2991247403020046,2.235699211828793,3.450210225474642,1,1,1,27.239757072547444,0.3071
1118,1376057,2.5742051336276983,2.4039192624778445,0.054424752009345885,2.2972487086720026,2.5105898162836864,2.9047717160541566,0.2901200563505342,2.317948512353378,3.4915949197549354,2.9047717160541566,0.235147516084991,2.4273968793416416,3.3821465527666716,0,1,1,18.667573651280925,0.4036
1119,1377057,2.578581122186309,2.5329242282627744,0.05132708706179001,2.4323249861903142,2.6335234703352346,2.802903775696247,0.30558012935373857,2.184809622708781,3.420997928683713,2.802903775696247,0.26068451131964815,2.273686082494163,3.3321214688983307,1,1,1,25.795100301804645,0.2687
1120,1378057,2.5750330713971397,2.1968406139456667,0.04228180237190808,2.113969804095287,2.2797114237960465,2.3189804927512143,0.2641570496989384,1.7846724268614724,2.853288558640956,2.3189804927512143,0.2542200399667708,1.802886374094554,2.8350746114078746,0,1,1,36.1503562428916,0.4391
1121,1379057,2.5744693269096772,2.096018870900964,0.05446351060132494,1.9892723516507518,2.2027653901511766,2.219454854402702,0.32560119416075606,1.5608642754206148,2.8780454333847896,2.219454854402702,0.27999769938118185,1.6510293049971088,2.7878804038082956,0,1,1,26.4300304023835,0.3214
1122,1380057,2.57597777976153,1.9996768036127517,0.05193901022674066,1.8978782141756825,2.101475393049821,2.242803629485576,0.27416703217168176,1.688248462938489,2.797358796032663,2.242803629485576,0.2610705935561829,1.7128021476741462,2.772805111297006,0,1,1,25.265539403940814,0.3692
1123,1381057,2.574771926970643,2.431523487496964,0.04560593544793229,2.342137496537758,2.52090947845617,2.6022489588490876,0.27581450207367253,2.0443614698902097,3.1601364478079654,2.6022489588490876,0.24525316192843924,2.104358570389698,3.100139347308477,0,1,1,28.919214601882036,0.3582
1124,1382057,2.5768365687398136,2.5086880299486327,0.050103951591275654,2.4104860893465943,2.606889970550671,2.71603728675575,0.27875792097440644,2.152196171112493,3.2798784023990066,2.71603728675575,0.26655787364149974,2.1748960341385883,3.2571785393729114,1,1,1,28.30343019781433,0.3363
1125,1383057,2.574886412025918,2.2532255911138495,0.045182449178262855,2.164669617991143,2.341781564236556,2.2564142147925503,0.2702867291776338,1.7097077018785156,2.803120727706585,2.2564142147925503,0.24744344239758806,1.7540773205876499,2.758751108997451,0,1,1,29.992478777883967,0.3702
1126,1384057,2.573593482304047,2.613347556878206,0.05303127378142055,2.5094081702123385,2.717286943544073,2.6392486127047996,0.3264659866098652,1.9789088258881826,3.299588399521417,2.6392486127047996,0.31441190269314184,2.000958516311177,3.277538709098422,1,1,1,35.150688825327975,0.3178
1127,1385057,2.5727405742186025,2.4150497058318345,0.045682856176843124,2.325512953014299,2.5045864586493702,2.5822973828823774,0.24343594784049802,2.0899017015748598,3.074693064189895,2.5822973828823774,0.18763123267196477,2.201385729847637,2.9632090359171177,0,1,1,16.869560398440925,0.3145
1128,1386057,2.5769887818367216,2.7159970380877096,0.06063067544281845,2.5971630978614484,2.834830978313971,2.789104833933288,0.3620765763165205,2.0567358306598647,3.521473837206711,2.789104833933288,0.32905504382292744,2.121087580637599,3.4571220872289765,0,1,1,29.454543174720502,0.3083
1129,1387057,2.5729747878757934,2.58582512815131,0.060321433409035986,2.4675972911737682,2.7040529651288514,2.581259938876272,0.42533240923307947,1.7209439367231627,3.4415759410293814,2.581259938876272,0.3575271335906006,1.8554412704093743,3.3070786073431697,1,1,1,35.12972159169704,0.357
1130,1388057,2.5733322891495054,2.274832564847207,0.05055919600924285,2.17573836158179,2.3739267681126246,2.3721757955322307,0.27063011878914084,1.8247747115689656,2.9195768794954957,2.3721757955322307,0.27186437167618294,1.820261779183614,2.9240898118808474,0,1,1,28.913740177311197,0.3628
1131,1389057,2.572003688659344,2.3996469111419447,0.05653177288433345,2.288846672306453,2.5104471499774363,2.9326455681213734,0.33106129611658064,2.2630108904907646,3.6022802457519822,2.9326455681213734,0.3029141386961403,2.317697173575215,3.547593962667532,0,1,1,28.711367525418673,0.3343
1132,1390057,2.574923075552415,2.4350434603098217,0.05191238704503567,2.333297051350048,2.536789869269595,2.6410160717484343,0.34444297234265936,1.944314399120464,3.3377177443764046,2.6410160717484343,0.25784611461552454,2.1175606301989114,3.1644715132979573,0,1,1,24.670570063185615,0.345
1133,1391057,2.573950780521728,2.5477101487388083,0.04682597761347786,2.455932919075513,2.639487378402104,2.6810787130856633,0.2620473836778711,2.1510378495010443,3.2111195766702822,2.6810787130856633,0.24831327364670944,2.1769759675656815,3.185181458605645,1,1,1,28.120702422734713,0.4225
1134,1392057,2.576612152654747,2.0833630160665217,0.06068408324181607,1.9644243984777316,2.202301633655312,2.59243334823695,0.38003754526310835,1.8237348561602016,3.361131840313699,2.59243334823695,0.35083159023289734,1.8802073554244698,3.3046593410494305,0,1,1,33.4231819509829,0.4032
1135,1393057,2.570467301587329,2.447721105031253,0.052831734439620893,2.344172808288812,2.5512694017736943,2.8236662073899246,0.29972206591164,2.2174211061357907,3.4299113086440585,2.8236662073899246,0.2298355722459596,2.3570751899794478,3.2902572248004014,0,1,1,18.925386418341304,0.3609
1136,1394057,2.5743767682884315,2.0902734677100216,0.05055141625461478,1.991194512483484,2.189352422936559,2.1958572336496784,0.3069235198589406,1.575045816885277,2.81666865041408,2.1958572336496784,0.28677420246119073,1.6136746516155462,2.778039815683811,0,1,1,32.18203527815313,0.3471
1137,1395057,2.572245004675286,2.7695882658922972,0.052977965252807284,2.6657533620225804,2.873423169762014,3.0149464406629027,0.27730163602085556,2.4540509393721797,3.575841941953626,3.0149464406629027,0.2619516709191696,2.4831562767114717,3.546736604614334,0,1,1,24.448476298429824,0.3486
1138,1396057,2.5784833533013836,2.243587768825728,0.04593178483684048,2.153563124799878,2.3336124128515783,2.290748756475943,0.2541336416608309,1.7767149470127044,2.8047825659391816,2.290748756475943,0.23007666995402495,1.8236682846968395,2.7578292282550465,0,1,1,25.091031887312315,0.3504
1139,1397057,2.5757439606969674,2.2804584222134925,0.05796121929788592,2.166856519889608,2.394060324537377,2.4236019257434416,0.3748688757081012,1.6653580546442766,3.1818457968426066,2.4236019257434416,0.28350448658784994,1.8480572198269045,2.9991466316599786,0,1,1,23.924608875527802,0.2616
1140,1398057,2.5762968036212968,2.291278236083913,0.04120002057558411,2.2105276795934587,2.3720287925743673,2.323962627938578,0.24311435712315863,1.8322174252549908,2.815707830622165,2.323962627938578,0.23204624545936461,1.8528837053107967,2.795041550566359,0,1,1,31.721537285669946,0.3638
1141,1399057,2.572875019689452,2.4223380509107444,0.051329524162849284,2.3217340322079814,2.5229420696135074,2.6691357608868103,0.28565999476723125,2.091333883253383,3.2469376385202375,2.6691357608868103,0.2439590098381212,2.173872640846337,3.1643988809272834,0,1,1,22.58911661733272,0.385
1142,1400057,2.575274194542314,2.456162680631557,0.060384804224421176,2.337810639138189,2.5745147221249245,2.8807668455593176,0.32645866240305665,2.2204418733493085,3.5410918177693267,2.8807668455593176,0.2986945498573047,2.274384671768836,3.487149019349799,0,1,1,24.468045048410346,0.3386
1143,1401057,2.572871971245921,2.5598423112607134,0.05455245922752149,2.4529214559066816,2.666763166614745,2.629050396497028,0.34923612073511995,1.922653666137239,3.335447126856817,2.629050396497028,0.3489002047615619,1.920745324642413,3.337355468351643,1,1,1,40.90475369073304,0.3468
1144,1402057,2.5750030124037444,2.39185834143496,0.056289582859950456,2.2815327863246737,2.502183896545246,2.474368701396993,0.3524471375156748,1.76147707655109,3.187260326242896,2.474368701396993,0.3188732072951079,1.8270216751605797,3.1217157276334064,0,1,1,32.090759773289214,0.3291
1145,1403057,2.5764209414524757,2.990267449852281,0.05360808163441785,2.885197540568539,3.095337359136023,3.1904840273451187,0.31462044393440786,2.554104112141057,3.8268639425491804,3.1904840273451187,0.29710126197615677,2.587336399914141,3.7936316547760964,0,1,0,30.71485436988872,0.3268
1146,1404057,2.5733545879206203,2.5751237426854803,0.05417358203354961,2.468945472986197,2.6813020123847635,2.6201461045846495,0.3434233414049995,1.9255068301960725,3.3147853789732267,2.6201461045846495,0.3204166917970395,1.969665638223733,3.270626570945566,1,1,1,34.98284766436866,0.3889
1147,1405057,2.5765799526278292,2.4631747652356664,0.05062105987230748,2.363959311026698,2.5623902194446346,2.3417194027417887,0.31184391529180355,1.710955546812345,2.9724832586712324,2.3417194027417887,0.303652541223896,1.7252719713697935,2.9581668341137837,0,1,1,35.98250316218729,0.3101
1148,1406057,2.572891778521538,2.576193474920108,0.04463022851326374,2.4887198344123185,2.6636671154278977,2.6633760325765117,0.2241403815815158,2.210009317938005,3.116742747215018,2.6633760325765117,0.20394359487243782,2.2493485237100996,3.0774035414429237,1,1,1,20.88151091400271,0.4108
1149,1407057,2.5737411340982925,2.592758182159767,0.04930777695707535,2.4961167151661656,2.6893996491533687,2.7360384202505528,0.2924589827069375,2.1444842914460422,3.3275925490550633,2.7360384202505528,0.23989912173215142,2.2490173112418184,3.223059529259287,1,1,1,23.671537695060366,0.3477
1150,1408057,2.5764701934365144,2.2352240227351867,0.05276617264832403,2.1318042247424493,2.338643820727924,2.202076134525036,0.2735751459149066,1.6487181709352225,2.7554340981148493,2.202076134525036,0.26998459416368153,1.653978269407895,2.750173999642177,0,1,1,26.179827349757137,0.3593
1151,1409057,2.574204863091295,2.4063939490527035,0.051888008701500433,2.304695320768262,2.508092577337145,2.7484837031511984,0.22868779167255418,2.285918983411865,3.211048422890532,2.7484837031511984,0.22106440151506962,2.2996991089815384,3.1972682973208584,0,1,1,18.151127913018833,0.4141
1152,1410057,2.574828985149014,2.4780830447416853,0.05274150215998253,2.374711600017578,2.5814544894657927,2.643047000422784,0.40504642719398365,1.8237632699441826,3.4623307309013858,2.643047000422784,0.38613196705768604,1.8591574327480758,3.4269365680974926,1,1,1,53.600214151852136,0.3415
1153,1411057,2.57559040249415,1.8782400846180685,0.057098715430700164,1.7663286588103948,1.9901515104257421,2.2613486194138686,0.2653778099141842,1.7245713329212067,2.7981259059065304,2.2613486194138686,0.2531315237315687,1.747464306196321,2.775232932631416,0,1,1,19.653494928238896,0.3796
1154,1412057,2.5763747398336663,2.4504399862759194,0.05789174186356378,2.3369742572210446,2.5639057153307943,2.498349557099859,0.37744807001476566,1.734888773095593,3.2618103411041246,2.498349557099859,0.3724263049267189,1.742283962779147,3.2544151514205706,0,1,1,41.38542909191321,0.3595
1155,1413057,2.575550151137251,2.5308485550855835,0.05186178705189349,2.4292013202899865,2.6324957898811805,2.582281519864475,0.3577353011283753,1.858693574495494,3.305869465233456,2.582281519864475,0.3256757182301036,1.9211246622469171,3.243438377482033,1,1,1,39.43445145039362,0.3396
1156,1414057,2.5768368485872966,2.834824302915144,0.050081133469269186,2.7366670850104327,2.932981520819855,3.0694278580654872,0.2897002274258754,2.4834538385185847,3.6554018776123898,3.0694278580654872,0.24795070550718676,2.5660611650000815,3.572794551130893,0,1,1,24.512205990138387,0.3542
1157,1415057,2.572281624844549,2.4737561291560692,0.053416294337075176,2.369062116067811,2.5784501422443276,2.6789928493670088,0.3287495592925735,2.014034100819834,3.3439515979141836,2.6789928493670088,0.3044115910606577,2.0610044649034664,3.296981233830551,1,1,1,32.47692163835644,0.3459
1158,1416057,2.575618544668108,2.367038443463276,0.048325446371891796,2.272322309037546,2.4617545778890055,2.4433881773094974,0.30083629865092665,1.834889327610801,3.0518870270081937,2.4433881773094974,0.2490440495274634,1.937801877880223,2.9489744767387718,0,1,1,26.558319459744546,0.3762
1159,1417057,2.576175236498428,2.307579817654246,0.05045533728132564,2.208689173755027,2.4064704615534653,2.3104597881098234,0.34743872578741575,1.6076986321904756,3.0132209440291713,2.3104597881098234,0.34206558773458384,1.6160297264682317,3.0048898497514154,0,1,1,45.96259538834857,0.3524
1160,1418057,2.5754242266601484,2.7320376186078836,0.049105065743708404,2.6357934582917437,2.8282817789240235,2.4660762200778246,0.3627806805130279,1.732283031639366,3.199869408516283,2.4660762200778246,0.3389714316175044,1.77792762930076,3.154224810854889,0,1,1,47.65117361644106,0.3319
1161,1419057,2.5755599106919775,2.094625119034829,0.054202956793693455,1.988389275863609,2.2008609622060487,2.2504581548081872,0.32449629758746107,1.5941024400924833,2.906813869523891,2.2504581548081872,0.29187850302991497,1.6579132917213153,2.843003017895059,0,1,1,28.997346901314668,0.3661
1162,1420057,2.5722788090903794,2.30233402000244,0.04513337170345297,2.2138742369628126,2.390793803042067,2.5072777260435837,0.28596160522192693,1.9288657836820553,3.085689668405112,2.5072777260435837,0.2618322063790464,1.9757300880022015,3.038825364084966,0,1,1,33.655075807076955,0.4356
1163,1421057,2.5744384439539965,2.3151044930881293,0.051495253618377944,2.214175650621353,2.4160333355549057,2.4752099162924064,0.31403647485220354,1.8400111900485019,3.110408642536311,2.4752099162924064,0.2711897018080676,1.924665552592002,3.0257542799928108,0,1,1,27.733966348849858,0.291
1164,1422057,2.576755228677603,2.543693066712168,0.05035022381139033,2.4450084414283118,2.6423776919960242,2.8756792630593413,0.3333054718462098,2.2015053115574448,3.549853214561238,2.8756792630593413,0.3160698486528679,2.2340233574282684,3.517335168690414,1,1,1,39.40608830486884,0.3931
1165,1423057,2.576649387607125,1.8909384093413049,0.04738133051100128,1.7980727080001535,1.9838041106824562,1.986461034278189,0.3145369181748,1.3502500658696754,2.6226720026867025,1.986461034278189,0.31195390055035754,1.3531609475222892,2.619761121034089,0,1,1,43.347727704194675,0.3181
1166,1424057,2.576637300602968,2.634633322197337,0.04974614329848967,2.5371326729625285,2.732133971432145,2.701738854214721,0.29363184563637307,2.1078123862123936,3.295665322217048,2.701738854214721,0.2877567730483639,2.117561547841503,3.285916160587939,1,1,1,33.460488422242555,0.3689
1167,1425057,2.5732620971781506,2.909483824975049,0.049527942560709214,2.8124108413276905,3.0065568086224075,3.1060846825928365,0.3355321731837282,2.4274068025139077,3.7847625626717654,3.1060846825928365,0.28166336912908,2.5342776438261883,3.677891721359485,0,1,1,32.34150047041695,0.2954
1168,1426057,2.573247533548282,2.120780940950717,0.04588570941701216,2.0308466030883023,2.2107152788131312,2.4658591556198646,0.2576220792960724,1.9447693150267087,2.9869489962130205,2.4658591556198646,0.21066677749421192,2.038182860409914,2.8935354508298152,0,1,1,21.07837870721344,0.3958
1169,1427057,2.572153259066803,2.5047961730814325,0.04780323497576467,2.4111035541844283,2.5984887919784367,2.4810129935731533,0.2950622447868148,1.884193270197199,3.0778327169491075,2.4810129935731533,0.2719051438911621,1.929016205227655,3.0330097819186514,1,1,1,32.35342570871356,0.4317
1170,1428057,2.579569021695001,2.211287796706415,0.05114189540050439,2.111051523620312,2.3115240697925183,2.20180445109306,0.2620842978212073,1.6716889216058939,2.731919980580226,2.20180445109306,0.2571148616972691,1.6798335318904436,2.723775370295676,0,1,1,25.27555621388619,0.3634
1171,1429057,2.5750115029695846,2.2694596651806958,0.05563347719607477,2.160420053541659,2.3784992768197326,2.4285753703366804,0.3028315602276643,1.8160407231636184,3.0411100175097423,2.4285753703366804,0.29327319016063,1.833199141848315,3.023951598825046,0,1,1,27.78896147686828,0.358
1172,1430057,2.574026470813934,2.2032450478259307,0.04765856760160591,2.1098359717720157,2.2966541238798457,2.4236443562993393,0.19065936781739928,2.0379993841951367,2.809289328403542,2.4236443562993393,0.17510259708656686,2.068167185696675,2.7791215269020038,0,1,1,13.499049951471699,0.2818
1173,1431057,2.574243468790254,2.304397943543013,0.048867212247184044,2.2086199675136573,2.4001759195723684,2.4841256847632174,0.26450423167591297,1.9491153770410485,3.019135992485386,2.4841256847632174,0.2606983704750462,1.9548798559798812,3.0133715135465535,0,1,1,28.460433085684283,0.3387
1174,1432057,2.5735421092355555,1.926325257522185,0.05428170441608926,1.8199350718472012,2.032715443197169,2.200747624270533,0.2696831971109027,1.6552618701878261,2.7462333783532396,2.200747624270533,0.26636379267656285,1.6600003769590121,2.7414948715820535,0,1,1,24.079276210150006,0.3747
1175,1433057,2.578697461810944,2.4198378706024637,0.05152132573284422,2.3188579277303325,2.520817813474595,2.7974387144298385,0.32715231516679444,2.135710697072959,3.459166731786718,2.7974387144298385,0.2905760288217469,2.20753801455931,3.387339414300367,0,1,1,31.808669887999347,0.3974
1176,1434057,2.5730939978371548,2.2220791474738273,0.04738876605112506,2.129198872741828,2.3149594222058267,2.4515190200751906,0.3109663377868549,1.8225302321966352,3.080507807953746,2.4515190200751906,0.28123800347295363,1.88057551949945,3.0224625206509312,0,1,1,35.2206374374717,0.3329
1177,1435057,2.5742642445133543,2.243715327192653,0.05748979802414106,2.1310373935868543,2.3563932607984515,2.2487569951467803,0.348223974519444,1.5444075237471888,2.9531064665463718,2.2487569951467803,0.34993228664072173,1.5383566856866797,2.959157304606881,0,1,1,37.04985081922488,0.3259
1178,1436057,2.5761652124290704,2.4082910820919845,0.05354898257158084,2.303337004842923,2.513245159341046,2.403148991016015,0.3093907707307902,1.7773470883156706,3.028950893716359,2.403148991016015,0.2823145423980431,1.8300200002333802,2.9762779817986496,0,1,1,27.79483192964298,0.2897
1179,1437057,2.574416395991263,2.251719035597037,0.05604854430845757,2.1418659073665625,2.3615721638275113,2.797291486743303,0.28314719175656544,2.2245722329433906,3.3700107405432154,2.797291486743303,0.2729641516561156,2.243144798338094,3.351438175148512,0,1,1,23.718245212120582,0.4071
1180,1438057,2.574716683152912,2.8272697768965456,0.04711709649459553,2.73492196471104,2.9196175890820513,3.0702189520324774,0.28856395334386753,2.486543263753925,3.6538946403110297,3.0702189520324774,0.2483095015401073,2.566123864296015,3.57431403976894,0,1,1,27.773437551922065,0.3737
1181,1439057,2.5771484499087576,2.374820968582117,0.051150003067042184,2.274568804761601,2.475073132402633,2.742790450983196,0.3484039593801268,2.038076925840157,3.4475039761262347,2.742790450983196,0.23991486315571883,2.2557373851856752,3.2298435167807167,0,1,1,22.00001515881058,0.3281
1182,1440057,2.57420618393942,2.435469435308432,0.05049181137567323,2.3365073034979225,2.5344315671189412,2.8909870157486135,0.3085701729179238,2.266844928793356,3.515129102703871,2.8909870157486135,0.25095813648399296,2.381514913213528,3.400459118283699,0,1,1,24.703623475721884,0.3218
1183,1441057,2.5758797278033065,2.6643093720615787,0.048838002692872966,2.5685886457066776,2.76003009841648,2.603485213983906,0.323712647264434,1.948714581661073,3.2582558463067395,2.603485213983906,0.29522989296211893,2.0041366676250085,3.202833760342804,1,1,1,36.54305648283436,0.3855
1184,1442057,2.575999316638745,2.3959573025201397,0.05299305941877404,2.2920928146287514,2.499821790411528,2.589238245830698,0.3860097686123119,1.8084597918130838,3.3700166998483123,2.589238245830698,0.3534770619718791,1.8716416598669485,3.3068348317944474,0,1,1,44.492262095357475,0.4255
1185,1443057,2.575170469365038,1.8022902793075237,0.04807272452139436,1.7080694706068753,1.8965110880081721,2.0761464034505073,0.3282259355960664,1.4122467837997732,2.7400460231012413,2.0761464034505073,0.292409407486539,1.4825237470170993,2.669769059883915,0,1,1,36.99859298158863,0.2729
1186,1444057,2.5735822889703877,2.610306937480095,0.04780857431946103,2.5166038536617448,2.704010021298445,2.771560988218234,0.21895010951391022,2.3286925897633934,3.2144293866730744,2.771560988218234,0.21413699391317725,2.3368397791433972,3.2062821972930706,1,1,1,20.061888735286264,0.4229
1187,1445057,2.574932217078595,2.436472180136769,0.04225533848145073,2.353653238558576,2.5192911217149616,2.893871048885648,0.2582362622589651,2.3715389059902074,3.416203191781088,2.893871048885648,0.22128457459045192,2.4446394796100672,3.3431026181612284,0,1,1,27.424524867215272,0.3657
1188,1446057,2.5720111739872493,2.4435423309158186,0.052856770673990736,2.3399449640557037,2.5471396977759335,2.4615315775225017,0.30022909472962334,1.8542609136820363,3.068802241362967,2.4615315775225017,0.28907761052609493,1.8746728285138117,3.048390326531192,0,1,1,29.910774620210276,0.2371
1189,1447057,2.5752474388055537,2.6222202035444386,0.05926452011976403,2.5060638785486518,2.7383765285402255,2.561960127703888,0.3262360336218568,1.9020854647081509,3.221834790699625,2.561960127703888,0.30030257647712993,1.9523134863236615,3.1716067690841143,1,1,1,25.676071256186493,0.4944
1190,1448057,2.573255753619381,2.024799468521524,0.05623841997406721,1.9145741908249143,2.135024746218134,2.1771339998299277,0.31080782943865315,1.54846582534803,2.8058021743118253,2.1771339998299277,0.29833336945614053,1.5714850612353781,2.7827829384244773,0,1,1,28.14086515409452,0.3482
1191,1449057,2.575202801823136,2.3827422711765456,0.046581035696468785,2.291445118848892,2.474039423504199,2.3226133201149457,0.2330122926805079,1.8513014714531342,2.7939251687767572,2.3226133201149457,0.23583146412205724,1.843849995069871,2.8013766451600204,0,1,1,25.632160476955953,0.3154
1192,1450057,2.579639364405173,2.7048894178116627,0.04882097514868929,2.609202064830107,2.8005767707932185,2.927945697799369,0.3321127641052466,2.2561842254153763,3.599707170183362,2.927945697799369,0.30421872817756956,2.3103488458038495,3.545542549794889,0,1,1,38.829249211181114,0.4179
1193,1451057,2.576078335071713,2.6617402503025263,0.05007014641045619,2.563604566637385,2.7598759339676677,2.7028350660530895,0.32725154297664016,2.04090634150622,3.3647637905999592,2.7028350660530895,0.32733114988522316,2.038317503507797,3.367352628598382,1,1,1,42.738271104002706,0.2174
1194,1452057,2.5795926463634364,2.480862993070067,0.06097363156250561,2.3613568712009414,2.600369114939193,2.641026013372826,0.41217579426940637,1.807321776845158,3.474730249900494,2.641026013372826,0.3595711733913325,1.9110577235008033,3.370994303244849,1,1,1,34.77647909884523,0.3547
1195,1453057,2.574967238912888,2.9007837568162116,0.05596377003060743,2.791096783117139,3.010470730515284,3.1737531517842053,0.403687038093604,2.3572190452957384,3.990287258272672,3.1737531517842053,0.34873836813302,2.465776625752275,3.8817296778161356,0,1,1,38.831622355897416,0.3683
1196,1454057,2.5749473277048907,2.641051947500121,0.04947964709860569,2.544073621219102,2.73803027378114,2.8512583522320356,0.33331154187243145,2.177072122943216,3.5254445815208553,2.8512583522320356,0.3214110260003631,2.198759280121622,3.5037574243424494,1,1,1,42.19571548774601,0.3106
1197,1455057,2.5747018912989517,2.699149467899154,0.052039585403553204,2.597153754737793,2.8011451810605146,2.8989569820920957,0.2901759927963106,2.3120206362503457,3.4858933279338458,2.8989569820920957,0.2349505569222318,2.4219819937374396,3.375931970446752,0,1,1,20.383807148090817,0.3447
1198,1456057,2.5728236620587217,2.720702955459079,0.04996534211066151,2.62277268444696,2.8186332264711984,2.8762178384900285,0.30729166723991613,2.2546617733608927,3.4977739036191644,2.8762178384900285,0.26219187859582316,2.3439400270297965,3.4084956499502606,0,1,1,27.535992826174933,0.3655
1199,1457057,2.5750473388207413,2.3436328039995002,0.05221000096075287,2.241303082483623,2.4459625255153776,2.4072681368851194,0.3377508456355883,1.7241025681832776,3.0904337055869613,2.4072681368851194,0.34161184581449305,1.7137592203128835,3.1007770534573553,0,1,1,42.811302544329514,0.2746
1200,1458057,2.5729234012022326,2.5216107334408715,0.050268072723470114,2.4230871213306298,2.6201343455511132,2.8862778402060494,0.27737719700305596,2.3252295024027205,3.4473261780093782,2.8862778402060494,0.24283690131492244,2.393292721574879,3.3792629588372196,1,1,1,23.336992979081938,0.3921
1201,1459057,2.5748271119189674,2.9098769789940664,0.04609282244531443,2.819536707055451,3.000217250932682,2.910528100479051,0.2659892593421742,2.3725140407803322,3.44854216017777,2.910528100479051,0.2538721774328642,2.395140180310416,3.425916020647686,0,1,1,30.336369877608618,0.3404
1202,1460057,2.5767379681953178,2.774587346271033,0.05218575873836079,2.6723051386379497,2.8768695539041165,3.0631232917367424,0.3547328425032052,2.345608392166679,3.7806381913068057,3.0631232917367424,0.32597406674123314,2.4013607544413587,3.724885829032126,0,1,1,39.01773879170897,0.4336
1203,1461057,2.5723747039399822,2.2738016120698026,0.05155803946084103,2.172749711613059,2.374853512526546,2.397591768627519,0.37173216799936015,1.645692487729634,3.1494910495254045,2.397591768627519,0.3115067082953675,1.765199530413927,3.0299840068411115,0,1,1,36.504131320814565,0.387
1204,1462057,2.575755175567167,2.579643585699526,0.055746137403227154,2.4703831641119796,2.6889040072870727,3.2375026651122267,0.2906160960384886,2.649676126438645,3.8253292037858087,3.2375026651122267,0.23271686745851058,2.76506230744712,3.7099430227773333,1,0,0,17.42714171709105,0.3069
1205,1463057,2.5754082156512927,2.4568279320218247,0.059632604221355245,2.3399501754436374,2.573705688600012,2.545428455779703,0.3619090045149082,1.8133983984678554,3.277458513091551,2.545428455779703,0.32109793337576364,1.8935649954887652,3.197291916070641,0,1,1,28.993955569406758,0.2949
1206,1464057,2.574395720796012,2.5824090205595573,0.052919534992196496,2.478688637896245,2.6861294032228695,2.5773602626048424,0.35237667684410584,1.864611157919542,3.290109367290143,2.5773602626048424,0.27681484655892974,2.015396247948157,3.1393242772615277,1,1,1,27.361929502219205,0.4192
1207,1465057,2.5757188890262825,1.7988361122090708,0.0591050889230504,1.6829922666168546,1.914679957801287,2.0833813846594684,0.33995362190678097,1.3957602803950127,2.771002488923924,2.0833813846594684,0.27575915804063,1.5235605316335463,2.6432022376853905,0,1,1,21.767579469680815,0.2348
1208,1466057,2.575381502263502,2.4293661699112743,0.048777083636555925,2.3337648427127267,2.524967497109822,2.605989260427963,0.22563175544959244,2.1496059574081174,3.0623725634478083,2.605989260427963,0.2130906887172913,2.173392163826664,3.0385863570292617,0,1,1,19.085225039081735,0.3949
1209,1467057,2.5778598315583383,2.4391685940410754,0.040770663316729794,2.3592595623144765,2.5190776257676744,2.570973651747166,0.24916949823370038,2.0669807701197445,3.0749665333745875,2.570973651747166,0.20790836962387013,2.1488972222241447,2.9930500812701872,0,1,1,26.004493008724562,0.2803
1210,1468057,2.5769931148441163,2.230578589247373,0.04517918977658824,2.14202900443456,2.3191281740601863,2.1445789670560655,0.2746587759629629,1.5890291548073696,2.7001287793047615,2.1445789670560655,0.23769778452261536,1.6620268101691624,2.6271311239429687,0,1,1,27.680465627116018,0.3635
1211,1469057,2.5742879578058213,2.556194319451897,0.04595677915003833,2.4661206874723605,2.6462679514314336,2.8377471026560483,0.28523121293593784,2.2608125181394554,3.4146816871726413,2.8377471026560483,0.25953285442793983,2.310867397240446,3.364626808071651,1,1,1,31.89227636590136,0.3341
1212,1470057,2.5764561125204186,2.298399878949882,0.04754100264626688,2.2052212259742756,2.3915785319254885,2.4590446251322327,0.31552149023463144,1.8208421717581764,3.097247078506289,2.4590446251322327,0.3032210325465048,1.8434732029473182,3.0746160473171473,0,1,1,40.68009617069351,0.3541
1213,1471057,2.57411677870768,2.4244476719569863,0.050161585745956444,2.326132770487494,2.5227625734264785,2.595972526076367,0.35617074501415386,1.8755491941535098,3.3163958579992245,2.595972526076367,0.3195041047054867,1.947344710005231,3.2446003421475034,0,1,1,40.57050086605797,0.3691
1214,1472057,2.5725931561339372,2.572867883616901,0.04968481197980591,2.475487441557837,2.670248325675965,2.8227027549636636,0.3236403651910264,2.1680783269343933,3.477327182992934,2.8227027549636636,0.29704195390471017,2.2196755293187387,3.4257299806085886,1,1,1,35.74277642447663,0.304
1215,1473057,2.5755702762715695,2.550869241441214,0.05348084032484967,2.4460487205415715,2.655689762340857,2.808584538021129,0.3359459350321777,2.129069745608284,3.4880993304339745,2.808584538021129,0.33701600524993575,2.124405673815976,3.4927634022262826,1,1,1,39.710431648890804,0.352
1216,1474057,2.57639980958158,2.341261822557995,0.04569857841069609,2.251694254728351,2.430829390387639,2.5964684156616267,0.3263015126297706,1.9364613088711295,3.256475522452124,2.5964684156616267,0.2987555382904344,1.989962428769517,3.2029744025537363,0,1,1,42.73921580595356,0.396
1217,1475057,2.5731045946847435,2.493429867071709,0.052029307134923306,2.3914542989466865,2.5954054351967315,2.7727002622474726,0.3000670932522467,2.1657572773243294,3.3796432471706157,2.7727002622474726,0.26563547180248454,2.2334315849167283,3.311968939578217,1,1,1,26.066099678447507,0.3107
1218,1476057,2.5740249692331845,2.813953936770678,0.0408593755344545,2.7338710322923503,2.894036841249006,2.941533974387919,0.2153588822302849,2.5059295187514556,3.3771384300243823,2.941533974387919,0.20176147621559817,2.5319364019071404,3.3511315468686975,0,1,1,24.383331541755737,0.3287
1219,1477057,2.5749584656980335,2.6496412241971354,0.04570948748395783,2.5600522749767936,2.7392301734174773,3.0544811091812027,0.2803126740429772,2.4874952086232485,3.621467009739157,3.0544811091812027,0.23657961614941078,2.5741989547738613,3.534763263588544,1,1,1,26.78810188316052,0.356
1220,1478057,2.57423961907629,2.188643697751097,0.049696092151341104,2.0912411469620844,2.286046248540109,2.2538953151421137,0.290715327111923,1.6658680626773106,2.841922567606917,2.2538953151421137,0.276005155626094,1.6935750604676105,2.814215569816617,0,1,1,30.845364759768557,0.2328
1221,1479057,2.577034939365213,2.47873549491414,0.05929294331764505,2.3625234614741806,2.594947528354099,2.5225834751736613,0.3806416269694352,1.752663112514565,3.292503837832758,2.5225834751736613,0.3471845373470082,1.8177613933395729,3.22740555700775,1,1,1,34.2858349812442,0.3809
1222,1480057,2.5772688617300545,2.299781428751177,0.05713425564768141,2.1878003453982173,2.411762512104137,2.4672451668822224,0.27726783323791565,1.9064180381736238,3.028072295590821,2.4672451668822224,0.22662296798338114,2.007176082855537,2.927314250908908,0,1,1,15.733114329651263,0.3227
1223,1481057,2.57526560851945,2.4609785422654697,0.04854094858318046,2.3658400312670254,2.556117053263914,2.6906942582439233,0.31920486970140804,2.045041466667368,3.3363470498204784,2.6906942582439233,0.2665123104317859,2.149645503860038,3.2317430126278084,0,1,1,30.145190345290686,0.4402
1224,1482057,2.574887039083987,2.2207281639588805,0.045663105662552814,2.13123012143803,2.310226206479731,2.6434289535860414,0.3236519878075241,1.988781016595914,3.2980768905761684,2.6434289535860414,0.3003829419770986,2.033619161567171,3.2532387456049117,0,1,1,43.27326275613718,0.3038
1225,1483057,2.5817496381140876,2.125857969610526,0.05116459402754333,2.025577208032928,2.226138731188124,2.328164181348917,0.30598725961562556,1.7092465296774602,2.9470818330203734,2.328164181348917,0.29998337513617734,1.7191655531416665,2.9371628095561673,0,1,1,34.37599750690862,0.4132
1226,1484057,2.57447699948194,2.1470594003919405,0.053224377535448016,2.0427415373229,2.251377263460981,2.3096215054393325,0.31680584873139406,1.6688211917958022,2.950421819082863,2.3096215054393325,0.2798118058805762,1.741573339903129,2.877669670975536,0,1,1,27.638272009170297,0.2924
1227,1485057,2.5767463179942873,2.3603647975849507,0.060279061449505164,2.2422200081220436,2.4785095870478577,2.3937689063633605,0.3574713707815431,1.670714810510439,3.116823002216282,2.3937689063633605,0.268024725030342,1.8496497871121451,2.937888025614576,0,1,1,19.770459122139073,0.3132
1228,1486057,2.5756069074184795,2.9107806742411735,0.042095623685497026,2.828274767910848,2.9932865805714988,3.1842154430081804,0.24884861929735214,2.6808716002917414,3.6875592857246193,3.1842154430081804,0.1967302253622366,2.784831852773827,3.5835990332425336,0,0,0,21.840786934190817,0.3193
1229,1487057,2.5757729815221877,2.574175291374852,0.053529823766162034,2.4692587646943984,2.679091818055306,2.656088991028283,0.26186372612156567,2.126419609915199,3.185758372141367,2.656088991028283,0.23093486004218372,2.187266300747263,3.124911681309303,1,1,1,18.61175657333327,0.3898
1230,1488057,2.5698704862462964,2.4014888895279434,0.04884915154136579,2.3057463118315273,2.4972314672243594,2.4596921475002236,0.39810553752804884,1.6544476915258854,3.2649366034745615,2.4596921475002236,0.3793813018725435,1.6895071587388366,3.2298771362616105,0,1,1,60.31673090574298,0.348
1231,1489057,2.5729398138242052,1.7322872749442786,0.048227021871156704,1.637764048995186,1.8268105008933713,1.7488194143634723,0.2768666172594909,1.188803821571407,2.3088350071555377,1.7488194143634723,0.28119811739358486,1.1779568868336852,2.3196819418932595,0,0,0,33.997261002504644,0.3284
1232,1490057,2.574724841927061,2.0274877905755417,0.05061845297347236,1.9282774457944014,2.126698135356682,2.2619130878095564,0.28755552634240417,1.680277135670384,2.8435490399487287,2.2619130878095564,0.27750830779547325,1.69854127199863,2.825284903620483,0,1,1,30.05621180666376,0.3419
1233,1491057,2.571797436717866,2.5358575521557847,0.05422375608149921,2.4295809431295616,2.6421341611820077,2.695328224652698,0.23253338836480764,2.22498505140182,3.1656713979035764,2.695328224652698,0.22655188504394705,2.235403446664921,3.1552530026404755,1,1,1,17.456459471745255,0.3835
1234,1492057,2.5742907636664225,2.4929393086823355,0.05006047154571744,2.3948225874036373,2.5910560299610337,2.486278277985206,0.28900087041689126,1.9017188415102395,3.0708377144601724,2.486278277985206,0.21601293037049443,2.047748715435476,2.924807840534936,1,1,1,18.619569034819687,0.2985
1235,1493057,2.5751155985586816,2.450284123407466,0.05840214664804926,2.335818019357463,2.564750227457469,2.483318927010752,0.2746723290181921,1.927741701120305,3.0388961529011986,2.483318927010752,0.2579276119751786,1.9596980370252637,3.00693981699624,0,1,1,19.504645148911262,0.2974
1236,1494057,2.5762919749792967,2.6962832516136914,0.05498720522193932,2.5885103097681776,2.804056193459205,2.9311512815340013,0.3408315248712041,2.2417544509147334,3.620548112153269,2.9311512815340013,0.2875697468076034,2.347353658614942,3.5149489044530604,0,1,1,27.350363108232898,0.3166
1237,1495057,2.5769446550662454,2.259732626016429,0.04304445160631786,2.175367051133769,2.344098200899089,2.5189989285844363,0.2749680990620664,1.9628234513118263,3.0751744058570463,2.5189989285844363,0.23311643900498338,2.045747397554932,2.9922504596139405,0,1,1,29.329958084080545,0.2993
1238,1496057,2.573786939572602,2.3982241970452667,0.04828483178640304,2.3035876657443417,2.4928607283461917,2.7745425666939845,0.27938161741484796,2.2094399059237873,3.3396452274641817,2.7745425666939845,0.25675234850926976,2.253307588388421,3.295777544999548,0,1,1,28.275311885392227,0.318
1239,1497057,2.5754565303266097,2.1296119215630687,0.061940793477818466,2.008210197172711,2.2510136459534262,2.612777532983414,0.39320104450212195,1.817453350520002,3.4081017154468265,2.612777532983414,0.3928396080095161,1.8152707302325388,3.4102843357342896,0,1,1,40.22323618230346,0.4089
1240,1498057,2.57675099417683,3.042209426095802,0.044563955530226664,2.9548656782479132,3.1295531739436906,3.2639740563099986,0.2969362245587572,2.6633638510650037,3.8645842615549935,3.2639740563099986,0.26392108770486206,2.728185763727904,3.7997623488920933,0,0,0,35.07363034446092,0.3617
1241,1499057,2.5756062444284358,2.3852590200363455,0.05246290589630123,2.282433613955281,2.48808442611741,2.6750627133142073,0.3401642684651585,1.9870155361687842,3.36310989045963,2.6750627133142073,0.3015957801413925,2.062790728922319,3.2873346977060955,0,1,1,33.04804982986547,0.3565
1242,1500057,2.572594640989805,2.497347906516548,0.05318232834266667,2.3931124583509376,2.6015833546821585,2.4751484761027287,0.40851668761485793,1.648845481380662,3.3014514708247953,2.4751484761027287,0.37222175097146953,1.7194981483883238,3.230798803817134,1,1,1,48.985641696086084,0.3746
1243,1501057,2.575012108569881,2.4188069326444177,0.04690531494017993,2.3268742046781563,2.510739660610679,2.7036876156762357,0.27362044588207063,2.1502380242541617,3.25713720709831,2.7036876156762357,0.2637035171190124,2.1683410148654287,3.2390342164870427,0,1,1,31.60732424781927,0.3351
1244,1502057,2.573363177666952,2.265766814552462,0.06342932418901347,2.1414476235782804,2.3900860055266437,2.5155121554895197,0.35983505874624677,1.7876770494525922,3.243347261526447,2.5155121554895197,0.33847202513558095,1.8283774137708275,3.202646897208212,0,1,1,28.475108746349296,0.3168
1245,1503057,2.5729354457496734,2.5610189865405952,0.04753673308507979,2.4678487017511452,2.6541892713300452,2.6138559561835644,0.2639837989408747,2.079898323029047,3.1478135893380816,2.6138559561835644,0.2623229085039841,2.0813121398679373,3.1463997724991914,1,1,1,30.451856454947354,0.4388
1246,1504057,2.5739858779075724,2.4135827305089146,0.05293527170699238,2.3098315044513673,2.517333956566462,2.557667165898509,0.3305925300312782,1.8889806571722625,3.2263536746247556,2.557667165898509,0.31478264460305855,1.91862442341423,3.196709908382788,0,1,1,35.36154781265681,0.2839
1247,1505057,2.5740544220805828,2.0487548104100153,0.06215846158774225,1.9269264643636241,2.1705831564564066,2.267611159988858,0.4201464306026887,1.417784789722945,3.1174375302547714,2.267611159988858,0.383648648909749,1.4887629961746447,3.046459323803072,0,1,1,38.094899464361255,0.3324
1248,1506057,2.5735412410786886,2.2708222231657036,0.056314371788465746,2.1604480826483123,2.381196363683095,2.606914862405863,0.3017926486078832,1.996481612332853,3.2173481124788728,2.606914862405863,0.2399224765324718,2.119846340631835,3.0939833841798907,0,1,1,18.15111815557737,0.3378
1249,1507057,2.5750148075458634,2.0961596204305515,0.05182515652151059,1.9945841801552395,2.197735060705863,2.4070948389198823,0.3500311212742504,1.6990900681881698,3.115099609651595,2.4070948389198823,0.3279581609968387,1.7413043761457978,3.072885301693967,0,1,1,40.04567699954113,0.3492
1250,1508057,2.5727204670099746,2.3435978407319653,0.05952592110790338,2.226929179213902,2.4602665022500285,2.4838301520834345,0.4567827011530625,1.55989993003127,3.407760374135599,2.4838301520834345,0.3781054320365317,1.7162353167915505,3.2514249873753185,0,1,1,40.347217039099576,0.2782
1251,1509057,2.57587237709966,2.61374481404966,0.052595359410668466,2.5106598038508103,2.71682982424851,2.4336442176953343,0.3122365911666539,1.8020860998393133,3.0652023355513554,2.4336442176953343,0.25159319190303314,1.922882884119177,2.9444055512714917,1,1,1,22.882470728401678,0.3284
1252,1510057,2.577616876961511,2.4993823157478365,0.039624295570674165,2.421720123516545,2.577044507979128,2.488563650214567,0.2565371056653593,1.9696683759327338,3.0074589244964005,2.488563650214567,0.23095851846071153,2.019692930790524,2.9574343696386105,0,1,1,33.97385750597673,0.389
1253,1511057,2.57749729629009,2.5077003812175302,0.05625449629912827,2.397443594502797,2.6179571679322633,2.5383130772817566,0.3567527522874255,1.8167125245318574,3.259913630031656,2.5383130772817566,0.35954325604010623,1.808401462645794,3.268224691917719,1,1,1,40.84960048528866,0.3403
1254,1512057,2.5740079473571944,2.088304896872189,0.04944220001405791,1.9913999655282097,2.185209828216168,2.164006650703568,0.3249921925538327,1.506647893742092,2.821365407665044,2.164006650703568,0.28917648741883206,1.5769471709310117,2.7510661304761244,0,1,1,34.20821254075164,0.4162
1255,1513057,2.5739744118899757,2.5974203921406502,0.05422540262846345,2.491140555941678,2.7037002283396223,2.6568269854517643,0.32513918237360523,1.9991709135164966,3.314483057387032,2.6568269854517643,0.28198657136770017,2.0843638112580654,3.2292901596454633,1,1,1,27.042776778684836,0.3577
1256,1514057,2.5762632396427043,2.001651591029912,0.04504349880986923,1.9133679556248955,2.0899352264349282,2.486130269052916,0.23236441703873348,2.016128872569035,2.9561316655367973,2.486130269052916,0.22773232033330104,2.023809080025435,2.948451458080397,0,1,1,25.5614277071016,0.2181
1257,1515057,2.5725791170184915,2.8191310374127414,0.05109851323088718,2.718979791816659,2.919282283008824,3.0054984827545246,0.26838038540681963,2.462647914076184,3.548349051432865,3.0054984827545246,0.20352237974344048,2.5923260860609894,3.41867087944806,0,1,0,15.863821559432164,0.275
1258,1516057,2.574988863872646,2.6177239931703356,0.046181230130184964,2.527210445353417,2.708237540987254,2.801248071521038,0.2624220718145732,2.270449329644466,3.33204681339761,2.801248071521038,0.25772653461298245,2.278035390282736,3.3244607527593404,1,1,1,31.14492392988016,0.4752
1259,1517057,2.5749069958374475,2.6940242405368613,0.04605791428117024,2.6037523873427344,2.784296093730988,2.9593014446010883,0.24561707166159874,2.4624940239451543,3.4561088652570224,2.9593014446010883,0.22269605910827092,2.5072044094152806,3.411398479786896,0,1,1,23.378493880878498,0.2956
1260,1518057,2.575416795843461,2.2852367597138805,0.05161143308594542,2.1840802096749288,2.3863933097528323,2.5297296947423527,0.2971685599249852,1.9286495468616853,3.13080984262302,2.5297296947423527,0.28831839986611596,1.9444122253136982,3.115047164171007,0,1,1,31.207061843651033,0.3888
1261,1519057,2.5767679429844694,2.612225211814026,0.05229276826720154,2.509733269358412,2.71471715426964,2.3854751905776754,0.2990832296385931,1.7805222576524238,2.990428123502927,2.3854751905776754,0.29120600928524903,1.7942955623735486,2.9766548187818023,1,1,1,31.011116279292033,0.3782
1262,1520057,2.5752476100640607,2.553327552542893,0.055162144723094546,2.4452117355756418,2.6614433695101445,2.5920537208697128,0.2644759562187896,2.057100605657927,3.1270068360814984,2.5920537208697128,0.2554084437856652,2.073547014198352,3.1105604275410736,1,1,1,21.438194911669434,0.322
1263,1521057,2.575113817777442,2.2268182527189415,0.04632632155156754,2.1360203309416472,2.317616174496236,2.3747919733229206,0.24777299782098375,1.8736237804001288,2.8759601662457124,2.3747919733229206,0.22256281369899814,1.9229654406988805,2.8266185059469606,0,1,1,23.080731652819676,0.4339
1264,1522057,2.57293820998267,2.247508157894977,0.0561003212013789,2.1375535488191453,2.3574627669708086,2.5923385239498304,0.36391787011715476,1.8562451524247443,3.3284318954749166,2.5923385239498304,0.32301545561251094,1.9365822865634754,3.2480947613361852,0,1,1,33.15247148618095,0.3485
1265,1523057,2.5751472607731922,2.0000180401967977,0.0491782378951886,1.9036304650990852,2.0964056152945103,2.374016826527091,0.31675311306764303,1.7333231808317922,3.0147104722223896,2.374016826527091,0.2661837401294284,1.8336351053190094,2.914398547735172,0,1,1,29.29659309060379,0.4235
1266,1524057,2.576337867301268,1.9436023249225687,0.052691500934127285,1.8403288808003206,2.0468757690448167,2.106548956403991,0.35312322897476156,1.3922898075026793,2.820808105305303,2.106548956403991,0.3574507778043781,1.3808852984240716,2.832212614383911,0,1,1,46.02050216778053,0.3176
1267,1525057,2.571937414543085,2.3071524745806964,0.04580676115573727,2.217372872467023,2.3969320766943696,2.6618615529601284,0.2989029039179947,2.0572733632325804,3.2664497426876764,2.6618615529601284,0.2734348328729735,2.1067593308848975,3.2169637750353592,0,1,1,35.63268153762429,0.3017
1268,1526057,2.5718942162529106,2.0695376966049532,0.04821973875990077,1.9750287452916175,2.1640466479182887,2.176442581600349,0.3438620524435663,1.480915930377543,2.871969232823155,2.176442581600349,0.3227448914991149,1.5212356185656992,2.831649544634999,0,1,1,44.79907504910116,0.4112
1269,1527057,2.57416828884395,2.6722177573419623,0.05034659844110212,2.573540237653302,2.7708952770306228,2.5973675382736086,0.32996675436519385,1.929946780305131,3.264788296242086,2.5973675382736086,0.32900789653794055,1.929445999054967,3.26528907749225,1,1,1,42.70437555506041,0.3866
1270,1528057,2.5735395231840825,2.340630386931961,0.05546306578430473,2.231924775522548,2.449335998341374,2.765834486193014,0.3545444849079587,2.048700575820576,3.4829683965654525,2.765834486193014,0.314405590568395,2.1275572040938844,3.404111768292144,0,1,1,32.134590913380364,0.3441
1271,1529057,2.571994541201366,2.748542100656692,0.046702318539253364,2.657007238325238,2.840076962988146,2.85532308284772,0.27171278235394375,2.3057321051224733,3.404914060572967,2.85532308284772,0.26878137198256213,2.3096678886199165,3.4009782770755237,0,1,1,33.12237345529801,0.3619
1272,1530057,2.575624477513047,2.525040545789865,0.04993762354360465,2.4271646021708806,2.6229164894088495,2.594536030957955,0.3243376095102138,1.938501293175217,3.250570768740693,2.594536030957955,0.2926449447781086,2.000435208401533,3.188636853514377,1,1,1,34.34205746814305,0.3558
1273,1531057,2.5795374226364958,2.7661280432605615,0.05684877719421704,2.654706487394754,2.877549599126369,3.1747715118800457,0.38314047888547564,2.399796744139858,3.9497462796202334,3.1747715118800457,0.38713939025515637,2.388836766385049,3.9607062573750422,0,1,1,46.375912541483125,0.3508
1274,1532057,2.5745299945218103,2.6415997991994526,0.04738414864534346,2.548728574416487,2.7344710239824184,2.893246468046932,0.277459210146059,2.332032243003927,3.4544606930899366,2.893246468046932,0.24228004404376471,2.401391829776843,3.3851011063170207,1,1,1,26.143824760296948,0.2941
1275,1533057,2.576952280039839,2.308266952724496,0.04939850428546918,2.2114476634348286,2.405086242014163,2.3822662455392503,0.29170269029325485,1.7922418625327885,2.972290628545712,2.3822662455392503,0.26824753009282654,1.8376948079642308,2.92683768311427,0,1,1,29.487901357425944,0.335
1276,1534057,2.577031977429902,2.759849639611225,0.06547227728075199,2.631526334155131,2.8881729450673186,3.2015987490154156,0.3475813035219075,2.498549202407112,3.904648295623719,3.2015987490154156,0.32778632942981,2.5361571228678796,3.8670403751629516,0,1,1,25.064946394088153,0.4091
1277,1535057,2.5744045682956087,2.4231390846001877,0.04721096684164023,2.330607289915258,2.5156708792851172,2.656563035876028,0.29928869462347807,2.0511945107914644,3.261931560960592,2.656563035876028,0.2830913978521601,2.081856944676886,3.23126912707517,0,1,1,35.9556841504213,0.3646
1278,1536057,2.568055358005962,2.7772221606669403,0.0543726149269144,2.6706537936649233,2.8837905276689573,2.880858765970001,0.3399191817847731,2.1933073234276157,3.5684102085123865,2.880858765970001,0.30169936125417346,2.2683765007398393,3.493341031200163,0,1,1,30.78848658586045,0.3911
1279,1537057,2.576337519449306,2.4896108286638094,0.053250274168509894,2.3852422091266465,2.5939794482009724,2.4291020713506914,0.3130670014112345,1.7958642902330517,3.062339852468331,2.4291020713506914,0.2848934402737268,1.8507376395444832,3.0074665031568997,1,1,1,28.623398897312452,0.2678
1280,1538057,2.576150436181198,2.550057273596402,0.05258483719003026,2.4469928865710404,2.653121660621764,2.797567224134376,0.25505830053513817,2.281663115561945,3.313471332706807,2.797567224134376,0.21726595508877117,2.356493886169779,3.238640562098973,1,1,1,17.071130834588633,0.382
1281,1539057,2.573968586120639,2.6601059736452943,0.05436263771999734,2.553557161609501,2.7666547856810877,2.69095047048527,0.3967806757533215,1.8883858003929763,3.4935151405775633,2.69095047048527,0.3496121275745573,1.981200118483691,3.400700822486849,1,1,1,41.35918163049027,0.2818
1282,1540057,2.5739077504100565,2.331546251783322,0.054949876183872044,2.2238464735079977,2.4392460300586465,2.6879566300272515,0.2950546034006424,2.091152362813725,3.284760897240778,2.6879566300272515,0.2595391916224339,2.1610640594228636,3.2148492006316394,0,1,1,22.308607311853336,0.4125
1283,1541057,2.577522647773581,2.209148772582314,0.0394575586807456,2.1318133786501767,2.2864841665144513,2.473425841196484,0.2483466750643969,1.9710972765224084,2.975754405870559,2.473425841196484,0.22206653924892733,2.0226067992681207,2.924244883124847,0,1,1,31.674212552042114,0.3654
1284,1542057,2.5749602585237734,2.5095293840462958,0.06039932559947392,2.391148881180819,2.6279098869117727,2.614568622615479,0.36945881346952386,1.867267635283118,3.3618696099478402,2.614568622615479,0.34359991612893265,1.91702370873598,3.312113536494978,1,1,1,32.36248926661352,0.26
1285,1543057,2.575237472868408,2.54714624158141,0.05425336436951062,2.4408116013770407,2.6534808817857796,2.9451829198022295,0.3300584944194108,2.2775766000590836,3.6127892395453753,2.9451829198022295,0.3164138071287611,2.302828741342257,3.587537098262202,1,1,1,34.013983968387784,0.4489
1286,1544057,2.5777210760018865,2.156952778916092,0.04496951489398653,2.068814149321641,2.245091408510543,2.475630814214977,0.302422407860958,1.8639237558189636,3.0873378726109904,2.475630814214977,0.2873998662033262,1.8921780672575168,3.059083561172437,0,1,1,40.84479473862358,0.3532
1287,1545057,2.5739843563569,2.1666603560512225,0.055574729642760334,2.057735887500862,2.2755848246015833,2.4993183587929613,0.30287770820227156,1.886690368530683,3.1119463490552395,2.4993183587929613,0.2690126938886221,1.9531935561296871,3.0454431614562356,0,1,1,23.431000308730734,0.3139
1288,1546057,2.5849633279196618,2.270800025362111,0.05104966092586108,2.1707445285244416,2.3708555221997805,2.3647839202709666,0.31173538957200975,1.7342395783295403,2.995328262212393,2.3647839202709666,0.28368128594569353,1.7888802925763616,2.9406875479655716,0,1,1,30.879883288332785,0.3787
1289,1547057,2.575901781150065,1.682335039046183,0.055899904558745675,1.5727732393718152,1.791896838720551,2.0889888022219214,0.33312763667568596,1.4151745563047067,2.762803048139136,2.0889888022219214,0.31598375116025956,1.4475076837931953,2.7304699206506475,0,1,1,31.952685744986237,0.3146
1290,1548057,2.575590158462194,2.281444083570729,0.052358485335398074,2.1788233380282804,2.3840648291131776,2.4813514180413265,0.3290585834638932,1.8157676091087511,3.146935226973902,2.4813514180413265,0.2872353452039936,1.8982326664689753,3.064470169613678,0,1,1,30.09550335109278,0.319
1291,1549057,2.5729713758559143,2.2208820660338064,0.04494794200756753,2.132785718519779,2.308978413547834,2.302622577809101,0.2318981237248317,1.8335643485773225,2.7716808070408794,2.302622577809101,0.22116901018736781,1.853625616744445,2.751619538873757,0,1,1,24.211902976661687,0.3616
1292,1550057,2.577209418390975,2.0441173622771234,0.059268200947366664,1.927953822991802,2.160280901562445,2.1186415526363076,0.4251149369424677,1.2587654297107782,2.9785176755618368,2.1186415526363076,0.40282081096971684,1.300871830622453,2.9364112746501623,0,1,1,46.193440472492156,0.3661
1293,1551057,2.5774598939106226,2.184283136784591,0.052845905976516595,2.0807070643402286,2.2878592092289534,2.350290997187799,0.36464151738759276,1.6127339108994887,3.0878480834761097,2.350290997187799,0.31976915246714066,1.7011251055543644,2.999456888821234,0,1,1,36.614274760317244,0.2832
1294,1552057,2.575431909479499,2.475399210434025,0.0462394361433815,2.384771580927558,2.5660268399404926,2.5346894619696316,0.2701772148671197,1.9882044626570878,3.0811744612821754,2.5346894619696316,0.2668364822703513,1.9929826037661595,3.076396320173104,0,1,1,33.3016194973129,0.321
1295,1553057,2.5776722743469036,2.545993672786588,0.05685589792920582,2.434558160536659,2.657429185036517,2.9444759214632854,0.34170674580680216,2.2533087894045574,3.6356430535220134,2.9444759214632854,0.2948787729465482,2.345840186631765,3.5431116562948057,1,1,1,26.89899014674809,0.3813
1296,1554057,2.5760409502736716,2.289293018042128,0.05066087186236396,2.189999533766496,2.38858650231776,2.7251984153178017,0.3237191488425654,2.070414632311916,3.3799821983236873,2.7251984153178017,0.28383699997540573,2.1489786713369385,3.301418159298665,0,1,1,31.39009980260485,0.3498
1297,1555057,2.5755782030908625,2.579160104440533,0.04413426065230207,2.4926585430777175,2.6656616658033485,2.6417393755825276,0.2269316008183677,2.1827268871378087,3.1007518640272465,2.6417393755825276,0.22442083803275245,2.1861408530276507,3.0973378981374045,1,1,1,25.856792390113533,0.3455
1298,1556057,2.577992524979307,2.5415632996522453,0.05043245844909298,2.4427174974402104,2.64040910186428,2.8411529316793045,0.2732600653760342,2.2884322786345486,3.3938735847240604,2.8411529316793045,0.2699445825250971,2.293136294506876,3.389169568851733,1,1,1,28.65028545912122,0.3202
1299,1557057,2.576615558902726,2.2584936813558216,0.056794197180186946,2.147179100351789,2.369808262359854,2.461161254789326,0.34557269260428963,1.7621745072459745,3.160148002332677,2.461161254789326,0.2976951340443838,1.8568080029642737,3.065514506614378,0,1,1,27.474863416113458,0.4067
1300,1558057,2.57328067218586,2.475310066448697,0.0518589441077255,2.3736684037212794,2.576951729176115,2.8684601095926374,0.28728549044541685,2.2873703566103853,3.4495498625748895,2.8684601095926374,0.2666264955729015,2.3271795470484853,3.4097406721367896,1,1,1,26.433779880599264,0.3468
1301,1559057,2.575315245320741,2.4255506263854367,0.0499080276017483,2.327732689746579,2.5233685630242944,2.5106356310526587,0.264895270640247,1.974834372367951,3.0464368897373664,2.5106356310526587,0.21748093182095954,2.0691258671196566,2.952145394985661,0,1,1,18.98897650013893,0.4537
1302,1560057,2.5742061960191567,2.0198519171206026,0.05471872960787733,1.9126051778093776,2.1270986564318277,2.4328897388045365,0.2849574414444458,1.8565089093979492,3.009270568211124,2.4328897388045365,0.28415774701568475,1.85601884371424,3.009760633894833,0,1,1,26.96789134158672,0.3956
1303,1561057,2.5749096003892573,2.515669612875423,0.051130494850684785,2.41545568445637,2.6158835412944756,2.7554460215820695,0.22408547647979313,2.302190362994281,3.2087016801698582,2.7554460215820695,0.21108069745314376,2.3269294241818304,3.1839626189823087,1,1,1,17.04264701903587,0.3499
1304,1562057,2.5752023344228876,2.5019285878853337,0.05690919157678454,2.390388622005546,2.6134685537651214,2.7309203723575917,0.3847563753861329,1.9526771454378054,3.509163599277378,2.7309203723575917,0.3513579229936521,2.0176258672346052,3.444214877480578,1,1,1,38.118400588132715,0.3118
1305,1563057,2.5715679494259436,2.447024987228466,0.04955178611121749,2.3499052710808477,2.5441447033760842,2.639870546197493,0.28717395232766546,2.0590064003532547,3.2207346920417317,2.639870546197493,0.24164465045737993,2.1493058254846833,3.130435266910303,0,1,1,23.78130832023103,0.4105
1306,1564057,2.5746474245616624,2.8750041019829955,0.057934447583093324,2.761454671255909,2.988553532710082,3.1381324683530014,0.40725729276211087,2.314376840164327,3.9618880965416756,3.1381324683530014,0.37980763538409434,2.367081976549736,3.909182960156267,0,1,1,42.97873631869388,0.3877
1307,1565057,2.5758185786147068,1.8851237902113738,0.05269334309551738,1.7818467355191474,1.9884008449036001,2.2763874732753933,0.3513819735002827,1.5656503460117739,2.987124600539013,2.2763874732753933,0.28209052799819156,1.7037132559019392,2.8490616906488473,0,1,1,28.659294909416754,0.344
1308,1566057,2.57359874435969,2.908351702812445,0.05816931040626238,2.7943419494106396,3.02236145621425,3.039288669775028,0.32005457485630084,2.3919171872969622,3.6866601522530935,3.039288669775028,0.31344647785879914,2.4029584899917342,3.6756188495583215,0,1,1,29.036145075903697,0.2907
1309,1567057,2.5787465164483208,2.1320904683149955,0.049580384689368984,2.034914699984191,2.2292662366458,2.1894974320355582,0.3092220699365121,1.564036758900003,2.8149581051711134,2.1894974320355582,0.30718314468676194,1.5658824945820906,2.813112369489026,0,1,1,38.386187460843416,0.4389
1310,1568057,2.5734418191912525,2.435217589084947,0.048416971789003775,2.3403220681380077,2.530113110031886,2.5356045586142573,0.3478769497077432,1.8319570111503203,3.2392521060781942,2.5356045586142573,0.27260880240238217,1.9821792675463503,3.089029849682164,0,1,1,31.70184244418531,0.2865
1311,1569057,2.5759239715206697,2.6210824780317767,0.050370045436717276,2.522359003076165,2.7198059529873886,2.735265613500338,0.356410523959846,2.0143572828812135,3.4561739441194628,2.735265613500338,0.3449570099510221,2.034965652693236,3.4355655743074403,1,1,1,46.901341442387995,0.4289
1312,1570057,2.5776653727120618,1.9428223746451665,0.04767380496162774,1.849383433914389,2.0362613153759437,2.4609625633230343,0.3278845646318259,1.7977534316220338,3.124171695024035,2.4609625633230343,0.2936713281647664,1.864778071715934,3.0571470549301347,0,1,1,37.94577820889313,0.3227
1313,1571057,2.57567495339628,2.442443040646028,0.05346210688199121,2.337659236619694,2.5472268446723616,2.5670251902919823,0.3285409420355776,1.902488409976296,3.2315619706076686,2.5670251902919823,0.31844684702299747,1.920543721424271,3.2135066591596937,0,1,1,35.47984932845174,0.2683
1314,1572057,2.5742651374734113,2.982621505541847,0.05238552263193991,2.8799477678719367,3.0852952432117573,3.193858029073067,0.29573825018756833,2.595670955711113,3.7920451024350212,3.193858029073067,0.23697792912711013,2.712767256331773,3.6749488018143612,0,0,0,20.464127729784376,0.3354
1315,1573057,2.575310271773558,2.101925252173358,0.04355935156481451,2.016550491916403,2.187300012430313,1.9427986807985596,0.20550837723650361,1.5271187521707943,2.358478609426325,1.9427986807985596,0.20248574001020744,1.5317307746461999,2.3538665869509194,0,0,0,21.608572368441706,0.3769
1316,1574057,2.575956916115016,2.1217928967872477,0.04926556583867387,2.02523416206546,2.2183516315090355,2.354873510718838,0.26147162532817575,1.825997228320283,2.883749793117393,2.354873510718838,0.22925170884453597,1.8894677990286062,2.8202792224090696,0,1,1,21.65400400207425,0.307
1317,1575057,2.576652293807753,2.529973626026518,0.052498706103028266,2.42707805282963,2.6328691992234066,2.620473269140443,0.30306489759817035,2.007466652586753,3.2334798856941327,2.620473269140443,0.2711808216605003,2.069946933098019,3.1709996051828666,1,1,1,26.682145308382797,0.3517
1318,1576057,2.57313631286057,2.2956385263217856,0.0545324670887472,2.1887568548397254,2.4025201978038457,2.5048813071900047,0.3456117561820416,1.8058155461026304,3.2039470682773787,2.5048813071900047,0.3013113128226096,1.8931868221573058,3.1165757922227035,0,1,1,30.529562695723264,0.3603
1319,1577057,2.5741832956459128,2.301283562430137,0.04872064094617816,2.20579286087192,2.3967742639883536,2.5362703592073474,0.34900968197578064,1.8303316444700184,3.2422090739446765,2.5362703592073474,0.28550612029586864,1.9566621208307087,3.115878597583986,0,1,1,34.34036120514062,0.3685
1320,1578057,2.573846810667681,2.2331157538834097,0.05408477693927807,2.127111538970542,2.339119968796277,2.688918315092346,0.2975456858163932,2.087075358095417,3.2907612720892754,2.688918315092346,0.2674895766567453,2.1458856047971597,3.2319510253875325,0,1,1,24.460404858747246,0.3841
1321,1579057,2.577614189260167,2.405395604965896,0.054551649110242476,2.2984763374125543,2.5123148725192377,2.757501411497825,0.31759307694939176,2.1151087784857543,3.399894044509896,2.757501411497825,0.2792554636894661,2.1905826806546145,3.3244201423410358,0,1,1,26.205206717630816,0.3029
1322,1580057,2.5732323021931425,2.2838348358108824,0.05439114327920596,2.177230153905681,2.390439517716084,2.2040037693740167,0.30072326938267546,1.5957335429499104,2.812273995798123,2.2040037693740167,0.2935728189804338,1.6080192620430354,2.799988276704998,0,1,1,29.132336047281836,0.3954
1323,1581057,2.575337045796322,2.18128614956163,0.0525703968622029,2.0782500650587346,2.284322234064525,2.4821409561704106,0.3283507355342204,1.8179889048179514,3.14629300752287,2.4821409561704106,0.2769598192302079,1.9198826313443837,3.0443992809964375,0,1,1,27.75562575166369,0.3415
1324,1582057,2.577368910617682,2.154720521546838,0.048479602188390036,2.059702247272764,2.2497387958209116,2.2897219563763977,0.2442038987643748,1.7957729477081206,2.7836709650446747,2.2897219563763977,0.22734952492802407,1.8281778833360671,2.7512660294167284,0,1,1,21.99226738866427,0.3409
1325,1583057,2.5738602549687224,2.8431323194932094,0.054224590215634506,2.7368540755941226,2.9494105633922962,2.9649809395247493,0.28953055144700396,2.379350122039658,3.5506117570098406,2.9649809395247493,0.2690458001791584,2.4187889275185825,3.511172951530916,0,1,1,24.618403003952906,0.3733
1326,1584057,2.5771437846605467,2.5839925081613377,0.04703591386701712,2.491803811002056,2.6761812053206193,2.8213854712620394,0.2523206129896086,2.3110188584298488,3.33175208409423,2.8213854712620394,0.2308609986730877,2.3527127275320123,3.2900582149920665,1,1,1,24.090286624545282,0.3633
1327,1585057,2.5758613369942718,2.3209781041566897,0.0525011178614076,2.2180778040002385,2.423878404313141,2.4434460802938958,0.31812232275009106,1.7999829466062829,3.0869092139815084,2.4434460802938958,0.26899845069857703,1.8973501928436556,2.989541967744136,0,1,1,26.25200366612027,0.2868
1328,1586057,2.57273571757103,2.3608676657141947,0.0550100143067219,2.253050018883987,2.4686853125444026,2.5523916964383027,0.3362725079347536,1.872216347980687,3.2325670448959185,2.5523916964383027,0.2888576011323154,1.965979590244214,3.138803802632391,0,1,1,27.57300405604477,0.3499
1329,1587057,2.574294987728215,2.0109284719309213,0.059391341845519176,1.894523580920197,2.1273333629416453,2.462230050663207,0.388921469403795,1.675562125892796,3.248897975433618,2.462230050663207,0.2891219987252365,1.8752811888195189,3.049178912506895,0,1,1,23.698234904670315,0.2931
1330,1588057,2.57636683229808,2.1405064557592013,0.059819576159455774,2.023262240916217,2.2577506706021855,2.2494566609485123,0.37925539434290184,1.4823402184361636,3.016573103460861,2.2494566609485123,0.3655226422472593,1.5074062469673377,2.991507074929687,0,1,1,37.3372137181352,0.3324
1331,1589057,2.574341050179478,1.7960718970058704,0.054992364379085584,1.6882888433981593,1.9038549506135816,1.8707619113266611,0.31823888670668743,1.2270630047824371,2.5144608178708854,1.8707619113266611,0.30629232059177697,1.248955442931099,2.4925683797222233,0,0,0,31.021831288812,0.3697
1332,1590057,2.5735047720376363,2.1985623035960304,0.04955077014485209,2.1014445787058977,2.295680028486163,2.3418189224678105,0.355252771077768,1.6232523680909114,3.0603854768447096,2.3418189224678105,0.32708736551993894,1.6777962684952648,3.005841576440356,0,1,1,43.57392884523544,0.392
1333,1591057,2.5728428504486462,2.281902292815876,0.05556566283009188,2.1729955948918,2.390808990739952,2.4081598823389436,0.33681172008525384,1.7268938743605378,3.0894258903173495,2.4081598823389436,0.26398605795138647,1.8722396931442797,2.9440800715336075,0,1,1,22.570905529573572,0.385
1334,1592057,2.5766591751259043,2.030514643862534,0.05667883695043843,1.9194261647540567,2.1416031229710115,2.3478772905095773,0.30372600620399914,1.7335334555817195,2.962221125437435,2.3478772905095773,0.26822522984705033,1.80335112484031,2.8924034561788448,0,1,1,22.395326188935368,0.2821
1335,1593057,2.574325742365538,2.927599559042492,0.048095538910244096,2.8333340349613687,3.0218650831236156,3.121166271955511,0.2155476294844492,2.685180038961868,3.5571525049491544,3.121166271955511,0.1850596216766592,2.7454752667907165,3.4968572771203057,0,0,0,14.80518195611546,0.3747
1336,1594057,2.5747759602691835,1.9960109541346824,0.05193980669076206,1.8942108036568164,2.0978111046125485,2.357267309398965,0.3678872905924476,1.613145027120696,3.1013895916772336,2.357267309398965,0.33889887716745076,1.6692660119861842,3.045268606811746,0,1,1,42.573524181718135,0.3545
1337,1595057,2.5763797186271575,1.777990212525205,0.05151209380368691,1.6770283639017298,1.87895206114868,2.018151807731823,0.3305592985122,1.349532516097475,2.6867710993661706,2.018151807731823,0.3008593897214479,1.4073747753697519,2.6289288400938937,0,1,1,34.11212186931145,0.3955
1338,1596057,2.5778510930748446,2.6749992448012088,0.06284361723864323,2.5518280183552475,2.79817047124717,2.795028008852811,0.40833045831457887,1.9691016984454637,3.620954319260159,2.795028008852811,0.3720793651883598,2.0396667396455674,3.550389278060055,1,1,1,35.05490717874862,0.2943
1339,1597057,2.5763963505553544,2.1590544246604098,0.0508808348204543,2.059329820908988,2.2587790284118316,2.337832928599946,0.32958479132966306,1.671184763795226,3.004481093404666,2.337832928599946,0.2979427629166416,1.7329769634380596,2.942688893761832,0,1,1,34.28918991096216,0.3157
1340,1598057,2.574755336250881,1.9158306152844975,0.06122069375591348,1.7958402604143509,2.035820970154644,2.1700500323208978,0.4416208810053214,1.2767874862127995,3.063312578428996,2.1700500323208978,0.35487270053596665,1.4496201494432224,2.890479915198573,0,1,1,33.60072818788712,0.4724
1341,1599057,2.5735516853656013,2.5412515375319367,0.049715937298124825,2.4438100909699605,2.638692984093913,2.8243571927390363,0.3613799522931309,2.0933972445524027,3.55531714092567,2.8243571927390363,0.28488765241714925,2.246004510906354,3.402709874571719,1,1,1,32.83643419862835,0.3481
1342,1600057,2.578294909552764,2.224166837438444,0.04460527099216673,2.1367421127731476,2.31159156210374,2.311431421251604,0.2504390364637718,1.8048706561735777,2.81799218632963,2.311431421251604,0.2315673394810805,1.8413247294472241,2.781538113055984,0,1,1,26.95145696254247,0.3406
1343,1601057,2.574505822753561,2.2834832882850513,0.05208056847435783,2.181407249780938,2.385559326789165,2.3163970837448202,0.3184554635132034,1.6722601092605658,2.960534058229075,2.3163970837448202,0.2762540509203019,1.7555715447602416,2.877222622729399,0,1,1,28.136228232082825,0.2558
1344,1602057,2.5760603288735804,2.494287304463284,0.054068064778823276,2.3883158447830115,2.600258764143556,2.759093058571189,0.3200133867476333,2.1118048869065387,3.406381230235839,2.759093058571189,0.2903795810873879,2.1695911688036693,3.3485949483387083,1,1,1,28.84366865191672,0.4217
1345,1603057,2.574031459242695,2.3811696727810467,0.044849148308176164,2.2932669573597257,2.4690723882023677,2.59530994948056,0.2622365481755848,2.064886464584022,3.1257334343770977,2.59530994948056,0.22971260370291405,2.1289685714842452,3.0616513274768744,0,1,1,26.233802733195702,0.2812
1346,1604057,2.575825312381146,2.690384451507236,0.05765720406061316,2.5773784080991575,2.8033904949153143,2.9350230841525176,0.3988099325462965,2.128353854770651,3.7416923135343843,2.9350230841525176,0.36734901540087267,2.1892649355522487,3.6807812327527865,0,1,1,40.592949005632256,0.4466
1347,1605057,2.5757398238120186,2.0865633552655134,0.052927440818670034,1.982827477467045,2.190299233063982,2.2966232381699396,0.31422320551020044,1.6610468135196124,2.932199662820267,2.2966232381699396,0.3165380491874914,1.6540168349215163,2.939229641418363,0,1,1,35.767620796303625,0.2865
1348,1606057,2.576521608323118,3.032861744263713,0.049254133205368485,2.936325417091452,3.1293980714359737,3.270195018563781,0.32569843598626885,2.6114077494241807,3.928982287703381,3.270195018563781,0.2955932616474659,2.6701087945558823,3.8702812425716795,0,0,0,36.01668172986088,0.3551
1349,1607057,2.575428187210463,2.292800574857142,0.04980214053887279,2.195190173047949,2.390410976666335,2.1837111138777736,0.2933343105263183,1.590386467440946,2.777035760314601,2.1837111138777736,0.2788929813717465,1.617528261261616,2.7498939664939313,0,1,1,31.360223620615344,0.3967
1350,1608057,2.5755485820480732,2.510052825595924,0.05038168445118434,2.411306538591141,2.608799112600707,2.75743473548413,0.31794040163123627,2.1143395719917875,3.4005298989764725,2.75743473548413,0.29510900914787014,2.158331596314936,3.356537874653324,1,1,1,34.30990920895137,0.2433
1351,1609057,2.576435719495642,2.5360386455588864,0.04691780199706183,2.4440814434108638,2.627995847706909,2.7740898547412574,0.30998178896551515,2.1470925048239584,3.4010872046585563,2.7740898547412574,0.2847308400497243,2.196055518938932,3.3521241905435826,1,1,1,36.82932019703368,0.3473
1352,1610057,2.5736085323985716,2.4831935442199633,0.050568364322260584,2.3840813713912326,2.582305717048694,2.5262301194742482,0.3628827371779712,1.7922305019462796,3.260229737002217,2.5262301194742482,0.329699330654396,1.856904894373928,3.1955553445745686,1,1,1,42.50874843727578,0.3833
1353,1611057,2.5745459386177965,2.2472791654058084,0.05827178957042885,2.133068556533071,2.361489774278546,2.5603746164897756,0.3345756580005725,1.883631470986693,3.237117761992858,2.5603746164897756,0.2950985851438699,1.9612926391737466,3.1594565938058046,0,1,1,25.645876286250928,0.3377
1354,1612057,2.5773065793138263,2.0904144840154166,0.04756319081385537,1.9971923430304537,2.1836366250003794,2.0362863585724726,0.3313615242414901,1.3660444122396695,2.7065283049052757,2.0362863585724726,0.3015712566457526,1.4240641595235117,2.6485085576214336,0,1,1,40.20109916551406,0.3508
1355,1613057,2.5735552217037685,2.450919484764734,0.06545728655917228,2.3226255605830386,2.5792134089464294,2.9414648853463543,0.49675832758616656,1.9366763266851685,3.94625344400754,2.9414648853463543,0.4646631681801615,1.998148503657886,3.8847812670348225,1,1,1,50.391873124989516,0.3844
1356,1614057,2.5743504988306225,2.1022431712400538,0.04083808308443594,2.022201999196905,2.1822843432832024,2.188738086198376,0.2142544520059553,1.7553675515484781,2.6221086208482736,2.188738086198376,0.21096749992254163,1.7604512920024706,2.6170248803942813,0,1,1,26.68704056944721,0.2977
1357,1615057,2.5711895190058103,2.4674210088045214,0.046238177888886095,2.3767958454315483,2.5580461721774945,2.4666128842365205,0.3079394655285123,1.8437465233910255,3.0894792450820154,2.4666128842365205,0.30124704312307804,1.855048873630387,3.078176894842654,0,1,1,42.44672255764693,0.3483
1358,1616057,2.576707732742055,2.315705100520583,0.051655529694538405,2.2144621227169483,2.4169480783242174,2.5954522292076465,0.3109022028928407,1.966593166396871,3.224311292018422,2.5954522292076465,0.28434010902000906,2.0182111195665593,3.1726933388487337,0,1,1,30.299998887829897,0.3727
1359,1617057,2.5723300300327194,2.6431188205068756,0.04757485458984831,2.549873818941043,2.7363638220727085,2.6820636633760078,0.3252925309934436,2.024097414579793,3.3400299121722226,2.6820636633760078,0.2582759781995512,2.157735552356486,3.2063917743955295,1,1,1,29.47223633036534,0.3229
1360,1618057,2.572168593591982,2.5252972482733917,0.054447587749400755,2.418581937239482,2.6320125593073014,2.819761839966202,0.3545836667608955,2.1025486768155983,3.536975003116806,2.819761839966202,0.31407685287257875,2.1821519308696637,3.4573717490627405,1,1,1,33.27473259764442,0.3162
1361,1619057,2.5746203329213784,2.023053863563753,0.06041382424477089,1.9046449438756692,2.1414627832518365,2.1196382224412202,0.3619743719063019,1.387475947100334,2.8518004977821065,2.1196382224412202,0.31880809818418526,1.472423374727092,2.7668530701553484,0,1,1,27.847488517441768,0.3217
1362,1620057,2.5726079962548747,1.9750931202967874,0.053753215406476165,1.8697387540468706,2.080447486546704,2.3327098229121757,0.34452180669902926,1.6358486927473892,3.029570953076962,2.3327098229121757,0.3213823102286086,1.6802690469176662,2.985150598906685,0,1,1,35.746624697797095,0.2664
1363,1621057,2.5765625393031075,1.8979832433020873,0.050254533051896935,1.7994861684604917,1.996480318143683,1.9330036744619703,0.29956953565913247,1.3270670947646144,2.5389402541593262,1.9330036744619703,0.27904005665456516,1.366522243148113,2.4994851057758276,0,0,0,30.83064558368542,0.4765
1364,1622057,2.5726890398524005,2.290356963376792,0.06103612318461273,2.170728360179001,2.4099855665745835,2.4772973326066103,0.3608306377657346,1.7474484779267856,3.207146187286435,2.4772973326066103,0.3259479750899342,1.8155877641793898,3.139006901033831,0,1,1,28.51823825928377,0.337
1365,1623057,2.5760033168622147,2.379040243153849,0.05893263416128331,2.263534402683659,2.494546083624039,2.4435838810852575,0.3824801953840626,1.6699446627880281,3.217223099382487,2.4435838810852575,0.3796228660275624,1.6729084910175853,3.2142592711529296,0,1,1,41.494737368580616,0.3688
1366,1624057,2.5740238950692356,2.599438924089099,0.051920913818900606,2.497675802959646,2.7012020452185523,2.6154251246404963,0.3076492629731987,1.9931457538686057,3.2377044954123866,2.6154251246404963,0.2876011375836286,2.0315637750581543,3.199286474222838,1,1,1,30.682909845584668,0.3741
1367,1625057,2.5716262293034777,2.5425707517371405,0.057496075568102815,2.429880514371266,2.6552609891030152,2.9403430330566596,0.3707860048101287,2.190357547850506,3.690328518262813,2.9403430330566596,0.34065091052274354,2.24878491883874,3.6319011472745792,1,1,1,35.10287623947877,0.3021
1368,1626057,2.57507655869646,2.843778232405951,0.0497346233771777,2.7463001618020186,2.941256303009883,3.133413073297719,0.26891007445434734,2.5894911073925013,3.6773350392029367,3.133413073297719,0.25924401676917613,2.60711973950315,3.6597064070922882,0,0,0,27.170636771155305,0.3875
1369,1627057,2.5741312293200695,2.5400672301013376,0.050111717382584485,2.441850068828022,2.638284391374653,2.5562997537753107,0.281819913727187,1.9862651731937864,3.126334334356835,2.5562997537753107,0.25088684135523104,2.0469723880463704,3.065627119504251,1,1,1,25.065547437004764,0.3156
1370,1628057,2.573314795560932,2.868244219502735,0.052991782903553934,2.764382233535204,2.972106205470266,3.0208753208211685,0.29312886701577673,2.4279662231076937,3.6137844185346433,3.0208753208211685,0.283838704384324,2.444652116706247,3.59709852493609,0,1,1,28.689710665039083,0.3068
1371,1629057,2.5720116922139065,2.5333485112742156,0.06063975125006136,2.414496782792628,2.6522002397558033,2.307539215744812,0.3546115044174016,1.5902697456191581,3.024808685870466,2.307539215744812,0.34794113441009356,1.601181160214463,3.013897271275161,1,1,1,32.92279728640388,0.345
1372,1630057,2.5737825781551327,2.2356703606470685,0.04200453698079126,2.153342980977437,2.3179977403167,2.356019676678612,0.2151584216452199,1.920820690847385,2.791218662509839,2.356019676678612,0.18734233498772676,1.9756945171230966,2.7363448362341276,0,1,1,19.892045965665815,0.3081
1373,1631057,2.575276533898729,2.3836251428785378,0.05758111972474974,2.2707682220285395,2.496482063728536,2.633529344166324,0.420618906845189,1.7827473004947723,3.484311387837876,2.633529344166324,0.3596386924569136,1.903423983303957,3.363634705028691,0,1,1,39.009699798754376,0.3831
1374,1632057,2.570795677438659,2.369098753847818,0.05634731091606703,2.258660053826646,2.47953745386899,2.6010153691060114,0.35034401866439857,1.892377703664343,3.30965303454768,2.6010153691060114,0.307521655532882,1.9767132181000369,3.225317520111986,0,1,1,29.78550846262831,0.3429
1375,1633057,2.5753431970326965,1.8771196427641617,0.04293589381498463,1.7929668372427556,1.9612724482855677,1.810505498585078,0.3249413693600938,1.153249541236105,2.467761455934051,1.810505498585078,0.3226108682899715,1.1555706171298799,2.4654403800402758,0,0,0,56.45689270968519,0.3965
1376,1634057,2.5792385776435287,2.3658159424983305,0.05475129477168981,2.2585053766388823,2.4731265083577787,2.3701403164203647,0.3446348098187873,1.6730506158713079,3.0672300169694218,2.3701403164203647,0.3187348482125046,1.7230741740544897,3.01720645878624,0,1,1,33.889901739392975,0.3977
1377,1635057,2.5731086473991716,2.4093038783543954,0.05792862897684406,2.2957658518859976,2.5228419048227932,2.6024839370156423,0.2931618413500264,2.0095081424156866,3.195459731615598,2.6024839370156423,0.2704828090002787,2.0533746420087535,3.151593232022531,0,1,1,21.80182433327309,0.2922
1378,1636057,2.5754125469006723,2.555929666827286,0.05761025049668252,2.4430156507134577,2.6688436829411146,2.8166197899034806,0.38721466028153084,2.0334042124469094,3.599835367360052,2.8166197899034806,0.2863857536755611,2.235225800828774,3.398013778978187,1,1,1,24.7117381237528,0.3351
1379,1637057,2.5763576044332313,2.162983842798922,0.05308802095260769,2.058933233721303,2.267034451876541,2.5975892204153768,0.30412645103989844,1.9824354093539698,3.2127430314767835,2.5975892204153768,0.29210315714839646,2.0045882852214616,3.190590155609292,0,1,1,30.27467087508041,0.3681
1380,1638057,2.5747161430714485,2.343828373536162,0.04847811449689611,2.248813015083836,2.4388437319884875,2.438371948251406,0.2602026658974853,1.9120623785712034,2.9646815179316084,2.438371948251406,0.24140327647335827,1.9482972427772318,2.92844665372558,0,1,1,24.796756678107677,0.391
1381,1639057,2.575135967830339,2.2244063060486696,0.05504204223890154,2.11652588562489,2.332286726472449,2.439741615031639,0.2670921849709844,1.8994966776780502,2.979986552385228,2.439741615031639,0.24409178080725438,1.9442089555940871,2.935274274469191,0,1,1,19.666054265203933,0.3288
1382,1640057,2.5735000948129327,2.452232089899437,0.049567915625303376,2.3550807604851225,2.549383419313752,2.768275362786773,0.36960245385678736,2.0206838353473437,3.5158668902262025,2.768275362786773,0.32772947656412177,2.102949154092615,3.4336015714809314,0,1,1,43.714920714681554,0.3792
1383,1641057,2.571770297130038,2.103655416251149,0.042594009794348624,2.020172691097079,2.1871381414052187,2.210205879671424,0.24248706621274435,1.7197294926165532,2.700682266726295,2.210205879671424,0.23435670311699247,1.7344364786350057,2.685975280707842,0,1,1,30.273156552336886,0.2966
1384,1642057,2.578282339557519,2.217991870998182,0.05031547767415615,2.119375346891907,2.316608395104457,2.2306621919656675,0.33452743672315566,1.5540165832025687,2.9073078007287663,2.2306621919656675,0.3117408991698716,1.5977945210010205,2.8635298629303145,0,1,1,38.38701720486185,0.3104
1385,1643057,2.5751485709976696,2.360657348938856,0.05004318416858902,2.2625745102967163,2.4587401875809953,2.3036215506954436,0.36636132191312937,1.5625858314090921,3.044657269981795,2.3036215506954436,0.3354203111871255,1.622682117658263,2.9845609837326244,0,1,1,44.92507846444005,0.3342
1386,1644057,2.576770663822183,2.310564922098669,0.05259333564110114,2.207483878415284,2.4136459657820537,2.431686314750104,0.3189587164569639,1.7865314151060239,3.0768412143941846,2.431686314750104,0.291114589005026,1.840692279581661,3.0226803499185477,0,1,1,30.638430107708608,0.3945
1387,1645057,2.577553221291783,2.2031847128653608,0.05884997143862443,2.087840888354446,2.3185285373762756,2.7250611427469766,0.3578677244486266,2.001205345930522,3.448916939563431,2.7250611427469766,0.30741339788755795,2.1009787664450683,3.349143519048885,0,1,1,27.286829029110873,0.4149
1388,1646057,2.5787039644618823,2.6068004500917494,0.05143487692527914,2.505989943768952,2.707610956414547,2.8759053111502375,0.3091149826058251,2.250661242586114,3.501149379714361,2.8759053111502375,0.253155479884851,2.3619723643559816,3.3898382579444934,1,1,1,24.224747301787005,0.3385
1389,1647057,2.573009500867665,2.5114629940744195,0.04820792810537894,2.4169771912185807,2.6059487969302584,2.8784217052224266,0.3267550604575215,2.217497211358935,3.539346199085918,2.8784217052224266,0.25198335740719413,2.366868293562942,3.389975116881911,1,1,1,27.32164115620578,0.3664
1390,1648057,2.5741761822622538,1.9380871273875506,0.03855803690453343,1.8625147637400987,2.0136594910350025,2.236100947102234,0.21523894871832402,1.800739079891422,2.671462814313046,2.236100947102234,0.20870170775368363,1.8124139555520948,2.6597879386523733,0,1,1,29.296934241208955,0.3763
1391,1649057,2.5747935540302507,2.3817077512138063,0.05122272392173854,2.2813130571371607,2.482102445290452,2.715404957011525,0.2867219194634919,2.1354551339372088,3.2953547800858414,2.715404957011525,0.24004123584071324,2.2280953410242827,3.2027145729987674,0,1,1,21.960709586743324,0.3616
1392,1650057,2.57387323659199,1.8541107877446992,0.054646388841033525,1.747005833731102,1.9612157417582963,1.9402285644078023,0.2900312165343,1.3535850561966583,2.5268720726189464,1.9402285644078023,0.27694303241102364,1.3780043186364916,2.502452810179113,0,0,0,25.683721401876713,0.3076
1393,1651057,2.5783650296728364,2.539327169214088,0.06190862554313398,2.417988492817169,2.6606658456110073,2.2802943233245174,0.3582422595880058,1.555680957682406,3.004907688966629,2.2802943233245174,0.34896239590467887,1.571862996737194,2.988725649911841,1,1,1,31.772759518047607,0.3893
1394,1652057,2.575530904874855,2.685207912343958,0.05453517804002937,2.5783209274950205,2.792094897192895,2.754544727125414,0.36910240405841466,2.007964645872719,3.5011248083781092,2.754544727125414,0.28270499411859334,2.180623077209291,3.3284663770415372,0,1,1,26.872835308107167,0.2962
1395,1653057,2.572914692320955,2.592447602827174,0.052095065376044115,2.4903431509178677,2.69455205473648,2.6606982767006344,0.31934063852585437,2.0147708667556476,3.306625686645621,2.6606982767006344,0.306714486880542,2.0380347651752104,3.2833617882260584,1,1,1,34.66373882003073,0.4197
1396,1654057,2.5750585304584988,2.4805414780725648,0.04889629782498895,2.3847064953582424,2.576376460786887,2.7220677144312884,0.30873513794283863,2.0975919542180117,3.346543474644565,2.7220677144312884,0.2590231702344009,2.1962227229378932,3.2479127059246835,1,1,1,28.062429888576307,0.3637
1397,1655057,2.572726891480944,2.6576961211868895,0.05152518879467811,2.5567086068526934,2.7586836355210855,2.772360080460329,0.3313866958418794,2.102067219759976,3.442652941160682,2.772360080460329,0.2941357607700252,2.1752327405391547,3.3694874203815033,1,1,1,32.58790744697539,0.2761
1398,1656057,2.575810323424762,2.177326039909927,0.049693547935516655,2.0799284756922995,2.274723604127554,2.292875820076593,0.25330581005431735,1.7805164580871689,2.805235182066017,2.292875820076593,0.2276389489778491,1.8307441849780863,2.7550074551750994,0,1,1,20.984234641939178,0.3239
1399,1657057,2.5758988757515695,2.593341928126126,0.0485644097728036,2.498157434040986,2.688526422211266,2.8001357684089956,0.2967345939975777,2.199933399469301,3.4003381373486903,2.8001357684089956,0.2642119890806827,2.2637569146375087,3.3365146221804824,1,1,1,29.59843927841412,0.4205
1400,1658057,2.5755074075367883,2.434378831341081,0.04688694238307112,2.342482112925057,2.526275549757105,2.8373368172135454,0.24916947062578845,2.333343991428397,3.341329642998694,2.8373368172135454,0.2378616172969369,2.354452062112585,3.3202215723145057,0,1,1,25.736228896573763,0.3314
1401,1659057,2.574560994043371,2.6694077155298803,0.0492463506703787,2.572886641845908,2.7659287892138527,2.7779647613551717,0.3185711353366458,2.133593818523936,3.4223357041864073,2.7779647613551717,0.27525966886562175,2.219157925263509,3.3367715974468344,1,1,1,31.241872785914754,0.3825
1402,1660057,2.5761171629999664,2.270724110419063,0.05419175844836094,2.1645102156013816,2.376938005236745,2.6845945771453827,0.32319201241981027,2.0308770281954245,3.338312126095341,2.6845945771453827,0.25876783555570715,2.1592679426075607,3.2099212116832048,0,1,1,22.801010754267832,0.3382
1403,1661057,2.5752237140919076,2.0024136178967127,0.05424567885999302,1.8960940410142006,2.1087331947792247,2.4390749022918277,0.3405069313246522,1.750334624091873,3.1278151804917824,2.4390749022918277,0.2996331718015888,1.8307872246506252,3.04736257993303,0,1,1,30.510511324484884,0.4132
1404,1662057,2.574223948175251,2.3954197159899047,0.05230961415622317,2.2928947561985207,2.4979446757812886,2.2628249140095713,0.3050244791454366,1.6458546696531544,2.8797951583659884,2.2628249140095713,0.31284328801169653,1.627719274717121,2.8979305533020217,0,1,1,35.767670017334176,0.4438
1405,1663057,2.57476248121289,2.2224596952372995,0.05638571380917376,2.1119457269287363,2.3329736635458627,2.4406979996829343,0.27754547198184876,1.8793092936079319,3.002086705757937,2.4406979996829343,0.2601173135554701,1.9126317791587941,2.9687642202070745,0,1,1,21.28140783929031,0.2598
1406,1664057,2.5746173026393415,2.7519776763470034,0.05098666008646105,2.652045658885554,2.851909693808453,2.927227475250943,0.26932585615752686,2.3824645114699865,3.471990439031899,2.927227475250943,0.2557434668703641,2.408040635559188,3.4464143149426976,0,1,1,25.159150211591715,0.3146
1407,1665057,2.575783722176898,2.595069301060308,0.060471740633072674,2.476546867337038,2.7135917347835776,2.78364682694603,0.3723635077494376,2.0304705408682047,3.536823113023855,2.78364682694603,0.3679080291710375,2.0367538200589483,3.5305398338331115,1,1,1,37.01464534737116,0.2941
1408,1666057,2.5731353604812366,2.6624796593086746,0.056719478440450735,2.551311524343495,2.773647794273854,2.5965243744751736,0.36997140934501416,1.84818656411981,3.344862184830537,2.5965243744751736,0.3185484553498426,1.949836629737558,3.243212119212789,1,1,1,31.541805523369685,0.3219
1409,1667057,2.5736456817995137,2.635000735209584,0.05324893204249962,2.530634746191064,2.739366724228104,2.7976799586961842,0.30275099183934884,2.18530827647061,3.4100516409217585,2.7976799586961842,0.28123880539059976,2.2267348301410728,3.3686250872512957,1,1,1,27.895148969381236,0.3725
1410,1668057,2.575577723466281,2.543389273473951,0.05550551084603248,2.43460047127223,2.652178075675672,2.578682293559453,0.28940879477995396,1.9932977521792579,3.164066834939648,2.578682293559453,0.2890792446092673,1.9918202271855592,3.165544359933347,1,1,1,27.12449206469195,0.3545
1411,1669057,2.5764809516393075,2.719351453668967,0.06133239014352006,2.5991421779019084,2.8395607294360254,3.0771789074567435,0.32856608358644207,2.412591273554408,3.741766541359079,3.0771789074567435,0.3286119973483997,2.410061086321577,3.74429672859191,0,1,1,28.70694987592373,0.3321
1412,1670057,2.5747715799224644,2.6707873498144257,0.05574286685967218,2.5615333383744567,2.7800413612543946,2.7715621081834922,0.35307790233905806,2.0573946410566535,3.485729575310331,2.7715621081834922,0.3242318856268661,2.113336386580833,3.4297878297861515,1,1,1,33.83240278245773,0.3283
1413,1671057,2.5751117946453492,2.077334253342382,0.06000105366814269,1.9597343491183676,2.1949341575663968,2.6071640060283445,0.33248854136805533,1.9346424523869121,3.279685559669777,2.6071640060283445,0.296573974313617,2.005086829461557,3.209241182595132,0,1,1,24.43139808409686,0.3524
1414,1672057,2.573850059499096,2.379890413673687,0.04412751190077029,2.2934020796208143,2.4663787477265595,2.705776318502792,0.31240697232738224,2.0738735722200206,3.337679064785563,2.705776318502792,0.28312464534811227,2.1310027312985227,3.280549905707061,0,1,1,41.165791418308594,0.3043
1415,1673057,2.575939624780478,2.524895760169926,0.05852094639933263,2.410196812886035,2.639594707453817,2.711736028914304,0.49205673419594886,1.7164573405132164,3.7070147173153916,2.711736028914304,0.41469840597715657,1.8698535071072993,3.5536185507213087,1,1,1,50.21599243558588,0.3996
1416,1674057,2.5804167810049385,2.7155880421280787,0.05387697931857693,2.6099911030678586,2.8211849811882987,3.068478844226822,0.3202954358002346,2.4206201745044704,3.7163375139491737,3.068478844226822,0.30851208917693845,2.4421660060276427,3.6947916824260014,0,1,1,32.78973422289249,0.3539
1417,1675057,2.5775624700296964,2.583878404781675,0.04963514631167951,2.4865953056434074,2.681161503919943,2.3843629410482596,0.26389300480495587,1.8505889563680582,2.918136925728461,2.3843629410482596,0.2566459537080036,1.863343955672271,2.905381926424248,1,1,1,26.73561817886418,0.4038
1418,1676057,2.577151496756045,2.6851221305590487,0.050186478616324665,2.5867584399601626,2.7834858211579347,2.8489292290727337,0.27931609705666083,2.2839590957361193,3.413899362409348,2.8489292290727337,0.2613831491964318,2.3182932255780155,3.379565232567452,0,1,1,27.125748083480218,0.2735
1419,1677057,2.574184779782063,2.5170870172231723,0.05462557529326989,2.4100228570135824,2.624151177432762,2.5885170972200844,0.34060573388959214,1.8995769719691493,3.2774572224710194,2.5885170972200844,0.3304558429132534,1.917656070585239,3.2593781238549298,1,1,1,36.59610144373837,0.3683
1420,1678057,2.579670647510437,1.9184911452488704,0.05245861718294691,1.8156741448915206,2.0213081456062203,2.337209498404801,0.3091595587702457,1.711875266037654,2.962543730771948,2.337209498404801,0.2802338862330696,1.7683044641986418,2.9061145326109603,0,1,1,28.536954476971296,0.3311
1421,1679057,2.578245914822499,2.1948026496424986,0.05120440923594189,2.0944438516904023,2.295161447594595,2.424411849381503,0.4323429772903987,1.5499156348745542,3.298908063888452,2.424411849381503,0.3830506207576734,1.646777747260135,3.202045951502871,0,1,1,55.96256620553554,0.3051
1422,1680057,2.5759674604104625,2.1491686394901492,0.05558215200276805,2.040229623381493,2.2581076555988053,2.4599088616671425,0.3017786849850784,1.8495038556871906,3.0703138676470942,2.4599088616671425,0.2616971671402321,1.9286353678551023,2.9911823554791828,0,1,1,22.16804159971884,0.3058
1423,1681057,2.5714831491781327,1.9446756283054856,0.06311342345527446,1.8209755913921222,2.068375665218849,2.220120949348772,0.3973463768398361,1.416412040805331,3.0238298578922134,2.220120949348772,0.3594736240648055,1.4903506951379275,2.9498912035596168,0,1,1,32.44072740955347,0.3827
1424,1682057,2.5743715174837227,2.3797719246964184,0.04121000193683131,2.299001805097403,2.4605420442954338,2.4801857658941384,0.2548703445085792,1.9646618342699944,2.9957096975182824,2.4801857658941384,0.23604826844023422,2.0009823046838537,2.959389227104423,0,1,1,32.80925493047404,0.3191
1425,1683057,2.577485852463203,2.371008344047515,0.059310415633042346,2.254762065498651,2.4872546225963794,2.648525648874326,0.34195142194238537,1.9568636126178043,3.340187685130848,2.648525648874326,0.3436831009867209,1.950811860755521,3.346239436993131,0,1,1,33.57796882546512,0.2684
1426,1684057,2.5765280637348615,2.367182454412753,0.048269845677704724,2.272575295345145,2.4617896134803607,2.5767363017323834,0.2719610154534078,2.0266432251707984,3.1268293782939685,2.5767363017323834,0.24889803221388682,2.0714464332090627,3.082026170255704,0,1,1,26.58833276255425,0.3494
1427,1685057,2.5735977694665557,2.854246941799741,0.06264422956696115,2.731466508009238,2.9770273755902443,3.093221360249151,0.3994910636524428,2.285174413163528,3.9012683073347745,3.093221360249151,0.35083329858603973,2.380991899295412,3.80545082120289,0,1,1,31.36457945126118,0.3368
1428,1686057,2.572824835281739,2.335446671766836,0.045908151117680596,2.24546834897936,2.4254249945543123,2.4922389969905554,0.2633110799771911,1.9596420663756176,3.0248359276054932,2.4922389969905554,0.25826632837625896,1.9679304761538057,3.016547517827305,0,1,1,31.64870700718832,0.359
1429,1687057,2.5743826960756744,2.171613337166701,0.06082825813871658,2.0523921419725113,2.2908345323608907,2.5716267197300304,0.36806081839577026,1.827153444339607,3.316099995120454,2.5716267197300304,0.3344111730334839,1.8927359460592577,3.250517493400803,0,1,1,30.22392047694276,0.282
1430,1688057,2.573197421440978,2.5182352433787583,0.055604282343926364,2.409252852598466,2.6272176341590505,2.8034370633388677,0.30346108412534095,2.189629083894029,3.417245042783706,2.8034370633388677,0.2438456741603524,2.308404026956387,3.2984700997213485,1,1,1,19.23152090611052,0.3291
1431,1689057,2.572355106081004,2.6196053856146295,0.04918662750562926,2.523201367182609,2.71600940404665,2.7682427232258515,0.2750529320769424,2.2118956549843323,3.3245897914673708,2.7682427232258515,0.2181382515280477,2.3253985293440946,3.2110869171076084,1,1,1,19.668424063933013,0.3024
1432,1690057,2.5748938064433817,2.404131436855739,0.058096744285205316,2.2902639104377034,2.517998963273775,2.786889954991854,0.4092765899876096,1.959049912640308,3.6147299973434,2.786889954991854,0.39345593783294014,1.9881319361800283,3.5856479738036797,0,1,1,45.865762393340106,0.2984
1433,1691057,2.5743826012785003,2.0034307122393686,0.05803146033659464,1.8896911400093785,2.117170284469359,2.3889430598444266,0.3973444563237461,1.5852380359114422,3.192648083777411,2.3889430598444266,0.3507064463435932,1.6769711226337947,3.1009149970550585,0,1,1,36.52250005406902,0.422
1434,1692057,2.5752448458981188,2.7240653280831926,0.055810561983947085,2.614678636637716,2.833452019528669,3.1468650828018965,0.24092901737675115,2.659540146980563,3.63419001862323,3.1468650828018965,0.20743491827227276,2.7257498106213935,3.5679803549823994,0,0,0,13.814365355219122,0.3195
1435,1693057,2.5732118461899076,2.5344669152528496,0.05249450400956394,2.4315795780078107,2.6373542524978886,2.813844793386679,0.33952940972675405,2.1270817392469326,3.5006078475264255,2.813844793386679,0.3162894219372991,2.1717431302900505,3.4559464564833076,1,1,1,36.30292861331739,0.3352
1436,1694057,2.5755867713784375,2.5411495640869934,0.05404122715338465,2.4352307051860116,2.6470684229879753,2.7519984156000734,0.32685580544827464,2.0908701457585464,3.4131266854416005,2.7519984156000734,0.28441655523271886,2.1746021118964793,3.3293947193036675,1,1,1,27.69869700313644,0.2963
1437,1695057,2.573257063436985,1.9907858816968638,0.05500526841096315,1.8829775366514172,2.09859422674231,2.4219796855757023,0.3667018630115404,1.6802551569016955,3.163704214249709,2.4219796855757023,0.2616303628406724,1.8908418117018395,2.953117559449565,0,1,1,22.62391239824701,0.3097
1438,1696057,2.574406387021905,2.4817447795582024,0.05381357536574545,2.3762721099620094,2.5872174491543953,2.619283445920156,0.32158062100997986,1.9688252437434872,3.269741648096825,2.619283445920156,0.2893172473228274,2.0319382083505193,3.206628683489793,1,1,1,28.904466234377267,0.4253
1439,1697057,2.57469407878702,2.7551512479664595,0.05465847791492477,2.648022599803429,2.86227989612949,3.093771849643513,0.38468242817556386,2.315678195075107,3.8718655042119194,3.093771849643513,0.34370143379560625,2.3960208439440427,3.7915228553429836,0,1,1,39.54099744290869,0.3373
1440,1698057,2.575726484646462,2.523262375789142,0.05703301828748107,2.411479714016065,2.635045037562219,2.8776423775937503,0.32511756558320115,2.2200300297441533,3.5352547254433473,2.8776423775937503,0.27072923505521285,2.3280328110990123,3.4272519440884883,1,1,1,22.532926531970745,0.4022
1441,1699057,2.573568833957824,2.4403981448350085,0.05715626541015576,2.328373923140291,2.552422366529726,2.5461268226002622,0.3494277561574285,1.8393424730118124,3.2529111721887123,2.5461268226002622,0.30039322359346676,1.9362961577904876,3.1559574874100367,0,1,1,27.621838033768956,0.3204
1442,1700057,2.573329390671437,2.174780897508613,0.04954919164626167,2.077666266418867,2.2718955285983586,2.3416181705603436,0.2549441362106197,1.8259449811305082,2.857291359990179,2.3416181705603436,0.2232644861023269,1.8883671672272713,2.794869173893416,0,1,1,20.30327730330716,0.2664
1443,1701057,2.5777379682728925,2.298452115601002,0.04944693021662674,2.2015379132303483,2.3953663179716553,2.406293059801804,0.32557319723321204,1.7477591099508487,3.0648270096527597,2.406293059801804,0.3044903196660914,1.7881448477721908,3.0244412718314173,0,1,1,37.91999843957562,0.3605
1444,1702057,2.574224062159664,2.3532220562279456,0.050418621797920504,2.2544033733538753,2.452040739102016,2.5173463407572236,0.32804393356724465,1.8538148549576157,3.1808778265568316,2.5173463407572236,0.28966575223178903,1.9292936006088692,3.105399080905578,0,1,1,33.00747944297401,0.3111
1445,1703057,2.5738091688481353,2.3288878049259734,0.04615546456444319,2.23842475668995,2.4193508531619967,2.3585817643516385,0.2206823662643763,1.9122095458964579,2.8049539828068193,2.3585817643516385,0.2229607436492887,1.9059473909806253,2.811216137722652,0,1,1,23.335147762957835,0.3761
1446,1704057,2.57481372392858,2.0204688695006032,0.0495669534496275,1.9233194259159598,2.1176183130852464,2.3163679614316726,0.29723155726267364,1.715160389408076,2.917575533455269,2.3163679614316726,0.283406650502677,1.741021873327314,2.891714049536031,0,1,1,32.691558230167914,0.1946
1447,1705057,2.5729524245189426,2.4573081814859075,0.060657304479360935,2.3384220493070798,2.576194313664735,2.4123926551380124,0.30690824782151693,1.7916121289850382,3.0331731812909863,2.4123926551380124,0.29367506225108553,1.8162005829326708,3.008584727343354,1,1,1,23.440556875249285,0.4622
1448,1706057,2.5756186310013156,2.4984181956651113,0.045490360233029256,2.409258727964621,2.5875776633656016,2.495028657890987,0.22921573038316215,2.031396081315371,2.9586612344666032,2.495028657890987,0.20841623965446235,2.0719211973923395,2.9181361183896346,1,1,1,20.990576176346142,0.3725
1449,1707057,2.5746800422545,2.7335189477891992,0.050104864017959674,2.635315218863721,2.8317226767146773,2.811262149510622,0.31466414179250796,2.1747938470457564,3.447730451975487,2.811262149510622,0.2666363136051077,2.269961655301448,3.3525626437197955,0,1,1,28.319058917267405,0.3092
1450,1708057,2.575172612311128,2.3346293926738193,0.04956478575569271,2.237484197691218,2.4317745876564207,2.6985443075630218,0.28389974483470753,2.1243028714851055,3.272785743640938,2.6985443075630218,0.23251862775058382,2.2265063979006716,3.170582217225372,0,1,1,22.007415139913533,0.3242
1451,1709057,2.5764521396768982,2.6481016640888773,0.057701665399210726,2.5350084780584434,2.761194850119311,2.887815812765558,0.3983130935812883,2.082151535046934,3.6934800904841825,2.887815812765558,0.3535602110892393,2.170050425119429,3.6055812004116876,1,1,1,37.54482401102191,0.2858
1452,1710057,2.5762895266744987,2.242659945568203,0.05110918219645412,2.1424877891838574,2.3428321019525487,2.5738844532887284,0.3266204215371037,1.9132322923470495,3.2345366142304073,2.5738844532887284,0.28663513044486205,1.9919842024575427,3.155784704119914,0,1,1,31.45292002138195,0.4442
1453,1711057,2.5756865861868468,2.228051616022633,0.053490089600771215,2.1232129668753013,2.332890265169965,2.614480131371716,0.2895990770126541,2.0287107078471944,3.2002495548962377,2.614480131371716,0.2901410932077906,2.025462397739359,3.2034978650040733,0,1,1,29.421975898512997,0.4007
1454,1712057,2.5752529231579104,2.332323867613719,0.04089469606420099,2.252171736169173,2.4124759990582647,2.5313584831421023,0.2262428222048742,2.0737391809448122,2.9889777853393924,2.5313584831421023,0.19782895597006644,2.1297443511897827,2.932972615094422,0,1,1,23.401610601472292,0.3822
1455,1713057,2.5763708223250124,2.765116525189209,0.05248430022969187,2.6622491869852256,2.8679838633931922,3.086625064939319,0.34324938680410005,2.39233764694248,3.780912482936158,3.086625064939319,0.31884369396372003,2.439337953950945,3.733912175927693,0,1,1,36.90598846826079,0.2908
1456,1714057,2.5744370831723455,2.4916709083510304,0.05229798012332591,2.38916875084512,2.594173065856941,2.8257898370935566,0.3626028592513778,2.0923563261064273,3.559223348080686,2.8257898370935566,0.3444203209593469,2.126579412863459,3.525000261323654,1,1,1,43.3718256101078,0.3135
1457,1715057,2.572896409820363,2.5822860642766123,0.05368450363743685,2.4770663706193266,2.687505757933898,2.5571592631109845,0.3433726896313151,1.8626224416051227,3.2516960846168463,2.5571592631109845,0.3099475876716285,1.9279322080367434,3.1863863181852254,1,1,1,33.33332503252767,0.2614
1458,1716057,2.5754052597131287,2.3989011931344373,0.046942206207398564,2.3068961596130837,2.490906226655791,2.7307449217199573,0.28322137624658644,2.157875615625672,3.3036142278142426,2.7307449217199573,0.2455879167425891,2.2321749448583423,3.2293148985815723,0,1,1,27.370768817866388,0.3735
1459,1717057,2.5765139219915847,2.68197241260426,0.05866118671461154,2.566998599353242,2.796946225855278,2.9141386548039687,0.42214809337071907,2.0602635394321847,3.768013770175753,2.9141386548039687,0.40402266538774995,2.0939290386074623,3.734348271000475,1,1,1,47.43618671297626,0.3157
1460,1718057,2.5755090517533725,2.328837013115225,0.047115359590175904,2.2364926051998264,2.4211814210306235,2.4952176140598827,0.21879445830095534,2.0526640499001787,2.9377711782195868,2.4952176140598827,0.20531644931113707,2.078403062513134,2.9120321656066315,0,1,1,18.989890917260766,0.3797
1461,1719057,2.575644001034934,2.5904239843226122,0.0552922530575933,2.4820531597056545,2.69879480893957,3.091834214874225,0.2975985521134703,2.489884325698222,3.693784104050228,3.091834214874225,0.26683476656968724,2.550130839728274,3.6335375900201763,1,1,1,23.289290306054028,0.3549
1462,1720057,2.5801095191181536,2.653247368944178,0.04423753118876224,2.5665434010492363,2.7399513368391193,2.9845261910010557,0.2430680401685324,2.4928746732010345,3.476177708801077,2.9845261910010557,0.20198905337100445,2.574466612332798,3.3945857696693134,1,1,1,20.84845631799685,0.3976
1463,1721057,2.5765668099205588,2.0576676333978114,0.04826887901367217,1.9630623689568927,2.15227289783873,2.0371271691107813,0.2866440019708463,1.4573349490413512,2.6169193891802114,2.0371271691107813,0.2806409419046222,1.467395767958564,2.6068585702629985,0,1,1,33.80396416500503,0.3207
1464,1722057,2.5711359051134166,2.2757673561153946,0.05595757429869886,2.166092525827721,2.3854421864030684,2.6278149403853543,0.3812930165909189,1.8565770178534768,3.399052862917232,2.6278149403853543,0.3309370598655348,1.9559769914004739,3.299652889370235,0,1,1,34.97623420248319,0.2953
1465,1723057,2.5798790198182227,2.6455939410125073,0.04920478397841883,2.549154336547733,2.7420335454772817,2.8874423223516787,0.2970007839192034,2.286701533474506,3.4881831112288513,2.8874423223516787,0.27761221272024594,2.323859568329187,3.4510250763741706,1,1,1,31.8318937415689,0.4125
1466,1724057,2.574062994712238,2.551405029070823,0.049045179096375055,2.4552782444266112,2.6475318137150348,2.9996851937421645,0.3865367338991044,2.2178408518237807,3.7815295356605483,2.9996851937421645,0.3531292871040587,2.2827946282948233,3.7165757591895057,1,1,1,51.84117373232559,0.3863
1467,1725057,2.5767173252557996,2.0068970533426893,0.05139683888565555,1.9061611002075967,2.1076330064777817,2.2443588265872703,0.3467414089379027,1.5430081271278213,2.945709526046719,2.2443588265872703,0.3108840654383775,1.6132306205741218,2.875487032600419,0,1,1,36.58677311887857,0.3531
1468,1726057,2.5709590255565358,2.2759266592606244,0.0564113175702015,2.165362508502578,2.386490810018671,2.7169111920573394,0.31502248433198654,2.0797180733916076,3.3541043107230712,2.7169111920573394,0.29968844125005417,2.1085113114706173,3.3253110726440616,0,1,1,28.223280941845168,0.228
1469,1727057,2.572573423072265,2.4710664783245835,0.06146157718348972,2.350604000611915,2.591528956037252,3.000074998185059,0.3856728399178871,2.219978046778358,3.7801719495917605,3.000074998185059,0.3526766849582193,2.2841032639423298,3.7160467324277886,1,1,1,32.926540166253936,0.2127
1470,1728057,2.5767066364315254,2.036831552937609,0.049445841373174135,1.9399194846609071,2.1337436212143106,2.110459234795319,0.26023161919501864,1.5840911015430907,2.636827368047547,2.110459234795319,0.24869807431563565,1.605575302386554,2.6153431672040837,0,1,1,25.297948404455518,0.321
1471,1729057,2.572438745193792,1.9720952886611485,0.04938324018791153,1.8753059164529509,2.068884660869346,2.093759228441832,0.28614645809551137,1.5149733858513619,2.672545071032302,2.093759228441832,0.2759089592497363,1.5336342627936417,2.6538841940900224,0,1,1,31.215654277999473,0.4321
1472,1730057,2.576079976739847,2.2518083604442047,0.04902052751640846,2.1557298920088894,2.34788682887952,2.4775090155361945,0.283489634831368,1.9040971052382494,3.0509209258341397,2.4775090155361945,0.273361042499968,1.9225565958822306,3.032461435190158,0,1,1,31.096913326957623,0.3308
1473,1731057,2.5757848196574873,2.3016028663625434,0.047172767489084014,2.209145941032857,2.39405979169223,2.610546532755159,0.2415678859778375,2.121929363215312,3.099163702295006,2.610546532755159,0.22384859542072408,2.1561097244638434,3.0649833410464744,0,1,1,22.51780405925193,0.3683
1474,1732057,2.574621396849823,2.2301050361475636,0.04329922714790469,2.1452401103792513,2.314969961915876,2.4679290454350866,0.28762223000802184,1.8861581723971361,3.049699918473037,2.4679290454350866,0.24394978865404807,1.972684645393508,2.963173445476665,0,1,1,31.74246161446114,0.3432
1475,1733057,2.573701100260706,2.010052960809828,0.053593348710641045,1.9050119275260755,2.1150939940935807,2.3355789097504114,0.347079717023095,1.6335439175988689,3.037613901901954,2.3355789097504114,0.3151917362947882,1.6957056669793706,2.975452152521452,0,1,1,34.5881916591873,0.4177
1476,1734057,2.574249147312054,2.8716249733908503,0.04965534107511362,2.7743022932435752,2.9689476535381254,3.0760394944613854,0.27114294507185904,2.52760112143251,3.6244778674902607,3.0760394944613854,0.25695650488861155,2.554390056671517,3.5976889322512537,0,1,1,26.77856460544453,0.339
1477,1735057,2.5735773295017275,2.2581889653113834,0.05954712049764569,2.141478753752931,2.3748991768698358,2.301586108815229,0.2825142902260025,1.730147019194464,2.8730251984359945,2.301586108815229,0.2598927980200814,1.773975679059497,2.8291965385709616,0,1,1,19.048770919473938,0.376
1478,1736057,2.573894323362901,2.3979375469532815,0.05058195444664983,2.2987987379702024,2.4970763559363607,2.6687938645342135,0.3149289618704999,2.03178991290215,3.305797816166277,2.6687938645342135,0.30028461050939387,2.059183696007527,3.2784040330609,0,1,1,35.24316785829471,0.3281
1479,1737057,2.5775668334211703,2.6173977473184116,0.03947186709794329,2.5400343094038913,2.694761185232932,2.9159242727436956,0.2959621232061995,2.3172843734597146,3.5145641720276766,2.9159242727436956,0.26858301548316305,2.370671763617942,3.461176781869449,1,1,1,46.300081049411105,0.3628
1480,1738057,2.5752044537054415,2.3528673414306898,0.04994400419981405,2.254978891955337,2.4507557909060425,2.4845042024923623,0.2975749597757803,1.8826020333235873,3.086406371661137,2.4845042024923623,0.2477085716941581,1.9816290672004835,2.9873793377842413,0,1,1,24.59888110534255,0.3902
1481,1739057,2.5746502777235856,1.7778068017432507,0.05078968069284112,1.6782608567989927,1.8773527466875086,1.9146618700903337,0.2968557997067384,1.3142143394632626,2.515109400717405,1.9146618700903337,0.2898709795653478,1.326192496305028,2.5031312438756395,0,0,0,32.573056401955135,0.3563
1482,1740057,2.5735090975568533,2.3880626941591623,0.04950676393194433,2.291031219861425,2.4850941684568997,2.6323527973692977,0.2744655024693118,2.077193917661294,3.1875116770773015,2.6323527973692977,0.25408351608096363,2.11653583693561,3.1481697578029855,0,1,1,26.340493245139065,0.2695
1483,1741057,2.573715314186384,2.5184768930483195,0.055889317683228766,2.4089358432686736,2.6280179428279653,2.917824359785304,0.3027712206957684,2.3054117608355273,3.530236958735081,2.917824359785304,0.25009961050189,2.4100951576530947,3.4255535619175137,1,1,1,20.024810525829782,0.3627
1484,1742057,2.574766859917175,2.6817914383694816,0.0553521261600987,2.5733032646279708,2.7902796121109925,2.7793215160169247,0.2584102001500671,2.256637550528502,3.3020054815053475,2.7793215160169247,0.2414569543769873,2.2891378386050216,3.2695051934288277,1,1,1,19.02877459801084,0.4995
1485,1743057,2.576319129304793,2.8219581991794365,0.058369381925013376,2.707556312806547,2.9363600855523257,2.921390027807004,0.36779574895699024,2.17745290596358,3.665327149650428,2.921390027807004,0.35389437850039557,2.2029462442501235,3.6398338113638844,0,1,1,36.760138497801265,0.3037
1486,1744057,2.5744957017439303,2.631249486640811,0.0469158411118295,2.539296127757222,2.7232028455244004,2.8347101901149543,0.26864048404780666,2.2913335222771756,3.378086857952733,2.8347101901149543,0.22472426545359583,2.3784956771473746,3.290924703082534,1,1,1,22.94356634406998,0.4564
1487,1745057,2.5735584693319598,2.587499201227011,0.04632855108518883,2.4966969096441165,2.678301492809905,2.642935688460647,0.3002416757158716,2.0356395771735323,3.250231799747762,2.642935688460647,0.2791710605405442,2.0761883051192322,3.209683071802062,1,1,1,36.31143037325505,0.3699
1488,1746057,2.5755994946917493,2.368128506652752,0.06160865291478329,2.247377765803748,2.4888792475017563,2.611419057754324,0.3792439888702306,1.8443256849879865,3.3785124305206615,2.611419057754324,0.35075446467196575,1.8993496381545618,3.3234884773540863,0,1,1,32.41328065332,0.2894
1489,1747057,2.572469272803143,2.5033752327857637,0.057450179162916934,2.390774950721073,2.6159755148504544,2.3782744099015973,0.38016478033781925,1.6093185605945206,3.147230259208674,2.3782744099015973,0.34695820512701286,1.67391180690174,3.0826370129014546,1,1,1,36.47300533088394,0.3024
1490,1748057,2.575563687347131,2.1638902410534713,0.06074911060294372,2.044824172178861,2.2829563099280814,2.500428995698534,0.41482521406310696,1.6613658018107822,3.339492189586286,2.500428995698534,0.35892180881377933,1.771778986003727,3.2290790053933414,0,1,1,34.90758847448693,0.319
1491,1749057,2.5742438708845525,2.301258113026976,0.053598012523376384,2.1962079388382314,2.4063082872157207,2.63078571806475,0.3435495424914052,1.9358911778846013,3.3256802582448985,2.63078571806475,0.3059432227044782,2.0096879560579284,3.2518834800715712,0,1,1,32.58249238913088,0.3398
1492,1750057,2.572754908559702,2.234726118688361,0.05321334422133559,2.1304298805176107,2.3390223568591115,2.8035234804936495,0.291119468048243,2.2146787758265365,3.3923681851607626,2.8035234804936495,0.2782132593743785,2.238720536893355,3.368326424093944,0,1,1,27.334714479754822,0.3575
1493,1751057,2.5753799199754153,2.087676374974388,0.05619501989259954,1.977536159874381,2.197816590074395,2.3441149870779743,0.3147080379004055,1.7075578963542393,2.9806720778017093,2.3441149870779743,0.30292129572125287,1.7291520629983923,2.9590779111575563,0,1,1,29.057881814758996,0.2645
1494,1752057,2.5730042295156292,2.689605004654318,0.05061950021329843,2.5903926073208354,2.7888174019878007,2.787337565068276,0.2905882778029306,2.199567294087169,3.3751078360493834,2.787337565068276,0.2565137710245671,2.2665869248059094,3.308088205330643,0,1,1,25.67944686905667,0.4077
1495,1753057,2.5748128120989193,2.542836713641622,0.05686455665186843,2.4313842306071223,2.654289196676122,2.598257374081391,0.33882970293524095,1.912909610515526,3.283605137647256,2.598257374081391,0.31834525537183916,1.9519821472301404,3.244532600932642,1,1,1,31.34104319897463,0.3884
1496,1754057,2.575198527053673,2.0472986085181,0.05238588783870689,1.9446241550560797,2.1499730619801203,2.3295458203646757,0.30739286050127423,1.7077850725446218,2.9513065681847297,2.3295458203646757,0.2784051283968867,1.7643533619406013,2.89473827878875,0,1,1,28.243976694737157,0.3445
1497,1755057,2.5754568104053486,2.7304281425688095,0.05588448567458818,2.620896563352072,2.839959721785547,2.7281532543189395,0.3828387247602218,1.9537888419079863,3.5025176667298927,2.7281532543189395,0.27610483050608065,2.167630648880328,3.288675859757551,0,1,1,24.409871484716838,0.384
1498,1756057,2.576456784367963,3.056610263784262,0.047611838308542875,2.9632927754617735,3.1499277521067506,3.3594672787273883,0.2658940884334996,2.8216457203614973,3.8972888370932792,3.3594672787273883,0.23512809078775745,2.8821318774647957,3.836802679989981,0,0,0,24.388165572230776,0.3297
1499,1757057,2.571213359144442,2.492508107711697,0.05297363375506187,2.3886816934215602,2.5963345220018335,2.7961773836971195,0.33455278004693206,2.1194805132231345,3.4728742541711046,2.7961773836971195,0.3050078795439835,2.176978469256053,3.415376298138186,1,1,1,33.15145459278828,0.3159
1500,1758057,2.5750065833319735,2.5201669130529156,0.057755014198624714,2.4069691652970118,2.6333646608088195,2.871748473150874,0.33388603971075015,2.1964002123009063,3.5470967340008412,2.871748473150874,0.2837447595293166,2.2957159872309214,3.447780959070826,1,1,1,24.136611975776518,0.3217
1501,1759057,2.5754621478853097,2.334575992738224,0.05172607210628677,2.23319475434818,2.4359572311282682,2.665381078059282,0.27563944932011486,2.107847666715553,3.2229144894030113,2.665381078059282,0.2634840103227933,2.1304800997357844,3.20028205638278,0,1,1,25.947141971861658,0.3551
1502,1760057,2.5759856880487573,2.290382597223698,0.04639254904652365,2.1994548719415037,2.3813103225058927,2.479145305171041,0.30046279290042244,1.8714019421624708,3.086888668179611,2.479145305171041,0.29042080517820645,1.8895597260499157,3.068730884292166,0,1,1,39.188530560126935,0.3815
1503,1761057,2.5740238307803085,2.382044303876871,0.04559462520020761,2.2926804805958616,2.47140812715788,2.370689482217143,0.3079254643102688,1.7478514415086588,2.9935275229256275,2.370689482217143,0.29766238155517355,1.7664027214801068,2.9749762429541793,0,1,1,42.62070254887638,0.4262
1504,1762057,2.574564864423959,2.2000296275579085,0.0564537402378985,2.0893823298990477,2.3106769252167694,2.3060259693289114,0.3633235977225648,1.571134627180391,3.0409173114774317,2.3060259693289114,0.3252404547963058,1.6457527434591839,2.966299195198639,0,1,1,33.19125532773866,0.3892
1505,1763057,2.57325706031545,2.540672896622681,0.04469172112843037,2.4530787328038497,2.628267060441512,2.5792856196830196,0.26319041291117756,2.046932761246855,3.1116384781191844,2.5792856196830196,0.23710026156015732,2.0979464988995145,3.0606247404665248,1,1,1,28.145560764615666,0.3494
1506,1764057,2.5750865863759826,2.145760742312661,0.04650412832274012,2.0546143256676612,2.2369071589576603,2.0510667272417153,0.23844161941538375,1.5687730286913577,2.5333604257920728,2.0510667272417153,0.22882874191959698,1.58651968405919,2.5156137704242405,0,0,0,24.21241611549273,0.3801
1507,1765057,2.571292132974277,2.7600729523213867,0.05244874718827206,2.6572752967981272,2.862870607844646,3.110615067580975,0.3181717614700119,2.46705193464348,3.7541782005184703,3.110615067580975,0.2885533348327007,2.5248206548140337,3.6964094803479166,0,1,1,30.267876818880442,0.3978
1508,1766057,2.5817292425381804,3.1523046610982886,0.04945652336284673,3.055371656506545,3.249237665690032,3.236078973153688,0.3223372103865001,2.584090424514935,3.8880675217924408,3.236078973153688,0.2703511232702303,2.6872370143914077,3.784920931915968,0,0,0,29.881967533341673,0.2881
1509,1767057,2.5743564851148584,2.177204240641715,0.047397751232933404,2.0843063552769765,2.270102126006454,2.2104310280268424,0.34136863645635546,1.5199477866812425,2.9009142693724423,2.2104310280268424,0.31806244106456166,1.5647299447430185,2.856132111310666,0,1,1,45.03076251428016,0.4156
1510,1768057,2.5756491134039687,2.3390590048754576,0.05236339047401822,2.2364286454379743,2.441689364312941,2.567283647461878,0.33121848104987217,1.8973310332939337,3.2372362616298225,2.567283647461878,0.2595128722122353,2.0404445081008014,3.094122786822955,0,1,1,24.561918778734377,0.3282
1511,1769057,2.5783340304713036,2.3908505205988377,0.04588170209989594,2.300924036933646,2.4807770042640294,2.387413066878973,0.2915562566738718,1.7976848738248254,2.977141259933121,2.387413066878973,0.28825710093632123,1.8022200408936881,2.972606092864258,0,1,1,39.47125975476467,0.2575
1512,1770057,2.5760529948956252,2.0992632797638824,0.060394139683456416,1.9808929411070266,2.2176336184207384,2.3838811319590762,0.39979938431995127,1.5752105474588236,3.192551716459329,2.3838811319590762,0.3291489152129059,1.7156733096103562,3.0520889543077963,0,1,1,29.702654119871053,0.2995
1513,1771057,2.5738372027259535,2.5173245301735765,0.04513571085818371,2.428860162474923,2.60578889787223,2.6796692882636775,0.28197944766865946,2.109312019827299,3.250026556700056,2.6796692882636775,0.2645632726582693,2.142577290916268,3.2167612856110868,1,1,1,34.3572610678367,0.4181
1514,1772057,2.5705199191322174,2.466961032358497,0.04835872738682946,2.372179668342121,2.5617423963748736,2.550298765007898,0.25094819220630127,2.042708135232573,3.0578893947832233,2.550298765007898,0.24690683952964396,2.049051232539533,3.0515462974762633,0,1,1,26.068528318185333,0.3851
1515,1773057,2.5743282564819956,2.018162943170153,0.05119036943159751,1.9178316627289216,2.118494223611384,2.2392300153873466,0.28945922039509575,1.653743478573267,2.8247165522014264,2.2392300153873466,0.24719343402258429,1.7374006651666702,2.741059365608023,0,1,1,23.318324088129415,0.3485
1516,1774057,2.572614446605955,2.6975938292043673,0.057752651352646914,2.584400712541481,2.8107869458672536,2.810738293876745,0.35105989223922335,2.100652637455384,3.5208239502981056,2.810738293876745,0.28711444668891467,2.227864979338369,3.393611608415121,0,1,1,24.71531994404812,0.2506
1517,1775057,2.5732332913699656,2.6703532584323266,0.056320130184593344,2.5599678316659165,2.780738685198737,2.8562764688610254,0.3937034557776498,2.059936063672479,3.652616874049572,2.8562764688610254,0.3253188842343783,2.1958440227672584,3.5167089149547923,1,1,1,33.36500914224937,0.3684
1518,1776057,2.5712753929357075,2.459279173440085,0.04603247107118327,2.3690571880211837,2.549501158858986,2.6560125384729787,0.2640269851724654,2.1219675529199526,3.1900575240260047,2.6560125384729787,0.2569672317866351,2.134341323922387,3.17768375302357,0,1,1,31.162114163878883,0.2737
1519,1777057,2.574455940687815,2.61902153095882,0.05372438677834372,2.5137236677817665,2.7243193941358737,2.7952233067361147,0.27812824692414084,2.232655827076913,3.3577907863953165,2.7952233067361147,0.27567628144960143,2.235570702134706,3.3548759113375235,1,1,1,26.33030379240988,0.3832
1520,1778057,2.5725054470958946,2.4367087529293627,0.04761305676670578,2.3433888764727584,2.530028629385967,2.342280175225607,0.30718457359547313,1.7209407274386797,2.9636196230125345,2.342280175225607,0.25182516713401604,1.8310479068938736,2.8535124435573405,0,1,1,27.973456548563945,0.3273
1521,1779057,2.572595742689735,2.3719871091869313,0.05261344624342319,2.2688666494472876,2.475107568926575,2.7299650990807622,0.29133921721557915,2.140675909768193,3.3192542883933314,2.7299650990807622,0.24699776399359433,2.2285329801372593,3.231397218024265,0,1,1,22.039033466141024,0.4885
1522,1780057,2.572385732145809,2.095602010481375,0.0567722429133485,1.9843304590496524,2.2068735619130972,2.264329404140887,0.31554738146532796,1.6260745808095922,2.9025842274721816,2.264329404140887,0.3146099251610314,1.6256373007652303,2.9030215075165438,0,1,1,30.709499199463984,0.2714
1523,1781057,2.5710828270976616,2.1985643331418876,0.050356964142320555,2.0998664970521643,2.297262169231611,2.3849039837031683,0.26585682867826366,1.8471577903058758,2.9226501771004605,2.3849039837031683,0.25226882803642336,1.8727710358560028,2.8970369315503337,0,1,1,25.09620765231252,0.3713
1524,1782057,2.577485119684438,2.2838943354522487,0.047262385140475045,2.1912617627534567,2.3765269081510407,2.5048849907958672,0.2676549945250469,1.9635016636675662,3.0462683179241683,2.5048849907958672,0.2286899165015643,2.0406197781951327,2.9691502033966017,0,1,1,23.413307122355192,0.2538
1525,1783057,2.5756201825135174,2.55111674041237,0.055368499964121055,2.4425964746046853,2.6596370062200547,2.591838984840257,0.35651166761304276,1.8707260718721916,3.3129518978083223,2.591838984840257,0.3044784839237926,1.9737148006449212,3.2099631690355928,1,1,1,30.240411829947107,0.3631
1526,1784057,2.5763175310181947,2.3988434718188767,0.0491460190867432,2.302519044425342,2.4951678992124116,2.8148691222162707,0.34324132362864773,2.1205980135312057,3.5091402309013358,2.8148691222162707,0.264390182736922,2.2781285160904883,3.351609728342053,0,1,1,28.941028442407543,0.3325
1527,1785057,2.572322671455666,2.241955321462564,0.05125124487346209,2.1415047273477352,2.342405915577393,2.263731819526359,0.3172016009327907,1.6221310214984794,2.905332617554239,2.263731819526359,0.2756983917764303,1.7040343285751591,2.823429310477559,0,1,1,28.937408031830618,0.3133
1528,1786057,2.5737868028180624,2.3210661105944412,0.05245130292455366,2.218263445920116,2.4238687752687667,2.584026847183412,0.33605641393230296,1.9042885901024278,3.2637651042643965,2.584026847183412,0.32123522135851834,1.9318846774702303,3.2361690168965938,0,1,1,37.508850242228114,0.3814
1529,1787057,2.572807038752719,2.162131494841394,0.05252331545167538,2.059187688207474,2.265075301475314,2.228820217474014,0.28374815060317277,1.6548854096717533,2.8027550252762747,2.228820217474014,0.27078134681904903,1.679104858474357,2.778535576473671,0,1,1,26.578668662819414,0.3205
1530,1788057,2.572475118097871,1.8333230115991175,0.04870710392370703,1.7378588421174022,1.9287871810808328,2.152326719843978,0.32068641761361827,1.5036772147577957,2.8009762249301606,2.152326719843978,0.28819966614654935,1.5672502926807665,2.73740314700719,0,1,1,35.010823941954044,0.3281
1531,1789057,2.5749202647103866,2.13083038697322,0.05311919745372595,2.0267186730762456,2.2349421008701946,2.1572142399577645,0.3089192504102848,1.5323660771283192,2.7820624027872096,2.1572142399577645,0.2642343651962797,1.6207899602566007,2.6936385196589283,0,1,1,24.744323738636094,0.2282
1532,1790057,2.5701332223106235,2.2728550950534596,0.051693047963979916,2.1715385827929574,2.374171607313962,2.6347658309697506,0.30638826193674756,2.0150370755444467,3.2544945863950545,2.6347658309697506,0.29771992482003823,2.030362251194495,3.239169410745006,0,1,1,33.17046204820623,0.452
1533,1791057,2.57496268289512,2.4810123388043133,0.05293810351740986,2.377255562500337,2.5847691151082897,2.425701917367519,0.326615446812504,1.7650598187561175,3.0863440159789204,2.425701917367519,0.3239200740033364,1.7681092070139082,3.0832946277211297,1,1,1,37.44026967894472,0.2857
1534,1792057,2.5751558159967107,2.2333235550327784,0.045826660729230057,2.1435049504717516,2.323142159593805,2.485075309275335,0.30712714785309586,1.8638520160160903,3.1062986025345793,2.485075309275335,0.28862526591608806,1.8991348686457212,3.0710157499049484,0,1,1,39.66726587762705,0.4287
1535,1793057,2.5760623653844736,2.1424620132445003,0.055140061906991104,2.0343894778014886,2.250534548687512,2.2636223937096815,0.3255838972419395,1.605066801048229,2.922177986371134,2.2636223937096815,0.3155250036009938,1.6230725823380863,2.904172205081277,0,1,1,32.74410030442407,0.3589
1536,1794057,2.57355490137698,2.1247372758597356,0.04515085291728645,2.036243230270589,2.213231321448882,2.393167917676655,0.2589063946188973,1.869480304141557,2.9168555312117532,2.393167917676655,0.24915854995484027,1.8873491700219749,2.8989866653313356,0,1,1,30.4522700178141,0.2806
1537,1795057,2.5770136466254367,2.1718357020344055,0.055244389372666645,2.0635586885160717,2.280112715552739,2.396378849218035,0.36409302976627483,1.6599311838611168,3.132826514574953,2.396378849218035,0.316277992836447,1.7543003884296589,3.038457310006411,0,1,1,32.776425794126304,0.4161
1538,1796057,2.571929710116133,2.631859666771137,0.056509947963614374,2.52110220399422,2.7426171295480537,2.9001885407190304,0.3454860579811874,2.201377028241189,3.599000053196872,2.9001885407190304,0.2703399968188289,2.3513691698539536,3.4490079115841072,1,1,1,22.886047444296754,0.3575
1539,1797057,2.5778640252019893,2.559261515399668,0.04666877738073072,2.467792392530918,2.650730638268418,2.751135514301383,0.2494899795360659,2.2464943980536254,3.2557766305491405,2.751135514301383,0.23126017965297674,2.2816523900992762,3.2206186385034896,1,1,1,24.5555050177419,0.2761
1540,1798057,2.5742822433316896,2.0023945684341613,0.04721371635799993,1.909857384796192,2.0949317520721307,1.7834597352760333,0.24217142247549514,1.2936217979424631,2.2732976726096035,1.7834597352760333,0.23049566551850986,1.3155286572795672,2.2513908132724993,0,0,0,23.833572901087347,0.3937
1541,1799057,2.579873403864644,2.603574488737346,0.051642892138864256,2.5023562800876857,2.7047926973870067,2.9630286958662584,0.30467004031905137,2.3467753717056796,3.579282020026837,2.9630286958662584,0.29029562138366344,2.3736972533589236,3.552360138373593,1,1,1,31.598019206536016,0.292
1542,1800057,2.5753465392261,2.717044376749147,0.05157941138896492,2.6159505880830007,2.8181381654152933,2.8152158035253994,0.3677246307791248,2.0714225317745933,3.5590090752762054,2.8152158035253994,0.28757745981667804,2.231402522365467,3.3990290846853317,0,1,1,31.085433126684002,0.3955
1543,1801057,2.5791881584604033,2.4387443492531036,0.050731926644817606,2.339311600162933,2.538177098343274,2.7030073053043826,0.3004048349022082,2.095381173412544,3.310633437196221,2.7030073053043826,0.2536805437849871,2.1880084221236222,3.218006188485143,0,1,1,25.004121945324854,0.3663
1544,1802057,2.5757315557586513,2.6810774776385515,0.059640280822836546,2.564184675197937,2.797970280079166,2.7214137305743717,0.38245512920703445,1.9478252134058172,3.495002247742926,2.7214137305743717,0.3640608077160233,1.9823309984648494,3.460496462683894,1,1,1,37.262200398012546,0.3421
1545,1803057,2.575317747393749,1.9754407674275938,0.05503969324607926,1.867564950945146,2.0833165839100416,2.156680458084309,0.385766272646806,1.3763945211451891,2.9369663950234286,2.156680458084309,0.36742589506526807,1.4107662354678299,2.902594680700788,0,1,1,44.56434339558008,0.3965
1546,1804057,2.5766159475361206,2.578722248981946,0.0539809692327108,2.472921493435268,2.684523004528624,2.533224038924284,0.3605350166885505,1.803973134313051,3.262474943535517,2.533224038924284,0.35326325529853203,1.8160615035832093,3.2503865742653586,1,1,1,42.82679524181131,0.4033
1547,1805057,2.573942047996459,2.116879359663439,0.046910444941916034,2.0249365770785346,2.2088221422483434,2.110930759311809,0.3008499140509002,1.5024043698672136,2.7194571487564048,2.110930759311809,0.2831379698100357,1.5361301220117496,2.6857313966118688,0,1,1,36.429828185884624,0.2486
1548,1806057,2.5722330475876523,2.6091849911518232,0.05288618485230905,2.5055299735615697,2.7128400087420768,2.729771671973036,0.3303388930903571,2.061598192384176,3.3979451515618955,2.729771671973036,0.25452156674479365,2.2130654214137317,3.24647792253234,1,1,1,23.16139421983998,0.3139
1549,1807057,2.5743279267448704,2.3281577843160037,0.051657008393171236,2.2269119083163047,2.4294036603157028,2.4506747833607516,0.33434951929898465,1.7743890465560397,3.1269605201654636,2.4506747833607516,0.30151753098731343,1.8385616531969382,3.062787913524565,0,1,1,34.06956854599471,0.2399
1550,1808057,2.5727300646311146,2.4631967711454377,0.05392168226313383,2.357512215923883,2.5688813263669923,2.7587968676477876,0.3798810383920868,1.9904149405979776,3.5271787946975977,2.7587968676477876,0.34459634994162536,2.0592290855851645,3.458364649710411,0,1,1,40.840822515258125,0.3551
1551,1809057,2.577709379732512,2.0133540536401586,0.05104806381159113,1.9133016870889374,2.11340642019138,2.154643493271811,0.2842339170887029,1.5797261300100103,2.729560856533612,2.154643493271811,0.24036078244786763,1.6666851631839392,2.6426018233596826,0,1,1,22.170151925604888,0.3857
1552,1810057,2.575337619562169,2.2089049409904464,0.05229078124688916,2.106416893023081,2.3113929889578118,2.255412500593046,0.298620899006571,1.6513947196392402,2.8594302815468513,2.255412500593046,0.3050186278216326,1.636191765988309,2.874633235197783,0,1,1,34.02533933672596,0.2085
1553,1811057,2.5768895231169955,2.2092557984792487,0.055208034796076624,2.1010500386217044,2.317461558336793,2.2191506975174775,0.341914892335,1.5275625493661265,2.9107388456688286,2.2191506975174775,0.2633218587770377,1.6845789043325963,2.7537224907023585,0,1,1,22.74936338611204,0.4971
1554,1812057,2.573532113168469,2.2756848554140277,0.0494119735766189,2.17883916679881,2.3725305440292455,2.3809896381027373,0.28432357465452057,1.8058909252966446,2.9560883509088303,2.3809896381027373,0.24848747719767975,1.8765332405728015,2.885446035632673,0,1,1,25.289754457404317,0.3757
1555,1813057,2.5768343369586946,2.616866398700404,0.04650021242971394,2.525727657064703,2.7080051403361054,2.812443288835379,0.319643480496621,2.1659033231859164,3.458983254484842,2.812443288835379,0.2912099554603865,2.2212556494698195,3.403630928200939,1,1,1,39.21954599956309,0.3652
1556,1814057,2.575282323248144,2.2433194236707275,0.05350042441096331,2.1384605186676318,2.348178328673823,2.513449860100533,0.3610249904806105,1.7832078899490442,3.243691830252022,2.513449860100533,0.31097464394654695,1.8821377699398207,3.1447619502612456,0,1,1,33.78590091262938,0.3066
1557,1815057,2.574345719126423,2.4770284030552068,0.05645756712782986,2.3663736048299078,2.5876832012805058,2.7704850067598845,0.3518757892053709,2.0587490429534117,3.4822209705663574,2.7704850067598845,0.30991926347397764,2.141315452863856,3.399654560655913,1,1,1,30.133725194628788,0.4279
1558,1816057,2.572767667766347,2.250159663504029,0.04887810301348421,2.1543603419649613,2.345958985043097,2.466947458872462,0.2750980262416203,1.9105091790735023,3.023385738671422,2.466947458872462,0.2709091629189994,1.9169726193949377,3.0169222983499866,0,1,1,30.719822642435165,0.3383
1559,1817057,2.5735150194988763,2.9199087756618565,0.060813083894897535,2.8007173214390444,3.0391002298846685,3.302267319556969,0.3365316190303512,2.621567869439007,3.9829667696749307,3.302267319556969,0.28682401838855115,2.7199836058137494,3.8845510333001885,0,0,0,22.24523391870464,0.328
1560,1818057,2.5734817908899172,2.1974263874418485,0.048592389449250276,2.102187054198574,2.292665720685123,2.483168425397066,0.2829288488414446,1.9108908118290229,3.0554460389651092,2.483168425397066,0.26767707534362756,1.9397550725311035,3.0265817782630284,0,1,1,30.34490948964702,0.3634
1561,1819057,2.5728775991742716,2.140281299498955,0.0597466496239746,2.023180018039031,2.2573825809588786,2.3458179843580593,0.36738673479510553,1.602708171746046,3.0889277969700726,2.3458179843580593,0.36665951924396295,1.601459587372431,3.0901763813436878,0,1,1,37.6616043006331,0.326
1562,1820057,2.576549450642231,2.4140252829009037,0.047710680778606344,2.3205140668969477,2.5075364989048596,2.38493925012321,0.34706315996054415,1.6829377477917515,3.086940752454668,2.38493925012321,0.3403867766892258,1.6939173560948337,3.075961144151586,0,1,1,50.89957236591366,0.3514
1563,1821057,2.5734335569870312,2.5793505127246585,0.051221040010950084,2.478959119052511,2.679741906396806,2.650126033087158,0.31902547745250043,2.004836096583593,3.295415969590723,2.650126033087158,0.27234499568543935,2.0972362981268424,3.203015768047474,1,1,1,28.27105493672796,0.4148
1564,1822057,2.5787527650631636,2.2086473010097496,0.05266026445539518,2.10543507926082,2.311859522758679,2.390937047929678,0.2819976798653898,1.820542901394521,2.9613311944648353,2.390937047929678,0.27794031705941524,1.8266882066869452,2.955185889172411,0,1,1,27.85717199879676,0.269
1565,1823057,2.5733647886729134,2.66303705529679,0.05019411445707899,2.564658398725034,2.761415711868546,2.8556770681719725,0.3124729620664281,2.2236408450432172,3.487713291300728,2.8556770681719725,0.26731859031164656,2.3129914786115937,3.3983626577323514,1,1,1,28.36303697703993,0.4245
1566,1824057,2.5777451038184576,2.602496787299431,0.04498197082044723,2.5143337445377227,2.690659830061139,2.8837659068720187,0.23500099865406945,2.4084315206948617,3.359100293049176,2.8837659068720187,0.22300162717419636,2.431048535532956,3.3364832782110816,1,1,1,24.577579237718147,0.2859
1567,1825057,2.5772792039595473,2.480590671090126,0.057014605646948976,2.368844097429352,2.5923372447509,2.6347728886187194,0.39767293663232517,1.8304034505481612,3.4391423266892778,2.6347728886187194,0.36099268362288334,1.9019187795555363,3.3676269976819024,1,1,1,40.088937901414944,0.3735
1568,1826057,2.573055212063041,2.932729892241514,0.052673091109960546,2.829492530711595,3.0359672537714335,3.1451456340300963,0.30405160746243093,2.530143208393256,3.7601480596669368,3.1451456340300963,0.27620082546210534,2.584428148470187,3.7058631195900054,0,1,0,27.49617816453693,0.3874
1569,1827057,2.5766809459372606,2.3850542462632087,0.046845400951011806,2.2932389475578874,2.47686954496853,2.703251914853786,0.2770282063496393,2.1429094772763007,3.263594352431271,2.703251914853786,0.2541001317985816,2.1874012227200286,3.2191026069875432,0,1,1,29.42224853656223,0.385
1570,1828057,2.5743297656005337,2.4507723436462023,0.05627611184511792,2.3404731912398233,2.5610714960525813,2.767791842119434,0.3117360664348276,2.137246131093732,3.398337553145136,2.767791842119434,0.30624983309543596,2.1460716279270455,3.3895120563118226,0,1,1,29.614441943030616,0.3585
1571,1829057,2.5751874386236335,2.825523901463062,0.0576072614150159,2.712615743841647,2.938432059084477,2.6954232459862526,0.3460683627878335,1.9954339108633143,3.395412581109191,2.6954232459862526,0.3327703745657023,2.0198634702935845,3.3709830216789207,0,1,1,33.368359162764314,0.2728
1572,1830057,2.5701862089731566,2.73754312428546,0.05150146278598446,2.636602112073801,2.8384841364971196,3.0971135748917695,0.3399987288241945,2.4094012332750303,3.7848259165085087,3.0971135748917695,0.29046743664397884,2.507433328862274,3.686793820921265,0,1,1,31.80942183191163,0.2831
1573,1831057,2.5730377037320507,3.2148330866846027,0.05397517952307077,3.1090436787603,3.320622494608905,3.2493623084365018,0.33103043746708305,2.579790048316036,3.9189345685569674,3.2493623084365018,0.279955040753351,2.681023360649476,3.8177012562235273,0,0,0,26.902236870946762,0.3778
1574,1832057,2.5723755462410587,2.0762482449461053,0.05256986569712417,1.9732132015076342,2.179283288384576,2.488345398079063,0.36361945335130463,1.7528556314366486,3.223835164721477,2.488345398079063,0.32862255862832285,1.8212061364057917,3.155484659752334,0,1,1,39.07698160084952,0.3945
1575,1833057,2.577868305066734,2.565592432113573,0.05248771546184525,2.4627184001775704,2.6684664640495757,2.6172307055874664,0.2729201914334951,2.0651975124802413,3.1692638986946915,2.6172307055874664,0.22918852511259824,2.151953263692378,3.082508147482555,1,1,1,19.06647458089347,0.401
1576,1834057,2.5723960846043115,2.2468077783020286,0.04223997345750697,2.164018951617387,2.32959660498667,2.507102188192892,0.177207170234289,2.1486668539945875,2.8655375223911967,2.507102188192892,0.16498943112970985,2.172155835978954,2.84204854040683,0,1,1,15.256853533496637,0.2948
1577,1835057,2.5723965454404767,1.7984083491535177,0.04692050963321196,1.7064458401361575,1.8903708581708778,2.0958795946732267,0.2823070587994286,1.5248596701773387,2.6668995191691147,2.0958795946732267,0.24500115423707058,1.5985008090260648,2.5932583803203886,0,1,1,27.265333837001478,0.332
1578,1836057,2.5739263617066617,2.2151630642812172,0.051107621924165646,2.114993965974363,2.3153321625880716,2.4609904264401785,0.39778329945609847,1.6563977584880645,3.2655830943922926,2.4609904264401785,0.35433295711231855,1.741656280966072,3.180324571914285,0,1,1,48.06752386591544,0.3919
1579,1837057,2.575050522191098,2.7391706163295986,0.046859852990142364,2.647326992148078,2.831014240511119,2.9508774549740333,0.30114949807816294,2.341745099637705,3.5600098103103615,2.9508774549740333,0.29168264849025505,2.3587301977409085,3.543024712207158,0,1,1,38.745328368643044,0.3264
1580,1838057,2.575459778074509,2.7346501564297414,0.05403282535787409,2.6287477647453654,2.8405525481141174,2.683301789361085,0.26695697443362354,2.143330341133709,3.223273237588461,2.683301789361085,0.2707517657988047,2.1336464830251516,3.2329570956970186,0,1,1,25.10887420707676,0.3315
1581,1839057,2.576343646345021,2.35285523625404,0.045638817586367765,2.2634047974877656,2.442305675020314,2.515826758058576,0.2753847716246529,1.9588084809769937,3.0728450351401584,2.515826758058576,0.2451878106867132,2.0180690396731356,3.0135844764440165,0,1,1,28.862170190524008,0.4112
1582,1840057,2.5763466342647887,2.4007238517343668,0.04958278957629983,2.303543369911791,2.4979043335569426,2.5552276366414164,0.3372473012038539,1.8730805826894787,3.237374690593354,2.5552276366414164,0.3303053192004394,1.8846721893893443,3.2257830838934884,0,1,1,44.3781528092446,0.3185
1583,1841057,2.5747326630726195,2.561155354199611,0.05011019772653056,2.46294117139743,2.659369537001792,2.6997339690955315,0.3954715387918005,1.899817278448391,3.499650659742672,2.6997339690955315,0.3159719806779236,2.0582767460163147,3.3411911921747484,1,1,1,39.75986602549287,0.3478
1584,1842057,2.576852964581609,2.6454553989065657,0.04972036346969166,2.548005277207729,2.7429055206054023,2.9723904998084647,0.3227742648858968,2.319517925002221,3.6252630746147085,2.9723904998084647,0.24530361069095735,2.4743976949163167,3.4703833047006127,1,1,1,24.341049072673336,0.3295
1585,1843057,2.57571611940518,2.3731109592035535,0.06101207530446099,2.253529488984764,2.492692429422343,2.691588787109754,0.35535308430855905,1.9728193300717742,3.410358244147734,2.691588787109754,0.30972870820018217,2.0628060809858275,3.3203714932336807,0,1,1,25.771003336414257,0.2945
1586,1844057,2.574461800511653,2.1518819914481435,0.04618255103996842,2.0613658546956226,2.2423981282006644,2.1873109853386454,0.30729228358762495,1.565753673528595,2.808868297148696,2.1873109853386454,0.307230775116786,1.5635993529715602,2.8110226177057305,0,1,1,44.25614642577192,0.3844
1587,1845057,2.571807465427508,1.9420000361196779,0.05024245563017575,1.8435266325896817,2.040473439649674,1.8437742637938288,0.32943435097258517,1.1774303933333776,2.51011813425428,1.8437742637938288,0.31369950511610034,1.2069304113694246,2.480618116218233,0,0,0,38.98395991663731,0.2697
1588,1846057,2.573424356937678,2.286651619484203,0.044545578204766734,2.1993438905323477,2.3739593484360584,2.303809843568771,0.22021051732578828,1.8583920296773013,2.749227657460241,2.303809843568771,0.208336774767333,1.8808637053675024,2.7267559817700397,0,1,1,21.873721197116467,0.4377
1589,1847057,2.5770947555772294,2.6790406685999075,0.0510623724664446,2.5789602576005066,2.7791210795993084,2.8263844402947997,0.40128800814403154,2.0147028299022294,3.63806605068737,2.8263844402947997,0.3051612288630839,2.206874210185236,3.4458946704043636,0,1,1,35.71549978758618,0.3952
1590,1848057,2.5756288708984214,2.356717230220387,0.05014942736332875,2.2584261587429553,2.4550083016978186,2.642514923273981,0.36537959892483945,1.903464926162035,3.381564920385927,2.642514923273981,0.3459234985678444,1.9402528862633042,3.344776960284658,0,1,1,47.5804091805995,0.3143
1591,1849057,2.575260616858244,2.852326225272798,0.05465881428394602,2.7451969178386,2.9594555327069956,3.2273985478254974,0.23602393917398615,2.749995069146967,3.704802026504028,3.2273985478254974,0.20873714058394796,2.803639623805718,3.6511574718452766,0,0,0,14.584080313167426,0.4351
1592,1850057,2.575926067249411,2.530257985440366,0.05268242585265996,2.4270023281509507,2.633513642729781,2.6890775875247703,0.40052214248491574,1.8789450866468616,3.499210088402679,2.6890775875247703,0.3585819743432708,1.9611174784828354,3.4170376965667053,1,1,1,46.32819490646601,0.3388
1593,1851057,2.5791850400509615,2.535185751225286,0.054947613556539675,2.4274904076180435,2.642881094832529,2.8778212743064606,0.4319630943319172,2.004093445610309,3.751549103002612,2.8778212743064606,0.3814285758371805,2.1034800984381636,3.6521624501747576,1,1,1,48.18687719900892,0.3335
1594,1852057,2.575909583842867,2.0746154848509577,0.0490840277065062,1.9784125583300394,2.170818411371876,2.065014009204077,0.25264094063563813,1.5539994725508257,2.5760285458573287,2.065014009204077,0.2330879190635373,1.591820376733816,2.5382076416743384,0,1,0,22.55065413400896,0.3423
1595,1853057,2.5805366037727993,2.165315525866648,0.0521351601646673,2.063132489615673,2.2674985621176234,2.4955426816735553,0.3748567559214584,1.7373233251567854,3.253762038190325,2.4955426816735553,0.28832195986687065,1.9102179850591443,3.0808673782879663,0,1,1,30.583981245247326,0.3863
1596,1854057,2.5747409724497197,2.543918769927499,0.05360210728299926,2.4388605701573685,2.64897696969763,3.005657240636386,0.3349023132456424,2.3282533725351184,3.683061108737654,3.005657240636386,0.27681183553333244,2.4436993386866384,3.567615142586134,1,1,1,26.668929481115942,0.2893
1597,1855057,2.573208386964178,2.3349858437350983,0.053894002798424864,2.229355539267485,2.4406161482027118,2.6360650643952552,0.4306280418480475,1.7650376342359995,3.507092494554511,2.6360650643952552,0.3858713811088248,1.8527045143213206,3.4194256144691897,0,1,1,51.263028275837115,0.3833
1598,1856057,2.5751377790432084,2.67301946212948,0.05615532393226826,2.562957049682054,2.783081874576906,2.6171698990815586,0.3788847179624071,1.850803220318309,3.3835365778448083,2.6171698990815586,0.331313901895413,1.9445669201041245,3.2897728780589928,1,1,1,34.80947271808901,0.2597
1599,1857057,2.572917616150725,2.249619155867478,0.05869222395442788,2.1345845107442405,2.3646538009907156,2.518770450938449,0.392926851131483,1.7240008769161626,3.313540024960736,2.518770450938449,0.3247381354988229,1.859516987457055,3.1780239144198434,0,1,1,30.612969133311015,0.4665
1600,1858057,2.5754230088881416,3.0113920766462705,0.04984322343494726,2.913701153840391,3.10908299945215,3.286623380434975,0.3005582763940658,2.678686883830799,3.894559877039151,3.286623380434975,0.29729244386672216,2.6830876331322226,3.8901591277377277,0,0,0,35.57586759878183,0.3476
1601,1859057,2.5757691459495184,2.1417601465498355,0.054129866932728594,2.035667556873742,2.247852736225929,2.6101696962507717,0.4522500092821542,1.6954077088892179,3.5249316836123255,2.6101696962507717,0.42397242932032775,1.7494599061280165,3.470879486373527,0,1,1,61.348127606465084,0.3031
1602,1860057,2.577336656380446,2.32854099326336,0.04807339677719346,2.2343188669655567,2.422763119561163,2.5067533086621663,0.26821657544500316,1.9642340769062037,3.049272540418129,2.5067533086621663,0.2414994079349659,2.0164834459456284,2.997023171378704,0,1,1,25.236116372035934,0.2769
1603,1861057,2.5719843749701967,2.9474468376154705,0.05039137783142824,2.848681551934521,3.04621212329642,2.9703407446752466,0.30244943086780585,2.3585790270886497,3.5821024622618434,2.9703407446752466,0.27660699403784195,2.4087986930695284,3.5318827962809647,0,1,1,30.131020967439984,0.391
1604,1862057,2.5759779064278634,2.6448116387884832,0.061827910951209396,2.523631160084763,2.7659921174922033,3.1780705645521086,0.31917107727879,2.5324861246019488,3.8236550045022684,3.1780705645521086,0.23983534530581432,2.6911789285721164,3.6649622005321008,1,1,0,15.047253175654392,0.3036
1605,1863057,2.574398018560234,2.7481414292788773,0.05865035918026486,2.63318883760522,2.8630940209525346,3.1387209978147594,0.3546091018325961,2.4214563873755766,3.8559856082539423,3.1387209978147594,0.3108980067988191,2.507564489335248,3.769877506294271,0,1,1,28.099236735373655,0.118
1606,1864057,2.5776064007581274,2.36662784862832,0.05085322397912679,2.2669573611314826,2.466298336125157,2.344784207982933,0.3174904628266115,1.702599131625277,2.9869692843405886,2.344784207982933,0.2786169465987315,1.779161735747946,2.91040668021792,0,1,1,30.017745694382935,0.4037
1607,1865057,2.573253794054469,2.2718229956231712,0.04905499478411276,2.17567697258451,2.3679690186618325,2.3288786312202796,0.2668170045625446,1.7891902987802137,2.8685669636603457,2.3288786312202796,0.24868686879885876,1.8240174472199637,2.8337398152205955,0,1,1,25.70036200327013,0.3127
1608,1866057,2.5736695958972433,2.5254218971030467,0.05457113417723616,2.418464439520161,2.6323793546859324,2.7974378485509748,0.35468720616046756,2.0800152571969903,3.514860439904959,2.7974378485509748,0.32544621087222364,2.1367469156402406,3.458128781461709,1,1,1,35.565791560886716,0.454
1609,1867057,2.5745794768969232,2.554801916119526,0.050114693448910314,2.456578921863396,2.6530249103756556,2.831621035478838,0.2733041689298988,2.2788111745761386,3.384430896381537,2.831621035478838,0.2734300475292106,2.2765285281679195,3.386713542789756,1,1,1,29.768867952437702,0.3281
1610,1868057,2.5742040054892703,2.341446249045013,0.04604930519444732,2.251191269350803,2.431701228739223,2.53239422694519,0.32982557802349205,1.8652590250811962,3.1995294288091833,2.53239422694519,0.28118929088507905,1.9615496181802992,3.1032388357100804,0,1,1,37.286480286458534,0.3225
1611,1869057,2.5745120679305895,2.6285902787701616,0.050945561973588946,2.528738812129774,2.7284417454105494,2.7202973933214505,0.27549922806418436,2.163047606238888,3.277547180404013,2.7202973933214505,0.27315106878963274,2.1657712429615623,3.2748235436813387,1,1,1,28.74703738990336,0.3512
1612,1870057,2.5737380787117905,2.475398698416531,0.059435526406367116,2.358907207257872,2.59189018957519,2.69770436438337,0.34828854558103045,1.9932242856838105,3.4021844430829296,2.69770436438337,0.321696477258261,2.0446257954111684,3.3507829333555716,1,1,1,29.29546415705185,0.3243
1613,1871057,2.5747544244250817,2.7981400820349513,0.050146184234624164,2.6998553669729777,2.896424797096925,2.8355346031323836,0.35639699691214083,2.114653633549827,3.5564155727149402,2.8355346031323836,0.33011907192415346,2.1653572579525147,3.5057119483122525,0,1,1,43.33765891191882,0.4104
1614,1872057,2.5752942327549446,2.8233796253473065,0.04936391550825774,2.726628128815243,2.9201311218793697,3.0985784949398485,0.3058238750345279,2.479991319777052,3.717165670102645,3.0985784949398485,0.26021816745056314,2.570307530123685,3.626849459756012,0,1,1,27.78791921173347,0.3669
1615,1873057,2.574679947420797,2.5753440240550987,0.04815770292181628,2.4809566607501594,2.669731387360038,2.725146750320533,0.24679260476894913,2.2259615895221585,3.2243319111189073,2.725146750320533,0.22623431521717016,2.2658666733558688,3.184426827285197,1,1,1,22.069141139653617,0.3898
1616,1874057,2.57481863030851,2.0341126199142474,0.04880186714683253,1.938462717928147,2.1297625219003478,2.380081369545136,0.33234147273800196,1.7078572902863347,3.052305448803937,2.380081369545136,0.31847810662085146,1.7335364403199875,3.0266262987702843,0,1,1,42.58790618441581,0.3551
1617,1875057,2.5764365943135963,2.580832440593106,0.05067383777481793,2.4815135435960376,2.6801513375901744,2.5424801146881877,0.3211152915100105,1.892963130265932,3.191997099110443,2.5424801146881877,0.30270247500905684,1.9279614202713002,3.156998809105075,1,1,1,35.6832456994801,0.3129
1618,1876057,2.5744228197903394,2.4876812278075207,0.06302460667568079,2.3641552685833838,2.6112071870316576,2.8451958649104663,0.3687741874708162,2.0992796643693126,3.59111206545162,2.8451958649104663,0.334847839459253,2.165418611266739,3.5249731185541937,1,1,1,28.227649366024735,0.4585
1619,1877057,2.576467812088875,2.4469605361612237,0.05320728584717983,2.3426761721856235,2.551244900136824,2.6592431080148926,0.3126748758563318,2.026798475696669,3.291687740333116,2.6592431080148926,0.2496160372266121,2.1524956118227148,3.1659906042070705,0,1,1,22.00912399240632,0.3264
1620,1878057,2.571740406180414,2.0934264289582787,0.04861728488663085,1.9981383015543588,2.1887145563621986,2.4387120626293814,0.3131823323793493,1.805241002609737,3.072183122649026,2.4387120626293814,0.28962741912944606,1.850737142816008,3.026686982442755,0,1,1,35.48934189626594,0.2867
1621,1879057,2.575632758551855,2.4230615973713223,0.05001350569920824,2.3250369274602853,2.5210862672823593,2.2312107189021586,0.295625168262162,1.633252375323944,2.829169062480373,2.2312107189021586,0.2789431289577866,1.6649260612739982,2.797495376530319,0,1,1,31.10690058978937,0.3908
1622,1880057,2.575460844507504,2.107657219982086,0.052828841441248615,2.0041145934122615,2.2111998465519105,2.375165950973113,0.27272661795986347,1.8235242971733627,2.9268076047728635,2.375165950973113,0.23640375178826128,1.8952408201996378,2.8550910817465884,0,1,1,20.02472479599948,0.3788
1623,1881057,2.5697707170256177,2.259539203486688,0.05862741674477106,2.1446315781603165,2.37444682881306,2.6031266236907644,0.2680273300149078,2.060990176947914,3.145263070433615,2.6031266236907644,0.25355589501408,2.088380790968069,3.1178724564134597,0,1,1,18.70449154029755,0.3239
1624,1882057,2.5744166131101953,2.0901659770450642,0.05179628989213678,1.9886471143236801,2.1916848397664483,2.3432393614630107,0.40796273815531564,1.5180568352829193,3.168421887643102,2.3432393614630107,0.3444495828574388,1.6439695324216008,3.0425091905044206,0,1,1,44.223592604191765,0.3679
1625,1883057,2.5741802422455287,2.6837707432662463,0.04472626736283978,2.5961088700721713,2.7714326164603214,2.7606933099465296,0.23530902491179112,2.284735881854746,3.236650738038313,2.7606933099465296,0.2148215814013092,2.3245823143844557,3.1968043055086035,0,1,1,23.06909234193903,0.324
1626,1884057,2.574231835013809,2.2437080027208003,0.06500245414836861,2.1163055336832817,2.371110471758319,2.5563187975103134,0.427057792924774,1.6925128774304339,3.420124717590193,2.5563187975103134,0.3562084881272417,1.833177121653132,3.279460473367495,0,1,1,30.029563602945206,0.339
1627,1885057,2.5749841819204975,2.5336682725396242,0.05148031582540275,2.4327687076090876,2.634567837470161,2.726947738438719,0.26805523026335704,2.184754858116664,3.2691406187607743,2.726947738438719,0.23674311300880901,2.246333667760869,3.207561809116569,1,1,1,21.1481461379585,0.3356
1628,1886057,2.573946375243325,2.911416474313816,0.051559168822729394,2.8103623603484458,3.012470588279186,3.1552795995434266,0.28100301375557185,2.5868973551170664,3.723661843969787,3.1552795995434266,0.25486619276958794,2.637873720958906,3.6726854781279474,0,0,0,24.435017128033703,0.3682
1629,1887057,2.5755474788412296,2.172674503024926,0.05367955411817473,2.0674645102471345,2.2778844958027173,2.3494515765337014,0.3887988920906968,1.5630315877814969,3.135871565285906,2.3494515765337014,0.29655696529838255,1.7474089301035933,2.9514942229638095,0,1,1,30.5209788675305,0.3568
1630,1888057,2.5752608962739876,1.935006170283502,0.05535812975904981,1.8265062297042693,2.0435061108627344,2.0464676744012,0.29278145417343726,1.4542612854894297,2.6386740633129704,2.0464676744012,0.29683446052977736,1.4438616827017858,2.6490736661006142,0,1,1,28.75185157993733,0.3596
1631,1889057,2.575290058737083,2.6370006646100643,0.04989575114935253,2.5392067893757604,2.7347945398443683,3.0738216209414775,0.3717215087979064,2.3219439003135873,3.8256993415693676,3.0738216209414775,0.30607268110443864,2.452461044410518,3.695182197472437,1,1,1,37.62894182697576,0.3995
1632,1890057,2.5763765870963247,2.111791704048564,0.05827263910969719,1.9975794301094574,2.226003977987671,2.485708230504085,0.25988533508965656,1.9600405229675257,3.0113759380406444,2.485708230504085,0.20346413634581229,2.0726540741938426,2.8987623868143273,0,1,1,12.191197415438376,0.2779
1633,1891057,2.5752243313852605,2.4440846077780787,0.0579903771024759,2.3304255572073296,2.5577436583488278,2.4930438725893094,0.2978924043651854,1.8904996111319299,3.0955881340466886,2.4930438725893094,0.2927890616392422,1.8986504772505057,3.087437267928113,0,1,1,25.491643120545874,0.3222
1634,1892057,2.573736002242173,2.504520195929038,0.06046804645953468,2.3860050026528556,2.6230353892052207,2.675334194709785,0.3575992802996651,1.952021377435972,3.398647011983598,2.675334194709785,0.33774698259397196,1.9896713676031321,3.360997021816438,1,1,1,31.19831073604034,0.259
1635,1893057,2.5751607782321693,2.528748548574228,0.05054171761438453,2.4296886023332407,2.6278084948152154,2.780467534565012,0.33126165978251765,2.110427583166607,3.450507485963417,2.780467534565012,0.3168040225326023,2.137321176719976,3.423613892410048,1,1,1,39.28994136625306,0.4373
1636,1894057,2.5754627128094123,2.397805330515328,0.04805806233569392,2.303613259170587,2.491997401860069,2.5580150410999876,0.30939771714153147,1.9321990879577098,3.1838309942422653,2.5580150410999876,0.264824164740886,2.02039340466724,3.095636677532735,0,1,1,30.36565892234248,0.4047
1637,1895057,2.5723592400502935,2.7111861882672885,0.05115912646487425,2.610916142915605,2.811456233618972,2.804431055361893,0.2972847048164949,2.20311598226376,3.405746128460026,2.804431055361893,0.29482539766188004,2.2059036781189505,3.4029584326048354,0,1,1,33.211121792627466,0.2784
1638,1896057,2.571462385083579,2.221607604716976,0.04661597328216819,2.130241975979645,2.3129732334543074,2.407976413907098,0.31409711879857677,1.7726550237035092,3.043297804110687,2.407976413907098,0.23007631368840237,1.9408966653856596,2.8750561624285367,0,1,1,24.35983310637306,0.4054
1639,1897057,2.5755198909534727,2.839375535019185,0.052667600820547,2.7361489342587806,2.9426021357795893,2.9078586895211536,0.3314258401048212,2.2374866520755763,3.578230726966731,2.9078586895211536,0.27595821951570215,2.347633720216478,3.468083658825829,0,1,1,27.453618720215037,0.538
1640,1898057,2.5734026758798643,2.627839550218037,0.05302893854926968,2.523904740523081,2.7317743599129933,2.911088106586547,0.42087176062273957,2.059794617875047,3.7623815952980473,2.911088106586547,0.371581510658585,2.1567375358073146,3.6654386773657794,1,1,1,49.10009401318557,0.2268
1641,1899057,2.5772111653415277,2.7922058354514823,0.05408098037767041,2.686209061662631,2.8982026092403337,3.143664038263941,0.3096621187528486,2.5173132823832094,3.770014794144673,3.143664038263941,0.25349788117531663,2.6290359798952676,3.6582920966326147,0,1,0,21.971492326002107,0.4069
1642,1900057,2.572888765345079,2.511242188312477,0.04611061817811639,2.420867037378491,2.601617339246463,2.723305707685809,0.25543901269150565,2.2066315360915456,3.2399798792800723,2.723305707685809,0.2536590694574579,2.208350419707619,3.2382609956639987,1,1,1,30.26208875432779,0.3985
1643,1901057,2.575236300896124,2.976250108929595,0.053360786861328245,2.8716648884946734,3.0808353293645165,3.2834994088629177,0.3052881012875859,2.6659959383932548,3.9010028793325806,3.2834994088629177,0.27426650611772607,2.726708800339801,3.8402900173860344,0,0,0,26.41807069249344,0.3537
1644,1902057,2.575088623593882,2.3967433470336394,0.05044357029644707,2.2978757660009888,2.49561092806629,2.6077693168378997,0.292139037261004,2.0168623387817863,3.198676294894013,2.6077693168378997,0.29553171384364024,2.0078080415145143,3.207730592161285,0,1,1,34.3238938111159,0.3408
1645,1903057,2.57344060077761,1.9120588296874002,0.04867501570095414,1.8166575519666084,2.0074601074081917,2.053185478991289,0.2887360159120257,1.469161761318445,2.637209196664133,2.053185478991289,0.24847353063651903,1.5487573944857371,2.5576135634968407,0,1,0,26.05841891669799,0.3273
1646,1904057,2.5739755136375013,2.1416680550145126,0.05354876205882129,2.036714409962518,2.246621700066507,2.016240454109955,0.30741196577299806,1.39444106223026,2.6380398459896495,2.016240454109955,0.29318306702082214,1.4210471853222324,2.611433722897677,0,1,1,29.97636008217364,0.3596
1647,1905057,2.580780932286416,2.923640379524213,0.047761567089757824,2.8300294281830944,3.017251330865332,3.0469644601690993,0.26596142816455526,2.5090066943406444,3.584922225997554,3.0469644601690993,0.25861531154070294,2.521947465843386,3.5719814544948125,0,1,1,29.31914710113333,0.3783
1648,1906057,2.573470685370587,2.6130733379996203,0.0585223381665335,2.498371662902141,2.7277750130970997,3.2691487400687924,0.35639639662574973,2.5482689846800683,3.9900284954575165,3.2691487400687924,0.3109584494092992,2.6378695265665413,3.9004279535710435,1,1,0,28.233283259892097,0.3548
1649,1907057,2.5725754556808655,2.192393456044858,0.05507706662149441,2.084444389092616,2.3003425229971,2.546837565070348,0.3662064214444009,1.8061151615556028,3.287559968585093,2.546837565070348,0.31448748735370485,1.9083940236580623,3.185281106482633,0,1,1,32.60356856339772,0.3384
1650,1908057,2.5759164357246007,1.902532764940416,0.05969897720596685,1.7855249197028433,2.0195406101779887,1.9417615327926658,0.31483832198423817,1.3049409176355373,2.5785821479497946,1.9417615327926658,0.29867496287109185,1.3354191226981857,2.548103942887146,0,1,0,25.030173240534733,0.3298
1651,1909057,2.573672450582791,2.070291765554655,0.04380166970227726,1.9844420704754722,2.1561414606338376,2.268113695675074,0.2610311637679078,1.7401283308750983,2.7960990604750497,2.268113695675074,0.2607985108672798,1.7386645710875261,2.797562820262622,0,1,1,35.45103203329756,0.328
1652,1910057,2.5755656160731375,2.57628751840784,0.05307322993712487,2.472265899187862,2.680309137627818,2.934526511003261,0.32892705838225245,2.2692087366590776,3.5998442853474444,2.934526511003261,0.29235866552381906,2.341006866230666,3.528046155775856,1,1,1,30.344564166832193,0.3809
1653,1911057,2.574133665486495,2.752295642631175,0.0563652156950069,2.64182184988813,2.8627694353742204,3.026909505234373,0.3694943310726543,2.2795366767686582,3.7742823337000875,3.026909505234373,0.33526401684316454,2.3462873665840083,3.7075316438847374,0,1,1,35.37948782865817,0.3114
1654,1912057,2.5731005999498904,2.247095568489365,0.05193689983004655,2.1453011153538095,2.348890021624921,2.7276021561045614,0.3213688221010118,2.0775723576579357,3.377631954551187,2.7276021561045614,0.3158194237114238,2.086454640132546,3.368749672076577,0,1,1,36.976485320826065,0.3597
1655,1913057,2.5765383987029242,2.211683380497727,0.05484319036761362,2.10419270257993,2.319174058415524,2.4440531180900975,0.26371769055021166,1.9106337399611202,2.977472496219075,2.4440531180900975,0.26250408972824857,1.9111414843346408,2.9769647518455544,0,1,1,22.910086355735523,0.3534
1656,1914057,2.5751228500496652,2.047170598837772,0.054189187471389996,1.9409617430423587,2.153379454633186,2.292799611472946,0.32699962751017486,1.6313804340527125,2.9542187888931797,2.292799611472946,0.3194478103690071,1.6442860789806129,2.9413131439652793,0,1,1,34.75157985745576,0.3056
1657,1915057,2.5710409304327184,2.460754533207907,0.044755550490877476,2.373035266137523,2.5484738002782907,2.5595953831128058,0.2706788503644188,2.012095730234707,3.1070950359909046,2.5595953831128058,0.2699932832657127,2.011479878180742,3.1077108880448696,0,1,1,36.392518692785316,0.4143
1658,1916057,2.576410000077905,2.369351184274624,0.055143082834906904,2.2612727279216975,2.4774296406275504,2.4528746041785765,0.3836686712015502,1.6768314666366315,3.2289177417205215,2.4528746041785765,0.3298692400779441,1.7832044446104267,3.1225447637467263,0,1,1,35.785044007730825,0.3963
1659,1917057,2.5773644609376145,2.6793105795846968,0.0619055238262024,2.557977982441254,2.8006431767281397,2.799922933950569,0.31772781274329565,2.1572577720715644,3.4425880958295734,2.799922933950569,0.30873281476175246,2.1731619989916906,3.426683868909447,1,1,1,24.871774944834588,0.379
1660,1918057,2.577548770948014,2.5112688174821614,0.06135766608787127,2.391010001774499,2.631527633189824,2.922537845471566,0.34700060742014766,2.2206628675955926,3.624412823347539,2.922537845471566,0.3172077829625966,2.2785718103764845,3.566503880566647,1,1,1,26.72698721115645,0.3497
1661,1919057,2.5753737335039717,1.936736230726385,0.05787879640720319,1.8232958742997403,2.0501765871530293,2.3401830493333593,0.3456531650499084,1.641033530904942,3.0393325677617766,2.3401830493333593,0.3454828275468103,1.6388156220562338,3.041550476610485,0,1,1,35.629846224587915,0.4212
1662,1920057,2.573638252805815,2.1494870344650496,0.052175996160615565,2.047223961132743,2.2517501077973563,2.3606176403290404,0.2815148512758726,1.7912001067978338,2.9300351738602473,2.3606176403290404,0.26294749562294495,1.8268058447513278,2.894429435906753,0,1,1,25.397828055511564,0.4063
1663,1921057,2.576252380234743,2.45251446410905,0.05802700304537817,2.338783628009313,2.5662453002087875,2.5615834771773542,0.36265709257646056,1.8280402689360167,3.295126685418692,2.5615834771773542,0.33943230265730484,1.87249926844849,3.2506676859062185,0,1,1,34.21732532298644,0.339
1664,1922057,2.5736812599983576,2.089918829548203,0.05165710751473498,1.988672759273809,2.191164899822597,2.3272525132086996,0.33045863740655446,1.6588368278787418,2.9956681985386577,2.3272525132086996,0.3030433093421587,1.7120418883099622,2.942463138107437,0,1,1,34.41511544206474,0.3336
1665,1923057,2.5768201440394574,2.4589649320433393,0.05501925844354756,2.3511291670378847,2.566800697048794,2.6571654260169844,0.344524748294668,1.960298345913409,3.35403250612056,2.6571654260169844,0.351094445153602,1.944405809346002,3.3699250426879668,0,1,1,40.72100157774868,0.3807
1666,1924057,2.577976674424933,2.4146168497398004,0.04995273926269786,2.3167112798557925,2.5125224196238083,2.4803065666859414,0.2792822928605541,1.9154048087898512,3.0452083245820316,2.4803065666859414,0.278972091343653,1.913963112288613,3.04665002108327,0,1,1,31.189104036252647,0.3992
1667,1925057,2.573666049574823,2.2926750825754567,0.0478169354491124,2.19895561124412,2.3863945539067934,2.400151674827541,0.2664096150029056,1.861287365550675,2.9390159841044072,2.400151674827541,0.19898117744803018,1.9961984089177067,2.8041049407373753,0,1,1,17.316515848746214,0.3884
1668,1926057,2.5731093583241638,2.219260248110435,0.059634999170764355,2.102377797517661,2.3361426987032092,2.5322682311219302,0.32274280580319537,1.8794592883166195,3.185077173927241,2.5322682311219302,0.277858324478956,1.9681858436668453,3.096350618577015,0,1,1,21.709228507224374,0.3671
1669,1927057,2.5755961823421365,2.2274695960305877,0.04864431072945732,2.132128498948076,2.3228106931130994,2.1562020650718923,0.30751293336438634,1.5341984469618786,2.778205683181906,2.1562020650718923,0.284842445309122,1.577941158547629,2.7344629715961553,0,1,1,34.28824863263035,0.1123
1670,1928057,2.5746719073267,2.013472256549148,0.0455961524334279,1.924105439946031,2.102839073152265,2.135253113537646,0.2443119700827214,1.6410855099950328,2.6294207170802593,2.135253113537646,0.20576739524624757,1.717523093072817,2.552983134002475,0,1,0,20.365577334731544,0.3942
1671,1929057,2.5745421588926862,2.732850099641054,0.052414933731722485,2.6301187172748244,2.8355814820072838,2.7901765350146084,0.28213888868180054,2.219496766688668,3.3608563033405487,2.7901765350146084,0.2716907634371003,2.2386149621285627,3.341738107900654,0,1,1,26.86826766580076,0.3578
1672,1930057,2.574224381030386,2.4242341210561835,0.045579689826843434,2.3348995705690636,2.5135686715433034,2.5581391641005564,0.2882336162474733,1.9751316456674322,3.1411466825336807,2.5581391641005564,0.2652031265546205,2.0197481942852424,3.0965301339158704,0,1,1,33.85435536822334,0.4053
1673,1931057,2.575956015987366,1.9990464610504781,0.048441223763886654,1.9041034071062144,2.0939895149947416,2.353756164600755,0.2818806472894082,1.7835987387943844,2.9239135904071256,2.353756164600755,0.25221996171669886,1.8417224206566867,2.8657899085448233,0,1,1,27.109948877225044,0.316
1674,1932057,2.574387218066557,2.3329238179834504,0.053131969863731636,2.228787070622869,2.437060565344032,2.1666440553456696,0.3297592461548924,1.4996430223500017,2.8336450883413375,2.1666440553456696,0.32648238548073544,1.503849576147144,2.8294385345441952,0,1,1,37.757886331812806,0.4343
1675,1933057,2.5714838059216043,2.5136337667997006,0.04564578125292696,2.42416967949777,2.603097854101631,2.6994789752535677,0.2498291671101306,2.19415178737956,3.2048061631275755,2.6994789752535677,0.2138561809181995,2.2653278468661915,3.133630103640944,1,1,1,21.950394218057767,0.2424
1676,1934057,2.5759581519802746,2.5607487918339364,0.044693239452621686,2.4731516521543733,2.6483459315134996,2.6882903216052045,0.2749075764730397,2.132237262823876,3.244343380386533,2.6882903216052045,0.2658252532417112,2.1486363674700515,3.2279442757403576,1,1,1,35.376006412386644,0.4158
1677,1935057,2.5786509781724423,2.2188276389176975,0.04852522374512787,2.123719948035499,2.313935329799896,2.3746506759627377,0.3164023789595889,1.7346664569631471,3.0146348949623283,2.3746506759627377,0.279638095986173,1.8069551602603777,2.9423461916650977,0,1,1,33.20913622932439,0.2647
1678,1936057,2.5769869004686794,2.5445870446186665,0.05469670578370511,2.4373834712096207,2.651790618027712,3.0813628641593045,0.34862254990656577,2.3762071979432315,3.7865185303753774,3.0813628641593045,0.25537943948998626,2.562915039338555,3.599810688980054,1,1,1,21.79964980791822,0.3814
1679,1937057,2.577142411180566,3.1339524722076133,0.06125413412402797,3.0138965754203326,3.254008368994894,3.763266816186215,0.41557051601845163,2.922696106800702,4.603837525571728,3.763266816186215,0.37762320453366377,2.9966509547711233,4.529882677601306,0,0,0,38.00550752285101,0.2537
1680,1938057,2.5758388182515484,1.9321192283301192,0.049138664150121615,1.8358092163474713,2.028429240312767,2.357296080828527,0.27194319005693757,1.807239059534528,2.9073531021225256,2.357296080828527,0.2603323025783277,1.8287934093845966,2.885798752272457,0,1,1,28.067868134105293,0.3905
1681,1939057,2.578462886743367,1.9526431765822412,0.057557564696613904,1.839832422739044,2.0654539304254387,2.329238687906992,0.31859404115658274,1.684821413681754,2.97365596213223,2.329238687906992,0.31080956972214446,1.698261716237989,2.960215659575995,0,1,1,29.159759891180485,0.3756
1682,1940057,2.5746513752494695,1.931502699670292,0.05027864350772235,1.8329583692036275,2.030047030136956,2.168733193849663,0.28940144433905346,1.5833635201395357,2.7541028675597903,2.168733193849663,0.2724269076790156,1.6156771687017693,2.7217892189975568,0,1,1,29.358434740095312,0.2976
1683,1941057,2.5701918014546368,2.303528435986437,0.0516029048577699,2.202388600967561,2.4046682710053133,2.4545919044601887,0.2837683530699594,1.8806162333117964,3.028567575608581,2.4545919044601887,0.28681658424126466,1.8723232828383152,3.0368605260820623,0,1,1,30.893009580214947,0.3892
1684,1942057,2.575228316177898,2.660909918513689,0.05933491191767481,2.54461562812919,2.777204208898188,2.786386631466834,0.3710744453105804,2.0358177202794456,3.5369555426542227,2.786386631466834,0.33942224692771905,2.0973228369543264,3.475450425979342,1,1,1,32.72351928895701,0.2738
1685,1943057,2.576047286853153,2.290035229183337,0.050174916218888706,2.1916942004670004,2.3883762578996732,2.3772217449461337,0.29825803644508103,1.773937922800675,2.9805055670915923,2.3772217449461337,0.2550753561527535,1.8593912421191492,2.895052247773118,0,1,1,25.844235598917933,0.3549
1686,1944057,2.5738812503104684,2.5599003765837125,0.05021269486645668,2.4614853030787582,2.6583154500886668,2.555378024862725,0.25332603505928636,2.0429777539393923,3.0677782957860575,2.555378024862725,0.2384720585452632,2.0712540081438062,3.0395020415816436,1,1,1,22.55526536452385,0.3607
1687,1945057,2.5746654327374725,2.623466973208977,0.05456812249334116,2.5165154184180585,2.7304185279998956,2.503325870538851,0.31524755427519285,1.8656775049426226,3.1409742361350794,2.503325870538851,0.3111147502496126,1.8717293494614873,3.1349223916162146,1,1,1,32.50597380119914,0.3093
1688,1946057,2.575834535917965,2.516153767604239,0.057390615451358935,2.4036702282689877,2.62863730693949,2.676555979992787,0.28666564405672346,2.096719984672762,3.2563919753128117,2.676555979992787,0.27047301629685694,2.127466565230754,3.22564539475482,1,1,1,22.210898340146578,0.4214
1689,1947057,2.576411516483509,1.8284217568113732,0.05258395477578365,1.7253590992861543,1.9314844143365921,1.9635705218402852,0.3364477189821274,1.2830407755880566,2.644100268092514,1.9635705218402852,0.31319011219771803,1.3277607920180836,2.599380251662487,0,1,1,35.47395356834853,0.3005
1690,1948057,2.5738288967351757,2.4372911067715464,0.05266655253263094,2.334066560617703,2.54051565292539,2.4183397694661117,0.28394284431400546,1.8440111564627615,2.992668382469462,2.4183397694661117,0.2817262070341164,1.8464051629702547,2.9902743759619685,0,1,1,28.614404647370886,0.362
1691,1949057,2.576321008802395,2.4065431189433397,0.05124853001245683,2.306097845858304,2.5069883920283753,2.4259518577243213,0.2854887991917939,1.8484962558268818,3.003407459621761,2.4259518577243213,0.275353609096158,1.8669543128258654,2.984949402622777,0,1,1,28.868134548183487,0.3856
1692,1950057,2.574430208478955,2.153631658339679,0.04821826898841807,2.0591255877255152,2.248137728953843,2.4610044626304486,0.3128731038248571,1.8281588764001915,3.0938500488607055,2.4610044626304486,0.24637418185367654,1.9608382827331083,2.961170642527789,0,1,1,26.107612583342988,0.2962
1693,1951057,2.5740172860950663,2.158792064506272,0.052971106674938914,2.0549706032021624,2.2626135258103814,2.0276918213053667,0.37253990145074023,1.274158745289565,2.7812248973211684,2.0276918213053667,0.3612039307099047,1.294408857856002,2.7609747847547315,0,1,1,46.4972044787101,0.2576
1694,1952057,2.5756615705989465,2.457600448510356,0.05098981822778977,2.3576622412056443,2.557538655815068,2.821801416504664,0.2807059267517909,2.2540200872633127,3.389582745746015,2.821801416504664,0.2691150831831066,2.2754687525228885,3.3681340804864393,0,1,1,27.855384106442344,0.3358
1695,1953057,2.5753070243528238,2.3378477710230974,0.05375489490393947,2.2324901130186405,2.443205429027554,2.4477819047081733,0.2673220194110949,1.907072083319461,2.9884917260968855,2.4477819047081733,0.24485869140290975,1.9506923339901223,2.944871475426224,0,1,1,20.74889696699827,0.4128
1696,1954057,2.574257717091401,2.544285930755184,0.05173853496779013,2.442880265605449,2.645691595904919,2.9570839705044083,0.2967481921657913,2.3568540966733385,3.557313844335478,2.9570839705044083,0.27406990375416596,2.4006924859982677,3.513475455010549,1,1,1,28.060437661890187,0.3584
1697,1955057,2.570578382052316,2.525143849095725,0.05194473194422922,2.4233340452984486,2.6269536528930018,2.7292135900771823,0.3244345006325122,2.0729828715011394,3.3854443086532253,2.7292135900771823,0.3021514967622882,2.1158134409673535,3.342613739187011,1,1,1,33.83502338181004,0.3065
1698,1956057,2.572004268621233,2.437488913648279,0.050497807284606976,2.338515030072205,2.536462797224353,2.5917470850323356,0.26296698822164055,2.0598461456870094,3.123648024377662,2.5917470850323356,0.24130529052319877,2.1018713016124377,3.0816228684522335,0,1,1,22.834349619416805,0.3378
1699,1957057,2.5743505863584324,2.5838637172909507,0.05074737716539807,2.4844006857369,2.683326748845001,2.5548771045355623,0.29228352796405965,1.9636778664463481,3.1460763426247764,2.5548771045355623,0.2616645801758616,2.0236697657782483,3.0860844432928762,1,1,1,26.58659231041417,0.4446
1700,1958057,2.574829020657575,1.9932325034516838,0.05188817026745806,1.891533558503784,2.0949314483995836,2.2653471944175068,0.30372773478387577,1.650999863106828,2.8796945257281856,2.2653471944175068,0.2738926614262036,1.7093155309665842,2.8213788578684293,0,1,1,27.86275648430515,0.3291
1701,1959057,2.573968558770507,2.3264110963143665,0.05176075308475067,2.2249618844555847,2.4278603081731482,2.629013882966994,0.34503301616133925,1.931118734064556,3.3269090318694317,2.629013882966994,0.30251544650012674,2.014874876608894,3.2431528893250934,0,1,1,34.15811816922101,0.3378
1702,1960057,2.573073343881877,2.417502957171237,0.05393502516254874,2.3117922503473802,2.523213663995094,2.802783823673656,0.3334779664053676,2.1282609689931955,3.477306678354117,2.802783823673656,0.2816764786048751,2.230950171256261,3.3746174760910512,0,1,1,27.274663054606364,0.3443
1703,1961057,2.5697032057552938,2.3682409534847633,0.05173760300811473,2.2668371149424273,2.469644792027099,2.460996942341969,0.37236478442799154,1.7078180739380249,3.214175810745913,2.460996942341969,0.34386635040617936,1.762911138123874,3.159082746560064,0,1,1,44.174002404470876,0.4132
1704,1962057,2.5754872390092887,2.5415685608263483,0.05441306658192981,2.434920910037386,2.6482162116153107,3.055777077935582,0.33700636345603885,2.374117366578444,3.73743678929272,3.055777077935582,0.2725772892312465,2.5024157620062417,3.609138393864922,1,1,1,25.09417554242531,0.3658
1705,1963057,2.5789707068952317,2.2960651439342,0.056162374907546254,2.1859889118291735,2.4061413760392267,2.4685589575632663,0.2576854433138669,1.9473409511466604,2.989776963979872,2.4685589575632663,0.20733198780374737,2.0476526453429753,2.889465269783557,0,1,1,13.62830029342377,0.3526
1706,1964057,2.5741576963834087,2.113466153479103,0.054672459036414066,2.00631010282149,2.220622204136716,2.5478879963091265,0.3794664693540488,1.7803446142882844,3.3154313783299685,2.5478879963091265,0.3141180747873936,1.9101944022765047,3.1855815903417484,0,1,1,33.010236690546094,0.3009
1707,1965057,2.5713552151899655,2.1652821186146785,0.0537263371106876,2.059980432856473,2.270583804372884,2.27703761098106,0.297907501081865,1.6744628135319304,2.8796124084301895,2.27703761098106,0.2648063107153116,1.7394522201471823,2.8146230018149376,0,1,1,24.293058498136556,0.4429
1708,1966057,2.5757518869166782,2.401546860578952,0.04446221889247981,2.314402512876955,2.4886912082809487,2.4306495186481323,0.2917326304783317,1.8405645759011713,3.0207344613950933,2.4306495186481323,0.2650181324759302,1.892634106778647,2.9686649305176176,0,1,1,35.52784894834729,0.2735
1709,1967057,2.5746956404822368,2.4149486931190793,0.05396026091274589,2.309188525133713,2.5207088611044455,2.5735861494689636,0.33441019683040496,1.8971776807723977,3.2499946181655295,2.5735861494689636,0.33423017786599274,1.8950628155226896,3.2521094834152375,0,1,1,38.36570987138046,0.248
1710,1968057,2.578437982469107,2.353613386389588,0.04880738205547625,2.2579526753811683,2.449274097398008,2.5312579761166307,0.24705486424082385,2.0315423454658017,3.0309736067674597,2.5312579761166307,0.2056217818996006,2.1138235664612886,2.948692385771973,0,1,1,17.748727017525916,0.4274
1711,1969057,2.5744763949772045,2.7869610161732803,0.05916871028729968,2.670992474998488,2.9029295573480725,2.996822087040547,0.36650532934374686,2.255495085231868,3.738149088849226,2.996822087040547,0.32886057636968646,2.3291996236634693,3.664444550417625,0,1,1,30.891530188304156,0.391
1712,1970057,2.5759613003839683,2.2899415965244994,0.0504976946363157,2.190967933735019,2.3889152593139795,2.4559271117329167,0.29976781905397965,1.8495894660132095,3.062264757452624,2.4559271117329167,0.2877394651210944,1.87178494232007,3.0400692811457635,0,1,1,32.46801667477955,0.3184
1713,1971057,2.5717372541513885,2.839049537440681,0.04354513591463056,2.7537026393461037,2.9243964355352583,3.1535293700842835,0.2938116424521741,2.5592392286951835,3.7478195114733834,3.1535293700842835,0.2568443996021313,2.6321075181252978,3.674951222043269,0,1,0,34.79051841319106,0.3153
1714,1972057,2.5700155870355905,1.8814153775981572,0.05114597966255791,1.7811710995055257,1.9816596556907888,2.2374864752533816,0.29097790599944473,1.6489281068569948,2.8260448436497683,2.2374864752533816,0.27960955453613395,1.6698489017750295,2.8051240487317335,0,1,1,29.88690974014809,0.3399
1715,1973057,2.5763225104964973,2.758667090064276,0.04337554879041776,2.6736525766253973,2.8436816035031547,2.6058510737767673,0.23449131720421212,2.1315476156403474,3.080154531913187,2.6058510737767673,0.21270674951932023,2.1740334151852356,3.037668732368299,0,1,1,24.047646370011424,0.3678
1716,1974057,2.5783726327674814,2.301937048960483,0.05871527963666827,2.186857215530415,2.4170168823905507,2.6128942621997413,0.3648764388287127,1.8748620024455556,3.350926521953927,2.6128942621997413,0.3153806958224435,1.9726374111934892,3.2531511132059934,0,1,1,28.85147008230516,0.3451
1717,1975057,2.5775141232615093,2.6876614648143713,0.04485935106214249,2.5997387523627333,2.7755841772660093,2.764922311028661,0.21932238105997415,2.3213009222978087,3.208543699759513,2.764922311028661,0.2062214016356107,2.3462706085933096,3.1835740134640123,0,1,1,21.133016645753838,0.3782
1718,1976057,2.5756697039515832,2.6103251087590085,0.050203762586728665,2.511927542200621,2.708722675317396,2.9068086136654516,0.35869568817574055,2.181278102136044,3.6323391251948594,2.9068086136654516,0.31099887853122654,2.2754473246822435,3.5381699026486597,1,1,1,38.37471045360793,0.3802
1719,1977057,2.572390355686276,2.2036743691760035,0.0569482163312483,2.092057916182961,2.315290822169046,2.4634723658229136,0.34649553550956297,1.7626189923144457,3.1643257393313817,2.4634723658229136,0.28139281572363983,1.8922145796696648,3.0347301519761625,0,1,1,24.415507623657003,0.3185
1720,1978057,2.5717476471574385,2.1934464343742492,0.06031429632558499,2.075232585823226,2.3116602829252724,2.297579649271471,0.40094887025782544,1.4865840100019705,3.1085752885409716,2.297579649271471,0.33792392674489163,1.6115576064411785,2.9836016921017636,0,1,1,31.390436551919773,0.3824
1721,1979057,2.578265414006895,2.9305033988649565,0.05268361247596727,2.8272454158365954,3.0337613818933176,3.0099987958687393,0.33817890706530546,2.3259673911997902,3.6940302005376884,3.0099987958687393,0.2766565982693735,2.4483560423193143,3.5716415494181644,0,1,1,27.575981059501263,0.3002
1722,1980057,2.579378541738459,2.3342711118639725,0.046597891404425204,2.2429409229557904,2.4256013007721546,2.28331038999658,0.21434273039086532,1.8497612954590894,2.716859484534071,2.28331038999658,0.20959021782269244,1.857819627111016,2.708801152882144,0,1,1,20.230633767231627,0.3475
1723,1981057,2.574742820548352,2.0548205806703455,0.052156378147886866,1.9525959579364354,2.1570452034042558,2.456748718619407,0.4445379896653367,1.557585763311935,3.3559116739268786,2.456748718619407,0.3390463499011343,1.7684480356407744,3.1450494015980395,0,1,1,42.25745090751731,0.3973
1724,1982057,2.5807357106178173,2.287420310117316,0.04893626662519144,2.191506989994091,2.3833336302405406,2.5916693310646717,0.3523815645924867,1.8789103399751017,3.3044283221542416,2.5916693310646717,0.2986919857025203,1.985292362785147,3.1980462993441963,0,1,1,37.25507763177039,0.3713
1725,1983057,2.5732712861017357,2.542399597669241,0.04642384046979444,2.451410542324411,2.633388653014071,2.8843996815309456,0.25230537096303496,2.3740638986075084,3.394735464454383,2.8843996815309456,0.20370381992207234,2.4708589416922666,3.2979404213696246,1,1,1,19.253789345289604,0.3695
1726,1984057,2.576543267975115,2.5141720823177636,0.05336498596304599,2.409578631794708,2.6187655328408193,2.577853237057161,0.2587523871036476,2.0544771331247764,3.101229340989546,2.577853237057161,0.25152683999805275,2.067226605009359,3.0884798691049635,1,1,1,22.215488646367522,0.3961
1727,1985057,2.576950041421208,2.637124674787164,0.05647087801862256,2.526443787695309,2.747805561879019,2.9493772146225194,0.243657012291977,2.4565343882562525,3.4422200409887864,2.9493772146225194,0.23732607635783656,2.4675796654279294,3.4311747638171095,1,1,1,17.66207960764748,0.3134
1728,1986057,2.5744826990950718,2.649839093078993,0.052714241683683716,2.546521077906633,2.753157108251353,2.956839836171871,0.3162279312755693,2.317208470918768,3.596471201424974,2.956839836171871,0.2793369122333552,2.389755755993966,3.5239239163497755,1,1,1,28.08023445372274,0.3223
1729,1987057,2.5741440156067767,1.7663072231643242,0.044440885330130235,1.6792046884761944,1.853409757852454,1.8629609677773287,0.3231604576094868,1.2093072444556952,2.516614691098962,1.8629609677773287,0.30212893222334775,1.2496066271169002,2.476315308437757,0,0,0,46.2188597891029,0.4429
1730,1988057,2.57550835384629,2.098626293994517,0.05420201576649673,1.9923922952027113,2.204860292786323,2.3348912739627097,0.31349282292522296,1.7007921875351693,2.96899036039025,2.3348912739627097,0.30539123828840214,1.714914099895235,2.9548684480301843,0,1,1,31.74550714604555,0.3693
1731,1989057,2.576384278644349,2.565242870876455,0.05485478083392845,2.4577294760621173,2.6727562656907926,2.8043099682696426,0.361044520981996,2.0740284939503377,3.5345914425889475,2.8043099682696426,0.3197614320759212,2.1551597498636315,3.453460186675654,1,1,1,33.97998572682561,0.3243
1732,1990057,2.573518479456593,2.840480879622336,0.03998703391033806,2.7621077333094917,2.9188540259351807,2.9886498078763006,0.22241497575838365,2.5387730559296218,3.4385265598229795,2.9886498078763006,0.1834836212946979,2.616158253581851,3.36114136217075,0,1,0,21.055047421417914,0.3783
1733,1991057,2.5763735482372385,1.9520148316162662,0.045093260494157864,1.863633665102234,2.0403959981302986,2.0508086801493657,0.27975921872814924,1.4849422486313602,2.616675111667371,2.0508086801493657,0.25865957946571555,1.525701817158117,2.5759155431406144,0,1,0,32.90287576060739,0.2729
1734,1992057,2.575252917104022,2.8836370114272127,0.046434723233377995,2.7926266262577064,2.974647396596719,2.7559634651343563,0.26685773302051297,2.2161927516121707,3.295734178656542,2.7559634651343563,0.2525644470847555,2.24323037871343,3.2686965515552826,0,1,1,29.584123655275853,0.3588
1735,1993057,2.5732715152443917,2.70046706068138,0.05362400246974022,2.595365947133802,2.805568174228958,3.2130028507593593,0.36763542668200994,2.469390011325818,3.956615690192901,3.2130028507593593,0.3203276838763503,2.562703080083911,3.8633026214348076,0,1,1,35.68375052165074,0.3782
1736,1994057,2.5749081110154823,2.4262122147110596,0.048398425855174274,2.331353043126486,2.5210713862956333,2.6106009275754056,0.23031583600200276,2.144743177353479,3.076458677797332,2.6106009275754056,0.2268004097314425,2.1501716176491783,3.071030237501633,0,1,1,21.959639005472848,0.3747
1737,1995057,2.579216664642956,2.7098327371923427,0.04705561376483664,2.6176054289428357,2.80206004544185,2.878650250763975,0.257028981528987,2.3587600636389965,3.398540437888953,2.878650250763975,0.22059563719259878,2.430817298761844,3.3264832027661058,0,1,1,21.97712877936022,0.3567
1738,1996057,2.573673285866365,2.788257246318117,0.05890745784350904,2.672800750524028,2.9037137421122066,2.8225752542479405,0.34208477081498484,2.1306434944376145,3.5145070140582666,2.8225752542479405,0.3078509271630392,2.197604646295036,3.4475458622008452,0,1,1,27.311174025814314,0.3942
1739,1997057,2.5751466046053277,1.4582262178268623,0.05098102920178933,1.3583052366965704,1.5581471989571543,1.6154386936003613,0.2554925460928588,1.0986562404812623,2.13222114671946,1.6154386936003613,0.20439148543118926,1.2005019185596395,2.030375468641083,0,0,0,16.0734240491626,0.3593
1740,1998057,2.5709855602535745,2.6655825607868557,0.05801182889191631,2.5518814654813995,2.779283656092312,3.0983278439927475,0.3124933203904601,2.4662504422668254,3.7304052457186696,3.0983278439927475,0.2777629204963638,2.5344391369191097,3.6622165510663853,1,1,1,22.92532098162557,0.3691
1741,1999057,2.577052022388094,2.3197940201151637,0.04348882693605836,2.234557485590594,2.4050305546397333,2.5205163089518345,0.19484183651243991,2.1264114953948354,2.9146211225088337,2.5205163089518345,0.18920784802659685,2.1364039565858546,2.9046286613178145,0,1,1,18.928792310016387,0.3926
1742,2000057,2.576944751924254,2.190514473021999,0.057324198412559216,2.078161108690755,2.302867837353243,2.3214717360774424,0.3724937813022435,1.5680319468672357,3.074911525287649,2.3214717360774424,0.3351104443504253,1.641161366162149,3.001782105992736,0,1,1,34.174325076161644,0.2735
1743,2001057,2.573628591335271,2.1727685578677796,0.04852297763911155,2.0776652692724786,2.2678718464630805,2.3946783698002743,0.2863577692562878,1.8154651100435992,2.9738916295569493,2.3946783698002743,0.2603529820876916,1.8661337167204322,2.9232230228801166,0,1,1,28.789241674104126,0.3712
1744,2002057,2.5747774589815857,2.5375074686762966,0.05318627316039428,2.4332642888100144,2.641750648542579,2.333148474203235,0.2643879298796055,1.7983734090684411,2.8679235393380287,2.333148474203235,0.2416811916409558,1.84250957094394,2.8237873774625295,1,1,1,20.64840870069371,0.3263
1745,2003057,2.5736728844727437,2.3606586930160027,0.04981261013767026,2.2630277711702345,2.458289614861771,2.468549227048157,0.29252034301455526,1.8768709853065775,3.0602274687897366,2.468549227048157,0.2645120899658805,1.9315611360903553,3.005537318005959,0,1,1,28.197620158299568,0.3553
1746,2004057,2.576421256969381,2.2763023572631793,0.051504984367056916,2.175354442879449,2.3772502716469095,2.670450738087842,0.38130386511632247,1.899190872342135,3.4417106038335494,2.670450738087842,0.287390244309195,2.0870175246139424,3.253883951561742,0,1,1,31.1347601025973,0.4048
1747,2005057,2.5760551090145807,2.7353203361758016,0.04916966653550759,2.6389495606343623,2.831691111717241,2.7248144856747905,0.2684802635738126,2.1817618943349633,3.2678670770146176,2.7248144856747905,0.2167765930301089,2.2847346055052684,3.1648943658443125,0,1,1,19.43704530414469,0.3713
1748,2006057,2.5747492627420003,2.305601871291019,0.05449413093261453,2.1987953372942846,2.4124084052877537,2.515197970003014,0.329037941151014,1.849655914089268,3.18074002591676,2.515197970003014,0.31528597208451475,1.8751334184081245,3.1552625215979035,0,1,1,33.47417133792055,0.4059
1749,2007057,2.5738008112385375,2.714333382899397,0.05017153012690648,2.615998990801394,2.8126677749974,2.6850451596577174,0.355725118614025,1.9655231922081295,3.4045671271073052,2.6850451596577174,0.3099913341255761,2.0557292945604844,3.3143610247549504,0,1,1,38.17547186342618,0.3467
1750,2008057,2.5756776171308524,1.8241698518802714,0.052161502899242596,1.7219351848182742,1.9264045189422685,1.9377918121823816,0.25933641515617717,1.4132344000110983,2.462349224353665,1.9377918121823816,0.2642407969431822,1.4013544753408387,2.4742291490239245,0,0,0,25.662534666579994,0.3476
1751,2009057,2.574825113371178,2.862066095173416,0.05125994761141012,2.761598444005642,2.96253374634119,2.937663954141037,0.28022858454081484,2.370848140655577,3.504479767626497,2.937663954141037,0.2784561886069121,2.372367837979772,3.502960070302302,0,1,1,29.509199793653355,0.3818
1752,2010057,2.5753611570511694,2.8492712058272205,0.0490320984575321,2.7531700587640358,2.945372352890405,3.300817644764254,0.3371860486083221,2.618794485881127,3.9828408036473806,3.300817644764254,0.28228713048893633,2.7277443031156254,3.8738909864128823,0,0,0,33.14524223117715,0.3321
1753,2011057,2.575599061168378,2.613639880627476,0.057058966700416394,2.5018063608995895,2.7254734003553622,2.8613468357859735,0.35987331104178055,2.1334343571781993,3.5892593143937477,2.8613468357859735,0.31067385823633076,2.2306453730802756,3.4920482984916714,1,1,1,29.64569366427598,0.3421
1754,2012057,2.5714900716360303,2.327080121177714,0.054892355327407105,2.219493081709421,2.4346671606460073,2.2902332684249167,0.3031608688609704,1.6770325316693768,2.903434005180457,2.2902332684249167,0.28432911384845727,1.7130144801687694,2.867452056681064,0,1,1,26.829892410603833,0.3978
1755,2013057,2.573653768673841,2.6161958074644893,0.049988148091011375,2.5182208375522523,2.7141707773767263,3.062447813084468,0.2508698518207794,2.5550156416956096,3.569879984473326,3.062447813084468,0.2292539715102262,2.5970375079386794,3.5278581182302564,1,1,0,21.0329234112671,0.3097
1756,2014057,2.575537091329275,2.564957722223995,0.05356392578473067,2.4599743568153465,2.6699410876326435,2.7967756927848284,0.34081901554053606,2.1074041646751187,3.486147220894538,2.7967756927848284,0.3054918704240919,2.176594224620853,3.4169571609488036,1,1,1,32.527786877433634,0.4369
1757,2015057,2.5756278971489563,2.25467101448505,0.05493503094846522,2.1470003323364653,2.362341696633635,2.4112221309168125,0.2733732555867064,1.858272529060693,2.964171732772932,2.4112221309168125,0.27406268500959385,1.8548453012412596,2.9675989605923654,0,1,1,24.888634468626222,0.3295
1758,2016057,2.5727020351594474,2.4101290513393105,0.04976921305734916,2.3125831862080055,2.5076749164706156,2.7053997700484516,0.27699753139669536,2.1451193784197584,3.2656801616771447,2.7053997700484516,0.26756579861572866,2.1622123209500264,3.2485872191468768,0,1,1,28.90278225045541,0.3694
1759,2017057,2.575929705321517,3.009702761425035,0.054594370187886154,2.902699762098131,3.116705760751939,2.9272899450558514,0.31619531257780203,2.2877245573465457,3.566855332765157,2.9272899450558514,0.3117869299872927,2.294328826563814,3.560251063547889,0,1,1,32.61520337874315,0.3738
1760,2018057,2.572624518355905,2.291479859351038,0.051636642973314405,2.190273898840789,2.3926858198612875,2.4877386949809144,0.2406652657999923,2.0009472470790364,2.9745301428827924,2.4877386949809144,0.21643979608687286,2.0483425489560663,2.9271348410057625,0,1,1,17.569452666088097,0.3265
1761,2019057,2.577364094496911,2.24819080515973,0.043478418725404394,2.1629746703531856,2.3334069399662747,2.257622929406155,0.2947156273716399,1.6615043059286019,2.8537415528837085,2.257622929406155,0.28406383044268363,1.6809426950953021,2.834303163717008,0,1,1,42.68589545750847,0.3298
1762,2020057,2.572942859797845,2.525670774661636,0.049919134101724945,2.42783106968283,2.623510479640442,2.634436331042159,0.30190074343353956,2.023784438546791,3.245088223537527,2.634436331042159,0.24436391112668548,2.1383512176856128,3.1305214443987053,1,1,1,23.962937121606533,0.3808
1763,2021057,2.574114435958002,2.092772921122391,0.050465385173661226,1.9938625837160733,2.1916832585287085,2.4418975653110597,0.3077389128961625,1.8194368604540083,3.0643582701681114,2.4418975653110597,0.2522583272229141,1.9297859352486526,2.954009195373467,0,1,1,24.986408640219473,0.3311
1764,2022057,2.573912809275742,2.6705436398227413,0.054918233203152644,2.5629058806499905,2.778181398995492,2.9719204760488545,0.3204010258349167,2.323848230322105,3.619992721775604,2.9719204760488545,0.27082701033557216,2.422112415182272,3.521728536915437,1,1,1,24.319286960262353,0.2989
1765,2023057,2.574638491329357,2.3734730720703534,0.04510962680426015,2.285059828177961,2.461886315962746,2.6044584158451034,0.313134315514186,1.9710844791026334,3.2378323525875734,2.6044584158451034,0.2639876336172449,2.0685350278786876,3.140381803811519,0,1,1,34.247486071421775,0.3343
1766,2024057,2.574886081880524,2.4824711909004358,0.0485206888385254,2.3873723882718516,2.57756999352902,2.503784819927828,0.2835038021794301,1.9303442534635966,3.077225386392059,2.503784819927828,0.26957784114866756,1.9565127073313064,3.0510569325243493,1,1,1,30.868424672559165,0.3477
1767,2025057,2.5756489859262963,2.6612602917243646,0.048343838325227456,2.5665081097324918,2.7560124737162375,2.7219241129854708,0.31991097327508317,2.0748430921218373,3.3690051338491043,2.7219241129854708,0.25836563752842845,2.197413983851554,3.2464342421193875,1,1,1,28.561910032851166,0.328
1768,2026057,2.574893020687357,2.412145136097066,0.049461021980275216,2.3152033143771824,2.5090869578169492,2.7433039736260985,0.38887404265979303,1.9567319785001471,3.52987596875205,2.7433039736260985,0.3523919071870788,2.027910368994351,3.458697578257846,0,1,1,50.76047540847889,0.3659
1769,2027057,2.576702764484741,2.513811555970272,0.056790307625924005,2.4025045983525106,2.6251185135880335,2.8559777385318945,0.37619503416427835,2.09505145876489,3.616904018298899,2.8559777385318945,0.3507108871742669,2.143996785955704,3.567958691108085,1,1,1,38.13730969351893,0.4362
1770,2028057,2.5760711737697943,1.8490762578908502,0.057410885122451474,1.7365529907302788,1.9615995250514215,2.116770118906304,0.32625205695478804,1.4568630456605383,2.77667719215207,2.116770118906304,0.2697906298628937,1.56906602225399,2.6644742155586183,0,1,1,22.08336440494021,0.3949
1771,2029057,2.577678439790609,2.600299831216641,0.05304829868962061,2.4963270763438614,2.7042725860894206,2.8626889358111924,0.2779224767505133,2.3005376656138017,3.424840206008583,2.8626889358111924,0.21880408120260408,2.418493035828254,3.306884835794131,1,1,1,17.012491304683294,0.3947
1772,2030057,2.5763403843591117,2.480396638603982,0.055259607602035396,2.372089797904177,2.588703479303787,2.751169095736209,0.36744491748752633,2.0079415975205333,3.494396593951885,2.751169095736209,0.35247706320452055,2.035602615198315,3.4667355762741034,1,1,1,40.68610628965542,0.3356
1773,2031057,2.573375544203459,2.4157363188443135,0.04478817282941815,2.3279531131652984,2.5035195245233286,2.4220961466155417,0.26771083786411354,1.880599865672366,2.9635924275587175,2.4220961466155417,0.2532178636825493,1.908036553978984,2.9361557392520994,0,1,1,31.964063894211648,0.367
1774,2032057,2.574213261322396,2.6752335476003544,0.050498299563166295,2.5762586991760337,2.774208396024675,2.8125423385119803,0.2953174032530921,2.2152065084231163,3.4098781686008444,2.8125423385119803,0.26424073836115736,2.2761051205982703,3.3489795564256903,0,1,1,27.380794126409636,0.3886
1775,2033057,2.5721792333516236,2.0914030173192013,0.044375331368775875,2.00442896603437,2.1783770686040325,2.246650591316749,0.28326637816209776,1.6736902602565746,2.8196109223769237,2.246650591316749,0.25496633997414986,1.7290414030982553,2.764259779535243,0,1,1,33.01280915027712,0.3142
1776,2034057,2.574512645747407,2.09927872497615,0.05426421727616226,1.992922813465616,2.2056346364866846,2.366627505894669,0.419944656188491,1.5172092629042493,3.216045748885089,2.366627505894669,0.3865080127809988,1.5819745248156787,3.1512804869736595,0,1,1,50.73292679713095,0.4152
1777,2035057,2.5754940679868,2.388954982422974,0.05091786451414494,2.28915780180556,2.488752163040388,2.549919948343937,0.28679211276896566,1.9698281459079916,3.130011750779883,2.549919948343937,0.2836047821922251,1.9741716315257896,3.125668265162085,0,1,1,31.023210323149115,0.342
1778,2036057,2.5724644096082905,2.7361734297660867,0.04710059957849474,2.6438579509419946,2.8284889085901788,2.863981462696586,0.2922298285731125,2.272890841877852,3.4550720835153195,2.863981462696586,0.28736281396780716,2.2806039357762122,3.4473589896169594,0,1,1,37.222733618749146,0.42
1779,2037057,2.5771233232902366,2.3544479747062943,0.05080247730285206,2.254876948867291,2.4540190005452978,2.648653703157337,0.29972806040381983,2.0423964768983014,3.254910929416373,2.648653703157337,0.2707975168825115,2.0989055171836446,3.1984018891310297,0,1,1,28.413162453387574,0.3477
1780,2038057,2.5754989029266913,2.3065893010324423,0.04494337618725811,2.218501902361781,2.3946766997031035,2.4454215342397614,0.2727465640228586,1.8937395357195004,2.9971035327600224,2.4454215342397614,0.25463768959162675,1.9284795417684504,2.9623635267110724,0,1,1,32.1006615327875,0.4068
1781,2039057,2.57660901280858,2.323406706055535,0.045917257778256615,2.23341053454131,2.4134028775697596,2.602426820777442,0.3016561622355239,1.9922696404505118,3.2125840011043723,2.602426820777442,0.26308057477177765,2.068344860164599,3.136508781390285,0,1,1,32.82658287673793,0.3543
1782,2040057,2.572784578207283,2.1700256502693116,0.04926169474509472,2.07347450275152,2.266576797787103,2.2743046752503266,0.29355696744955084,1.6805296626765933,2.8680796878240598,2.2743046752503266,0.2808807503263719,1.704086437119854,2.844522913380799,0,1,1,32.51062028743273,0.3018
1783,2041057,2.573029607513763,2.601897456183078,0.049907023144271125,2.5040814882447,2.699713424121456,2.721190431784691,0.32811246582632475,2.0575203264069124,3.38486053716247,2.721190431784691,0.30071791682549676,2.110700604670323,3.331680258899059,1,1,1,36.30741060846126,0.351
1784,2042057,2.576354417293764,2.549696683071651,0.056286994389460124,2.439376201270301,2.6600171648730013,2.6282786543624326,0.32494123056208607,1.9710229777589297,3.2855343309659357,2.6282786543624326,0.3126603284968068,1.9935444426317086,3.2630128660931565,1,1,1,30.85527646018751,0.394
1785,2043057,2.577158814536134,2.3453886807138975,0.05394957995255937,2.239649447025817,2.451127914401978,2.4785874104235246,0.28594938703211725,1.9002001816835836,3.0569746391634656,2.4785874104235246,0.23615151356067193,1.9991743504756863,2.958000470371363,0,1,1,19.16043354055458,0.3516
1786,2044057,2.5733010086893926,1.940755893704072,0.06294919301826361,1.8173777425324151,2.064134044875729,2.354906014966043,0.49002256608600897,1.363741819930759,3.3460702100013267,2.354906014966043,0.47033312413997685,1.4000790107307233,3.3097330192013623,0,1,1,55.82526556513052,0.2452
1787,2045057,2.57736891906631,2.2067015955421563,0.056746800447434506,2.0954799104273034,2.317923280657009,2.3797142773301814,0.3758258469696008,1.6195347491496448,3.139893805510718,2.3797142773301814,0.34439721434414783,1.6805507620227944,3.0788777926375683,0,1,1,36.83294974954724,0.3777
1788,2046057,2.5751167117440166,2.362240538295563,0.05888287647410081,2.2468322211002048,2.4776488554909215,2.7641073028056753,0.3097858302298612,2.1375063168436856,3.390708288767665,2.7641073028056753,0.2934963129612611,2.1682781109507756,3.359936494660575,0,1,1,24.844328595879542,0.3326
1789,2047057,2.574059937848949,2.148036610309008,0.056332136041627505,2.0376276524952073,2.258445568122809,2.4784675981564046,0.3350951336111806,1.8006737140525646,3.156261482260245,2.4784675981564046,0.31071719225109107,1.8476781627237786,3.1092570335890306,0,1,1,30.424127242676104,0.298
1790,2048057,2.5738630769092397,2.1119072630624247,0.05107277982584227,2.01180645401343,2.2120080721114195,2.548549944197206,0.29178140070924474,1.9583663543470093,3.138733534047403,2.548549944197206,0.24449555906298395,2.0521975713214426,3.0449023170729697,0,1,1,22.9172739944302,0.3411
1791,2049057,2.5731362822172525,2.6037806233913807,0.0514513468787426,2.502937836552968,2.7046234102297935,2.7934091020724057,0.28348672477969855,2.220003077909549,3.366815126235262,2.7934091020724057,0.2794529521624839,2.2260894483143834,3.360728755830428,1,1,1,29.500128492658092,0.3578
1792,2050057,2.5741921243648322,2.3635239623223323,0.04885609063871557,2.2677677842450255,2.459280140399639,2.2828340481382026,0.33149664808693724,1.6123187880301333,2.953349308246272,2.2828340481382026,0.30847543620816587,1.6565956194215223,2.909072476854883,0,1,1,39.86609971072235,0.2514
1793,2051057,2.571511165898804,2.7832288656053894,0.055850539125150575,2.6737638204029492,2.8926939108078296,3.124386598711106,0.35164452559223713,2.4131184097150538,3.835654787707158,3.124386598711106,0.3204744256378482,2.4737889264222352,3.7749842709999766,0,1,1,32.925472516688714,0.3441
1794,2052057,2.5742653758815357,2.2093787056211633,0.05123918508059357,2.108951748266018,2.309805662976309,2.4522579890852985,0.2884884498426765,1.8687350210530362,3.0357809571175607,2.4522579890852985,0.29294421987391384,1.8575496057841545,3.0469663723864424,0,1,1,32.68627562706765,0.4298
1795,2053057,2.573639641455185,2.3232363680944395,0.04251437005446332,2.2399097339622833,2.4065630022265956,2.4458279104092275,0.29828867992696373,1.8424821059712064,3.0491737148472486,2.4458279104092275,0.28754133518373304,1.8620879661530418,3.0295678546654132,0,1,1,45.74346653250003,0.3455
1796,2054057,2.57079557279769,2.7465060920731155,0.05098571044225432,2.6465759358801093,2.8464362482661216,2.780372481300192,0.3334046388750706,2.1059979455494515,3.4547470170509325,2.780372481300192,0.33039133259558096,2.109642417572707,3.451102545027677,0,1,1,41.99139869614794,0.3536
1797,2055057,2.575380283153919,2.318538810828052,0.05041724480258928,2.2197228268152376,2.4173547948408665,2.4661508974830997,0.3062179755318224,1.8467665788228436,3.085535216143356,2.4661508974830997,0.27187250916690103,1.91422036115006,3.0180814338161395,0,1,1,29.0785250095132,0.4098
1798,2056057,2.573486164593813,2.1436699041405793,0.06020809042844153,2.0256642153229034,2.2616755929582553,2.271668787815128,0.39201454582535505,1.4787445254518476,3.064593050178408,2.271668787815128,0.34840579604361116,1.564367419018621,2.9789701566116347,0,1,1,33.48582752842656,0.3213
1799,2057057,2.5738742374215033,2.1809730913866234,0.04809960817248016,2.086699591698074,2.275246591075173,2.321699202101399,0.3000241257630948,1.71484312712842,2.928555277074378,2.321699202101399,0.26500562289145596,1.7837091860385337,2.859689218164264,0,1,1,30.35478077406679,0.4254
1800,2058057,2.571565289078495,2.510355108564994,0.05063628434215532,2.41110981494344,2.609600402186548,2.488813850784419,0.29493498500932114,1.892251534604887,3.085376166963951,2.488813850784419,0.26450991193527496,1.9518301814638173,3.0257975201050202,1,1,1,27.287279666321684,0.3385
1801,2059057,2.5728728733879063,2.431728126039884,0.05463776014903984,2.324640083951828,2.5388161681279398,2.650083741661531,0.324867405645154,1.9929773900471788,3.307190093275883,2.650083741661531,0.31335123349172145,2.013946918222963,3.286220565100099,0,1,1,32.890997337697414,0.3725
1802,2060057,2.5764289003638385,2.435937153439016,0.053203621709227045,2.3316599710418378,2.5402143358361946,2.4349099208762106,0.354575609971781,1.7177130541197934,3.152106787632628,2.4349099208762106,0.30881405551102487,1.8079840584281377,3.0618357833242835,0,1,1,33.690831053960814,0.3537
1803,2061057,2.5747154757613577,2.3244106616434896,0.05028609136731888,2.225851733640254,2.4229695896467254,2.559375190425864,0.33431939768830965,1.8831503803295615,3.235600000522167,2.559375190425864,0.319684905993303,1.9103803282268943,3.2083700526248338,0,1,1,40.41555086251565,0.3919
1804,2062057,2.5744068917001846,2.3240382640711617,0.04901982531437093,2.22796117192655,2.4201153562157733,2.266798111401887,0.2945012219703548,1.67111316378272,2.862483059021054,2.266798111401887,0.28469605458381825,1.6888343938496853,2.8447618289540886,0,1,1,33.730235905936475,0.3728
1805,2063057,2.5742249632220084,2.3773402087861832,0.048476490189359366,2.2823280339181298,2.4723523836542367,2.5787925302179815,0.28525259135786013,2.0018147037614815,3.1557703566744815,2.5787925302179815,0.27149265951937873,2.02763312966592,3.129951930770043,0,1,1,31.365617860014517,0.376
1806,2064057,2.5759164979343505,2.283894034031487,0.055761174553592384,2.1746041401707945,2.3931839278921796,2.1934782388354384,0.2802532683451164,1.6266124976431457,2.7603439800277307,2.1934782388354384,0.2622593109122243,1.6610635324950602,2.7258929451758167,0,1,1,22.120656159551025,0.2934
1807,2065057,2.5746715262273403,2.5098094098538763,0.05108588987895454,2.409682905572946,2.6099359141348066,2.918066191463946,0.2639655686162903,2.3841454326214353,3.451986950306457,2.918066191463946,0.2514727672691545,2.407549332891782,3.42858305003611,1,1,1,24.231483093942817,0.2938
1808,2066057,2.5740070868557696,2.5578255150583464,0.05207854710993029,2.4557534383557105,2.6598975917609824,2.7772462442454406,0.31036542021574187,2.149472926881666,3.4050195616092154,2.7772462442454406,0.2672795062750989,2.2346399994975252,3.319852488993356,1,1,1,26.339868428501166,0.3587
1809,2067057,2.572958063990916,2.213162282254836,0.06026507141212426,2.095044912761338,2.331279651748334,2.4951788956330874,0.31265980600808274,1.8627647449600835,3.1275930463060915,2.4951788956330874,0.29279898211573163,1.9007653606563104,3.0895924306098643,0,1,1,23.60520487780629,0.3199
1810,2068057,2.569977419907233,2.543303311091511,0.05642535709988555,2.432711643360924,2.6538949788220982,2.775226861894191,0.4189786591649317,1.9277625323121073,3.622691191476275,2.775226861894191,0.3689224528499599,2.026274465453924,3.524179258334458,1,1,1,42.74856515870429,0.3272
1811,2069057,2.576140780173853,2.6648671481678297,0.06204265231551095,2.5432657841240878,2.7864685122115715,2.943573365278601,0.4247456213584456,2.084444253631501,3.8027024769257007,2.943573365278601,0.42957267952026534,2.0714944628247665,3.8156522677324354,1,1,1,47.93940002663944,0.3893
1812,2070057,2.568855125473289,1.9892895240579171,0.052223273835354606,1.8869337881858492,2.0916452599299853,2.0711813576246128,0.28276448357837103,1.499236204181758,2.6431265110674675,2.0711813576246128,0.27565940891214574,1.5115630060952627,2.6307997091539628,0,1,1,27.862331388138113,0.2889
1813,2071057,2.5714503546415672,2.4499012635219466,0.05394604716465781,2.344168953970918,2.555633573072975,2.705607229089689,0.3648804955980578,1.9675667637449843,3.443647694434394,2.705607229089689,0.33340965477440876,2.0287496455769523,3.382464812602426,0,1,1,38.197688977431795,0.2845
1814,2072057,2.569321286935546,2.2930843201189877,0.04492194149055475,2.2050389326818847,2.3811297075560907,2.4412134933690997,0.2489211400934446,1.9377229634968909,2.944704023241308,2.4412134933690997,0.25326249971875703,1.9270632847615508,2.9553637019766485,0,1,1,31.785184921812615,0.3656
1815,2073057,2.5765659589409307,2.470405741220304,0.0546422181327626,2.363308961644708,2.5775025207959006,2.7582165733290624,0.302907900658605,2.145527513059505,3.37090563359862,2.7582165733290624,0.27859079916539403,2.192647183205797,3.3237859634523277,1,1,1,25.994226389506135,0.3732
1816,2074057,2.5745794219717433,2.5207297577787116,0.04990784478251511,2.4229121794589665,2.6185473360984566,2.6436290762954715,0.2836219428691855,2.069949547730785,3.217308604860158,2.6436290762954715,0.25827115478700446,2.119310757324002,3.167947395266941,1,1,1,26.780222273003574,0.3794
1817,2075057,2.5757491138477455,1.676544461661731,0.05516575997974992,1.5684215589216401,1.784667364401822,1.8594740799031264,0.33321218864219804,1.1854888114909763,2.5334593483152767,1.8594740799031264,0.30423161585575975,1.241851064529936,2.4770970952763167,0,0,0,30.413715363628352,0.3891
1818,2076057,2.5701310031246023,2.858446061023209,0.04694012617931296,2.7664451042819898,2.950447017764428,2.864768095364841,0.2918528803222496,2.2744399243504514,3.455096266379231,2.864768095364841,0.24562986612952872,2.3661129567202144,3.363423234009468,0,1,1,27.382546742879683,0.3285
1819,2077057,2.5755191123507055,2.0521429977460888,0.053995686147711414,1.946313397576046,2.1579725979161313,1.9282445547573508,0.3361818823586916,1.2482525138295588,2.6082365956851428,1.9282445547573508,0.2831198155175248,1.3534807726304494,2.5030083368842524,0,1,0,27.4930172548404,0.3674
1820,2078057,2.5717940433500424,1.7587384207389813,0.05659324644192314,1.6478176959446125,1.8696591455333502,2.206731575324441,0.39989698946607055,1.397863565781384,3.015599584867498,2.206731575324441,0.37004176526830335,1.4555068538695062,2.9579562967793755,0,1,1,42.75355894919927,0.4361
1821,2079057,2.577060887882487,2.3286737997170723,0.05113937413224666,2.22844246822595,2.428905131208195,2.279771217185913,0.3211536622827784,1.6301766205499848,2.9293658138218412,2.279771217185913,0.26426711623882154,1.7432804493336267,2.8162619850381994,0,1,1,26.703945557334738,0.2778
1822,2080057,2.5788444190521638,2.3348632236571034,0.042140779061752315,2.252268814415609,2.4174576328985977,2.4144868878370307,0.2207020460333704,1.9680748632917973,2.860898912382264,2.4144868878370307,0.2168964375675937,1.9741637103218033,2.854810065352258,0,1,1,26.491083255378772,0.3997
1823,2081057,2.5769768430762667,2.5504273821074612,0.052878816733574446,2.446786805764561,2.6540679584503613,2.8068963252947716,0.27782629636221434,2.2449395982954785,3.3688530522940647,2.8068963252947716,0.2274390127069206,2.3451705824050215,3.2686220681845217,1,1,1,18.499775838660774,0.3421
1824,2082057,2.574551985063099,2.123732341467426,0.05315246426288918,2.019555425822611,2.2279092571122407,2.42608156048842,0.3349539072024626,1.7485733337591634,3.1035897872176768,2.42608156048842,0.31146514838189215,1.7937736933846713,3.058389427592169,0,1,1,34.337771613005295,0.3636
1825,2083057,2.5759192424060435,2.3575027364065018,0.04369680399746591,2.271858574331963,2.4431468984810407,2.392424278164899,0.26215079170011973,1.8621742521126188,2.9226743042171797,2.392424278164899,0.2443823851047784,1.8963016606389602,2.8885468956908382,0,1,1,31.278106270062278,0.2931
1826,2084057,2.57621000534938,2.688781831070248,0.051038790817326554,2.588747639253814,2.7888160228866816,2.8956235821865035,0.3085210301892884,2.2715808957822428,3.5196662685907643,2.8956235821865035,0.3127903705696482,2.260625371012698,3.530621793360309,0,1,1,37.558305971820374,0.4391
1827,2085057,2.576269327836989,1.7619184234020717,0.052405041024366016,1.6592064303859704,1.864630416418173,1.995449140184696,0.3479442361278795,1.2916654930897078,2.6992327872796844,1.995449140184696,0.2819924735376618,1.422973983948964,2.5679242964204283,0,1,0,28.955355639389886,0.3406
1828,2086057,2.57456370061779,2.382153020780404,0.04919197127838869,2.2857385287462333,2.4785675128145743,2.546248489643589,0.28656895145387634,1.9666080735733782,3.1258889057137997,2.546248489643589,0.27388633466793305,1.9902296701947915,3.1022673090923867,0,1,1,30.99932769882117,0.3982
1829,2087057,2.5773207949049137,2.5964139813406186,0.046857724090099,2.5045745297265096,2.6882534329547276,2.848826248818153,0.25206855228120406,2.3389694768921503,3.358683020744156,2.848826248818153,0.22141795185146634,2.3993239093075385,3.2983285883287676,1,1,1,22.328691669484495,0.3334
1830,2088057,2.5756181183019753,2.112335516816701,0.05560350036112902,2.003354658694528,2.2213163749388736,2.3588562856599635,0.35729562309897883,1.6361576730487823,3.0815548982711447,2.3588562856599635,0.3505442226236802,1.6472136801092774,3.07049889121065,0,1,1,39.744895844658835,0.3764
1831,2089057,2.578288940064249,2.540134137228547,0.04505006146718385,2.4518376392515506,2.628430635205543,2.6379231537286247,0.24390988935409721,2.1445688352249213,3.131277472232328,2.6379231537286247,0.22597435207075328,2.1791708300085544,3.096675477448695,1,1,1,25.160978341904432,0.349
1832,2090057,2.5730336009438677,1.6332448237676394,0.055916206185060616,1.5236510734928048,1.7428385740424739,1.7878052268411493,0.3395085399418927,1.1010843858257453,2.4745260678565533,1.7878052268411493,0.3154932352054405,1.1473199087412345,2.4282905449410643,0,0,0,31.834989271827975,0.3309
1833,2091057,2.5749943112543674,2.3512955909807816,0.056151281438306284,2.2412411016759286,2.4613500802856345,2.646183625516753,0.32261765909143936,1.9936278158289835,3.298739435204522,2.646183625516753,0.29801202660175036,2.041187047598587,3.2511802034349184,0,1,1,28.167495789835826,0.4103
1834,2092057,2.5721109218064586,2.3187342168977354,0.04709254144155825,2.2264345317318215,2.4110339020636493,2.5594338566212262,0.29882632655138164,1.9550005592378068,3.1638671540046457,2.5594338566212262,0.27616951418448804,1.9987799363342518,3.1200877769082007,0,1,1,34.39119088532766,0.3854
1835,2093057,2.575265605566143,2.278781355655717,0.054100877488629934,2.1727455842459884,2.3848171270654452,2.320394782601968,0.3329670351019775,1.6469053840296368,2.993884181174299,2.320394782601968,0.292809393912554,1.7259601105539146,2.9148294546500213,0,1,1,29.292834162153827,0.264
1836,2094057,2.5743439517086046,2.0719846497787735,0.04661458731987175,1.9806217374776274,2.1633475620799194,2.3952582731816117,0.30208826199338407,1.7842270885979077,3.0062894577653156,2.3952582731816117,0.3067379205538092,1.7725471887703,3.017969357592923,0,1,1,43.30033442895913,0.448
1837,2095057,2.5740256199007856,2.144786917603747,0.05208118170165389,2.042709677196219,2.246864158011275,2.1278009062874834,0.275121441127145,1.5713152654121791,2.6842865471627877,2.1278009062874834,0.24912230453096176,1.6220557407551817,2.633546071819785,0,1,1,22.880397552905336,0.2945
1838,2096057,2.572484349305472,2.1351351063994115,0.05279920069954867,2.031650574615794,2.238619638183029,2.525817208630465,0.30400592714898556,1.9109071801488549,3.140727237112075,2.525817208630465,0.25441277796963113,2.0093318110261227,3.042302606234807,0,1,1,23.21791111159917,0.3361
1839,2097057,2.572674945502231,2.425973268141621,0.05990641612349253,2.308558850096706,2.5433876861865357,2.4234432559085732,0.34136446723715397,1.7329684476047957,3.113918064212351,2.4234432559085732,0.2892650733374025,1.8362039371603958,3.0106825746567507,0,1,1,23.315531498688646,0.2313
1840,2098057,2.5759964742824843,2.6256167126517904,0.05045281721325858,2.526731007995221,2.7245024173083596,2.7169960535135877,0.32936220168416597,2.050798118763709,3.3831939882634665,2.7169960535135877,0.30444144824364094,2.098947055746156,3.3350450512810195,1,1,1,36.41134445954393,0.3844
1841,2099057,2.5775550166719556,1.876540766696908,0.05316894916178745,1.7723315412439635,1.9807499921498526,2.366790714997053,0.362382134207541,1.6338036625519172,3.099777767442189,2.366790714997053,0.32028240542245034,1.7165828644698462,3.01699856552426,0,1,1,36.28691180590649,0.4113
1842,2100057,2.5756099092052294,2.487321606972877,0.052693533758802494,2.3840441785874784,2.5905990353582755,2.554538973568171,0.34908750264374,1.8484428516723694,3.2606350954639725,2.554538973568171,0.29903646684974317,1.9474626713805367,3.161615275755805,1,1,1,32.205767758147296,0.413
1843,2101057,2.574074985960987,2.512811586618557,0.048712080884716694,2.41733766247251,2.608285510764604,2.5723947413511437,0.26993727106578896,2.026395074186871,3.1183944085154165,2.5723947413511437,0.26538643407756746,2.033631637480187,3.1111578452221003,1,1,1,29.681378944876506,0.3833
1844,2102057,2.5754615181077427,2.426518224322974,0.04229453456804723,2.343622459826717,2.5094139888192313,2.397573884219733,0.24145260423961828,1.9091898940050276,2.885957874434438,2.397573884219733,0.24228773587530586,1.9057036307014497,2.8894441377380162,0,1,1,32.81665889587515,0.3025
1845,2103057,2.5759821455940664,1.9902061354508407,0.04740057174785734,1.8973027219784335,2.083109548923248,2.188224068606123,0.2739180651111994,1.6341724854716617,2.7422756517405844,2.188224068606123,0.2504256990449575,1.6798328715373205,2.696615265674925,0,1,1,27.911978963666936,0.2569
1846,2104057,2.574587614963986,2.2577588554598673,0.05068806712972668,2.1584120694396547,2.35710564148008,2.3427961277565594,0.301851794351037,1.7322432441259135,2.953349011387205,2.3427961277565594,0.2810640001118297,1.7722058727837788,2.91338638272934,0,1,1,30.746733546717106,0.3511
1847,2105057,2.575471001776879,2.7706768611308172,0.04934546169603041,2.673961533406097,2.8673921888555376,2.7012047491212865,0.2615075257114783,2.1722558513433996,3.2301536468991734,2.7012047491212865,0.2272713577635288,2.2398193638613266,3.1625901343812464,0,1,1,21.212652596837405,0.34
1848,2106057,2.574252623798524,1.7187253291638946,0.05252927474835752,1.6157698425231046,1.8216808158046847,2.0070793097937956,0.3387816609674471,1.3218287202799681,2.692329899307623,2.0070793097937956,0.3355314132501264,1.325914327577672,2.6882442920099194,0,1,1,40.80031938597778,0.3348
1849,2107057,2.57486321412394,2.3228724083129815,0.045787897351893835,2.2331297785754525,2.4126150380505105,2.3601098780595064,0.2808983206254739,1.7919393954767857,2.928280360642227,2.3601098780595064,0.23028292769378403,1.892610680807655,2.827609075311358,0,1,1,25.294266113631444,0.4012
1850,2108057,2.574627903471598,2.1932446421419227,0.05599131293019439,2.08350368535163,2.3029855989322154,2.5373619585871507,0.4232197060442389,1.681319301990842,3.3934046151834596,2.5373619585871507,0.3796668615343784,1.7665972528922842,3.3081266642820175,0,1,1,45.97948281215501,0.3289
1851,2109057,2.579183351495555,2.1566848735714705,0.05655560446050443,2.0458379257049892,2.267531821437952,2.6304240145808135,0.3605529588054314,1.9011368186126791,3.359711210548948,2.6304240145808135,0.28843842319700874,2.0448628848365384,3.2159851443250886,0,1,1,26.010872999038757,0.327
1852,2110057,2.5762112529395442,2.644291347920941,0.054451004723834795,2.5375693397402044,2.7510133561016774,2.5695805556687836,0.30136342502862384,1.9600154922322073,3.17914561910536,2.5695805556687836,0.2756112045647446,2.0100600641672686,3.1291010471702987,1,1,1,25.62016621343123,0.372
1853,2111057,2.5742164492444664,2.604850830624777,0.04828284720263685,2.510218189036558,2.6994834722129957,2.7306453977403877,0.3646743086654177,1.9930219848321644,3.468268810648611,2.7306453977403877,0.3210399847337181,2.0788995794470977,3.3823912160336778,1,1,1,44.21122085676543,0.3241
1854,2112057,2.5753767872173747,2.5415386537336815,0.0554762591997636,2.432807183705136,2.650270123762227,2.7713055237446027,0.40077688619825963,1.9606577550707769,3.5819532924184285,2.7713055237446027,0.3781024021341647,2.0037168394815357,3.5388942080076697,1,1,1,46.452012661597266,0.3709
1855,2113057,2.574953701645,2.2386459426270564,0.056140523707141086,2.1286125380878427,2.34867934716627,2.7216470600543294,0.37963622945275405,1.9537603058232516,3.4895338142854073,2.7216470600543294,0.3180708146178119,2.0759289775536645,3.3673651425549944,0,1,1,32.099238013879045,0.3465
1856,2114057,2.5764853570383583,2.663327877359415,0.05286380089272114,2.5597167315237854,2.766939023195045,3.102346595565373,0.3978295977160018,2.297660280543339,3.907032910587407,3.102346595565373,0.31984694693354726,2.453022772768912,3.751670418361834,1,1,1,36.607295755199566,0.2763
1857,2115057,2.575904144548456,2.5619048187499804,0.050443508527031035,2.4630373587831604,2.6607722787168004,2.853933309458168,0.3019541968368159,2.243173297249348,3.464693321666988,2.853933309458168,0.27674210365947927,2.2921169707383813,3.415749648177955,1,1,1,30.09815708184638,0.3798
1858,2116057,2.574095498960322,2.2718711176230606,0.054383634033479546,2.1652811535690337,2.3784610816770875,2.4851658547175144,0.3376657086793456,1.8021724917640243,3.1681592176710045,2.4851658547175144,0.3222366129365689,1.830990752022449,3.1393409574125797,0,1,1,35.10858437665314,0.3263
1859,2117057,2.576061849210077,2.2678777266703816,0.04749935783765969,2.174780696019788,2.360974757320975,2.3287708899246633,0.26471360870832644,1.7933370771801673,2.8642047026691593,2.3287708899246633,0.24744900164405226,1.8264227098494408,2.831119069999886,0,1,1,27.13913087538502,0.3468
1860,2118057,2.573960809149247,2.6972209386323795,0.053966250369869885,2.5914490315267633,2.802992845737996,2.8493517131012385,0.2885577799733091,2.265688511643261,3.433014914559216,2.8493517131012385,0.281032774240737,2.2788248500169295,3.4198785761855475,0,1,1,27.118736632348234,0.3608
1861,2119057,2.574413705199873,2.341438672697323,0.060509872161661975,2.2228415025513426,2.460035842843303,2.511171843078152,0.30971724900581404,1.8847095757353278,3.1376341104209766,2.511171843078152,0.30253722650135434,1.8969886209668831,3.1253550651894213,0,1,1,24.99799469686722,0.3686
1862,2120057,2.5743229845051783,2.2268504526599084,0.05825112424125354,2.1126803470880833,2.3410205582317336,2.4224845910487502,0.29789811528153615,1.8199287781727231,3.0250404039247774,2.4224845910487502,0.27688124410792764,1.860385782201428,2.9845833998960725,0,1,1,22.59323669434892,0.3146
1863,2121057,2.5738332921532074,2.261221954794624,0.047509446242602865,2.168105151233681,2.3543387583555675,2.409508256858908,0.2883141526912267,1.8263378380922717,2.9926786756255446,2.409508256858908,0.2792494805110389,1.8426016725136587,2.9764148412041576,0,1,1,34.54815114117299,0.2806
1864,2122057,2.57449562780183,2.418597170781611,0.04808760114227749,2.32434720443982,2.5128471371234022,2.852293761119706,0.3253520163857995,2.1942071917604977,3.510380330478914,2.852293761119706,0.27735070730200856,2.2892418913200583,3.4153456309193535,0,1,1,33.26536782929075,0.3804
1865,2123057,2.5748691149403427,2.356072758379168,0.0591916285398782,2.240059298254734,2.4720862185036023,2.610826844031958,0.37575837869040196,1.8507837833271474,3.3708699047367685,2.610826844031958,0.3499430607832631,1.900404661899664,3.321249026164252,0,1,1,34.952174051383935,0.3722
1866,2124057,2.5771357147894274,2.8028304263532062,0.04473295226381805,2.7151554509939735,2.890505401712439,2.8743714478513316,0.3216631972824171,2.223746219398193,3.52499667630447,2.8743714478513316,0.31144673066848483,2.2421009706935915,3.5066419250090717,0,1,1,48.47439860435311,0.316
1867,2125057,2.5712901755477966,1.8951777952922764,0.058865687387073706,1.779803168088418,2.0105524224961346,2.068689520478995,0.30145655281034894,1.4589360883239202,2.67844295263407,2.068689520478995,0.2831600132958308,1.4938441325236567,2.6435349084343334,0,1,1,23.138724149661737,0.4099
1868,2126057,2.573766122508373,2.179797396747379,0.04623399558000211,2.089180430549191,2.2704143629455675,2.476250572034406,0.20245339960705244,2.066749918918647,2.8857512251501647,2.476250572034406,0.1920084350861807,2.0864527256750094,2.8660484183938024,0,1,1,17.247166730655014,0.3065
1869,2127057,2.5741938848879387,2.349414440073994,0.0434491707885805,2.2642556301702466,2.4345732499777415,2.350500158501043,0.2707850489937327,1.8027856986197108,2.898214618382376,2.350500158501043,0.26621365097757055,1.8100577150430077,2.890942601959079,0,1,1,37.54029301680669,0.4107
1870,2128057,2.575335581150439,2.338126110793549,0.05484237348019867,2.230637033945665,2.4456151876414327,2.5889339462317262,0.3800743692948073,1.820160970520421,3.3577069219430316,2.5889339462317262,0.3194461184985237,1.9404238484190748,3.237444044044378,0,1,1,33.9283505773765,0.3294
1871,2129057,2.5754631975011977,2.679857948996548,0.049473665755261055,2.582891345933064,2.7768245520600323,2.784238565067775,0.29774017598398983,2.182002214574812,3.386474915560738,2.784238565067775,0.2647302236037756,2.246807639282264,3.321669490853286,0,1,1,28.632473778400158,0.4113
1872,2130057,2.574077171325415,2.669561043416257,0.05188829490431656,2.5678618541846037,2.7712602326479105,2.944063769450973,0.32044884850935373,2.2958947932348677,3.5922327456670784,2.944063769450973,0.2986697436577713,2.337731954922834,3.550395583979112,1,1,1,33.131695338368274,0.3779
1873,2131057,2.5759489340720227,2.3412834930583974,0.04723046659008571,2.2487134795688073,2.4338535065479876,2.293802650141503,0.32305031894701314,1.6403717032924003,2.947233596990606,2.293802650141503,0.3112434287292587,1.6619448978624147,2.9256604024205917,0,1,1,43.42660814548054,0.3148
1874,2132057,2.5757527434527634,2.1170592098490264,0.0502423363007888,2.018586040200331,2.2155323794977217,2.452008077914998,0.3048949022977322,1.8352999274718802,3.068716228358116,2.452008077914998,0.2581161750584007,1.9280043845192858,2.9760117713107106,0,1,1,26.393123460141858,0.4099
1875,2133057,2.576287316967108,2.6366632510431787,0.054985252689820865,2.5288941360902957,2.7444323659960617,2.9814463132169835,0.4006136501003231,2.171128720716276,3.791763905717691,2.9814463132169835,0.3546489066217393,2.261470756138875,3.701421870295092,1,1,1,41.60109864266421,0.367
1876,2134057,2.576342186888362,2.1363764422117217,0.0489324973537069,2.0404705097248548,2.2322823746985887,2.3273192875149644,0.32841541316552864,1.6630364133049285,2.9916021617250004,2.3273192875149644,0.3035532143767032,1.7110735003629434,2.9435650746669855,0,1,1,38.48353067041698,0.3458
1877,2135057,2.5747947610123605,2.342888387070433,0.04654457611049948,2.2516626942181706,2.4341140799226952,2.710086876011863,0.39406338137739544,1.9130184525808223,3.507155299442904,2.710086876011863,0.34175745445559863,2.016282358182897,3.403891393840829,0,1,1,53.913538099581814,0.2956
1878,2136057,2.5783902629281807,2.2377919473053383,0.04646111361171323,2.146729837944757,2.3288540566659197,2.288505914485711,0.23084930766332312,1.8215691159783347,2.755442712993087,2.288505914485711,0.21268721025864046,1.8567279227021973,2.7202839062692243,0,1,1,20.955764996029554,0.4279
1879,2137057,2.577079556903909,2.4053271768135094,0.05535209544648908,2.296839063269567,2.5138152903574515,2.3026088110757668,0.28762120423151677,1.7208400128666392,2.8843776092848943,2.3026088110757668,0.2780911610228613,1.7380537403069134,2.86716388184462,0,1,1,25.24098144617019,0.2923
1880,2138057,2.5741204385485776,2.4822899457052414,0.04228807543939821,2.399406840868508,2.5651730505419748,2.401410681018307,0.2625759754148338,1.8703006397269268,2.932520722309687,2.401410681018307,0.2579591983318721,1.877725667319671,2.925095694716943,0,1,1,37.21055915379002,0.3817
1881,2139057,2.575823085758552,2.7834863201178504,0.05125055816721144,2.683037071922541,2.88393556831316,3.0733895781348597,0.2785185771375897,2.510032581097099,3.6367465751726202,3.0733895781348597,0.27241404822093823,2.520359659074762,3.6264194971949575,0,1,1,28.252819894844926,0.3328
1882,2140057,2.5722813609305395,2.7220202197257417,0.05417698887988233,2.6158352727303456,2.828205166721138,2.8971664205757692,0.30376728633490346,2.282739088701953,3.5115937524495853,2.8971664205757692,0.26941708109244655,2.350220668243928,3.4441121729076105,0,1,1,24.729795558936928,0.3623
1883,2141057,2.572816742711811,2.2025567630047522,0.04442504443765792,2.115485275895351,2.2896282501141534,2.261560339893668,0.2610477139727043,1.7335414991447258,2.7895791806426105,2.261560339893668,0.26529158496626576,1.7229897899555526,2.8001308898317836,0,1,1,35.66081028727586,0.3425
1884,2142057,2.575568809113006,2.391161550556079,0.05070134065153833,2.2917887489111672,2.4905343522009904,2.766180511466934,0.37834161211197953,2.000912367975963,3.531448654957905,2.766180511466934,0.3534386616842651,2.048661882231517,3.483699140702351,0,1,1,48.59473540729413,0.4105
1885,2143057,2.574790672564468,2.342159014265426,0.04968260789083471,2.244782892141364,2.4395351363894875,2.4420428836042003,0.2865056307349471,1.8625305457772177,3.021555221431183,2.4420428836042003,0.24536116205453198,1.9439332432325778,2.9401525239758226,0,1,1,24.38949853587977,0.3799
1886,2144057,2.575881031342278,2.343147752856417,0.04997215667933728,2.245204125535123,2.4410913801777108,2.505757651142572,0.31791459772735886,1.8627146809723039,3.14880062131284,2.505757651142572,0.27426142645657464,1.9489773548798315,3.0625379474053123,0,1,1,30.121269723052897,0.2496
1887,2145057,2.5713614942644885,2.445670499457326,0.0688109041122055,2.310803605653764,2.580537393260888,2.7844119832168746,0.32871543891940863,2.1195222496386883,3.449301716795061,2.7844119832168746,0.31200037585165896,2.151017546583335,3.417806419850414,1,1,1,20.55870269604694,0.2552
1888,2146057,2.577432807028554,2.179087803308157,0.05464146410981714,2.0719925015903775,2.2861831050259362,2.489717449511056,0.34755893764526424,1.7867131421583575,3.1927217568637545,2.489717449511056,0.34582472655228114,1.7876559303522634,3.1917789686698486,0,1,1,40.05598622588866,0.4559
1889,2147057,2.572220287403318,2.260585027241346,0.052982703637636894,2.1567408363080185,2.3644292181746733,2.3049364852926137,0.32636142980087013,1.644808184584179,2.965064786001048,2.3049364852926137,0.33041610960602197,1.6341561215597944,2.9757168490254333,0,1,1,38.89145532463032,0.2652
1890,2148057,2.575188284261714,1.9903728673909808,0.05024786288162138,1.8918888658428958,2.088856868939066,2.3310030117762004,0.2883802661389951,1.7476988659390704,2.9143071576133304,2.3310030117762004,0.2733785106165517,1.7760151299602684,2.8859908935921323,0,1,1,29.600125723021804,0.3646
1891,2149057,2.572316952751352,2.386715204507895,0.054180561456660774,2.280523255390681,2.4929071536251093,2.441924659120732,0.3202145251883395,1.7942296465583953,3.0896196716830686,2.441924659120732,0.29292427229344453,1.847256771560848,3.036592546680616,0,1,1,29.229656859783514,0.3217
1892,2150057,2.5784188890214756,2.2044546996945584,0.051350415819326756,2.103809734097522,2.305099665291595,2.355032642749752,0.3246404588830532,1.6983853342904331,3.011679951209071,2.355032642749752,0.3050491563463127,1.7357499319450245,2.9743153535544797,0,1,1,35.2900055784339,0.3575
1893,2151057,2.574157584343866,2.3884139885709565,0.05712340462755003,2.2764541728266496,2.5003738043152635,2.7077116808057426,0.28025389316369453,2.1408446757985855,3.2745786858129,2.7077116808057426,0.2655889626286573,2.1685374221175215,3.2468859394939638,0,1,1,21.616823528340678,0.3488
1894,2152057,2.577186707463941,2.3112642967841,0.055069990444001314,2.2033290988848924,2.4191994946833075,2.6518488761862313,0.3328645268530519,1.978566820118231,3.3251309322542317,2.6518488761862313,0.33779566502157576,1.9660872184973335,3.337610533875129,0,1,1,37.62514147279541,0.4017
1895,2153057,2.5724261487116453,2.4788015945590165,0.045896187099201784,2.3888467208168693,2.5687564683011637,2.7957346692736755,0.32574826491185754,2.136846611618732,3.454622726928619,2.7957346692736755,0.2813868436114745,2.224489007152682,3.366980331394669,0,1,1,37.58844512799012,0.4471
1896,2154057,2.5777403559013674,1.733730429004741,0.058973565754609866,1.618144364085801,1.849316493923681,1.9503747263603994,0.36273291882445313,1.216678145055747,2.684071307665052,1.9503747263603994,0.34303924675482117,1.2539680318224113,2.6467814208983875,0,1,1,33.8355191922221,0.3603
1897,2155057,2.574585700505472,2.6268459140855454,0.04426755125603976,2.5400831079399264,2.7136087202311643,2.8478009624675855,0.26044853023077036,2.3209940852328867,3.3746078397022843,2.8478009624675855,0.2534654952227563,2.3332386510779686,3.3623632738572025,1,1,1,32.78435886420108,0.4319
1898,2156057,2.5760684968394614,2.429371371294693,0.05412285504513839,2.3232925246657397,2.535450217923646,2.869986056457814,0.35407637289324356,2.1537989920071,3.5861731209085277,2.869986056457814,0.2952375623551667,2.2706219404032852,3.4693501725123426,0,1,1,29.756498496396716,0.2737
1899,2157057,2.576735659741194,2.207883918588623,0.048955127271865136,2.111933632277193,2.3038342049000535,2.3687546358230773,0.2773707737899238,1.8077192901946282,2.9297899814515267,2.3687546358230773,0.2531979524117736,1.8547354652151826,2.882773806430972,0,1,1,26.750013811016476,0.4233
1900,2158057,2.5782041370662943,2.3232867011978104,0.051774923621845916,2.2218097155966805,2.4247636867989404,2.5749428899772924,0.3396324554842227,1.8879714061195658,3.261914373835019,2.5749428899772924,0.3073679205325345,1.950952837614373,3.1989329423402117,0,1,1,35.24342800586914,0.3621
1901,2159057,2.573847688765048,2.484186493753481,0.05167688693415665,2.3829016565293855,2.5854713309775765,2.770099472769423,0.3048421029870926,2.1534981190125198,3.386700826526326,2.770099472769423,0.251386722990347,2.2597572933698467,3.280441652168999,1,1,1,23.66420867810285,0.3611
1902,2160057,2.5740591842544163,1.8970018617232212,0.05678240790157391,1.7857103872806737,2.0082933361657687,1.8668942325251818,0.30206229438571275,1.2559155723857298,2.477872892664634,1.8668942325251818,0.3018738412243283,1.2540577541242879,2.4797307109260758,0,0,0,28.263331454950936,0.2837
1903,2161057,2.5775717071644917,2.2825128633720904,0.05384665044651942,2.1769753678087946,2.388050358935386,2.66369199186272,0.28817788632614916,2.0807971978354325,3.2465867858900075,2.66369199186272,0.2713068791891714,2.1129097454319252,3.2144742382935148,0,1,1,25.38658160677393,0.3962
1904,2162057,2.5719180448248,2.550437822427305,0.05831858373964787,2.4361354986682118,2.664740146186398,2.539885653675283,0.40123814178573364,1.7283049075128574,3.351466399837709,2.539885653675283,0.38938250286729453,1.7493971474824268,3.3303741598681396,1,1,1,44.579883313995005,0.2209
1905,2163057,2.5795659811011555,2.2841635045258193,0.05333912038589546,2.179620749602418,2.3887062594492208,2.600452049187049,0.3269515728487045,1.9391300714942368,3.261774026879861,2.600452049187049,0.29137926688567195,2.0089206893546736,3.191983409019424,0,1,1,29.841839730452893,0.4415
1906,2164057,2.5747318959453573,2.177879641833032,0.06002875401387223,2.0602254459290283,2.2955338377370356,2.430753532426231,0.46942061510534133,1.481260716574586,3.3802463482778755,2.430753532426231,0.41366090749735335,1.5909772445086223,3.2705298203438393,0,1,1,47.48651549415802,0.3456
1907,2165057,2.5756290209631856,2.2992063757039203,0.05987617814164102,2.1818512230143994,2.416561528393441,2.526446015628958,0.3365825057713046,1.84564363736212,3.2072483938957963,2.526446015628958,0.2645933427841542,1.9892929726805861,3.06359905857733,0,1,1,19.52763651108542,0.3041
1908,2166057,2.5720485235130375,2.6269772870476293,0.04657120207309804,2.53569940826762,2.718255165827639,2.5775188943976732,0.27043099797534137,2.0305205702964706,3.124517218498876,2.5775188943976732,0.26251577763797057,2.044583532924025,3.1104542558713213,1,1,1,31.77429511990533,0.2746
1909,2167057,2.574784608069051,2.148898462156766,0.04589773486930049,2.058940554840969,2.2388563694725634,2.6727903140592937,0.27231591696502055,2.121979381432662,3.2236012466859254,2.6727903140592937,0.2470826230941219,2.1711859219830254,3.174394706135562,0,1,1,28.980234860943625,0.3007
1910,2168057,2.572654597251563,2.529415663202633,0.05157948312868946,2.4283217339292102,2.6305095924760558,2.708450424553427,0.2862630069888943,2.129428839574571,3.287472009532283,2.708450424553427,0.25856946546680004,2.1835265027058233,3.233374346401031,1,1,1,25.130463785844583,0.4677
1911,2169057,2.5794514377070796,2.099242803719894,0.04592884211119761,2.00922392733032,2.189261680109468,2.4134435951550235,0.27163999706004194,1.8639998395828643,2.9628873507271827,2.4134435951550235,0.2448670099291236,1.9163371369309543,2.910550053379093,0,1,1,28.42428589172789,0.3651
1912,2170057,2.5768836637066523,2.228415512939206,0.044409532620050755,2.14137442843365,2.315456597444762,2.1848124506640767,0.22474521347203505,1.730222348052468,2.6394025532756853,2.1848124506640767,0.20584941415011226,1.7669159229722455,2.602708978355908,0,1,1,21.48556929778069,0.3559
1913,2171057,2.5750951165025744,2.059618513070644,0.05138583546313782,1.958904126247393,2.1603328998938953,2.069328578051353,0.2859590818845695,1.490921739621386,2.64773541648132,2.069328578051353,0.287912562553094,1.4848350021694443,2.6538221539332616,0,1,1,31.393113196723245,0.323
1914,2172057,2.577002657222462,2.459833035712405,0.04875519285146659,2.364274613664226,2.5553914577605843,2.7462356943080835,0.27778293050222935,2.1843666830400217,3.308104705576145,2.7462356943080835,0.2465499101448838,2.2457127670135453,3.2467586216026216,0,1,1,25.572191021859112,0.2589
1915,2173057,2.5755720544530147,2.2635141767938936,0.05492441022141548,2.1558643108878157,2.3711640426999714,2.5193378190088493,0.39536355976827997,1.7196395365521384,3.31903610146556,2.5193378190088493,0.3422795121434862,1.8244734677286987,3.214202170289,0,1,1,38.83568808272027,0.2553
1916,2174057,2.575961129284527,2.609804341172578,0.04670069831501971,2.5182726544222693,2.701336027922887,2.5972325470467936,0.265347377919835,2.0605168150727806,3.1339482790208066,2.5972325470467936,0.24457997209464452,2.1007088066062085,3.0937562874873787,1,1,1,27.428056347026942,0.4571
1917,2175057,2.5756723517894304,2.611515419598877,0.05892693898208725,2.4960207414747964,2.727010097722957,2.7178955616874463,0.32459561019922084,2.0613389682536907,3.374452155121202,2.7178955616874463,0.2774477755179013,2.1546466329331335,3.281144490441759,1,1,1,22.16841947349539,0.2508
1918,2176057,2.573922307366666,2.7077900264207724,0.048520465589630406,2.612691661351982,2.802888391489563,2.752476895299866,0.3382327534663724,2.0683365760044023,3.4366172145953295,2.752476895299866,0.3134144093528383,2.1162118180447704,3.3887419725549615,0,1,1,41.72419819890093,0.3657
1919,2177057,2.574234084197863,2.5451677475176613,0.05113018295220585,2.444954430408394,2.6453810646269287,2.623398991391619,0.28378225057775613,2.049395209880395,3.197402772902843,2.623398991391619,0.2543564588219521,2.1070279277354924,3.1397700550477454,1,1,1,24.74747229368245,0.4229
1920,2178057,2.5761809414697283,2.588455377669015,0.04503362958736447,2.500191085584663,2.676719669753367,2.4159874130214587,0.2525234541862246,1.9052105151426633,2.9267643109002544,2.4159874130214587,0.2249357730250988,1.959343516856086,2.8726313091868314,1,1,1,24.948426318801403,0.3358
1921,2179057,2.5767368850129624,2.4320739702470298,0.050165127479190844,2.3337521271079553,2.530395813386104,2.653225955916072,0.33981185654561735,1.9658915991604176,3.3405603126717267,2.653225955916072,0.31932866122300657,2.004954309049679,3.301497602782465,0,1,1,40.52023543060458,0.3544
1922,2180057,2.581746264091661,2.5371920889244506,0.047366964997333394,2.444354543472708,2.6300296343761933,2.6681172411327028,0.3234667428381058,2.0138439974602003,3.3223904848052053,2.6681172411327028,0.31434682803762143,2.0299592533131805,3.306275228952225,1,1,1,44.04200153727118,0.3458
1923,2181057,2.5757528991943555,2.6964832520663995,0.050930847463963896,2.596660625334927,2.796305878797872,2.810954902694411,0.33663201690355027,2.1300523787099386,3.4918574266788833,2.810954902694411,0.3103378352903785,2.1809356028353646,3.4409742025534573,0,1,1,37.12852082336838,0.2046
1924,2182057,2.5733963213165296,1.9129781107339945,0.051279432158462715,1.8124722705557426,2.0134839509122466,1.8382205107774556,0.3036601217985844,1.224009939638202,2.452431081916709,1.8382205107774556,0.30435920959335705,1.2203384663459738,2.4561025552089375,0,0,0,35.22787773711425,0.3917
1925,2183057,2.5789274653849827,2.2244946686242657,0.04949679596853327,2.1274827311758133,2.321506606072718,2.538692649703011,0.27858052456516685,1.9752103521659703,3.102174947240052,2.538692649703011,0.2357025519932639,2.0601910301926476,3.0171942692133746,0,1,1,22.676414946271738,0.3945
1926,2184057,2.5763337485767766,2.4771800024454986,0.055519259825971216,2.3683642527382736,2.5859957521527237,2.7939298068315743,0.3511546071143827,2.0836525714922365,3.504207042170912,2.7939298068315743,0.3166463053320531,2.1511036319257943,3.4367559817373543,1,1,1,32.52831110057469,0.2845
1927,2185057,2.5785857612722696,2.344864157282199,0.04906122344902468,2.248705926284639,2.4410223882797593,2.5445825397079385,0.2834504313745522,1.971249925886129,3.117915153529748,2.5445825397079385,0.25200391253089105,2.0329873989288707,3.056177680487006,0,1,1,26.38382871920364,0.4612
1928,2186057,2.5762615977358325,2.401199886411025,0.054189410829666516,2.294990592841434,2.507409179980616,2.5350735587729614,0.31087469576561305,1.9062701343786657,3.163876983167257,2.5350735587729614,0.2983876348085292,1.9293144556562982,3.1408326618896245,0,1,1,30.320250539022055,0.3858
1929,2187057,2.5755416155606734,2.200017666008031,0.04940685566278962,2.1031820083195942,2.2968533236964674,2.6419534352469665,0.27966032658777007,2.076287031963369,3.207619838530564,2.6419534352469665,0.2459922706811571,2.142562576248845,3.141344294245088,0,1,1,24.789541352350387,0.3441
1930,2188057,2.574433339619795,2.7626467953163454,0.05167913265495659,2.6613575565603624,2.8639360340723283,2.5804729828177746,0.29388572097942467,1.9860330034642355,3.1749129621713137,2.5804729828177746,0.2947307811011875,1.9821376874048378,3.1788082782307114,0,1,1,32.5252435926009,0.3463
1931,2189057,2.5768180998776042,2.567105294163951,0.049081400089822716,2.4709075176770976,2.6633030706508047,2.908700671170266,0.3112716938510588,2.279094242353267,3.5383070999872652,2.908700671170266,0.27270818470622293,2.355073623299404,3.462327719041128,1,1,1,30.87183605474054,0.3121
1932,2190057,2.571361926507606,2.882083879743553,0.05087331377606368,2.7823740169682627,2.981793742518843,3.0961836259288087,0.28740630274658424,2.5148495070019568,3.6775177448556606,3.0961836259288087,0.2534622193070322,2.5816279650016756,3.610739286855942,0,1,0,24.822550982221497,0.3207
1933,2191057,2.575556808755532,2.1398525672005424,0.04984118717328873,2.0421656353941766,2.237539499006908,2.241963936055879,0.2974541766268731,1.640306073865692,2.8436217982460663,2.241963936055879,0.24689010795372884,1.7407503704924312,2.743177501619327,0,1,1,24.53751751349749,0.2827
1934,2192057,2.575514928858237,2.5005939046496177,0.06044308369536596,2.38212763749216,2.6190601718070754,2.74280460214888,0.3781548326774431,1.9779142557241955,3.5076949485735645,2.74280460214888,0.31580624505806004,2.101683840265542,3.383925364032218,1,1,1,27.299091963325726,0.4057
1935,2193057,2.574990948835805,2.1739472951829195,0.0668713215866145,2.042881913274559,2.30501267709128,2.3381610833394304,0.39350299616388923,1.5422261459914715,3.134096020687389,2.3381610833394304,0.3843533791654942,1.5578822410457507,3.11843992563311,0,1,1,33.03555403603091,0.3303
1936,2194057,2.5737301934249013,2.391695244364953,0.055371571443668735,2.283168958567976,2.50022153016193,2.669541044565536,0.2586646341132726,2.1463424378099885,3.1927396513210833,2.669541044565536,0.19237205386641912,2.2790050128375166,3.060077076293555,0,1,1,12.070083252931955,0.3952
1937,2195057,2.5758061750600483,2.547133419402053,0.044049852266816784,2.4607972954347823,2.633469543369324,2.7406367409318224,0.2301857236528484,2.275042167777115,3.20623131408653,2.7406367409318224,0.19949741445405028,2.3356354581832104,3.1456380236804344,1,1,1,20.51094313130758,0.3423
1938,2196057,2.575554662017036,2.5837220939976087,0.052685543077272134,2.480460327060222,2.6869838609349954,2.731646956581906,0.34841478615188576,2.0269115322259372,3.436382380937875,2.731646956581906,0.34371951116336896,2.033859251874819,3.4294346612889934,1,1,1,42.56233530820806,0.3192
1939,2197057,2.5750964039910564,2.4109324021761234,0.05247383666261959,2.3080855721867515,2.5137792321654953,2.547704917729588,0.3343259792920382,1.871466795083184,3.2239430403759917,2.547704917729588,0.2923142190215694,1.9542755041535926,3.141134331305583,0,1,1,31.032319945892358,0.3759
1940,2198057,2.5745391431764446,2.0182969955297385,0.05354790642298202,1.9133450274931727,2.1232489635663043,2.42476181200349,0.418987557672704,1.577279483490533,3.272244140516447,2.42476181200349,0.35352745916811484,1.7070629142921008,3.142460709714879,0,1,1,43.587434960374424,0.3098
1941,2199057,2.574879726531575,2.296609758157043,0.052541117673358416,2.1936310598097797,2.3995884565043064,2.7863597730841234,0.3144577651177009,2.1503089068454972,3.4224106393227496,2.7863597730841234,0.2591234151938437,2.2603112735037962,3.3124082726644506,0,1,1,24.322863574130768,0.3385
1942,2200057,2.5766383831578628,2.421465716921457,0.048415457465882515,2.326573163993296,2.5163582698496176,2.5174971823703607,0.3525072465690936,1.8044839754878956,3.2305103892528257,2.5174971823703607,0.3146598084941143,1.878703810444725,3.1562905542959965,0,1,1,42.23908176611471,0.4123
1943,2201057,2.5765757732032,2.1597674825791726,0.058681451081552684,2.0447539518987803,2.274781013259565,2.3723203715123855,0.3473910259183672,1.6696556976850494,3.0749850453397216,2.3723203715123855,0.33869563070636266,1.6847316863516486,3.0599090566731224,0,1,1,33.313287976270914,0.3175
1944,2202057,2.5777822431678756,2.4557377750787355,0.05453606316443714,2.3488490554178374,2.5626264947396336,2.467618619199823,0.31669284941212134,1.827046868253356,3.1081903701462896,2.467618619199823,0.28729949651415354,1.8843696335441082,3.0508676048555374,0,1,1,27.75250322605588,0.3501
1945,2203057,2.5766860496509043,2.030006519886156,0.04545166584706842,1.9409228917885528,2.1190901479837594,1.894608302594609,0.26139545141063714,1.3658860964874031,2.423330508701815,1.894608302594609,0.2326180474775578,1.4223685601563043,2.3668480450329135,0,0,0,26.193118144365624,0.3961
1946,2204057,2.5726066969717367,2.6163730475026945,0.055354830870105586,2.5078795726269814,2.7248665223784077,2.5953870831889945,0.34800981521883156,1.891470789862193,3.299303376515796,2.5953870831889945,0.3291161596194664,1.9272457582302105,3.2635284081477787,1,1,1,35.34983223589928,0.3064
1947,2205057,2.575322386344391,2.6808886547814414,0.049059882334848086,2.5847330523193666,2.7770442572435163,2.933582662883004,0.24665672696730173,2.4346723408802564,3.4324929848857515,2.933582662883004,0.23230515733195342,2.4619781212099623,3.4051872045560456,0,1,1,22.421501806644713,0.3863
1948,2206057,2.5756394907228644,2.222483226161355,0.04781803997467502,2.1287615899996952,2.3162048623230147,2.482672375223184,0.29212045732005754,1.8918029786449178,3.0735417718014504,2.482672375223184,0.2590485907841836,1.9567757772701344,3.0085689731762337,0,1,1,29.348028130466936,0.2473
1949,2207057,2.574184114180529,2.1857722454900905,0.047598126486422865,2.0924816318451196,2.2790628591350615,2.335587988420052,0.2756063397960708,1.7781215474099734,2.8930544294301304,2.335587988420052,0.2451131154127421,1.837981909502503,2.833194067337601,0,1,1,26.518770347327692,0.3811
1950,2208057,2.5741959261484,2.7877312257791154,0.05039383595350852,2.688961122267419,2.886501329290812,2.9374705833954295,0.3261788459967352,2.2777115932897645,3.5972295735010946,2.9374705833954295,0.24913964916960463,2.4316902063747063,3.4432509604161528,0,1,1,24.441669164877485,0.3612
1951,2209057,2.5757458524778367,2.0536903680123073,0.05236189371628798,1.9510629421660688,2.156317793858546,2.3302929655436353,0.32369422201453696,1.675559601806468,2.9850263292808026,2.3302929655436353,0.256522234967279,1.8095251425640648,2.8510607885232058,0,1,1,24.00044756059099,0.3499
1952,2210057,2.577483630812394,2.051462309640826,0.04828487825068094,1.9568256872715901,2.1460989320100623,2.320566641583799,0.20813893559853275,1.8995659064425308,2.741567376725067,2.320566641583799,0.19912999031471473,1.9163112694934825,2.7248220136741153,0,1,1,17.00791449725663,0.3726
1953,2211057,2.5760578705705517,2.57328557069848,0.04954243935023695,2.4761841738657555,2.670386967531204,2.910208900464717,0.28029201888326355,2.3432647789107675,3.4771530220186664,2.910208900464717,0.27285164737756745,2.3562906078873507,3.464127193042083,1,1,1,30.331814247419715,0.3324
1954,2212057,2.5722233854911893,2.6562227524857978,0.049004065573264595,2.56017654886616,2.7522689561054356,2.5685944083925807,0.35206786496983133,1.8564699346813747,3.2807188821037867,2.5685944083925807,0.31809681783046245,1.922823536563754,3.2143652802214073,1,1,1,42.13610857502158,0.2864
1955,2213057,2.5804635033778744,2.7625174748913466,0.06459046593898789,2.635922487906269,2.889112461876424,2.655022162100254,0.36795130059507486,1.9107704073708793,3.399273916829628,2.655022162100254,0.36403882321981873,1.915984060890775,3.3940602633097328,0,1,1,31.765710144654282,0.3154
1956,2214057,2.5743888174342584,2.447177021437567,0.04381164659131991,2.3613077720151834,2.533046270859951,2.729313031765886,0.2437799825816581,2.2362214745112463,3.2224045890205253,2.729313031765886,0.23691036447355193,2.24835942256345,3.210266640968322,0,1,1,29.24078114155426,0.4166
1957,2215057,2.574274826959923,2.257332452650049,0.052837205919031134,2.1537734320050212,2.3608914732950765,2.1495698092727555,0.30039690571266425,1.5419597156806106,2.7571799028649004,2.1495698092727555,0.28565654591363493,1.5696561906568773,2.729483427888634,0,1,1,29.22864440746776,0.2643
1958,2216057,2.572386712089254,2.0460295775965527,0.051246430014809594,1.9455884204312734,2.1464707347618317,2.5508762842885244,0.21706760854120688,2.1118156034581315,2.9899369651189174,2.5508762842885244,0.18689019076591726,2.171469026302417,2.930283542274632,0,1,1,13.299820564585328,0.406
1959,2217057,2.5729009368469935,2.310839745142848,0.06727003395394471,2.17899290135433,2.442686588931366,2.8613580173559527,0.5186014282752474,1.8123876172655147,3.910328417446391,2.8613580173559527,0.40798671629698346,2.033100949980623,3.6896150847312823,0,1,1,36.78313595321173,0.3099
1960,2218057,2.5782282784832535,2.6178257867327486,0.05549018588673516,2.5090670208993147,2.7265845525661825,2.9393652394476657,0.32237157063556504,2.287307190645119,3.5914232882502124,2.9393652394476657,0.2900609887380279,2.350510126534462,3.5282203523608695,1,1,1,27.324126465676827,0.4083
1961,2219057,2.5746659765452407,2.22140242446829,0.061968311117553694,2.099946766495112,2.3428580824414684,2.6720061089086826,0.3414431340387237,1.9813721819796617,3.3626400358377033,2.6720061089086826,0.3083483904663343,2.046025596759745,3.2979866210576203,0,1,1,24.759624359604942,0.3343
1962,2220057,2.577375874980767,2.5547144266707713,0.04149195941567062,2.473391680568059,2.6360371727734835,2.6531366871774464,0.23191454080468582,2.184045251267314,3.122228123087579,2.6531366871774464,0.2219482017257367,2.202557883193122,3.103715491161771,1,1,1,28.613789136823904,0.3558
1963,2221057,2.5730664889955253,2.493996570963828,0.06009497894410381,2.3762125765816915,2.6117805653459643,2.8001054199234456,0.3825542965031799,2.026316317965413,3.573894521881478,2.8001054199234456,0.3415301839937322,2.1067622856609716,3.4934485541859197,1,1,1,32.29845955118681,0.3614
1964,2222057,2.5751014028519053,2.218681237490388,0.05266818981422789,2.115453482323582,2.321908992657194,2.6255931908316446,0.2676802840913749,2.08415871072716,3.167027670936129,2.6255931908316446,0.22489490849881463,2.1690322540650655,3.0821541275982236,0,1,1,18.233181811651583,0.3821
1965,2223057,2.5747695337306076,2.044747244432042,0.047738851733135225,1.9511808143717992,2.1383136744922844,2.295447220512818,0.31172504367370524,1.6649238051259518,2.9259706358996844,2.295447220512818,0.2707472461967663,1.7458010894568154,2.8450933515688206,0,1,1,32.165044662346205,0.3135
1966,2224057,2.5742992035989767,2.094660964919379,0.04948241310978255,1.9976772173560724,2.1916447124826854,2.295582883333575,0.2110642800018016,1.8686650806298346,2.7225006860373155,2.295582883333575,0.2090210372166488,1.8712476185089466,2.7199181481582038,0,1,1,17.84342646996656,0.3453
1967,2225057,2.573676674234822,2.620372076549613,0.04548041778910517,2.531232095681132,2.709512057418094,2.9013110523837735,0.30590100698772804,2.2825678631195943,3.5200542416479528,2.9013110523837735,0.2886253496316731,2.3153704418024867,3.4872516629650603,1,1,1,40.27356296983891,0.2922
1968,2226057,2.5747414231587897,2.3813773791799053,0.04823861872467811,2.2868314238155767,2.475923334544234,2.5832458197457004,0.22647150481955333,2.1251639633001282,3.0413276761912726,2.5832458197457004,0.20178231994010734,2.1736059322545414,2.9928857072368595,0,1,1,17.497519838343514,0.3679
1969,2227057,2.574157753912551,2.663189078078297,0.06434834235522834,2.537068644597196,2.789309511559398,2.5192261029908263,0.35728813312944474,1.7965426402730131,3.2419095657086396,2.5192261029908263,0.3307652129156872,1.8477370218612772,3.1907151841203754,1,1,1,26.42195376335518,0.3506
1970,2228057,2.5741813412988983,1.9984302481451004,0.05335810674661545,1.8938502806384905,2.1030102156517105,2.218650560237145,0.27272323051833686,1.6670157581846126,2.7702853622896773,2.218650560237145,0.2527019635005563,1.705638300650237,2.731662819824053,0,1,1,22.429335631708554,0.2748
1971,2229057,2.5737081704739486,1.9569123696188069,0.050205544624402285,1.8585113103307598,2.055313428906854,2.142359041155557,0.34026107651667015,1.4541160512433549,2.8306020310677593,2.142359041155557,0.28487373081430134,1.56403462167919,2.720683460631924,0,1,1,32.19596461141356,0.3764
1972,2230057,2.5722073017879357,2.7963310730209745,0.05271369987246395,2.6930141197790913,2.8996480262628577,3.1270025662076515,0.3329015692814478,2.4536455847560785,3.8003595476592245,3.1270025662076515,0.24909036252979344,2.6213222463851658,3.6326828860301372,0,1,0,22.328875401936372,0.3103
1973,2231057,2.5730767348148436,2.693053644463922,0.047784469165670106,2.599397805878844,2.7867094830490005,2.6183733981529547,0.30837741184423223,1.9946212072711895,3.24212558903472,2.6183733981529547,0.28784896664502324,2.0340089288282246,3.2027378674776847,0,1,1,36.28739713832386,0.3822
1974,2232057,2.574409518202085,2.5069063540196974,0.043595451071281675,2.4214608400302073,2.5923518680091875,2.662221254636341,0.24708272019040262,2.16244928000923,3.161993229263452,2.662221254636341,0.2332119738786178,2.1887757775024475,3.1356667317702347,1,1,1,28.61668601722171,0.3341
1975,2233057,2.5788195585762534,2.3446543757350358,0.04535169151310694,2.2557666937313754,2.433542057738696,2.4931459177433344,0.23070609645416776,2.0264987912483643,2.9597930442383045,2.4931459177433344,0.22977533279167084,2.0266771929266025,2.9596146425600662,0,1,1,25.669642942896168,0.294
1976,2234057,2.574235486978321,2.184550323618793,0.05171685151503809,2.0831871572555123,2.2859134899820734,2.100137773753097,0.3603389772851158,1.3712833962631605,2.828992151243033,2.100137773753097,0.33291611069464494,1.4242821379896295,2.7759934095165644,0,1,1,41.43863772055351,0.4082
1977,2235057,2.571899714648209,2.0788997301534313,0.06215456049739447,1.9570790301036223,2.2007204302032406,2.3365103858905316,0.501102085230626,1.3229357480830575,3.3500850236980058,2.3365103858905316,0.45546517319072694,1.4118669267541215,3.261153845026942,0,1,1,53.69877140714978,0.3932
1978,2236057,2.5724603633993652,2.1819085355344376,0.05276054920345217,2.078499759291118,2.2853173117777574,2.452606268580136,0.27803817252082774,1.8902209815986435,3.014991555561629,2.452606268580136,0.24739145505044027,1.9503749143008493,2.954837622859423,0,1,1,21.98623039330401,0.2831
1979,2237057,2.5730808421585607,2.6875383837451157,0.06251925075434826,2.5650029039261644,2.810073863564067,2.845937188330035,0.29818122277811754,2.242808736491278,3.449065640168792,2.845937188330035,0.2896034950935246,2.2580108368916614,3.4338635397684083,1,1,1,21.457546796316986,0.396
1980,2238057,2.5732846749001803,1.9705536198746285,0.05536620946805169,1.8620378433567466,2.0790693963925104,2.03844364743889,0.27769938682414586,1.4767436192099144,2.6001436756678658,2.03844364743889,0.20757325455367587,1.6170475376767461,2.459839757201034,0,1,0,14.055723539588968,0.3424
1981,2239057,2.579305288892383,2.6330295745886003,0.0474493531091953,2.540030551404854,2.7260285977723466,2.6796001476563176,0.2703059556471782,2.132854745536911,3.2263455497757243,2.6796001476563176,0.2686732483595159,2.134164456052891,3.225035839259744,1,1,1,32.061826555449684,0.3105
1982,2240057,2.5736419693894685,1.6295707983041294,0.049235468195964915,1.533071053878071,1.726070542730188,1.905069313137544,0.2640059541206089,1.3710668669021469,2.439071759372941,1.905069313137544,0.24591087992338134,1.4058436861620696,2.4042949401130187,0,0,0,24.945909552974765,0.3187
1983,2241057,2.5738021968256906,2.6130421555626206,0.04264856773517559,2.5294524988094595,2.6966318123157818,2.844756887147704,0.26504849997802105,2.308645692872797,3.380868081422611,2.844756887147704,0.25815294015203316,2.320678556643925,3.368835217651483,1,1,1,36.63913817322829,0.3593
1984,2242057,2.5767596388225202,2.4393479282571393,0.04660831813656006,2.3479973033294965,2.530698553184782,2.5362821878063357,0.2829769051065736,1.9639073712671653,3.108657004345506,2.5362821878063357,0.250425223633657,2.0278919558737836,3.044672419738888,0,1,1,28.868836255840552,0.2735
1985,2243057,2.576258923333108,2.4906864383634595,0.05320402968966798,2.3864084563393106,2.5949644203876083,2.7376005477043446,0.3091015794845338,2.112383589511957,3.3628175058967322,2.7376005477043446,0.2886485227609061,2.1516128931696796,3.3235882022390095,1,1,1,29.434022949437146,0.406
1986,2244057,2.5747969722212876,2.5295614470241716,0.050587250823596594,2.4304122573330282,2.628710636715315,2.723694510563922,0.27959426225730355,2.1581617350016975,3.2892272861261462,2.723694510563922,0.2804308576661133,2.1543896030899017,3.292999418037942,1,1,1,30.73048708874502,0.3074
1987,2245057,2.572394844503479,2.0764440984788064,0.04959891157568216,1.9792320181180827,2.17365617883953,2.2494798663145628,0.2567808261537911,1.7300916208137516,2.768868111815374,2.2494798663145628,0.2557726941445283,1.7302336921018058,2.7687260405273197,0,1,1,26.592799780519517,0.358
1988,2246057,2.5775319428803924,2.3300148525757463,0.048236976745855004,2.2354721154307744,2.424557589720718,2.844076487473724,0.35853860980611063,2.118863696936301,3.569289278011147,2.844076487473724,0.3232836085233836,2.1877758707370227,3.500377104210425,0,1,1,44.916634598066736,0.2343
1989,2247057,2.5758132511601612,2.2341709323940657,0.04989307141494986,2.1363823093426793,2.331959555445452,2.2740501615539066,0.31789038683296217,1.6310561625399007,2.9170441605679125,2.2740501615539066,0.2998590156317004,1.6653039965626482,2.882796326545165,0,1,1,36.12049905977335,0.3594
1990,2248057,2.5760598909243875,1.986559525968001,0.045787947671914686,1.8968167976050434,2.076302254330958,1.918908584870735,0.2489455867914741,1.415368606884397,2.422448562857073,1.918908584870735,0.24982633738148438,1.4117341566668387,2.4260830130746314,0,0,0,29.76967451275732,0.4171
1991,2249057,2.575886856394228,2.365816328523173,0.05227615688587401,2.263356943776694,2.4682757132696516,2.7388348533641897,0.324044951747095,2.0833920717815904,3.394277634946789,2.7388348533641897,0.2793706317259257,2.1716823189770813,3.305987387751298,0,1,1,28.55973638054555,0.334
1992,2250057,2.5744455380377076,2.6832085565739434,0.044815424721535935,2.595371938167867,2.77104517498002,2.8563329065828826,0.2821165990334825,2.285698223326206,3.4269675898395593,2.8563329065828826,0.27158099018322635,2.3049941852498366,3.4076716279159287,0,1,1,36.723469206155954,0.3124
1993,2251057,2.5753314107491074,2.607201880992294,0.05132608063908791,2.506604611472083,2.707799150512505,3.0919954485330776,0.29532950776469724,2.4946351347584983,3.689355762307657,3.0919954485330776,0.2714443116924704,2.5409341992877366,3.6430566977784187,1,1,1,27.969537589501176,0.4203
1994,2252057,2.575920275640318,2.6193854344215817,0.058037736963834366,2.505633560228257,2.7331373086149062,2.9514664675666937,0.3716902981698805,2.1996518763927204,3.703281058740667,2.9514664675666937,0.3341863806357093,2.2730320467248535,3.629900888408534,1,1,1,33.155574216546725,0.328
1995,2253057,2.575927237659867,2.496056478708376,0.04538315820944398,2.407107123113182,2.5850058343035696,2.638621272217041,0.2263445867545952,2.1807961317890485,3.0964464126450335,2.638621272217041,0.21140076349080716,2.2094549062161777,3.0677876382179043,1,1,1,21.698198240319897,0.3671
1996,2254057,2.5756611963333595,2.322376839024013,0.051699623722840954,2.221047438512972,2.423706239535054,2.397324709501483,0.3642126269454445,1.6606351360161966,3.1340142829867697,2.397324709501483,0.35071918037457545,1.6853269208335955,3.109322498169371,0,1,1,46.019751643073946,0.2663
1997,2255057,2.57575086393774,2.8657959177857593,0.04765087941999731,2.772401910290904,2.9591899252806146,2.6719596857525354,0.2941108062133452,2.077064428540111,3.26685494296496,2.6719596857525354,0.27572546278149873,2.11220723773932,3.231712133765751,0,1,1,33.48203980056852,0.3336
1998,2256057,2.5743601917642813,2.1205722756193444,0.05031908688505391,2.021948677589697,2.219195873648992,2.237560850201595,0.2900587680110016,1.6508616138686931,2.824260086534497,2.237560850201595,0.2556182114435945,1.7186282925447816,2.7564934078584087,0,1,1,25.80584476012113,0.3862
1999,2257057,2.5725791170184924,2.0957825705688116,0.052958348555026284,1.9919861147202411,2.199579026417382,2.5366611455562573,0.29467450223655406,1.9406257055160274,3.132696585596487,2.5366611455562573,0.2502778894490071,2.028570017920065,3.0447522731924495,0,1,1,22.334493120257036,0.3162
