rep,seed,true_att,att_naive,se_naive,ci_lo_naive,ci_hi_naive,att_cluster_psu,se_cluster_psu,ci_lo_cluster_psu,ci_hi_cluster_psu,att_survey,se_survey,ci_lo_survey,ci_hi_survey,covers_naive,covers_cluster_psu,covers_survey,deff_ratio,elapsed_s
0,879694,2.5654083671168686,2.5492336208307087,0.09820730888457717,2.356750832398337,2.7417164092630806,2.773788617798664,0.2539612086228214,2.260103587075722,3.287473648521606,2.773788617798664,0.2545442439457757,2.2570363300738556,3.2905409055234722,1,1,1,6.717983617245237,0.203
1,880694,2.578926171202999,2.729796695123875,0.08204262861826633,2.5689960978350777,2.890597292412672,2.8737995498326034,0.28058311984492046,2.3062666210066967,3.44133247865851,2.8737995498326034,0.2801344914954627,2.3050962976712865,3.4425028019939203,1,1,1,11.65880492934394,0.54
2,881694,2.5762193902668917,2.534948746797711,0.08788219391245083,2.362702811846942,2.70719468174848,2.675583002635821,0.2649477097258755,2.1396756758887574,3.2114903293828845,2.675583002635821,0.2499136007143994,2.1682314204479285,3.1829345848237134,1,1,1,8.08682422060514,0.6794
3,882694,2.577263172101245,2.4402557662050435,0.08880391422683175,2.2662032926342692,2.6143082397758177,2.7512423091494718,0.24145715455890224,2.2628491150452676,3.239635503253676,2.7512423091494718,0.24053852615780444,2.2629231401468606,3.239561478152083,1,1,1,7.336772859053072,0.2982
4,883694,2.5766394962230454,2.703417761203392,0.10773800007009998,2.492255161299622,2.9145803611071615,2.907171050015164,0.3408288242631802,2.2177796818912245,3.5965624181391034,2.907171050015164,0.3342925617751193,2.228521070000377,3.585821030029951,1,1,1,9.62754611877806,0.264
5,884694,2.5754865891578413,2.405152824887794,0.08599231000815684,2.236610994324403,2.5736946554511846,2.4635532406233143,0.2414208077454149,1.9752335648887231,2.9518729163579054,2.4635532406233143,0.2154869089199769,2.0260915583907098,2.9010149228559188,0,1,1,6.279463663701052,0.482
6,885694,2.573495855131424,2.538314265393398,0.1050873658551759,2.332346813087069,2.744281717699727,2.680152034830392,0.25442657428145543,2.1655257132152337,3.1947783564455503,2.680152034830392,0.23692943350644002,2.199159713433106,3.161144356227678,1,1,1,5.083197922598117,0.3338
7,886694,2.579497718073282,2.4089004383104324,0.10960925582786228,2.1940702445155855,2.6237306321052793,2.5907796309289366,0.2955279058266325,1.9930180191959281,3.188541242661945,2.5907796309289366,0.28607352796302327,2.010019493748657,3.1715397681092163,1,1,1,6.8117842704412475,0.5444
8,887694,2.5792397495563004,1.9045513499684892,0.12198745501186095,1.6654603315795415,2.143642368357437,2.182988906524296,0.33635669502402615,1.5026432736056246,2.8633345394429677,2.182988906524296,0.3454109309694932,1.481767437058796,2.884210375989796,0,1,1,8.017552507128844,0.4509
9,888694,2.576253239555288,2.7345040771504068,0.1068286148460514,2.525123839533845,2.9438843147669687,2.9462534412002874,0.341081340927921,2.2563513099114187,3.636155572489156,2.9462534412002874,0.3494650912915053,2.2368015887226727,3.655705293677902,1,1,1,10.701198128662162,0.6329
10,889694,2.5702655210220913,2.4335733015063887,0.11858900646551886,2.2011431198715843,2.666003483141193,2.4215310208447534,0.3104395737937676,1.7936077137120179,3.0494543279774886,2.4215310208447534,0.3184745623655772,1.774993286840337,3.0680687548491696,1,1,1,7.212081699740372,0.5356
11,890694,2.585070775710183,2.8264397353789086,0.10175583384287885,2.627001965830024,3.0258775049277933,2.8138326066570287,0.2948904298752058,2.217360411742713,3.4103048015713444,2.8138326066570287,0.2920729748369939,2.2208929448127845,3.406772268501273,0,1,1,8.23880290009093,0.5204
12,891694,2.5740975559239048,2.827332819571096,0.08996629065810959,2.651002130058539,3.003663509083653,2.8131649629258724,0.28426258118090764,2.238189621065038,3.388140304786707,2.8131649629258724,0.28398278511245006,2.236649259382474,3.3896806664692707,0,1,1,9.963786172791243,0.6375
13,892694,2.576579606243898,2.448222841649443,0.09580235578273852,2.260453674681183,2.635992008617703,2.624271636954382,0.2776911920098746,2.062588184301824,3.18595508960694,2.624271636954382,0.2679763647581421,2.080250694275172,3.168292579633592,1,1,1,7.824211935409043,0.7239
14,893694,2.577447668089924,2.3896798795769034,0.09923234202727169,2.1951880631018907,2.584171696051916,2.5753345217673416,0.3103932063747959,1.9475050015919457,3.2031640419427374,2.5753345217673416,0.3115412243299449,1.942872212278302,3.207796831256381,1,1,1,9.85654165664448,0.7323
15,894694,2.5711358332296754,2.125156237745239,0.10515942633443373,1.919047549494856,2.331264925995622,2.231199392919035,0.2876485612290179,1.6493752599594622,2.8130235258786076,2.231199392919035,0.2862679856903772,1.6500444855647445,2.8123543002733253,0,1,1,7.410527917117086,0.666
16,895694,2.574729399934787,2.3451244101803566,0.10444833370424578,2.1404094378748137,2.5498393824858994,2.8679719720256016,0.3075166800917548,2.2459607754441597,3.4899831686070435,2.8679719720256016,0.2949397746607782,2.2692123971303864,3.466731546920817,0,1,1,7.973769116130987,0.3963
17,896694,2.5774180782376206,2.523803589623413,0.08940002372055851,2.3485827629140914,2.699024416332734,2.711620403684767,0.25698316591929893,2.1918228873775005,3.231417919992033,2.711620403684767,0.2524443454215883,2.1991311366024324,3.2241096707671013,1,1,1,7.973629030385055,0.8504
18,897694,2.5752603994904537,2.360577791965216,0.0900239705217989,2.184134051997195,2.5370215319332377,2.705373702899935,0.31044130759709937,2.077446888818943,3.333300516980927,2.705373702899935,0.31624705229966416,2.0633580547405863,3.3473893510592836,0,1,1,12.340610498808681,0.7435
19,898694,2.5725871864484504,2.7934265798247893,0.09504651495569949,2.6071388336555708,2.9797143259940078,2.806503611626959,0.2526136998853505,2.2955441745919694,3.3174630486619487,2.806503611626959,0.25602843006282344,2.286738265898933,3.3262689573549853,0,1,1,7.256112236051124,0.5802
20,899694,2.5764668344857746,2.8482076190849313,0.11030208714846731,2.632019500854337,3.0643957373155257,2.8016736017211246,0.30705833955650635,2.1805894863786146,3.4227577170636345,2.8016736017211246,0.3106427515754683,2.171035288894265,3.4323119145479843,0,1,1,7.931493784295774,0.6402
21,900694,2.5703441260249256,2.475529834074248,0.08964340400963934,2.2998319907637814,2.651227677384715,2.713887424971815,0.27551505203430376,2.156605630888573,3.2711692190550568,2.713887424971815,0.2764403217020385,2.152683736196431,3.2750911137471985,1,1,1,9.50968431580233,0.6691
22,901694,2.566986007647924,2.6597584110300576,0.11238648606370513,2.439484945996183,2.8800318760639323,3.088073389854081,0.3256213996217509,2.429441941469504,3.7467048382386583,3.088073389854081,0.2888540753017869,2.501668441476502,3.67447833823166,1,1,1,6.605851602834438,0.3716
23,902694,2.5698364844298385,2.397948750470458,0.08743762431577533,2.226574155917795,2.5693233450231214,2.8811958313124792,0.19715751022797534,2.482407125557299,3.2799845370676595,2.8811958313124792,0.2023306988384466,2.4704426754721167,3.291948987152842,0,1,1,5.354597914540115,0.6492
24,903694,2.5849497116289046,2.6690894264044944,0.09334160331021138,2.4861432456572556,2.852035607151733,2.8056508319986913,0.2909495552147348,2.217149808477113,3.3941518555202697,2.8056508319986913,0.27790914263973754,2.241465278192505,3.3698363858048777,1,1,1,8.864518608124904,0.6698
25,904694,2.5753361034470643,2.1312590442243624,0.1085669007951344,1.918471828752766,2.3440462596959586,2.628031848548366,0.3094315364495682,2.0021474893988005,3.253916207697931,2.628031848548366,0.3087078369119331,2.001321621320437,3.254742075776295,0,1,1,8.085379863899783,0.7094
26,905694,2.577395037496767,1.7868874913291972,0.09427658521076338,1.6021087797306794,1.971666202927715,2.1123531942527642,0.21240285876172066,1.6827278604455813,2.541978528059947,2.1123531942527642,0.21597274008595266,1.673905222318321,2.5508011661872074,0,0,0,5.24795605173101,0.6591
27,906694,2.5712604458368737,2.1816359987644334,0.09107199014746792,2.0031381780750097,2.360133819453857,2.2727631146348317,0.26042527938925464,1.74600326666615,2.7995229626035134,2.2727631146348317,0.25485516895996285,1.7553796155736305,2.7901466136960327,0,1,1,7.831000262723789,0.5837
28,907694,2.571946662254606,2.6549450460475827,0.11237936658488427,2.4346855349357854,2.87520455715938,2.82620984781576,0.27968182518378737,2.2604999595172046,3.391919736114315,2.82620984781576,0.2811927843640947,2.2553581469114223,3.3970615487200972,1,1,1,6.260877182549858,0.6157
29,908694,2.571915905928944,2.4746487204409786,0.09813648636653825,2.282304741593258,2.6669926992886994,2.582937984524797,0.2948260803961913,1.986595948717393,3.179280020332201,2.582937984524797,0.28725083440616295,1.9997877882003194,3.1660881808492745,1,1,1,8.567647471681438,0.5707
30,909694,2.568868725009659,2.0672762210854634,0.10299338104150313,1.8654129035981069,2.26913953857282,2.6376925124571393,0.30488087019846427,2.0210127446137998,3.254372280300479,2.6376925124571393,0.305117997249093,2.0182700471898896,3.257114977724389,0,1,1,8.776412342997622,0.6566
31,910694,2.5807329542961788,2.4999100274905524,0.10518945537645462,2.2937424833993183,2.7060775715817864,2.495382623297071,0.3326605378164903,1.8225131740011107,3.1682520725930314,2.495382623297071,0.30367630559057956,1.8788869476958618,3.1118782988982803,1,1,1,8.334458752045094,0.9004
32,911694,2.576793526313601,2.532727858738664,0.0992197266763627,2.338260767897085,2.727194949580243,2.5406846478929066,0.32086262687806155,1.8916787259275085,3.1896905698583047,2.5406846478929066,0.32756137708097716,1.8756996992922148,3.2056695964935984,1,1,1,10.899067036704446,0.7143
33,912694,2.577933759483716,2.3441957996912204,0.1153039253927736,2.1182042586452905,2.5701873407371503,2.6502000818644786,0.3199973879823337,2.002944270757132,3.297455892971825,2.6502000818644786,0.31235125628101784,2.0160933200894298,3.2843068436395275,0,1,1,7.338348435036527,0.7418
34,913694,2.576203358283165,2.3992939860309797,0.09042635443922394,2.2220615880768473,2.576526383985112,2.814888715739024,0.25248459823079905,2.3041904114484573,3.3255870200295905,2.814888715739024,0.2559543401629373,2.29527378050416,3.334503650973888,1,1,1,8.011889509080387,0.9622
35,914694,2.5754874495431137,2.280208039974255,0.08759994614965358,2.108515300473286,2.451900779475224,2.226706064396379,0.22538611405476977,1.7708196179954265,2.6825925107973316,2.226706064396379,0.22797877760575141,1.7638845405061214,2.6895275882866367,0,1,1,6.773001362959086,0.738
36,915694,2.572953707299568,3.044486478644852,0.09841353087694345,2.851599502534622,3.2373734547550814,3.0582017140257727,0.32558739641147255,2.3996390436258777,3.7167643844256677,3.0582017140257727,0.32221749678465855,2.404065419182258,3.7123380088692874,0,1,1,10.719847606456682,0.9407
37,916694,2.575375758189408,2.4679311016536514,0.0876387258212006,2.296162355393118,2.639699847914185,2.5707819467205453,0.2721553762623978,2.020295738315405,3.1212681551256853,2.5707819467205453,0.27738230479510556,2.0076659305996483,3.1338979628414423,1,1,1,10.01763941953606,0.6418
38,917694,2.5728433225807876,2.5322929772914566,0.09847462022246778,2.33928626826416,2.725299686318753,2.8473755906918408,0.26799425712501923,2.3053060401830674,3.389445141200614,2.8473755906918408,0.2693883494061487,2.300488166784145,3.3942630145995367,1,1,1,7.483572827314532,0.5087
39,918694,2.574321087587775,2.8671627051706956,0.09237989549089676,2.686101437112964,3.0482239732284273,3.021469890384021,0.26268943807334755,2.490130349203502,3.55280943156454,3.021469890384021,0.26197572851178363,2.4896308869230896,3.553308893844952,0,1,1,8.042057617247659,0.6598
40,919694,2.578486270197504,2.461321223930844,0.09989613246671918,2.265528402101232,2.657114045760456,2.8277745873757643,0.2332100623789859,2.356062711740583,3.2994864630109455,2.8277745873757643,0.2352763299956577,2.350138244521936,3.3054109302295926,1,1,1,5.547012250839568,0.7155
41,920694,2.5776669981115345,1.752933791130857,0.11945655520538151,1.5188032452110884,1.9870643370506254,1.9756141728328835,0.34075216446493733,1.286377863786782,2.664850481878985,1.9756141728328835,0.33840664692026445,1.2886121559474404,2.6626161897183267,0,1,1,8.025235693339992,0.6476
42,921694,2.576602403229203,2.6048260176325253,0.10748918906009822,2.394151078347316,2.8155009569177345,2.8278544438803235,0.3478646070776192,2.1242318617422677,3.531477026018379,2.8278544438803235,0.3558529405978446,2.1054345678814412,3.5502743198792057,1,1,1,10.96002500881155,0.9243
43,922694,2.568696105320001,2.522467013731083,0.1122261081740601,2.302507883584829,2.742426143877337,2.828953048044923,0.2710606218783255,2.280681189392116,3.37722490669773,2.828953048044923,0.2549661840724631,2.3113441763236793,3.3465619197661667,1,1,1,5.161517014698858,0.7322
44,923694,2.5730149398492403,1.9914169440219287,0.09801004351102317,1.7993207886171196,2.1835130994267375,2.3045143276662503,0.3067136688226952,1.6841273746874226,2.924901280645078,2.3045143276662503,0.3039166133877333,1.6875308013008188,2.921497854031682,0,1,1,9.615408030160344,0.6351
45,924694,2.5745223663591648,2.317999874866174,0.09596978489540232,2.1299025528671294,2.506097196865219,2.439797713068847,0.32454125788585303,1.7833510575658233,3.096244368571871,2.439797713068847,0.3335726097359533,1.7626093133967309,3.116986112740963,0,1,1,12.08124586252957,0.8781
46,925694,2.5694932951791705,2.3349813062624687,0.10241394821300377,2.134253656250431,2.5357089562745063,2.5491254982256346,0.32054708276462474,1.9007578244733563,3.197493171977913,2.5491254982256346,0.3276536816870981,1.8839531613122427,3.2142978351390266,0,1,1,10.235566546776992,0.6813
47,926694,2.5699097673885833,2.3230844345399895,0.1149132573605472,2.0978585887671346,2.5483102803128443,2.44237255432627,0.34010932161044805,1.7544365176849543,3.1303085909675854,2.44237255432627,0.33752503673037,1.7571603012769579,3.127584807375582,0,1,1,8.627236736617057,1.0086
48,927694,2.571957432254614,2.415728231575882,0.09394224077401815,2.2316048230318164,2.599851640119948,2.315518105620634,0.2639204766983414,1.7816885537911253,2.8493476574501426,2.315518105620634,0.25542045540556946,1.7969870140644744,2.8340491971767934,1,1,1,7.392469130470479,0.6582
49,928694,2.5702948200492814,2.508814751537766,0.09601493187410148,2.32062894308646,2.6970005599890716,2.634160349094969,0.2466807290467728,2.135201478304013,3.133119219885925,2.634160349094969,0.23211941820199236,2.1629328779022474,3.1053878202876906,1,1,1,5.844473455567665,0.6589
50,929694,2.575593889050783,2.7997851786259575,0.0996179593145003,2.6045375661561607,2.9950327910957544,2.761627162950805,0.295867607063187,2.1631784406110928,3.3600758852905175,2.761627162950805,0.29065774124233595,2.1715605780474023,3.351693747854208,0,1,1,8.513115127949533,0.8713
51,930694,2.58147001113075,2.3408786487554067,0.08749121596666058,2.1693990164971364,2.512358281013677,2.508707838477539,0.274433166406487,1.9536143646302007,3.0638013123248777,2.508707838477539,0.26866628665061004,1.9632862798945565,3.054129397060522,0,1,1,9.42969054437373,0.8433
52,931694,2.5734468131564463,2.5048317306329224,0.0997316710256384,2.3093612473046745,2.7003022139611703,2.6691806997117697,0.29476196371571756,2.0729683521317828,3.2653930472917567,2.6691806997117697,0.2834679987846596,2.093710067973774,3.2446513314497656,1,1,1,8.078707492361653,0.5764
53,932694,2.5748558617555997,2.0219764395142468,0.11713611826860974,1.7923938664189474,2.251559012609546,2.3224860748932596,0.3082270053237196,1.69903810991485,2.9459340398716694,2.3224860748932596,0.3119664165604149,1.6891605792861124,2.9558115705004067,0,1,1,7.093066519935413,0.6925
54,933694,2.582238459246227,2.352104534237152,0.09739016257691081,2.1612233231379063,2.5429857453363978,2.2945656254233238,0.28838426686013835,1.7112533873638638,2.8778778634827837,2.2945656254233238,0.2930035060091016,1.6997368848691,2.8893943659775476,0,1,1,9.051393638609001,0.2531
55,934694,2.576537751150515,2.2813759455358706,0.0842257896079337,2.1162964313348724,2.446455459736869,2.3101715949193204,0.2593823648633237,1.7855212406926135,2.8348219491460274,2.3101715949193204,0.26111000012173036,1.7800901135267477,2.8402530763118934,0,1,1,9.610739983445423,0.9559
56,935694,2.5652943446841534,2.26736508806965,0.11664745808240054,2.0387402713399996,2.4959899047993006,2.482496068723059,0.32463416453459354,1.825861491785217,3.1391306456609014,2.482496068723059,0.324952054878491,1.8228083258129941,3.142183811633124,0,1,1,7.7604698612233065,1.0538
57,936694,2.5714405547637234,2.5924685701675987,0.10132822402320021,2.39386890046472,2.7910682398704774,2.684152579022017,0.27543772190939925,2.1270271998802652,3.241277958163769,2.684152579022017,0.25305666295659346,2.170420241257262,3.197884916786772,1,1,1,6.236984887659163,0.7587
58,937694,2.570651704801011,2.3508835654550047,0.10929618641767061,2.1366669764287947,2.5651001544812146,2.3479425980850537,0.30290293400827323,1.7352635838140253,2.960621612356082,2.3479425980850537,0.3120932087196059,1.7143597007102929,2.9815254954598145,0,1,1,8.153773049310482,0.6348
59,938694,2.576582222538854,2.4578187098570807,0.10027595932376013,2.2612814410673074,2.654355978646854,2.634874729131181,0.29323938868498106,2.0417420802409394,3.228007378021423,2.634874729131181,0.2952356579891564,2.035514479145188,3.2342349791171743,1,1,1,8.668500291553954,0.8175
60,939694,2.5770196079588286,2.530095253841631,0.10104883029006444,2.3320431857932045,2.7281473218900576,2.7862250845422913,0.29566368790763453,2.1881888276269366,3.384261341457646,2.7862250845422913,0.300258942635249,2.1766670245704076,3.395783144514175,1,1,1,8.82936194864369,1.1385
61,940694,2.5748223551273535,2.5615881963224374,0.10288863760063566,2.359930172206798,2.7632462204380768,2.6909388393197444,0.3512162829380397,1.9805368528519098,3.401340825787579,2.6909388393197444,0.3232357666194854,2.0347353468114497,3.347142331828039,1,1,1,9.869700802716284,0.4608
62,941694,2.5745647133864202,2.062330351737074,0.08218099155031124,1.9012585680846734,2.2234021353894744,2.4156367247380195,0.26322074462600287,1.8832225146176886,2.94805093485835,2.4156367247380195,0.2701709717879043,1.8671604929282954,2.9641129565477433,0,1,1,10.807733221532919,1.0016
63,942694,2.577342828708506,2.3504622804652526,0.1027422140749027,2.149091241186539,2.551833319743966,2.7580753473374418,0.2592139286931721,2.2337656874227063,3.282385007252177,2.7580753473374418,0.2514330678614765,2.247639082847552,3.2685116118273316,0,1,1,5.988898435054461,0.6487
64,943694,2.5736825763631415,2.539864395599109,0.11054874366588376,2.3231928394778265,2.756535951720392,2.868780423519384,0.331859571371851,2.1975310817782496,3.5400297652605186,2.868780423519384,0.3377716551930344,2.183067508373764,3.5544933386650044,1,1,1,9.335525752446575,0.5947
65,944694,2.578780582888073,2.4083838037095924,0.09762591988741656,2.2170405167726632,2.5997270906465215,2.78673312227379,0.24340668246630456,2.294396635772925,3.2790696087746554,2.78673312227379,0.2394188344103784,2.300687048364825,3.2727791961827553,1,1,1,6.014317431647035,0.8651
66,945694,2.5790106707011993,2.5191117324091534,0.09836753362061562,2.3263149092647137,2.711908555553593,2.823909452844128,0.36358875353206693,2.0884817824473325,3.5593371232409234,2.823909452844128,0.3475842583600979,2.118275894212278,3.529543011475978,1,1,1,12.485807483840457,0.3839
67,946694,2.572391690253054,2.8745798704091228,0.1053154102531304,2.6681654592959267,3.080994281522319,3.031099371101683,0.2852956020064178,2.4540345473968803,3.6081641948064855,3.031099371101683,0.27211588028108147,2.4786747651402385,3.5835239770631273,0,1,1,6.6761168109966675,0.5715
68,947694,2.5749784414395025,3.1283510010549884,0.09747404136397117,2.9373053905540374,3.3193966115559395,3.290624095290276,0.2447683638234295,2.7955333482723708,3.785714842308181,3.290624095290276,0.2356998630943278,2.812127934534961,3.769120256045591,0,0,0,5.847102608310797,0.3942
69,948694,2.5726557312965865,2.4203047191488225,0.08385059170402809,2.2559605793265542,2.5846488589710908,2.57423379835492,0.27068753191938766,2.026716585374414,3.121751011335426,2.57423379835492,0.2686485735247951,2.0288481993290883,3.1196193973807516,1,1,1,10.264949438711119,0.6035
70,949694,2.5786371352525763,2.2826655344459486,0.09301912332099528,2.100351402863308,2.464979666028589,2.543093172333189,0.29288741399347457,1.9506724594555402,3.1355138852108375,2.543093172333189,0.3010626046294156,1.931903591775314,3.1542827528910635,0,1,1,10.475364534201141,0.7085
71,950694,2.5748804387959274,2.203622455464081,0.09429694303874851,2.018803843255909,2.388441067672253,2.442110153943525,0.27575706030551433,1.8843388519275317,2.9998814559595184,2.442110153943525,0.27834663618852845,1.8770364410153797,3.0071838668716704,0,1,1,8.713180820952685,0.4079
72,951694,2.5827098621844082,2.5908564320825227,0.10347036172702113,2.38805824963023,2.7936546145348156,2.618280631305664,0.2375503146156348,2.137789766880744,3.0987714957305843,2.618280631305664,0.2196625002925251,2.1723420479225157,3.0642192146888125,1,1,1,4.506920636280242,1.1472
73,952694,2.574824548653867,2.2240904065767286,0.10291389662402663,2.0223828756849582,2.425797937468499,2.3545071309855543,0.33928374479119033,1.668240981080344,3.0407732808907646,2.3545071309855543,0.3316916762951021,1.6811372292042215,3.027877032766887,0,1,1,10.387740742532372,1.0489
74,953694,2.5662094931307746,2.5422062685292373,0.08011482598956156,2.385184094962003,2.6992284420964716,2.793012720866143,0.24349994451252824,2.300487594071197,3.2855378476610886,2.793012720866143,0.24994699229088513,2.2855933501740897,3.300432091558196,1,1,1,9.733522624986541,0.5816
75,954694,2.5772207943530248,2.7028138336533116,0.087617614394194,2.5310864650293734,2.87454120227725,2.8867553305089917,0.23943039453795906,2.402461645496243,3.3710490155217405,2.8867553305089917,0.21802988934637146,2.444131123551378,3.3293795374666053,1,1,1,6.192260528335768,0.9494
76,955694,2.5792777330700942,2.9243072502766343,0.09676666876455207,2.7346480645941953,3.1139664359590733,3.167242348903691,0.2595612315057195,2.6422302027435127,3.6922544950638696,3.167242348903691,0.2576929505184728,2.644097847001916,3.6903868508054662,0,0,0,7.091751270269412,0.971
77,956694,2.5756807887137834,2.236095514661169,0.08975006389376335,2.0601886218192242,2.4120024075031137,2.3595129596450906,0.26084419709134166,1.8319057706441546,2.8871201486460265,2.3595129596450906,0.26455911714207747,1.822429398444048,2.896596520846133,0,1,1,8.689122748335585,0.8548
78,957694,2.569809356729817,2.5837089510691547,0.11896666973593022,2.3505385630260602,2.816879339112249,2.978218648213286,0.3011660555643705,2.3690528021999473,3.587384494226625,2.978218648213286,0.2950346791222297,2.379266407018452,3.5771708894081202,1,1,1,6.150289022850321,0.6436
79,958694,2.5702118623242214,2.4002519058834584,0.10909705018619667,2.186425616698954,2.614078195067963,2.6049653348788158,0.30275596487550466,1.9925835937381642,3.2173470760194673,2.6049653348788158,0.31054637374415467,1.9745226794514132,3.2354079903062183,1,1,1,8.102646806818528,0.8019
80,959694,2.57270288127482,2.3845786111849607,0.09801884756296407,2.1924652001554295,2.576692022214492,2.5224273288830195,0.33776068998634895,1.8392418481022803,3.2056128096637586,2.5224273288830195,0.32820712731360924,1.856131437615392,3.188723220150647,1,1,1,11.211838456241031,0.7388
81,960694,2.578697000406239,2.7050108139544737,0.0954583973159954,2.517915793193208,2.8921058347157396,2.983858035970945,0.31881207930451844,2.338999737963656,3.6287163339782342,2.983858035970945,0.31965482323305294,2.334924245022062,3.632791826919828,1,1,1,11.21332078818364,0.5247
82,961694,2.5743303295192743,2.2332410998964547,0.10319667517904048,2.0309793332212567,2.4355028665716527,2.62538037808544,0.3194780232531813,1.9791750812999371,3.271585674870943,2.62538037808544,0.31835886866901675,1.9790775147716597,3.2716832413992205,0,1,1,9.517053152469368,0.5895
83,962694,2.5777034529538083,2.3995154120037143,0.08380039568665269,2.235269654567669,2.5637611694397595,2.494421710217718,0.27566681340603577,1.9368329497858614,3.0520104706495745,2.494421710217718,0.2711331299084973,1.9439921935791475,3.0448512268562884,0,1,1,10.46822470682732,0.5578
84,963694,2.5734635240267654,2.529226537720486,0.1033661614629678,2.3266325840329167,2.731820491408055,2.738400084602633,0.26826328269192,2.1957863785224316,3.281013790682834,2.738400084602633,0.27531099741702925,2.1794890460118124,3.2973111231934533,1,1,1,7.093986241468229,0.73
85,964694,2.575493898356258,1.8516746106945141,0.08891803370064048,1.67739846706514,2.025950754323888,1.9373308627168502,0.2223862947740548,1.487512123536751,2.387149601896949,1.9373308627168502,0.22510830374237423,1.48033671057447,2.3943250148592305,0,0,0,6.409192713509053,0.858
86,965694,2.5692779631147515,2.0308798975190228,0.09935316239658265,1.8361512774715616,2.225608517566484,2.35367305839734,0.31627600860470695,1.713944447567131,2.993401669227549,2.35367305839734,0.3217385595407335,1.700509057849852,3.0068370589448277,0,1,1,10.486796388005677,0.9157
87,966694,2.5761299724562297,1.7780465422203202,0.11039946218658844,1.5616675724220153,1.9944255120186252,1.6941586422496964,0.29210046992323974,1.1033296739974885,2.2849876105019042,1.6941586422496964,0.2862230651554519,1.1130949284294993,2.2752223560698934,0,0,0,6.721641430255998,0.9755
88,967694,2.57397768171233,2.2319372047175716,0.10360799722527597,2.028869261645705,2.4350051477894383,2.2101303928934195,0.3136138177001878,1.5757865714331858,2.844474214353653,2.2101303928934195,0.30324347944845786,1.5945134010748854,2.8257473847119536,0,1,1,8.56636124654659,1.0466
89,968694,2.569538391709588,2.4059522838402545,0.09303023005351028,2.2236163834618985,2.5882881842186105,2.419727634117497,0.1906089732283254,2.0341845946910335,2.8052706735439608,2.419727634117497,0.19048348743268087,2.033025596079637,2.806429672155357,1,1,1,4.192436346891326,0.6256
90,969694,2.5718418894108437,2.2764636912571237,0.09159947404686124,2.0969320211224645,2.455995361391783,2.7820991624765226,0.267621243705276,2.240784102824916,3.3234142221281293,2.7820991624765226,0.27186239753840147,2.2301891538406675,3.3340091711123776,0,1,1,8.808710259240979,1.0292
91,970694,2.5771022783375654,2.5678293021922913,0.11942973148879546,2.333751329790963,2.8019072745936198,2.4320752249211686,0.3519201123471279,1.7202496090983164,3.1439008407440205,2.4320752249211686,0.3565506648885871,1.708238893307917,3.15591155653442,1,1,1,8.912870357377786,0.7424
92,971694,2.5698770232270816,1.8413399793357554,0.0858174290939266,1.6731409090658396,2.0095390496056713,1.8420859393444404,0.25118771100154674,1.3340108370767938,2.350161041612087,1.8420859393444404,0.24367574259344021,1.3473978823832078,2.336773996305673,0,0,0,8.062571828732164,0.8075
93,972694,2.5679180757540445,2.6203624064962656,0.10240970091676281,2.419643081031892,2.821081731960639,2.876872021410646,0.33820556693950654,2.192786692056221,3.5609573507650705,2.876872021410646,0.34109983188740683,2.184402548371162,3.5693414944501294,1,1,1,11.093812338148862,0.5516
94,973694,2.574071036864279,2.3868819131834385,0.09378791706525139,2.2030609735505164,2.5707028528163605,2.6503771743804756,0.309886349669049,2.0235728686615535,3.2771814800993977,2.6503771743804756,0.3125435626839735,2.015880009852133,3.284874338908818,0,1,1,11.105224314323936,0.6785
95,974694,2.5811595198286934,2.5788017615266634,0.09042046149031877,2.4015809135401476,2.7560226095131792,2.6072576525559215,0.21931599473082247,2.1636491813950567,3.0508661237167862,2.6072576525559215,0.21494702586667538,2.1708919911901523,3.0436233139216906,1,1,1,5.651053802534571,0.7456
96,975694,2.5748793566154555,2.4794890745193787,0.09314151974060943,2.2969350503624577,2.6620430986762997,2.7473457430470902,0.22429224726295277,2.2936718510736758,3.2010196350205047,2.7473457430470902,0.22501553781821168,2.290539915742824,3.2041515703513563,1,1,1,5.8363103352689425,0.4576
97,976694,2.5721925316496144,2.5432335554793704,0.08725189747638441,2.3722229788428755,2.7142441321158652,2.737041906635533,0.2190538571548193,2.2939636587694503,3.1801201545016156,2.737041906635533,0.21740968721669063,2.2956767769385023,3.1784070363325636,1,1,1,6.208805021722606,0.9408
98,977694,2.576422344477225,2.1939882530663617,0.10021323670789065,1.9975739183447088,2.3904025877880146,2.2873946109835686,0.3157240359391997,1.6487824702519895,2.9260067517151476,2.2873946109835686,0.3202679624913266,1.6372160811653431,2.9375731408017938,0,1,1,10.213552253751978,0.6105
99,978694,2.5755264697435236,2.1227855129226874,0.08757045394769028,1.951150577075391,2.2944204487699835,2.323443441287009,0.2813132771683739,1.7544336298727545,2.892453252701263,2.323443441287009,0.2789707474263556,1.7571027151868406,2.889784167387177,0,1,1,10.148506401375752,0.3993
100,979694,2.5672303956559017,2.5612699733460897,0.08383766182772316,2.396951175615704,2.7255887710764757,2.4861937230615525,0.2441246314596458,1.9924050476508064,2.9799823984722984,2.4861937230615525,0.233538507718861,2.012085346989739,2.960302099133366,1,1,1,7.759588420824465,1.1489
101,980694,2.581077027150012,2.19998800025191,0.10862371479342098,1.9870894313898542,2.4128865691139656,2.5190388102002497,0.2694957750861704,1.9739321529451836,3.0641454674553157,2.5190388102002497,0.2702292634384023,1.9704442400486988,3.0676333803518006,0,1,1,6.188928322381465,0.8729
102,981694,2.5689508880965466,2.3906656609539536,0.09306946783579517,2.208252855935486,2.5730784659724213,2.666198202390363,0.3276416031586165,2.003480506655142,3.3289158981255844,2.666198202390363,0.33023745588229403,1.9957805249984955,3.336615879782231,1,1,1,12.590361455558373,0.5351
103,982694,2.5782551616743996,2.4954227627252137,0.08961195739746575,2.319786553642043,2.6710589718083844,2.7187383716992133,0.2672306274487913,2.178213408002817,3.2592633353956098,2.7187383716992133,0.2668849208050024,2.176933178042513,3.2605435653559134,1,1,1,8.86984734744756,0.9488
104,983694,2.5739598619012636,2.182601633900146,0.09157820364715864,2.0031116529828408,2.3620916148174516,2.378050685290605,0.2437520695565526,1.8850155874583974,2.8710857831228127,2.378050685290605,0.24033720629417862,1.890140217339255,2.865961153241955,0,1,1,6.887439173829437,0.9518
105,984694,2.5785303343569037,1.8083932753523655,0.07852061641003807,1.654495695144806,1.962290855559925,2.0289802201078455,0.22583429727996499,1.5721872375667778,2.485773202648913,2.0289802201078455,0.2230580271657242,1.5761483506988285,2.4818120895168625,0,0,0,8.06990297079321,0.6244
106,985694,2.577316176338007,1.8190682615562703,0.09632669477063799,1.630271409056037,2.0078651140565036,1.9603580830088914,0.2380050297006829,1.4789474705102406,2.441768695507542,1.9603580830088914,0.2450143003483803,1.4629526093369338,2.457763556680849,0,0,0,6.469780524495448,0.5554
107,986694,2.5710971828036158,2.474772343542633,0.10645791311467663,2.2661186679685725,2.683426019116694,2.6854176811658563,0.3179981729172495,2.042205664217856,3.328629698113857,2.6854176811658563,0.3248183855240428,2.0260013014720206,3.344834060859692,1,1,1,9.30947756903436,0.5474
108,987694,2.5735070451900293,2.3400240555456966,0.07743992804277898,2.1882445856164763,2.491803525474917,2.2316180694268684,0.226246953981509,1.7739904099224952,2.6892457289312413,2.2316180694268684,0.21261866762546527,1.799979226586387,2.6632569122673497,0,1,1,7.538291080831591,0.9344
109,988694,2.57133646779401,2.5820773442723928,0.10702956841681359,2.3723032448945727,2.791851443650213,2.947676797821746,0.29998844608289876,2.3408928918139296,3.5544607038295624,2.947676797821746,0.30800679316052537,2.3223897650716,3.572963830571892,1,1,1,8.281576953882567,0.6721
110,989694,2.5764476884426504,2.1911386611402235,0.0949959682087092,2.0049499847746417,2.3773273375058053,2.173926961813869,0.24338040235890426,1.6816436318476198,2.666210291780118,2.173926961813869,0.24730459470298843,1.6718719434145943,2.6759819802131433,0,1,1,6.7772580724827085,0.8077
111,990694,2.570419003645218,2.204592549800849,0.10102451279719142,2.006588143162648,2.40259695643905,2.5826649310465126,0.27213514136102906,2.032219651592639,3.1331102105003863,2.5826649310465126,0.27660573682597833,2.021125431716566,3.144204430376459,0,1,1,7.496677649604451,1.0622
112,991694,2.575809530404752,2.65047075387833,0.09894497390990105,2.4565421685636686,2.844399339192991,2.9761905932283184,0.2353074135112614,2.5002364245017548,3.452144761954882,2.9761905932283184,0.23598595440590928,2.4971136362331583,3.4552675502234784,1,1,1,5.6883306559724565,0.7955
113,992694,2.5804926066743183,1.899923070967116,0.09131789635818115,1.7209432829611195,2.0789028589731124,2.3023742561740326,0.3310249398991119,1.6328131159343846,2.9719353964136808,2.3023742561740326,0.33302532659774986,1.626296900339781,2.9784516120082842,0,1,1,13.299727083206381,0.4233
114,993694,2.576115397599534,2.7354700479950997,0.1115554488674822,2.516825385935635,2.9541147100545646,2.8131108553243673,0.27377917036607025,2.2593402133297196,3.366881497319015,2.8131108553243673,0.26551997233508884,2.274076654378092,3.3521450562706425,1,1,1,5.6651682465683795,0.6146
115,994694,2.572816195171883,2.4757596801754147,0.08445284492470716,2.3102351457310424,2.641284214619787,2.6150099384683694,0.23624409063373156,2.137161161431179,3.09285871550556,2.6150099384683694,0.23630135473372207,2.1352926847671436,3.094727192169595,1,1,1,7.828956047410748,0.616
116,995694,2.580810623752244,2.3732860535212037,0.09779668542854207,2.181608072273868,2.5649640347685394,2.7161615841939466,0.3067969466358059,2.095606185938699,3.336716982449194,2.7161615841939466,0.3149972421688706,2.0766831854899293,3.355639982897964,0,1,1,10.374453574899388,0.4734
117,996694,2.5728616341032473,2.2615314761544205,0.08914032274147313,2.0868196540108563,2.4362432982979847,2.552453489163355,0.26864322914467664,2.009071268843063,3.095835709483647,2.552453489163355,0.2744372277749579,1.995316297250368,3.109590681076342,0,1,1,9.478456973552081,0.7971
118,997694,2.5723599591659942,2.485476861790981,0.09116137034874765,2.306803859126118,2.664149864455844,2.6675649896453297,0.23515324860819925,2.191922648868378,3.1432073304222814,2.6675649896453297,0.2331639460584362,2.194217014169963,3.1409129651206964,1,1,1,6.541857858484745,0.6235
119,998694,2.578315276542239,2.382142899493991,0.09732148475138254,2.191396294459317,2.5728895045286646,2.358812109495892,0.22241834844415764,1.9089285356483219,2.808695683343462,2.358812109495892,0.2259655753850684,1.900077603395014,2.8175466155967697,0,1,1,5.390972440702238,0.6518
120,999694,2.58227326710693,2.528776458101181,0.07762446008235677,2.3766353120203947,2.6809176041819676,2.410436299233064,0.19963198718698968,2.006642491401045,2.814230107065083,2.410436299233064,0.2049687600054071,1.9943275945024452,2.8265450039636826,1,1,1,6.9723336699269876,0.6968
121,1000694,2.5718570721866953,2.5745082261218752,0.10105272628378474,2.376448522066073,2.7725679301776776,2.6534264073672804,0.29146459566095606,2.0638836162116787,3.242969198522882,2.6534264073672804,0.28407631778333975,2.0767208224071587,3.230131992327402,1,1,1,7.902672609212974,0.8199
122,1001694,2.5741494199584642,2.195482495675656,0.10075080547872853,1.998014545523947,2.3929504458273643,2.41631989555368,0.2970355774806564,1.815508730055681,3.0171310610516793,2.41631989555368,0.30040277412326133,1.8064698421376506,3.02616994896971,0,1,1,8.890185522510112,1.3975
123,1002694,2.5752575828399094,2.5418159377150555,0.0837927405033826,2.377585184162515,2.7060466912675962,2.5508253391706743,0.2874293423499515,1.96944461824729,3.1322060600940587,2.5508253391706743,0.275558985976668,1.9914108570388156,3.110239821302533,1,1,1,10.814747067233002,0.3145
124,1003694,2.5715338060314377,1.5347343187912252,0.09496728981375553,1.348601851046887,1.7208667865355636,1.6109215342158176,0.26176283076027496,1.0814562332338902,2.140386835197745,1.6109215342158176,0.2655147985337725,1.0718978366446135,2.149945231787022,0,0,0,7.81680673967909,0.4047
125,1004694,2.5708163772043355,2.3100986819635514,0.08370568968850299,2.146038544873,2.474158819054103,2.591660867478588,0.2518868200116843,2.0821716837640207,3.1011500511931556,2.591660867478588,0.25615060140980384,2.0716475007304522,3.111674234226724,0,1,1,9.364418226214822,1.1079
126,1005694,2.576870917618836,2.29608654546269,0.10725079127469006,2.085878857250875,2.506294233674505,2.721361751926246,0.3017048486570717,2.111106094016522,3.33161740983597,2.721361751926246,0.29371575580829884,2.125087067407777,3.3176364364447153,0,1,1,7.499865553002323,0.4726
127,1006694,2.5767313543439303,2.2942384261628765,0.08856596672511616,2.120652321125676,2.467824531200077,2.5319781260506127,0.24946981260593015,2.0273778012693255,3.0365784508319,2.5319781260506127,0.22648633102759322,2.0721864297911643,2.991769822310061,0,1,1,6.539586039313216,0.5774
128,1007694,2.5687874514102313,2.7693924803238583,0.11383427064512701,2.5462814096530244,2.9925035509946922,3.0980883781378066,0.28784155865689215,2.5158738710332824,3.6803028852423307,3.0980883781378066,0.28723660661614725,2.514967065762641,3.681209690512972,1,1,1,6.366980447184963,0.567
129,1008694,2.5755764732131077,2.2621579892814605,0.10392234696062397,2.058473932049762,2.465842046513159,2.8067989605142634,0.3598113836524615,2.079011741874566,3.5345861791539606,2.8067989605142634,0.3655312110217283,2.0647311509961037,3.548866770032423,0,1,1,12.371747227677925,0.719
130,1009694,2.582290131682447,2.445877355282606,0.10130444813025566,2.247324285473599,2.644430425091613,2.730584849633604,0.32602278897428816,2.0711415146502503,3.3900281846169573,2.730584849633604,0.3273846785753517,2.065958618070092,3.3952110811971155,1,1,1,10.44382705717231,0.4726
131,1010694,2.5779071399890157,1.847600073080396,0.10237648139522425,1.6469458566818216,2.0482542894789706,2.1636434260294273,0.2743723932313427,1.6086728775316348,2.7186139745272198,2.1636434260294273,0.27780144242851756,1.5996765152759127,2.727610336782942,0,1,1,7.363233868633478,0.857
132,1011694,2.575245126463089,2.381448664455038,0.1064520873394583,2.1728064071905875,2.5900909217194883,2.5442435178230705,0.2740713069852866,1.9898819737413236,3.0986050619048173,2.5442435178230705,0.2711662780735035,1.993746706831914,3.0947403288142272,1,1,1,6.488779213505976,1.0592
133,1012694,2.57056602147521,2.461479869085789,0.10065696148943212,2.264195849773267,2.658763888398311,2.5836901183660093,0.3162058365132586,1.9441034439880127,3.223276792744006,2.5836901183660093,0.32089318683171425,1.9322423156574278,3.2351379210745907,1,1,1,10.163267582332319,0.846
134,1013694,2.573680825398342,2.337378069642416,0.10768630261967808,2.126316794879566,2.548439344405266,2.4117812260474736,0.27839920719275285,1.8486656775132597,2.9748967745816874,2.4117812260474736,0.2781409292785552,1.847125120348161,2.9764373317467863,0,1,1,6.671275424976928,0.5835
135,1014694,2.5780724755478355,2.6098842410312146,0.09013017552216342,2.433232343087501,2.7865361389749284,2.6608821400497162,0.23972974170701894,2.175982968236171,3.1457813118632614,2.6608821400497162,0.21442529257415352,2.2255756535775277,3.0961886265219047,1,1,1,5.659936893926386,0.6821
136,1015694,2.5628414367896206,2.6019023076321686,0.11663555099759015,2.3733008283599073,2.83050378690443,2.9730993674000485,0.3144963997942464,2.3369703551519754,3.6092283796481217,2.9730993674000485,0.3212021762467961,2.321024282830164,3.625174451969933,1,1,1,7.583943126717428,0.8947
137,1016694,2.571780644221754,2.1195650191777644,0.08693903557277911,1.9491676406044707,2.289962397751058,2.234193505473535,0.2794734464709833,1.6689051029052973,2.7994819080417725,2.234193505473535,0.28192922286153893,1.661846754936867,2.806540256010203,0,1,1,10.515999385107373,0.7142
138,1017694,2.5739460998689467,2.374998970531753,0.10659184928087158,2.166082784895723,2.583915156167783,2.625753307327652,0.28832789274619086,2.0425550966765993,3.208951517978705,2.625753307327652,0.27655350522085415,2.0643198437933736,3.187186770861931,1,1,1,6.73147660714788,0.6475
139,1018694,2.574463837135906,2.5544415425682563,0.10953369891206194,2.3397594376071607,2.769123647529352,2.822023948648625,0.34658645539014415,2.120986672323255,3.523061224973995,2.822023948648625,0.3382808924819809,2.135277226845354,3.5087706704518964,1,1,1,9.5380463306459,0.9429
140,1019694,2.5826235162117253,2.481892694594687,0.09196788947639778,2.301638943486787,2.6621464457025867,2.4474004714704365,0.3025369167264221,1.835461797031985,3.059339145908888,2.4474004714704365,0.3086138705397394,1.8208810061196867,3.073919936821186,1,1,1,11.260519898146363,1.1134
141,1020694,2.5647518289897477,2.4388591372402404,0.09859385550878666,2.2456187313460725,2.6320995431344083,2.598486988720232,0.25736090161601555,2.0779254298490435,3.119048547591421,2.598486988720232,0.2568942108207625,2.076964014611387,3.1200099628290774,1,1,1,6.789048869201786,0.9048
142,1021694,2.569995870959768,2.365507261871536,0.09939952586899403,2.1706877710879504,2.5603267526551217,2.6824439821626176,0.25724560230127785,2.1621156381684354,3.2027723261567997,2.6824439821626176,0.25436566788436393,2.166054223115877,3.1988337412093584,0,1,1,6.548598456901259,0.3026
143,1022694,2.5767138921027968,2.852646101354809,0.0959891646193219,2.6645107957948517,3.0407814069147663,3.2986697194056864,0.29213827715712615,2.7077642788047847,3.889575160006588,3.2986697194056864,0.2927061180824084,2.7044447084392083,3.8928947303721646,0,0,0,9.298634471144121,0.8075
144,1023694,2.5817979084527156,2.8578625465146903,0.10688872254669189,2.64836449996968,3.0673605930597008,3.127677592055289,0.32110564903594785,2.4781801113777666,3.7771750727328115,3.127677592055289,0.3231852230349043,2.4715767084787745,3.7837784756318036,0,1,1,9.141957905333625,1.0187
145,1024694,2.569721826671857,2.3085176326507213,0.12100509212014986,2.071352010149276,2.5456832551521664,2.662476009605946,0.32663433630740113,2.0017957033847322,3.32315631582716,2.662476009605946,0.32564761842772083,2.0013761976199875,3.3235758215919047,0,1,1,7.2425002607010835,0.5294
146,1025694,2.5734701321444944,2.278390695406225,0.09438342173520944,2.0934025880675593,2.4633788027448906,2.5465323077233437,0.32288084526734523,1.8934441537472904,3.1996204616993973,2.5465323077233437,0.31461191535699723,1.907836164035078,3.1852284514116094,0,1,1,11.111147104252636,0.6001
147,1026694,2.5747466436026762,2.3160046119737543,0.09372638493133112,2.1323042731072075,2.499704950840301,2.5036508505564146,0.2761489082199744,1.9450869613218076,3.0622147397910213,2.5036508505564146,0.2699474952019126,1.9556283003356905,3.0516734007771387,0,1,1,8.295352992902819,1.0421
148,1027694,2.5714804028176927,1.6567032347155533,0.09079243201227823,1.4787533379026865,1.83465313152842,1.6479477037755828,0.244054593052521,1.1543006944149818,2.1415947131361834,1.6479477037755828,0.2406547348582817,1.159392618568801,2.1365027889823645,0,0,0,7.025698726962742,0.4722
149,1028694,2.576738871032478,2.457445355717441,0.11855161931105461,2.225088451558871,2.689802259876011,2.8209205378966318,0.3464677069729907,2.1201234529164066,3.521717622876857,2.8209205378966318,0.34905127459574264,2.112308777973927,3.5295322978193364,1,1,1,8.66888966779459,0.4208
150,1029694,2.573298592681346,2.802229836412765,0.09017406772984769,2.625491911322788,2.9789677615027417,3.1295080256027377,0.2935268944838601,2.5357938413436454,3.72322220986183,3.1295080256027377,0.29064117044593724,2.5394750812044813,3.719540970000994,0,1,1,10.388454585837167,1.0658
151,1030694,2.5863000735458197,2.294235291249461,0.0991334500576479,2.099937299473271,2.4885332830256512,2.614213056873116,0.3166604986870382,1.973706741444531,3.2547193723017007,2.614213056873116,0.31350635093908286,1.9777613282748496,3.250664785471382,0,1,1,10.00120304725447,0.8884
152,1031694,2.580255610277174,2.254896394251231,0.09128319975750018,2.075984610332955,2.4338081781695067,2.2284064788889033,0.26342392093820727,1.69558130588671,2.7612316518910967,2.2284064788889033,0.2640806815985025,1.6922941934780291,2.7645187642997775,0,1,1,8.369346614271564,0.9051
153,1032694,2.57374669825113,2.611531658890107,0.09781499896699275,2.419817783766979,2.8032455340132354,2.7381577033376336,0.29922174885324654,2.132924588854652,3.343390817820615,2.7381577033376336,0.29039477697517097,2.148624964277849,3.3276904423974183,1,1,1,8.813871052191333,0.8473
154,1033694,2.5713533508408717,2.2565081967428697,0.09887301487954588,2.062720648536067,2.4502957449496723,2.445843417631621,0.29249587136325766,1.8542146744769192,3.037472160786322,2.445843417631621,0.29712178924777993,1.8426541176237754,3.0490327176394665,0,1,1,9.030534357523344,0.9361
155,1034694,2.5761520117876384,2.0282101690113663,0.09476935711801088,1.8424656422220504,2.213954695800682,2.170244894910813,0.3191568093295541,1.5246893146120202,2.8158004752096053,2.170244894910813,0.325754739286854,1.5089276160194474,2.8315621738021783,0,1,1,11.81532348896063,0.675
156,1035694,2.5755972160549576,2.6599613005806377,0.11046353748152313,2.4434567455119622,2.8764658556493132,2.7350544515688378,0.2727963186791521,2.1832718147570622,3.2868370883806133,2.7350544515688378,0.28007297663824127,2.1664760812068713,3.303632821930804,1,1,1,6.428424096966087,0.7336
157,1036694,2.5769555837124,2.5315081964215684,0.11592471458278777,2.304299930921219,2.7587164619219178,2.931620189923516,0.3585187497045046,2.2064475702332826,3.6567928096137496,2.931620189923516,0.36090708218452816,2.1989398610190074,3.664300518828025,1,1,1,9.692565359867295,0.9412
158,1037694,2.576379810206831,2.596982232119811,0.11342422293476166,2.374674840193236,2.819289624046386,2.5274282024103076,0.36684325174066235,1.7854176880377104,3.269438716782905,2.5274282024103076,0.37293915454318155,1.770321468017215,3.2845349368034,1,1,1,10.810961945852357,0.8306
159,1038694,2.581038431842638,2.75108985996853,0.10142507372756225,2.5523003683331886,2.9498793516038715,2.846469245415072,0.2582836129284347,2.324041326750438,3.3688971640797063,2.846469245415072,0.2549629531462905,2.328866932822667,3.364071558007477,1,1,1,6.319220321081161,0.5809
160,1039694,2.5719642756994165,2.392339547824641,0.09441200615326546,2.2072954160560667,2.5773836795932152,2.4916268384841493,0.2799143568911033,1.9254466104125856,3.0578070665557133,2.4916268384841493,0.2720753724055333,1.9392844678820116,3.043969209086287,1,1,1,8.30470122333063,0.9251
161,1040694,2.5799975910430444,1.9344450392819532,0.10128454407591209,1.7359309807026058,2.1329590978613004,1.9460683090781845,0.36871627949381613,1.2002692384763063,2.6918673796800627,1.9460683090781845,0.3749669185620947,1.1848449948736755,2.7072916232826936,0,1,1,13.705647334677177,0.3055
162,1041694,2.577132334045344,1.8465690642532704,0.10628130432643998,1.638261535543507,2.054876592963034,2.184661860819867,0.28676279695488516,1.6046293552148758,2.7646943664248584,2.184661860819867,0.29323253249830056,1.589368171774141,2.7799555498655932,0,1,1,7.612206325366557,0.5816
163,1042694,2.5717651465560674,2.507272491075765,0.10075203813904121,2.309802124954238,2.704742857197292,2.7789305936350823,0.29391251559006465,2.184436417065896,3.373424770204269,2.7789305936350823,0.2998121644790094,2.1702795415403497,3.387581645729815,1,1,1,8.855045944312167,0.8886
164,1043694,2.5704137851912567,2.300684000585151,0.1021848545829805,2.1004053658370463,2.5009626353332557,2.744410612304902,0.28949506620681786,2.158851570492931,3.3299696541168733,2.744410612304902,0.28775525993962564,2.16023637770573,3.328584846904074,0,1,1,7.93000533332267,0.7401
165,1044694,2.5704848325850422,2.256360196804202,0.10832757931135552,2.0440420428215393,2.468678350786865,2.2235897838211742,0.37458614017200886,1.4659177993236348,2.9812617683187135,2.2235897838211742,0.3759008617144595,1.4604704642185142,2.986709103423834,0,1,1,12.041166607988469,0.9137
166,1045694,2.577072283378159,2.3869455970999027,0.09560182056159919,2.1995694719427075,2.574321722257098,2.6068675007374202,0.2593605719144579,2.082261226910505,3.1314737745643355,2.6068675007374202,0.2435131733793986,2.112509476826503,3.1012255246483376,0,1,1,6.488026203346923,0.5423
167,1046694,2.576331014765755,2.5392012243166646,0.11538857937652344,2.3130437645114372,2.765358684121892,2.573457348880815,0.35534060425551334,1.854713135132812,3.2922015626288177,2.573457348880815,0.3617615969168436,1.8390422628434258,3.307872434918204,1,1,1,9.829224878132107,0.5615
168,1047694,2.569683987945662,2.3547487144030463,0.08914923661391902,2.1800194213905257,2.529478007415567,2.462599878053694,0.24899969792098212,1.9589504499770274,2.966249306130361,2.462599878053694,0.25082394862313084,1.9534001913588197,2.9717995647485687,0,1,1,7.91594455534389,1.3115
169,1048694,2.57453579079901,2.0688421003497868,0.1015430572298377,1.8698213652992153,2.2678628354003583,2.1214543569001223,0.24719538733649782,1.6214544914596183,2.6214542223406263,2.1214543569001223,0.24261064524835102,1.6289285625035137,2.613980151296731,0,1,1,5.708463598440579,0.476
170,1049694,2.5743913668800933,2.734089944316391,0.08878939466660343,2.5600659285607352,2.9081139600720465,2.8919850948670875,0.24566785618899245,2.3950749528087156,3.3888952369254595,2.8919850948670875,0.23210867232743818,2.4207794389594945,3.3631907507746805,1,1,1,6.833772936145047,0.5594
171,1050694,2.568767267472597,2.238738872314863,0.10828113808408224,2.0265117414650535,2.4509660031646727,2.4216839545033535,0.26814394652905027,1.8793116285962208,2.964056280410486,2.4216839545033535,0.2714694409360837,1.8705716901813219,2.972796218825385,0,1,1,6.285448518081325,0.6283
172,1051694,2.5812601996438986,2.20133369167249,0.09387534574294355,2.017341394980075,2.385325988364905,2.3537994326533465,0.3284604375965187,1.689425487935567,3.018173377371126,2.3537994326533465,0.31473018357700533,1.7148631917139823,2.9927356735927106,0,1,1,11.240191000045144,0.7629
173,1052694,2.577753871129532,3.0665358032123247,0.12044979026267932,2.83045855235207,3.3026130540725793,3.0204297391203734,0.3248863755454892,2.3632850172608593,3.6775744609798875,3.0204297391203734,0.32470649604629875,2.361240507142394,3.679618971098353,0,1,1,7.26724594291974,0.5915
174,1053694,2.574873916560992,2.165499019631823,0.10913324267064632,1.9516017944812862,2.3793962447823596,2.3550741440200786,0.2912177561872025,1.766030632826745,2.9441176552134123,2.3550741440200786,0.2967293939142978,1.7526814488897438,2.9574668391504133,0,1,1,7.392767021612532,0.8248
175,1054694,2.5762548006554282,2.7559972638393253,0.08217925714078927,2.594928879567122,2.9170656481115285,3.02293154218281,0.2279158786608904,2.561928163883227,3.483934920482393,3.02293154218281,0.21099367686007095,2.594591605978489,3.451271478387131,0,1,0,6.591958407739389,0.4575
176,1055694,2.5757533955974834,2.670864199828112,0.09475566578782722,2.4851465075528565,2.856581892103368,2.7845607634256173,0.2684164742683078,2.24163719813483,3.3274843287164044,2.7845607634256173,0.2621380242513826,2.252392282097005,3.31672924475423,1,1,1,7.653316409777231,0.4289
177,1056694,2.5761497497752073,2.186621939475526,0.10292946712351701,1.984883890965533,2.388359987985519,2.3797909713263863,0.296890782562315,1.7792726811949837,2.980309261457789,2.3797909713263863,0.2948637347646289,1.781185765627207,2.978396177025566,0,1,1,8.20660017781857,0.7321
178,1057694,2.5825785135291053,2.398881136771763,0.09666147798232305,2.2094281212339983,2.588334152309528,2.3981227605135613,0.32307713770603136,1.7446375676041055,3.051607953423017,2.3981227605135613,0.3265135310160418,1.7352650525168807,3.060980468510242,1,1,1,11.41025904909474,0.6884
179,1058694,2.5761315630293127,2.4085068875206526,0.09094855085469629,2.230251003399338,2.586762771641967,2.5210674977651166,0.30859504382751335,1.8968751046468593,3.145259890883374,2.5210674977651166,0.31601423468860956,1.8795244944838059,3.1626105010464274,1,1,1,12.073181349201336,0.8368
180,1059694,2.5831188420577487,2.3686037499072077,0.09499811044748237,2.1824108748307838,2.5547966249836316,2.56964807871889,0.22689987647918303,2.110699758806984,3.028596398630796,2.56964807871889,0.22679323088446596,2.1092333426268253,3.0300628148109547,0,1,1,5.699414485300111,0.8723
181,1060694,2.569839756955666,2.686879387315517,0.09251607709532123,2.505551208217756,2.8682075664132776,3.09369134178267,0.323599821779481,2.4391489205437997,3.74823376302154,3.09369134178267,0.3047996136058979,2.4749152296736954,3.7124674538916445,1,1,1,10.854114671861021,0.5284
182,1061694,2.577421367598207,2.3087353137593527,0.09432841738365236,2.123855012968732,2.4936156145499733,2.400613964024824,0.25980933314799487,1.875099984925569,2.9261279431240785,2.400613964024824,0.25226196686648567,1.888494945093146,2.9127329829565016,0,1,1,7.151851019639228,0.7135
183,1062694,2.573567858222854,2.597348758143789,0.09907455063694666,2.4031662071108837,2.791531309176694,2.569123963028106,0.32941699483108183,1.9028151986774802,3.2354327273787318,2.569123963028106,0.3284458798277063,1.9023433783887203,3.2359045476674915,1,1,1,10.990144789363224,0.442
184,1063694,2.580002659467346,2.5203964287664924,0.1212514390254488,2.2827479752029585,2.7580448823300263,2.644648148020877,0.3371235620094129,1.9627513802139878,3.3265449158277662,2.644648148020877,0.3354308803664723,1.9636872584089096,3.3256090376328444,1,1,1,7.6530100025158285,1.0741
185,1064694,2.575928400084282,2.7069951689485725,0.10035448017165843,2.510304002124883,2.903686335772262,2.9929254279906132,0.3467412167269157,2.2915751173145824,3.694275738666644,2.9929254279906132,0.352207840360738,2.277905498882348,3.7079453570988785,1,1,1,12.317554923776887,0.8082
186,1065694,2.5785164101702045,2.2223497710866584,0.10669472015071779,2.0132319622506714,2.4314675799226455,2.31661890208427,0.3024879357869925,1.7047793009472576,2.9284585032212824,2.31661890208427,0.31072781230773483,1.6858079067904532,2.947429897378087,0,1,1,8.481533806431084,0.7665
187,1066694,2.580086502872552,1.862319086085594,0.09204235447187697,1.681919386268446,2.0427187859027423,2.2756625762783367,0.251543104830062,1.7668686221407155,2.784456530415958,2.2756625762783367,0.23754880481184906,1.7934128642834088,2.7579122882732645,0,1,1,6.660859305037962,0.5511
188,1067694,2.577543098893203,2.507876002906678,0.09865167079779076,2.314522281128306,2.70122972468505,2.608953431334604,0.3221310089997189,1.9573819643685928,3.2605248983006154,2.608953431334604,0.3145130770003539,1.9704579401777753,3.247448922491433,1,1,1,10.164090539015824,0.9811
189,1068694,2.5796579124158696,2.7522721275598836,0.09609567044179486,2.5639280744237354,2.940616180696032,3.140719402420457,0.32516844439423204,2.4830041424617657,3.7984346623791487,3.140719402420457,0.32849833161744985,2.473832334986862,3.8076064698540524,1,1,1,11.685806591966722,0.8317
190,1069694,2.578516260369073,2.8231997752260627,0.09037193480118531,2.6460740378025376,3.000325512649588,2.7983286067137123,0.2717994396819636,2.2485623479979253,3.3480948654294993,2.7983286067137123,0.25908917395261266,2.272349620548681,3.3243075928787436,0,1,1,8.219234514035067,0.6343
191,1070694,2.5785141345769658,2.494080176223624,0.09841551465319527,2.3011893119833875,2.6869710404638605,2.5583111088199684,0.30532707819223703,1.9407288001191767,3.17589341752076,2.5583111088199684,0.3094685296487557,1.9300565932360532,3.1865656244038836,1,1,1,9.887940562688165,0.5516
192,1071694,2.5771258812116966,2.000739333847922,0.07546425646886751,1.852832109048848,2.148646558646996,2.139264489051304,0.1905546229581529,1.7538313834228199,2.5246975946797883,2.139264489051304,0.19276013984757254,1.7479406008961025,2.530588377206506,0,0,0,6.524569635209974,0.9584
193,1072694,2.574013456232634,2.173814531834909,0.0998936324228479,1.9780266100012447,2.369602453668574,2.3874233336243003,0.26141124921398984,1.8586691734436962,2.9161774938049043,2.3874233336243003,0.26062925010272375,1.8583178266568194,2.916528840591781,0,1,1,6.807234279512474,0.9686
194,1073694,2.5738473717750603,2.8977065405466016,0.11329058042173817,2.6756610831323564,3.119751997960847,3.11749695294635,0.3814212838302787,2.345999585434081,3.8889943204586186,3.11749695294635,0.3710326193837943,2.3642606906958177,3.870733215196882,0,1,1,10.725970077290057,0.8814
195,1074694,2.5775794604914295,2.682309461169234,0.08769668941631764,2.5104271083498566,2.8541918139886113,2.954047322943833,0.19939571703142842,2.5507314166101436,3.3573632292775226,2.954047322943833,0.19421484551809112,2.559770225273641,3.3483244206140252,1,1,1,4.904541906168102,0.9807
196,1075694,2.5700064051808056,1.354860682437707,0.11559947512822591,1.1282898745546504,1.5814314903207636,1.9932363607405936,0.29903716341769926,1.3883766055420645,2.5980961159391227,1.9932363607405936,0.22895055341867587,1.5284420270680361,2.458030694413151,0,1,0,3.922578746360006,0.6248
197,1076694,2.5793734078817723,2.580964523837315,0.0933085921753273,2.3980830437255376,2.7638460039490926,2.724667782630183,0.2448175096140128,2.2294776288679072,3.219857936392459,2.724667782630183,0.24858610251007957,2.220011165071618,3.229324400188748,1,1,1,7.097581966526646,1.058
198,1077694,2.578128390196728,2.1491725317014603,0.09802977257093817,1.957037708049769,2.3413073553531514,2.3615034870562215,0.2917377168641706,1.7714082561228084,2.9515987179896346,2.3615034870562215,0.2876863324301079,1.777469182740596,2.945537791371847,0,1,1,8.61236582961296,0.9567
199,1078694,2.578335738957828,2.102427376174563,0.11364379780653186,1.8796896254074087,2.3251651269417177,2.4769670110317197,0.4415142756052778,1.5839200946983165,3.3700139273651226,2.4769670110317197,0.45297795732325247,1.5573728685471395,3.3965611535163,0,1,1,15.887759624688993,0.3912
200,1079694,2.57673920868588,2.6487760454281792,0.1077668995695673,2.4375568035462822,2.8599952873100762,3.093846406963511,0.28686195561797556,2.5136133340310436,3.6740794798959784,3.093846406963511,0.29231101211559873,2.500423503752752,3.68726931017427,1,1,1,7.3573188256294,0.5202
201,1080694,2.5725403390288686,2.405538368714644,0.09059899933337207,2.2279675929858667,2.5831091444434215,2.6126016820595237,0.23545102347317085,2.136357034766979,3.0888463293520685,2.6126016820595237,0.23099237816695065,2.1436622237773957,3.0815411403416517,1,1,1,6.500525981467686,0.4944
202,1081694,2.5748226048993836,2.0008485023935956,0.1034027220937063,1.7981828911865272,2.203514113600664,2.2174058431999817,0.2988827248879916,1.612858469413196,2.8219532169867674,2.2174058431999817,0.299964804885555,1.6084449146057493,2.826366771794214,0,1,1,8.415436738368019,0.5183
203,1082694,2.5707120837040236,2.4853674858466634,0.0967629152281889,2.295715656960311,2.675019314733016,2.4923257661299525,0.283190506059023,1.9195189008837514,3.0651326313761533,2.4923257661299525,0.2905850907693437,1.9024066695277626,3.0822448627321424,1,1,1,9.018384916244012,0.9628
204,1083694,2.5628256640327463,2.2541474847403515,0.09224385053121781,2.073352859903869,2.434942109576834,2.4689011220696924,0.2704388675216121,1.921886880308703,3.0159153638306817,2.4689011220696924,0.26762059858693316,1.925602423115257,3.0121998210241276,0,1,1,8.417133758537403,0.801
205,1084694,2.574333997684102,2.245690569179463,0.08507294260173259,2.0789506656212238,2.412430472737702,2.3874707360778706,0.25416269770764377,1.8733781552125717,2.90156331694317,2.3874707360778706,0.25403858873997387,1.8717449829953217,2.9031964891604196,0,1,1,8.916952906392147,0.5168
206,1085694,2.5718419257210763,1.7977264360525402,0.11426140193798294,1.5737782034310386,2.021674668674042,2.2427266163576074,0.3273287524466445,1.580641720916819,2.9048115117983957,2.2427266163576074,0.3104413356124603,1.6124971996741264,2.8729560330410884,0,1,1,7.381761167439794,0.6845
207,1086694,2.576521718439397,2.6608152775526706,0.10273013948925622,2.4594679040269525,2.8621626510783886,2.8736454520706887,0.29469206404826725,2.277574489913367,3.46971641422801,2.8736454520706887,0.2942140964572677,2.2763590822497783,3.470931821891599,1,1,1,8.202215929054491,0.9391
208,1087694,2.5850521249839935,2.1561464683571856,0.10995069152468585,1.940647072893528,2.3716458638208433,2.1160979005207725,0.322162803575377,1.464462122955271,2.767733678086274,2.1160979005207725,0.31546630194502495,1.475667259846361,2.756528541195184,0,1,1,8.232088283206506,0.9899
209,1088694,2.5865016151453446,2.350761632491928,0.07944938957923488,2.195043690322936,2.5064795746609203,2.447364946009249,0.2715548188552459,1.8980934796185158,2.9966364123999822,2.447364946009249,0.2646107422240054,1.910176580320088,2.98455331169841,0,1,1,11.092611742484884,0.8606
210,1089694,2.5768880570643247,2.2035245357832856,0.10069355619528307,2.006168792165271,2.4008802794013,2.434754208029525,0.2671805091441589,1.894330618172836,2.975177797886214,2.434754208029525,0.26303605129521335,1.9007626348794486,2.968745781179601,0,1,1,6.823814216348436,0.3092
211,1090694,2.5733795674370796,1.8321790009625563,0.09876160714114607,1.6386098079106162,2.025748194014496,2.0879972948118457,0.2789837760231188,1.523699344212314,2.6522952454113775,2.0879972948118457,0.28028592233203453,1.5189866217086228,2.6570079679150687,0,1,1,8.05427165918039,0.6155
212,1091694,2.576770401526999,2.6049118757043455,0.09431176520598239,2.420064212582222,2.789759538826469,2.722954959825439,0.2510938786236739,2.2150696514565213,3.230840268194356,2.722954959825439,0.25525301357039687,2.204763793266384,3.2411461263844936,1,1,1,7.325040147418122,0.5397
213,1092694,2.57026443202393,1.7568744507013403,0.09084885131146753,1.5788139740940295,1.9349349273086511,1.853048265304857,0.2306395250836237,1.3865357921166206,2.3195607384930934,1.853048265304857,0.22644626326497824,1.3933379109279604,2.3127586196817536,0,0,0,6.21285812138198,1.0351
214,1093694,2.5711040426720353,2.3519988479134604,0.0856390721782941,2.184149350774578,2.519848345052343,2.823874068348784,0.23603149150799344,2.346455313632832,3.301292823064736,2.823874068348784,0.23412088888048585,2.3485833956634923,3.2991647410340756,0,1,1,7.473713091874812,1.1007
215,1094694,2.574521074014724,2.474955946129501,0.09183726000104017,2.2949582240886213,2.6549536681703807,2.7803482272353066,0.2853405519218352,2.2031924837447328,3.3575039707258805,2.7803482272353066,0.28476496236305554,2.202244619454157,3.358451835016456,1,1,1,9.614689621191566,0.5141
216,1095694,2.5734782427470653,2.165322874838349,0.11564352405817341,1.938665732639038,2.3919800170376604,2.5289305779086377,0.31316689753184035,1.8954907378149017,3.1623704180023737,2.5289305779086377,0.31611608953569437,1.8871807982947295,3.1706803575225457,0,1,1,7.472235768275871,0.6677
217,1096694,2.5714215526314836,2.3120912770034754,0.10502614010509069,2.10624382496224,2.517938729044711,2.4427712043535257,0.27590637362059717,1.8846978876508738,3.0008445210561776,2.4427712043535257,0.2743546978599576,1.8858015570752986,2.9997408516317527,0,1,1,6.823858189325264,0.6952
218,1097694,2.578951067325614,2.337739010196463,0.09276324438621927,2.1559263921103855,2.51955162828254,2.481641399098526,0.25045008996847185,1.9750582761969082,2.9882245220001438,2.481641399098526,0.23965694889991918,1.995111927076513,2.968170871120539,0,1,1,6.674645315511866,0.9375
219,1098694,2.5583349621847655,2.436520792246739,0.09894087231664478,2.2426002459071395,2.6304413385863388,2.574499234084896,0.261832997583147,2.0448920073074572,3.1041064608623343,2.574499234084896,0.2660492639978528,2.0343905139376863,3.1146079542321052,1,1,1,7.230571975842492,0.5784
220,1099694,2.579466712715481,2.008401570750489,0.11200894551381882,1.788868071597095,2.227935069903883,2.098287415294181,0.2945052293672197,1.5025943619497621,2.6939804686385997,2.098287415294181,0.2900776956110859,1.5093983856255258,2.687176444962836,0,1,1,6.706922007088001,0.9051
221,1100694,2.572884074920546,2.4068896498549854,0.08027197252496902,2.2495594747380574,2.5642198249719135,2.4115317534352427,0.26192043292582545,1.8817476719840782,2.9413158348864075,2.4115317534352427,0.25709661374438564,1.8895978795464496,2.933465627324036,0,1,1,10.258050741668995,0.6611
222,1101694,2.5827605486147025,2.7084102480384233,0.08551089031619548,2.540811982732725,2.8760085133441216,2.9319379526849314,0.24999685785840114,2.4262715782570226,3.4376043271128403,2.9319379526849314,0.24900133976125907,2.426438358690642,3.4374375466792206,1,1,1,8.479309962391724,0.8388
223,1102694,2.573421948665386,2.584534794239705,0.08769285752188541,2.412659951795407,2.7564096366840025,2.768900705415324,0.24380870577121858,2.275751050025966,3.2620503608046816,2.768900705415324,0.2463950105483021,2.268692241019889,3.2691091698107586,1,1,1,7.894695326912576,0.5345
224,1103694,2.5737498623667534,2.183106774896605,0.09007605452618213,2.006560952155822,2.359652597637388,2.5793046685810403,0.2425378894904098,2.0887254817439094,3.0698838554181713,2.5793046685810403,0.2477491711527281,2.076347112006436,3.082262225155645,0,1,1,7.564943872728037,0.9778
225,1104694,2.5766870917948905,2.0555666200791523,0.09348012730675412,1.872348937287695,2.2387843028706094,2.432148426540423,0.3286368678897309,1.767417617870544,3.0968792352103023,2.432148426540423,0.31516439547087066,1.7923306885927823,3.071966164488064,0,1,1,11.36673426967773,0.4417
226,1105694,2.579471352014917,1.9909193523737705,0.1053602289582709,1.7844170982126655,2.1974216065348755,2.0161729241970816,0.35863036537015974,1.2907745405133937,2.7415713078807693,2.0161729241970816,0.3555764353656013,1.294314383662379,2.738031464731784,0,1,1,11.389706481810215,0.5845
227,1106694,2.5768986708828447,2.159849479111972,0.0964208029441084,1.9708681779810857,2.348830780242858,2.502050856834306,0.2706205616702559,1.954669103968631,3.0494326096999806,2.502050856834306,0.27607848487075026,1.9415817358788536,3.062519977789758,0,1,1,8.198296825683174,1.1289
228,1107694,2.5741916411401515,2.0532650936483727,0.08924803186768561,1.878342165496626,2.2281880218001193,2.294211362326548,0.2673048883432468,1.7535361917932226,2.8348865328598736,2.294211362326548,0.2734839518177521,1.739009423492095,2.849413301161001,0,1,1,9.390017426603356,0.2504
229,1108694,2.5727093790265476,2.489431321033991,0.1077869747492366,2.2781727325229593,2.700689909545023,2.8185758601194255,0.32777073044746174,2.1555969797895282,3.481554740449323,2.8185758601194255,0.3200774780181312,2.1687840343404425,3.4683676858984085,1,1,1,8.818153762236447,1.0745
230,1109694,2.579685011798057,2.3399693487331565,0.09619475169700553,2.1514310999052526,2.5285075975610605,2.3937629130962224,0.26743909752200695,1.8528162788756333,2.934709547316811,2.3937629130962224,0.25618426774870995,1.873681200046558,2.913844626145887,0,1,1,7.092545925142538,0.7574
231,1110694,2.5731479836427225,2.5498133962776675,0.10832617785700345,2.3374979890950605,2.7621288034602745,2.71201620709798,0.2933509518008133,2.1186579005063333,3.3053745136896264,2.71201620709798,0.29718938003029755,2.1086896905066688,3.315342723689291,1,1,1,7.5266155282306455,0.5675
232,1111694,2.57522624456135,2.3314060536897268,0.08840816754931045,2.1581292293538956,2.504682878025558,2.876072847937586,0.2843942335479931,2.3008312140292464,3.451314481845926,2.876072847937586,0.28913879790572744,2.2890898819443954,3.4630558139307768,0,1,1,10.696161810797943,0.6856
233,1112694,2.573861808481267,2.496003353086246,0.11751011855027595,2.265687752908673,2.726318953263819,2.667029177552616,0.390397282213552,1.8773761396122357,3.4566822154929966,2.667029177552616,0.3837570240630692,1.8879610004804217,3.4460973546248104,1,1,1,10.665031596637608,0.7303
234,1113694,2.5666571594047616,2.101074456179295,0.10154088538548108,1.9020579778654425,2.3000909344931473,2.410933856801991,0.3345897366868836,1.734162234467941,3.087705479136041,2.410933856801991,0.33704613965783,1.7266938164964585,3.0951738971075238,0,1,1,11.017849171928585,0.9068
235,1114694,2.572665070091055,2.351389052818134,0.08227213900389459,2.190138623439428,2.5126394821968403,2.5977399403650128,0.2721063062390911,2.047352985450461,3.1481268952795647,2.5977399403650128,0.2739470034306954,2.0415979567799343,3.1538819239500913,0,1,1,11.08734422347749,0.4861
236,1115694,2.572531772127372,2.7029727184670183,0.10749255611845597,2.492291179868694,2.9136542570653425,3.1085548934923946,0.27233222159426534,2.557710981640235,3.659398805344554,3.1085548934923946,0.2588683843973661,2.5830241339539444,3.6340856530308447,1,1,0,5.799642796559525,0.9416
237,1116694,2.5748949214157713,2.1098609609025165,0.09127159045471009,1.930971930799595,2.288749991005438,2.4983448803681934,0.27250461284230093,1.9471522743039384,3.049537486432448,2.4983448803681934,0.2670179915236116,1.9562695387906266,3.04042022194576,0,1,1,8.558739595797913,0.6742
238,1117694,2.579068726649438,2.459085133778187,0.09239365415961377,2.277996899225295,2.6401733683310793,2.878277997116033,0.32996649716865406,2.210857759376661,3.545698234855405,2.878277997116033,0.3365305137302573,2.195084733094077,3.561471261137989,1,1,1,13.266751959212314,0.8481
239,1118694,2.5748358672700946,2.2654768118912587,0.08174918416176524,2.1052513551686665,2.425702268613851,2.688203026039341,0.2576134669859223,2.1671306054877264,3.2092754465909556,2.688203026039341,0.25274498668502005,2.1751034247445546,3.2013026273341274,0,1,1,9.558687101464791,0.6413
240,1119694,2.5781218488428155,2.5246230136568157,0.09909866581162674,2.3303931977500567,2.7188528295635748,2.6539466920448476,0.289803335390306,2.067764116954508,3.2401292671351873,2.6539466920448476,0.2801092771034456,2.0852946278206703,3.222598756269025,1,1,1,7.989495756111367,0.7833
241,1120694,2.580408993283494,2.491963812274885,0.10928694876980405,2.277765328705795,2.7061622958439746,2.509191504297492,0.4100579751196737,1.6797709613342684,3.3386120472607157,2.509191504297492,0.36530901206165967,1.767574782649817,3.2508082259451676,1,1,1,11.173369751458146,0.6659
242,1121694,2.5704383098130106,2.3512882087000007,0.10637849670368886,2.1427901864312577,2.5597862309687436,2.441490101023838,0.2589009240307795,1.9178135527976532,2.965166649250023,2.441490101023838,0.25940124987282226,1.9148775670589735,2.9681026349887025,0,1,1,5.946157809788354,0.9366
243,1122694,2.579911896580939,2.3741204142773595,0.09001469426666597,2.19769485543531,2.550545973119409,2.8183796972465527,0.2620174318122672,2.2883994170285287,3.3483599774645767,2.8183796972465527,0.2664370377460392,2.2774837545387827,3.3592756399543227,0,1,1,8.761175328737362,0.291
244,1123694,2.5788046130943685,3.0045289308908427,0.09577539996530937,2.8168125963539175,3.192245265427768,3.1312465414304564,0.2235148033142236,2.679145178272974,3.583347904587939,3.1312465414304564,0.22018035640599468,2.6842566542456607,3.578236428615252,0,0,0,5.285051116890712,0.6854
245,1124694,2.5782544138078163,2.417754064863195,0.09461248697582758,2.2323169979028084,2.603191131823582,2.5638217723554897,0.28196028086014757,1.9935032724486543,3.134140272262325,2.5638217723554897,0.2805977005960189,1.9941781557266958,3.1334653889842836,1,1,1,8.79571803491351,0.8466
246,1125694,2.576968548954407,2.280140809462573,0.10398928444765372,2.0763255571670802,2.4839560617580654,2.6649105391142993,0.29451707134632465,2.0691935331062696,3.260627545122329,2.6649105391142993,0.2957910772472471,2.0644227280889536,3.265398350139645,0,1,1,8.090827807818451,0.9646
247,1126694,2.5724854086063904,2.3119031251382176,0.1019284016643084,2.1121271288744405,2.5116791214019947,2.7163953065261657,0.29834374458046015,2.1129381233135023,3.319852489738829,2.7163953065261657,0.3047575749774057,2.0977045373701864,3.335086075682145,0,1,1,8.93961035835854,0.7287
248,1127694,2.577862734992342,2.4199425552683653,0.10455313307615784,2.2150221799682726,2.624862930568458,2.74856462867582,0.2798722925088697,2.182469483848257,3.314659773503383,2.74856462867582,0.28590159194971887,2.1681535401593015,3.328975717192338,1,1,1,7.477545150465763,0.5384
249,1128694,2.5739794843155948,2.0189978896411938,0.0879874157445991,1.846545723689027,2.1914500555933607,2.4937538997791604,0.2747598063095967,1.9379997343656803,3.0495080651926405,2.4937538997791604,0.2705600397546083,1.9444878180056022,3.0430199815527184,0,1,1,9.455536674970851,0.8415
250,1129694,2.576154196696788,2.681681984821886,0.08972674044641792,2.5058208050967337,2.8575431645470384,2.8137215362187384,0.2448276078315373,2.318510956883567,3.30893211555391,2.8137215362187384,0.2424436474755208,2.3215347653247527,3.305908307112724,1,1,1,7.30092414128307,0.3255
251,1130694,2.5741873078449133,2.2177121925184657,0.07496353521062533,2.0707863633518397,2.3646380216850917,2.2090568430828235,0.20333712197384554,1.7977686927599188,2.620344993405728,2.2090568430828235,0.20483852871850355,1.793212521920254,2.6249011642453928,0,1,1,7.466605003765392,0.9664
252,1131694,2.57209606867251,2.477380288142883,0.10529491655961784,2.271006043930882,2.683754532354884,2.7542802408840985,0.39435847809614105,1.9566149279995182,3.551945553768679,2.7542802408840985,0.4043738418701937,1.9333576985263679,3.575202783241829,1,1,1,14.748617036135528,1.0265
253,1132694,2.571349851210714,2.4771641756151594,0.10389972686971817,2.273524452946963,2.6808038982833557,2.574375563482936,0.26352278505523935,2.0413504189289045,3.107400708036968,2.574375563482936,0.26819207826318786,2.029916699106902,3.11883442785897,1,1,1,6.662896692620538,0.7001
254,1133694,2.5719889170387282,2.7164455155369307,0.10703228015136576,2.5066661012570526,2.926224929816809,3.0988423587059333,0.3079858047637914,2.475882267909998,3.7218024495018684,3.0988423587059333,0.30412253076036416,2.4814407978497592,3.7162439195621073,1,1,1,8.073607582017042,0.7362
255,1134694,2.57624032540454,2.392468176827149,0.10535860543110794,2.185969104720811,2.5989672489334867,2.2811646040930973,0.2994159793372692,1.6755386213736885,2.886790586812506,2.2811646040930973,0.3064427067318652,1.6590528356022431,2.903276372583951,1,1,1,8.459769933571097,0.342
256,1135694,2.5775956691450532,2.425724272979794,0.09484842492365252,2.239824776139084,2.611623769820504,2.5298784893892203,0.24320951929137472,2.0379408030520514,3.0218161757263893,2.5298784893892203,0.24113763838233268,2.040343057909683,3.019413920868758,1,1,1,6.463529867177062,0.6521
257,1136694,2.571691544270692,2.6982093748718237,0.10623784392128698,2.4899870269909137,2.9064317227527336,2.7335329922700535,0.297305401890879,2.1321760553874927,3.3348899291526144,2.7335329922700535,0.3027055941218145,2.1190079657176275,3.3480580188224796,1,1,1,8.11862342606829,0.8936
258,1137694,2.5813105740724156,2.3547921636367692,0.10095471756358029,2.156924553142739,2.5526597741307997,2.585828825070312,0.2911192704233786,1.9969845201372176,3.174673130003406,2.585828825070312,0.29111541787453454,1.9948331072073078,3.176824542933316,0,1,1,8.315285739254472,0.4626
259,1138694,2.5749996395349024,2.4483271537375826,0.1104098472746603,2.2319278295406804,2.664726477934485,2.9617548119603896,0.3367237541509917,2.280666731878488,3.642842892042291,2.9617548119603896,0.3447771780492733,2.2618199293227796,3.6616896945979995,1,1,1,9.751274972843833,0.3384
260,1139694,2.5722137218587378,2.8373790888002977,0.10234666863770697,2.636783304332737,3.037974873267858,2.9792192900995045,0.3540834357522022,2.2630179396681056,3.6954206405309034,2.9792192900995045,0.3588990262270461,2.2506155315146508,3.707823048684358,0,1,1,12.296942376140262,0.5541
261,1140694,2.581938434075776,2.1146951372290124,0.10660933426925477,1.9057446816454813,2.3236455928125435,2.531170691941459,0.3086113650953058,1.9069452859430345,3.155396097939884,2.531170691941459,0.3122206203823563,1.897329135139997,3.1650122487429213,0,1,1,8.576946516165828,0.7655
262,1141694,2.5793671754677145,1.9874323269108878,0.10618380072096849,1.7793159017562112,2.195548752065564,2.3606152144155033,0.26627534025271055,1.8220225014566467,2.89920792737436,2.3606152144155033,0.2731192371587438,1.8061536857018519,2.9150767431291547,0,1,1,6.615886543584953,0.7942
263,1142694,2.575206431019227,2.6814177973779305,0.09791438860208657,2.4895091221495815,2.8733264726062795,2.4834038384700143,0.3352501973821508,1.805296308284606,3.1615113686554226,2.4834038384700143,0.3420141106509768,1.7890782808639765,3.177729396076052,1,1,1,12.200988444414625,0.4622
264,1143694,2.577191150256989,2.689871267468302,0.09499839560346858,2.503677833496415,2.8760647014401886,2.913769641149077,0.24141973887957857,2.425452127399708,3.4020871548984464,2.913769641149077,0.24637512655007582,2.413601543416087,3.4139377388820673,1,1,1,6.726066848546654,1.051
265,1144694,2.579793676006507,2.332691290846907,0.09353574700652252,2.149364595447073,2.5160179862467413,2.5180573607377577,0.2761311909704866,1.9595293080228178,3.0765854134526975,2.5180573607377577,0.24853659495462552,2.0135012488600283,3.022613472615487,0,1,1,7.060337309255544,0.406
266,1145694,2.5747777757592987,2.6890221818563496,0.09853056467509602,2.495905823716767,2.8821385399959323,2.4817029058005624,0.24469344357205466,1.98676369929484,2.9766421123062847,2.4817029058005624,0.23697544084870067,2.000617184532995,2.9627886270681296,1,1,1,5.784485493611329,0.9144
267,1146694,2.5717622523234875,2.1061807356205597,0.10127790221336302,1.9076796948525987,2.3046817763885206,2.364056191106702,0.25997376116634263,1.8382096249477355,2.889902757265669,2.364056191106702,0.26383544725449415,1.8284417578818786,2.8996706243315256,0,1,1,6.786359997852529,0.664
268,1147694,2.5732266124258074,2.1683847092721784,0.09727389669635847,1.977731375111446,2.3590380434329106,2.162937706908355,0.23874214414814587,1.680036139709793,2.6458392741069168,2.162937706908355,0.23045033359153017,1.6950986576162532,2.6307767562004565,0,1,1,5.612573675766961,0.8326
269,1148694,2.5896197674655888,2.1434386953511364,0.09641703623846416,1.9544647768276535,2.3324126138746193,2.244453313733646,0.2604086060755658,1.7177271907251697,2.7711794367421225,2.244453313733646,0.2659328977639847,1.704580829600393,2.7843257978668996,0,1,1,7.6074056835625585,0.5192
270,1149694,2.582116515294123,2.192052897595137,0.1164870337445606,1.9637425067898966,2.420363288400378,2.6531550157853805,0.3425430113480786,1.960296377009573,3.346013654561188,2.6531550157853805,0.3303443427638691,1.9825203464878012,3.32378968508296,0,1,1,8.042268617468816,0.3454
271,1150694,2.577671276782716,2.345213570410135,0.1045267564508583,2.140344892345663,2.550082248474607,2.5492766778313034,0.32871611422807423,1.8843855783124113,3.2141677773501955,2.5492766778313034,0.3337154393528221,1.871798318621593,3.2267550370410136,0,1,1,10.192897367912858,0.5161
272,1151694,2.5728297252808807,2.0337625539482005,0.09578754407382113,1.846022417395968,2.221502690500433,2.311525110680985,0.27960516026365956,1.7459702918202575,2.877079929541712,2.311525110680985,0.2776374760577601,1.7478910693567116,2.875159152005258,0,1,1,8.40113761153067,0.2586
273,1152694,2.5719505508924634,2.4162654079831287,0.09684206610643804,2.2264584462260633,2.606072369740194,2.4022702458740914,0.2762981383513867,1.843404510207681,2.961135981540502,2.4022702458740914,0.2809344266356259,1.8319430390426432,2.9725974527055397,1,1,1,8.415536961635073,0.9378
274,1153694,2.5773064574352946,2.493211217768355,0.09258981914531048,2.311738506908469,2.674683928628241,2.6733544028555767,0.29791496611593793,2.0707645059498097,3.2759442997613437,2.6733544028555767,0.30084832394724487,2.0625998352094475,3.284108970501706,1,1,1,10.557685507616394,0.5804
275,1154694,2.5705498692288384,2.4932608411671326,0.09622175645084155,2.3046696639942987,2.6818520183399666,2.675755485084558,0.27720336497313314,2.1150587557497653,3.2364522144193506,2.675755485084558,0.2746096781190488,2.118268200360802,3.2332427698083137,1,1,1,8.144888014778124,0.4964
276,1155694,2.571950043118058,2.8266077237864153,0.083866123603643,2.6622331420002907,2.99098230557254,3.008381551254,0.27275962090940387,2.45667314268788,3.5600899598201203,3.008381551254,0.22224461609711285,2.5572009941042975,3.459562108403703,0,1,1,7.022461358724231,1.0828
277,1156694,2.5679369590612198,2.508308843803818,0.09171254460053299,2.32855555945625,2.688062128151386,2.711141400067848,0.2140064243770085,2.2782725486509396,3.1440102514847568,2.711141400067848,0.19743649261992144,2.3103240110742056,3.111958789061491,1,1,1,4.634441112202151,0.4466
278,1157694,2.573254040022963,2.223104667620893,0.0759679020209172,2.074210315678828,2.371999019562958,2.3122616586969285,0.23666555103633952,1.833560397530228,2.7909629198636288,2.3122616586969285,0.22997431097339066,1.8453889866959383,2.779134330697919,0,1,1,9.164280784216091,0.7222
279,1158694,2.57677098035747,2.262666460178041,0.07902915085296142,2.1077721707774537,2.417560749578628,2.301906432367134,0.2537839358151447,1.7885799697426488,2.815232894991619,2.301906432367134,0.25237241678848615,1.7895631881731284,2.8142496765611393,0,1,1,10.197862269060101,0.6704
280,1159694,2.5794154717798086,2.1853883895358943,0.08909747498872353,2.010760547444538,2.3600162316272506,2.5242297917062007,0.28883082672125543,1.9400143010704065,3.108445282341995,2.5242297917062007,0.29445264770929686,1.9264591370972521,3.122000446315149,0,1,1,10.921948765719872,0.9036
281,1160694,2.5752139163395475,2.401121300684243,0.08859979556613148,2.227468892337014,2.574773709031472,2.530909066675181,0.30141908743827417,1.9212314153880172,3.1405867179623446,2.530909066675181,0.2905167016848753,1.9411288072955757,3.120689326054786,0,1,1,10.751690893296194,0.2743
282,1161694,2.5705476013735673,2.6475490195008637,0.09051831234222142,2.470136387368762,2.8249616516329654,3.081013786309215,0.2170841779933566,2.641919590598409,3.520107982020021,3.081013786309215,0.1933619515597734,2.6884681554257606,3.4735594171926696,1,0,0,4.563196228685209,0.5454
283,1162694,2.5683629754888204,2.338891305287443,0.09846986332929462,2.145893919599444,2.531888690975442,2.504326873262996,0.27501704436459823,1.9480523947713762,3.060601351754616,2.504326873262996,0.27640606756642283,1.9431927240799012,3.0654610224460908,0,1,1,7.879315202962085,0.8324
284,1163694,2.571429541350185,1.8738446720191464,0.08764424612190404,1.70206510616805,2.0456242378702427,1.9709474744656181,0.21954957562172386,1.5268665413576332,2.4150284075736033,1.9709474744656181,0.21978111544219883,1.5247680895267064,2.41712685940453,0,0,0,6.288309761649818,0.7226
285,1164694,2.567717961390623,2.2253451074656816,0.10102845683642013,2.0273329706526386,2.4233572442787246,2.3408315624296065,0.2789831874113263,1.7765348024098029,2.90512832244941,2.3408315624296065,0.28382968670139364,1.7646266651842966,2.9170364596749163,0,1,1,7.892747273079512,1.0773
286,1165694,2.573783502416131,2.357905802365501,0.09520046400015639,2.171316321613692,2.5444952831173095,2.5732953280194493,0.30130141168015073,1.9638556984197506,3.182734957619148,2.5732953280194493,0.30789242438257813,1.9482404762321583,3.19835017980674,0,1,1,10.459715605334107,0.4952
287,1166694,2.568037101175676,2.4757751155314884,0.09670795721752343,2.2862310023667023,2.6653192286962746,2.535354363590281,0.33750281942207655,1.85269047525844,3.2180182519221217,2.535354363590281,0.32078189983133576,1.884132485503479,3.186576241677083,1,1,1,11.002599151341268,0.5916
288,1167694,2.5678072958944758,2.6916866498780005,0.1078938340868615,2.480218620913812,2.903154678842189,3.0659539232350137,0.34433818904646063,2.3694641948288364,3.762443651641191,3.0659539232350137,0.34221747047348305,2.3712155232410184,3.760692323229009,1,1,1,10.060303922984081,0.586
289,1168694,2.574327144577845,2.520039549386028,0.10262454411445082,2.3188991389918625,2.7211799597801933,2.5537346256814946,0.274061676144443,1.9993925618140747,3.1080766895489145,2.5537346256814946,0.2749401514777647,1.9955764443721344,3.1118928069908547,1,1,1,7.177510780165484,1.2171
290,1169694,2.5778449862728023,2.1951165275982483,0.08590286206793449,2.0267500117761847,2.363483043420312,2.302990091699722,0.25434723718680874,1.7885242445055276,2.817455938893916,2.302990091699722,0.25578494659682255,1.783719043686422,2.8222611397130217,0,1,1,8.866142280632124,0.674
291,1170694,2.574300699277055,2.5937576080840223,0.08713859848701203,2.4229690933861825,2.764546122781862,2.726302484728551,0.2613918751388889,2.197587512313738,3.255017457143364,2.726302484728551,0.24465580571899476,2.2296247938459444,3.222980175611158,1,1,1,7.882970675786739,0.8061
292,1171694,2.582416722903816,2.6066003944863,0.10286430216874909,2.4049900669407065,2.8082107220318933,2.9362623771092853,0.27054793409940797,2.389027527371709,3.4834972268468616,2.9362623771092853,0.25846144368704155,2.4115577511331927,3.460967003085378,1,1,1,6.313383389587891,0.6936
293,1172694,2.5816290554989285,2.6328785124496363,0.11202192926795053,2.41331956560576,2.8524374592935127,2.913350715825551,0.2732268503007107,2.3606972466120606,3.4660041850390417,2.913350715825551,0.27332653930631096,2.3584683413785803,3.468233090272522,1,1,1,5.953296452905894,0.3856
294,1173694,2.583417361731984,2.553286233341571,0.09863754773340501,2.3599601922607465,2.7466122744223953,2.921003930451446,0.22928219676828593,2.457236912922152,3.3847709479807397,2.921003930451446,0.22975588996724064,2.4545746766667373,3.3874331842361545,1,1,1,5.425612515320435,0.6154
295,1174694,2.5805100553906097,2.5556489490073226,0.09136132293866296,2.37658404646761,2.7347138515470353,2.873224561588335,0.2076789424098839,2.4531542504930255,3.2932948726836444,2.873224561588335,0.20349516648670324,2.4601074107430554,3.2863417124336145,1,1,1,4.961162323878356,0.9133
296,1175694,2.5725755403735207,2.375868978199103,0.09659933211021576,2.1865377663324566,2.5652001900657497,2.7305204743409703,0.2788575589111646,2.166477821947742,3.294563126734199,2.7305204743409703,0.2796117988530276,2.162878344657099,3.2981626040248417,0,1,1,8.378431813757025,0.6201
297,1176694,2.569300015197458,2.9311685935595078,0.08917123362409769,2.756396187199269,3.1059409999197465,2.908675187403583,0.25013401305073973,2.402731390413495,3.414618984393671,2.908675187403583,0.24163189355156708,2.418136364586404,3.399214010220762,0,1,1,7.342753768022642,0.6603
298,1177694,2.5806232000523526,2.655662174293911,0.09865326036029323,2.462305337030283,2.8490190115575387,2.7363442527809507,0.22337787504687542,2.28451985318653,3.1881686523753716,2.7363442527809507,0.20451356671075485,2.321159639566692,3.1515288659952096,1,1,1,4.297554177475436,0.5915
299,1178694,2.5761431134822717,2.4635472384201234,0.09062712616134057,2.285921335121528,2.6411731417187188,2.701082149771495,0.24856417366527048,2.1983136526523124,3.203850646890678,2.701082149771495,0.23348936449223132,2.2270735397536825,3.175090759789308,1,1,1,6.637702587346093,0.8641
300,1179694,2.5748971990770806,2.697038692649738,0.08040349698049871,2.5394507343368855,2.8546266509625906,2.870168629111881,0.25462189962258436,2.355147224702768,3.3851900335209937,2.870168629111881,0.2598061681065429,2.342734067430447,3.3976031907933146,1,1,1,10.441166932645888,0.366
301,1180694,2.5751130393061468,2.313007194504169,0.10179423669311839,2.113494156751911,2.512520232256427,2.518815446733222,0.28778598156954094,1.936713354898645,3.100917538567799,2.518815446733222,0.2921723276729925,1.9256740879089231,3.111956805557521,0,1,1,8.238189557735195,1.2991
302,1181694,2.574599942639725,2.543797411550275,0.08755398092952811,2.372194762225293,2.7154000608752566,3.0482931367077755,0.2892305152341405,2.463269199746126,3.633317073669425,3.0482931367077755,0.29512970499478586,2.449147982735676,3.647438290679875,1,1,1,11.36250408718065,0.6624
303,1182694,2.579001224514522,2.358023577355859,0.10003542655143226,2.16195774413695,2.554089410574768,2.129654640232524,0.3089363888582881,1.5047718116199187,2.754537468845129,2.129654640232524,0.2941057743748792,1.5325881759298752,2.7267211045351725,0,1,1,8.64369524096556,0.4944
304,1183694,2.58036756808948,2.5421014328564295,0.08952438487298538,2.3666368627672756,2.7175660029455835,2.607766557762155,0.22595224846604767,2.1507349964279903,3.0647981190963196,2.607766557762155,0.22269372524763836,2.1556742605653207,3.059858854958989,1,1,1,6.187757272424902,0.9285
305,1184694,2.5754576687773207,2.4285833839400746,0.08352131319689607,2.2648846181326685,2.5922821497474806,2.4326573697010225,0.25593217861017387,1.9149856758809976,2.9503290635210475,2.4326573697010225,0.2571970930138843,1.9105195120505951,2.95479522735145,1,1,1,9.482819478793749,0.7883
306,1185694,2.5759877344941158,2.5517195591904045,0.117331520580971,2.3217540046003813,2.7816851137804277,2.407483630217838,0.3526282081112453,1.694225755522389,3.120741504913287,2.407483630217838,0.2924945977487907,1.813688028357623,3.001279232078053,1,1,1,6.2145015467655105,1.0503
307,1186694,2.571600044101767,2.1046420715077834,0.09815860548673351,1.91225473998111,2.2970294030344567,1.9494404752298442,0.2727742654269696,1.3977024453310156,2.5011785051286726,1.9494404752298442,0.27672502236738233,1.387658813376568,2.5112221370831205,0,0,0,7.947675060402936,0.6334
308,1187694,2.574279134357573,2.1762124424665457,0.10116972362423494,1.977923427837174,2.374501457095917,2.5712828531671685,0.2697069889442905,2.025748975559097,3.11681673077524,2.5712828531671685,0.27541366515032656,2.0121633879970053,3.1304023183373317,0,1,1,7.4108810461451595,0.7748
309,1188694,2.579386303580868,2.1738221809528824,0.10539052165784167,1.9672605541916242,2.3803838077141406,2.318372071141666,0.32179489834125563,1.6674804521526558,2.969263690130676,2.318372071141666,0.3302816916712812,1.647864590323863,2.988879551959469,0,1,1,9.82123023955277,0.7547
310,1189694,2.571502348433806,2.494495246778478,0.08879509159729444,2.3204600652438456,2.66853042831311,2.847763552104903,0.23081640411654478,2.3808933073028324,3.314633796906974,2.847763552104903,0.23103752038181066,2.378732450254489,3.3167946539553173,1,1,1,6.769975710639675,0.6813
311,1190694,2.5768270759943026,2.380519049252248,0.08578609170557919,2.2123813991348626,2.5486566993696336,2.8125732646627046,0.25584269424558137,2.295082570054426,3.330063959270983,2.8125732646627046,0.2631111306865866,2.2784292722449533,3.346717257080456,0,1,1,9.406859922389932,0.8482
312,1191694,2.57585781358751,2.3882987161660436,0.10749331922208237,2.177615681912095,2.598981750419992,2.2732461671674535,0.32166373056519465,1.6226198600480832,2.923872474286824,2.2732461671674535,0.3199619183948177,1.623688939895945,2.922803394438962,1,1,1,8.859998272693977,0.5523
313,1192694,2.5761641831802446,2.2760076010401398,0.12087601681994523,2.0390949614783893,2.5129202406018902,2.0790692309734826,0.3290680838169532,1.4134662057630358,2.7446722561839296,2.0790692309734826,0.3373047695211382,1.3943041441319655,2.7638343178149998,0,1,1,7.7869015428095105,0.4808
314,1193694,2.573024194133559,2.4327231966658385,0.0884748831535406,2.259315612148509,2.6061307811831678,2.6507722180210638,0.2620885717404131,2.120648043716327,3.1808963923258005,2.6507722180210638,0.25990296004838703,2.1231411582511015,3.178403277791026,1,1,1,8.629436870455113,0.815
315,1194694,2.5773556403642113,2.477806161393407,0.08031988105276709,2.320382087287442,2.6352302354993715,2.583815237548981,0.2302940413422514,2.1180015711874387,3.049628903910523,2.583815237548981,0.2298657308639505,2.1171629948890156,3.050467480208946,1,1,1,8.190347847293072,0.5033
316,1195694,2.5756862098871443,2.3401246961225324,0.09260107064437872,2.158629932729701,2.521619459515364,2.8708436415377334,0.2465926807005368,2.3720628653372335,3.3696244177382333,2.8708436415377334,0.24501126668331769,2.373444326533271,3.3682429565421956,0,1,1,7.000677882057782,0.5743
317,1196694,2.580996748647759,2.4748549675736062,0.10829562115186922,2.2625994504325484,2.687110484714664,2.8301666765180227,0.2563777186343299,2.311593792936624,3.348739560099421,2.8301666765180227,0.260027242516356,2.3022833099244937,3.3580500431115516,1,1,1,5.765220307492889,1.0142
318,1197694,2.5752899083634717,2.1346167181647546,0.09056506663425078,1.957112449304153,2.3121209870253563,2.4124804533307507,0.29847846318789645,1.8087507760140662,3.016210130647435,2.4124804533307507,0.2939049748707871,1.8158216336933481,3.009139272968153,0,1,1,10.531553849602675,0.6656
319,1198694,2.5674813696075143,2.0742871506538805,0.10518729690894316,1.8681238370812305,2.28045046422653,2.036058537418106,0.25590158749792724,1.518448719963056,2.5536683548731562,2.036058537418106,0.2593888399402829,1.5094711969556789,2.5626458778805334,0,0,0,6.081013732153586,0.8401
320,1199694,2.571660765802343,2.522798771752057,0.0868808001586066,2.352515532493166,2.6930820110109477,2.7699956478707963,0.19099574857678706,2.383670281458905,3.1563210142826876,2.7699956478707963,0.19092169595685574,2.382403999233782,3.1575872965078107,1,1,1,4.829063797852266,1.0468
321,1200694,2.576596518453318,2.281577660569504,0.08519421968723509,2.11460005829153,2.448555262847478,2.4627962753386896,0.252860092815875,1.9513384615603666,2.9742540891170126,2.4627962753386896,0.2500704349160643,1.9551263027945762,2.9704662478828032,0,1,1,8.615975193383935,0.8583
322,1201694,2.572920025478818,2.7348912453305134,0.09915992310233726,2.5405413673401713,2.9292411233208555,2.9968093884457425,0.27710978568292505,2.4363019410915574,3.5573168357999276,2.9968093884457425,0.2815254408302921,2.4252823590119936,3.5683364178794914,1,1,1,8.06051762195677,0.941
323,1202694,2.578697000406239,2.843718997490024,0.09954729940953243,2.648609875889115,3.0388281190909328,3.387142767029882,0.2553825341184158,2.870582834132584,3.90370269992718,3.387142767029882,0.2506434497262403,2.8783095125766254,3.895976021483139,0,0,0,6.339481711388002,0.377
324,1203694,2.576165739580663,2.149295717276295,0.10762920117324395,1.938346359291921,2.3602450752606696,2.4497017585695353,0.34389799405623206,1.754102408573139,3.1453011085659317,2.4497017585695353,0.3464117434687359,1.7464485317146308,3.15295498542444,0,1,1,10.359170443556547,0.3734
325,1204694,2.582562670269065,2.896614068291351,0.09976228271687716,2.701083587150769,3.0921445494319326,2.9306750175047727,0.28770441257597873,2.3487379145328307,3.5126121204767147,2.9306750175047727,0.27848893580623363,2.3653124209945373,3.496037614015008,0,1,1,7.792613479067903,0.975
326,1205694,2.566171888769263,2.7851352962077276,0.08909549340773523,2.610511337943741,2.9597592544717144,2.8103932784849333,0.28598805037722647,2.2319278457479017,3.388858711221965,2.8103932784849333,0.2827824051604178,2.2363144757990687,3.384472081170798,0,1,1,10.073799281941906,0.6914
327,1206694,2.5751334262708143,2.5294285674598345,0.10162380910479152,2.3302495616426695,2.7286075732769994,2.908617482294346,0.2773546811419134,2.3476146871189068,3.469620277469785,2.908617482294346,0.28013398091645547,2.3399152666635192,3.4773196979251724,1,1,1,7.598723597162369,0.5352
328,1207694,2.566880425469361,2.579840511356605,0.08669306153395391,2.4099252330405405,2.7497557896726694,2.925781160230697,0.24430909910359433,2.4316193637914956,3.4199429566698982,2.925781160230697,0.2377692118071429,2.443083998247181,3.4084783222142128,1,1,1,7.522159810437797,0.3819
329,1208694,2.575449969521476,2.2561256977313633,0.0936104438351714,2.072652599237618,2.4395987962251087,2.4380311033042354,0.3146063547032358,1.801679686260136,3.074382520348335,2.4380311033042354,0.2977456254081908,1.8335753485612107,3.04248685804726,0,1,1,10.116776834736307,0.4432
330,1209694,2.574787167609103,2.04294550008103,0.10125927980750342,1.8444809585578592,2.2414100416042007,2.0331412139527956,0.3173011687163105,1.3913390210732621,2.674943406832329,2.0331412139527956,0.2943119563441479,1.4356561779996722,2.630626249905919,0,1,1,8.447849003611777,0.5962
331,1210694,2.5783540782316807,2.140872707445373,0.08782760444116225,1.9687337658922648,2.313011648998481,2.1114914984727173,0.26601240758767614,1.573430617028007,2.6495523799174276,2.1114914984727173,0.26999719532701416,1.5633680516339896,2.659614945311445,0,1,1,9.450535790622713,0.3378
332,1211694,2.5723610546649165,2.1509558293431086,0.08741736761384548,1.9796209371966733,2.322290721489544,2.177914292548003,0.26501112633733914,1.6418786935967524,2.7139498914992535,2.177914292548003,0.2686590178603606,1.6325074903937347,2.7233210947022712,0,1,1,9.445118184446308,0.6342
333,1212694,2.5784053461603444,2.338811041357562,0.10086323575267461,2.141122731918147,2.536499350796977,2.503612202708898,0.3093745229572173,1.8778431642326303,3.1293812411851656,2.503612202708898,0.3143449694635041,1.8654579879954265,3.1417664174223696,0,1,1,9.712862401818926,0.7508
334,1213694,2.575190075235698,2.706238283707278,0.09013991738187178,2.5295672920693932,2.882909275345163,2.9311214697640504,0.22560180217330186,2.4747987529641833,3.3874441865639175,2.9311214697640504,0.22124368585495877,2.4819729090345706,3.3802700304935303,1,1,1,6.024312039410804,0.7513
335,1214694,2.572305582339394,2.623261880296536,0.10783058119111295,2.411917824729932,2.8346059358631397,2.907610457759442,0.26488660476309017,2.3718267274657734,3.4433941880531105,2.907610457759442,0.2587228370080781,2.3823751751299214,3.4328457403889625,1,1,1,5.75685959669057,0.6938
336,1215694,2.5690955301696587,2.35033518181071,0.09286434146638321,2.168324417088569,2.5323459465328506,2.5904113562979094,0.3002934151455417,1.9830105921361927,3.197812120459626,2.5904113562979094,0.2943159147549431,1.9929182843436475,3.187904428252171,0,1,1,10.044527835214108,0.9421
337,1216694,2.566916001571197,2.116725415451959,0.08706978799273406,1.946071766844662,2.2873790640592557,2.3419187853695043,0.24241414593345453,1.8515898935014397,2.832247677237569,2.3419187853695043,0.23758807152240333,1.8595893577141638,2.8242482130248447,0,1,1,7.445850136478508,0.3849
338,1217694,2.5683924086641325,2.2264284415506936,0.10334431616730742,2.023877303855851,2.4289795792455364,2.7389603438287553,0.31394913562817645,2.1039382778402533,3.3739824098172573,2.7389603438287553,0.3187024346028249,2.0919600045888744,3.385960683068636,0,1,1,9.510373438977538,0.3094
339,1218694,2.5758939243353383,2.0016898223556367,0.07743052300660562,1.8499287859585896,2.153450858752684,2.263407641679488,0.2054361922772381,1.8478737209133926,2.678941562445584,2.263407641679488,0.19728418388319954,1.8628994558598064,2.66391582749917,0,1,1,6.491725592316991,1.3186
340,1219694,2.5765242355118705,2.208579061409103,0.0870674281644758,2.037930037980202,2.379228084838004,2.3506860215011116,0.2073123724593716,1.9313571681162618,2.7700148748859617,2.3506860215011116,0.2035157417511925,1.9375271006482664,2.763844942353957,0,1,1,5.463671524652955,0.6788
341,1220694,2.5782888343880206,2.2808859809627964,0.10501741261414055,2.0750556344894986,2.486716327436094,2.1760037479285526,0.3313131594006265,1.5058596287202135,2.8461478671368914,2.1760037479285526,0.32165673748745044,1.5230058549801404,2.8290016408769647,0,1,1,9.381292501869494,0.7027
342,1221694,2.578530897541131,2.4501224996005866,0.09301485846597633,2.2678167269801826,2.6324282722209906,2.697683978693233,0.2764375112455947,2.138536334739209,3.2568316226472573,2.697683978693233,0.2786049690299761,2.1320858222155374,3.263282135170929,1,1,1,8.971665166343064,0.7249
343,1222694,2.572128229703934,2.4216350125909782,0.09629478003699041,2.2329007118192705,2.610369313362686,2.7876111108294612,0.2776394350514588,2.2260323465067398,3.3491898751521827,2.7876111108294612,0.2795531443891354,2.2200880560377647,3.3551341656211577,1,1,1,8.427975649272057,0.5505
344,1223694,2.571918355866101,2.448098032020316,0.0949288597222753,2.2620408858712016,2.6341551781694306,2.482560427031991,0.26468586063799476,1.9471827400574035,3.0179381140065784,2.482560427031991,0.2594381762161265,1.955872928604823,3.009247925459159,1,1,1,7.469150958160957,0.9043
345,1224694,2.5732562178281984,2.615438052745079,0.11089026999075179,2.398097117327283,2.8327789881628753,2.8662194926521596,0.3212945487820237,2.216339926173452,3.516099059130867,2.8662194926521596,0.30235086001264677,2.2524146146271757,3.4800243706771434,1,1,1,7.434222153259051,0.3915
346,1225694,2.5723839044444254,2.2226610328064913,0.08682116947366399,2.0524946675424616,2.392827398070521,2.288091752862118,0.2548669639311476,1.7725746591012492,2.803608846622987,2.288091752862118,0.2600779615445653,1.7601054211673084,2.8160780845569278,0,1,1,8.973375512284912,0.8156
347,1226694,2.5734580912777094,2.4873084003282258,0.0963873716658689,2.2983926232986462,2.6762241773578053,2.2646920049039934,0.25079513511557816,1.757410962316321,2.7719730474916657,2.2646920049039934,0.2519236688306076,1.7532597674970631,2.7761242423109236,1,1,1,6.831210515102227,0.7432
348,1227694,2.5792754022547224,2.336236406982376,0.09047861242712237,2.158901585254058,2.5135712287106937,2.653602659023497,0.24300417994915424,2.1620803107093636,3.1451250073376302,2.653602659023497,0.24970284405216095,2.146678935606546,3.1605263824404477,0,1,1,7.616494177886711,0.4471
349,1228694,2.5736590234811656,2.5823609980663242,0.0935112021177328,2.3990824097645223,2.7656395863681262,2.631283957135882,0.29094018362567975,2.0428018894423916,3.2197660248293722,2.631283957135882,0.27890078498533977,2.0650852623418996,3.1974826519298643,1,1,1,8.89553746606607,0.9399
350,1229694,2.5748082137960395,2.672907131666861,0.09194670875241977,2.4926948940151243,2.8531193693185974,2.686627102641647,0.24346766624708954,2.194167264801118,3.1790869404821755,2.686627102641647,0.23160002920851944,2.216454047162421,3.156800158120873,1,1,1,6.344608712179573,1.0208
351,1230694,2.571245391776401,2.3594134661252406,0.10403487549087694,2.155508857027013,2.563318075223468,2.4263108177271087,0.2695606978883581,1.8810728417095544,2.971548793744663,2.4263108177271087,0.27160169403559575,1.874930065339222,2.9776915701149953,0,1,1,6.815646312767106,1.0409
352,1231694,2.584476824389323,2.3989317836597865,0.10710904157834283,2.1890019197476316,2.6088616475719415,2.5630012090784344,0.2807344965817728,1.9951620919013915,3.1308403262554774,2.5630012090784344,0.2859774083751687,1.9824362050355187,3.14356621312135,1,1,1,7.128713907753041,0.7972
353,1232694,2.565301629603805,2.8546584841981457,0.09740178293118472,2.6637544976230356,3.045562470773256,2.9674431929961034,0.2558126120687481,2.4500133453337605,3.4848730406584463,2.9674431929961034,0.24268385299955317,2.47476877896337,3.460117607028837,0,1,1,6.207946271872338,0.7675
354,1233694,2.5699199063529474,2.3678958346217724,0.10024368825399989,2.1714218159664718,2.564369853277073,2.787801186518859,0.3212175000765202,2.138077465757174,3.437524907280544,2.787801186518859,0.32289524021184396,2.1322889993704957,3.4433133736672223,0,1,1,10.375504231079484,0.691
355,1234694,2.570503547764494,2.3260158987638735,0.10346091398942915,2.1232362335369963,2.5287955639907507,2.394115190590328,0.33454839238219125,1.7174271950059747,3.0708031861746816,2.394115190590328,0.3415132221848847,1.700806490630473,3.087423890550183,0,1,1,10.895882819728547,0.3382
356,1235694,2.5713589508977237,2.3500112586813557,0.08480877625896001,2.1837891116408787,2.5162334057218327,2.289973332336332,0.24612871848483675,1.7921310082967687,2.787815656375895,2.289973332336332,0.24365751075159484,1.7953222879817763,2.784624376690888,0,1,1,8.254257497006684,0.7873
357,1236694,2.575201108508781,2.246577915012024,0.09274713564500515,2.0647968694785632,2.428358960545485,2.501409418927573,0.2622950216526382,1.9708676602599362,3.0319511775952095,2.501409418927573,0.256861733046443,1.979952378205866,3.02286645964928,0,1,1,7.670043109238666,0.572
358,1237694,2.5709660372794487,2.751704469465883,0.10717085705803778,2.541653449439839,2.9617554894919276,3.0872316961727604,0.2762204206986313,2.528523159296905,3.645940233048616,3.0872316961727604,0.26185962451816736,2.5556283963497712,3.6188349959957495,1,1,1,5.970128431818634,0.5805
359,1238694,2.573505733167797,2.718563939141315,0.10016480631853937,2.5222445262385476,2.9148833520440824,2.674735835009583,0.2750876877472442,2.1183184667893245,3.2311532032298413,2.674735835009583,0.2743370642919598,2.117801985777551,3.2316696842416146,1,1,1,7.501336756062523,1.0394
360,1239694,2.570806486738314,2.515103564138542,0.09026465059169096,2.3381880999017355,2.6920190283753485,2.5848751665462046,0.2890075803453736,2.000302157959823,3.1694481751325863,2.5848751665462046,0.295532538301335,1.9849122174847165,3.184838115607693,1,1,1,10.71951650017158,0.6496
361,1240694,2.5730017235894866,3.0016467179994972,0.09294238273880925,2.819482995194094,3.1838104408049004,3.296532201882031,0.2572189290472421,2.776257809636595,3.8168065941274674,3.296532201882031,0.23794079558873332,2.8134867063031495,3.7795776974609128,0,0,0,6.554057004860432,0.8688
362,1241694,2.5740486100891116,2.348036215468298,0.10647332561533994,2.1393523319480257,2.55672009898857,2.6702227560336635,0.33429417691126756,1.9940489597740803,3.346396552293247,2.6702227560336635,0.3418653800739824,1.9761991375511552,3.364246374516172,0,1,1,10.309286468976781,0.6786
363,1242694,2.574043386949686,2.0087726501875243,0.10235066302680049,1.8081690368612,2.2093762635138487,2.412654295462977,0.2382947171663084,1.9306577347579572,2.894650856167997,2.412654295462977,0.2400593391275015,1.9253079278496985,2.9000006630762556,0,1,1,5.501180458633675,0.579
364,1243694,2.5728372085371842,2.5059973254388694,0.08649553869410566,2.336469184775032,2.675525466102707,2.6250277032525258,0.29195667250176,2.0344895927390696,3.215565813765982,2.6250277032525258,0.2854160074398686,2.0456024036992897,3.204453002805762,1,1,1,10.888529642531747,0.6358
365,1244694,2.5695073427316766,2.3134912089739954,0.10629601783329046,2.1051548423207187,2.521827575627272,2.454373143313847,0.2854931990167622,1.8769086419303944,3.0318376446972994,2.454373143313847,0.2730271937493491,1.9000984726553511,3.0086478139723427,0,1,1,6.597476028302373,0.7564
366,1245694,2.573791979514204,2.4142839316031477,0.08102495043268776,2.2554779469059367,2.5730899163003587,2.8775147787326882,0.1630278995284821,2.547759726643762,3.2072698308216143,2.8775147787326882,0.15617400961432804,2.5604646836279956,3.194564873837381,0,1,1,3.71518096568575,0.6943
367,1246694,2.578095072735772,2.3259860053340646,0.10385010203789191,2.122443545548987,2.5295284651191423,2.563297273671858,0.2812555204325767,1.9944042862826716,3.1321902610610444,2.563297273671858,0.2827645196255593,1.9892547805521104,3.1373397667916056,0,1,1,7.413716492607986,0.717
368,1247694,2.581118400905229,2.5138135370416785,0.1035331017899637,2.31089238632563,2.716734687757727,2.8673639957669477,0.2805827081775847,2.299831899616823,3.4348960919170723,2.8673639957669477,0.27749823626593983,2.3040126262479763,3.430715365285919,1,1,1,7.183928537338635,0.8292
369,1248694,2.5735193073637856,2.6374125348384867,0.10867948001675072,2.424404668147115,2.8504204015298584,2.8576202816489236,0.2852060344515706,2.28073662542404,3.434503937873807,2.8576202816489236,0.2807774848113137,2.2876116836592857,3.4276288796385614,1,1,1,6.6746647163090085,1.3676
370,1249694,2.574371722667828,2.5169482897796103,0.09773316770316627,2.325394800986391,2.7085017785728294,2.8289465973956465,0.24212090825582486,2.3392108347155363,3.3186823600757567,2.8289465973956465,0.24286256839412138,2.3359093718234996,3.3219838229677934,1,1,1,6.175003622269358,0.7314
371,1250694,2.5836349629626696,2.352412557857952,0.08941286831710504,2.1771665562020037,2.5276585595139003,2.599945490984181,0.31647912798039435,1.9598060324370854,3.2400849495312762,2.599945490984181,0.32098370586791525,1.94831392486255,3.251577057105812,0,1,1,12.887418136433087,0.6239
372,1251694,2.571432582258942,2.272372010879705,0.0890296277017489,2.0978771470272677,2.4468668747321423,2.376637118975067,0.22478068101717397,1.9219752764819495,2.831298961468184,2.376637118975067,0.22260502305075208,1.9247248968113848,2.828549341138749,0,1,1,6.251738519500779,0.7784
373,1252694,2.5816525530502306,2.5202473887103904,0.1058793303177839,2.3127277145803142,2.7277670628404667,2.5430288596545614,0.32520479535625474,1.8852400729350522,3.2008176463740705,2.5430288596545614,0.32562404385501964,1.8819769065955487,3.204080812713574,1,1,1,9.458244996260412,0.6494
374,1253694,2.5735696256535494,2.2308679067448045,0.08830953345604597,2.0577844016794193,2.4039514118101897,2.4812602918998854,0.2459904231614533,1.9836976965552133,2.9788228872445575,2.4812602918998854,0.23838238124789515,1.9973183297733377,2.9652022540264333,0,1,1,7.2867375344632155,0.5467
375,1254694,2.5782732756829323,2.308867938839178,0.08704763538225894,2.1382577085505763,2.47947816912778,2.4846655433420763,0.2618390039395288,1.9550461675621218,3.014284919122031,2.4846655433420763,0.26086442286846073,1.9550826102783643,3.0142484764057884,0,1,1,8.980815001610175,0.9257
376,1255694,2.5724132421036803,2.0270150783082492,0.10080662706825819,1.8294377198515026,2.2245924367649956,2.0611776959994903,0.2845808733506109,1.4855585474570785,2.636796844541902,2.0611776959994903,0.2885412581362416,1.4754078002297777,2.646947591769203,0,1,1,8.19290039142688,0.6106
377,1256694,2.5698191723307904,2.293139652729945,0.10115349580303637,2.09488244404567,2.4913968614142195,2.8889069894029524,0.3477081401740585,2.185600891450015,3.5922130873558897,2.8889069894029524,0.32634381672643403,2.226393819731142,3.551420159074763,0,1,1,10.408520078713728,0.8693
378,1257694,2.5764468225650132,1.9007847035429495,0.09142338180293379,1.7215981678643448,2.079971239221554,2.0763114193417773,0.2473462297215458,1.5760064463786798,2.576616392304875,2.0763114193417773,0.23263680218302563,1.6040336028272104,2.548589235856344,0,1,0,6.475037302924419,0.6698
379,1258694,2.575933716606922,2.1903101671110754,0.09363000336563101,2.0067987326420744,2.3738216015800764,2.1471972863074145,0.30576171555356485,1.5287358405623561,2.765658732052473,2.1471972863074145,0.3126084458193048,1.5125684020116261,2.781826170603203,0,1,1,11.147342284988136,0.5795
380,1259694,2.577276815368576,2.4682281369117933,0.09193283370442791,2.2880430938544047,2.648413179969182,2.7150308185569663,0.2521163873620161,2.2050772910473455,3.224984346066587,2.7150308185569663,0.2508421509111054,2.2057941792529623,3.2242674578609702,1,1,1,7.444914910298931,0.6397
381,1260694,2.5788425005888986,2.2526797541446744,0.10013965043482036,2.056409645867996,2.448949862421353,2.499695118097777,0.3093059364702866,1.8740648088858611,3.1253254273096926,2.499695118097777,0.29959338570619903,1.8914882105242594,3.1079020256712946,0,1,1,8.950603107887389,0.7915
382,1261694,2.5808812887593184,2.643638012786195,0.10662587777866604,2.4346551325200396,2.8526208930523502,2.726250317493112,0.30682208768857056,2.1056440666587175,3.3468565683275067,2.726250317493112,0.3042159620427495,2.1086590810498214,3.343841553936403,1,1,1,8.140268990272382,0.8255
383,1262694,2.5722931359704555,2.46793801234617,0.0975627457319174,2.276718544478773,2.659157480213567,2.661651312591892,0.30660546988473475,2.0414832126224347,3.281819412561349,2.661651312591892,0.30330418641034407,2.0459110790887327,3.277391546095051,1,1,1,9.664708974867528,0.7827
384,1263694,2.5823408722403127,2.356266070602988,0.08718031589916544,2.185395791279799,2.527136349926177,2.255685078192895,0.26708193833065563,1.7154608666256599,2.79590928976013,2.255685078192895,0.2397858888255239,1.7688938442056437,2.742476312180146,0,1,1,7.565024984389564,0.5958
385,1264694,2.5730777960601765,2.1064169771683443,0.1060067265675347,1.898647610976991,2.3141863433596974,2.2293993909009555,0.2881413841419285,1.6465784295102526,2.8122203522916585,2.2293993909009555,0.2958637184805803,1.6287641103319022,2.830034671470009,0,1,1,7.78962542747432,0.9047
386,1265694,2.5756447297063083,2.016150039592423,0.07847890736920224,1.8623342076027314,2.1699658715821144,2.3314209706501936,0.16522300436114393,1.9972258999477137,2.6656160413526733,2.3314209706501936,0.16366530089140208,1.9991627457310803,2.6636791955693067,0,1,1,4.349179484110008,0.4895
387,1266694,2.572193131281309,2.1118276044146898,0.09640415940642255,1.9228789240182433,2.3007762848111364,2.5330002732375023,0.2534746653870707,2.0202993690997184,3.0457011773752862,2.5330002732375023,0.24909742071041452,2.0273056245465786,3.038694921928426,0,1,1,6.676470231610208,0.5772
388,1267694,2.573362010616592,2.4247280286951627,0.0850032832460308,2.258124654965285,2.5913314024250402,2.6954495567753147,0.24636101894917725,2.19713736069581,3.1937617528548197,2.6954495567753147,0.24820879992261166,2.191558904190918,3.1993402093597116,1,1,1,8.526345919941006,1.1451
389,1268694,2.573692742966841,2.5239738419265727,0.09415399430335245,2.3394354040914127,2.7085122797617327,2.7025245063862,0.2556167519313346,2.1854908232454004,3.2195581895269996,2.7025245063862,0.2508429591052342,2.193286226360888,3.211762786411512,1,1,1,7.097842088064858,0.4861
390,1269694,2.5725730576412587,2.111233479478046,0.09254493639099719,1.9298487372001414,2.2926182217559505,2.5751977933969767,0.2480410843102252,2.0734873443666118,3.0769082424273417,2.5751977933969767,0.2485548377688279,2.0706046466375017,3.079790940156452,0,1,1,7.21338510050443,0.9647
391,1270694,2.572716463415343,2.352192164274129,0.0857807304944888,2.184065021937394,2.520319306610864,2.44000751875539,0.2162620431557559,2.0025762477156444,2.8774387897951352,2.44000751875539,0.22061194207235676,1.9921414660875931,2.8878735714231865,0,1,1,6.614218763289257,0.7016
392,1271694,2.5730454965786094,2.4010378833926325,0.09938883943505267,2.206239337634695,2.59583642915057,2.84203986435174,0.2632666434432487,2.3095328151105257,3.3745469135929547,2.84203986435174,0.26527821064493234,2.3034964657293986,3.3805832629740817,1,1,1,7.124065769368666,1.068
393,1272694,2.57306863074968,1.818428013079905,0.1069080374532838,1.6088921100136098,2.0279639161462004,2.02648079016096,0.24216775524548056,1.536650270500242,2.516311309821678,2.02648079016096,0.2420734095002254,1.5350456423159606,2.5179159380059595,0,0,0,5.127119736740893,0.8568
394,1273694,2.5762579103469507,2.5428535188331,0.11344183901828941,2.3205116000172623,2.765195437648938,3.0095864353833344,0.3314891414824455,2.3390863588160107,3.680086511950658,3.0095864353833344,0.33300917743012615,2.33354186410231,3.6856310066643587,1,1,1,8.617194355102026,0.8546
395,1274694,2.577657402459252,2.117456543774471,0.08910673604784701,1.942810550340774,2.292102537208168,2.4360132549657987,0.2762163195410118,1.8773130134642217,2.9947134964673756,2.4360132549657987,0.2717556056380461,1.8843200454135278,2.9877064645180695,0,1,1,9.30113506035894,0.7333
396,1275694,2.569894607192207,2.5041280812378646,0.07527008087498431,2.356601433609478,2.651654728866251,2.887626017422963,0.20418583759613446,2.4746211777171614,3.300630857128765,2.887626017422963,0.20436727554126846,2.4727383910717116,3.3025136437742146,1,1,1,7.371874706638529,0.6143
397,1276694,2.5648391136015376,2.1021083309755744,0.08833182798369074,1.9289811294389532,2.2752355325121956,2.202005691930917,0.23983379373546473,1.7168960550242234,2.687115328837611,2.202005691930917,0.23377984588506248,1.7274073733345086,2.676604010527326,0,1,1,7.0045412936514335,0.6411
398,1277694,2.5739225090322426,2.846966038601135,0.09349662668258972,2.6637160176272725,3.030216059574997,3.197620189028763,0.2288762097548797,2.734674357745139,3.660566020312387,3.197620189028763,0.22876623633101287,2.7332000389371824,3.6620403391203435,0,0,0,5.98676168357106,0.8099
399,1278694,2.581643575948339,2.8470112428337466,0.09576339716817318,2.659318433346922,3.034704052320571,2.859087037470329,0.2752097435238659,2.3024227881389603,3.415751286801698,2.859087037470329,0.25173531030702573,2.3480371881954762,3.370136886745182,0,1,1,6.910177232830136,0.6899
400,1279694,2.5676191204616994,2.6926820021430986,0.0858575370934874,2.5244043216385514,2.8609596826476458,2.8083460351524963,0.2607934078074537,2.2808415771749155,3.335850493130077,2.8083460351524963,0.2521130166479544,2.2965294012403734,3.320162669064619,1,1,1,8.622509581012698,1.1493
401,1280694,2.5768491436503,2.636009593826145,0.10196502631741669,2.4361618145613297,2.8358573730909606,3.1210647381629064,0.3193097451493626,2.4751998159700386,3.7669296603557743,3.1210647381629064,0.31721052202868805,2.477093142468037,3.765036333857776,1,1,1,9.678157779190395,0.8947
402,1281694,2.582251326487615,2.6261975947791942,0.0994158787872731,2.4313460528647393,2.821049136693649,2.9080669644783432,0.3375394944134842,2.22532889397439,3.5908050349822966,2.9080669644783432,0.33988631906519107,2.218061053440273,3.5980728755164133,1,1,1,11.688421278895838,0.8927
403,1282694,2.577414783769051,2.2279548365604405,0.10767711096349507,2.0169115771126673,2.4389980960082136,2.4074106867653704,0.31744053504121184,1.7653265988859002,3.049494774644841,2.4074106867653704,0.32224584173253923,1.7532168486184374,3.0616045249123034,0,1,1,8.956283960025807,0.4043
404,1283694,2.572406446963042,2.551387221037754,0.09829389603426204,2.3587347249104758,2.744039717165032,2.8634690688664977,0.3971919773346334,2.0600724628002878,3.6668656749327075,2.8634690688664977,0.3991487317143873,2.053154064062051,3.6737840736709444,1,1,1,16.489838741345803,0.9749
405,1284694,2.57369966951292,2.694905801031668,0.1242683412400541,2.4513443277826283,2.9384672742807076,3.047186053319002,0.34802491970628047,2.343239208282586,3.751132898355418,3.047186053319002,0.33951085654689056,2.3579423717160948,3.7364297349219093,1,1,1,7.464252631789681,0.8307
406,1285694,2.580433383861755,2.355413293927913,0.1074613300392645,2.1447929573201825,2.5660336305356437,2.571243783002001,0.27235794539206337,2.0203478398576067,3.1221397261463952,2.571243783002001,0.26811292587899704,2.0269456065086526,3.1155419594953493,0,1,1,6.2248813964344665,0.4694
407,1286694,2.579161114245545,2.3065689166940055,0.09630124834922146,2.117821938263284,2.495315895124727,2.5025835336595774,0.26688598430628135,1.9627556765181888,3.0424113908009662,2.5025835336595774,0.24631575871875774,2.002535959031629,3.0026311082875257,0,1,1,6.542150971206387,1.0074
408,1287694,2.5763338423132964,2.9698230008228137,0.10363120487382878,2.7667095715956176,3.17293643005001,3.1471518091684696,0.30708443062137614,2.5260149196659536,3.7682886986709856,3.1471518091684696,0.3009229508343905,2.5362457408870855,3.7580578774498536,0,1,1,8.43197923992235,0.8488
409,1288694,2.5720147305858254,2.6223758377072004,0.0954441128051477,2.435308814072733,2.809442861341668,3.0065627942089277,0.27702475456896636,2.4462273385168674,3.566898249900988,3.0065627942089277,0.282458232787164,2.433142096428125,3.57998349198973,1,1,1,8.758105744158321,0.4925
410,1289694,2.5768346245499925,2.617602616205588,0.08909104887271418,2.4429873690701704,2.7922178633410057,2.9931446910522093,0.33657796456238914,2.31235149824741,3.6739378838570085,2.9931446910522093,0.3260088581420427,2.331311523458207,3.6549778586462116,1,1,1,13.390310799336243,0.9245
411,1290694,2.5724170207980968,2.558873302349715,0.11326381644442678,2.336880301367083,2.7808663033323473,2.9378856664204798,0.37676673118571724,2.1758030202791985,3.699968312561761,2.9378856664204798,0.3768280156160866,2.1728841243314188,3.702887208509541,1,1,1,11.068887777029206,0.9533
412,1291694,2.575438897710033,2.3484514680848108,0.08238361969192419,2.1869825405725947,2.509920395597027,2.6945411738331635,0.24519923278665687,2.1985789120756127,3.1905034355907143,2.6945411738331635,0.23210308414185277,2.223346862545432,3.165735485120895,0,1,1,7.937433199273422,0.3125
413,1292694,2.5780394712896144,2.4016933582762285,0.0891008924828036,2.227058818019558,2.5763278985328992,2.719324288857875,0.24550523258781118,2.2227430840809963,3.2159054936347533,2.719324288857875,0.23883436138194922,2.234464758277772,3.2041838194379775,0,1,1,7.185045297502587,0.4338
414,1293694,2.582981737599869,1.9061826002663553,0.0943922754653308,1.7211771399355231,2.0911880605971875,2.067340776295653,0.28688557536716347,1.4870599279109695,2.647621624680336,2.067340776295653,0.26945912913650133,1.5203096618962086,2.614371890695097,0,1,1,8.149160898112141,0.6505
415,1294694,2.571049079633746,2.4784227884156436,0.10801012100047656,2.266726841288896,2.690118735542391,2.856538646240966,0.32248503488435554,2.2042510943326423,3.50882619814929,2.856538646240966,0.32192236954591275,2.203001491544672,3.51007580093726,1,1,1,8.88328112504453,0.8591
416,1295694,2.565734986813271,2.027206764840208,0.08676692620102153,1.857146714436961,2.197266815243455,2.3366790091832224,0.20873200568910963,1.9144786765547988,2.758879341811646,2.3366790091832224,0.21412468229219186,1.901982794027758,2.7713752243386867,0,1,1,6.0901086164752085,0.5248
417,1296694,2.5780198358054656,2.354829412947399,0.11079328138093589,2.1376785717117524,2.5719802541830457,2.5740423756851882,0.33663933386260486,1.8931250517540739,3.2549596996163026,2.5740423756851882,0.3429396559232637,1.877837861283926,3.2702468900864505,0,1,1,9.580949814521238,0.4171
418,1297694,2.5751639735434284,2.2071647272179242,0.10441704188194897,2.002511085757094,2.4118183686787544,2.2885758508146816,0.22440156042703233,1.834680852096843,2.7424708495325203,2.2885758508146816,0.22407949726966064,1.8336702868491925,2.7434814147801707,0,1,1,4.605337595907785,0.6356
419,1298694,2.5701452440915054,2.1749756417647457,0.10291828309544826,1.9732595135469695,2.376691769982522,2.3138789408584577,0.32757714871989363,1.6512916165311973,2.976466265185718,2.3138789408584577,0.3074325996694588,1.6897575828668758,2.9380002988500395,0,1,1,8.923079653374982,0.6643
420,1299694,2.5737886152464866,2.6174309654696546,0.11698192492105187,2.3881506057822244,2.846711325157085,2.744123557340884,0.3483002386208039,2.0396198272359474,3.448627287445821,2.744123557340884,0.3503258116508369,2.032924349637784,3.4553227650439844,1,1,1,8.968230193769797,0.6046
421,1300694,2.5732814091147893,2.8892346645500426,0.11703657267616743,2.65984719723075,3.1186221318693352,2.970493284960823,0.32581052361172,2.3114792971989746,3.629507272722672,2.970493284960823,0.32842576753841896,2.303753530439375,3.6372330394822714,0,1,1,7.874649934051926,0.6529
422,1301694,2.5725687470672463,1.6854711088399565,0.09209234774064187,1.5049734240165598,1.8659687936633533,2.268475145075343,0.26346858308986465,1.735559634344523,2.8013906558061628,2.268475145075343,0.25511017556382387,1.7505739550858872,2.7863763350647988,0,1,1,7.673764620244801,0.8486
423,1302694,2.5787432724851276,2.425434092537822,0.089306188635049,2.2503971792165856,2.6004710058590583,2.541536390468545,0.2512933794537733,2.0332475535820453,3.0498252273550444,2.541536390468545,0.24127654109195032,2.051718971496957,3.031353809440133,1,1,1,7.299062563158635,0.7365
424,1303694,2.573589857573389,2.6266547749190017,0.08961882949901596,2.4510050967642947,2.8023044530737087,2.728272301912699,0.26129923249573006,2.1997447169310114,3.2567998868943864,2.728272301912699,0.25873182888470514,2.203018764803148,3.2535258390222497,1,1,1,8.334915132106342,0.8652
425,1304694,2.575400634360901,2.1557966462872837,0.10229291917656748,1.9553062088277449,2.356287083746823,2.204690786522321,0.346473479951799,1.5038820245902784,2.9054995484543635,2.204690786522321,0.3426168916620466,1.5091415184067114,2.9002400546379303,0,1,1,11.218283126950576,0.7903
426,1305694,2.5764691128862105,2.1341565547703794,0.09916618150832425,1.9397944105297018,2.328518699011057,2.22022267673381,0.27286835795152975,1.6682943267399102,2.77215102672771,2.22022267673381,0.27717452867611847,1.65752846855937,2.78291688490825,0,1,1,7.812309747897389,0.4518
427,1306694,2.572838595164869,2.2732198472356138,0.10080478230982433,2.075646104438958,2.4707935900322697,2.500443324366598,0.31001120803881804,1.8733864687568538,3.1275001799763427,2.500443324366598,0.3144879480784989,1.8619988476332554,3.138887801099941,0,1,1,9.732977998135993,0.9575
428,1307694,2.5790507034169017,2.0978110567031685,0.09869384122937935,1.9043746823976706,2.2912474310086663,2.277357959191058,0.26688278936052756,1.7375365644374354,2.8171793539446806,2.277357959191058,0.26265963028763273,1.744130561312831,2.810585357069285,0,1,1,7.082825669674742,0.6837
429,1308694,2.5803245891764,2.5045335239696223,0.08727499543371477,2.3334776761686435,2.675589371770601,2.820624020986781,0.29892475737135205,2.215991628477556,3.4252564134960064,2.820624020986781,0.29901104095889725,2.213599336101736,3.4276487058718264,1,1,1,11.738018246837333,0.8161
430,1309694,2.578418672892615,2.17585683028436,0.09710251760596432,1.9855393929685035,2.3661742676002167,2.399018470395962,0.2318158733207537,1.9301266083096817,2.8679103324822424,2.399018470395962,0.2308212933763234,1.9304263327036897,2.8676106080882344,0,1,1,5.650550493472882,0.4999
431,1310694,2.5723474764013323,2.3137177302115437,0.09731273202231439,2.1229882802106097,2.5044471802124777,2.481647147713915,0.3560256777733481,1.7615172419818304,3.2017770534459995,2.481647147713915,0.33094390160368586,1.8097953092621712,3.153498986165659,0,1,1,11.565633726609068,0.9251
432,1311694,2.5694039557513437,2.0262237468015116,0.10278973435107235,1.8247595694929701,2.227687924110053,2.133744909845808,0.21129973731261392,1.7063508497774313,2.561138969914185,2.133744909845808,0.20193475195330024,1.723795568916147,2.543694250775469,0,0,0,3.8594253329022714,1.2988
433,1312694,2.57505814998876,2.8344367109939217,0.10173235781534826,2.635044953613497,3.033828468374346,3.1125634885071256,0.28656854131305476,2.5329239020250305,3.6922030749892207,3.1125634885071256,0.26884352934705313,2.5667821081208695,3.6583448688933817,0,1,1,6.983625724611916,1.1124
434,1313694,2.5681675200957215,2.4650796187942996,0.09585660201780838,2.2772041311590057,2.6529551064295935,2.5381374055748767,0.27944555544773186,1.9729054179261203,3.103369393223633,2.5381374055748767,0.276501742374219,1.976809026205941,3.0994657849438125,1,1,1,8.320543302071576,0.6239
435,1314694,2.579891832066402,2.570289493452273,0.08192301507155661,2.40972333440709,2.730855652497456,2.5783128292624733,0.255440664170757,2.0616353172361235,3.094990341288823,2.5783128292624733,0.23235477340235894,2.1066075616115327,3.050018096913414,1,1,1,8.0443571244473,0.5864
436,1315694,2.5708119281746074,2.1318026437389435,0.09174728407693543,1.9519812712687847,2.311624016209102,2.1995910693284446,0.31768859475148015,1.5570052333253876,2.8421769053315016,2.1995910693284446,0.3241182264404967,1.5415960881411523,2.857586050515737,0,1,1,12.480169205716338,0.8322
437,1316694,2.5709275688369404,2.204331663011927,0.09535774807910669,2.017433911130034,2.39122941489382,2.451973986598852,0.26921641513772676,1.907432388174925,2.996515585022779,2.451973986598852,0.27212080177260867,1.8995393894784396,3.0044085837192647,0,1,1,8.143507691610493,0.3629
438,1317694,2.5710763244999977,1.8926918070764656,0.09593262737396951,1.704667312481184,2.080716301671747,2.2879892408297726,0.3081059931103775,1.6647860461565034,2.911192435503042,2.2879892408297726,0.3139531987542555,1.6506303629392032,2.925348118720342,0,1,1,10.710189292608955,0.6178
439,1318694,2.5772602278560623,2.4740131961246865,0.1153593716054405,2.2479129824988506,2.7001134097505224,2.597607858148174,0.3072875091039194,1.9760602036429629,3.219155512653385,2.597607858148174,0.3102701152390627,1.9677260373022052,3.2274896789941425,1,1,1,7.23392714712428,0.5379
440,1319694,2.579721897742906,2.1255562017338065,0.10841446735112041,1.913067750322517,2.3380446531450962,2.245362520916733,0.3020717196200819,1.6343647964413033,2.8563602453921626,2.245362520916733,0.30795076429892493,1.620189232802733,2.870535809030733,0,1,1,8.068412466518057,0.5846
441,1320694,2.574341766560284,2.5711686537590794,0.08711967010722248,2.4004172380039126,2.7419200695142463,2.730684917785423,0.2593607949561655,2.206078192814071,3.2552916427567746,2.730684917785423,0.2333834627843281,2.2568912996644395,3.2044785359064063,1,1,1,7.176417791087011,0.5963
442,1321694,2.581300364804234,2.38392353607963,0.09880090472661746,2.1902773211754862,2.5775697509837734,2.5215644707600164,0.2893447189407167,1.9363095349980401,3.1068194065219927,2.5215644707600164,0.27804163008735167,1.957109953136035,3.086018988383998,0,1,1,7.91950083742441,0.7897
443,1322694,2.574410158420701,2.005868306565953,0.09611883697961439,1.817478847850032,2.1942577652818738,2.5076650898968738,0.2850552240758315,1.9310864764496452,3.0842437033441024,2.5076650898968738,0.2718517673914977,1.9557766616065264,3.0595535181872213,0,1,1,7.999213845911001,0.6813
444,1323694,2.5802575654165874,2.4277322256263583,0.10485442071620932,2.2222213374027775,2.633243113849939,2.581356620917835,0.3113638516532208,1.9515637853511922,3.2111494564844776,2.581356620917835,0.3118657757284713,1.948235437061522,3.214477804774148,1,1,1,8.846305736713427,1.0995
445,1324694,2.558472747695447,2.1712783262249573,0.08261250462838464,2.009360792480675,2.3331958599692397,2.4448160255769147,0.1819344875853959,2.076818789496394,2.8128132616574355,2.4448160255769147,0.1834933514702831,2.0723047179758662,2.817327333177963,0,1,1,4.933431331972694,0.9736
446,1325694,2.579586970238045,2.1272697478906086,0.128933553764264,1.8745646261138926,2.3799748696673246,2.2476362850050275,0.34102587760467296,1.5578463388764878,2.9374262311335673,2.2476362850050275,0.34027265959384867,1.5568460609967254,2.93842650901333,0,1,1,6.965017385137523,0.4662
447,1326694,2.5749929628918147,2.4730418099379006,0.08274223637890094,2.310870006634955,2.6352136132408464,2.7660472726046033,0.21185029462070845,2.3375396052681836,3.194554939941023,2.7660472726046033,0.20510741840930583,2.3496570763489113,3.182437468860295,1,1,1,6.144806717874225,0.7373
448,1327694,2.5766224710568983,2.1862476732202527,0.1004881003049579,1.9892946157476867,2.3832007306928187,2.297678570417147,0.26527625713415987,1.761106693810545,2.8342504470237495,2.297678570417147,0.25684026903650853,1.7762651039521802,2.819092036882114,0,1,1,6.532763861402747,0.6972
449,1328694,2.5755497972203827,2.5542390399415655,0.10787808359419147,2.342801881375749,2.765676198507382,2.798112937188971,0.2613874965364275,2.269406821333599,3.326819053044343,2.798112937188971,0.2477974782219393,2.2950573120501705,3.3011685623277716,1,1,1,5.276273738340988,1.0032
450,1329694,2.5728956399168204,2.5053090328819914,0.09988448664715305,2.3095390364392996,2.701079029324683,2.71975545535218,0.31457624155522557,2.0834649478991345,3.3560459628052257,2.71975545535218,0.31586405392510786,2.0785173352295248,3.3609935754748355,1,1,1,10.00009961343577,0.8117
451,1330694,2.584066872705898,2.766893215752245,0.10951540621421076,2.5522469638201177,2.9815394676843723,2.8320230142159732,0.2775430368496249,2.270639233660809,3.3934067947711375,2.8320230142159732,0.2732110811139551,2.277375032360686,3.3866709960712607,1,1,1,6.223664641273566,0.7821
452,1331694,2.5765321821415283,2.448833249438818,0.08715555620472276,2.278011498225005,2.619655000652631,2.5234727563501353,0.20122277259215943,2.1164612813233528,2.930484231376918,2.5234727563501353,0.20020948051070311,2.1170259026544747,2.929919610045796,1,1,1,5.276903107909484,0.7505
453,1332694,2.5713450777329183,2.3307217091995467,0.09250284962204006,2.1494194554730237,2.5120239629260697,2.626637892851881,0.23600157909539013,2.1492796417012983,3.1039961440024637,2.626637892851881,0.23874336621222356,2.1419630922872708,3.111312693416491,0,1,1,6.6611989136471825,1.1884
454,1333694,2.5709957200657856,2.43176596353704,0.1103104662084535,2.2155614226506484,2.6479705044234314,2.429927769326418,0.3084966713075314,1.805934353411109,3.0539211852417267,2.429927769326418,0.31656697511507037,1.7872626433230847,3.072592895329751,1,1,1,8.23564793553113,0.6148
455,1334694,2.5670000865730978,2.1655144345915076,0.0912737193149031,1.9866212319992795,2.3444076371837355,2.5050914388098797,0.2953886651121272,1.9076114680058005,3.102571409613959,2.5050914388098797,0.3008347515770295,1.89436442454013,3.1158184530796293,0,1,1,10.863368474934962,0.9047
456,1335694,2.575854116699699,2.5948986505110208,0.09731558907507619,2.404163600789572,2.7856337002324696,2.888240984703454,0.27540580042448887,2.3311801728593844,3.4453017965475237,2.888240984703454,0.25902322536112504,2.362395881296859,3.414086088110049,1,1,1,7.084555095229516,0.6564
457,1336694,2.566902606996821,2.466374030934491,0.11321433770087234,2.244478006507226,2.6882700553617562,2.7455638339349835,0.32099987902941757,2.096280293289282,3.394847374580685,2.7455638339349835,0.3027870842182047,2.130873373691802,3.360254294178165,1,1,1,7.152729989497341,0.4556
458,1337694,2.5714744330903554,2.342811446655249,0.09915846520144923,2.1484644260981405,2.5371584672123575,2.257901097369529,0.27232313334488595,1.7070755682368681,2.8087266265021897,2.257901097369529,0.2785919894134797,1.6923292909141883,2.8234729038248694,0,1,1,7.8936462029996335,1.0731
459,1338694,2.571469297578029,2.423219464585554,0.10362938551081664,2.2201096012443364,2.6263293279267717,2.597468750524978,0.354625969520468,1.8801700219666944,3.3147674790832613,2.597468750524978,0.3474088724463216,1.8921912442271882,3.3027462568227675,1,1,1,11.238697073675894,0.4987
460,1339694,2.5734328141393323,2.4172728394071092,0.09441495152776745,2.23222293481059,2.6023227440036285,2.5885550656564154,0.3083206507432964,1.9649176849381245,3.212192446374706,2.5885550656564154,0.3046783005800064,1.9700252320831035,3.207084899229727,1,1,1,10.413614584156234,0.5016
461,1340694,2.5755456116388,2.5410954296760275,0.0901367766907819,2.3644305936795655,2.7177602656724895,2.738976925430426,0.2534552924364042,2.2263152067840495,3.251638644076803,2.738976925430426,0.24599654734931342,2.2395773843343743,3.238376466526478,1,1,1,7.448245385549828,0.615
462,1341694,2.5717826899327094,2.6319272032433307,0.10304349938633695,2.429965655605135,2.8338887508815263,2.9582055572447348,0.28163854641572206,2.388537826677302,3.5278732878121675,2.9582055572447348,0.25614475919052854,2.438204050832268,3.4782070636572016,1,1,1,6.179164412990066,0.4577
463,1342694,2.5709986165122514,1.8526612792835238,0.09427203010385966,1.667891495530483,2.0374310630365646,1.9949120633377555,0.27414145972083176,1.4404086219548058,2.549415504720705,1.9949120633377555,0.26756218744071886,1.4517319453143478,2.538092181361163,0,0,0,8.055337789433542,0.6993
464,1343694,2.5788638809692808,2.65827300539058,0.09884285792836453,2.464544563721976,2.852001447059184,2.8564286644147603,0.26868292102420765,2.3129661596901414,3.399891169139379,2.8564286644147603,0.265826872217139,2.316771423584756,3.3960859052447647,1,1,1,7.232811962182049,0.8819
465,1344694,2.5735391083171875,2.088209326381172,0.12204341877071896,1.849008621040423,2.3274100317219206,1.955900338262731,0.38927965365644374,1.1685079174567874,2.7432927590686744,1.955900338262731,0.3940919323115364,1.1558511820175834,2.7559494945078784,0,1,1,10.427167707853185,0.6268
466,1345694,2.5695833956137957,2.542439947543974,0.09637976131209916,2.3535390865336927,2.731340808554255,2.909440288991526,0.29490975263502994,2.3129290101063638,3.505951567876688,2.909440288991526,0.28861213003455033,2.3235265156191662,3.4953540623638855,1,1,1,8.967212617327974,0.4011
467,1346694,2.565982098998548,1.9495412401543308,0.09901913154705393,1.7554673085416712,2.1436151717669905,2.1534608595978932,0.24464255530281956,1.658624584332289,2.6482971348634976,2.1534608595978932,0.22376120335190108,1.6992014666383617,2.607720252557425,0,1,1,5.106594249653809,0.8996
468,1347694,2.5676943628164604,2.8385714413678773,0.0955405738493092,2.651315357560942,3.0258275251748126,2.941143346510349,0.291677395128964,2.3511701278030195,3.531116565217679,2.941143346510349,0.30030281654138585,2.3314962177737737,3.5507904752469246,0,1,1,9.879685501610915,0.5984
469,1348694,2.56910360252513,2.247594054359831,0.08743945442612108,2.0762158728568023,2.41897223586286,2.2871774444347945,0.299100133644937,1.6821903199293988,2.8921645689401903,2.2871774444347945,0.2924629606527324,1.6934460692941145,2.880908819575475,0,1,1,11.187340739592189,1.2264
470,1349694,2.57094876827381,2.5031340043989063,0.09605851324383104,2.3148627780325337,2.691405230765279,2.6286985741821196,0.2010832614831115,2.2219692870088523,3.035427861355387,2.6286985741821196,0.2022955722126878,2.2180167291832023,3.039380419181037,1,1,1,4.4350756623946,0.5916
471,1350694,2.5722341461167333,2.6617287546318154,0.10572758630837202,2.454506493295056,2.8689510159685745,3.2849069846708034,0.2635603604502417,2.7518058367064837,3.818008132635123,3.2849069846708034,0.26123492530700143,2.754571891669174,3.815242077672433,1,0,0,6.105002441994018,0.8049
472,1351694,2.5763622275310634,2.737444220135843,0.08972118838371883,2.5615939222536204,2.9132945180180654,2.7326537635674177,0.22937589135190578,2.2686972308545794,3.196610296280256,2.7326537635674177,0.1910375546594514,2.3448269092597074,3.120480617875128,1,1,1,4.533644538307683,0.6108
473,1352694,2.57568234107856,2.4400956673672343,0.10644334125210528,2.2314705521190015,2.648720782615467,2.435192895277898,0.2960781418707113,1.8363183260946543,3.0340674644611414,2.435192895277898,0.28248627148397853,1.8617152759163944,3.0086705146394013,1,1,1,7.043000118971391,0.7682
474,1353694,2.596468646521866,1.9642014770664493,0.07938894853484164,1.808601997167656,2.1198009569652427,2.128921162861659,0.19752598503051122,1.7293871464691268,2.528455179254191,2.128921162861659,0.1981479546194923,1.7266594292220385,2.5311828965012793,0,0,0,6.229584590620305,0.7548
475,1354694,2.5700966527466105,2.4396694657920515,0.1215716389230162,2.201393431961432,2.677945499622671,2.5944678851438217,0.35135912581941753,1.883776971676832,3.3051587986108113,2.5944678851438217,0.35926215687931784,1.8651269321428003,3.323808838144843,1,1,1,8.73289830465076,0.6277
476,1355694,2.582605335155057,2.5006392028783404,0.11820601907519482,2.268959662735104,2.732318743021577,3.1462485732209022,0.39036449104933635,2.3566618616706383,3.935835284771166,3.1462485732209022,0.40126318572471353,2.3316409985661717,3.960856147875633,1,1,1,11.523368512126561,0.8989
477,1356694,2.577503718865598,2.457996820854314,0.09059688390500013,2.280430191288957,2.6355634504196708,2.6336267534773037,0.2713005476894003,2.0848695990649535,3.182383907889654,2.6336267534773037,0.2679239453963458,2.0897122277600704,3.177541279194537,1,1,1,8.745739538084695,0.5508
478,1357694,2.577885857943826,2.2287024201399133,0.09921615253546771,2.0342423344857643,2.4231625057940622,2.491576125584565,0.2685318255999361,1.9484192402026794,3.034733010966451,2.491576125584565,0.26593281108467187,1.9517038174196721,3.0314484337494583,0,1,1,7.184211104280723,0.5238
479,1358694,2.5753018382836244,2.148441112175218,0.10650605470669922,1.9396930808146349,2.357189143535801,2.223377050200359,0.28428310136897755,1.6483602023414383,2.79839389805928,2.223377050200359,0.28819353017132093,1.6383130797291061,2.808441020671612,0,1,1,7.321833669941968,0.7428
480,1359694,2.570314923379697,2.2415951639777965,0.09454218661386256,2.056295883194961,2.4268944447606318,2.5925209503534985,0.3102112940353876,1.9650593826152662,3.2199825180917307,2.5925209503534985,0.3012304326493775,1.9809906608017165,3.2040512399052803,0,1,1,10.151878370624374,0.6668
481,1360694,2.5716709842184176,2.4629876704350346,0.10471150857180932,2.2577568848674314,2.668218456002638,2.859389562500519,0.29247766075316195,2.267797653781506,3.4509814712195315,2.859389562500519,0.29542347217068354,2.25964802945557,3.4591310955454677,1,1,1,7.959781813252881,0.6139
482,1361694,2.57230101287345,2.1186131163538606,0.11103807289986303,1.9009824925573962,2.336243740150325,2.752844196481879,0.3274385223562974,2.0905372704415424,3.4151511225222153,2.752844196481879,0.2842476874193319,2.175790712665068,3.3298976802986897,0,1,1,6.55314908561058,0.738
483,1362694,2.5725471322919584,2.259734081161826,0.11295546464945926,2.038345438591899,2.4811227237317532,2.546741733583187,0.313196138984116,1.9132427470694444,3.1802407200969296,2.546741733583187,0.31197003290914793,1.9134088963978055,3.1800745707685687,0,1,1,7.62801019221007,0.7922
484,1363694,2.5796018823173643,2.2854909340405842,0.11057690076668811,2.068764191015816,2.5022176770653526,2.5306012322804454,0.32324981061846375,1.8767667754388764,3.1844356891220142,2.5306012322804454,0.31088094714911935,1.8994793567310424,3.1617231078298484,0,1,1,7.904226668234206,0.6086
485,1364694,2.5724903531790426,2.514097778670689,0.09747659775355587,2.3230471577382215,2.7051483996031562,2.919695991829021,0.32521816778522317,2.2618801568188585,3.5775118268391837,2.919695991829021,0.2935512424925877,2.32375528709708,3.515636696560962,1,1,1,9.069161189469256,0.9873
486,1365694,2.5753070551681594,2.3800392067112544,0.10265611700727525,2.178836914584265,2.5812414988382435,2.7698215689542565,0.3135636604874328,2.1355792000328364,3.4040639378756765,2.7698215689542565,0.31711064416286355,2.126052736106654,3.413590401801859,1,1,1,9.542275997615599,0.8423
487,1366694,2.5777143234614517,2.605273007179833,0.10030779779956285,2.408673336124164,2.8018726782355023,2.9285856777254264,0.36733979095044916,2.185570818001751,3.671600537449102,2.9285856777254264,0.3679594780536124,2.18158822405393,3.6755831313969227,1,1,1,13.456452931163403,0.8554
488,1367694,2.5744566359899537,2.5715233684792795,0.09683328262231473,2.3817336220347545,2.7613131149238046,2.8118386800577766,0.3700141044429712,2.063414510715445,3.5602628494001083,2.8118386800577766,0.36727567510792525,2.0662294201676805,3.5574479399478727,1,1,1,14.38583326020858,1.2614
489,1368694,2.580999951186827,2.1169499999350863,0.0860145012139879,1.9483646754074933,2.2855353244626793,2.2547683542419485,0.2282776880943742,1.7930331472864742,2.716503561197423,2.2547683542419485,0.22609974097009236,1.7957614775232154,2.7137752309606817,0,1,1,6.909661610993399,0.6331
490,1369694,2.5785974299896157,2.302661662157873,0.10882556946929321,2.0893674654009966,2.5159558589147495,2.562670997845183,0.3134341304255456,1.9286906282038143,3.196651367486552,2.562670997845183,0.32200471049384205,1.9089666821376783,3.216375313552688,0,1,1,8.75512906919842,0.5084
491,1370694,2.578863234936228,2.1926830741732335,0.08590040870470998,2.024321366854731,2.361044781491736,2.587917519791175,0.24873420213965322,2.0848051076207104,3.0910299319616397,2.587917519791175,0.2527401462357491,2.07482774513083,3.10100729445152,0,1,1,8.656812368888717,0.8678
492,1371694,2.5710648276648866,2.653632123819143,0.0973343452013859,2.4628603127656374,2.8444039348726484,2.521788306107464,0.22655799380147598,2.0635315091834743,2.980045103031454,2.521788306107464,0.20924371641026096,2.097000978486427,2.9465756337285014,1,1,1,4.6213900697227706,1.1648
493,1372694,2.5789968379399255,2.774217430822871,0.08220682673268015,2.613095011143493,2.9353398505022485,2.824241725620264,0.258402164299119,2.301574014174589,3.346909437065939,2.824241725620264,0.23349010720235266,2.3502316078207457,3.2982518434197825,0,1,1,8.067169842836046,0.6146
494,1373694,2.5807885102304424,2.437419638622123,0.1024579210704214,2.2366058033932497,2.6382334738509963,2.5375901179101725,0.29202870007069587,1.9469063178870374,3.1282739179333077,2.5375901179101725,0.273894848388497,1.9815540146897592,3.093626221130586,1,1,1,7.146224384750438,0.7636
495,1374694,2.5706366843047785,1.9643303985738747,0.09958801538747798,1.7691414751225971,2.1595193220251523,2.2328205219057975,0.31459433895767575,1.5964934090011398,2.869147634810455,2.2328205219057975,0.3043814973532004,1.6148932309163548,2.85074781289524,0,1,1,9.341623136256505,0.8699
496,1375694,2.5755714529702396,2.5235310536397573,0.08055756653475381,2.365641124549451,2.6814209827300637,2.7660089734447793,0.21662396320381463,2.327845650010046,3.2041722968795123,2.7660089734447793,0.21137329602875657,2.336898369356394,3.1951195775331644,1,1,1,6.884740284017589,0.7348
497,1376694,2.5752086265702694,2.443260074380198,0.09800226691719638,2.2511791608192118,2.635340987941184,2.465893935467542,0.31061298222870376,1.8376198766680032,3.094167994267081,2.465893935467542,0.3100963320957174,1.836364913158675,3.095422957776409,1,1,1,10.012004022957624,0.7677
498,1377694,2.569694126620751,2.5171056705015125,0.09972538670160924,2.3216475042220286,2.7125638367809963,2.853200541648011,0.3455130642542871,2.1543344038267866,3.5520666794692355,2.853200541648011,0.35471251189097885,2.133095859008541,3.573305224287481,1,1,1,12.651486530135706,0.5921
499,1378694,2.5758292468690693,2.220070395739107,0.09299947259664193,2.037794778868469,2.402346012609745,2.3764383877093067,0.2797566627030796,1.810577126240001,2.9422996491786124,2.3764383877093067,0.2855950714700794,1.7966495688486752,2.956227206569938,0,1,1,9.430624345191928,0.6717
500,1379694,2.578121848842815,2.007841494294565,0.10117681981253043,1.8095385713917067,2.206144417197423,1.9643589119643075,0.3158167827580133,1.3255591730844518,2.603158650844163,1.9643589119643075,0.31598194872911817,1.3228814526653314,2.6058363712632833,0,1,1,9.753545116344362,0.7529
501,1380694,2.576855467656973,2.3106472378147065,0.11800274750331721,2.079366102631431,2.541928372997982,2.1294713295455447,0.3382713378365426,1.4452529659948825,2.813689693096207,2.1294713295455447,0.34557681710040883,1.4279130933304862,2.8310295657606033,0,1,1,8.576398694564524,0.3998
502,1381694,2.5712900449543796,2.9705317709873054,0.09662830758164073,2.7811437682402307,3.15991977373438,3.044767244764737,0.30131101409781064,2.4353081924420272,3.654226297087447,3.044767244764737,0.301372494825591,2.43294855366272,3.6565859358667545,0,1,1,9.72743820348425,0.6243
503,1382694,2.5742343550512126,2.361236011896929,0.09754690243095378,2.170047596328817,2.5524244274650414,2.504623803974663,0.26846771458149615,1.96159659536765,3.047651012581676,2.504623803974663,0.2742200837401277,1.9479274378883569,3.061320170060969,0,1,1,7.902628240288102,0.732
504,1383694,2.5713321511304654,2.2838172252928888,0.10670603646594266,2.0746772368866235,2.492957213699154,2.4029343337395774,0.28051631588750736,1.8355365286717527,2.970332138807402,2.4029343337395774,0.2814159618586823,1.8316295584340705,2.9742391090450844,0,1,1,6.955357809327575,0.8719
505,1384694,2.5783402393299015,2.680924539262331,0.0876125740189358,2.509207049592367,2.8526420289322947,2.9098555410267766,0.23703453421840706,2.430407940928062,3.3893031411254912,2.9098555410267766,0.22649917510299675,2.4500377699080205,3.3696733121455327,1,1,1,6.683444862713662,0.8834
506,1385694,2.5755572901355075,2.3433918414469472,0.09538853791469293,2.1564337425962155,2.530349940297679,2.4848298841926053,0.2339613081491785,2.0115984705593393,2.9580612978258713,2.4848298841926053,0.23126819106408134,2.0153304959612988,2.954329272423912,0,1,1,5.878133194285208,0.7853
507,1386694,2.5680377600280693,2.624198535769254,0.10818998475418852,2.412150062163107,2.836247009375401,2.8434987563875307,0.3271940024891801,2.181686418462181,3.5053110943128805,2.8434987563875307,0.33635677626810623,2.1606581981649216,3.52633931461014,1,1,1,9.66554269792574,0.7868
508,1387694,2.572568425443284,2.2324662542306024,0.09234623462943806,2.051470960249018,2.4134615482121866,2.1071533481981506,0.20978787068601096,1.6828173270277103,2.531489369368591,2.1071533481981506,0.2092929488694849,1.6822660733713157,2.5320406230249857,0,0,0,5.136541605317451,0.8553
509,1388694,2.572245459276524,2.6767222031467766,0.08484840745521226,2.510422380388981,2.843022025904572,2.8376826240289375,0.2927223220247135,2.245595841177473,3.429769406880402,2.8376826240289375,0.294220986016332,2.2403822676595486,3.4349829803983263,1,1,1,12.024302751754567,0.7336
510,1389694,2.5784238571407876,2.5416168803374446,0.08981210858651831,2.3655883821322683,2.717645378542621,2.4730711265736454,0.2613017923381661,1.9445383638219056,3.001603889325385,2.4730711265736454,0.245182404871919,1.9753243825756772,2.9708178705716133,1,1,1,7.452617217113246,0.766
511,1390694,2.5789786964435484,1.9595308954623485,0.11415346376503527,1.7357942177723813,2.1832675731523157,2.085086897896138,0.29240546716320853,1.4936410144960088,2.6765327812962667,2.085086897896138,0.2855500373352117,1.5053895031897433,2.6647842926025325,0,1,1,6.25728959140091,0.5711
512,1391694,2.5736403591639814,2.37533257956292,0.10365363828041953,2.1721751816667556,2.5784899774590846,2.7486442515817653,0.29354312732888593,2.154897233294433,3.3423912698690974,2.7486442515817653,0.29722075510004053,2.1452540402126195,3.352034462950911,1,1,1,8.222221368328558,0.8558
513,1392694,2.5724232983582525,2.1233547291337045,0.10051105055777296,1.926356689992185,2.320352768275224,2.4493627227778734,0.31374848495770263,1.814746511078638,3.0839789344771087,2.4493627227778734,0.3023542434266912,1.8355509760572135,3.0631744694985334,0,1,1,9.049081749022765,0.6229
514,1393694,2.5756458507118527,2.8704370887811304,0.09747137164627981,2.6793967108307033,3.0614774667315574,3.1544098139808328,0.22229427033563937,2.704777211796738,3.6040424161649276,3.1544098139808328,0.21758849183780227,2.7126816916048755,3.59613793635679,0,0,0,4.983307524488205,0.591
515,1394694,2.574087074468873,2.076238688972,0.09914484565314677,1.8819183622390496,2.2705590157049502,2.479380911151253,0.29842803623759134,1.8757532319690757,3.0830085903334306,2.479380911151253,0.2940878532262752,1.8823508287144688,3.0764109935880373,0,1,1,8.79860644001999,0.7108
516,1395694,2.582639507825914,2.3842952547949707,0.08760802906355422,2.212586673073866,2.5560038365160755,2.6394085344829903,0.24439985960698402,2.1450631575976846,3.133753911368296,2.6394085344829903,0.24836175447540587,2.135207367648304,3.1436097013176765,0,1,1,8.03677145316249,1.0249
517,1396694,2.572477966958287,2.4292921404540233,0.10981668506085744,2.2140553928331648,2.644528888074882,2.401107267559554,0.2819095017376367,1.8308914781227492,2.971323056996359,2.401107267559554,0.2884166290468666,1.8155903822922723,2.986624152826836,1,1,1,6.897694148958984,1.2515
518,1397694,2.57629788910764,2.6133584332332425,0.09391170063759052,2.4292948822566576,2.7974219842098274,2.6651583181790723,0.2566372616698015,2.146060459256467,3.1842561771016777,2.6651583181790723,0.24340090829730196,2.171028204501385,3.15928843185676,1,1,1,6.717458292764383,0.8782
519,1398694,2.5742710041414427,1.9743748122303797,0.09582743761695743,1.7865564857703844,2.162193138690375,2.222827509420662,0.30219629271330634,1.6115778120806863,2.834077206760638,2.222827509420662,0.2960346365256429,1.6218452467732463,2.823809772068078,0,1,1,9.543447823263008,0.752
520,1399694,2.563268853956123,2.5177932498648765,0.09003662461516906,2.3413247083295925,2.6942617914001605,2.2644062996797816,0.25167360572811875,1.7553483825606042,2.773464216798959,2.2644062996797816,0.2485295427210252,1.7598645045973962,2.768948094762167,1,1,1,7.61934486192659,0.5354
521,1400694,2.5766755082248443,2.54165240737346,0.08913451064333862,2.366951976732914,2.716352838014006,2.917950104856534,0.2103937301440736,2.4923886172614518,3.343511592451616,2.917950104856534,0.20483327969690993,2.5021164397743174,3.3337837699387505,1,1,1,5.280916109812365,0.9796
522,1401694,2.5813216423844763,2.5695495588619623,0.08983573511038388,2.3934747535209295,2.745624364202995,2.6444267434124376,0.29583532221724956,2.0460433233374573,3.242810163487418,2.6444267434124376,0.2778454839054933,2.080370423707343,3.2084830631175323,1,1,1,9.565516661446233,0.579
523,1402694,2.584326902667502,1.8577870692541154,0.0839954135336399,1.693159083861633,2.022415054646598,2.2295277233666315,0.23511498180007775,1.753962784515006,2.705092662218257,2.2295277233666315,0.2293995563791755,1.763821865224156,2.695233581509107,0,1,1,7.458886561605157,0.4228
524,1403694,2.559722146337326,2.0414825923861937,0.10854288760484701,1.8287424419027145,2.254222742869673,1.9493537947020347,0.3085087592743317,1.3253359285660373,2.573371660838032,1.9493537947020347,0.2765686349638006,1.3878896161566483,2.510817973247421,0,1,0,6.4923677264739945,0.3849
525,1404694,2.5779200013391637,2.185633757127942,0.09552587440015183,1.9984064837119475,2.372861030543936,2.3478386096113644,0.2552317289363411,1.8315837089865434,2.8640935102361853,2.3478386096113644,0.24376657934016888,1.8529661442504213,2.8427110749723075,0,1,1,6.511878410415066,0.3982
526,1405694,2.5749384479963635,2.2262186506013624,0.09348007037987602,2.0430010793845357,2.409436221818189,2.4566601945191806,0.27736085383013037,1.895644913903333,3.0176754751350283,2.4566601945191806,0.2626736231354017,1.923404389649759,2.989915999388602,0,1,1,7.895776881682015,0.908
527,1406694,2.5731232491339893,2.3947795025131065,0.09789828201685614,2.2029023956117233,2.5866566094144896,2.528569557567334,0.28034296347621884,1.9615223908477892,3.095616724286879,2.528569557567334,0.2857151913141941,1.9485368824588254,3.108602232675843,1,1,1,8.517585921041038,0.6249
528,1407694,2.5693200622762156,2.547127666960326,0.10730411251719085,2.3368154710335984,2.757439862887054,2.5546213528611275,0.22746303431057824,2.094533938717111,3.014708767005144,2.5546213528611275,0.22270606766980247,2.1025039992152044,3.0067387065070506,1,1,1,4.307560296246314,0.8581
529,1408694,2.569645690415307,1.9736258449697401,0.09748670989660366,1.7825554046010925,2.1646962853383878,2.164943018536018,0.26732552566305473,1.6242261050833033,2.705659931988733,2.164943018536018,0.26758890481478237,1.621708661359702,2.708177375712334,0,1,1,7.534342819434658,0.9639
530,1409694,2.5800949741770243,2.511693230411169,0.09294405257410822,2.3295262347887196,2.6938602260336184,2.8661391969719805,0.2860268233602559,2.2875953384742322,3.4446830554697287,2.8661391969719805,0.29082619245925306,2.275730637917591,3.45654775602637,1,1,1,9.79092728973394,0.612
531,1410694,2.577032992278871,2.0399643599747934,0.07828622040180344,1.8865261875014938,2.193402532448093,2.252300251771447,0.2470525069116997,1.7525893892688331,2.7520111142740613,2.252300251771447,0.24587860775897113,1.7531401407728038,2.7514603627700907,0,1,1,9.864403721164873,0.4952
532,1411694,2.579684816798609,2.3319248190236372,0.09851306725318996,2.138842755200813,2.5250068828464616,2.359521221539828,0.27190635647102596,1.809538703205605,2.909503739874051,2.359521221539828,0.2743059086397053,1.802650621644448,2.916391821435208,0,1,1,7.753229554822917,0.356
533,1412694,2.577835909888967,2.774913913831261,0.09092821007367843,2.596697896908159,2.953129930754363,3.0271556647920357,0.23138626686424393,2.5591327637845267,3.4951785657995447,3.0271556647920357,0.22968927145367232,2.5608616537798903,3.493449675804181,0,1,1,6.380932291614957,1.123
534,1413694,2.575976137393949,2.5643547328837264,0.0911951523966342,2.3856155186216816,2.743093947145771,2.7103210935392603,0.2505097118595047,2.203617373980015,3.2170248130985057,2.7103210935392603,0.24788108690423682,2.207095733751657,3.2135464533268636,1,1,1,7.3882788223812925,1.3992
535,1414694,2.580025785439744,2.3827511195041473,0.1040019776605741,2.178910988968483,2.586591250039812,2.432341002843018,0.27587151882338884,1.874338186622199,2.9903438190638365,2.432341002843018,0.2519737512690417,1.9208070926807566,2.9438749130052795,1,1,1,5.869855466035044,0.7499
536,1415694,2.571116527143502,2.337147914384363,0.1040242518776016,2.133264127185541,2.5410317015831856,2.3092408314470982,0.2922355403673779,1.7181386574339668,2.90034300546023,2.3092408314470982,0.2930144950358543,1.7143897819825398,2.9040918809116567,0,1,1,7.934307127468695,0.5595
537,1416694,2.5781853334106652,2.3438671393133097,0.1062370343212892,2.135646378219237,2.552087900407382,2.3873663446159052,0.25929094052359836,1.862900913571031,2.9118317756607794,2.3873663446159052,0.2657228684194355,1.8479202427201868,2.9268124465116236,0,1,1,6.256133198802806,1.0651
538,1417694,2.5698288391786432,1.9114924457431655,0.09020935704918136,1.7346853548582555,2.0882995366280754,2.0762709060871307,0.25279325477710757,1.5649482850029357,2.5875935271713257,2.0762709060871307,0.24923550804241212,1.5702959252087278,2.5822458869655334,0,1,1,7.633376012533801,1.0574
539,1418694,2.5795083984146023,2.103054948322914,0.08838545599897364,1.929822637807776,2.2762872588380523,2.12671637510818,0.24798840224833799,1.625112485606043,2.628320264610317,2.12671637510818,0.24898528424766964,1.621249375539321,2.632183374677039,0,1,1,7.93570921617137,0.7193
540,1419694,2.575426434807809,2.3181546456686437,0.09460532150640838,2.1327316227702506,2.503577668567037,2.498237874676929,0.3001533894989083,1.8911203391192302,3.105355410234628,2.498237874676929,0.3062703901609283,1.876475927422903,3.1199998219309553,0,1,1,10.480424933362704,0.3823
541,1420694,2.581593231991045,2.5256485400879836,0.09317325019898887,2.343032325375426,2.708264754800541,2.6107143062434233,0.22803216128516346,2.149475724135565,3.0719528883512814,2.6107143062434233,0.2154182208786438,2.173392068148105,3.0480365443387414,1,1,1,5.345426701304384,0.4288
542,1421694,2.5766728439203654,2.4886714669328396,0.10797667306211937,2.2770410765606295,2.7003018573050497,2.6887237870297684,0.33937562239347635,2.00227179713266,3.375175776926877,2.6887237870297684,0.33270392086499917,2.013298919521759,3.364148654537778,1,1,1,9.494147048909818,0.8609
543,1422694,2.5778024214552855,2.7081663565906164,0.09440308087638948,2.523139718043271,2.893192995137962,3.08285447815589,0.25578062596640333,2.5654893284923275,3.600219627819453,3.08285447815589,0.25613751934545786,2.5628676694103008,3.6028412869014796,1,1,1,7.361631300996585,1.2104
544,1423694,2.573303797524815,2.1639109958376,0.08601595616868336,1.9953228196512047,2.3324991720239954,2.4010865368634766,0.24704345915704223,1.901393975172055,2.9007790985548985,2.4010865368634766,0.24587128097394398,1.9019413000292054,2.900231773697748,0,1,1,8.170668016183967,0.8367
545,1424694,2.5793287581308113,2.641311510218521,0.10780350069003825,2.4300205314587076,2.852602488978335,3.127966370323752,0.32455865003090684,2.471484535886848,3.784448204760656,3.127966370323752,0.3189351720224625,2.480493549003064,3.77543919164444,1,1,1,8.752640755820686,0.921
546,1425694,2.5656941933626825,2.321968114867759,0.10438351264624332,2.1173801895013407,2.526556040234177,2.780665630451171,0.3342573338058566,2.1045663564063686,3.456764904495974,2.780665630451171,0.31642708223375066,2.1382845020953107,3.4230467588070317,0,1,1,9.189322185987807,0.4971
547,1426694,2.571147612941041,2.2136474453391064,0.11121308699155295,1.9956738002261427,2.43162109045207,2.3654020770826514,0.32833333261430697,1.7012852264582832,3.0295189277070196,2.3654020770826514,0.3358050786317379,1.6836815246056305,3.0471226295596723,0,1,1,9.11722616896841,0.7043
548,1427694,2.5799091227260806,2.02145146158386,0.10170676721904826,1.8221098608505264,2.2207930623171936,2.3296521341852277,0.23045283534527983,1.8635172766356036,2.7957869917348517,2.3296521341852277,0.2365320411451449,1.8494665621712327,2.8098377061992226,0,1,1,5.408542645174127,0.8982
549,1428694,2.5830462561256278,2.6909971568492046,0.08520491913519561,2.5239985840385737,2.8579957296598355,2.7969645155577534,0.20776528565354183,2.3767195587674905,3.2172094723480162,2.7969645155577534,0.1992038802288253,2.3925591389669836,3.201369892148523,1,1,1,5.465957494046216,0.5282
550,1429694,2.5725681502384425,2.164471683091869,0.1038423015041689,1.9609445120719486,2.36799885411179,2.5480973296180847,0.2889638983577463,1.9636126761914459,3.1325819830447235,2.5480973296180847,0.29491871488119153,1.9493805083483755,3.146814150887794,0,1,1,8.065959842928603,0.4189
551,1430694,2.583205417316895,2.3740694697234694,0.09467110660916689,2.1885175103929506,2.5596214290539883,2.5191180752622717,0.2694737096910538,1.9740560494815553,3.064180101042988,2.5191180752622717,0.27741465410468485,1.9559363865515245,3.082299763973019,0,1,1,8.58665254381248,1.0145
552,1431694,2.571611213340396,2.313611045540475,0.1202636966360911,2.0778985314860856,2.549323559594864,2.6162060809935124,0.40033786951667416,1.8064463073752741,3.425965854611751,2.6162060809935124,0.4021246714795935,1.799849597277725,3.4325625647092997,0,1,1,11.1802712501078,0.7511
553,1432694,2.581861557864631,2.421717443954234,0.10598173681630305,2.2139970567752774,2.6294378311331905,2.6251998975548574,0.3135874896176366,1.990909329668142,3.259490465441573,2.6251998975548574,0.32333735585689505,1.9687901679302724,3.281609627179442,1,1,1,9.307856950999442,0.4955
554,1433694,2.576436027881449,2.3696848543836344,0.0931178763040186,2.1871771705109024,2.5521925382563664,2.7375680084965968,0.22751450519599112,2.2773764846600093,3.197759532333184,2.7375680084965968,0.22142878475651273,2.288043677019562,3.1870923399736317,0,1,1,5.654601809056778,0.7996
555,1434694,2.5830355839835275,2.7323012110647404,0.10433717895754799,2.527804098059436,2.936798324070045,3.169041029947718,0.2524299926228752,2.658453175924482,3.6796288839709543,3.169041029947718,0.2512314648952294,2.659014041237965,3.679068018657471,1,0,0,5.797888791138611,0.276
556,1435694,2.5777311607732285,2.098836263609616,0.08605181531803198,1.930177804781981,2.2674947224372506,2.023500427491513,0.2728283947934069,1.4716529106146843,2.575347944368342,2.023500427491513,0.2788388309663747,1.457427506042619,2.5895733489404074,0,0,1,10.499930721640657,0.8074
557,1436694,2.5658101401936246,2.523570724101995,0.10946050533145803,2.309032075922783,2.7381093722812073,2.738511921380608,0.3382101926095806,2.0544172357253254,3.422606607035891,2.738511921380608,0.34283381368591237,2.0425222781445367,3.4345015646166797,1,1,1,9.809624921236752,1.0272
558,1437694,2.5802904666470234,1.9128422477482818,0.10441220775116061,1.708198081009693,2.1174864144868706,2.0739691757162255,0.31439918803599454,1.4380367928088893,2.709901558623562,2.0739691757162255,0.314405056935697,1.4356929769490667,2.712245374483384,0,1,1,9.06726873898143,0.8563
559,1438694,2.577659544105924,2.3351034304561495,0.09844167495405985,2.1421612929683937,2.5280455679439053,2.7715034636466105,0.3092586966553435,2.1459687059794446,3.3970382213137764,2.7715034636466105,0.3109887627683822,2.140162710753753,3.402844216539468,0,1,1,9.98001982898037,0.8835
560,1439694,2.5796989600635665,2.60316007723362,0.092461996545938,2.4219378940649143,2.7843822604023254,2.695124791334634,0.29333504364242813,2.101798662030508,3.2884509206387604,2.695124791334634,0.3013806471407341,2.083289550153011,3.3069600325162574,1,1,1,10.624394496288154,0.5658
561,1440694,2.578497975073766,1.8670376852697126,0.11959723925304883,1.632631403683317,2.1014439668561082,2.193918234740156,0.2574952127411664,1.6730850059756646,2.714751463504647,2.193918234740156,0.23095279010950423,1.725059144487314,2.6627773249929976,0,1,1,3.729100752487923,0.4251
562,1441694,2.571132795806545,2.5405493948843687,0.09777218505690387,2.3489194334830517,2.7321793562856858,2.648713740477767,0.2631196529409271,2.11650400759093,3.180923473364604,2.648713740477767,0.2680531700109886,2.104536874845822,3.192890606109712,1,1,1,7.5164236949101255,0.9299
563,1442694,2.5811475892064193,2.1957720297769985,0.09617514200063813,2.0072722152477223,2.3842718443062747,2.344975308243751,0.3174837268846824,1.7028038566146733,2.987146759872829,2.344975308243751,0.3172185222636901,1.7009874712083763,2.988963145279126,0,1,1,10.879060775273091,0.5708
564,1443694,2.5806160629840234,2.4043715857597925,0.09126130460420008,2.225502715553421,2.583240455966164,2.6045338541909544,0.23983559647845987,2.1194205708923732,3.0896471374895356,2.6045338541909544,0.24034150101697016,2.1166146674888155,3.0924530408930933,1,1,1,6.93560247110507,0.6903
565,1444694,2.571215133884839,2.495890778238023,0.07781617011133429,2.3433738874049657,2.6484076690710805,2.826639006827421,0.2747133032591953,2.2709789027117417,3.3822991109431,2.826639006827421,0.28282511913637487,2.2524734901603187,3.4008045234945232,1,1,1,13.209800323012221,0.4048
566,1445694,2.5758190120819338,2.065995186293688,0.09433986557693781,1.88109244745654,2.250897925130836,2.136101001849466,0.2627893223282445,1.6045594256935123,2.6676425780054194,2.136101001849466,0.2587060049663227,1.6108998900813618,2.66130211361757,0,1,1,7.520080901348884,1.0749
567,1446694,2.5778029352909853,2.0105952112747083,0.105186598081376,1.8044332673789214,2.2167571551704954,2.0315711003521715,0.35139430286755646,1.3208090345893178,2.742333166115025,2.0315711003521715,0.3566147602426758,1.3076046482524202,2.755537552451923,0,1,1,11.494175137708321,0.5719
568,1447694,2.5765715700139085,2.3223061456367415,0.09325852677899905,2.139522791898639,2.505089499374844,2.6372565208937404,0.3051596929129075,2.0200127808775963,3.2545002609098845,2.6372565208937404,0.29516165858819293,2.0380464976783292,3.2364665441091516,0,1,1,10.01711784692909,0.5763
569,1448694,2.5739233063739326,2.3446660359945715,0.07677221421712467,2.1941952611156132,2.4951368108735297,2.6480052936178393,0.19330872100371987,2.2570014988796956,3.039009088355983,2.6480052936178393,0.19185904591136824,2.258510723406624,3.0374998638290545,0,1,1,6.245344909739465,0.7386
570,1449694,2.5763116354735187,2.6105860765609266,0.09134603468861847,2.431551138440688,2.789621014681165,2.8022583285381684,0.28837152719856046,2.2189718588765066,3.38554479819983,2.8022583285381684,0.2937396173487178,2.2059352025173147,3.398581454559022,1,1,1,10.340597899097386,0.8041
571,1450694,2.571109038309734,2.6547565943492715,0.0932980617828506,2.4718957534274915,2.8376174352710515,2.948089381105713,0.2877958916978276,2.3659672441446347,3.5302115180667917,2.948089381105713,0.27304269638792683,2.3937832384177318,3.5023955237936946,1,1,1,8.564773552746953,0.8406
572,1451694,2.572681568356401,2.591701814533681,0.1131990710220831,2.3698357122470064,2.8135679168203556,2.611597005550391,0.35115265338649365,1.9013237219987145,3.3218702891020673,2.611597005550391,0.3609613891714889,1.878806427601094,3.344387583499688,1,1,1,10.16800551611808,0.5622
573,1452694,2.574656692547617,1.9814350968504462,0.08257203531838911,1.8195968814962342,2.1432733122046583,2.048436763381323,0.2412700410165343,1.5604220421402826,2.536451484622364,2.048436763381323,0.24536645267299342,1.5503163824832167,2.5465571442794297,0,0,0,8.83007493546423,0.4159
574,1453694,2.5755705953072847,1.8891140062925142,0.09951065412913192,1.6940767081213937,2.084151304463635,2.04150903790418,0.2547157048426687,1.5262978945281502,2.5567201812802094,2.04150903790418,0.25175262915613883,1.5304240294964342,2.5525940463119254,0,0,0,6.400425803275128,0.7688
575,1454694,2.576947739704985,2.2773605102370644,0.10928027757529687,2.0631751019689424,2.4915459185051865,2.4890183977900824,0.31386357658216385,1.8541693913070771,3.1238674042730876,2.4890183977900824,0.31666355835289517,1.846157197389905,3.1318795981902596,0,1,1,8.39677655364973,0.3081
576,1455694,2.5775992753535335,2.202885209044234,0.10279945329676406,2.0014019829521694,2.404368435136299,2.508802253791382,0.24656623944778008,2.0100749600727474,3.0075295475100163,2.508802253791382,0.253739604583136,1.9936834708160505,3.0239210367667133,0,1,1,6.092491156329507,0.6586
577,1456694,2.580343393671607,2.551665882181844,0.09222866160646344,2.3709010270908433,2.7324307372728445,2.9998789697551596,0.2511185400721476,2.491943778898339,3.50781416061198,2.9998789697551596,0.25375125193544373,2.4847365413975653,3.515021398112754,1,1,1,7.569802950766585,0.5663
578,1457694,2.5766337381597086,2.4640894476445494,0.09788689571226261,2.2722346574900865,2.6559442377990123,2.6379075539199164,0.3143697771672734,2.0020346601096928,3.27378044773014,2.6379075539199164,0.299045480546014,2.03081295295602,3.245002154883813,1,1,1,9.333088302005113,0.6158
579,1458694,2.568245132302078,2.4210190551696806,0.09116838516685104,2.242332303713977,2.5997058066253844,2.5491537048327375,0.3067627101967751,1.9286675563118525,3.1696398533536225,2.5491537048327375,0.30251150846011476,1.9350226931208878,3.163284716544587,1,1,1,11.01020176596662,0.8736
580,1459694,2.571808937343929,2.4662102197849163,0.10628586469995063,2.2578937529073158,2.674526686662517,2.7389705931539843,0.3073807321146639,2.117234377311402,3.3607068089965666,2.7389705931539843,0.31036989853726904,2.10888620144322,3.3690549848647486,1,1,1,8.527233752153244,0.6869
581,1460694,2.5737822797001977,2.514599032283866,0.07799176906765928,2.3617379738206887,2.667460090747043,2.675240337638249,0.20131556093068592,2.268041180481643,3.082439494794855,2.675240337638249,0.1818142545058236,2.306137778097051,3.044342897179447,1,1,1,5.434484021876561,0.8261
582,1461694,2.5745932399587526,2.733174480185522,0.0971772936672037,2.5427104844827304,2.9236384758883136,2.9384788208112025,0.29378988778868004,2.3442326823824207,3.5327249592399843,2.9384788208112025,0.27919149346141753,2.3716899564351253,3.5052676851872797,1,1,1,8.25419574236549,0.4439
583,1462694,2.572934796727112,2.209468717900401,0.08164342287996675,2.049450549481093,2.3694868863197094,2.310230493205997,0.2446796873665873,1.8153191112521678,2.8051418751598267,2.310230493205997,0.2488357918211317,1.8050669793974659,2.8153940070145285,0,1,1,9.289306403625098,0.4827
584,1463694,2.5788970509904336,2.659054758936263,0.09132297822152809,2.480065010661132,2.838044507211394,2.478560152172043,0.27825684317434984,1.9157325620451926,3.041387742298893,2.478560152172043,0.2655685131536322,1.9394274081251988,3.017692896218887,1,1,1,8.456546313495368,0.3453
585,1464694,2.5702331244382344,2.230506139074469,0.09167730416486171,2.050821924711616,2.4101903534373217,2.437289420158594,0.28803223306306935,1.8546892376640116,3.0198896026531763,2.437289420158594,0.29294378969107576,1.8425819101750402,3.0319969301421477,0,1,1,10.210450940040204,0.5181
586,1465694,2.577559783176625,2.3145828379877273,0.09139740127067096,2.135447223216657,2.493718452758798,2.5812254693305037,0.2802359450581075,2.014394767793549,3.1480561708674584,2.5812254693305037,0.2872621435967928,1.9980523141284663,3.164398624532541,0,1,1,9.878456661923085,0.3403
587,1466694,2.5774608350325767,2.001587052815024,0.11136456450422745,1.7833165172327505,2.2198575883972977,2.0143044225018207,0.30404293497643375,1.399319538623661,2.6292893063799805,2.0143044225018207,0.3051076676930078,1.3949029273482747,2.6337059176553668,0,1,1,7.506062875295738,0.7599
588,1467694,2.5748352563219954,2.4367058025674826,0.11644915101716191,2.2084696605435794,2.664941944591386,2.4512907909908503,0.3266117930280224,1.7906560828561437,3.111925499125557,2.4512907909908503,0.3313917106511831,1.77852985184144,3.124051730140261,1,1,1,8.098612669001994,0.8561
589,1468694,2.576606845280036,2.762554114732306,0.09594311608099453,2.5745090626490112,2.950599166815601,2.688618538423691,0.29108847103447577,2.0998365311348732,3.2774005457125086,2.688618538423691,0.2867977158636296,2.1063882216448473,3.2708488552025345,1,1,1,8.935600365528217,0.6163
590,1469694,2.5758168914128254,2.2767244217395914,0.09955320369428988,2.0816037279532034,2.4718451155259795,2.5986832373538036,0.309424021804034,1.9728140780095273,3.22455239669808,2.5986832373538036,0.3170275799785642,1.955083033765301,3.2422834409423062,0,1,1,10.141066020387342,0.4814
591,1470694,2.5795609570680527,2.299222313318465,0.09585445071052227,2.1113510421679713,2.4870935844689583,2.3541908571496406,0.2631493416941769,1.8219210730911781,2.886460641208103,2.3541908571496406,0.26598698151523525,1.8142085771641843,2.894173137135097,0,1,1,7.700097004399005,0.4934
592,1471694,2.577503643188411,2.121250881639929,0.0939130621254048,1.937184662196263,2.305317101083595,2.5256953837586305,0.2961574265845296,1.9266604461046488,3.124730321412612,2.5256953837586305,0.30048957612883015,1.9156691129029075,3.135721654614353,0,1,1,10.23780420270478,0.6855
593,1472694,2.5725197727208924,2.1291898500937965,0.09372874998275792,1.9454848758116317,2.3128948243759613,2.1852411257552986,0.26241091613960305,1.6544649483611957,2.7160173031494015,2.1852411257552986,0.261393835805996,1.654583427289778,2.7158988242208193,0,1,1,7.777589787847505,0.9887
594,1473694,2.576771971779348,2.5072767032916308,0.10311624410754537,2.305172578619801,2.7093808279634604,2.8621149740977465,0.2414892940534717,2.373656771729702,3.350573176465791,2.8621149740977465,0.23935452847814936,2.376199448171633,3.34803050002386,1,1,1,5.3880190828155134,0.6285
595,1474694,2.568366633148615,2.969935490010894,0.0901646743974452,2.7932159755141206,3.1466550045076676,3.2014935677501324,0.2134728014063728,2.7697040706706515,3.6332830648296133,3.2014935677501324,0.211104822364972,2.7729279941751224,3.6300591413251424,0,0,0,5.48180359080183,1.0303
596,1475694,2.5760353717885365,2.372169269547898,0.09367735475666417,2.1885650280578544,2.555773511037942,2.674601232357302,0.25972092255901374,2.1492660805536143,3.1999363841609894,2.674601232357302,0.26408968941150196,2.1384706601138412,3.2107318046007625,0,1,1,7.947557051968276,1.0491
597,1476694,2.5685991950767013,2.4936568261156506,0.09922562880694459,2.299178167310699,2.6881354849206023,2.469347173491912,0.27644996900065055,1.910174331349852,3.0285200156339718,2.469347173491912,0.2822727506874384,1.896303024392311,3.042391322591513,1,1,1,8.092639439493233,0.7434
598,1477694,2.580031694707587,2.3727016578995817,0.09665205003049529,2.1832671208078476,2.5621361949913157,2.5861066503262227,0.2516217341710682,2.0771536533344994,3.095059647317946,2.5861066503262227,0.25473043729598166,2.0689763700049735,3.103236930647472,0,1,1,6.94607618306772,0.5998
599,1478694,2.5854714085971153,2.4281741850384044,0.10659090627309777,2.2192598476636483,2.6370885224131606,2.7130494193905603,0.37708510029677994,1.9503228109391124,3.4757760278420085,2.7130494193905603,0.3588073182139838,1.9846318379701082,3.4414670008110124,1,1,1,11.331366202334848,0.7167
600,1479694,2.5781388439394535,2.211236277149608,0.10553433501868277,2.0043927813806057,2.4180797729186105,2.2950154950264943,0.2978275313979015,1.6926024515309956,2.897428538521993,2.2950154950264943,0.29609545519828245,1.6939097639095668,2.8961212261434217,0,1,1,7.871833994773558,0.8341
601,1480694,2.57640052406675,2.5771673158278987,0.09497857490327621,2.3910127297145376,2.76332190194126,2.7673920053594774,0.27585516843962626,2.2094222609114342,3.3253617498075205,2.7673920053594774,0.27232978476362435,2.214533150212134,3.3202508605068206,1,1,1,8.221271444584172,0.7499
602,1481694,2.57276811745698,2.318066234005153,0.09981625576170794,2.1224299676405667,2.5137025003697393,2.521058359485247,0.31929717140037456,1.875218870100288,3.1668978488702058,2.521058359485247,0.3217267892197137,1.8679182539597794,3.1741984650107145,0,1,1,10.388955830541617,0.7073
603,1482694,2.5662067121725207,2.1623789373152533,0.09419941233756352,1.977751481768791,2.347006392861716,2.247692482011346,0.3099957701767672,1.6206668524249968,2.8747181115976956,2.247692482011346,0.31017340099425655,1.6180070015205334,2.877377962502159,0,1,1,10.842082738124162,0.8751
604,1483694,2.573952838573076,2.452733855915067,0.08736552109015785,2.281500581087783,2.623967130742351,2.551296319283217,0.23200359707791623,2.082024750057849,3.020567888508585,2.551296319283217,0.2358081996254921,2.072580223677066,3.030012414889368,1,1,1,7.2851359689226225,0.5192
605,1484694,2.579337793700766,2.2603799090254557,0.07705644734204002,2.10935204745845,2.4114077705924615,2.3702122317308114,0.24935545741219617,1.8658432121615491,2.8745812513000737,2.3702122317308114,0.2519053012187128,1.858817282558412,2.881607180903211,0,1,1,10.687020682675579,0.8976
606,1485694,2.5728893024408106,2.437370604936297,0.08506226739131034,2.270651624406013,2.604089585466581,2.819653546090271,0.2376057874521533,2.339050477262616,3.300256614917926,2.819653546090271,0.23631266070775672,2.339913340041521,3.299393752139021,1,1,1,7.717916403891756,0.894
607,1486694,2.5799863060074175,2.869872742908913,0.09557934538477013,2.682540668288849,3.057204817528977,3.029476323960409,0.27896665252327607,2.4652130089085285,3.5937396390122895,3.029476323960409,0.2706458858820752,2.4800359652828705,3.5789166826379475,0,1,1,8.018160696507923,0.8053
608,1487694,2.579268157866149,2.381929822699771,0.10436363071155677,2.1773808652092814,2.5864787801902605,2.3925354709360622,0.2815064807717974,1.8231348683474446,2.96193607352468,2.3925354709360622,0.2883821105721585,1.8070886618979562,2.977982279974168,1,1,1,7.635513918635746,0.6464
609,1488694,2.575763356759051,2.467085366430514,0.10013889668739435,2.2708167354716435,2.6633539973893843,2.651773720473504,0.2869013306286788,2.071461004064411,3.232086436882597,2.651773720473504,0.26565525949868546,2.1124648719838204,3.1910825689631874,1,1,1,7.03770782650251,0.6444
610,1489694,2.5740356120295442,2.425774912207812,0.09176372711769197,2.2459213119699744,2.6056285124456497,2.746016980865785,0.2176733644245263,2.305731043110443,3.186302918621127,2.746016980865785,0.21723718751135762,2.305002044188172,3.1870319175433983,1,1,1,5.60436295236567,0.3886
611,1490694,2.57781330193816,2.1012010850971024,0.08927532835921236,1.9262246568050587,2.276177513389146,2.5527971306044135,0.2140252816863003,2.1198901366792238,2.985704124529603,2.5527971306044135,0.21656368739808085,2.113149471846441,2.992444789362386,0,1,1,5.884483677572624,0.8353
612,1491694,2.575128957481099,2.2218530140046844,0.10410595316691586,2.017809095221316,2.425896932788053,2.3495641127167994,0.2900310476258474,1.7629209461552486,2.9362072792783502,2.3495641127167994,0.28427421149543985,1.7724567821627923,2.9266714432708065,0,1,1,7.456307284327222,0.6015
613,1492694,2.583260612631317,2.566733352489307,0.08555345799427744,2.3990516560676625,2.734415048910951,2.7370012648396393,0.20703660234887677,2.3182302091533047,3.155772320525974,2.7370012648396393,0.21154760257628652,2.3075367996471674,3.1664657300321113,1,1,1,6.1142202601936235,0.6408
614,1493694,2.5730725009506012,2.294469071450126,0.11585559165175235,2.0673962844051124,2.52154185849514,2.683532380207931,0.31402447964680325,2.0483579165570736,3.3187068438587883,2.683532380207931,0.31368619089186917,2.046715557095697,3.320349203320165,0,1,1,7.330891677604765,0.9464
615,1494694,2.5684673720315545,2.4995691683721435,0.10252809184800042,2.298617800946448,2.700520535797839,2.9525869435709318,0.30383515333074107,2.338022337740865,3.5671515494009984,2.9525869435709318,0.30472655017122957,2.333959158119943,3.5712147290219205,1,1,1,8.83354123081525,1.0792
616,1495694,2.576226018831961,2.0266282907086337,0.09197337769849942,1.8463637828830755,2.206892798534192,1.9544521878659264,0.24629823057110778,1.4562669932686263,2.4526373824632266,1.9544521878659264,0.25183565811386815,1.44319862171282,2.465705754019033,0,0,0,7.497391231202718,0.4416
617,1496694,2.574361158104296,2.402625132991304,0.09202406256239981,2.22226128465794,2.5829889813246685,2.5646153833444765,0.2751155896170344,2.0081415782655414,3.1210891884234115,2.5646153833444765,0.2762549923313615,2.0037879331938417,3.125442833495111,1,1,1,9.011922870753045,1.0081
618,1497694,2.5781529103840253,2.49265691205567,0.10091784357137396,2.2948615732583297,2.69045225085301,2.696983978235776,0.29407796811114983,2.1021551423544933,3.2918128141170584,2.696983978235776,0.28414238598821423,2.120144267689133,3.273823688782419,1,1,1,7.927497654725416,1.1451
619,1498694,2.5785025666668364,2.01210380022998,0.08341281717624068,1.848617682715524,2.1755899177444356,2.066290489890874,0.2766293191958985,1.5067548777373796,2.6258261020443685,2.066290489890874,0.2825563740723766,1.4926705547088728,2.639910425072875,0,1,1,11.474787168685756,0.6724
620,1499694,2.5757629850621058,2.8168104399711553,0.09762682432692105,2.6254653803653714,3.0081554995769393,2.803497271807874,0.2964947819630872,2.2037799684928587,3.4032145751228895,2.803497271807874,0.3007312665511909,2.1929803433095345,3.4140142003062137,0,1,1,9.488964933266885,0.7015
621,1500694,2.572560716760698,2.3927661564405076,0.09551157493916551,2.205566909453045,2.57996540342797,2.579643663864762,0.25965780830537594,2.0544361726888325,3.104851155040692,2.579643663864762,0.26406754299031776,2.0435580512465297,3.1157292764829947,1,1,1,7.643953497123457,0.8109
622,1501694,2.5767256761053354,2.306792626095539,0.09570599800390929,2.1192123169034147,2.4943729352876636,2.5540932648485217,0.2717529257125298,2.0044210895163634,3.10376544018068,2.5540932648485217,0.2545165777905052,2.0373971424048722,3.070789387292171,0,1,1,7.0721886595111645,0.718
623,1502694,2.5780799044397886,2.4375348309278895,0.09635263222229082,2.248687141956566,2.626382519899213,2.8345379931760415,0.22173343539264667,2.3860397867387775,3.2830361996133055,2.8345379931760415,0.21594020576295836,2.3961560694286494,3.2729199169234335,1,1,1,5.022730251429171,0.5677
624,1503694,2.5774904540340726,2.2060045462821085,0.105879725670738,1.998484097274481,2.413524995289736,2.6334970785189933,0.2570866210037789,2.1134903045517177,3.153503852486269,2.6334970785189933,0.25027500262651853,2.125411811444023,3.1415823455939638,0,1,1,5.587394480161986,0.5414
625,1504694,2.573048302036772,2.843631035235653,0.1143055282767497,2.6195963165793987,3.067665753891907,2.9829271210768264,0.30377382377502415,2.368486565982238,3.597367676171415,2.9829271210768264,0.30481933188742527,2.364110978728192,3.601743263425461,0,1,1,7.111325267012663,0.6063
626,1505694,2.5814659527811874,2.0206837886457203,0.08449712219346779,1.8550724723492433,2.1862951049421975,2.227401452735266,0.24693241070677457,1.727933507735885,2.726869397734647,2.227401452735266,0.23617951815334204,1.7479315404418208,2.7068713650287117,0,1,1,7.812690651882269,0.9444
627,1506694,2.5746927348508613,2.392216699518992,0.09402605800916537,2.207929012212754,2.57650438682523,2.730288607890752,0.29089721600006047,2.1418934504234572,3.3186837653580463,2.730288607890752,0.29595204648188567,2.1294740119459616,3.331103203835542,1,1,1,9.90709293519965,1.0362
628,1507694,2.5736740536217653,2.092918283489269,0.10215742792865697,1.8926934039958552,2.293143162982683,2.6820204118289888,0.29368496775723313,2.0879864941951447,3.276054329462833,2.6820204118289888,0.30223430296256987,2.06845215719546,3.2955886664625176,0,1,1,8.752812167937925,0.6093
629,1508694,2.5746409758840834,2.5306092617619123,0.085553537715559,2.362927409089427,2.6982911144343973,2.8363034587845473,0.22118336888538628,2.388917866876935,3.2836890506921597,2.8363034587845473,0.209987706931415,2.410005750107972,3.2626011674611224,1,1,1,6.024372213288487,0.5372
630,1509694,2.5923030066320374,2.541292986299096,0.10176442247742373,2.341838383335827,2.740747589262365,2.6899162950142577,0.33487144708913325,2.0125748596074975,3.367257730421018,2.6899162950142577,0.3411105017553419,1.9974251609912856,3.3824074290372295,1,1,1,11.235650873907094,0.7579
631,1510694,2.5739794843155948,2.430556500550031,0.09740756580101555,2.239641179758325,2.621471821341737,2.6086722023667592,0.2645096243400592,2.0736509869517867,3.1436934177817317,2.6086722023667592,0.24595259650466741,2.1093618862288763,3.107982518504642,1,1,1,6.375546863889657,0.8272
632,1511694,2.570385170246453,2.482506481503409,0.09798078021005771,2.2904676811145612,2.674545281892257,2.8181289141748582,0.2758373500651841,2.260195210791009,3.3760626175587074,2.8181289141748582,0.27786696943093914,2.254028976534213,3.3822288518155035,1,1,1,8.042518380939997,1.2621
633,1512694,2.574874878777506,2.5024591080599574,0.09901355660268929,2.3083961031374685,2.6965221129824464,2.604051340884569,0.3265525218935771,1.9435365199353254,3.264566161833813,2.604051340884569,0.32279295338670155,1.948746807030883,3.2593558747382554,1,1,1,10.62817677510628,0.9316
634,1513694,2.5768965711045637,2.131235078066168,0.09731758904796033,1.9404961084698962,2.3219740476624398,2.527309777428703,0.30569874405742276,1.9089757035571124,3.1456438513002936,2.527309777428703,0.31151854795317907,1.8948935034319196,3.159726051425486,0,1,1,10.246726334512031,0.9415
635,1514694,2.5849582424689252,2.334448029552347,0.10195090734252148,2.1346279229698246,2.534268136134869,2.6860489445226845,0.2823780915448255,2.114885342737657,3.257212546307712,2.6860489445226845,0.25960843877747325,2.1590157947198425,3.2130820943255265,0,1,1,6.484185345887794,0.6288
636,1515694,2.5729612983798695,2.3094916483977914,0.08832090041610838,2.1363858645000704,2.4825974322955124,2.3176956746697064,0.25900257572390034,1.7938135164868396,2.841577832852573,2.3176956746697064,0.24467398705824228,1.8209810737061471,2.8144102756332656,0,1,1,7.674474053543977,0.3728
637,1516694,2.571974539567247,2.278795059810764,0.08642163260431238,2.109411772421159,2.448178347200369,2.3658651277279503,0.2354646265537779,1.8895929656077772,2.8421372898481234,2.3658651277279503,0.24104161153996703,1.876524641102424,2.8552056143534768,0,1,1,7.7792747767130646,0.7702
638,1517694,2.5737078887899125,2.0605960014222147,0.09945848546387207,1.865660951956125,2.2555310508883046,2.5738981597764785,0.2767927011078095,2.014032076513263,3.133764243039694,2.5738981597764785,0.27242322970669397,2.020849601309355,3.126946718243602,0,1,1,7.502475599171948,0.7961
639,1518694,2.5697738719934757,2.7946133204499652,0.09402026034045417,2.6103369963655956,2.978889644534335,2.880176353895242,0.27417823112357886,2.325598535329839,3.434754172460645,2.880176353895242,0.26378224005279266,2.3446699370324326,3.4156827707580515,0,1,1,7.871331538609732,1.1267
640,1519694,2.5751176568902254,2.592621258765079,0.09873335177359355,2.3991074452159116,2.7861350723142464,2.6692066260129907,0.22921845743213587,2.205568533460177,3.1328447185658046,2.6692066260129907,0.22779212650015643,2.2067640240120183,3.131649228013963,1,1,1,5.322916537865521,0.7691
641,1520694,2.5724006070064775,2.7122676582527943,0.10552237034938111,2.50544761280471,2.9190877037008787,2.7160508447739535,0.3454599362166223,2.017292168552113,3.414809520995794,2.7160508447739535,0.3314176707120736,2.0432372038991113,3.3888644856487957,1,1,1,9.864208534568782,0.7061
642,1521694,2.5691267820520878,1.9756709582917515,0.09608665396519835,1.787344577125,2.1639973394585033,2.5525360617112467,0.34095111152372615,1.862897344255765,3.2421747791667284,2.5525360617112467,0.3510475569276415,1.8398716331995284,3.265200490222965,0,1,1,13.347679488108552,0.5638
643,1522694,2.5760876208653545,2.2133782198780816,0.09107595149249682,2.0348726350950708,2.3918838046610924,2.1957531764173006,0.24365418085558327,1.7029160771717176,2.6885902756628837,2.1957531764173006,0.22767430197391425,1.7335497709211947,2.6579565819134063,0,1,1,6.249144877201243,0.7023
644,1523694,2.573907345410619,2.1627966574083137,0.09935922747263154,1.9680561500302332,2.357537164786394,2.397712031516792,0.3201923325297597,1.750061907843456,3.045362155190128,2.397712031516792,0.3253556868462193,1.7372048721489466,3.0582191908846377,0,1,1,10.72260707815164,0.6612
645,1524694,2.580313640506904,2.2610617688716386,0.09971914427940466,2.065615837514852,2.4565077002284252,2.304541203765052,0.313458982052592,1.6705105669633082,2.9385718405667953,2.304541203765052,0.3120110842327293,1.6711250279622027,2.937957379567901,0,1,1,9.790006028861004,0.6991
646,1525694,2.576232117309825,2.302230777136264,0.11199737948018895,2.082719946992228,2.5217416072803,2.7702693802352516,0.349042885833565,2.064263504356272,3.4762752561142314,2.7702693802352516,0.3463794566328446,2.067081699141868,3.4734570613286353,0,1,1,9.565078330555343,0.6093
647,1526694,2.5735159409658674,2.472675009444213,0.09892694796888826,2.2787817543247244,2.666568264563702,2.3735129909805845,0.359701686283554,1.6459476562129285,3.1010783257482406,2.3735129909805845,0.33217505800642105,1.6991617721547319,3.0478642098064372,1,1,1,11.274695397820185,0.759
648,1527694,2.571409026224036,2.6240039313383177,0.11051727002108397,2.4073940624273047,2.8406138002493306,2.7674793536325906,0.38707668498656955,1.984542857552327,3.550415849712854,2.7674793536325906,0.37891085879124903,1.99824941510033,3.536709292164851,1,1,1,11.75476106593495,0.7419
649,1528694,2.575682656433222,2.397342112236278,0.10061808023696088,2.2001342987782735,2.5945499256942828,2.7229993544767988,0.30777505993535736,2.100465535331782,3.3455331736218157,2.7229993544767988,0.3143723238451951,2.084789607416184,3.3612091015374137,1,1,1,9.761949509562607,0.8335
650,1529694,2.5690076305578797,2.6486316159217864,0.09728964889391456,2.457947408021167,2.839315823822406,2.7794147303033694,0.2508895981020297,2.271942618290722,3.286886842316017,2.7794147303033694,0.2516253172658875,2.2685881787733835,3.2902412818333553,1,1,1,6.689218755804831,0.7461
651,1530694,2.574340396554569,2.176267895289642,0.09016541077678907,1.9995469375158759,2.352988853063408,2.4243525273608038,0.31419269547562595,1.78883781508038,3.0598672396412274,2.4243525273608038,0.3120344648092775,1.790888886464137,3.0578161682574705,0,1,1,11.976369855713429,0.4859
652,1531694,2.58324694648369,2.532908684700488,0.08222734506512096,2.3717460498285035,2.694071319572472,2.7191600796421516,0.23280458866577808,2.248268352004989,3.190051807279314,2.7191600796421516,0.2376168276175801,2.2367722740100073,3.201547885274296,1,1,1,8.350680170076815,0.4548
653,1532694,2.5786495979272286,2.4336646821972794,0.1038369391840564,2.230148021131653,2.6371813432629057,2.6105782405329805,0.2410596763058094,2.122989022082219,3.098167458983742,2.6105782405329805,0.24063319697846963,2.1220668795467628,3.099089601519198,1,1,1,5.370408557792932,0.5259
654,1533694,2.5811116920341832,2.3736233739522055,0.08570508603179572,2.205644492037979,2.5416022558664317,2.4761674876920887,0.2678297127838126,1.9344307595282175,3.01790421585596,2.4761674876920887,0.26948750755348294,1.929078762043339,3.0232562133408383,0,1,1,9.88698977455641,0.8832
655,1534694,2.576994506254702,2.745870796363221,0.0921791377310621,2.5652030062843822,2.92653858644206,2.7535738506820895,0.2575687576951552,2.2325918632069506,3.2745558381572284,2.7535738506820895,0.25734373955355205,2.231138284728832,3.276009416635347,1,1,1,7.794027476993695,0.3911
656,1535694,2.5760721888181872,2.0821623222739563,0.107202228985587,1.87204981439979,2.2922748301481226,2.5659926372208925,0.28099848510655684,1.9976195528517753,3.13436572159001,2.5659926372208925,0.2503814205371288,2.0576913303018842,3.074293944139901,0,1,1,5.455022763774818,0.6208
657,1536694,2.573801052574852,2.3125682940029355,0.10224417264707089,2.1121733979855812,2.51296319002029,2.411787513104473,0.3057553747546225,1.7933388928358611,3.030236133373085,2.411787513104473,0.30082108867526647,1.8010882359999152,3.022486790209031,0,1,1,8.656442075317791,0.9844
658,1537694,2.5739445511245713,2.7014855557217174,0.08884340118641101,2.5273556891323086,2.8756154223111263,2.8239014614922207,0.25491063758390614,2.308296029430472,3.339506893553969,2.8239014614922207,0.24405144684565974,2.32845068434988,3.3193522386345613,1,1,1,7.545923896378765,0.2868
659,1538694,2.5742027349204646,2.384249060036846,0.10236512666971906,2.183617098491316,2.5848810215823756,2.5674428590210887,0.2663619445383665,2.0286749723599997,3.1062107456821777,2.5674428590210887,0.27128541203428364,2.0167041932316288,3.1181815248105487,1,1,1,7.0234229980261995,1.0769
660,1539694,2.572684610422854,2.2932211539506264,0.09636064218299552,2.1043577657448043,2.4820845421564486,2.3014197506231193,0.2949699921537225,1.7047866258104705,2.898052875435768,2.3014197506231193,0.2725274535667393,1.748159606471405,2.8546798947748337,0,1,1,7.99873198983776,0.4235
661,1540694,2.575305172753947,2.733132390137732,0.0974647738437185,2.542104943642702,2.9241598366327617,3.0951821201238445,0.3248203357384369,2.438170976382416,3.752193263865273,3.0951821201238445,0.31516721448676177,2.4553586592696934,3.7350055809779956,1,1,1,10.45650881490769,0.457
662,1541694,2.5761823693396497,2.4094613684371207,0.10651551964446364,2.2006947861394033,2.618227950734838,2.490824689201884,0.314047220792723,1.8556042272416633,3.1260451511621046,2.490824689201884,0.30660143823701475,1.8683906786239626,3.1132586997798053,1,1,1,8.285573888961094,0.6138
663,1542694,2.5749261593243324,2.7705044470138516,0.10636102848402779,2.562040661826518,2.978968232201185,2.9067790006886414,0.3238051594668974,2.251821244773893,3.56173675660339,2.9067790006886414,0.3241731385115828,2.248672542070481,3.564885459306802,1,1,1,9.289428470878253,0.5692
664,1543694,2.5704369268651117,2.7290359845618735,0.1064086744989403,2.520478814901305,2.937593154222442,2.8004627081824673,0.3092476671248196,2.174950259846544,3.4259751565183905,2.8004627081824673,0.3030919234318822,2.1851533914347576,3.415772024930177,1,1,1,8.113246308352378,0.8748
665,1544694,2.582968605745737,2.620745882917457,0.08953337730773793,2.445263687980055,2.7962280778548587,2.574082775891498,0.2719205341310696,2.0240715805330374,3.1240939712499585,2.574082775891498,0.2749976603268634,2.0158078454116377,3.132357706371358,1,1,1,9.433830391882386,0.371
666,1545694,2.57747415878584,2.6328418135794838,0.09060215027623104,2.455264862116185,2.8104187650427823,2.9268233108099526,0.23227397491312402,2.4570048507923303,3.396641770827575,2.9268233108099526,0.23773459113488135,2.4441964325276766,3.4094501890922286,1,1,1,6.885060251237006,0.468
667,1546694,2.5787290430183356,2.531677325387984,0.09136613053409817,2.352603000134366,2.7107516506416016,2.8219958141291066,0.2524635609385578,2.3113400617785382,3.332651566479675,2.8219958141291066,0.23076994334051934,2.353507922551636,3.2904837057065772,1,1,1,6.379520275393009,0.6443
668,1547694,2.577437805119645,2.8369738462491156,0.10193836182319939,2.6371783284326322,3.036769364065599,3.2450263331098603,0.31934374939548255,2.599092630837123,3.8909600353825975,3.2450263331098603,0.3154896820093583,2.6045482283814825,3.885504437838238,0,0,0,9.578445235977082,0.7529
669,1548694,2.572337340731437,2.5157139347639306,0.10827758830104008,2.3034937613610365,2.7279341081668247,2.9397506276504877,0.31731166472022926,2.297927204599131,3.5815740507018443,2.9397506276504877,0.320906775717537,2.2882752380370612,3.591226017263914,1,1,1,8.783763336666718,0.7328
670,1549694,2.5752650994255504,2.4689822846197576,0.09984651407823243,2.2732867130445507,2.6646778561949644,2.7621720338746942,0.24799727093060897,2.260550205769455,3.2637938619799334,2.7621720338746942,0.24061988315346544,2.273687701390173,3.2506563663592156,1,1,1,5.807606853182709,0.4025
671,1550694,2.5759589172538266,2.384086069090425,0.08774992139865699,2.2120993835028364,2.5560727546780133,2.3998554015244307,0.3017692527675981,1.789469474005132,3.0102413290437293,2.3998554015244307,0.27508207772755616,1.841409094610142,2.9583017084387193,0,1,1,9.827229980136304,0.851
672,1551694,2.5711443876735656,3.0782321574621925,0.11504032193557685,2.852757269698569,3.303707045225816,3.3433793250904436,0.3628642881063108,2.6094170243322057,4.077341625848682,3.3433793250904436,0.3449708946481997,2.6430511768495197,4.043707473331367,0,0,0,8.992174646534089,0.3382
673,1552694,2.568167651785177,2.7239750399009752,0.09834044903152094,2.5312313015756973,2.916718778226253,2.8659689182213866,0.2851324886675947,2.2892340223859584,3.4427038140568147,2.8659689182213866,0.2742450547875459,2.30922185821374,3.422715978229033,1,1,1,7.777020364599228,0.6666
674,1553694,2.574463837135906,2.6836022999553344,0.10756848763276547,2.472771938323672,2.894432661586997,2.822226451144785,0.2961926549256382,2.2231202574451157,3.4213326448444548,2.822226451144785,0.29983676517582164,2.2135254569804133,3.430927445309157,1,1,1,7.769617559652374,0.5925
675,1554694,2.581866327234348,2.8230588941371253,0.0990203189681227,2.6289826352219365,3.017135153052314,3.069859632804087,0.24392228627239576,2.5764802391663046,3.5632390264418694,3.069859632804087,0.24354021505148013,2.575446711380284,3.56427255422789,0,1,1,6.049127361363387,0.3934
676,1555694,2.5714170612501674,2.2155958980449415,0.11288074099791486,1.9943537111408345,2.4368380849490485,2.3041657707097576,0.37998445924405433,1.5355746552417304,3.0727568861777845,2.3041657707097576,0.374843095971762,1.5431938297275796,3.0651377116919356,0,1,1,11.027049627878672,0.9501
677,1556694,2.5811232553585777,1.8611633241271224,0.08673909664508486,1.691157818651217,2.0311688296030277,1.7971269188332735,0.216260113220387,1.3596995514562749,2.234554286210272,1.7971269188332735,0.21592065697603938,1.3587846812331934,2.2354691564333535,0,0,0,6.196673247726355,1.1569
678,1557694,2.57405499674711,2.116796229471311,0.10267126795149337,1.9155642420393226,2.3180282169032997,2.205144204970995,0.24310209886761133,1.713423796949599,2.696864612992391,2.205144204970995,0.247833204380154,1.702016051875157,2.708272358066833,0,1,1,5.8266795450081625,0.5536
679,1558694,2.5723793383653306,2.2321667989409866,0.09002470798646012,2.0557216135687892,2.408611984313184,2.2125322002796297,0.22943798693371528,1.748450067397291,2.6766143331619685,2.2125322002796297,0.2342073708927136,1.7370659597756632,2.687998440783596,0,1,1,6.768269998805498,0.4809
680,1559694,2.576352309501365,2.8083030251012686,0.10309792187315986,2.606234811348951,3.0103712388535864,2.7462839208025733,0.35138597094965557,2.0355387079344043,3.4570291336707424,2.7462839208025733,0.3251946706637475,2.0861036416633403,3.4064641999418064,0,1,1,9.94917377995523,0.9579
681,1560694,2.577273461578397,2.622023419333733,0.09725510157441919,2.4314069229350865,2.8126399157323796,2.8287017960224317,0.2947744886812651,2.2324641143083577,3.4249394777365056,2.8287017960224317,0.29805859997552797,2.223610669128915,3.4337929229159485,1,1,1,9.392442192763115,0.7179
682,1561694,2.5688389217571546,2.4495062993244576,0.08175120851400941,2.289276874944375,2.6097357237045404,2.751880513711117,0.2684575784691551,2.208873807326501,3.2948872200957333,2.751880513711117,0.26575048055497513,2.212378356200124,3.2913826712221104,1,1,1,10.567195788755244,0.9335
683,1562694,2.5766516872940053,2.290944695928195,0.08883247805154248,2.1168362382897272,2.465053153566663,2.198723840859799,0.30955607013750047,1.5725875885504141,2.8248600931691836,2.198723840859799,0.28926287456934174,1.6114889858480939,2.785958695871504,0,1,1,10.603319331898813,0.698
684,1563694,2.5710169599829498,1.8778593045490584,0.10754799674831911,1.667069104312922,2.0886495047851947,2.089028525405128,0.3242750963773391,1.4331202323686392,2.744936818441617,2.089028525405128,0.3266271369878319,1.42594018502442,2.7521168657858364,0,1,1,9.22358761645988,0.8218
685,1564694,2.573990792839525,2.6740854103920366,0.101862767832401,2.4744380540749655,2.8737327667091077,2.498564465513693,0.3551610439049698,1.7801834468563333,3.2169454841710525,2.498564465513693,0.3533713055494265,1.781182576501628,3.215946354525758,1,1,1,12.034598797988075,0.8349
686,1565694,2.5742553759564046,2.1049955218911394,0.11197979556470573,1.885519155588158,2.324471888194121,2.4828946221781703,0.3079104239344017,1.8600870035013863,3.105702240854954,2.4828946221781703,0.3069079847845729,1.8598382890236733,3.105950955332667,0,1,1,7.51167923845917,0.4382
687,1566694,2.5671938691434035,2.105096961450423,0.08975277743207548,1.9291847501711157,2.28100917272973,2.1172057447466677,0.3039852720213192,1.5023374952042405,2.732073994289095,2.1172057447466677,0.2985457476777594,1.511125655440622,2.7232858340527133,0,1,1,11.06435204554103,0.6846
688,1567694,2.5763830570029165,2.811859068152344,0.09286126601489392,2.6298543312043585,2.9938638051003292,2.9425045335354265,0.23814354933086979,2.46081373863855,3.4241953284323032,2.9425045335354265,0.24321295731367581,2.448755980639721,3.436253086431132,0,1,1,6.859685684003001,0.8698
689,1568694,2.5800132455969615,2.4599659364310935,0.1015750785791472,2.260882440689139,2.659049432173048,3.025541497839181,0.28401076099030986,2.451075510391351,3.600007485287011,3.025541497839181,0.2898037274091539,2.437208653189357,3.613874342489005,1,1,1,8.14017234713616,0.924
690,1569694,2.5724465153994864,2.8054930207225577,0.10462619028273114,2.60042945592877,3.0105565855163454,2.8822134921835927,0.32402149539075525,2.226818155559979,3.5376088288072065,2.8822134921835927,0.3232973726657424,2.2258849327523635,3.538542051614822,0,1,1,9.548244402221654,0.5044
691,1570694,2.58114091521947,2.616401143113532,0.10218404613101889,2.4161240929021552,2.8166781933249085,2.9331525715608326,0.23770193899333725,2.4523550178838773,3.413950125237788,2.9331525715608326,0.24014799998574046,2.4456262128363178,3.4206789302853475,1,1,1,5.523212564898621,0.9368
692,1571694,2.5656360092834176,2.2180933248808365,0.11097904248811073,2.0005783985653993,2.4356082511962738,2.5261063065728186,0.28804823476217845,1.9434737575867431,3.108738855558894,2.5261063065728186,0.2850668995536325,1.9473897337072452,3.104822879438392,0,1,1,6.597989766808197,0.8233
693,1572694,2.574154135789289,2.256780597119014,0.08809104246134977,2.0841253265341795,2.429435867703848,2.413347861496258,0.2486128466114395,1.9104809140508072,2.9162148089417084,2.413347861496258,0.2534947181792065,1.8987262243510645,2.927969498641451,0,1,1,8.280838805329248,0.9054
694,1573694,2.5708629908027127,2.194188418143527,0.09981187817247769,1.998560731696171,2.389816104590883,2.2836574607689943,0.2955529098254499,1.6858452736746132,2.8814696478633754,2.2836574607689943,0.3031207901133431,1.6682895415423884,2.8990253799956003,0,1,1,9.222889235814455,0.6637
695,1574694,2.572003716022438,2.1118725414249715,0.13118965012019157,1.8547455520449851,2.368999530804958,2.355242998494412,0.3081113134789533,1.7320290423599332,2.978456954628891,2.355242998494412,0.30840743593599734,1.7291426176693843,2.9813433793194397,0,1,1,5.52650457296741,0.8571
696,1575694,2.575915765230024,1.9868479626039508,0.08752836611121888,1.8152955174003256,2.158400407807576,2.2770176881649915,0.32001877428983955,1.6297186191676396,2.9243167571623436,2.2770176881649915,0.31965797872095314,1.6280774912351053,2.9259578850948778,0,1,1,13.337469975605508,0.3136
697,1576694,2.5682691353882428,2.175888568476692,0.09001413470227825,1.9994641063606895,2.3523130305926943,2.3541359960305317,0.24442822262457395,1.8597332495270822,2.8485387425339814,2.3541359960305317,0.24559912175265275,1.8555432717891502,2.852728720271913,0,1,1,7.444442792777772,0.6112
698,1577694,2.5736842852067676,2.8669461883004965,0.09923067111134752,2.6724576467605163,3.0614347298404767,2.853308947622753,0.2801273680861134,2.286697863741176,3.4199200315043297,2.853308947622753,0.27769278813838455,2.2895626168050756,3.41705527844043,0,1,1,7.831362819016822,0.8544
699,1578694,2.5761216187590894,2.8033365080790773,0.08467214539192906,2.6373821526171572,2.9692908635409974,2.8491483723959883,0.24945662848840086,2.344574715009516,3.3537220297824604,2.8491483723959883,0.25015322291903497,2.3413103312706802,3.3569864135212963,0,1,1,8.728328387074795,0.6141
700,1579694,2.564791123654328,2.6657697432139402,0.1024080854025677,2.4650535840992056,2.866485902328675,2.3685293276296675,0.3511032970013168,1.658355876790134,3.078702778469201,2.3685293276296675,0.3608188330809723,1.6360281539299488,3.101030501329386,1,1,1,12.41394742559728,0.9081
701,1580694,2.5682632487879546,2.1678922894631167,0.09597709993401192,1.9797806302518517,2.3560039486743816,2.2771613363527385,0.3362438635774929,1.5970439265764644,2.9572787461290124,2.2771613363527385,0.3434119537262277,1.579998006437184,2.974324666268293,0,1,1,12.802523171043577,0.686
702,1581694,2.5757504247094074,2.5757323691123473,0.10038581360201429,2.378979789893648,2.7724849483310465,2.953862224815847,0.2883980503434743,2.370522107029797,3.537202342601897,2.953862224815847,0.2868261003790668,2.371574284407175,3.5361501652245186,1,1,1,8.163805521589113,0.521
703,1582694,2.5761276727431888,2.135860210821601,0.09253731253060173,1.9544904110354948,2.3172300106077075,2.682576605298195,0.2879080903438802,2.1002275251545055,3.264925685441885,2.682576605298195,0.2909542074197755,2.091908162057514,3.273245048538876,0,1,1,9.885884188864939,0.7126
704,1583694,2.5771451327293184,2.2100826974951646,0.09394412560541805,2.0259555947494383,2.394209800240891,2.5661534132672488,0.2253224601141737,2.1103957191139644,3.021911107420533,2.5661534132672488,0.21736762592190173,2.1248736725382416,3.007433153996256,0,1,1,5.353656061095099,0.5954
705,1584694,2.5748860447458424,1.8596927194878725,0.10175111743707499,1.6602641939245,2.059121245051245,2.166038193985353,0.3217119868751453,1.5153142792660113,2.816762108704695,2.166038193985353,0.2994185942885377,1.55818613185462,2.7738902561160863,0,1,1,8.659227692289253,0.6809
706,1585694,2.57422336614141,1.9778672677221545,0.08772861561757238,1.8059223406981546,2.1498121947461546,2.085731610444567,0.3143237627608893,1.4499517895563274,2.7215114313328064,2.085731610444567,0.3226757783001155,1.4306649546631527,2.740798266225981,0,1,1,13.528516643204926,0.7101
707,1586694,2.573716428186625,2.2716567805387067,0.11079844071125058,2.054495827201459,2.4888177338759543,2.1363890959026524,0.28982369668184005,1.5501653362128063,2.7226128555924984,2.1363890959026524,0.29043143147181855,1.5467819442586175,2.7259962475466875,0,1,1,6.870999765753402,0.7767
708,1587694,2.5761204608761807,2.7742172951860375,0.08127393674134142,2.614923306291222,2.9335112840808533,3.0692397982561967,0.19144442939521167,2.6820068892268836,3.45647270728551,3.0692397982561967,0.18896561186545935,2.6856192114414505,3.452860385070943,0,0,0,5.405837205160816,0.6949
709,1588694,2.5739785548212417,2.116283423596482,0.10382940552671822,1.9127815282279101,2.319785318965054,2.5463292737132557,0.23688518474641138,2.0671837614354587,3.0254747859910527,2.5463292737132557,0.2379932873080077,2.0631772142789075,3.029481333147604,0,1,1,5.253983210376182,1.0642
710,1589694,2.5782876713744347,2.6593249748482597,0.10321159187755385,2.4570339719812075,2.861615977715312,2.7236788829553507,0.25013791451180595,2.2177271945153896,3.2296305713953117,2.7236788829553507,0.2540760953964182,2.2078769873121917,3.2394807785985096,1,1,1,6.059972598569305,0.3822
711,1590694,2.5767367889099186,2.846721005015031,0.10016587962626285,2.6503994884677815,3.0430425215622807,3.2017132603237703,0.3220766157832411,2.55025181402284,3.8531747066247006,3.2017132603237703,0.3233763013849883,2.5452244670738335,3.858202053573707,0,1,1,10.422616556039289,1.2669
712,1591694,2.5739825445087394,2.020596724984441,0.10581215774039182,1.8132087066868021,2.2279847432820805,1.9841710080548252,0.30845185080112025,1.3602682501708658,2.6080737659387845,1.9841710080548252,0.3110137384363171,1.3527795518604795,2.615562464249171,0,1,1,8.639488000642652,0.7884
713,1592694,2.578187575651999,2.1800469582938637,0.08844138512094328,2.0067050287139785,2.353388887873749,2.1446101600859375,0.25897101447938004,1.620791840545787,2.6684284796260878,2.1446101600859375,0.2595042579247596,1.6177885086581614,2.6714318115137137,0,1,1,8.609499495799572,0.5101
714,1593694,2.5800543299564516,1.7894308618522512,0.09936677827411977,1.5946755551751992,1.9841861685293032,2.0984487768889064,0.22599713539752408,1.641326423166016,2.5555711306117965,2.0984487768889064,0.2265725432881314,1.638482060435827,2.558415493341986,0,0,0,5.199147530562695,1.1258
715,1594694,2.5750572318606615,2.2325943912317894,0.09534852940957068,2.0457147076101725,2.4194740748534063,2.449265990606021,0.2483496723972575,1.946931363253984,2.9516006179580576,2.449265990606021,0.2397529792814231,1.9625415665451635,2.935990414666878,0,1,1,6.322662890843721,0.7795
716,1595694,2.568669374667682,2.340635310664364,0.09620352613204518,2.152079864259797,2.5291907570689305,2.5543557147287252,0.3079753160455177,1.931416839368005,3.1772945900894456,2.5543557147287252,0.2987995483415841,1.947760382682854,3.1609510467745965,0,1,1,9.646680446677044,0.7919
717,1596694,2.577621938276503,2.198236625589327,0.08587176429954406,2.0299310602733085,2.3665421909053457,2.6231817179427757,0.2120812707859533,2.1942068572141706,3.0521565786713807,2.6231817179427757,0.21567456265012602,2.1853390783848297,3.0610243575007217,0,1,1,6.308078370431316,0.4253
718,1597694,2.571709623703438,2.795434616074054,0.10695062105418464,2.585815250683661,3.0050539814644472,2.8557789485356184,0.29108468827355194,2.267004592602974,3.444553304468263,2.8557789485356184,0.290099994312192,2.2668446500970583,3.4447132469741786,0,1,1,7.357475403748509,1.0999
719,1598694,2.574652254191878,2.3375115150255694,0.10466626558552952,2.1323694040816275,2.5426536259695114,2.759137688693008,0.36853479479748263,2.013705705538529,3.504569671847487,2.759137688693008,0.3689896556277917,2.0100488633606646,3.5082265140253512,0,1,1,12.428391465937612,0.45
720,1599694,2.57650177211855,2.4761959106258624,0.10914440001401464,2.2622768174841608,2.690115003767564,2.6731274745541436,0.3237319022338516,2.0183178953795036,3.3279370537287836,2.6731274745541436,0.32845738224902654,2.0063235387580414,3.3399314103502458,1,1,1,9.056390468922666,1.0506
721,1600694,2.579391350097458,2.2982909035200456,0.10127865916524603,2.099788379153656,2.4967934278864354,2.5711705683477355,0.3230626025730943,1.917714775519693,3.224626361175778,2.5711705683477355,0.3199946564777786,1.9215468792344523,3.2207942574610184,0,1,1,9.982735544883766,0.4635
722,1601694,2.575644729706308,1.9928448046849034,0.10221508292352534,1.7925069234780187,2.193182685891788,2.1187063541448787,0.3115760504879436,1.4884843059219999,2.7489284023677576,2.1187063541448787,0.3192297771302913,1.4706354526590846,2.766777255630673,0,1,1,9.75386676180567,0.4193
723,1602694,2.5754433092164217,2.328788472681575,0.08857019826666271,2.1551940739753443,2.502382871387806,2.3091620799758896,0.2298685038618052,1.844209144412181,2.774115015539598,2.3091620799758896,0.22970966134568022,1.842826675282323,2.7754974846694562,0,1,1,6.7264092830198035,0.7834
724,1603694,2.5736100657510317,2.167843348813703,0.09887290416880715,1.9740560175959612,2.3616306800314453,2.6929700850386276,0.2585934191845593,2.16991552407276,3.2160246460044952,2.6929700850386276,0.25692140385594203,2.1713919061334717,3.2145482639437835,0,1,1,6.752210784737566,1.1468
725,1604694,2.5814472175927374,2.5285233159114155,0.09709056947558,2.3382292965007947,2.7188173353220364,2.6187993166431234,0.31193745170891124,1.9878462654521032,3.2497523678341436,2.6187993166431234,0.30951868910035946,1.9904429719588308,3.247155661327416,1,1,1,10.162946933712192,0.7439
726,1605694,2.574836187948129,3.0462096986936302,0.10361880722426473,2.8431205684130725,3.249298828974188,3.1622866582042524,0.313137240109517,2.5289068059093616,3.795666510499143,3.1622866582042524,0.30205574576983274,2.549080893943345,3.7754924224651596,0,1,1,8.497614503308352,0.6343
727,1606694,2.572666798259625,2.6951367729030267,0.09915715203057196,2.500792326113543,2.8894812196925104,3.0086991089134223,0.2571975289918466,2.488468002365723,3.5289302154611217,3.0086991089134223,0.25082078086836124,2.49950585310262,3.5178923647242244,1,1,1,6.3985113112907595,1.1437
728,1607694,2.572012722481881,2.901179168393439,0.10069509290845206,2.7038204128729584,3.09853792391392,3.317236571037721,0.2700026672683179,2.7711046275683877,3.863368514507054,3.317236571037721,0.2723032169756834,2.764431651367313,3.870041490708129,0,0,0,7.312888138595518,0.7102
729,1608694,2.57535447551507,2.009221780217742,0.10847401951416907,1.7966166087116757,2.2218269517238083,2.074531738734947,0.37008891244095043,1.3259562559343567,2.823107221535537,2.074531738734947,0.3744454436202476,1.3143670749442657,2.834696402525628,0,1,1,11.915866641116782,0.4379
730,1609694,2.572133149068228,2.4623518269869114,0.08557784875715892,2.294622325548464,2.6300813284253586,2.3745381803442838,0.20829856713067074,1.9532145599524084,2.795861800736159,2.3745381803442838,0.20817361046598593,1.9519232832847873,2.79715307740378,1,1,1,5.917368545410936,0.4099
731,1610694,2.5736083885839784,2.5357469321854094,0.09130645343747355,2.356789571891878,2.714704292478941,2.510871056702522,0.2774448105031773,1.9496859576864258,3.0720561557186183,2.510871056702522,0.28234212288383737,1.9376860745570115,3.0840560388480327,1,1,1,9.561992603659581,0.9393
732,1611694,2.5688497704741478,2.564484978540234,0.09376430762004143,2.3807103125696183,2.7482596445108496,2.797341869680895,0.2270192402648078,2.3381521137236247,3.2565316256381656,2.797341869680895,0.22179517272680854,2.347073731080547,3.247610008281243,1,1,1,5.595373443984183,1.0218
733,1612694,2.576063425472871,2.1163927518987595,0.09610121866697754,1.9280378244410752,2.304747679356444,2.4626162797145907,0.27294028793513664,1.910542437595971,3.0146901218332105,2.4626162797145907,0.26845830299203705,1.9176169504058236,3.007615609023358,0,1,1,7.803616009816644,0.6161
734,1613694,2.573150953866118,2.0640151712019783,0.08048990941733043,1.9062578476251193,2.221772494778837,2.374511963046394,0.23539470187906325,1.8983812369308524,2.850642689161935,2.374511963046394,0.2214400163625585,1.9249648301968783,2.8240590958959095,0,1,1,7.568840135972504,0.6883
735,1614694,2.570068616826304,2.3345086402655775,0.09192134609277013,2.1543461125133065,2.5146711680178484,2.421036755479064,0.21507789186552775,1.986000656502013,2.8560728544561154,2.421036755479064,0.20897678949413354,1.9967913183067207,2.8452821926514074,0,1,1,5.1684861238577815,0.3746
736,1615694,2.572228435068697,2.082980181639526,0.09933146475085405,1.8882940881962422,2.27766627508281,2.3080558787472834,0.2693636333109489,1.7632165034611154,2.8528952540334513,2.3080558787472834,0.25859981558524925,1.7830703428835923,2.8330414146109746,0,1,1,6.777706250425315,0.8217
737,1616694,2.5657140756769357,2.424235939756936,0.11297334009798879,2.2028122619516832,2.645659617562189,2.6624117084847656,0.3438297893552392,1.9669503155177712,3.35787310145176,2.6624117084847656,0.34825808753452464,1.9554102039036254,3.369413213065906,1,1,1,9.502775809645,0.5117
738,1617694,2.5671272424689606,2.4162861968169382,0.10284607687891544,2.2147115901830263,2.61786080345085,2.5480340514144966,0.293460962313032,1.9544532275586768,3.1416148752703164,2.5480340514144966,0.29425270592902536,1.9506693001988658,3.1453988026301274,1,1,1,8.185881824742895,0.5074
739,1618694,2.5876153272425397,2.6953548930352715,0.10237285405145155,2.494707786099851,2.896001999970692,2.8368436651063096,0.320287861991295,2.1890003148585304,3.4846870153540888,2.8368436651063096,0.2963147031451557,2.2352928369941822,3.438394493218437,1,1,1,8.377931037169086,0.7828
740,1619694,2.5688922783603365,2.498639075183724,0.10854133556683136,2.2859019666388583,2.7113761837285897,2.766061951632098,0.38917034167129066,1.9788906351859747,3.5532332680782215,2.766061951632098,0.38239121245852337,1.9897665195267886,3.5423573837374076,1,1,1,12.411534664292823,0.6878
741,1620694,2.5718741173842385,2.4327821672825496,0.12316113055015773,2.191390787109005,2.6741735474560944,2.5309344905285713,0.30524484570034793,1.9135185127424554,3.1483504683146872,2.5309344905285713,0.3145392335811836,1.892385898689624,3.1694830823675186,1,1,1,6.522323188814382,0.4053
742,1621694,2.5733209339214893,2.616860386503726,0.0933351392467424,2.43392687508808,2.799793897919372,2.8691701050504883,0.2701894409950515,2.3226603760599898,3.415679834040987,2.8691701050504883,0.24558926535066644,2.370597390368923,3.3677428197320536,1,1,1,6.923543106117614,1.1489
743,1622694,2.5692921455743303,2.419948937401622,0.1015621468747628,2.2208907873345196,2.619007087468724,2.474399863107579,0.36234466647415675,1.7414885963065538,3.2073111299086046,2.474399863107579,0.3610418352546193,1.7414459709271224,3.207353755288036,1,1,1,12.63721315688866,0.7179
744,1623694,2.57087409432504,2.380504628243744,0.09605751836752692,2.1922353517990962,2.5687739046883915,2.570610935919293,0.3008443086636454,1.962095884440601,3.179125987397985,2.570610935919293,0.3062205089069832,1.9489502529943716,3.1922716188442144,0,1,1,10.162623182998704,0.6879
745,1624694,2.5784601940615537,2.3928783173237282,0.09638774855981992,2.203961801595579,2.5817948330518776,2.4755006070803964,0.30363766149878396,1.8613354661856105,3.0896657479751823,2.4755006070803964,0.3066467481984117,1.8529746123906143,3.0980266017701785,1,1,1,10.121224430071027,0.981
746,1625694,2.572780801045004,2.3647495254196773,0.09359385403286821,2.181308942340957,2.5481901084983978,2.405161945252834,0.3034129313169208,1.791451364056361,3.018872526449307,2.405161945252834,0.2829211154892503,1.8308015456286761,2.9795223448769916,0,1,1,9.137682443139546,0.2489
747,1626694,2.578512342566383,1.917410598906605,0.08563292631515079,1.7495731474381373,2.085248050375073,2.08584599066339,0.1764817516305202,1.728877954088154,2.442814027238626,2.08584599066339,0.17769935294212638,1.7250971254106233,2.4465948559161568,0,0,0,4.306159600432261,0.556
748,1627694,2.5769356143677937,2.5024271695521776,0.10461101010724105,2.2973933573556296,2.7074609817487256,2.5422247649824437,0.318393752983275,1.8982126118267462,3.186236918138141,2.5422247649824437,0.3272390772709211,1.8778941197814203,3.206555410183467,1,1,1,9.785331154322266,0.5468
749,1628694,2.5767905039290975,2.4468961203016213,0.10864477201468423,2.233956280044275,2.6598359605589676,2.5274292750667042,0.33480656996467983,1.850219066030494,3.2046394841029144,2.5274292750667042,0.3378172049086718,1.8416238890822392,3.2132346610511693,1,1,1,9.668205273536872,0.5622
750,1629694,2.5716700606624086,2.3087451534081427,0.09655623132198679,2.1194984175341305,2.497991889282155,2.619151790887317,0.32478814145599333,1.9622057662286645,3.2760978155459695,2.619151790887317,0.3057556244168776,1.9984348736514796,3.2398687081231543,0,1,1,10.027399001662065,0.2914
751,1630694,2.5693937654479684,2.425575139590267,0.11026579745797296,2.209458147846052,2.6416921313344823,2.7750459100911042,0.3191438701708716,2.1295165017110915,3.420575318471117,2.7750459100911042,0.32100237216873695,2.1233764493641845,3.426715370818024,1,1,1,8.474904991380363,1.1994
752,1631694,2.5816889074465283,2.211571492297196,0.10573675140388974,2.004331267703307,2.418811716891085,2.503309277585846,0.2334180788772084,2.0311766488684926,2.9754419063031996,2.503309277585846,0.2280091999615506,2.0404259930298845,2.9661925621418077,0,1,1,4.649998523198401,0.4448
753,1632694,2.5691784732450196,3.162418038410782,0.13243427685128342,2.9028516254636596,3.421984451357904,3.2581763802127517,0.3657955505863862,2.5182850414518207,3.9980677189736826,3.2581763802127517,0.36280727721891026,2.521638450303722,3.9947143101217812,0,1,1,7.505008186184186,0.8466
754,1633694,2.5780968881449877,1.6652039412284612,0.0944702004109418,1.4800457508107343,1.850362131646188,1.7926706661222067,0.23638946082354514,1.3145278501220363,2.270813482122377,1.7926706661222067,0.2387596957757772,1.3079627147811617,2.2773786174632518,0,0,0,6.387521285070349,0.6464
755,1634694,2.565819573072889,2.6444186240286953,0.08884577735167626,2.4702841002409452,2.8185531478164454,2.8014159491142037,0.23760721010919045,2.3208100026910774,3.28202189553733,2.8014159491142037,0.23717089021408494,2.319933444540398,3.2828984536880093,1,1,1,7.126055234950854,0.3381
756,1635694,2.5786567151752045,2.2795857336171736,0.10383290388275594,2.076076981596763,2.4830944856375843,2.429736792384582,0.26282588713495897,1.8981212569260941,2.96135232784307,2.429736792384582,0.26758049392596706,1.8865195102203338,2.9729540745488303,0,1,1,6.641082907749983,0.6807
757,1636694,2.5746293076275353,2.6823930664218874,0.08740292646949317,2.511086478398278,2.8536996544454967,2.785093376311504,0.26329795799363953,2.252522987413549,3.317663765209459,2.785093376311504,0.2615891133510185,2.254039243353624,3.316147509269384,1,1,1,8.95751168514465,0.5338
758,1637694,2.5774934761462958,2.541698100804696,0.09591344351782434,2.3537112058765435,2.7296849957328484,2.929284140991575,0.18589998425443374,2.553265930805155,3.305302351177995,2.929284140991575,0.17689233735990648,2.5701736044704946,3.288394677512655,1,1,1,3.40141070410534,0.4946
759,1638694,2.5773883992187057,2.328897627971308,0.08077607793551211,2.1705794244053034,2.4872158315373123,2.3707460358441117,0.2309570599109483,1.9035912878438506,2.837900783844373,2.3707460358441117,0.22161996593024755,1.9208335859505454,2.820658485737678,0,1,1,7.527525631997718,0.8469
760,1639694,2.5674769128328974,2.7143417508311654,0.10142812457648422,2.515546279641814,2.9131372220205165,2.8466873001036754,0.2635949282901614,2.313516232083425,3.379858368123926,2.8466873001036754,0.26889260859871994,2.300806283539498,3.392568316667853,1,1,1,7.028148640983441,0.7246
761,1640694,2.5777986379812226,2.4006696371060583,0.09742298432347614,2.2097240965656346,2.591615177646482,2.5313767599308155,0.26810659713246077,1.9890799803090333,3.0736735395525976,2.5313767599308155,0.2667664757737184,1.9898120224711868,3.072941497390444,1,1,1,7.497900014494869,0.7178
762,1641694,2.570485928852109,2.5313078434622702,0.09258023859837321,2.3498539101293336,2.712761776795207,2.743758362968588,0.28290378802940486,2.1715314396775067,3.3159852862596697,2.743758362968588,0.2725824214976981,2.1903866279844344,3.297130097952742,1,1,1,8.668802311360759,0.8834
763,1642694,2.578342270369021,2.2937647384880644,0.09755545625248398,2.102559557737823,2.484969919238306,2.483904354681796,0.2289470364400307,2.0208152629052205,2.946993446458371,2.483904354681796,0.23136940840724857,2.014199484319649,2.9536092250439427,0,1,1,5.624821480786321,0.9908
764,1643694,2.5738291468487207,2.63054399170394,0.08965784302843896,2.454817848436654,2.8062701349712262,2.944856634367356,0.2560830955920684,2.426879682138374,3.4628335865963384,2.944856634367356,0.23119008927558055,2.475515801196096,3.4141974675386164,1,1,1,6.649084502808511,1.0423
765,1644694,2.5714455074273466,2.2469983303169254,0.08905029913936932,2.0724629511912434,2.4215337094426075,2.3926198698748773,0.2855858049669701,1.8149680552767977,2.970271684472957,2.3926198698748773,0.28952728647575837,1.8048482301556321,2.9803915095941225,0,1,1,10.570809216760157,0.4221
766,1645694,2.5737029256406863,1.9428642947479104,0.10952948671167782,1.7281904455478634,2.1575381439479573,1.9444195966456754,0.32579282836236517,1.2854414009040247,2.603397792387326,1.9444195966456754,0.3309224894097518,1.2726112272585983,2.6162279660327528,0,1,1,9.128311683863457,0.6661
767,1646694,2.573933648862989,2.191583356498839,0.11376456038683141,1.9686089154236173,2.4145577975740604,2.4770611017101274,0.35412602245181735,1.7607736115481025,3.1933485918721525,2.4770611017101274,0.3484278004131867,1.7697150616684891,3.1844071417517656,0,1,1,9.380189511171562,0.5041
768,1647694,2.5763367404226716,2.2047541046995462,0.10601102249078356,1.996976318653345,2.412531890745748,2.4659277043249714,0.3322928746754844,1.793801923925956,3.138053484723987,2.4659277043249714,0.3415372662271925,1.7725701923642,3.1592852162857428,0,1,1,10.379445408021043,0.732
769,1648694,2.5713960950797525,2.5789203413467083,0.10563504286429766,2.37187946182734,2.7859612208660764,2.7677246370704323,0.2871044778624647,2.1870010165961298,3.3484482575447347,2.7677246370704323,0.2911883043188319,2.1765809518589982,3.3588683222818663,1,1,1,7.598569307000129,0.8945
770,1649694,2.5734597078580133,2.248714113182113,0.10105195556452161,2.050655919708309,2.4467723066559173,2.568110466590511,0.29895206733234475,1.963422834471159,3.1727980987098627,2.568110466590511,0.3024421141253074,1.9541203328679295,3.1821006003130927,0,1,1,8.957670546882671,0.9225
771,1650694,2.573157468476255,2.183365225317936,0.08676210931396583,2.013314615839836,2.3534158347960363,2.3302546068493455,0.2749368701032013,1.774142296108274,2.8863669175904167,2.3302546068493455,0.27234419995546094,1.7773664873067676,2.8831427263919234,0,1,1,9.853171856025265,0.6672
772,1651694,2.564043763007518,2.549192258600213,0.09358981082586633,2.365759600061598,2.732624917138828,2.756808608081768,0.361970641464659,2.0246538782713204,3.4889633378922156,2.756808608081768,0.35880455062080757,2.028396645174165,3.485220570989371,1,1,1,14.69801702266107,0.6881
773,1652694,2.5693857133168527,2.3365169459708044,0.08861965102955656,2.1628256216303656,2.510208270311243,2.658048236712024,0.25225040184725284,2.1478236393199617,3.1682728341040867,2.658048236712024,0.2554431361440738,2.1394711008088083,3.17662537261524,0,1,1,8.308610574193185,0.6462
774,1653694,2.5718331970883486,2.514969688700163,0.09298328321936652,2.3327258024259168,2.697213574974409,2.6019473505562285,0.2671449188618196,2.061595748840469,3.142298952271988,2.6019473505562285,0.27240239292394003,2.048941093006973,3.154953608105484,1,1,1,8.582465824399293,0.6978
775,1654694,2.5762192869703724,2.7924549780850425,0.09984456836834547,2.5967632200311384,2.9881467361389467,2.99526981193293,0.24629719069450937,2.4970867206845835,3.493452903181277,2.99526981193293,0.24243757848693714,2.5030953617407845,3.487444262125076,0,1,1,5.895911926548702,0.5673
776,1655694,2.5707301076010927,2.9259327073115475,0.09809474531623662,2.7336705394190948,3.1181948752040003,3.0269836491384856,0.2550666591464639,2.5110626336788218,3.5429046645981495,3.0269836491384856,0.24933759990901253,2.5208014107522874,3.533165887524684,0,1,1,6.460766739292606,0.7412
777,1656694,2.576485232656254,2.8314616653001083,0.08748580802406822,2.6599926324145495,3.002930698185667,3.2665807067218724,0.25145597864726144,2.7579629819230993,3.7751984315206455,3.2665807067218724,0.25424740284675584,2.7504310384656145,3.7827303749781302,0,0,0,8.445742493221664,0.8392
778,1657694,2.567667662494461,2.5690801309755447,0.09626665914919495,2.3804009461311293,2.75775931581996,2.7692018361561925,0.23092216717120762,2.30211766538378,3.236286006928605,2.7692018361561925,0.20886185508108987,2.345189728246998,3.1932139440653873,1,1,1,4.707241300915682,0.6695
779,1658694,2.5758180724718813,2.2425827791452226,0.09577700436452134,2.054863300043625,2.43030225824682,2.6796748050049386,0.2822935860728921,2.108682131670684,3.250667478339193,2.6796748050049386,0.2833281265990039,2.104488128899984,3.2548614811098933,0,1,1,8.750983827233863,0.5946
780,1659694,2.571606050075556,2.166913260545126,0.09767514146919144,1.9754735010806561,2.358353020009596,2.5023693004235033,0.3169194342967484,1.8613392382882836,3.143399362558723,2.5023693004235033,0.3126507258777889,1.8676545830457796,3.137084017801227,0,1,1,10.245915852818433,0.7366
781,1660694,2.580276353219842,2.341498297126423,0.09227317555731207,2.16064619629495,2.5223503979578963,2.381403253797854,0.267966061984407,1.8393907333439863,2.9234157742517217,2.381403253797854,0.2717598501991266,1.8297014273284817,2.933105080267226,0,1,1,8.674004735977697,0.7349
782,1661694,2.570473415391246,1.941302225070152,0.08968137797917078,1.7655299541470537,2.11707449599325,2.230190451879607,0.251366752237698,1.7217532045292852,2.7386276992299288,2.230190451879607,0.2323311800898281,1.7585330811994888,2.701847822559725,0,1,1,6.711358704441294,0.5399
783,1662694,2.5716624708139006,1.9479155674199125,0.09454560358654547,1.7626095894936824,2.1332215453461427,2.27566259211543,0.26078905716270817,1.7481669341474726,2.8031582500833876,2.27566259211543,0.2600401974199264,1.7477529256694533,2.803572258561407,0,1,1,7.564814738058263,0.8488
784,1663694,2.5681140366129354,2.5599976798293143,0.11010671326637464,2.3441924873711413,2.7758028722874872,2.685988847763626,0.29529521881345594,2.08869788993938,3.283279805587872,2.685988847763626,0.2995082792084301,2.077954715565975,3.294022979961277,1,1,1,7.399290290699951,0.7634
785,1664694,2.569392101830634,2.059328886531623,0.0960825967994793,1.8710104572635602,2.247647315799686,2.200842498545782,0.3431102461553494,1.506836519075779,2.8948484780157853,2.200842498545782,0.3522379501401144,1.4857614433356872,2.915923553755877,0,1,1,13.439491157984694,0.5377
786,1665694,2.5747225030070533,2.4757377803945633,0.10159554268320234,2.276614175745685,2.6748613850434415,2.5824386889232347,0.23660843241139612,2.1038529610805723,3.061024416765897,2.5824386889232347,0.23286230833947932,2.109703070572582,3.0551743072738873,1,1,1,5.253504245096583,0.9596
787,1666694,2.5761007609010584,2.6628991207087886,0.07598771447380959,2.513965937072609,2.8118323043449682,3.130670392005755,0.20069103997280108,2.7247344477200355,3.536606336291474,3.130670392005755,0.19256753411599048,2.7397375142732643,3.5216032697382453,1,0,0,6.42213416194692,0.7452
788,1667694,2.5669976590218777,2.759930524847174,0.11460955091482349,2.5352999327698105,2.9845611169245374,3.015163925778525,0.3281939190429407,2.3513290657190895,3.678998785837961,3.015163925778525,0.3295931455253083,2.346054267950628,3.6842735836064224,1,1,1,8.270175405816499,0.9616
789,1668694,2.5705414887587845,2.059692100666557,0.09686846193863491,1.8698334040290434,2.2495507973040705,2.3324574444055863,0.2854352641125545,1.755110127426828,2.9098047613843447,2.3324574444055863,0.28143238921859437,1.7611193197864816,2.903795569024691,0,1,1,8.440794887964525,0.8996
790,1669694,2.5725798446930406,2.428848922178095,0.1088044102789437,2.2155961966722457,2.6421016476839445,2.763126289630825,0.3205817124457944,2.114688570736881,3.4115640085247687,2.763126289630825,0.3012090449272269,2.151639419463348,3.374613159798302,1,1,1,7.663779824522027,0.6458
791,1670694,2.5731747460823993,2.6864626636656364,0.08600141237442686,2.5179029927921825,2.85502233453909,2.8502378784126403,0.2588946782902637,2.3265739633890856,3.373901793436195,2.8502378784126403,0.23588253527252834,2.3713708734200893,3.3291048834051913,1,1,1,7.52281543078181,0.6471
792,1671694,2.5679278421229514,2.4022570343185397,0.09834936909113887,2.2094958129976705,2.595018255639409,2.4647859741639,0.2748945553429676,1.908759253104137,3.0208126952236634,2.4647859741639,0.27978874104043083,1.8967846327425395,3.032787315585261,1,1,1,8.093144817004967,0.5751
793,1672694,2.5728324321233202,2.1692045671812314,0.10378336390908242,1.965792911725016,2.372616222637447,2.287220958996533,0.3236092269774727,1.6326595139490838,2.941782404043982,2.287220958996533,0.3247899562110465,1.6278622938764058,2.94657962411666,0,1,1,9.793765356437413,0.5596
794,1673694,2.5749373667534496,2.9088538739677796,0.10447617105064605,2.704084341465867,3.113623406469692,3.0979543891741423,0.3080147553855464,2.474935740218454,3.7209730381298307,3.0979543891741423,0.2930385731329663,2.5030544585737395,3.692854319774545,0,1,1,7.867107533460427,0.8331
795,1674694,2.578261333089116,2.3994486868188365,0.09141759155606283,2.22027349981556,2.5786238738221128,2.815028625337652,0.24907697504174314,2.3112228895304954,3.318834361144809,2.815028625337652,0.2487350816208418,2.310069564105185,3.3199876865701192,1,1,1,7.40311565641808,0.9496
796,1675694,2.572439543769297,1.9104076279419908,0.08916052108579814,1.7356562177710024,2.0851590381129794,2.0377056832903016,0.23872199047125922,1.5548448807509834,2.5205664858296197,2.0377056832903016,0.24533061359512381,1.5396580595883194,2.5357533069922837,0,0,0,7.571088000649918,0.4342
797,1676694,2.5737501725961516,2.33689610145394,0.08455021565770675,2.17118072387974,2.5026114790281397,2.6578545531898685,0.22039971300307407,2.2120540549198426,3.1036550514598944,2.6578545531898685,0.2227446026904333,2.2056589692930473,3.1100501370866898,0,1,1,6.940407007647777,0.3695
798,1677694,2.5748347155075106,2.073687602780926,0.0995243040465266,1.87862355126332,2.268751654298532,2.3692645959023215,0.3099485008763273,1.7423345775007684,2.9961946143038745,2.3692645959023215,0.3036939190240184,1.7527331631302443,2.9857960286743985,0,1,1,9.311376624837582,0.4966
799,1678694,2.5768252220990533,1.886734648961685,0.09715116317127316,1.6963218680898156,2.0771474298335546,1.8891886945692513,0.2689744907920445,1.3451364343226717,2.433240954815831,1.8891886945692513,0.27303105624897767,1.3349061826196364,2.443471206518866,0,0,0,7.898199312384445,0.5215
800,1679694,2.576754175754007,1.9826730099495784,0.10494855884619596,1.7769776143816518,2.188368405517505,2.249682479381889,0.3254466772941066,1.5914044402629657,2.907960518500812,2.249682479381889,0.31350881315753437,1.613225752214423,2.8861392065493545,0,1,1,8.923732626309823,1.0254
801,1680694,2.582274266793268,2.612801435861143,0.09120136631520487,2.4340500425424967,2.791552829179789,2.545389477056775,0.22155517710103112,2.097251832047383,2.9935271220661672,2.545389477056775,0.21983008755286365,2.09911067344774,2.9916682806658104,1,1,1,5.809939050176833,0.5609
802,1681694,2.5742251840973527,2.4803650826136896,0.08973920717165497,2.3044794685560674,2.6562506966713118,2.7436284811777876,0.23381693801157852,2.2706890837109697,3.2165678786446055,2.7436284811777876,0.23333566663557714,2.2699318943973235,3.2173250679582517,1,1,1,6.760795501169841,0.5412
803,1682694,2.57606070970175,2.7505635183460706,0.08838182335207924,2.577338327688014,2.923788709004127,2.736331494024119,0.2690800268774199,2.1920657668959143,3.2805972211523233,2.736331494024119,0.24462708224087668,2.2397121149021664,3.232950873146071,0,1,1,7.660959328953281,0.8089
804,1683694,2.5736404364611123,2.3340991525947947,0.09379715826253954,2.1502601005480138,2.5179382046415757,2.436903721685294,0.2558225682824484,1.9194537356799013,2.9543537076906863,2.436903721685294,0.25857770722490264,1.9119630681792232,2.9618443751913643,0,1,1,7.599811119610184,0.8321
805,1684694,2.576666601414602,2.6802367884221194,0.09917425696542975,2.4858588165763567,2.874614760267882,3.002672871067603,0.2924035174718241,2.4112309312905342,3.5941148108446717,3.002672871067603,0.28475461218806575,2.424590275258759,3.5807554668764467,1,1,1,8.244107070302684,0.6412
806,1685694,2.5751980179551754,2.4764863352546445,0.10846892703059738,2.2638911448329706,2.6890815256763183,2.975724524606726,0.3329607424010694,2.3022478542233844,3.649201194990068,2.975724524606726,0.3344795167160059,2.2966950058842195,3.6547540433292327,1,1,1,9.508858083756765,1.1649
807,1686694,2.57182111934685,2.251019606989837,0.08805451185291513,2.078435935081868,2.4236032788978057,2.3227928526233335,0.24811385026072016,1.8209352205656144,2.8246504846810527,2.3227928526233335,0.2525544811515863,1.8100799981223465,2.8355057071243204,0,1,1,8.226345201518164,1.1032
808,1687694,2.5677507561987873,2.3263530684019194,0.10379037608879432,2.1229276693260153,2.5297784674778234,2.363967388760156,0.33197110625584786,1.6924924464218942,3.035442331098418,2.363967388760156,0.3280728150719055,1.6979441658392724,3.02999061168104,0,1,1,9.991399378536597,0.9
809,1688694,2.5694311547789725,1.6781727844272514,0.11051529482073123,1.4615667868377922,1.8947787820167106,2.0363290929653926,0.3350979212650326,1.3585295702994178,2.7141286156313673,2.0363290929653926,0.3323637073947723,1.3615948955205883,2.7110632904101966,0,1,1,9.044455290693469,0.4072
810,1689694,2.5711302491124703,2.6253193271014323,0.09804615924328292,2.433152386162119,2.8174862680407458,2.7879313751265857,0.2701332043285591,2.241535395530774,3.3343273547223973,2.7879313751265857,0.27632084505264887,2.2269702368443687,3.348892513408803,1,1,1,7.942662800466986,0.645
811,1690694,2.5725980599108866,1.9610646589663498,0.09580473640036054,1.7732908260732896,2.14883849185941,2.0650294821326947,0.30055338854811,1.457102872130152,2.6729560921352373,2.0650294821326947,0.30738816169671135,1.4409983380219027,2.689060626243487,0,1,1,10.294382828974754,0.6707
812,1691694,2.5723135243655793,2.2169102216777277,0.1110411932106849,1.9992734821844318,2.4345469611710238,2.5884802621731264,0.2984460238636974,1.9848161995829514,3.1921443247633015,2.5884802621731264,0.3058402938520272,1.9675914568457116,3.2093690675005413,0,1,1,7.58614544144924,0.6487
813,1692694,2.5644195809656405,2.3807498618509437,0.08862419986870967,2.207049621949593,2.5544501017522943,2.7000091335431633,0.22822554681939744,2.2383793922711437,3.161638874815183,2.7000091335431633,0.22628769107962,2.2406206978169623,3.1593975692693643,0,1,1,6.51954380649372,0.9549
814,1693694,2.5684339353695598,2.4866066936958964,0.08170566890202417,2.326466525315175,2.646746862076618,2.858844117146274,0.20658165104480183,2.4409932873317506,3.2766949469607973,2.858844117146274,0.20355464225654452,2.4456062240691008,3.272082010223447,1,1,1,6.206655535664856,0.7114
815,1694694,2.580020327675124,2.0934643561446116,0.09884073855165164,1.8997400683780348,2.2871886439111884,2.306414318378634,0.3446150736084256,1.6093645380830717,3.003464098674196,2.306414318378634,0.3529323498382567,1.5899235568359655,3.022905079921302,0,1,1,12.750023102025624,0.4941
816,1695694,2.5781509528583886,1.9689543534455782,0.09727546956215323,1.7782979365245357,2.159610770366621,2.2043287553147177,0.27872919321990597,1.640545747039642,2.7681117635897934,2.2043287553147177,0.2842901255107315,1.6271891175920967,2.781468393037339,0,1,1,8.541160417066939,0.8386
817,1696694,2.5755306439720513,2.530264641860401,0.1057524749580252,2.322993599666698,2.7375356840541043,2.267791842338616,0.2823884384028258,1.6966073120578602,2.838976372619372,2.267791842338616,0.2889904378346607,1.6811100633019336,2.8544736213752984,1,1,1,7.4676828577577865,0.892
818,1697694,2.5805174269185023,2.591021083848609,0.09702116672072905,2.400863091337924,2.781179076359294,2.543709525066698,0.2581060486563351,2.021640764042963,3.065778286090433,2.543709525066698,0.2651784459743955,2.0053686594929725,3.0820503906404233,1,1,1,7.470393119333128,0.9946
819,1698694,2.5813691303117436,2.4046236194588055,0.09118059262126635,2.225912941832105,2.583334297085506,2.7976956259511288,0.2660655949040583,2.259527163004511,3.3358640888977464,2.7976956259511288,0.2647234949612853,2.260278360036084,3.3351128918661734,1,1,1,8.429079591575455,0.6688
820,1699694,2.5694624593145923,2.4872217740035123,0.10373256076951912,2.2839096908711425,2.690533857135882,2.8623811533251877,0.3281291919715755,2.198677216125283,3.5260850905250924,2.8623811533251877,0.3361488356789974,2.1799627369411336,3.544799569709242,1,1,1,10.501057206213023,0.7305
821,1700694,2.58214719806587,2.652094971782728,0.10033895589921275,2.455434231973918,2.848755711591538,3.161823755984986,0.26855993812668816,2.6186100076505,3.7050375043194723,3.161823755984986,0.26458633124693737,2.6246849472139075,3.698962564756065,1,0,0,6.953375030459432,0.6804
822,1701694,2.56932438243274,2.3662050409535964,0.10712807979640974,2.1562378628197,2.5761722190874927,2.7593574746187666,0.34373550944135023,2.0640867807775374,3.4546281684599958,2.7593574746187666,0.3224917264351155,2.104664463987698,3.414050485249835,1,1,1,9.06213470322243,0.3631
823,1702694,2.5816142586333197,2.4153789562876695,0.08899577208520924,2.240950448224324,2.589807464351015,2.4583687096647693,0.23978161515775467,1.97336461389343,2.9433728054361086,2.4583687096647693,0.23297053248799907,1.9854133846121784,2.93132403471736,1,1,1,6.852723902496664,0.445
824,1703694,2.5753966682060496,2.3263804451285073,0.09715354336711453,2.1359629991585125,2.516797891098502,2.5570486031331403,0.2522257250956766,2.0468739191824272,3.0672232870838534,2.5570486031331403,0.25478995752791334,2.0397974903171554,3.074299715949125,0,1,1,6.877764851336095,0.6363
825,1704694,2.56860183841319,1.8294731841622411,0.09657116914985303,1.6401971706836036,2.0187491976408785,2.2851012629422183,0.24843834896682485,1.7825872702980976,2.787615255586339,2.2851012629422183,0.2530376756577514,1.7714074714433785,2.798795054441058,0,1,1,6.865551048315496,0.7832
826,1705694,2.5794192632229636,2.0650742884231663,0.11559225710859466,1.8385176275986268,2.291630949247706,2.28835450247594,0.3435185005435328,1.5935227505618932,2.9831862543899867,2.28835450247594,0.34149182806605544,1.5950892348863381,2.981619770065542,0,1,1,8.72776698235909,0.7032
827,1706694,2.5759776314684313,2.682467206205219,0.09696845407294913,2.4924125285857124,2.8725218838247257,2.906664202964837,0.28533181594027557,2.3295261296648415,3.4838022762648326,2.906664202964837,0.28095958603262094,2.336285919842079,3.477042486087595,1,1,1,8.395117227107098,0.9138
828,1707694,2.571371882938435,2.2822675944171227,0.0924301137297011,2.1011079004199673,2.463427288414278,2.100489927482384,0.22660064493444879,1.6421468604990004,2.5588329944657673,2.100489927482384,0.21666391599752496,1.6606387938500422,2.5403410611147255,0,0,0,5.494728038297051,0.8322
829,1708694,2.5751943197717986,2.3885237651153903,0.08734781109361654,2.2173252012434936,2.559722328987287,2.525088265582948,0.27461112467289434,1.9696348371660017,3.080541693999894,2.525088265582948,0.2763918043173026,1.9639830723349747,3.086193458830921,0,1,1,10.0125862378852,0.8841
830,1709694,2.577454226870856,2.723479199647214,0.11390889368175736,2.5002218705121675,2.9467365287822607,2.444738649615467,0.34210110883713035,1.7527738430360957,3.136703456194838,2.444738649615467,0.33754400108320215,1.7594878968831158,3.129989402347818,1,1,1,8.781031199905296,0.782
831,1710694,2.562640223049432,2.191720430045882,0.09482831070952175,2.005860356340446,2.3775805037513185,2.3604276964373816,0.30913845064392903,1.7351361592856742,2.985719233589089,2.3604276964373816,0.3176972042117329,1.7154680833841744,3.0053873094905885,0,1,1,11.224080114801298,0.3789
832,1711694,2.5756355378565874,2.4962300089150946,0.09805086973499079,2.3040538355816844,2.688406182248505,2.703511451528686,0.34906954281021296,1.9974516568250853,3.409571246232287,2.703511451528686,0.3443266063964276,2.0044912779757635,3.402531625081609,1,1,1,12.332134819235876,0.454
833,1712694,2.5794643897795244,2.7016494393679293,0.11320455466820345,2.479772589332355,2.9235262894035037,2.858066355543587,0.35403893235454204,2.141955021730546,3.574177689356628,2.858066355543587,0.35466815190724665,2.1380517284587888,3.5780809826283853,1,1,1,9.815593914282626,0.776
834,1713694,2.5737432297377545,2.0338960095399314,0.09528649378938442,1.8471379134996384,2.2206541055802242,2.303751160009152,0.27195351800475626,1.7536732484688777,2.853829071549426,2.303751160009152,0.25014426334945405,1.7959313077770835,2.8115710122412203,0,1,1,6.891573646098965,0.5666
835,1714694,2.584401961613136,2.41142849282188,0.0810227975533011,2.25262672769073,2.57023025795303,2.6070915484168857,0.22809021958822476,2.1457355323065928,3.0684475645271787,2.6070915484168857,0.2260306146082163,2.148225005673448,3.0659580911603235,0,1,1,7.782516731640257,0.7425
836,1715694,2.5740486100891116,2.2600051177893006,0.09752304224423329,2.0688634673278252,2.451146768250776,2.909273433286765,0.3121796897412236,2.277830409427299,3.540716457146231,2.909273433286765,0.31087359024144107,2.278166493053967,3.5403803735195627,0,1,1,10.16139131294555,0.661
837,1716694,2.5778834237629047,2.458020639006083,0.0932023411984728,2.2753474069822626,2.6406938710299035,2.792129989768761,0.2837443824964931,2.218202803681667,3.366057175855855,2.792129989768761,0.2864155882635339,2.2106754332604748,3.373584546277047,1,1,1,9.443645115442987,0.93
838,1717694,2.575381519571829,2.332057439536255,0.10152222498347131,2.133077534938279,2.5310373441342313,2.6557255026111033,0.311291833309701,2.026078337893974,3.2853726673282324,2.6557255026111033,0.3187738701954374,2.0085801414083004,3.302870863813906,0,1,1,9.8592340336123,0.7572
839,1718694,2.5714131984063004,2.090937133452721,0.09889816704890166,1.897100287899848,2.2847739790055943,2.22027310271242,0.2696934945083459,1.674766520177405,2.765779685247435,2.22027310271242,0.271444198858359,1.669212082532503,2.771334122892337,0,1,1,7.533289267972207,0.4452
840,1719694,2.5805137618436245,2.70530048066814,0.10240058518749678,2.504599021704821,2.9060019396314596,2.68369601735162,0.3081785007873744,2.060346162058456,3.307045872644784,2.68369601735162,0.3121206043397405,2.0500575039112245,3.3173345307920155,1,1,1,9.290519544115824,0.6638
841,1720694,2.5683507729891164,2.614830157835005,0.09572675348972745,2.4272091686381954,2.8024511470318147,2.808914657018745,0.3072748767726663,2.1873925538152585,3.430436760222231,2.808914657018745,0.2909129196224271,2.2183300324628012,3.3994992815746885,1,1,1,9.23547755590263,0.7712
842,1721694,2.5783602776626022,2.874384194557324,0.09635552986745738,2.685530826305834,3.063237562808814,3.2130473769808434,0.24021404345979416,2.727168612409402,3.6989261415522847,3.2130473769808434,0.23239334020098223,2.7412638145662505,3.6848309393954364,0,0,0,5.816933090090889,0.7566
843,1722694,2.5770031348664277,2.9258081012143253,0.1044461077369027,2.721097491724606,3.130518710704045,3.236560316699567,0.2603131176720349,2.7100273372178814,3.7630932961812524,3.236560316699567,0.2603993709444996,2.7079214892337364,3.7651991441653974,0,0,0,6.21577579453362,1.0889
844,1723694,2.5847935371494017,2.379362217276726,0.08966169217352618,2.203628529823698,2.555095904729754,2.5130075910610232,0.25800521770657786,1.9911427798838206,3.034872402238226,2.5130075910610232,0.2611781180278399,1.9827878229672016,3.043227359154845,0,1,1,8.485153715570815,0.9086
845,1724694,2.577349033429189,2.2503258214893864,0.09519112841787336,2.0637546381426275,2.4368970048361454,2.395246899766583,0.2717634373241846,1.8455534626929753,2.9449403368401903,2.395246899766583,0.2688314976934439,1.8494899449357087,2.941003854597457,0,1,1,7.975673242835406,0.5228
846,1725694,2.5734501844919673,2.6260935152807985,0.07599906464908658,2.4771380857098575,2.7750489448517395,2.8492040215576457,0.20741436648528344,2.429668865782686,3.2687391773326055,2.8492040215576457,0.18947524013093447,2.464548834360698,3.2338592087545934,1,1,1,6.215676994596393,0.6825
847,1726694,2.5728568821757443,2.483001389556826,0.0944170212034138,2.2979474284705805,2.6680553506430718,2.3893367471021625,0.2741762324489485,1.8347629712377862,2.9439105229665388,2.3893367471021625,0.2664985398397479,1.8483159485063505,2.9303575456979747,1,1,1,7.966894726519277,0.5779
848,1727694,2.5755789865086243,2.301831888718664,0.0989774836470865,2.1078395854899723,2.4958241919473556,2.37188720580558,0.29048663694536,1.7843225228641857,2.9594518887469747,2.37188720580558,0.2917834448045402,1.779535321175687,2.9642390904354734,0,1,1,8.690574319314917,0.7758
849,1728694,2.572348581821953,2.715489924868079,0.10149623224298722,2.516560965105311,2.9144188846308468,2.848959959483368,0.29627036317865296,2.2496965860059133,3.448223332960823,2.848959959483368,0.26217938035767935,2.316707520795481,3.381212398171255,1,1,1,6.6726327728771455,0.5204
850,1729694,2.5770699183772305,2.3636263600603207,0.09730331478587866,2.172915367503635,2.5543373526170066,2.42932194342288,0.33613666433102374,1.749421364589074,3.1092225222566863,2.42932194342288,0.3410514518204951,1.7369506871408031,3.121693199704957,0,1,1,12.285265155447387,0.828
851,1730694,2.5725464891068355,2.5587206366282644,0.10692344233653832,2.3491545405456042,2.7682867327109246,2.703722636184488,0.28088822078549297,2.1355725824563905,3.271872689912586,2.703722636184488,0.2738192459250612,2.1478400141244913,3.259605258244485,1,1,1,6.558161025663577,0.6592
852,1731694,2.5694377900528846,2.0596848079137358,0.08565731429808429,1.8917995568770627,2.2275700589504086,2.3378342946032147,0.23041115500323334,1.871783743502992,2.803884845703437,2.3378342946032147,0.2299969065722516,1.8709157510978334,2.804752838108596,0,1,1,7.209664956903002,0.5514
853,1732694,2.577289968957083,2.3083184531110126,0.08908073618482235,2.1337234184724467,2.4829134877495784,2.451446353492898,0.32166325670649143,1.800821004843224,3.1020717021425717,2.451446353492898,0.3102753338909905,1.821553938220276,3.08133876876552,0,1,1,12.131846544489832,0.7704
854,1733694,2.5752125177515692,2.162390666747054,0.08978604964053713,1.9864132431374757,2.338368090356632,2.2119024667210807,0.27523282009586636,1.6551915406170608,2.7686133928251007,2.2119024667210807,0.2789850818796431,1.6455326401336463,2.778272293308515,0,1,1,9.65482116132692,0.5348
855,1734694,2.570301412220079,2.6429322279168144,0.10108497193541036,2.444809323545168,2.841055132288461,2.7983090517538547,0.2708407682879089,2.2504818889621214,3.346136214545588,2.7983090517538547,0.26426465813592626,2.2618232741157445,3.334794829391965,1,1,1,6.8344722135355855,0.6988
856,1735694,2.576296386277734,2.173445365133942,0.09026631378348782,1.9965266411011142,2.3503640891667694,2.46004898811863,0.2631726968104395,1.9277319638785668,2.9923660123586933,2.46004898811863,0.259285793984195,1.9336708420686308,2.986427134168629,0,1,1,8.250989429455226,0.5607
857,1736694,2.57674816749911,2.5176794580375983,0.09695103833378829,2.327658914639611,2.7077000014355854,2.649648508331879,0.3048289749547528,2.0330737085267874,3.2662233081369703,2.649648508331879,0.28197054776156044,2.077217863788043,3.2220791528757147,1,1,1,8.458679437670103,0.5639
858,1737694,2.571881324370995,2.172416483651231,0.09618415565992043,1.9838990026743928,2.3609339646280696,2.662739198983409,0.27069792386827923,2.1152009663022384,3.2102774316645797,2.662739198983409,0.27536871566824955,2.1037109861131813,3.221767411853637,0,1,1,8.196380740104912,0.5409
859,1738694,2.572003716022438,2.566640115923995,0.10093441394750079,2.368812299786236,2.764467932061754,2.8566219393189916,0.2788281164096341,2.292638840006272,3.4206050386317113,2.8566219393189916,0.2827973379237639,2.282512821511867,3.430731057126116,1,1,1,7.850044207302018,0.5191
860,1739694,2.573932097789036,2.6493708380645424,0.09842984539890336,2.4564518860788462,2.8422897900502386,2.9378961006910225,0.3094237517345304,2.312027487613879,3.563764713768166,2.9378961006910225,0.30367424243063607,2.3214046135271715,3.5543875878548734,1,1,1,9.518363967528984,0.9309
861,1740694,2.573280173429169,2.4730516133354077,0.09606752946821238,2.284762715493971,2.6613405111768444,2.631445309855028,0.23567052822757742,2.15475667228884,3.108133947421216,2.631445309855028,0.2348559303846281,2.154662423584584,3.1082281961254723,1,1,1,5.9765398233162985,0.2769
862,1741694,2.571856480763179,2.3245918213813432,0.10730569751452843,2.114276518916918,2.5349071238457683,2.5614414623329274,0.32585743780305,1.9023325816622547,3.2205503430036,2.5614414623329274,0.3342472135967182,1.882883544014644,3.2399993806512106,0,1,1,9.702642441138552,0.7794
863,1742694,2.5735782143923545,2.211358816333587,0.09980704333259813,2.0157406059982663,2.406977026668908,2.2363547999956843,0.34015177098676375,1.5483329013863338,2.924376698605035,2.2363547999956843,0.3299041816797092,1.5666137052047653,2.9060958947866036,0,1,1,10.925800350220529,1.0664
864,1743694,2.5697115757310476,2.7123685229190744,0.10678216206386351,2.5030793310825827,2.921657714755566,2.483229264353022,0.3030284247375025,1.8702964211234328,3.096162107582611,2.483229264353022,0.28977134682306416,1.8949621557877396,3.071496372918304,1,1,1,7.363994556008562,0.7641
865,1744694,2.578083477412192,1.9705186917404145,0.09282952018430712,1.7885761754770386,2.1524612080037904,2.360920167078005,0.2770316881244208,1.8005706869462834,2.9212696472097264,2.360920167078005,0.28438580220221094,1.7835862953454629,2.938254038810547,0,1,1,9.385201687485079,0.7068
866,1745694,2.5755955143683926,2.8857658692883845,0.08768393509537341,2.713908514478705,3.057623224098064,2.87888529030443,0.19160446538280237,2.491328677936138,3.2664419026727223,2.87888529030443,0.1669804377968731,2.539896979670285,3.2178736009385753,0,1,1,3.626528767816421,0.5315
867,1746694,2.5689474147417535,2.54631853706875,0.08885872583799916,2.372158634714153,2.7204784394233474,2.764458938590993,0.20989545255722292,2.3399053125464913,3.1890125646354943,2.764458938590993,0.20632496424077565,2.345596992889826,3.1833208842921596,1,1,1,5.39142283817434,1.2425
868,1747694,2.57101569124017,2.8535918301415584,0.1039097852343067,2.6499323934410253,3.0572512668420915,2.9360952455820346,0.3290601755726439,2.2705082163055454,3.6016822748585238,2.9360952455820346,0.3317331649105147,2.2626411174336205,3.6095493737304487,0,1,1,10.192128484775308,0.833
869,1748694,2.570665953075217,2.4500577301169586,0.09616076859274629,2.2615860869494853,2.638529373284432,2.45624736849166,0.23866884019380527,1.9734940725359456,2.9390006644473745,2.45624736849166,0.22700249037632267,1.9954078130461155,2.917086923937205,1,1,1,5.572696506477698,0.7556
870,1749694,2.5743578007247243,2.0031934058245913,0.09770366843079323,1.8116977345427934,2.194689077106389,2.3242726667117943,0.28129560053954433,1.7552986096541705,2.893246723769418,2.3242726667117943,0.27668743329761225,1.762567314727074,2.8859780186965147,0,1,1,8.019681648001423,0.6156
871,1750694,2.5735932931882544,2.29720141454238,0.10159616594850858,2.0980765883159482,2.4963262407688114,2.3325003584845416,0.27442800392560507,1.7774173267404079,2.8875833902286754,2.3325003584845416,0.27614036013308624,1.7719056240684585,2.8930950929006247,0,1,1,7.387630000229504,0.6832
872,1751694,2.571986226633774,2.282495061331475,0.11932856694762692,2.0486153677873493,2.5163747548756006,2.6145101359984,0.35688530967008675,1.8926414606342084,3.336378811362592,2.6145101359984,0.3471022029821707,1.9098552018111357,3.3191650701856648,0,1,1,8.461081725936863,0.9833
873,1752694,2.5870230254619093,2.323477210729898,0.10857502962559015,2.110674063043372,2.536280358416424,2.274323948253603,0.27887155179114226,1.7102529925890986,2.8383949039181076,2.274323948253603,0.2560701131795179,1.7544739812999013,2.794173915207305,0,1,1,5.562344380821388,0.3528
874,1753694,2.573970986217471,2.174620737463901,0.09943775455681797,1.9797263198290043,2.369515155098798,2.264703868524745,0.3233028575403432,1.6107621141559543,2.9186456228935356,2.264703868524745,0.3249833059236145,1.6049526826202087,2.924455054429281,0,1,1,10.681186224966359,0.9438
875,1754694,2.57631960734478,2.295044681456646,0.09668526950305131,2.105545035395117,2.4845443275181753,2.5494804374596653,0.3474736701989172,1.8466485997964677,3.252312275122863,2.5494804374596653,0.3436612431547448,1.8518110230988492,3.2471498518204815,0,1,1,12.633988850208079,0.3732
876,1755694,2.569427767479803,2.694205721015469,0.09991173642400883,2.498382315991553,2.890029126039385,2.6615396661268136,0.3341379125263472,1.9856819444197338,3.337397387833893,2.6615396661268136,0.3326159856486698,1.986293316598647,3.3367860156549805,1,1,1,11.082895075854408,0.4047
877,1756694,2.5764393371360192,2.4098208824396847,0.09172839869883975,2.230036524630428,2.5896052402489413,2.364627986068825,0.2807862568733265,1.7966841738200379,2.932571798317612,2.364627986068825,0.2725235187189737,1.8113758300827558,2.917880142054894,1,1,1,8.826740346939449,0.4052
878,1757694,2.570032007079861,2.031080313736046,0.11396895006214834,1.8077052762583912,2.2544553512137004,2.0630643681465055,0.35571144940048016,1.3435700492910387,2.7825586870019725,2.0630643681465055,0.36482440408977435,1.322431452984648,2.803697283308363,0,1,1,10.246951220503245,0.8801
879,1758694,2.569749538737755,2.146666075205985,0.09475075718936724,1.9609580036069258,2.3323741468050447,2.3388036106351846,0.30680817166619145,1.7182255076128996,2.9593817136574696,2.3388036106351846,0.3061891150232651,1.717206660682498,2.960400560587871,0,1,1,10.442731615902458,0.6797
880,1759694,2.575479932557422,1.8855452286252385,0.09453008663972398,1.7002696633559287,2.0708207938945487,1.946078823147473,0.28214305719181276,1.375390623214181,2.516767023080765,1.946078823147473,0.28035164670387336,1.3769347224759008,2.5152229238190453,0,0,0,8.795612966586665,0.5005
881,1760694,2.576359393670771,2.6851414059218817,0.09593516707236713,2.4971119336092094,2.873170878234554,2.9869006440423567,0.2713145160293207,2.4381152359956815,3.535686052089032,2.9869006440423567,0.27454773118487924,2.4295391182807897,3.5442621698039236,1,1,1,8.189927284164147,0.7961
882,1761694,2.5753579241385287,2.5801037977880052,0.08862690785656657,2.406398250327985,2.7538093452480257,2.765621513961288,0.2440193211492781,2.272045848759109,3.259197179163467,2.765621513961288,0.23619845682600665,2.2861131541183157,3.2451298738042604,1,1,1,7.102690933627279,0.4572
883,1762694,2.575906463618528,2.3635088399543487,0.09325269968198853,2.1807369071165215,2.546280772792176,2.7002163876846526,0.30660618756623575,2.0800468360673396,3.3203859393019655,2.7002163876846526,0.3002437064604762,2.090689258791971,3.309743516577334,0,1,1,10.366329244749691,0.8984
884,1763694,2.577003275640741,2.143067732525309,0.08932695001827554,1.9679901276406795,2.3181453374099386,2.2949748292508962,0.22197767744990174,1.8459825966221313,2.743967061879661,2.2949748292508962,0.22395500220940376,1.8403220036942627,2.74962765480753,0,1,1,6.285741590661623,0.8508
885,1764694,2.573824350233663,2.054099712954865,0.08744184788155068,1.8827168403653955,2.2254825855443343,2.3263584930303947,0.21495025416434652,1.891580565672577,2.7611364203882123,2.3263584930303947,0.2166439312661528,1.8865479305596555,2.7661690555011336,0,1,1,6.138388930937429,0.7951
886,1765694,2.5794754598639984,2.38970851163712,0.08943193412821468,2.2144251416780607,2.564991881596179,2.44587388457839,0.2393372798370268,1.9617685418257385,2.929979227331041,2.44587388457839,0.2406370766101759,1.9573546475210868,2.934393121635693,0,1,1,7.240021223122739,0.716
887,1766694,2.571833510611195,1.9184113454883787,0.09826542093500963,1.7258146595300916,2.1110080314466657,2.2857851259236575,0.34709848153917683,1.5837121789558175,2.9878580728914974,2.2857851259236575,0.35514241164638705,1.5648077003823804,3.0067625514649343,0,1,1,13.061818396224819,0.8224
888,1767694,2.56965259094779,2.1487781171399436,0.0947579981947503,1.9630558534311215,2.3345003808487657,1.9546816805988607,0.2681066751905956,1.412384743089598,2.4969786181081233,1.9546816805988607,0.2741941093177956,1.3980380453932628,2.5113253158044584,0,0,0,8.37306544466976,0.4846
889,1768694,2.5739898612157814,2.5859804827095116,0.09367046040739539,2.4023897538957315,2.7695712115232918,2.5776123271796596,0.24681645878769462,2.0783789170741622,3.076845737285157,2.5776123271796596,0.24775096952085046,2.074651119723672,3.080573534635647,1,1,1,6.995607192790553,0.6265
890,1769694,2.5730758853588083,2.064078726966464,0.09819130036269035,1.8716273146604363,2.256530139272492,2.445885818279581,0.2587792665304362,1.9224553455746949,2.9693162909844673,2.445885818279581,0.2573381870109923,1.9234615245869962,2.968310111972166,0,1,1,6.868508672231345,0.6003
891,1770694,2.57575965913195,2.6677251622832645,0.08832149280461189,2.494618217325412,2.840832107241117,2.8116355223528577,0.2568664792413292,2.29207402712961,3.3311970175761054,2.8116355223528577,0.25695499285436557,2.2899891541557,3.3332818905500154,1,1,1,8.464110410361732,0.5956
892,1771694,2.572579272292774,2.433617610061744,0.09722103118070842,2.24306789040771,2.624167329715778,2.9202619674639974,0.26443856885699063,2.3853844753294466,3.455139459598548,2.9202619674639974,0.26642655463895154,2.3793873065950386,3.461136628332956,1,1,1,7.509907209304346,0.7807
893,1772694,2.577473888581253,2.652358343261798,0.1045157422290889,2.4475112526753118,2.8572054338482844,2.919039196042478,0.3294633639180684,2.2526366413606342,3.5854417507243217,2.919039196042478,0.32366963345077676,2.261954907040174,3.576123485044782,1,1,1,9.59048330799557,0.5613
894,1773694,2.575057597667891,2.1484314631992483,0.08197643055593702,1.987760611728463,2.309102314670034,2.3190375614387593,0.20294669560945286,1.9085391229780546,2.729535999899464,2.3190375614387593,0.20428986510160627,1.9043070866347955,2.733768036242723,0,1,1,6.210343683276543,0.6763
895,1774694,2.572547185426051,2.5300049650494496,0.09064266610332876,2.3523486040242356,2.7076613260746636,2.6485443614476307,0.2495382863033795,2.1438055355402517,3.15328318735501,2.6485443614476307,0.23668686536265893,2.1680444795621754,3.129044243333086,1,1,1,6.818407823783408,0.4942
896,1775694,2.5722875378245518,2.57699595024693,0.10493935953869662,2.371318584990385,2.7826733155034753,2.8141684846734902,0.31356727896947373,2.179918796681302,3.4484181726656784,2.8141684846734902,0.28447395194242453,2.2366556594544673,3.391681309892513,1,1,1,7.348660662766452,0.3957
897,1776694,2.5756455208174733,2.4726055201914225,0.09974441033410535,2.2771100682773913,2.668100972105454,2.587590052570888,0.30930954360006113,1.96195244725033,3.213227657891446,2.587590052570888,0.31130110469165073,1.9556152118632781,3.2195648932784984,1,1,1,9.740565906642132,0.6998
898,1777694,2.5783749174890973,1.9957602965363361,0.10051546175697833,1.7987536116032454,2.192766981469427,2.473671970971031,0.31269469186443,1.8411872569931558,3.1061566849489064,2.473671970971031,0.311328571965929,1.8416413687321413,3.105702573209921,0,1,1,9.593392535569992,0.5203
899,1778694,2.572600927646337,2.2980377004046346,0.09853430404694286,2.1049140132309074,2.491161387578362,2.612161258006324,0.2575352711829734,2.0912470033953188,3.133075512617329,2.612161258006324,0.2611109664277445,2.0820778149082506,3.142244701104397,0,1,1,7.022234325776955,0.5238
900,1779694,2.567549898965417,2.4507882619611734,0.10085361322515872,2.25311881232913,2.648457711593217,2.8032071824672373,0.30166790899907864,2.193026242068325,3.4133881228661496,2.8032071824672373,0.3065968651063677,2.1807824558380995,3.425631909096375,1,1,1,9.24171339126259,0.6013
901,1780694,2.575280874992723,2.1940540439816756,0.09725497736708599,2.003437791024929,2.384670296938422,2.443419950147421,0.23631384959017881,1.9654300723024338,2.9214098279924086,2.443419950147421,0.23928083580278076,1.9576540283058277,2.9291858719890147,0,1,1,6.053299467597476,0.5976
902,1781694,2.573599892013229,2.1671189163039575,0.10358874241226021,1.9640887119721306,2.370149120635784,2.2634108481207638,0.33146569360213746,1.5929581993680335,2.933863496873494,2.2634108481207638,0.3375874176068588,1.5780719551595204,2.948749741082007,0,1,1,10.620559137578672,0.4207
903,1782694,2.57901209174422,2.3017365915647674,0.0913541077764731,2.1226858304830896,2.4807873526464452,2.4042646600522017,0.3319765348691933,1.7327787373070174,3.075750582797386,2.4042646600522017,0.3103753518906393,1.774169197445525,3.0343601226588786,0,1,1,11.542989195960793,0.5674
904,1783694,2.5783451221378813,2.4413767542998444,0.11156925234430648,2.2227050379229425,2.660048470676746,2.641559100294502,0.3093202750933505,2.015899788479909,3.267218412109095,2.641559100294502,0.3150612660314499,2.0019507262394654,3.2811674743495387,1,1,1,7.974454457824563,0.7408
905,1784694,2.5717246094430166,2.5868020089340735,0.09592947641888595,2.3987836900972725,2.7748203277708745,2.8603308960583687,0.34866719404590085,2.15508492854703,3.5655768635697074,2.8603308960583687,0.3463662296630146,2.157170067141304,3.5634917249754334,1,1,1,13.0366779198042,0.427
906,1785694,2.5704469241642323,2.4830157438160936,0.08907829045059695,2.308425502728525,2.657605984903662,2.8965188056322875,0.21827052508937203,2.4550249964223587,3.3380126148422162,2.8965188056322875,0.22199935210702904,2.4458361608533683,3.3472014504112066,1,1,1,6.210973362412083,0.5546
907,1786694,2.577638940179977,2.2876617658925227,0.08554568779564432,2.1199952987803523,2.455328233004693,2.379439400170684,0.23068407764764834,1.9128368109157305,2.846041989425637,2.379439400170684,0.23707193283405645,1.898157789758633,2.8607210105827345,0,1,1,7.680049799829469,0.9321
908,1787694,2.586763003959617,2.411207351865608,0.09188096457672128,2.2311239704304335,2.591290733300782,2.299098651822333,0.20728410785884024,1.8798269689883362,2.7183703346563295,2.299098651822333,0.20551356635121862,1.881883931409721,2.7163133722349446,1,1,1,5.0029930540717915,0.8231
909,1788694,2.5770043882188785,2.6346914970858393,0.08897165128676257,2.460310264918728,2.8090727292529505,2.7862536746993474,0.2852917777274787,2.2091965863288303,3.3633107630698644,2.7862536746993474,0.2748061532248643,2.228367524305572,3.344139825093123,1,1,1,9.540026996156612,0.441
910,1789694,2.5756163713237785,2.1579912760817495,0.11196394580696153,1.9385459747331104,2.3774365774303883,2.2234173493572937,0.3127033616130911,1.5909150991575227,2.8559195995570645,2.2234173493572937,0.30471138493595634,1.6048203509706669,2.8420143477439206,0,1,1,7.406635483189891,0.6222
911,1790694,2.5744680510175804,2.261454071374656,0.09107012669586226,2.082959902983266,2.439948239766046,2.35114633892142,0.2777558458455311,1.7893321115425342,2.912960566300306,2.35114633892142,0.27488285907993976,1.793104467363113,2.9091882104797273,0,1,1,9.110525690008059,0.5529
912,1791694,2.580049298532488,2.0224126750491824,0.07903381536747855,1.8675092433681362,2.1773161067302285,2.0683626962960893,0.20529567795249612,1.6531129925787844,2.483612400013394,2.0683626962960893,0.20405738759996445,1.6541041759113484,2.48262121668083,0,0,0,6.666206283841837,0.6099
913,1792694,2.5802163381157746,2.265459464173631,0.10326229183719082,2.0630690912116725,2.4678498371355895,2.5784392391466007,0.28577930311301325,2.0003960376054755,3.156482440687726,2.5784392391466007,0.2768511502441861,2.016401524090652,3.1404769542025495,0,1,1,7.188017819500917,0.572
914,1793694,2.5776415337926064,2.5540034974060184,0.09875346673999058,2.3604502592471626,2.7475567355648742,2.9775404551658813,0.308485566543105,2.353569500756747,3.6015114095750156,2.9775404551658813,0.30729067539606636,2.3537072187669246,3.601373691564838,1,1,1,9.682646195795542,0.4247
915,1794694,2.5718158672297413,2.3063898442062984,0.08749085027482412,2.1349109286908567,2.47786875972174,2.229158777272031,0.28593941054945926,1.6507917278729765,2.807525826671086,2.229158777272031,0.2775128063480236,1.6657778289139065,2.7925397256301556,0,1,1,10.06099154595426,0.4961
916,1795694,2.5813452215514867,2.5490554205735374,0.08474421241051765,2.3829598163507106,2.715151024796364,2.470472625784109,0.22284714819489096,2.0197217225742166,2.9212235289940014,2.470472625784109,0.225429334249519,2.012826747063964,2.928118504504254,1,1,1,7.0762107869698365,0.6391
917,1796694,2.5757566930278006,2.155345287058279,0.0936492848624211,1.9717960615500016,2.3388945125665566,2.6048506956115336,0.2917741900502852,2.014681690695742,3.1950197005273253,2.6048506956115336,0.28533973458381334,2.025580238188086,3.1841211530349813,0,1,1,9.283581945759671,0.7037
918,1797694,2.581951719328461,1.9881186762390042,0.09718495277741585,1.7976396689560432,2.178597683521965,1.8527542563359893,0.293897240400231,1.2582909767545811,2.4472175359173978,1.8527542563359893,0.30048016164330077,1.24274709790198,2.4627614147699988,0,0,0,9.559464230023973,0.5932
919,1798694,2.5782209733356445,2.6980210330293373,0.10215180340038048,2.497807177408775,2.8982348886498994,2.8654757943143205,0.28128791474377896,2.2965172832460046,3.4344343053826365,2.8654757943143205,0.28839618019430036,2.2800004224247568,3.4509511662038843,1,1,1,7.970525057974134,0.8037
920,1799694,2.5774836752600696,2.482024988437537,0.08099576797870048,2.3232762002991216,2.6407737765759527,2.589396691672958,0.27251040797409054,2.0381923638482515,3.140601019497664,2.589396691672958,0.2739223855173249,2.0333046851089898,3.145488698236926,1,1,1,11.437481249240466,0.4849
921,1800694,2.568979727872931,2.487192270545809,0.09817014083218713,2.2947823301574974,2.679602210934121,2.7437022183562374,0.3004812012713571,2.1359216209029253,3.3514828158095495,2.7437022183562374,0.2867943187058815,2.161478798174272,3.325925638538203,1,1,1,8.534582083268127,0.5816
922,1801694,2.578461117856785,2.5395048330441936,0.08501333676932026,2.3728817547707513,2.706127911317636,2.68029564384397,0.2504056344239325,2.173802440768637,3.1867888469193026,2.68029564384397,0.25473968459496615,2.163146590507737,3.1974446971802024,1,1,1,8.978816343541556,0.6421
923,1802694,2.5747544327396223,2.978373405849582,0.10887431509235172,2.764983669427107,3.1917631422720567,2.927869148371581,0.26058615561564474,2.4007838975205305,3.4549543992226317,2.927869148371581,0.25326961153984945,2.413704501999648,3.442033794743514,0,1,1,5.411470516261635,0.4643
924,1803694,2.584097578986677,2.371485469174479,0.09975289671544126,2.1759733842586706,2.5669975540902876,2.51389666987089,0.2750372105480589,1.9575814014230928,3.0702119383186877,2.51389666987089,0.2753839256278852,1.9548375791410177,3.0729557606007627,0,1,1,7.621248826400657,0.5944
925,1804694,2.571885691363174,2.4634839672035977,0.08385256547422554,2.299135958862829,2.6278319755443666,2.6743588652949644,0.20911059341203123,2.25139276671695,3.0973249638729787,2.6743588652949644,0.20676128229255325,2.254611146857645,3.094106583732284,1,1,1,6.080030039693407,0.7064
926,1805694,2.5764535707952727,2.082753877776775,0.08550882199202253,1.9151596663119643,2.250348089241586,2.1696282352321874,0.23640474811324555,1.6914544977699482,2.6478019726944266,2.1696282352321874,0.22959414736083114,1.7035273363950867,2.635729134069288,0,1,1,7.20941091039967,0.7487
927,1806694,2.582118659715604,2.6107533965587573,0.09511970196407342,2.4243222064889896,2.797184586628525,2.775970537947603,0.21993580809525978,2.3311083759223736,3.2208326999728323,2.775970537947603,0.22085422657701473,2.327612621586008,3.224328454309198,1,1,1,5.391014105912951,0.4132
928,1807694,2.5702841519914212,2.671858588685042,0.09946926873920742,2.4769024043876593,2.8668147729824245,2.806077769407009,0.3161033188950596,2.1666984564844873,3.4454570823295305,2.806077769407009,0.320742439044566,2.1549360009762832,3.4572195378377346,1,1,1,10.39764545366751,0.4183
929,1808694,2.5774903902954707,2.1670573641853963,0.1033448867586427,1.9645051081520863,2.3696096202187062,2.54323473013829,0.28242829376001327,1.971969584788436,3.1144998754881437,2.54323473013829,0.27448132881838616,1.9860080083473948,3.100461451929185,0,1,1,7.054197711575933,0.594
930,1809694,2.571432566419312,2.2089907335775942,0.108692613282379,1.9959571261585916,2.422024340996597,2.3352633239422436,0.3683283652704817,1.5902488839176572,3.08027776396683,2.3352633239422436,0.373281120252695,1.577462362251078,3.0930642856334094,0,1,1,11.794295062464696,0.3704
931,1810694,2.568650733572893,1.9703436551671893,0.10077203905190163,1.7728340879767983,2.1678532223575804,2.47841537248167,0.27341349977924345,1.9253843690627215,3.0314463759006185,2.47841537248167,0.2768290798132105,1.9164224627826245,3.0404082821807155,0,1,1,7.546460890305482,0.9736
932,1811694,2.5766900263726678,2.3901564237071744,0.09147299546969169,2.2108726470285833,2.5694402003857655,2.667271342157366,0.3339170591393156,1.9918603385908944,3.3426823457238375,2.667271342157366,0.3396042172310615,1.9778381282893365,3.356704556025395,0,1,1,13.783526547990789,0.4639
933,1812694,2.5735999184660505,2.5050185707919224,0.09834578818103545,2.312264367925888,2.697772773657957,2.8000903276618314,0.24323225195132564,2.3081066601797913,3.2920739951438716,2.8000903276618314,0.2390403486384246,2.3148126207192394,3.2853680346044234,1,1,1,5.907869540791416,0.3299
934,1813694,2.5695452619187296,2.070703344616296,0.10782677885494918,1.8593667414916304,2.2820399477409614,2.274400396555117,0.2861070809313253,1.695694201797103,2.8531065913131313,2.274400396555117,0.29054016789865045,1.6845724982288812,2.864228294881353,0,1,1,7.260375843982329,0.8804
935,1814694,2.5721854012576277,2.688576668589725,0.10233693451941124,2.4879999626434453,2.889153374536005,3.033084297355774,0.28942909070405537,2.4476587035941852,3.6185098911173625,3.033084297355774,0.28902198754266334,2.4463384690067413,3.6198301257048064,1,1,1,7.976216971012763,0.6842
936,1815694,2.5750310357319957,2.538414390361904,0.10759488695633417,2.3275322870068305,2.7492964937169777,2.663832454063124,0.3028424951531874,2.0512756889154953,3.276389219210753,2.663832454063124,0.28720316234557913,2.080779037166794,3.2468858709594546,1,1,1,7.125168969714436,0.7549
937,1816694,2.5700699696146194,2.835048259375866,0.08586523763020376,2.6667554860966933,3.003341032655039,3.185355516577064,0.23478173001046082,2.710464643094383,3.6602463900597453,3.185355516577064,0.2368919397874379,2.704439311475984,3.6662717216781444,0,0,0,7.61142225984597,0.4414
938,1817694,2.5789670437667085,2.5382380158281577,0.08790415698940517,2.365949034037569,2.7105269976187465,2.835509529185108,0.2397587881148788,2.350551605466125,3.3204674529040905,2.835509529185108,0.2438271055934189,2.3405141889975747,3.330504869372641,1,1,1,7.693875242809585,0.2843
939,1818694,2.581150514494099,2.279796175161741,0.10428053816911236,2.0754100760618264,2.4841822742616553,2.5124068918789653,0.27887949024638575,1.9483198791731207,3.07649390458481,2.5124068918789653,0.2860353953056085,1.9317241681088286,3.093089615649102,0,1,1,7.523726994990338,0.7602
940,1819694,2.579177129470619,2.2449664526139075,0.0967107276973353,2.05541690940847,2.434515995819345,2.5323439865972177,0.2914863146235388,1.9427572646932074,3.1219307085012282,2.5323439865972177,0.29873067998103553,1.9258884647561016,3.1387995084383338,0,1,1,9.541361544329149,0.7054
941,1820694,2.577230840832888,2.2701328749959817,0.10433861878456543,2.065632939981579,2.4746328100103843,2.5163296654411917,0.3076466279254539,1.8940556245564486,3.138603706325935,2.5163296654411917,0.3109982236630801,1.8849697059109995,3.1476896249713837,0,1,1,8.884349815926848,0.6006
942,1821694,2.5837044885433893,2.554031657974352,0.09852396310082615,2.3609282386825794,2.7471350772661247,2.92742495390989,0.30546574532837767,2.309562164451919,3.545287743367861,2.92742495390989,0.3018143800827832,2.3147091880438695,3.5401407197759105,1,1,1,9.384175265560081,0.6581
943,1822694,2.578111416986469,2.24592543225768,0.11731913438685775,2.015984154162024,2.475866710353336,2.7056322112047995,0.3123437700626763,2.0738573035689747,3.3374071188406242,2.7056322112047995,0.31338844135939636,2.069419851779071,3.3418445706305278,0,1,1,7.135563066287431,0.3717
944,1823694,2.5749606641575906,2.0129726142946622,0.12913051943953227,1.7598814468882296,2.266063781701095,1.8517337759050272,0.42633336018766904,0.9893931593446673,2.714074392465387,1.8517337759050272,0.42617928214112605,0.9865438363742877,2.7169237154357666,0,1,1,10.892482503803013,0.3403
945,1824694,2.5747033672132913,2.384804421778126,0.10646616866262877,2.176134565627407,2.5934742779288453,2.8780855765874924,0.3813008940573411,2.10683172037581,3.649339432799175,2.8780855765874924,0.3643418497096978,2.13843229889844,3.6177388542765447,1,1,1,11.711023876273421,0.4908
946,1825694,2.5697739390184164,2.405938519177538,0.09431634130946868,2.2210818870573923,2.590795151297684,2.630554695108789,0.30149895908158214,2.0207154881739378,3.24039390204364,2.630554695108789,0.29684166671893997,2.027934074067623,3.233175316149955,1,1,1,9.905486993183894,0.5596
947,1826694,2.5684239198998076,2.838126877151692,0.09334568776637393,2.655172691017478,3.021081063285906,3.038972232991737,0.24723977939557312,2.5388825761364195,3.539061889847054,3.038972232991737,0.25260823494191004,2.52615025249484,3.5517942134886336,0,1,1,7.32329432312974,0.4717
948,1827694,2.574856023691696,2.047845008370243,0.10577658766233607,1.8405267061445203,2.2551633105959654,2.433568006712903,0.28955411392201075,1.847889529623562,3.0192464838022435,2.433568006712903,0.2754430137240481,1.8743889607705448,2.992747052655261,0,1,1,6.78085437700132,0.4838
949,1828694,2.57786253659046,2.3435136074059386,0.09854156839897468,2.150375682363858,2.5366515324480194,2.3753500834830845,0.3081405058623479,1.7520770801797791,2.99862308678639,2.3753500834830845,0.30409259503077246,1.7580092953888926,2.9926908715772766,0,1,1,9.522977296844838,0.6648
950,1829694,2.5678610366821917,2.5017445615856686,0.08330452529970295,2.3384706922490452,2.665018430922292,2.5048487372413155,0.2463781131144957,2.006501964948835,3.003195509533796,2.5048487372413155,0.24987928647438534,1.9975668166641274,3.0121306578185036,1,1,1,8.997530477083377,0.7285
951,1830694,2.565824317050299,1.765284199494292,0.08959489691722466,1.589681428337953,1.940886970650631,1.8707419112639339,0.2756739561989037,1.3131387031697996,2.428345119358068,1.8707419112639339,0.2610837272978501,1.340713766539418,2.40077005598845,0,0,0,8.491669054411728,0.5918
952,1831694,2.5788234148996327,2.2405809839490125,0.09290224082809272,2.058495937842884,2.422666030055141,2.3262088657884874,0.3175564961914157,1.6838902243434228,2.968527507233552,2.3262088657884874,0.323511911488181,1.669444769392908,2.982972962184067,0,1,1,12.126296210797259,0.5764
953,1832694,2.575469656994236,3.075501852062908,0.08931089070765055,2.9004557228487196,3.250547981277096,3.37529943839607,0.23315311306519768,2.9037027536207907,3.8468961231713497,3.37529943839607,0.228690089607186,2.9110338743722406,3.8395650024198997,0,0,0,6.556708075700214,0.3823
954,1833694,2.57148711366679,2.212630555114169,0.10560955854830531,2.0056396239363163,2.419621486292022,2.75070484605044,0.2669270221408496,2.2107939820536924,3.290615710047188,2.75070484605044,0.2661116705690798,2.210469433828208,3.2909402582726726,0,1,1,6.349234803415227,0.4321
955,1834694,2.5774837905853536,2.457949219320243,0.09568085290270414,2.270418193620868,2.645480245019618,2.443738161171652,0.3052049688398392,1.826402841949207,3.0610734803940973,2.443738161171652,0.2923631058655973,1.850209502026009,3.0372668203172957,1,1,1,9.336735541698777,0.3249
956,1835694,2.5749817776637856,2.272400082068311,0.1089431269094128,2.0588754769626854,2.4859246871739367,2.312197106502827,0.29671801431014955,1.7120282731463496,2.912365939859304,2.312197106502827,0.29357567187997397,1.7162068074778705,2.908187405527783,0,1,1,7.26173596982453,0.6545
957,1836694,2.581907754371362,2.1515704742657267,0.08490020938256236,1.9851691215959948,2.3179718269354583,2.4021719185909247,0.24296839485876068,1.9107219524542032,2.8936218847276463,2.4021719185909247,0.22829835057513864,1.9387016270818596,2.8656422100999897,0,1,1,7.23082789788545,0.409
958,1837694,2.572109413026938,2.520714533149331,0.09502466149915512,2.334469618967877,2.7069594473307848,2.8486570316895348,0.2619196082713778,2.318874618259434,3.3784394451196356,2.8486570316895348,0.26299674378502114,2.3147452570275395,3.38256880635153,1,1,1,7.659987844198058,0.4865
959,1838694,2.5796900864124472,2.235036719734528,0.08655072578863622,2.065400414352999,2.404673025116057,2.37788595776773,0.2841873752616089,1.803062734236994,2.952709181298466,2.37788595776773,0.2896075913346476,1.7899512905177768,2.9658206250176833,0,1,1,11.19640127527167,0.6998
960,1839694,2.578722760341796,1.798434631344061,0.09811981387639411,1.606123329976555,1.9907459327115669,2.062030920771771,0.21736882374146516,1.6223609746908383,2.5017008668527034,2.062030920771771,0.2172508291002879,1.6209882901963162,2.5030735513472253,0,0,0,4.9024080147184526,0.4588
961,1840694,2.5772341303432076,2.128616862191838,0.09358275002542285,1.9451980425677944,2.312035681815882,2.2966727622862755,0.2555465514966709,1.779781072927253,2.813564451645298,2.2966727622862755,0.2520132949261639,1.7850585742321783,2.8082869503403725,0,1,1,7.2519583071820355,0.5325
962,1841694,2.5770777229824513,2.2702331348050855,0.10027603786516882,2.07369571207698,2.466770557533191,2.462987596285475,0.33023913227260193,1.7950159019968641,3.1309592905740855,2.462987596285475,0.34067083741963716,1.771389028316186,3.1545861642547637,0,1,1,11.541854225455301,0.5179
963,1842694,2.5775695237953893,2.0922725001155587,0.101013760158303,1.8942891682623177,2.2902558319688,2.20298507016588,0.34822329598318136,1.498636971235426,2.9073331690963347,2.20298507016588,0.3498373623176468,1.4927774673266379,2.9131926730051223,0,1,1,11.994200499818525,0.7585
964,1843694,2.5724635501549127,2.552626770196074,0.08078871627665565,2.3942837959366043,2.710969744455544,2.6646786906565327,0.18518752014402,2.290101575157099,3.0392558061559667,2.6646786906565327,0.18402851941501794,2.291080934367933,3.0382764469451327,1,1,1,5.188822917940652,1.2505
965,1844694,2.5712481430040905,2.5872715098608623,0.10741405074763391,2.376743838961942,2.7977991807597826,2.6747607684874444,0.4125033417109406,1.8403940047239038,3.509127532250985,2.6747607684874444,0.40974948555794627,1.8429250892597584,3.5065964477151303,1,1,1,14.551730547975847,1.0587
966,1845694,2.572646828691892,2.315821922079546,0.0979399748772233,2.123863098673431,2.5077807454856615,2.3044176475424134,0.3217457285893365,1.6536254837641506,2.9552098113206764,2.3044176475424134,0.32061266204079397,1.65353934043595,2.955295954648877,0,1,1,10.71621364952569,0.7694
967,1846694,2.576935829798016,2.583628788520938,0.10229045980086827,2.383143171349194,2.784114405692682,2.6515399825590444,0.2591016110249112,2.12745750657206,3.175622458546029,2.6515399825590444,0.25849115383030025,2.126775041785573,3.176304923332516,1,1,1,6.385885225796906,0.6448
968,1847694,2.5762637153603873,2.5539022319286215,0.1010532542757592,2.3558414930275653,2.751962970829678,2.656242468206646,0.3236214248307388,2.001656350672152,3.3108285857411404,2.656242468206646,0.3117752040355435,2.0233051546622214,3.289179781751071,1,1,1,9.518807330988656,0.3105
969,1848694,2.57427801193103,2.4098011940448303,0.10282333376147568,2.2082711631019967,2.611331224987664,2.634933771040825,0.3224093082213507,1.9827993907661658,3.2870681513154842,2.634933771040825,0.317243667817624,1.9908948858170485,3.2789726562646018,1,1,1,9.519246293660142,0.5316
970,1849694,2.5696387521026822,2.522875861374265,0.08555139643201412,2.355198205540409,2.6905535172081207,2.6986502693650367,0.18478475831106572,2.3248878165680567,3.0724127221620168,2.6986502693650367,0.17772255861470143,2.337854294092395,3.0594462446376784,1,1,1,4.315497888119263,0.6263
971,1850694,2.5714333451489564,2.410108473292379,0.10804466358545153,2.198344823943148,2.6218721226416104,2.098127914531602,0.4106861228641631,1.2674368228291577,2.928819006234046,2.098127914531602,0.4014960062778005,1.2830476890261897,2.913208140037014,1,1,1,13.808796076520569,0.6023
972,1851694,2.574606662001023,2.0723805192655917,0.10654640304816422,1.8635534066089012,2.2812076319222823,2.326324158293062,0.22254860801290718,1.8761771095985342,2.7764712069875896,2.326324158293062,0.216779171031412,1.8862390445026553,2.766409272083468,0,1,1,4.139591789836689,0.5291
973,1852694,2.580975846880299,2.2893676845385476,0.12425160896704995,2.0458390059419758,2.5328963631351193,2.5349282183697484,0.4226553094186609,1.6800271617032956,3.389829275036201,2.5349282183697484,0.4226586904764542,1.6768854598895913,3.3929709768499055,0,1,1,11.571124429776622,0.7221
974,1853694,2.5641689154287794,2.621487748649904,0.09631177153716132,2.4327201451498177,2.8102553521499902,3.0429866090545814,0.2949402382712311,2.4464136671498835,3.6395595509592793,3.0429866090545814,0.2871141820249176,2.4601138318126843,3.6258593862964785,1,1,1,8.886905203233587,0.6569
975,1854694,2.5713366532432826,2.233063187936158,0.10222845512189362,2.0326990977020776,2.433427278170239,2.171997124412687,0.2591814776151015,1.6477531029989103,2.6962411458264635,2.171997124412687,0.2645963084748778,1.6348380607920643,2.70915618803331,0,1,1,6.699215773063931,0.4379
976,1855694,2.5764868962324092,2.5931864295252254,0.11284751544133297,2.372009363515385,2.8143634955350656,3.184634751257077,0.27855831692295907,2.6211973729162854,3.7480721295978685,3.184634751257077,0.2833060748609432,2.609492842560391,3.7597766599537628,1,0,0,6.302716472207,0.4992
977,1856694,2.5787219385013898,2.1986495410542233,0.1119509496864284,1.979229711633768,2.4180693704746785,2.424330928767984,0.34019545197411516,1.7362206770221396,3.112441180513829,2.424330928767984,0.3469860940596052,1.7199117082249606,3.1287501493110077,0,1,1,9.606574967571175,0.7925
978,1857694,2.5800993920411974,2.5254496195230582,0.08766955681722115,2.3536204456207166,2.6972787934254,2.7768666579291725,0.2987168769626518,2.1726547432350785,3.3810785726232666,2.7768666579291725,0.30437273766659645,2.1589571500489533,3.394776165809392,1,1,1,12.05351961182411,0.5664
979,1858694,2.583186744503592,2.264325300835276,0.10400928440496948,2.0604708493437522,2.4681797523268,2.554684085052216,0.26146028491416656,2.0258307408061067,3.083537429298325,2.554684085052216,0.2650859315630433,2.016531033718454,3.092837136385978,0,1,1,6.495747619194234,0.4011
980,1859694,2.580756634201806,2.5378154477692254,0.0997696324629247,2.3422705613910946,2.7333603341473562,2.849828760293422,0.3515327408537421,2.1387866772729223,3.560870843313922,2.849828760293422,0.35707201008772893,2.124934041658037,3.574723478928807,1,1,1,12.808989570117273,0.6389
981,1860694,2.584982275187167,2.8205176079159955,0.09807125358555266,2.6283014829696176,3.0127337328623733,3.2464215995898216,0.30693904760035373,2.625578775003855,3.8672644241757883,3.2464215995898216,0.29775682430960626,2.6419431098682455,3.8509000893113976,0,0,0,9.218069845747678,0.9651
982,1861694,2.58481065210189,2.4114474607455314,0.0949574746335021,2.2253342304009913,2.5975606910900715,2.3221706327236995,0.2905634761525833,1.7344505278155515,2.9098907376318475,2.3221706327236995,0.29787902609611744,1.7174440601864809,2.926897205260918,1,1,1,9.840599075655723,0.6401
983,1862694,2.576295578251903,2.2557202545445034,0.09126628902000317,2.0768416150626736,2.4345988940263332,2.510587413057689,0.23732106520581472,2.0305602493324355,2.9906145767829426,2.510587413057689,0.2342365551887715,2.035061925282915,2.986112900832463,0,1,1,6.587013610910882,0.3243
984,1863694,2.575931061630278,2.4159374438328736,0.09563540854039566,2.228495487446924,2.6033794002188233,2.4131968712602814,0.29650334844321946,1.8134622406036858,3.012931501916877,2.4131968712602814,0.30115453984074214,1.8018206523010072,3.0245730902195556,1,1,1,9.916111329541017,0.4669
985,1864694,2.576115979851315,2.5674586509190287,0.08509844949559454,2.4006687547674628,2.7342485470705946,2.9019319829202215,0.2303653163184447,2.435974149311507,3.367889816528936,2.9019319829202215,0.23109189777408431,2.4327904890946352,3.3710734767458077,1,1,1,7.37439071061801,0.7199
986,1865694,2.5766207327153547,2.1697214495862953,0.12313801103715637,1.9283753828255732,2.4110675163470177,2.5969395470925805,0.32820140572598133,1.9330895437873372,3.2607895503978237,2.5969395470925805,0.3287500308644972,1.92954150302202,3.264337591163141,0,1,1,7.127665918250885,0.4165
987,1866694,2.56848022905378,1.9547584372402615,0.1026913771164068,1.7534870365692836,2.1560298379112397,2.355491986762062,0.29139662345534045,1.766086682369574,2.9448972911545503,2.355491986762062,0.2906914536141208,1.7653569621054186,2.9456270114187055,0,1,1,8.013026360545823,0.5011
988,1867694,2.5718515297589066,2.1116669707380584,0.07952810395085293,1.955794751235629,2.2675391902404876,2.381455547685264,0.2688486213854842,1.8376578823444443,2.925253213026084,2.381455547685264,0.27764483699309084,1.8178065628678164,2.945104532502712,0,1,1,12.188154388024438,0.3716
989,1868694,2.564886843269301,2.5137398804846995,0.10035056793100805,2.3170563815117835,2.7104233794576156,2.7862768298432123,0.2847766037353524,2.2102617792288086,3.362291880457616,2.7862768298432123,0.2765275784877028,2.224896000375458,3.3476576593109666,1,1,1,7.593416677472398,0.5752
990,1869694,2.5687578036047465,2.4176585828772765,0.11779366901115208,2.1867872340085865,2.6485299317459665,2.649450270909759,0.26553016794983575,2.11236481120179,3.1865357306177278,2.649450270909759,0.27068457127595225,2.0999313767074033,3.1989691651121146,1,1,1,5.280597985901095,0.2402
991,1870694,2.577069450441668,2.088063621499213,0.11044471077974795,1.8715959660879644,2.3045312769104616,2.5970718397864596,0.303792914328612,1.9825926704024708,3.2115510091704484,2.5970718397864596,0.3013621051728516,1.9852742408008401,3.208869438772079,0,1,1,7.445389756877995,0.7492
992,1871694,2.5747696816058863,2.592902606034177,0.08396223975490345,2.4283396400532493,2.757465572015105,2.8371117211908268,0.21319100049361206,2.405892220258845,3.2683312221228085,2.8371117211908268,0.2115094877055724,2.407724633299576,3.2664988090820777,1,1,1,6.345877383507938,0.4212
993,1872694,2.5680362401041323,2.840337849206126,0.09298365786908433,2.6580932286319263,3.022582469780326,3.210051396930381,0.22719791656163704,2.750500234049888,3.669602559810874,3.210051396930381,0.22295769489423767,2.757423212861168,3.662679580999594,0,0,0,5.749521173616711,0.5213
994,1873694,2.5669552378844065,2.302885466782493,0.10148568349866345,2.103977182178682,2.501793751386304,2.6628647780034482,0.31221367486306045,2.0313530127466266,3.29437654326027,2.6628647780034482,0.3057702235311078,2.0421182229900667,3.2836113330168297,0,1,1,9.077804373271922,0.5371
995,1874694,2.577322323390755,1.885153044193999,0.09895739293782373,1.6912001180318863,2.0791059703561117,2.22356812707463,0.24018284849290378,1.7377524602794687,2.7093837938697916,2.22356812707463,0.23962584969651438,1.7371017897920114,2.710034464357249,0,1,1,5.863687830980236,0.4401
996,1875694,2.572138549679029,2.312085140355699,0.09804541229858733,2.1199196634010873,2.5042506173103103,2.47523505979737,0.2733737376502417,1.9222844828757144,3.028185636719025,2.47523505979737,0.2774791936809268,1.911922348781208,3.0385477708135316,0,1,1,8.009516370302281,1.2167
997,1876694,2.580955121319522,2.4467766182318638,0.09957379179787511,2.2516155725039386,2.641937663959789,2.820912250508505,0.2585309193342337,2.297984107422394,3.3438403935946157,2.820912250508505,0.25411525303555554,2.305030860631682,3.336793640385328,1,1,1,6.512854514562313,0.24
998,1877694,2.572512192669573,2.3453108757764434,0.10635485842419594,2.136859183684163,2.553762567868724,2.6595379779536255,0.29263579523088595,2.067626212062376,3.251449743844875,2.6595379779536255,0.2957497711667028,2.0591340227298778,3.259941933177373,0,1,1,7.732753512291005,0.6261
999,1878694,2.5661261598484146,2.408507209508338,0.10145554052610056,2.209658004045137,2.607356414971539,2.6534155705173523,0.3269339962439217,1.9921291448634395,3.314701996171265,2.6534155705173523,0.3270491344084944,1.989470529827256,3.317360611207449,1,1,1,10.391409749244655,0.6293
1000,1879694,2.561071579686263,2.396679216892645,0.10001185542932381,2.2006595822241435,2.5926988515611464,2.5688926935062124,0.30417729946529815,1.9536360317964512,3.1841493552159736,2.5688926935062124,0.2923326039861294,1.9754259564679035,3.1623594305445213,1,1,1,8.543809204723194,0.3692
1001,1880694,2.5738691047988005,2.326208101788436,0.09583561121989084,2.1383737553610676,2.514042448215805,2.598005666495748,0.285710258288555,2.0201021212941304,3.1759092116973657,2.598005666495748,0.2905904239876738,2.008075742884743,3.187935590106753,0,1,1,9.194090263621334,0.5736
1002,1881694,2.56999099189207,3.0871916635235923,0.08661132887195772,2.917436578281401,3.2569467487657837,3.069109991020261,0.2668109773185677,2.52943384983186,3.608786132208662,3.069109991020261,0.2686924696786977,2.523635278064372,3.61458470397615,0,1,1,9.624132340208673,0.5435
1003,1882694,2.577335874209835,2.8950893627817647,0.10295665440424341,2.6932980281807106,3.0968806973828187,2.8985058442721723,0.2788168167882996,2.3345456006009258,3.462466087943419,2.8985058442721723,0.2721383539558679,2.346035614325367,3.4509760742189775,0,1,1,6.986676967868394,0.4141
1004,1883694,2.5769475290420374,2.1776650005928855,0.10275637658083885,1.9762662033126062,2.379063797873165,2.542939736053107,0.3642822092866848,1.8061094189979987,3.2797700531082152,2.542939736053107,0.36981282834926893,1.7921797812525733,3.2936996908536407,0,1,1,12.952284675073779,0.7077
1005,1884694,2.57364549626652,2.462125301846396,0.11114256356236363,2.2442898801147098,2.6799607235780827,2.5878091663921112,0.25547965006241297,2.0710527979566997,3.1045655348275227,2.5878091663921112,0.24992046549645397,2.080443647955744,3.0951746848284785,1,1,1,5.05641629945244,0.526
1006,1885694,2.5781414709143204,2.606532045855788,0.08108500132886483,2.4476083635648305,2.765455728146746,2.7777544936782657,0.22584586042036686,2.3209381224781,3.2345708648784313,2.7777544936782657,0.22548292266295375,2.3199998246951443,3.235509162661387,1,1,1,7.732968738900087,0.6069
1007,1886694,2.5799219363595673,2.5711915924497672,0.0982174954160512,2.378688838782579,2.7636943461169556,2.7705896761370328,0.36323692964220217,2.035873636727719,3.5053057155463465,2.7705896761370328,0.36459012439949245,2.0304323740318444,3.510746978242221,1,1,1,13.779456593950686,0.9807
1008,1887694,2.5801964810477074,2.5084274604498695,0.10866671133848532,2.295444619908028,2.721410300991711,2.891810733325183,0.3076520323602548,2.26952576093924,3.5140957057111257,2.891810733325183,0.31357048244632296,2.2552288108456175,3.528392655804748,1,1,1,8.32678403003547,0.5856
1009,1888694,2.572321454389134,1.9389414113734813,0.09089820269947452,1.7607842078230898,2.117098614923873,1.9895336783440734,0.27436524069652224,1.4345775972135175,2.5444897594746294,1.9895336783440734,0.2798006944766026,1.4215080701571705,2.557559286530976,0,0,0,9.475169416136259,0.6483
1010,1889694,2.5797635089932913,2.269588093359031,0.10226771733402902,2.0691470506032115,2.4700291361148503,2.2530497443821202,0.2994625722935941,1.6473295185130157,2.858769970251225,2.2530497443821202,0.29483981356582045,1.6544931012982953,2.851606387465945,0,1,1,8.311800888860054,0.5111
1011,1890694,2.579922065632613,2.015822706278734,0.08880842488807159,1.8417613919743832,2.189884020583085,2.5618992694060077,0.2513701345526597,2.053455180677924,3.070343358134091,2.5618992694060077,0.2223900024987097,2.1104235621697636,3.0133749766422517,0,1,1,6.270788952150276,0.6165
1012,1891694,2.5727198585215665,2.6893211952482483,0.08813930066753277,2.516571340317337,2.8620710501791597,2.6764490037536355,0.26556511264488636,2.1392928617282845,3.2136051457789865,2.6764490037536355,0.24792085524535742,2.17314290994143,3.179755097565841,1,1,1,7.912011724814302,0.4803
1013,1892694,2.5754838835426557,2.59336568968807,0.09139058861679601,2.4142434274732336,2.7724879519029066,2.736070095731869,0.2717371307099011,2.1864298688081094,3.2857103226556283,2.736070095731869,0.2784577742589511,2.170770760525828,3.3013694309379096,1,1,1,9.283585594317907,0.508
1014,1893694,2.5726061017639825,2.3993852956674724,0.10010740660973957,2.2031783841266757,2.595592207208269,2.7226221104268196,0.2898859604446284,2.136272410389334,3.308971810464305,2.7226221104268196,0.2946147796018161,2.1245223105774453,3.320721910276194,1,1,1,8.661171502949385,0.367
1015,1894694,2.5740210256837552,2.22797931055622,0.10724414660083265,2.017784645665854,2.4381739754465857,2.395034853374238,0.31458919434134597,1.7587181464383175,3.031351560310158,2.395034853374238,0.3178045813520149,1.7498572531372316,3.040212453611244,0,1,1,8.781589092676514,0.6442
1016,1895694,2.57399235632483,2.457621335951888,0.092142472023164,2.277025409339997,2.638217262563779,2.3650100757418544,0.2638748037466301,1.8312729061770636,2.8987472453066454,2.3650100757418544,0.26995319431843506,1.816975955699494,2.913044195784215,1,1,1,8.583357920080166,0.6917
1017,1896694,2.577016484711606,2.4046704131206855,0.10710372391187288,2.1947509716432934,2.6145898545980777,2.653898373199279,0.3246602317978133,1.997211070244812,3.310585676153746,2.653898373199279,0.33154471968488514,1.9808268091974561,3.3269699372011017,1,1,1,9.582417497585087,0.2524
1018,1897694,2.567342351054802,2.826415216983395,0.1100103291307655,2.610798933959697,3.042031500007093,2.8013309016853043,0.30606372554923195,2.18225858306425,3.420403220306359,2.8013309016853043,0.3003670038184346,2.191553465848699,3.4111083375219096,0,1,1,7.4548260971331395,0.8998
1019,1898694,2.5770369765466024,2.44774464177332,0.08962075887312912,2.2720911821148384,2.6233981014318015,2.68206770118072,0.2621933194980768,2.151731654537663,3.2124037478237772,2.68206770118072,0.26086045650996526,2.152492820252836,3.2116425821086043,1,1,1,8.472259820092404,0.4064
1020,1899694,2.5761325835347777,2.2277239644898112,0.09597351458905382,2.0396193324255365,2.415828596554086,2.545277288063476,0.252278921519577,2.0349950041891613,3.055559571937791,2.545277288063476,0.24900359139452272,2.039773123010647,3.0507814531163056,0,1,1,6.731446891466407,0.4828
1021,1900694,2.5738006099118858,2.7078030956298105,0.10505212079947247,2.5019047223632933,2.9137014688963276,2.9001275500314416,0.33105489658744275,2.2305058166703127,3.5697492833925706,2.9001275500314416,0.33182781028790687,2.226481281552011,3.573773818510872,1,1,1,9.977366225149787,0.5101
1022,1901694,2.5687884570722535,2.2911552502659456,0.10497369208528547,2.0854105944545887,2.4968999060773025,2.434699060940101,0.29934303989751554,1.8292206121631946,3.0401775097170076,2.434699060940101,0.30304174327196576,1.8194916153328786,3.0499065065473236,0,1,1,8.333817135693335,0.6291
1023,1902694,2.5687773559840976,2.0472471569053203,0.10495848481972968,1.8415323067867562,2.2529620070238847,2.2958925496257185,0.28710301116009496,1.7151718958369817,2.8766132034144554,2.2958925496257185,0.2875063320154599,1.712223665578958,2.879561433672479,0,1,1,7.503428055519898,0.4784
1024,1903694,2.5739183898410674,2.29790130985224,0.10466567416396687,2.0927603580732606,2.503042261631219,2.5759611526553647,0.260634549972989,2.0487780149771324,3.103144290333597,2.5759611526553647,0.2569053219312788,2.054415621792969,3.0975066835177603,0,1,1,6.024730875190468,0.7179
1025,1904694,2.579450013008387,2.2993390458476957,0.10616472499829373,2.0912600084224406,2.5074180832729507,2.2037501398981383,0.2759912382360667,1.6455051683083437,2.761995111487933,2.2037501398981383,0.27456214025628584,1.64635936216647,2.7611409176298065,0,1,1,6.68837823439964,0.5244
1026,1905694,2.5776944922887584,2.526415094181387,0.09218794416194714,2.3457300438151814,2.707100144547593,2.8540798659547546,0.27048648463966246,2.3069693094814467,3.4011904224280625,2.8540798659547546,0.27234044006958025,2.3011993793863126,3.4069603525231966,1,1,1,8.727221719880937,0.5617
1027,1906694,2.574776782122849,2.3752211645355272,0.09666754586868964,2.185756256159022,2.5646860729120324,2.702616148408043,0.26136718342697457,2.173951119694719,3.231281177121367,2.702616148408043,0.25450236788832326,2.1859488735994725,3.2192834232166136,0,1,1,6.931420850549135,0.646
1028,1907694,2.5783931928245374,2.1434368221918665,0.10605881015577596,1.9355653740433747,2.3513082703403585,2.2830602628327217,0.2408162828802898,1.7959633540537556,2.7701571716116877,2.2830602628327217,0.2437488096929935,1.7882238717733916,2.7778966538920518,0,1,1,5.281916191879451,0.5877
1029,1908694,2.5765291511912833,2.3965881283591823,0.0884356528402322,2.22325743384304,2.5699188228753247,2.538487511530332,0.22661711616684732,2.080111128334734,2.9968638947259296,2.538487511530332,0.22544200225072764,2.080815915400498,2.9961591076601657,0,1,1,6.498526489340715,0.6494
1030,1909694,2.5745656376152266,2.249799107666508,0.09997383039478801,2.053854000696208,2.4457442146368082,2.3779998884191182,0.2619136101979947,1.8482296072375868,2.9077701696006497,2.3779998884191182,0.26726873335029405,1.8354155138712596,2.920584262966977,0,1,1,7.146997775410846,0.3784
1031,1910694,2.5802537560167687,2.3859775969796404,0.09478295037941026,2.200206427887549,2.5717487660717318,2.425624405502436,0.25566007768001614,1.9085030877631746,2.9427457232416976,2.425624405502436,0.2588252518575874,1.9001812096749562,2.9510676013299157,0,1,1,7.456805996493001,0.3975
1032,1911694,2.5781901557277402,2.16772009879081,0.09560787069853917,1.9803321155831108,2.355108081998509,2.35785266525864,0.19235236957013024,1.9687832738815823,2.7469220566356976,2.35785266525864,0.19569370572535882,1.9605733217568997,2.7551320087603806,0,1,1,4.189540783498562,0.8571
1033,1912694,2.567683330277399,2.345132901679814,0.09646079449553395,2.156073218548448,2.53419258481118,2.510617408424674,0.2823785705011036,1.9394528378591316,3.0817819789902163,2.510617408424674,0.2833276179635731,1.93543176490454,3.085803051944808,0,1,1,8.627324856438785,0.5602
1034,1913694,2.5822871527150766,2.102842388124269,0.1036446959668021,1.899702516840733,2.3059822594078048,2.388051274781997,0.34047730928547376,1.6993709128117214,3.076731636752273,2.388051274781997,0.33637117391283544,1.705181487786675,3.070921061777319,0,1,1,10.532788848071565,0.3196
1035,1914694,2.572140068284092,2.420079964470352,0.09704659016721955,2.2298721429201827,2.610287786020521,2.5693216349628125,0.2606826660720446,2.042041173287913,3.096602096637712,2.5693216349628125,0.2656737222597464,2.029975305075522,3.108667964850103,1,1,1,7.494396045242184,0.6169
1036,1915694,2.5749764222729654,2.4342729392562106,0.0973215780948266,2.243526151271748,2.625019727240673,2.504240235098335,0.270826303042371,1.9564423310274068,3.052038139169263,2.504240235098335,0.26642746874449746,1.9633637184964603,3.0451167517002093,1,1,1,7.4944490653179106,0.757
1037,1916694,2.5733934096068545,2.5295388603804256,0.0914965069306542,2.350209002085124,2.708868718675727,2.655005901914555,0.25565626257735585,2.1378923009488036,3.1721195028803066,2.655005901914555,0.25699676236917407,2.1332747370942258,3.1767370667348844,1,1,1,7.889441781263061,0.3448
1038,1917694,2.5750958080992303,2.133322476428594,0.09709507412561685,1.9430196280661383,2.32362532479105,2.3199509025954916,0.27270849204498615,1.7683459119191811,2.871555893271802,2.3199509025954916,0.28009469530937614,1.751328440987063,2.8885733642039204,0,1,1,8.321763561145664,0.7251
1039,1918694,2.5760857380990805,2.5651211462563577,0.09922628039831792,2.3706412103557817,2.7596010821569337,2.629236066170041,0.27451864848939617,2.0739696884897763,3.184502443850306,2.629236066170041,0.25173063000352064,2.11819571841644,3.140276413923642,1,1,1,6.436039518478772,0.3224
1040,1919694,2.5715323950677456,2.248870260425675,0.09817609043180017,2.0564486590363993,2.4412918618149506,2.5965756938934157,0.2669037075837612,2.0567119880395954,3.136439399747236,2.5965756938934157,0.25317739195834243,2.0825982632250404,3.110553124561791,0,1,1,6.6502561930199215,0.3667
1041,1920694,2.574284461919735,2.8048910623017074,0.09654250718218248,2.6156712252474303,2.9941108993559844,2.8313347362046923,0.2628502069725862,2.299670009231459,3.3629994631779256,2.8313347362046923,0.22237951666037056,2.379880316351995,3.28278915605739,0,1,1,5.305818841789607,0.8623
1042,1921694,2.5754947580797722,2.6080373675950184,0.10083900835295266,2.4103965429864975,2.805678192203539,2.6969180688270304,0.26005163685250576,2.1709139842247698,3.222922153429291,2.6969180688270304,0.25784217359422656,2.17347062797609,3.220365509677971,1,1,1,6.538088197260484,0.3085
1043,1922694,2.5760256243939756,2.6945746454903494,0.09361626280009121,2.511090142034934,2.878059148945765,2.579223968083309,0.32507149531161794,1.921704806153727,3.236743130012891,2.579223968083309,0.327845318768858,1.9136625872108897,3.244785348955728,1,1,1,12.264091268820941,0.5706
1044,1923694,2.581498773564754,2.035530746219993,0.08569145450022204,1.867578581616705,2.203482910823281,2.508891927615895,0.3093870617818899,1.883097526972814,3.134686328258976,2.508891927615895,0.3186184639867997,1.8620620577893465,3.1557217974424434,0,1,1,13.825054445233414,0.47
1045,1924694,2.5734767510322696,2.223474909468344,0.09151389892190342,2.0441109634965744,2.402838855440114,2.634566850937328,0.2824103361756031,2.0633380282304064,3.20579567364425,2.634566850937328,0.2911427275799267,2.043515691424889,3.225618010449767,0,1,1,10.121334435294177,0.8483
1046,1925694,2.575385149458093,2.613478779673275,0.09790390445320568,2.421590652999141,2.805366906347409,2.3354660871562007,0.24825676607652017,1.8333193805755332,2.8376127937368683,2.3354660871562007,0.24814751705362015,1.8316998454100095,2.839232328902392,1,1,1,6.424211700447943,0.7542
1047,1926694,2.5769683480716497,2.1372744022486745,0.08637649572937328,1.9679795815083252,2.306569222989024,2.250800704393581,0.2599892113334322,1.7249228873219293,2.776678521465233,2.250800704393581,0.2544819032443145,1.7341749750210615,2.7674264337661008,0,1,1,8.680058388822246,0.4178
1048,1927694,2.577719414425651,2.6866306483999227,0.10418504830332428,2.482431705997841,2.8908295908020043,3.01321612459295,0.3392242211590463,2.3270703725980053,3.699361876587895,3.01321612459295,0.31626546219048557,2.3711631023682864,3.6552691468176137,1,1,1,9.214944837980978,0.713
1049,1928694,2.5794078571998527,2.1949178885740013,0.09125554068322059,2.0160603154451593,2.3737754617028433,2.4131880749573464,0.2678108696046899,1.8714894607207913,2.9548866891939016,2.4131880749573464,0.2717955752746394,1.8614137227289382,2.9649624271857546,0,1,1,8.870871318867515,0.6412
1050,1929694,2.5769114184725246,2.587848856189917,0.10898197999242668,2.3742481004408957,2.801449611938938,2.8657080787344777,0.32547814745987885,2.207366385196995,3.5240497722719604,2.8657080787344777,0.32003843233554746,2.215995519905272,3.5154206375636834,1,1,1,8.6237246427631,0.5688
1051,1930694,2.5766904030059634,2.4489213341419944,0.09237628154045602,2.2678671492969684,2.6299755189870204,2.490141215568233,0.32068431168883854,1.8414959701169809,3.1387864610194853,2.490141215568233,0.30405434544088783,1.8728780782697183,3.1074043528667477,1,1,1,10.833816523381902,0.586
1052,1931694,2.573868349530556,2.419124874794069,0.08890827195103854,2.2448678638423405,2.593381885745797,2.7026133862575317,0.324738556175765,2.0457676572949643,3.359459115220099,2.7026133862575317,0.3283920816204252,2.0359420177852727,3.3692847547297906,1,1,1,13.642721535338348,0.82
1053,1932694,2.584067628366445,2.056956902660258,0.1018308269327265,1.8573721493561828,2.2565416559643334,2.2706083548259235,0.24889926794410097,1.7671620655515938,2.774054644100253,2.2706083548259235,0.25226954145301134,1.758473958666087,2.78274275098576,0,1,1,6.137211561448602,0.423
1054,1933694,2.573443280042553,2.839291087002292,0.10358369344173675,2.63627077847085,3.0423113955337335,2.91164549273423,0.28898324641823603,2.327121704161318,3.4961692813071417,2.91164549273423,0.2950718135849321,2.312617864572252,3.510673120896208,0,1,1,8.114703708681708,0.3014
1055,1934694,2.5726880056805745,2.71971160240702,0.099201192409584,2.5252808380608074,2.9141423667532327,2.9310493723845163,0.34204588884682763,2.239196258778135,3.6229024859908976,2.9310493723845163,0.3278742588405947,2.2654292400430203,3.5966695047260124,1,1,1,10.923979056712197,0.5736
1056,1935694,2.5738396032674427,2.3477644595558456,0.08888186457891381,2.173559206102408,2.521969713009283,2.4566603600805,0.24088769654085432,1.9694190035387433,2.9439017166222565,2.4566603600805,0.240069001198127,1.9692943774210414,2.9440263427399587,0,1,1,7.295345387079793,0.6357
1057,1936694,2.5782642274691963,2.2779038233402606,0.10877401025972624,2.064710680777207,2.4910969659033144,2.7226947529714853,0.342432858448005,2.030058919466472,3.4153305864764985,2.7226947529714853,0.3471010393579506,2.0180421810669755,3.427347324875995,0,1,1,10.182667145091033,0.4593
1058,1937694,2.5680035831570827,2.3203241126843164,0.09769173748301214,2.1288518256304707,2.511796399738162,2.3611062602814816,0.27345045297969484,1.8080005119595137,2.9142120086034495,2.3611062602814816,0.279883630399967,1.79291228321902,2.929300237343943,0,1,1,8.208037455925128,0.281
1059,1938694,2.5666686423853946,2.0124394203760834,0.09399178710663433,1.828218902804524,2.196659937947643,2.0755036648011913,0.2629537891871346,1.5436294230231136,2.607377906579269,2.0755036648011913,0.26513311642545984,1.5372548231041443,2.6137525064982383,0,1,1,7.95697766555823,0.7007
1060,1939694,2.56748047974045,2.1986241195524125,0.1199387048321381,1.9635485777290418,2.4336996613757833,2.125909082548073,0.34106786679125634,1.4360342052730912,2.8157839598230545,2.125909082548073,0.3500042025541306,1.4153627760219936,2.8364553890741524,0,1,1,8.515846184987664,0.482
1061,1940694,2.574446449433112,2.166257715360365,0.08701057362443283,1.995720124782306,2.3367953059384243,2.4970048367664157,0.24419299330966193,2.003077886462365,2.9909317870704664,2.4970048367664157,0.23870414068876042,2.012409668247978,2.9816000052848532,0,1,1,7.526201500176337,0.2267
1062,1941694,2.569912230861325,2.451875967225097,0.08932376208217231,2.276804610580415,2.6269473238697794,2.7576692142123354,0.2282045201710814,2.2960820033509433,3.2192564250737274,2.7576692142123354,0.2301887957902681,2.290361114884113,3.2249773135405575,1,1,1,6.641013294767291,0.6412
1063,1942694,2.5819665816866872,2.278182366832868,0.09756503081110314,2.086958420292565,2.4694063133731707,2.328291136111101,0.28919387401471747,1.7433413130112774,2.913240959210925,2.328291136111101,0.27953806210669396,1.7607986999805652,2.895783572241637,0,1,1,8.209061856122597,0.571
1064,1943694,2.565552607743041,2.244290110421196,0.10541849455092035,2.0376736577969603,2.450906563045432,2.637471235659375,0.266766590154881,2.097884875983929,3.1770575953348206,2.637471235659375,0.26320206192586815,2.1031426430118323,3.1717998283069173,0,1,1,6.233686462321529,0.3151
1065,1944694,2.5675085121287817,2.454271147990415,0.11435291734164064,2.2301435484737135,2.6783987475071163,2.753354941444196,0.372341776086127,2.000222611804426,3.5064872710839654,2.753354941444196,0.34486048222406046,2.0532509423408944,3.453458940547497,1,1,1,9.094783493779264,0.8784
1066,1945694,2.581660833175506,2.5023517858614692,0.1051453005497637,2.296270783640293,2.7084327880826455,2.657281443924067,0.37626328669780745,1.8962171103772234,3.4183457774709107,2.657281443924067,0.37850202661436805,1.8888814788354162,3.425681409012718,1,1,1,12.958558238843846,0.4601
1067,1946694,2.575820453714256,2.388381632731359,0.08724424055351139,2.217386063387928,2.5593772020747902,2.445424661979266,0.26736713588862954,1.9046235839011005,2.9862257400574315,2.445424661979266,0.2692343298749185,1.898849914343026,2.9919994096155063,0,1,1,9.523297208259802,0.7265
1068,1947694,2.57280727655188,2.790095908848491,0.0983278981415319,2.5973767698155656,2.9828150478814166,3.156802829380576,0.24495737236730208,2.6613297764971704,3.652275882263982,3.156802829380576,0.2305721649608396,2.6887164492597297,3.6248892095014225,0,0,0,5.498702751426463,0.6031
1069,1948694,2.5751870820504377,2.5256518999891613,0.09496176768873539,2.3395302554109807,2.711773544567342,2.9744523560266694,0.24420093375314142,2.4805093446596915,3.468395367393647,2.9744523560266694,0.250417582415313,2.466077636592059,3.48282707546128,1,1,1,6.953957887615972,0.241
1070,1949694,2.570083023535211,2.640665478152363,0.1042222645228088,2.436393593300451,2.844937363004275,2.6904147027751386,0.3288716126116986,2.0252090780876086,3.3556203274626686,2.6904147027751386,0.2907832118464257,2.100093399003611,3.2807360065466664,1,1,1,7.784265642638665,0.471
1071,1950694,2.5752103745959016,2.7327035015345493,0.09149303905069026,2.5533804401590796,2.912026562910019,3.0415115603969065,0.29955702922415794,2.435600277352016,3.647422843441797,3.0415115603969065,0.3042657109126001,2.42381932837851,3.659203792415303,1,1,1,11.059358034660308,0.394
1072,1951694,2.5748414110800537,2.526807286523487,0.09583336970707682,2.3389773333805044,2.7146372396664695,2.8361017513392985,0.272033770347184,2.285861514114684,3.386341988563913,2.8361017513392985,0.27370175568170974,2.2804576471538214,3.3917458555247757,1,1,1,8.156834453183682,0.3131
1073,1952694,2.5763636529603606,2.235006848853548,0.09235837310128232,2.053987763904322,2.4160259338027745,2.5214390139230054,0.3782560663965646,1.7563439029738521,3.2865341248721585,2.5214390139230054,0.38467146056587387,1.7405144320565857,3.302363595789425,0,1,1,17.34712007052718,0.3306
1074,1953694,2.579810962404738,2.558507277360084,0.08488347750016596,2.3921387185772427,2.724875836142925,2.7468455574809862,0.2140795755499496,2.3138287438507796,3.179862371111193,2.7468455574809862,0.21554509637619115,2.3092657484321966,3.184425366529776,1,1,1,6.448073325822528,0.4908
1075,1954694,2.5679628427338703,2.4131460420578312,0.09579762829984569,2.2253861407857785,2.600905943329884,2.5824760798738,0.2662573701737098,2.0439197148305706,3.121032444917029,2.5824760798738,0.2685765002852793,2.037236797302924,3.1277153624446754,1,1,1,7.860071676090859,0.4506
1076,1955694,2.571789995354106,2.520398125368073,0.07816689717687933,2.3671938221181437,2.6736024286180022,2.7376822159622494,0.20366211337829515,2.3257367084764744,3.1496277234480243,2.7376822159622494,0.1993267343117596,2.333027432323697,3.142336999600802,1,1,1,6.5025748043185265,0.6169
1077,1956694,2.5667497037511695,2.8454510658576773,0.12793245022918454,2.5947080709545127,3.096194060760842,3.017383680575325,0.395838573112422,2.2167245929405217,3.8180427682101286,3.017383680575325,0.3657668982493897,2.274837400547703,3.7599299606029475,0,1,1,8.174239597599938,0.4498
1078,1957694,2.587287835143146,2.305936329205233,0.09939244679984835,2.1111307131422166,2.500741945268249,2.816361405494878,0.3354250471252397,2.137900208321753,3.4948226026680027,2.816361405494878,0.333802149970351,2.1387070143730584,3.494015796616697,0,1,1,11.279023334598982,0.8582
1079,1958694,2.568118527679868,1.9161222491089784,0.11273727983022469,1.6951612409267243,2.137083257291233,2.3138477996970352,0.36929910622456746,1.5668698507589116,3.0608257486351587,2.3138477996970352,0.377491865317556,1.5474985710658542,3.0801970283282163,0,1,1,11.211922602257781,0.4764
1080,1959694,2.5756762374919124,2.501619582440854,0.09599279017323112,2.3134771709258106,2.6897619939558974,2.6698270081008424,0.2717167844419369,2.120227935388551,3.219426080813134,2.6698270081008424,0.271459922422159,2.1187340673893944,3.2209199488122904,1,1,1,7.99713100999925,1.0104
1081,1960694,2.566139823733751,2.2174596810544416,0.10157191664604542,2.0183823825874883,2.416536979521395,2.3816055366058806,0.2847889669905326,1.8055654789474818,2.9576455942642794,2.3816055366058806,0.28273842119683007,1.807616026113211,2.95559504709855,0,1,1,7.748584294670628,0.3999
1082,1961694,2.572489367683783,2.441300752192012,0.09159843195185914,2.261771124526025,2.6208303798579986,2.722504383111963,0.22824580744057704,2.260833660865449,3.184175105358477,2.722504383111963,0.21307670295767825,2.289935679112137,3.1550730871117887,1,1,1,5.411228308264331,0.3669
1083,1962694,2.57493064331767,2.247322047715359,0.09204390295265548,2.0669193129316543,2.4277247824990633,2.389214888945392,0.2536081374136665,1.8762440121513335,2.9021857657394503,2.389214888945392,0.24069689529014765,1.9005742135116206,2.8778555643791632,0,1,1,6.838343702898194,0.6227
1084,1963694,2.5701714772871256,2.1603465857384463,0.10728912326271621,1.950063768210644,2.3706294032662485,2.569667255570455,0.2318378556738178,2.100730929978231,3.038603581162679,2.569667255570455,0.21412299242472724,2.134974471028328,3.004360040112582,0,1,1,3.9830450227148875,0.5396
1085,1964694,2.573745062394657,3.057290350512179,0.10299241462895863,2.855428927158604,3.259151773865754,3.4720694551555282,0.28401268323141476,2.8975995796080687,4.046539330702988,3.4720694551555282,0.2838704754828916,2.8957817522815157,4.048357158029541,0,0,0,7.596787355136887,0.9291
1086,1965694,2.5842673840291606,2.3372429665465226,0.08877235870138346,2.16325234066914,2.5112335924239053,2.645016052515597,0.27928752646201055,2.080103708661362,3.2099283963698317,2.645016052515597,0.27932201659887973,2.0779622120833374,3.212069892947856,0,1,1,9.900447359376567,0.4159
1087,1966694,2.574410148901785,2.5048672161093273,0.09576146043653976,2.317178202546752,2.6925562296719026,2.6386786877350974,0.22476766300995762,2.1840431766469734,3.0933141988232213,2.6386786877350974,0.22115700950815806,2.1897060893444493,3.0876512861257455,1,1,1,5.333593292769338,0.4793
1088,1967694,2.5802081185675005,2.29226105770596,0.0990125865918998,2.098199953969683,2.486322161442237,2.5895594836619646,0.26767526021822385,2.0481351653000863,3.130983802023843,2.5895594836619646,0.2667519275744524,2.0480242806170077,3.1310946867069216,0,1,1,7.258290072653199,0.3294
1089,1968694,2.568691830169275,2.241637577738842,0.09640021390710621,2.0526966303789567,2.4305785250987273,2.435994141807694,0.2848146144137964,1.859902207339137,3.012086076276251,2.435994141807694,0.29129959794752863,1.844624518518279,3.027363765097109,0,1,1,9.131114218187083,0.566
1090,1969694,2.5698222856000106,2.4940622226131053,0.10021769608415806,2.2976391476745746,2.690485297551636,2.818482300816299,0.2815010323291936,2.2490927187430643,3.3878718828895336,2.818482300816299,0.28143835570504794,2.2471320635857412,3.3898325380468566,1,1,1,7.886380747250591,0.6026
1091,1970694,2.5813992151261727,2.6149104525230538,0.0968228500314615,2.4251411535808662,2.8046797514652413,2.9274772476084636,0.290539833557726,2.3398049643622594,3.515149530854668,2.9274772476084636,0.28829720017565325,2.342202815839494,3.512751679377433,1,1,1,8.865946883410738,0.4693
1092,1971694,2.574922817372499,2.155391340896894,0.0982084131466005,1.9629063881507272,2.3478762936430613,2.4912676802247935,0.31457137569706006,1.8549870148988776,3.1275483455507094,2.4912676802247935,0.30469445064963363,1.8727050602670896,3.109830300182497,0,1,1,9.625686247544817,0.6885
1093,1972694,2.570100108785149,2.250987796272135,0.09241186635796379,2.0698638664663975,2.432111726077873,2.7001442150474113,0.22637716182063783,2.2422531853291146,3.158035244765708,2.7001442150474113,0.2305844432594222,2.232032908655267,3.168255521439556,0,1,1,6.225934170925457,0.3757
1094,1973694,2.572605215944963,2.353683294436874,0.09608742583132435,2.1653554004403146,2.5420111884334338,2.783456287866005,0.2892020802793406,2.1984898660292407,3.3684227097027692,2.783456287866005,0.28872889234527727,2.1973054744009177,3.369607101331092,0,1,1,9.029160475835418,0.7466
1095,1974694,2.5802562944795393,2.299446625232959,0.09926633183391494,2.1048881899610836,2.494005060504834,2.593681748025881,0.2648825247673964,2.057906270302456,3.129457225749306,2.593681748025881,0.2644618097819631,2.0567957312680836,3.1305677647836783,0,1,1,7.097771005052044,0.2744
1096,1975694,2.580642164769424,2.210031910049217,0.08353584782624443,2.0463046568917593,2.373759163206675,2.682998828333782,0.2471723871599077,2.183045485141626,3.182952171525938,2.682998828333782,0.23804901661210912,2.1997336323973418,3.1662640242702222,0,1,1,8.120579342381939,0.3185
1097,1976694,2.578462978149715,2.6771803596694275,0.08985980217920651,2.501058383740289,2.853302335598566,2.823572312912442,0.27077596325851977,2.2758762306652267,3.3712683951596576,2.823572312912442,0.2571794862792368,2.3014701988336133,3.345674426991271,1,1,1,8.191090656078325,0.4729
1098,1977694,2.576536569906224,2.287142600893345,0.11440941107668884,2.062904275690597,2.511380926096093,2.097066629661847,0.4537768707959824,1.1792162733801193,3.0149169859435747,2.097066629661847,0.46654597892569877,1.1499279389514687,3.0442053203722255,0,1,1,16.628971967820224,0.6624
1099,1978694,2.580276251395531,2.413642490923665,0.09188118229064628,2.233558682777039,2.5937262990702914,2.5576796009776315,0.26912703170564134,2.0133187976101854,3.1020404043450776,2.5576796009776315,0.26962007984865277,2.010321739261391,3.105037462693872,1,1,1,8.610954931021876,0.5097
1100,1979694,2.5789087926797993,2.488905545167271,0.10070332313615182,2.291530658696914,2.6862804316376274,2.603756611676778,0.31435731640285786,1.9679089221415942,3.2396043012119615,2.603756611676778,0.32090585797027293,1.9522830851893485,3.2552301381642073,1,1,1,10.154713748993101,0.453
1101,1980694,2.57382158998325,2.0946524749691324,0.08683613102109534,1.9244567856109842,2.2648481643272804,2.1994990013308997,0.1973688343612484,1.800282852170163,2.5987151504916364,2.1994990013308997,0.20081745236648765,1.7918178991506577,2.607180103511142,0,1,1,5.3481302525265235,0.3297
1102,1981694,2.573655710878853,2.5782667666024617,0.09759050457418547,2.386992892403967,2.7695406408009564,2.7893765413978167,0.2622407590079681,2.2589445392888514,3.319808543506782,2.7893765413978167,0.26867974877205986,2.243927653255348,3.3348254295402855,1,1,1,7.5797475301509705,0.3796
1103,1982694,2.5694037805096164,2.103492290980545,0.11736101474004476,1.873468928900983,2.333515653060107,2.297997411922368,0.34503736564802684,1.6000934653527004,2.995901358492035,2.297997411922368,0.3545137789144785,1.5782961786740959,3.01769864517064,0,1,1,9.124698585892602,0.3623
1104,1983694,2.5787044889831208,1.9997662928166686,0.09673081159428804,1.8101773858965347,2.1893551997368026,2.380873957635065,0.2695342299828097,1.8356895180097357,2.9260583972603937,2.380873957635065,0.2602854246141466,1.852466453517879,2.9092814617522507,0,1,1,7.240524632326037,0.58
1105,1984694,2.57689302124171,2.765968161858279,0.09981044942933455,2.570343275696027,2.9615930480205312,2.774353062257425,0.2940899222693213,2.1795000468089523,3.369206077705898,2.774353062257425,0.3008868593495643,2.163520263585529,3.385185860929321,1,1,1,9.087709170499737,0.2375
1106,1985694,2.576150316035146,2.3103598650079666,0.10597627050593207,2.1026501916004654,2.518069538415468,2.2951401400188214,0.25551598960294764,1.778310267924732,2.8119700121129108,2.2951401400188214,0.26244262963858594,1.7623532768786596,2.827927003158983,0,1,1,6.132696855341417,0.448
1107,1986694,2.5745840186366915,2.144655618703282,0.08519443670655111,1.9776775910752649,2.3116336463312996,2.3459768281436246,0.23178107612295148,1.8771553500333815,2.8147983062538677,2.3459768281436246,0.23093301117965098,1.8771578912530902,2.814795765034159,0,1,1,7.347668687083378,0.5057
1108,1987694,2.5751109718801275,2.5125682749223217,0.08057336648794954,2.354647378492794,2.6704891713518495,2.855944118707747,0.20713629534028555,2.4369714149128985,3.274916822502595,2.855944118707747,0.19888658176154977,2.4521828922510145,3.259705345164479,1,1,1,6.092954685401869,0.5351
1109,1988694,2.5741103593589467,2.49715034150268,0.10303513460132832,2.2952051885418396,2.69909549446352,2.4676519887949446,0.29650416656621864,1.867915703328387,3.067388274261502,2.4676519887949446,0.29824612399691536,1.862180167898872,3.073123809691017,1,1,1,8.378744185671222,0.4611
1110,1989694,2.5763740530475125,2.5093143606942654,0.10889028660447488,2.29589332068325,2.7227354007052806,2.8085383064609193,0.3241718308646027,2.152838887639395,3.4642377252824437,2.8085383064609193,0.3223902909879726,2.154051220735301,3.4630253921865375,1,1,1,8.765680291744761,0.6098
1111,1990694,2.5783247266824785,2.596284130312341,0.10138238976244235,2.397578297711352,2.7949899629133306,2.758037140719455,0.3426423400420255,2.064977590696302,3.451096690742608,2.758037140719455,0.3432732214496341,2.061155452298517,3.454918829140393,1,1,1,11.464491672033502,0.5765
1112,1991694,2.57323426890702,2.3998332956609394,0.10611708216297204,2.1918476364770365,2.6078189548448423,2.5893446662667805,0.29753063074962677,1.9875321610167003,3.1911571715168607,2.5893446662667805,0.28931712056469144,2.00199968602984,3.176689646503721,1,1,1,7.433231666163042,0.5667
1113,1992694,2.5657990098048877,2.399280644540763,0.10390562134625544,2.195629368910846,2.60293192017068,2.471668815662373,0.2813248557850719,1.902635584285257,3.040702047039489,2.471668815662373,0.2742162700261607,1.9149801918270273,3.028357439497719,1,1,1,6.964795204538768,0.4045
1114,1993694,2.5785604902191595,2.2986717499890528,0.10335287364996881,2.096103839936395,2.5012396600417106,2.4135467530381325,0.31839273328852996,1.7695366624097368,3.057556843666528,2.4135467530381325,0.3178426473193255,1.7682918747790923,3.0588016312971726,0,1,1,9.45756262835953,0.3549
1115,1994694,2.5811966170635103,2.673538384036783,0.09365011482071725,2.4899875318401365,2.8570892362334295,3.0964847431339484,0.23558052337584393,2.619978157564121,3.572991328703776,3.0964847431339484,0.22843360917637168,2.632739862066156,3.5602296242017406,1,0,0,5.949813800466658,0.2777
1116,1995694,2.57901209174422,2.5729399395028403,0.09198198645766222,2.392658558819371,2.7532213201863094,2.801080672754723,0.25425058152367525,2.286810330092719,3.3153510154167267,2.801080672754723,0.2510868956508719,2.2913471752141215,3.310814170295324,1,1,1,7.451479751670564,0.511
1117,1996694,2.5708124308942626,2.4033258519093255,0.09334817916879998,2.2203667827160856,2.5862849211025654,2.374458896215224,0.23332715239063323,1.9025101836766567,2.8464076087537915,2.374458896215224,0.2321950661096513,1.9030778516054085,2.8458399408250394,1,1,1,6.18720167396677,0.4037
1118,1997694,2.5775626253113417,2.262954446458546,0.0968871139711107,2.0730591925091413,2.4528497004079504,2.6552114447374304,0.24334100192597244,2.1630078096691183,3.1474150798057425,2.6552114447374304,0.239409806598881,2.169183698260161,3.1412391912146997,0,1,1,6.10593016077578,0.9234
1119,1998694,2.5728439937298533,1.7950125246739774,0.08378925391937946,1.6307886047005122,1.9592364446474426,1.9716287143788267,0.2651436523028664,1.435325056360435,2.5079323723972182,1.9716287143788267,0.2717768489662079,1.4198923785776323,2.523365050180021,0,0,0,10.520788046878788,0.5149
1120,1999694,2.5786409286430376,2.3603455872198804,0.09862888391740615,2.1670365269063825,2.5536546475333783,2.595339788644652,0.24952964991991622,2.090618431471686,3.1000611458176177,2.595339788644652,0.24524367467550065,2.0974686603326704,3.0932109169566333,0,1,1,6.182831236608072,0.4787
1121,2000694,2.57765127095342,2.2294239436326473,0.1021634996500678,2.029187163783944,2.4296607234813505,2.613502676565231,0.37669722356942903,1.8515606228482893,3.3754447302821724,2.613502676565231,0.3735062668715197,1.8552446429381706,3.3717607101922913,0,1,1,13.366086370398062,0.7381
1122,2001694,2.5742481340248213,2.534753308425396,0.08352100091576581,2.3710551546777583,2.698451462173034,2.542259325239569,0.20875378029473993,2.12001494931405,2.9645037011650883,2.542259325239569,0.20966534673826925,2.1166160425468514,2.9679026079322868,1,1,1,6.301761067625081,0.3631
1123,2002694,2.5684060016175105,2.716950974246074,0.0942076914504792,2.5323072919364726,2.901594656555675,3.025845340572948,0.23805641346642537,2.544330794597893,3.507359886548003,3.025845340572948,0.2200276274107665,2.5791655097322383,3.4725251714136576,1,1,0,5.454836128793032,0.4688
1124,2003694,2.5752527667661624,2.4184887278753524,0.09067774890271546,2.2407636058268636,2.596213849923841,2.874880687471634,0.21259811555110453,2.444860409529489,3.304900965413779,2.874880687471634,0.2087624746722062,2.4510703325184267,3.2986910424248412,1,1,1,5.300336135304095,0.4433
1125,2004694,2.5725310978357507,2.3994176682799147,0.11962281764792042,2.1649612539607883,2.633874082599041,2.644019773397368,0.3222411894804498,1.9922254453734172,3.295814101421319,2.644019773397368,0.32281855343410265,1.9886632686844894,3.2993762781102465,1,1,1,7.282641282611424,0.6602
1126,2005694,2.572037469879177,2.6157641332249852,0.10840955778710337,2.403285304382349,2.8282429620676215,2.809429741744718,0.2952056687699018,2.212319915980458,3.4065395675089776,2.809429741744718,0.2917721902596235,2.217100705055689,3.401758778433747,1,1,1,7.243569731294573,0.7818
1127,2006694,2.581233215339285,2.9073842611248226,0.08728546054825115,2.7363079020762586,3.0784606201733866,3.0743241807065447,0.2139511282363571,2.6415671762912445,3.507081185121845,3.0743241807065447,0.2158556073458184,2.636114000876506,3.5125343605365833,0,0,0,6.115653262830665,0.5475
1128,2007694,2.5716453874232212,2.2279219395617504,0.10029316021838404,2.031350957638012,2.4244929214854887,2.358932694106378,0.24301820014096817,1.8673819872775654,2.8504834009351905,2.358932694106378,0.2468271234392966,1.857846993905036,2.86001839430772,0,1,1,6.056798584723888,0.5895
1129,2008694,2.577217860696657,2.4117676698275643,0.08841430437846187,2.238478817527617,2.5850565221275117,2.6847155265165394,0.20401866416049036,2.272048827001086,3.0973822260319928,2.6847155265165394,0.20733469702240664,2.263803714289969,3.1056273387431097,1,1,1,5.4991922679337115,0.5209
1130,2009694,2.573028488085173,2.3647385236577985,0.10451592617683018,2.1598910725403644,2.5695859747752325,2.795747858315646,0.2713175917172426,2.2469562291029384,3.344539487528354,2.795747858315646,0.27345695245019735,2.2406007311113236,3.3508949855199686,0,1,1,6.845623219648759,0.6036
1131,2010694,2.573094264861074,2.656978811158787,0.10689790202334644,2.4474627731701366,2.866494849147437,2.914651623172805,0.23982472143545125,2.4295603367249723,3.3997429096206377,2.914651623172805,0.24504900369881563,2.417175697953992,3.4121275483916182,1,1,1,5.254937058497104,0.4032
1132,2011694,2.5703603772760895,2.647981270875231,0.13167822819346278,2.389896686067997,2.906065855682465,2.768271315134109,0.3541055679441492,2.052025198119018,3.4845174321492,2.768271315134109,0.3580535842386249,2.0413838950328245,3.4951587352353934,1,1,1,7.393806873385828,0.425
1133,2012694,2.5753381323964297,2.1078770478424063,0.09195756446440294,1.9276435333861561,2.288110562298656,2.1416100659543833,0.252165862383436,1.6315564657681678,2.651663666140599,2.1416100659543833,0.2573241389666484,1.6192142913079974,2.664005840600769,0,1,1,7.830439455369053,0.2739
1134,2013694,2.584546238749143,2.581740478201545,0.10534382978725933,2.3752703658249987,2.788210590578091,2.6614423836838865,0.26850767880867005,2.1183343397974426,3.2045504275703305,2.6614423836838865,0.272547815355218,2.108140902903948,3.214743864463825,1,1,1,6.6937147971760576,0.7384
1135,2014694,2.5824002489193925,2.4274681754710477,0.10476012439075576,2.2221421046492305,2.632794246292865,2.8027799968998,0.3130754227848283,2.169525181946258,3.436034811853342,2.8027799968998,0.3224014688218326,2.148270218965042,3.457289774834558,1,1,1,9.471134685631617,0.5885
1136,2015694,2.5811106626596585,2.184539748307561,0.09345063369166133,2.0013798719394593,2.3676996246756623,2.423499871438097,0.30339600900575087,1.8098235188467733,3.0371762240294204,2.423499871438097,0.3020029593292406,1.81040126934874,3.036598473527454,0,1,1,10.443784355686438,0.3197
1137,2016694,2.5771463509012427,2.4930228805019627,0.103910300482726,2.2893624339330847,2.696683327070841,2.60207121846871,0.22539301535806913,2.1461708128642374,3.0579716240731822,2.60207121846871,0.22048639405550902,2.154460041825292,3.0496823951121277,1,1,1,4.502423974718786,0.5677
1138,2017694,2.57899613191036,2.1455793139463286,0.08482547633557046,1.979324435357156,2.3118341925355015,2.6048187395338274,0.24202741812774992,2.1152720784868873,3.0943654005807675,2.6048187395338274,0.242757723761973,2.111994359880639,3.0976431191870155,0,1,1,8.190180990058517,0.4375
1139,2018694,2.5725344921105076,2.7770027939732715,0.09921387595673857,2.5825471703314395,2.9714584176151035,2.8980523584881763,0.31146788690448196,2.268049091763444,3.5280556252129087,2.8980523584881763,0.3031657100442526,2.2825932469536947,3.513511470022658,0,1,1,9.337171242062325,0.4583
1140,2019694,2.5703441260249256,2.0683371630149825,0.10495892438984762,1.8626214513548185,2.2740528746751467,2.0602565645345416,0.3515566705427391,1.3491660791493885,2.7713470499196946,2.0602565645345416,0.3596503449047451,1.3301275479454484,2.790385581123635,0,1,1,11.741463148303549,0.5632
1141,2020694,2.5657105290736633,2.2352509765106388,0.0987591261197628,2.0416866461712546,2.428815306850023,2.297137731666433,0.2408042203515612,1.8100652216547988,2.784210241678067,2.297137731666433,0.2407694502062916,1.8083497619221642,2.7859257014107017,0,1,1,5.943582363681649,0.4353
1142,2021694,2.5758719568258623,2.4580425237198913,0.09897685893984577,2.2640514448948923,2.6520336025448903,2.6684892565189844,0.3135271729132291,2.0343206906826006,3.302657822355368,2.6684892565189844,0.3158330549511736,2.0273140676590806,3.309664445378888,1,1,1,10.18234546886236,0.4811
1143,2022694,2.575619817801615,2.0859441950912334,0.0995663383868772,1.8907977577804262,2.281090632402041,2.1155757557526904,0.36873067641861046,1.369747564621754,2.8614039468836268,2.1155757557526904,0.3798268134720724,1.3444863303609722,2.8866651811444086,0,1,1,14.552786840373146,0.2646
1144,2023694,2.5785499645793233,2.2087620890297694,0.0910299078039439,2.030346748218038,2.387177429841501,2.2689036948629298,0.22163574688634496,1.820603082080354,2.7172043076455052,2.2689036948629298,0.21869196568905921,1.8249354014729189,2.7128719882529406,0,1,1,5.771616292150733,0.6214
1145,2024694,2.5834518824416395,2.213461803331819,0.08665934643671921,2.04361260539207,2.383311001271568,2.5082445846581223,0.2527817235523469,1.9969452876775478,3.019543881638697,2.5082445846581223,0.2473957066516302,2.006004599169552,3.0104845701466925,0,1,1,8.149922864188628,0.5797
1146,2025694,2.5742228527397963,1.949534987344222,0.08518027186761705,1.7825847222903621,2.116485252398082,2.0358674350316464,0.22235297395626044,1.586116093567148,2.4856187764961444,2.0358674350316464,0.219323456444182,1.590617147253044,2.481117722810249,0,0,0,6.62967317506124,0.5653
1147,2026694,2.5722209040158663,2.2202170676613857,0.1009110167159951,2.022435109254716,2.4179990260680553,2.3093885845394118,0.23313174963211178,1.8378351113862559,2.7809420576925676,2.3093885845394118,0.23495092438994816,1.8324128501856312,2.786364318893192,0,1,1,5.420971853314245,0.5114
1148,2027694,2.5762227046333512,2.3766874239381144,0.10436497034247007,2.172135840819282,2.5812390070569466,2.718488056791514,0.32181892745356794,2.067547834335213,3.3694282792478147,2.718488056791514,0.32229497566852616,2.0641944714515876,3.3727816421314403,1,1,1,9.536687732925941,0.5915
1149,2028694,2.5818639514104977,2.2901390699348925,0.09446126439868134,2.1049983937793613,2.4752797460904237,2.4216201043858416,0.2646411781459424,1.8863327962822132,2.9569074124894703,2.4216201043858416,0.2601891654420399,1.8934080167771163,2.9498321919945667,0,1,1,7.587014381362417,0.2967
1150,2029694,2.576774707556587,2.550410410187785,0.10282370580313095,2.348879650056706,2.751941170318864,2.604371350431198,0.3251788138461106,1.946635116276346,3.2621075845860497,2.604371350431198,0.3311759140304602,1.9320485017124067,3.276694199149989,1,1,1,10.373635483331192,0.5089
1151,2030694,2.5738348126946984,2.216811207390876,0.104508624703245,2.0119780668987026,2.421644347883049,2.6141596369041724,0.3458489964662854,1.9146140120479913,3.3137052617603535,2.6141596369041724,0.3486732440281902,1.906315319833777,3.322003953974568,0,1,1,11.130969162815385,0.3059
1152,2031694,2.573194981090896,2.4138836870113676,0.11219715451704233,2.193981304990089,2.633786069032646,2.539677931478888,0.3763673571129091,1.778403095648374,3.300952767309402,2.539677931478888,0.38210111578854633,1.7639714269232578,3.315384436034518,1,1,1,11.59826230131889,0.382
1153,2032694,2.5760748722145927,2.847898169912065,0.07916006911742272,2.692747285428215,3.003049054395915,2.7371750874746508,0.2255819237237931,2.280892578634109,3.1934575963151923,2.7371750874746508,0.20676654896975497,2.3174166771141884,3.156933497835113,0,1,1,6.822573593546986,0.4635
1154,2033694,2.5651236210783055,1.8154368955452362,0.10814462052968982,1.6034773341852933,2.027396456905179,1.814415053413615,0.35207318517788627,1.1022798185658833,2.5265502882613466,1.814415053413615,0.35743959168296635,1.08877410446746,2.54005600235977,0,0,0,10.924346545386411,0.4817
1155,2034694,2.573122216843646,2.4184081929759382,0.09848493498866498,2.225381267378386,2.6114351185734903,2.9950913407209008,0.23985505457271847,2.5099386997117414,3.48024398173006,2.9950913407209008,0.2378154217939314,2.5123003674768416,3.47788231396496,1,1,1,5.8309648482891605,0.5827
1156,2035694,2.5719125641559284,2.6815841536958005,0.09827527494979214,2.4889681542234365,2.8742001531681645,2.9095770614643808,0.30164421025573424,2.299444056298448,3.5197100666303136,2.9095770614643808,0.3055739663637373,2.289228929682454,3.5299251932463074,1,1,1,9.66816753975849,0.4566
1157,2036694,2.572701274028213,2.6333521914792715,0.1065661888306345,2.4244862994015333,2.8422180835570097,2.5525952586028815,0.3160364425522661,1.9133512158516937,3.1918393013540696,2.5525952586028815,0.2966203331059511,1.9504239686842326,3.1547665485215304,1,1,1,7.7475246759483385,0.3608
1158,2037694,2.580091641315006,1.8531979958544555,0.10659369842383065,1.6442781859648234,2.0621178057440877,1.9514304665613507,0.3450344362786814,1.2535324452004595,2.649328487922242,1.9514304665613507,0.34316545994932096,1.2547675456165588,2.6480933875061425,0,1,1,10.364397866350282,0.2923
1159,2038694,2.573019910967612,2.66313928655723,0.10519959023387222,2.456951878510469,2.8693266946039913,2.7720952118868603,0.3283533890888727,2.1079377932135,3.4362526305602206,2.7720952118868603,0.33649746767623645,2.088969034921169,3.4552213888525514,1,1,1,10.231410372577683,0.8246
1160,2039694,2.578361019154796,2.473411757695814,0.09138205804027416,2.294306215103728,2.6525173002879003,2.8792742999064616,0.30974856966994324,2.2527486805406935,3.5057999192722296,2.8792742999064616,0.30618421324844824,2.257687301085693,3.50086129872723,1,1,1,11.226482929979271,0.3332
1161,2040694,2.5683309439944093,2.588260310783416,0.10077567377788534,2.390743619661003,2.7857770019058288,2.539448163935874,0.3293271411740734,1.8733211457614112,3.2055751821103367,2.539448163935874,0.33775714929517137,1.8537646973285118,3.225131630543236,1,1,1,11.233049689516347,0.2167
1162,2041694,2.5744027833237495,2.4681923856344,0.10193495349084457,2.2684035480265794,2.667981223242221,2.5234836967206764,0.34796546652263305,1.8196571070989913,3.2273102863423615,2.5234836967206764,0.3409669367196624,1.831284015214857,3.2156833782264957,1,1,1,11.188665172334394,0.4001
1163,2042694,2.581904075741079,2.27170680166034,0.08888158783311459,2.097502090618702,2.445911512701978,2.484655479531473,0.3141173578840621,1.849293151913443,3.1200178071495026,2.484655479531473,0.2928753383335188,1.8900869331915948,3.079224025871351,0,1,1,10.857803997921476,0.6136
1164,2043694,2.5744141931606266,2.0976059162069065,0.10206180403584077,1.8975684560994739,2.297643376314339,2.3778332537331344,0.3229825166351394,1.724539450004616,3.031127057461653,2.3778332537331344,0.3263419145751219,1.7153239456337834,3.0403425618324853,0,1,1,10.22396214942088,0.452
1165,2044694,2.5756255533794046,2.77103623535304,0.08647998454856166,2.6015385802542785,2.940533890451801,2.983987140906694,0.21312667083908166,2.55289775898282,3.4150765228305677,2.983987140906694,0.21488224221239854,2.5477529973510933,3.4202212844622943,0,1,1,6.1740458080286835,0.5492
1166,2045694,2.570587935147489,2.377049257352635,0.09458329435601012,2.1916694068757048,2.5624291078295656,2.7889284171498114,0.2500446708850095,2.2831653317471226,3.2946915025525003,2.7889284171498114,0.25544326942699586,2.270351010667879,3.307505823631744,0,1,1,7.293904205557663,0.4135
1167,2046694,2.5760989982026232,2.58802597296805,0.08699728286001163,2.417514431809584,2.7585375141265165,2.758778698177129,0.2377176105724145,2.2779494457394716,3.2396079506147863,2.758778698177129,0.24140355492579396,2.2687034274144575,3.2488539689398004,1,1,1,7.699737954053447,0.4709
1168,2047694,2.5634093482846008,2.2022708495214003,0.09953710004171759,2.0071817183140737,2.397359980728727,2.2100448487233986,0.2579708959725719,1.6882494598059297,2.7318402376408675,2.2100448487233986,0.25609737514485637,1.6901395370377235,2.7299501604090737,0,1,1,6.619730166793556,0.3748
1169,2048694,2.5740911178826558,2.344168155909683,0.08541265176320773,2.1767624346297345,2.511573877189632,2.4173759128921484,0.22080649618209797,1.9707526179794872,2.8639992078048095,2.4173759128921484,0.2193220933373654,1.9721283923675013,2.8626234334167955,0,1,1,6.593565943203167,0.4032
1170,2049694,2.572869173059408,2.7583895216030543,0.10713215263142559,2.548414360859212,2.9683646823468965,2.9706458164606473,0.2421996178608756,2.480750848577081,3.4605407843442135,2.9706458164606473,0.24138282054326834,2.4806126387323286,3.460678994188966,1,1,1,5.076601252877294,0.5583
1171,2050694,2.5787716508238177,2.7975143981303194,0.09590183934487517,2.609550246963218,2.985478549297421,3.0000958374294004,0.2777573509387265,2.4382785657121744,3.5619131091466265,3.0000958374294004,0.2720493680216209,2.4478062585332125,3.5523854163255884,0,1,1,8.04714022498389,0.4806
1172,2051694,2.5740429546847903,1.9574807095649394,0.09902314322881782,1.7633989152005052,2.1515625039293735,2.0736818502926178,0.30585769991305994,1.4550262578551432,2.6923374427300923,2.0736818502926178,0.311309152135076,1.4416906724063079,2.7056730281789276,0,1,1,9.883490787000307,0.6384
1173,2052694,2.568539479763113,2.68487207573491,0.09479286924411731,2.4990814660252254,2.8706626854445942,2.990778808729982,0.2756710321165663,2.433181515150641,3.5483761023093225,2.990778808729982,0.2767211222516213,2.429005064532633,3.5525525529273305,1,1,1,8.521838171197569,0.4215
1174,2053694,2.5774939093310385,2.2667826943559173,0.10751659860934844,2.0560540333413453,2.4775113553704893,2.51839436221702,0.2576628866685806,1.9972219809220213,3.039566743512019,2.51839436221702,0.26134673988167106,1.9878322735608598,3.0489564508731806,0,1,1,5.908580280148778,0.6688
1175,2054694,2.5776518941495863,2.927685324102016,0.10407207861197834,2.7237077982263176,3.131662849977715,3.0375291464363334,0.31604762803305697,2.3982624789147136,3.6767958139579533,3.0375291464363334,0.29562194878608355,2.4373846844408886,3.6376736084317782,0,1,1,8.068724623741778,0.3566
1176,2055694,2.576595417269439,1.9985966517701352,0.12533242094652255,1.7529496206197375,2.244243682920533,1.9105938320052995,0.4386708270523569,1.0232983332414811,2.797889330769118,1.9105938320052995,0.44243014451488777,1.0124128879286811,2.808774776081918,0,1,1,12.461277334832596,0.5229
1177,2056694,2.5688313875650626,2.6560029729953056,0.11158529032588377,2.4372998227521276,2.8747061232384836,2.4459085197648447,0.23208096103118547,1.9764804671736607,2.9153365723560287,2.4459085197648447,0.23823804030464876,1.9622595853315525,2.929557454198137,1,1,1,4.558356847269392,0.3303
1178,2057694,2.5793049440289684,2.3516203027964893,0.09833753808932658,2.1588822698130734,2.544358335779905,2.4653992610958473,0.29824595243514074,1.8621398811675727,3.068658641024122,2.4653992610958473,0.29185911547128734,1.8728937568454547,3.05790476534624,0,1,1,8.808619715261582,0.4599
1179,2058694,2.5758420538809395,2.3054841479157115,0.08901944877699328,2.1310092343891966,2.4799590614422264,2.6873903542669613,0.24238009800264648,2.197130330839388,3.1776503776945346,2.6873903542669613,0.23775643271396474,2.2047191352218225,3.1700615733121,0,1,1,7.133369992587647,0.3253
1180,2059694,2.5719022319573943,2.227114753354135,0.09156347487795623,2.0476536402940027,2.406575866414267,2.3135440739430844,0.2217675070090254,1.86497695115674,2.7621111967294287,2.3135440739430844,0.22675090746560375,1.8532152589592024,2.773872888926966,0,1,1,6.1327256332910425,0.4052
1181,2060694,2.5787846539526673,2.3229489746879035,0.11542303866297668,2.096723975922295,2.549173973453512,2.818528696960557,0.32918175555572904,2.1526957489562233,3.4843616449648906,2.818528696960557,0.32851461076578625,2.151608581098859,3.4854488128222547,0,1,1,8.100734012675682,0.1616
1182,2061694,2.574700304762369,2.1553956366623748,0.0996278267544631,1.9601286843656311,2.3506625889591186,2.7339695049618595,0.29059403078518975,2.146187597475773,3.321751412447946,2.7339695049618595,0.2868175281784702,2.151698967045581,3.316240042878138,0,1,1,8.288006130254386,0.5606
1183,2062694,2.5685111426691005,2.5261125864991207,0.09424932585629048,2.3413873022536116,2.71083787074463,2.7457557472985643,0.27855883225613914,2.1823173265980285,3.3091941679991,2.7457557472985643,0.2748644233671739,2.1877513022269057,3.303760192370223,1,1,1,8.505122194825352,0.674
1184,2063694,2.5762171480534435,2.380390996605089,0.09286165650866998,2.1983854943033663,2.5623964989068115,2.5880396639299788,0.24163148682933686,2.099293849525297,3.0767854783346604,2.5880396639299788,0.24124354825864333,2.0982892239708626,3.077790103889095,0,1,1,6.748986539856245,0.6412
1185,2064694,2.5740247246187966,2.571313613027994,0.10089473416342247,2.373563567837943,2.769063658218045,2.6968019494127993,0.26255248579509544,2.1657394203619793,3.2278644784636192,2.6968019494127993,0.264343436063283,2.160156244079791,3.2334476547458078,1,1,1,6.864360142564552,0.4569
1186,2065694,2.5763797448970203,1.920712521545695,0.10586298236711539,1.71322488881015,2.12820015428124,1.8824022399115454,0.3334088003401475,1.2080192868031798,2.556785193019911,1.8824022399115454,0.3311039543915147,1.2102254770262917,2.554579002796799,0,0,0,9.782288922212791,0.5148
1187,2066694,2.5739380282999496,2.123830256749616,0.09178122599223003,1.9439423593479137,2.3037181541513183,2.219889061444318,0.23528768769115868,1.7439747919549662,2.6958033309336695,2.219889061444318,0.23793122282709403,1.7368629996047353,2.7029151232839004,0,1,1,6.720400632809809,0.7754
1188,2067694,2.5716521941524184,1.9965868903647077,0.08761723422257657,1.8248602668634473,2.168313513865968,1.9287194835787649,0.29716569871042386,1.3276451230508108,2.529793844106719,1.9287194835787649,0.3061388839051049,1.3072245082173004,2.5502144589402294,0,0,0,12.208376363601987,0.5197
1189,2068694,2.572944149387649,2.4548985230526483,0.09984731361090333,2.2592013844222016,2.650595661683095,2.7683588180464587,0.29675786179406743,2.1681093855460745,3.368608250546843,2.7683588180464587,0.2959495394358094,2.167549311675785,3.3691683244171324,1,1,1,8.78542079120414,0.5098
1190,2069694,2.570516169306716,2.9731193615426004,0.1059417533132386,2.7654773405896256,3.180761382495575,3.1456194117303404,0.32044650741391933,2.497455170826713,3.7937836526339677,3.1456194117303404,0.322505744642155,2.490897942626021,3.8003408808346597,0,1,1,9.267030610443108,0.3855
1191,2070694,2.5754999003390693,2.4183575925032907,0.09805185758496475,2.2261794830195094,2.610535701987072,2.6627193408603427,0.27056182684742824,2.1154563903874912,3.209982291333194,2.6627193408603427,0.25528361510329184,2.144466049886741,3.1809726318339444,1,1,1,6.778509844849363,0.5742
1192,2071694,2.5643688424680415,2.4478964563238477,0.10346008983711416,2.2451184064058256,2.6506745062418697,2.7924295091148474,0.2982786296850365,2.189104033209917,3.395754985019778,2.7924295091148474,0.3058860891031648,2.171447734485022,3.413411283744673,1,1,1,8.741254228920754,0.5239
1193,2072694,2.572396555655708,2.593534992091211,0.09509693686841407,2.4071484207890403,2.7799215633933816,2.852144150439581,0.32560908915622866,2.193537602321837,3.5107506985573247,2.852144150439581,0.3129853224545979,2.2167501658985116,3.48753813498065,1,1,1,10.832155522473347,0.5968
1194,2073694,2.575790004924055,2.5249877877659275,0.10103871993530934,2.326955535648692,2.723020039883163,2.7608700822610963,0.2901442372904659,2.1739979679926797,3.347742196529513,2.7608700822610963,0.29182847126924527,2.1684267890482243,3.3533133754739683,1,1,1,8.342181783275349,0.7312
1195,2074694,2.56520739752953,2.370747239382172,0.09880428470463297,2.17709439984285,2.5644000789214942,2.8781145975946503,0.3493516307691754,2.171484226137804,3.5847449690514965,2.8781145975946503,0.35720049793283426,2.1529590347662335,3.603270160423067,0,1,1,13.06990871690121,0.5396
1196,2075694,2.5703481148270675,2.3020809926301555,0.08500516724995182,2.1354739263204463,2.4686880589398648,2.5016807901076743,0.2831005377247722,1.9290559029942531,3.0743056772210955,2.5016807901076743,0.2767585274178771,1.9398311093857523,3.0635304708295963,0,1,1,10.600134354747198,0.5558
1197,2076694,2.5771311781274524,2.338085597344307,0.08731329713313464,2.166954679591919,2.509216515096695,2.42085302832914,0.2246390140963396,1.9664777342304642,2.875228322427816,2.42085302832914,0.22773381202911694,1.9585288109981565,2.8831772456601237,0,1,1,6.802902629248287,0.5309
1198,2077694,2.5769898719469424,2.83075256613536,0.0898380359162702,2.6546732512976545,3.006831880973065,2.8783370186964237,0.18475724151230355,2.5046302238784484,3.252043813514399,2.8783370186964237,0.1795998841592851,2.513729869951816,3.2429441674410313,0,1,1,3.996608495738909,0.3241
1199,2078694,2.5768323640876325,2.782616148283134,0.11522030922555876,2.556788491913471,3.0084438046527975,3.285726602185754,0.3396724700546281,2.5986741812197995,3.9727790231517086,3.285726602185754,0.3413283438417564,2.5927932252160453,3.978659979155463,1,0,0,8.775798322862064,0.3259
1200,2079694,2.570363198989385,2.1428103644098297,0.10873052890572667,1.9297024437346142,2.3559182850850453,2.3611768884721416,0.2921037917184184,1.7703412012549875,2.9520125756892956,2.3611768884721416,0.28706673980634917,1.7784004240542939,2.9439533528899893,0,1,1,6.97048108356803,0.5967
1201,2080694,2.5749384753005757,2.397548758242866,0.09188437893318256,2.217458684791997,2.5776388316937346,2.3602481588298714,0.2427375064825063,1.8692652085153416,2.8512311091444014,2.3602481588298714,0.2292296227205483,1.8948872843550515,2.8256090333046915,1,1,1,6.223835577578097,0.5059
1202,2081694,2.576937835924261,2.6512253731544897,0.09357738423299863,2.467817070290346,2.8346336760186333,2.9705805843888973,0.3242719306882058,2.3146786945630735,3.626482474214721,2.9705805843888973,0.33153160822947014,2.2975356380566634,3.643625530721131,1,1,1,12.55185976048972,0.7309
1203,2082694,2.577289911328165,2.73445957429622,0.10476606768782107,2.5291218548262053,2.939797293766235,3.0074105561625135,0.26335166077422195,2.4747315431378936,3.5400895691871335,3.0074105561625135,0.2535764420789425,2.4926230106805387,3.5221981016444883,1,1,1,5.858366279166737,0.6001
1204,2083694,2.5793509586839494,1.7970838453024982,0.09633631735126957,1.6082681328907888,1.9858995577142076,1.9727820354896257,0.36304484226844175,1.2384545294670706,2.707109541512181,1.9727820354896257,0.3746633454409378,1.2121750074851811,2.7333890634940703,0,1,1,15.125242013340092,0.4755
1205,2084694,2.5774739620101648,2.467360971223544,0.11029254831557231,2.2511915487618785,2.6835303936852095,2.5597511833783533,0.30862020854291805,1.9355078898187414,3.183994476937965,2.5597511833783533,0.2947716187277015,1.9613329831760593,3.1581693835806472,1,1,1,7.1429726992221,0.9095
1206,2085694,2.5764976232976387,2.435173170137962,0.09234391027943262,2.254182431798676,2.6161639084772483,2.59581179736791,0.2586857187298204,2.0725705429499186,3.119053051785901,2.59581179736791,0.24624532008628927,2.0959072207661906,3.095716373969629,1,1,1,7.110816139986949,0.8164
1207,2086694,2.5749473859839265,2.8434044802117837,0.10926534203600638,2.6292483450627606,3.057560615360807,3.128883334203768,0.3453104162553539,2.430427090649949,3.8273395777575865,3.128883334203768,0.34286165837996274,2.432837163233545,3.8249295051739907,0,1,1,9.846298183715213,0.828
1208,2087694,2.5733174943758677,2.366718844536972,0.10675487428389084,2.157483135766445,2.5759545533074992,2.633393104656418,0.2696261528137097,2.0880227335556834,3.178763475757153,2.633393104656418,0.2744187689703102,2.0762933861090924,3.1904928232037437,1,1,1,6.607728596979789,0.5999
1209,2088694,2.5774576674415077,2.3420538247881737,0.10361756173903948,2.1389671356138007,2.5451405139625467,2.1223422444016427,0.301178816146495,1.5131505876747062,2.731533901128579,2.1223422444016427,0.2997519294631949,1.5138134758900734,2.730871012913212,0,1,1,8.368685314019476,0.6285
1210,2089694,2.5745592770284977,2.2515646832805154,0.08788358070764389,2.0793160302611144,2.4238133362999164,2.145400393456456,0.2748930103293838,1.58937679748164,2.7014239894312717,2.145400393456456,0.2795582314653569,1.5778670113509903,2.7129337755619214,0,1,1,10.118801628481874,1.0421
1211,2090694,2.576859801519973,2.6190860382409706,0.09053015018573708,2.441650204361924,2.7965218721200173,2.713192134028567,0.2599794448269594,2.1873340715808784,3.239050196476256,2.713192134028567,0.2589561847135521,2.187483130372125,3.2389011376850094,1,1,1,8.182124697867247,0.9488
1212,2091694,2.577154545600855,2.4151773560998344,0.08585671459500485,2.2469012876626904,2.5834534245369785,2.790519523964512,0.3083174089638649,2.166888700364042,3.414150347564982,2.790519523964512,0.3109320137655079,2.1592939776723097,3.4217450702567143,1,1,1,13.115424381440468,0.5818
1213,2092694,2.5805279483573593,2.244868457007141,0.10032673877138626,2.0482316623288654,2.4415052516854163,2.5121892404375257,0.33679213056602497,1.8309628560017919,3.1934156248732597,2.5121892404375257,0.33894799010226856,1.8240882384663917,3.2002902424086597,0,1,1,11.41386510183635,0.5249
1214,2093694,2.5776355522165644,2.197924439252251,0.09683691682760427,2.0081275698962457,2.3877213086082563,2.6614143752921233,0.2739795280184189,2.1072384716933104,3.2155902788909363,2.6614143752921233,0.27360190950306923,2.1059729696255096,3.216855780958737,0,1,1,7.9828200780675065,0.7901
1215,2094694,2.570922624237757,2.431791698515639,0.11323469733358515,2.2098557699415187,2.6537276270897596,2.7543465720742466,0.34521502370856405,2.056083278158659,3.4526098659898343,2.7543465720742466,0.343128760671131,2.057758154625069,3.4509349895234243,1,1,1,9.182378618409144,0.8297
1216,2095694,2.5732482638358314,2.202515209673563,0.0976616598752998,2.0111018736475748,2.393928545699551,2.404966091371038,0.313747991634404,1.7703508775123593,3.0395813052297163,2.404966091371038,0.32140998029330714,1.7524691421588088,3.057463040583267,0,1,1,10.831048826185219,0.9945
1217,2096694,2.5741714340264568,2.21883428786926,0.08825277390721338,2.0458620294753658,2.3918065462631546,2.5573883592049027,0.24877236433387978,2.0541987567106874,3.060577961699118,2.5573883592049027,0.2511442835303316,2.047538358075225,3.0672383603345805,0,1,1,8.098225488045992,0.65
1218,2097694,2.57009604637184,2.5444096821532165,0.10252356254576489,2.3434671919967776,2.7453521723096554,2.836669869941458,0.2827005088777815,2.2648541175445978,3.4084856223383184,2.836669869941458,0.24845487279683431,2.3322796628641744,3.3410600770187417,1,1,1,5.872833111875647,0.376
1219,2098694,2.578196544058829,2.2930520482148395,0.09791886519769279,2.1011345990203294,2.4849694974093497,2.4626118582118663,0.28070437851307,1.8948336605789178,3.0303900558448147,2.4626118582118663,0.28083716326346464,1.892482106523371,3.032741609900362,0,1,1,8.22576715277114,0.5593
1220,2099694,2.5776121748506373,2.5266359973125945,0.09349109279957747,2.3433968225501305,2.7098751720750585,2.864204130075338,0.2982381483753272,2.2609605353479876,3.4674477248026885,2.864204130075338,0.2865756732415255,2.282424583784038,3.4459836763666383,1,1,1,9.395895334537578,0.6276
1221,2100694,2.574762408492653,2.324139090968683,0.09907824077832127,2.1299493073915854,2.5183288745457806,2.674932352360294,0.2773927346487203,2.113852586702161,3.2360121180184267,2.674932352360294,0.28435661996099465,2.097657723727009,3.252206980993579,0,1,1,8.237019861690216,0.6298
1222,2101694,2.5730213374936963,2.0622601426840173,0.09074495312282337,1.884403302784508,2.2401169825835265,2.2005533022277715,0.28309177920932316,1.6279461308840222,2.7731604735715205,2.2005533022277715,0.2817891547950146,1.6284909049834493,2.7726156994720936,0,1,1,9.642809511449087,0.4377
1223,2102694,2.573817934772512,1.735896246830075,0.09981951474160447,1.5402535929822652,1.9315389006778847,1.8509381993636806,0.3046464815871956,1.234732527236114,2.4671438714912473,1.8509381993636806,0.3012541266160161,1.2393598085023738,2.4625165902249875,0,0,0,9.10825331932521,0.139
1224,2103694,2.5764683494037404,2.790018161495737,0.0881639815223465,2.617219932978283,2.962816390013191,2.861506887541148,0.23669588284954893,2.3827442744912806,3.3402695005910155,2.861506887541148,0.23734686196846588,2.3796671413136257,3.3433466337686704,0,1,1,7.247439498777549,0.7161
1225,2104694,2.572941176612345,2.019397757526707,0.10144565870025986,1.820567920086255,2.2182275949671584,2.1718669912618975,0.27939520455098865,1.6067368479147994,2.7369971346089956,2.1718669912618975,0.28502570452812326,1.593234048744215,2.7504999337795804,0,1,1,7.8940727207777615,0.4271
1226,2105694,2.5757972503663247,2.1955036016570073,0.09657339079721039,2.006223233829563,2.3847839694844515,2.5768275129626352,0.3825586087679886,1.8030296886257293,3.350625337299541,2.5768275129626352,0.3876977466624419,1.7897592436984193,3.363895782226851,0,1,1,16.116531941316847,0.4726
1227,2106694,2.5787075489212063,2.3940363550615498,0.08960497935789136,2.218413822684628,2.5696588874384716,2.485120526686068,0.26258515906380775,1.9539919097112954,3.0162491436608403,2.485120526686068,0.2584454498107328,1.9604483700050732,3.0097926833670625,0,1,1,8.319045364026149,0.4569
1228,2107694,2.583570709657862,2.1276870877807994,0.09599363130770744,1.9395430276724763,2.3158311478891225,2.151146457775003,0.2578100457028277,1.6296764192376312,2.672616496312375,2.151146457775003,0.2549364231355958,1.6335980039676459,2.66869491158236,0,1,1,7.053082029693553,0.5813
1229,2108694,2.5766768251590704,2.5642209929298527,0.10949738509713347,2.3496100617381583,2.778831924121547,2.7544027371503703,0.28530742263453224,2.1773140039684113,3.3314914703323293,2.7544027371503703,0.29083689589673367,2.1639724489626917,3.344833025338049,1,1,1,7.054910452903572,0.4878
1230,2109694,2.574363153892952,2.4292040172471756,0.10915526961326479,2.215263620082417,2.643144414411934,2.792529617417004,0.3567387765709808,2.070957333221858,3.5141019016121495,2.792529617417004,0.3588361702503065,2.0640534632488667,3.521005771585141,1,1,1,10.806946773984876,0.4439
1231,2110694,2.566774483717434,2.3273785857792557,0.09896325578582574,2.1334141686462123,2.521343002912299,2.354587875966202,0.30187932483669805,1.743979306672185,2.9651964452602186,2.354587875966202,0.2967669341408764,1.7521189701242612,2.9570567818081424,0,1,1,8.99255433915208,0.7877
1232,2111694,2.569901989190917,2.425147821167261,0.10113781720753837,2.22692134196549,2.6233743003690315,2.566729988142429,0.23802928610686525,2.0852703124312404,3.0481896638536172,2.566729988142429,0.21638385068109997,2.1274474173293894,3.0060125589554683,1,1,1,4.577438705026863,0.5987
1233,2112694,2.57212223860863,2.1449404966671715,0.10447874452873336,1.9401659202408927,2.34971507309345,2.3530103129380366,0.269022836787431,1.8088602636855686,2.8971603621905047,2.3530103129380366,0.2694111307160891,1.8060766405124147,2.8999439853636586,0,1,1,6.649288533296475,0.5611
1234,2113694,2.578821529617557,2.4139221089033143,0.10218456107487812,2.2136440494205196,2.614200168386109,2.5619953454171234,0.3136572873329309,1.9275635983254427,3.196427092508804,2.5619953454171234,0.32189662585555046,1.9085104531907362,3.2154802376435105,1,1,1,9.923440755006776,0.7224
1235,2114694,2.580557220452452,2.329334354984749,0.10555109536494513,2.1224580095407037,2.536210700428794,2.728619359978507,0.3677059892519325,1.9848637942754888,3.4723749256815255,2.728619359978507,0.37398830876612543,1.9693827292794588,3.4878559906775557,0,1,1,12.554243928256325,0.6911
1236,2115694,2.5743032535321917,2.260201625741646,0.08868117576578705,2.086389715134037,2.434013536349255,2.292426698150914,0.21337334572238,1.8608383691803914,2.7240150271214363,2.292426698150914,0.21676750658498942,1.8523652644456685,2.732488131856159,0,1,1,5.974828984391453,0.4124
1237,2116694,2.575539774696084,2.715783033281489,0.0864667870300965,2.546311244843605,2.885254821719373,2.7013558243351614,0.29011663390197934,2.114539543189999,3.288172105480324,2.7013558243351614,0.279084490351937,2.134784187819988,3.267927460850335,1,1,1,10.417721924027484,0.4479
1238,2117694,2.570863514529405,2.203262541257104,0.09895101868870727,2.009322108393688,2.3972029741205203,2.215479649225799,0.26952727841840746,1.6703092704666664,2.7606500279849318,2.215479649225799,0.2705470650567864,1.6662399074891558,2.7647193909624423,0,1,1,7.475583810570532,0.8805
1239,2118694,2.5755097334011747,2.4944621646483767,0.08997483073462255,2.318114736893429,2.6708095924033244,2.7044959311789722,0.2488131463892464,2.201223839191666,3.2077680231662784,2.7044959311789722,0.23934889078245822,2.2185918503835786,3.190400011974366,1,1,1,7.076536673725095,0.5725
1240,2119694,2.5757803430522688,2.3625576374455566,0.1067418420826375,2.1533474713201253,2.571767803570988,2.569307445792877,0.2984956187829822,1.9655430680097847,3.1730718235759694,2.569307445792877,0.3031964510169409,1.9537859267660187,3.1848289648197357,0,1,1,8.068240593727518,0.8294
1241,2120694,2.5831283035265433,1.9748950512553858,0.11318888232142987,1.7530489184550408,2.196741184055731,2.2252153815233275,0.3731624245996794,1.4704231335866538,2.980007629460001,2.2252153815233275,0.3768622857263253,1.4601442674117688,2.9902864956348862,0,1,1,11.085564486759923,0.6209
1242,2121694,2.5820793928846104,2.254214528949804,0.09618608983196059,2.065693257065427,2.442735800834181,2.4555388098346413,0.331495117311313,1.7850266460125277,3.126050973656755,2.4555388098346413,0.3345736963780406,1.7763180962335583,3.1347595234357244,0,1,1,12.099266668963358,0.4802
1243,2122694,2.5704472734869475,2.229928580776704,0.1050919145736399,2.02395221314601,2.4359049484073982,2.5960927620170056,0.2820068884671091,2.0256799893267647,3.1665055347072464,2.5960927620170056,0.2836668760996946,2.020218387865008,3.171967136169003,0,1,1,7.285823459272087,0.2498
1244,2123694,2.571647914180126,2.2000258440995815,0.0887804125860587,2.0260194328983,2.374032255300863,2.325403912416817,0.30134175252234846,1.715882685761898,2.9349251390717357,2.325403912416817,0.2894242272110216,1.7378414941279934,2.9129663307056406,0,1,1,10.627606035303582,0.553
1245,2124694,2.5726756154298394,2.258624747267696,0.09034474373375469,2.081552303357036,2.435697191178356,2.261757799894785,0.25575358146123495,1.744447352906263,2.779068246883307,2.261757799894785,0.2531566129077969,1.7478225529416633,2.7756930468479064,0,1,1,7.851864063035013,1.0944
1246,2125694,2.574433587666079,2.8522312385549853,0.09384668594426857,2.668295114035778,3.0361673630741928,3.201139459269626,0.27512660814426526,2.644643367115709,3.757635551423543,3.201139459269626,0.26092090372154075,2.6714418639782815,3.73083705456097,0,0,0,7.730006633438555,0.4149
1247,2126694,2.5748683161183106,2.3912600979254908,0.10036559546800658,2.1945471455212813,2.5879730503297003,2.514716887420743,0.28052407124857,1.9473033956545152,3.082130379186971,2.514716887420743,0.2874258154683464,1.9312114606546331,3.0982223141868532,1,1,1,8.2012832813839,0.7231
1248,2127694,2.576753581574237,2.369742913143744,0.0969980164759418,2.1796302942790753,2.559855532008413,2.3573049632166545,0.23866948422455092,1.8745503645857986,2.8400595618475104,2.3573049632166545,0.2385514866396878,1.8730196988935186,2.84159022753979,0,1,1,6.048372748456093,0.6697
1249,2128694,2.570356304559994,2.4895294028969226,0.11942485108768766,2.2554609959059957,2.7235978098878495,2.9250353255585635,0.28825693080977793,2.341980648971961,3.508090002145166,2.9250353255585635,0.2931912292712325,2.3298254865215706,3.5202451645955564,1,1,1,6.027157380780696,0.5913
1250,2129694,2.5673901725379906,1.937118801777517,0.0838105354363049,1.7728531707973414,2.1013844327576923,2.0945280337161094,0.2572796442221054,1.5741308334377686,2.61492523399445,2.0945280337161094,0.2576222201335679,1.5715271221294982,2.6175289453027206,0,1,1,9.448642269704203,0.5899
1251,2130694,2.5662151523267336,2.562865570163935,0.10096176311244569,2.364984150647877,2.760746989679993,2.707627050618154,0.2740067671226803,2.1533960507304815,3.261858050505827,2.707627050618154,0.2807467597934375,2.137680827730902,3.277573273505406,1,1,1,7.732423872298745,0.8392
1252,2131694,2.581142316740412,2.421374707299495,0.10567516978641073,2.214255180457975,2.6284942341410154,2.606657422852369,0.36616263204186805,1.8660235917645212,3.3472912539402166,2.606657422852369,0.3673253679203623,1.8609472811897674,3.3523675645149704,1,1,1,12.082475856227747,0.6595
1253,2132694,2.566808621515488,2.698460241571129,0.1115056120900466,2.479913257800544,2.9170072253417145,3.0977149720702015,0.343304560948875,2.4033159538317053,3.792113990308698,3.0977149720702015,0.34279638222215386,2.401801318745472,3.793628625394931,1,1,1,9.45102708227252,0.854
1254,2133694,2.5813468177081873,2.28731680098235,0.09873845249456317,2.093792990203787,2.4808406117609128,2.6322031085891373,0.2815351397929,2.0627445376587583,3.2016616795195163,2.6322031085891373,0.28746201006915556,2.048624202876965,3.21578201430131,0,1,1,8.475947995385141,0.6981
1255,2134694,2.580968074451263,2.417364456347184,0.09481146235523036,2.2315374048093575,2.6031915078850107,3.0687750126848505,0.30866354231480353,2.4444440682983153,3.693105957071386,3.0687750126848505,0.300369896998877,2.4589917033796915,3.6785583219900095,1,1,1,10.036704110725182,1.0734
1256,2135694,2.579910125998154,2.084679532443412,0.1074692486750004,1.8740436755948322,2.2953153892919915,2.431031415571257,0.30537251825461886,1.8133571956688794,3.0487056354736346,2.431031415571257,0.3022461119037361,1.817439187512642,3.0446236436298717,0,1,1,7.909572663865764,0.9809
1257,2136694,2.573419471952999,2.370431529983278,0.08721674728294271,2.199489846459979,2.5413732135065774,2.295891531194545,0.2595436702595072,1.7709149060076248,2.820868156381465,2.295891531194545,0.26195579844267186,1.764092987924928,2.8276900744641615,0,1,1,9.021032773088088,0.5432
1258,2137694,2.5721359626109854,2.6068393519769364,0.09697102044124023,2.4167796443680083,2.7968990595858645,2.73161583809718,0.30534216016701643,2.1140030232229456,3.349228652971414,2.73161583809718,0.29325859024847306,2.136269249006236,3.3269624271881235,1,1,1,9.145712677765767,0.5242
1259,2138694,2.577003275640741,2.5721537649328647,0.1085386150694017,2.359421988464981,2.7848855414007483,2.5443893976012393,0.3532440709594742,1.8298858227146897,3.258892972487789,2.5443893976012393,0.35433207781647347,1.8250570371925992,3.263721758009879,1,1,1,10.657427584602281,0.7063
1260,2139694,2.571188536599889,2.424030939486685,0.1000588832713467,2.2279191319415483,2.6201427470318217,2.701066465198035,0.29630544136156217,2.1017321393985187,3.3004007909975517,2.701066465198035,0.2867982845121239,2.118834994001375,3.2832979363946952,1,1,1,8.215647467365665,0.5534
1261,2140694,2.574966249569403,2.684953186820425,0.10686264644231193,2.4755062485008565,2.8944001251399936,2.7181715320163233,0.35070797513722607,2.0087976951217783,3.4275453689108684,2.7181715320163233,0.33621892133922554,2.0356108341777834,3.4007322298548632,1,1,1,9.899025672089195,0.736
1262,2141694,2.571140718933042,2.3534233940869873,0.10529061144673652,2.147057587741183,2.5597892004327916,2.7877558659234674,0.3707899492116607,2.0377624024121497,3.537749329434785,2.7877558659234674,0.3531695455709374,2.0707835714433367,3.504728160403598,0,1,1,11.25089826408032,0.4793
1263,2142694,2.5838019058080395,2.332324517359713,0.08396383453820605,2.1677584256609492,2.496890609058477,2.3850579844538164,0.25644888728534593,1.8663411486882167,2.9037748202194162,2.3850579844538164,0.25559590353251427,1.8661707142641495,2.9039452546434834,0,1,1,9.266660450044013,0.9253
1264,2143694,2.578769605009392,2.0609351829947378,0.08834494270035785,1.8877822770857817,2.234088088903694,2.5764956431284998,0.301662566900261,1.96632550814436,3.1866657781126397,2.5764956431284998,0.3000088723482933,1.9674452528287847,3.185546033428215,0,1,1,11.532004689978766,0.3065
1265,2144694,2.579310329312842,1.9965680597179445,0.10878029903940596,1.7833625913732118,2.2097735280626774,2.2922425270405027,0.34135609181400217,1.601784659629086,2.9827003944519195,2.2922425270405027,0.33099683169564986,1.6202832347894196,2.9642018192915858,0,1,1,9.258639547878152,0.8826
1266,2145694,2.5716547577377864,2.190764785076458,0.08236016452514437,2.029341828846382,2.3521877413065346,2.2580216404608127,0.24479939567193262,1.7628681256047083,2.7531751553169173,2.2580216404608127,0.24015389216410077,1.770483319978294,2.745559960943331,0,1,1,8.502464909559505,0.8537
1267,2146694,2.5755714529702396,2.028164036834672,0.10334404169541957,1.825613437094844,2.2307146365745,2.0170194000892736,0.24824739464211165,1.514891649023892,2.5191471511546553,2.0170194000892736,0.24089320653154583,1.5279801916479352,2.506058608530612,0,0,0,5.433481845002591,0.6386
1268,2147694,2.5773261690266653,2.7463952258689472,0.1046750009024874,2.541235994018374,2.9515544577195203,2.7116028430409105,0.26615592586514497,2.1732516684795047,3.2499540176023163,2.7116028430409105,0.26399411920553045,2.175666288630297,3.247539397451524,1,1,1,6.360665519250811,0.7051
1269,2148694,2.572610623665395,2.3732180724894314,0.08984421429977511,2.1971266482425738,2.549309496736289,2.607798477289853,0.318509025813574,1.9635531628269827,3.252043791752723,2.607798477289853,0.30562333357437055,1.987350124742224,3.228246829837482,0,1,1,11.571583319759744,0.4576
1270,2149694,2.5724334752021014,1.88085847933976,0.09615241665427275,1.6924032056708962,2.069313753008624,2.26303949155218,0.21363553944288038,1.8309208257239105,2.6951581573804493,2.26303949155218,0.2032179699220606,1.850485079650465,2.675593903453895,0,1,1,4.466875098496697,1.0468
1271,2150694,2.574481910768831,2.3392729612420884,0.07987435321875891,2.18272210564489,2.4958238168392866,2.382847061215383,0.24916367065926034,1.8788659669698673,2.8868281554608988,2.382847061215383,0.2510753514581986,1.8731369996318528,2.8925571227989133,0,1,1,9.880830507491362,0.6345
1272,2151694,2.5776842847750276,2.5501167527251565,0.0940578540368366,2.3657667463498315,2.7344667591004814,2.598961359769026,0.2962567874472149,1.999725445800284,3.1981972737377684,2.598961359769026,0.3022008518146719,1.985461014576054,3.2124617049619983,1,1,1,10.322888499415772,0.5219
1273,2152694,2.573970629977839,2.4508501616921112,0.10823525857877112,2.23871295302034,2.6629873703638824,2.44201537507764,0.2920282834597931,1.8513324177295953,3.032698332425685,2.44201537507764,0.29885585118066205,1.8353057421917736,3.0487250079635064,1,1,1,7.624054781572429,0.6584
1274,2153694,2.575694644325166,2.6049955618523497,0.09794334098862245,2.413030140989124,2.7969609827155755,2.8962032957585726,0.27556488690135894,2.338820701142237,3.4535858903749084,2.8962032957585726,0.2773107817727827,2.333232479092346,3.459174112424799,1,1,1,8.016479413686877,0.34
1275,2154694,2.574552248424535,2.1231874110844045,0.09664181320525933,1.9337729378014488,2.31260188436736,2.190110164482297,0.28412983768386296,1.6154033216876287,2.764817007276965,2.190110164482297,0.26506898143196944,1.6519915237440128,2.728228805220581,0,1,1,7.522941405558743,0.5535
1276,2155694,2.573225444527632,2.4532811235969993,0.08006025473621226,2.296365907720921,2.610196339473078,2.4170036251117786,0.20314767238358236,2.006098672754904,2.827908577468653,2.4170036251117786,0.20091848147491834,2.0091174229375275,2.8248898272860297,1,1,1,6.298046155426836,0.9437
1277,2156694,2.576358921688347,2.1385089824293244,0.0960162310671484,1.9503206276064378,2.3266973372522113,2.523539972538254,0.264088030913847,1.9893715103184282,3.0577084347580796,2.523539972538254,0.24380386522512398,2.028591812806652,3.018488132269856,0,1,1,6.44750761867876,0.4587
1278,2157694,2.5712084287385837,2.5357417546701697,0.09773668785284885,2.3441813665103526,2.727302142829987,2.7981849698660692,0.25966515504906895,2.2729626184983798,3.3234073212337587,2.7981849698660692,0.25801995288355667,2.274376617870381,3.3219933218617577,1,1,1,6.969335126615659,0.7051
1279,2158694,2.5729505483194863,2.2514163705901873,0.09476160149768259,2.0656870445373925,2.437145696642982,2.4218997715904442,0.28295309321325557,1.849573119151677,2.994226424029211,2.4218997715904442,0.29231395956192713,1.828470884745526,3.0153286584353625,0,1,1,9.515559470689302,0.6618
1280,2159694,2.574854800191779,2.7442066871183926,0.10428948686541702,2.539803048896012,2.948610325340773,3.200383160592447,0.2997926332064709,2.593995323511807,3.8067709976730866,3.200383160592447,0.2908505073177778,2.609925239750992,3.7908410814339017,1,0,0,7.777832570909875,0.6678
1281,2160694,2.573645509310463,2.172244660808975,0.09837971133438071,1.979423969784142,2.3650653518338083,2.499353334009683,0.22157476026596848,2.051176078310387,2.9475305897089794,2.499353334009683,0.20673174549075768,2.079665578467864,2.919041089551502,0,1,1,4.415737570896491,0.6992
1282,2161694,2.5809567038143677,2.388066719570656,0.10187356329568951,2.188398204534343,2.5877352346069693,2.4905267465678698,0.24604373804360882,1.992856311695159,2.9881971814405803,2.4905267465678698,0.24704954972702808,1.9889894969963529,2.992063996139387,1,1,1,5.880918208915208,0.9681
1283,2162694,2.576737351876917,2.4421164809783193,0.0857500318016857,2.274049506973851,2.6101834549827876,2.4760070833403143,0.2624168639342168,1.9452188753960518,3.006795291284577,2.4760070833403143,0.25870304926267734,1.950811971969614,3.0012021947110146,1,1,1,9.101951473396827,0.4208
1284,2163694,2.5773785957726103,2.386822660993764,0.09413483967724731,2.2023217655359075,2.571323556451621,2.735976476958363,0.3020543179072007,2.125013950769571,3.346939003147155,2.735976476958363,0.30125402078632324,2.1243983009427545,3.3475546529739715,0,1,1,10.241532077146369,0.1986
1285,2164694,2.570885974994283,2.361575934256549,0.08903681156798876,2.187066990285012,2.5360848782280865,2.4854098939849214,0.22055691750478115,2.0392914195967036,2.9315283683731392,2.4854098939849214,0.21430780372334585,2.050341922560239,2.920477865409604,0,1,1,5.79344345219009,0.407
1286,2165694,2.5901597376450223,2.058429570723327,0.09966244772304636,1.8630947625750502,2.2537643788716037,2.165398580588389,0.3272430317584824,1.5034870716052056,2.8273100895715726,2.165398580588389,0.32022532707723755,1.51530660526233,2.8154905559144483,0,1,1,10.324006212945289,0.3711
1287,2166694,2.5755158151625683,1.933927732401004,0.10055596103607686,1.7368416703394804,2.1310137944625276,2.4398522220568206,0.2471361892093369,1.939972096130608,2.9397323479830333,2.4398522220568206,0.24642094147861696,1.9395911150741667,2.9401133290394745,0,1,1,6.005367412638765,0.8513
1288,2167694,2.5797560914839655,2.5166830439062595,0.09452644920188841,2.331414607884103,2.701951479928416,2.6726571415893896,0.2919107748036308,2.0822118679331902,3.263102415245589,2.6726571415893896,0.28833453436715994,2.0873069173822474,3.258007365796532,1,1,1,9.304362770197562,0.4653
1289,2168694,2.5753455360006665,2.6977796241515297,0.1137236540191039,2.4748853580837924,2.920673890219267,2.7817064932264772,0.36042753177772247,2.052672997368417,3.5107399890845374,2.7817064932264772,0.3688594944368313,2.032881909159853,3.5305310772931016,1,1,1,10.5201110076947,0.2816
1290,2169694,2.5737549632280636,1.8137539108598981,0.09671346425342105,1.624199004103091,2.0033088176167055,2.1274106694960593,0.29832234813742997,1.5239967646744343,2.730824574317684,2.1274106694960593,0.29929584949980503,1.5198077925340838,2.7350135464580347,0,1,1,9.57695636730622,0.7248
1291,2170694,2.5777742050417043,3.0297668687896517,0.10346821656292038,2.826972890781737,3.2325608467975666,3.2372319454534093,0.28723751373074863,2.6562392345362897,3.818224656370529,3.2372319454534093,0.29534257403949465,2.637654644345967,3.8368092465608514,0,0,0,8.147759183581856,0.481
1292,2171694,2.5760125768710984,2.2802230621836572,0.09668627393297509,2.0907214474756524,2.469724676891662,2.7516431602477627,0.27066093611809083,2.204179742353051,3.2991065781424744,2.7516431602477627,0.27607910549472525,2.1911727793586584,3.312113541136867,0,1,1,8.153375248638808,0.3876
1293,2172694,2.5769090272690236,2.507922296291511,0.0861606652553099,2.339050495507092,2.67679409707593,2.657897735202481,0.2249934439534312,2.202805539050076,3.112989931354886,2.657897735202481,0.22982225347218516,2.1913337563402377,3.124461714064724,1,1,1,7.114855273964913,0.7949
1294,2173694,2.5739883397578454,2.250454791676762,0.0959532353934833,2.0623899061054405,2.4385196772480833,2.66946953884111,0.26387579057807214,2.1357303732213215,3.203208704460898,2.66946953884111,0.2568109269818962,2.1481156399138426,3.190823437768377,0,1,1,7.1632111136830865,0.5841
1295,2174694,2.5753866694043306,2.2643788961445477,0.0922597999451271,2.083553011031228,2.445204781257867,2.4943463780515063,0.2657711593790186,1.9567734671679227,3.03191928893509,2.4943463780515063,0.2680195257664124,1.9502378138672154,3.038454942235797,0,1,1,8.439327715694928,0.6568
1296,2175694,2.5861827975760594,2.291595383328897,0.10393829271552578,2.0878800729918847,2.4953106936659095,2.300611006705974,0.3206389995113038,1.6520574137847883,2.9491645996271596,2.300611006705974,0.31994831278436586,1.6510814002921124,2.9501406131198356,0,1,1,9.47563865438004,0.5619
1297,2176694,2.5707583818092896,2.5300116655842864,0.11731790304797951,2.3000728008684845,2.759950530300088,2.540616482243867,0.3323389879778912,1.8683974288867806,3.2128355356009535,2.540616482243867,0.3154662952714966,1.9001858551174382,3.181047109370296,1,1,1,7.230650128468201,1.2793
1298,2177694,2.575862238612341,2.4175039645037386,0.10786093925311899,2.206100408228963,2.6289075207785144,2.71430367191794,0.26888803007268847,2.1704262949833417,3.2581810488525385,2.71430367191794,0.27127869877272565,2.163578634773993,3.265028709061887,1,1,1,6.325618437256953,0.4918
1299,2178694,2.57713246190795,2.613842999106032,0.10529854304779628,2.407461647107811,2.8202243511042533,3.0698907848662924,0.28495853165300433,2.4935077503047527,3.646273819427832,3.0698907848662924,0.2834827280015839,2.4943902512282414,3.6453913185043434,1,1,1,7.247838080675443,0.4475
1300,2179694,2.5850539665269103,2.790410783248796,0.08950625844914639,2.6149817402975355,2.9658398262000567,2.891458975166106,0.2966390019978141,2.291449959296361,3.4914679910358513,2.891458975166106,0.2934756366599677,2.295671758434389,3.4872461918978233,0,1,1,10.75071380686826,0.499
1301,2180694,2.5724563804470137,2.376909751490458,0.10082129240983762,2.1793036494923945,2.574515853488521,2.3227827885331154,0.2730955242506184,1.7703949513287105,2.8751706257375202,2.3227827885331154,0.26627798550320825,1.7822097390445224,2.8633558380217083,1,1,1,6.975350013757646,0.6085
1302,2181694,2.5730720182691074,2.7792758948787095,0.09393280362163402,2.5951709828134333,2.9633808069439858,3.2213608776953797,0.2904251318694703,2.6339206005125235,3.808801154878236,3.2213608776953797,0.2919209962793417,2.6287297487259496,3.81399200666481,0,0,0,9.658197792012633,0.4979
1303,2182694,2.5781372387008865,2.195674062504387,0.10744357908574266,1.9850885171262502,2.4062596078825234,2.2479452332788794,0.344181671898302,1.5517720906871126,2.944118375870646,2.2479452332788794,0.3496866952595546,1.5380435008287963,2.9578469657289626,0,1,1,10.59247100534144,0.3818
1304,2183694,2.5779056113098413,2.5881594683862694,0.10933975329564367,2.373857489848313,2.8024614469242257,2.860450807226058,0.253363335723327,2.3479750885882593,3.372926525863857,2.860450807226058,0.25245327306327725,2.3479434160675505,3.372958198384566,1,1,1,5.330965011004376,0.6307
1305,2184694,2.574691783606354,2.680025686654888,0.10499742427899555,2.4742345165985853,2.885816856711191,2.7069039254632377,0.31705340298301604,2.0656028860827353,3.34820496484374,2.7069039254632377,0.2989432040529596,2.1000169568187643,3.313790894107711,1,1,1,8.106251598965722,0.4886
1306,2185694,2.5684633953956797,2.486887513539616,0.0964851508539697,2.2977800928229213,2.6759949342563107,2.466440601610018,0.25431538150867905,1.9520391886067285,2.980842014613308,2.466440601610018,0.2536773105425855,1.9514482822602912,2.981432920959745,1,1,1,6.9126137203308105,0.4763
1307,2186694,2.5706671878604497,1.8670932628721824,0.10029103300716148,1.6705264502058281,2.063660075538537,2.035244137477424,0.333295573299633,1.36109020767581,2.7093980672790385,2.035244137477424,0.3373808179719406,1.350324664073002,2.7201636108818463,0,1,1,11.316615608141737,0.6032
1308,2187694,2.5856176648722444,2.3621352247292493,0.094216851319029,2.1774735894071875,2.546796860051311,2.532146736070427,0.25774890645724197,2.010800363329959,3.0534931088108945,2.532146736070427,0.2565152858552796,2.011393020538221,3.052900451602633,0,1,1,7.412578874315987,0.5093
1309,2188694,2.5746939517248477,2.1258718016324805,0.09630185250782688,1.9371236390726514,2.3146199641923095,2.2133359136147535,0.285602178974699,1.635650979459916,2.791020847769591,2.2133359136147535,0.2847643523167701,1.6352335442934047,2.7914382829361024,0,1,1,8.743835148807342,0.3752
1310,2189694,2.575741530185507,2.6526031720720136,0.09562336657868967,2.4651848174973106,2.8400215266467166,2.9521772790028877,0.24967338565395947,2.4471651888657875,3.457189369139988,2.9521772790028877,0.25152857821133895,2.4415471181945123,3.462807439811263,1,1,1,6.91905228589288,0.9682
1311,2190694,2.5774740356360715,2.2589754720812296,0.08687453938772,2.0887045037077923,2.429246440454667,2.2308763173586987,0.30970209717125874,1.6044446974940512,2.8573079372233465,2.2308763173586987,0.30887221279332006,1.6038323893507527,2.857920245366645,0,1,1,12.640744374148447,0.6159
1312,2191694,2.575658043978539,1.9892206976511604,0.08890676565436559,1.8149666389866612,2.1634747563156598,2.392746693613893,0.28578430048055253,1.814693383942822,2.9708000032849635,2.392746693613893,0.29420559013538644,1.795477592544474,2.9900157946833117,0,1,1,10.950456345784746,0.2949
1313,2192694,2.571757047918418,2.8170807919853886,0.09272023285389779,2.6353524749535815,2.9988091090171958,3.1250745590601094,0.22116155322006925,2.6777330935006485,3.5724160246195704,3.1250745590601094,0.22015354342800011,2.6781391051145205,3.5720100130056984,0,0,0,5.637704811611768,0.5378
1314,2193694,2.5709156074288413,2.33653077037238,0.09349220091488014,2.153289423743832,2.5197721170009277,2.559821241527355,0.2751083948571709,2.003361989223867,3.1162804938308426,2.559821241527355,0.28124769368403557,1.9888580687772706,3.1307844142774393,0,1,1,9.04955392299172,0.4658
1315,2194694,2.577329213329167,2.6678728571798915,0.1010954377664991,2.469729440156243,2.86601627420354,2.8457795484840878,0.31770783562360067,2.203154794143699,3.4884043028244767,2.8457795484840878,0.30809443101006234,2.220314601440782,3.4712444955273933,1,1,1,9.28762308045773,0.4194
1316,2195694,2.574759062641437,2.008735366846595,0.10921623863028887,1.7946754726042966,2.2227952610888932,2.467453370742349,0.2883872610602552,1.8841350763415001,3.0507716651431984,2.467453370742349,0.29500670320346745,1.8685579236819942,3.0663488178027043,0,1,1,7.2960758023089065,0.5189
1317,2196694,2.5689016500751145,1.9270542348014132,0.1082248563379462,1.7149374141470173,2.139171055455809,2.4102799351880617,0.32596481081453477,1.7509538721020017,3.0696059982741217,2.4102799351880617,0.3268296057871873,1.7467805612925589,3.0737793090835646,0,1,1,9.119872027872663,0.3231
1318,2197694,2.5756202606241305,2.270006925372763,0.0949431530061523,2.0839217649020285,2.456092085843497,2.310141362351739,0.3012691010336868,1.7007670872032632,2.919515637500215,2.310141362351739,0.2998274097729664,1.7014593606648758,2.9188233640386025,0,1,1,9.97275994391037,0.8662
1319,2198694,2.5794935252260918,2.4343867995350723,0.08104269433871412,2.2755460374211047,2.59322756164904,2.5063647303514225,0.22888945199753558,2.0433921141038174,2.9693373465990276,2.5063647303514225,0.2257893566671355,2.0479879672669266,2.9647414934359184,1,1,1,7.7620992240545705,0.8411
1320,2199694,2.5840510123379388,2.290354166182886,0.07764586381973945,2.138171069547695,2.442537262818077,2.4218822955454025,0.16379904173310258,2.0905674611211333,2.7531971299696716,2.4218822955454025,0.1641210589009774,2.0886988326776867,2.755065758413118,0,1,1,4.467781946694902,0.6579
1321,2200694,2.573294636551862,2.5237312912308383,0.11845238187301664,2.2915688888767405,2.755893693584936,2.5790123771674835,0.39015320561923517,1.7898530307382214,3.3681717235967454,2.5790123771674835,0.4015343234085268,1.763854363751196,3.394170390583771,1,1,1,11.490998125937395,0.3314
1322,2201694,2.576148615737608,2.2184752927976663,0.0912966482488305,2.039537150320737,2.3974134352745957,2.479436946477188,0.3097464328566409,1.8529156492242844,3.1059582437300914,2.479436946477188,0.31142271626076334,1.8472152211589554,3.1116586717954204,0,1,1,11.635656969116862,1.2642
1323,2202694,2.5689086069965583,2.353038260952656,0.11104983053935022,2.1353845926062536,2.5706919292990587,2.349066571944801,0.35505288365371657,1.6309043280455602,3.0672288158440417,2.349066571944801,0.35790244739674604,1.6224859759444656,3.075647167945136,1,1,1,10.387081423711034,0.1965
1324,2203694,2.5697525899642413,2.523459935987086,0.1166547838554597,2.2948207610060805,2.7520991109680915,2.127159299541861,0.30575679853377286,1.5087077994080895,2.7456107996756325,2.127159299541861,0.31017304516094846,1.497474541431068,2.756844057652654,1,1,1,7.069732815886957,0.5289
1325,2204694,2.569721691317792,2.6498572877156255,0.09133928129018358,2.4708355860130924,2.8288789894181585,2.8080723181131066,0.29395438384700495,2.213493455000769,3.402651181225444,2.8080723181131066,0.2958257675057648,2.207514082118911,3.4086305541073023,1,1,1,10.489549092997642,0.2059
1326,2205694,2.571766954571979,2.5214441365625393,0.1200771721392728,2.286097203804148,2.7567910693209305,2.88358730127991,0.29959817521825355,2.2775927926063657,3.489581809953454,2.88358730127991,0.292359055576214,2.290066864658855,3.4771077379009645,1,1,1,5.928054632971818,0.7968
1327,2206694,2.5761751781202618,2.3576190872429628,0.08506353087039834,2.1908976303391707,2.524340544146755,2.372050398799335,0.25025167377473706,1.865868610531173,2.878232187067497,2.372050398799335,0.2535483912064879,1.8573197996159245,2.8867809979827457,0,1,1,8.884539183061383,0.6258
1328,2207694,2.5846081021891267,2.600971248907349,0.10721155813921791,2.3908404562280596,2.811102041586638,2.6445774252594956,0.302447921621996,2.032818760410694,3.256336090108297,2.6445774252594956,0.2894336417821405,2.0569958943752025,3.2321589561437887,1,1,1,7.288108050218431,0.6769
1329,2208694,2.5709871826812756,2.8990356955053405,0.12550585182089505,2.6530487460873653,3.1450226449233156,3.214526295571514,0.36390586865373253,2.4784571992975195,3.950595391845509,3.214526295571514,0.36930450756501004,2.4647982868251987,3.9642543043178295,0,1,1,8.658472175769132,0.3141
1330,2209694,2.576983262098051,2.2931773183474924,0.08080961171745361,2.1347933897766174,2.4515612469183674,2.553476333814318,0.21837587286546933,2.111769438614231,2.9951832290144047,2.553476333814318,0.21878828611575551,2.109312499562418,2.9976401680662175,0,1,1,7.33030579735226,0.6881
1331,2210694,2.5826386811737296,1.9373239613024495,0.096758542235177,1.7476807033249049,2.126967219279994,2.2116172187362153,0.2472352377714525,1.7115367481827688,2.711697689289662,2.2116172187362153,0.2509590146615497,1.7021433334059095,2.721091104066521,0,1,1,6.727085813216505,0.94
1332,2211694,2.5835265969874848,2.61782662278158,0.09167846283310728,2.438140137470696,2.7975131080924642,2.7583999977442377,0.27360942954013784,2.204972688976963,3.3118273065115122,2.7583999977442377,0.27479154061505556,2.2005435125254875,3.316256482962988,1,1,1,8.984048175876985,0.9956
1333,2212694,2.576868467236385,2.332147487024415,0.10922403132449025,2.1180723193821396,2.5462226546666904,2.3795894660635386,0.26697639847372706,1.839578729006615,2.919600203120462,2.3795894660635386,0.27275301860951406,1.825871400530151,2.933307531596926,0,1,1,6.235951486517014,0.5707
1334,2213694,2.57852181207739,2.3437032213360407,0.09615085321530806,2.15525101195124,2.5321554307208416,2.6996071536847133,0.23985456936875513,2.214455494093205,3.1847588132762215,2.6996071536847133,0.24061481097387483,2.2111331182721923,3.1880811890972343,0,1,1,6.262365747789879,0.5232
1335,2214694,2.575671565762975,2.6991780230533164,0.09425117404264381,2.5144491164291183,2.8839069296775146,3.1023699246591807,0.2762684903113117,2.543564157814227,3.6611756915041345,3.1023699246591807,0.26849146310253164,2.557303276747197,3.6474365725711646,1,1,1,8.114979473090399,0.5699
1336,2215694,2.5850990152285287,2.652459528552311,0.10699386758868566,2.44275540151184,2.8621636555927825,2.9381683629800985,0.27553461537741625,2.3808469983003775,3.4954897276598196,2.9381683629800985,0.2778688620257606,2.3740645831677014,3.5022721427924957,1,1,1,6.744689975496056,0.6233
1337,2216694,2.5723440814078393,2.497161162501401,0.0938016495823011,2.3133133076296444,2.6810090173731576,2.704274574489113,0.3118105890989164,2.0735781271474214,3.3349710218308046,2.704274574489113,0.31753839309014686,2.0596373651529323,3.3489117838252938,1,1,1,11.459654749198789,0.5299
1338,2217694,2.5730734710465293,2.3295617991144697,0.09166650467862095,2.1498987513557,2.509224846873239,2.2835800432581004,0.21839367687251962,1.8418371360546126,2.725322950461588,2.2835800432581004,0.2123267363372591,1.8525338524403105,2.71462623407589,0,1,1,5.365226058717608,0.6094
1339,2218694,2.577210821476377,2.4277624681607795,0.09790486055623766,2.2358724675591377,2.619652468762421,2.5841636850496896,0.2974350625332769,1.9825444847630644,3.185782885336315,2.5841636850496896,0.3000338329435438,1.9750626220476626,3.1932647480517167,1,1,1,9.391434933324284,0.6541
1340,2219694,2.5713775097810796,3.3453019033256366,0.11209353728783132,3.1256026073417895,3.5650011993094837,3.8954490164075084,0.3327989046840947,3.222299693704811,4.568598339110206,3.8954490164075084,0.3237689176478702,3.238163169769535,4.552734863045482,0,0,0,8.342748631406728,0.7495
1341,2220694,2.5769770471456384,2.804255814062147,0.09766593105950953,2.6128341066689362,2.9956775214553577,3.183345533187617,0.27472423704944077,2.627663313393686,3.7390277529815474,3.183345533187617,0.25582101094183896,2.664001270661572,3.7026897957136615,0,0,0,6.860981249907617,0.5676
1342,2221694,2.5716599053426608,2.590501430614987,0.08524983830693302,2.423414817845535,2.757588043384439,2.606833381940145,0.23771863452887096,2.1260020583550605,3.087664705525229,2.606833381940145,0.23397812173393143,2.131832541970967,3.0818342219093227,1,1,1,7.532920304781672,0.8102
1343,2222694,2.5785557019549117,2.7225477941630185,0.09130006225233557,2.543602960362176,2.901492627963861,2.7895933438492504,0.23658423696128267,2.3110565559238387,3.268130131774662,2.7895933438492504,0.2409568617807387,2.3004249083818507,3.27876177931665,1,1,1,6.965245836075943,1.0206
1344,2223694,2.572104687926343,2.267403218310864,0.09431014699182337,2.0825587268302117,2.452247709791516,2.581096345594285,0.22804902113475925,2.119823661221736,3.042369029966834,2.581096345594285,0.23247758708227556,2.1091417529180476,3.053050938270522,0,1,1,6.076385731433071,0.4684
1345,2224694,2.5683704930708133,2.3138060992330125,0.08653508597382607,2.144200447325236,2.483411751140789,2.6066143987957147,0.26880362126816537,2.0629077547835966,3.1503210428078328,2.6066143987957147,0.27566939549485187,2.0469757734256366,3.1662530241657927,0,1,1,10.148284849437806,0.8179
1346,2225694,2.573315935917304,2.2793764232244547,0.083687260396307,2.1153524068828675,2.443400439566042,2.471042344528363,0.228243029057619,2.0093772420918303,2.9327074469648955,2.471042344528363,0.23383303112440562,1.9963360541558979,2.945748634900828,0,1,1,7.807158866599427,0.4905
1347,2226694,2.5792462557942155,2.4615419044773614,0.0881396283164178,2.288791407366436,2.634292401588287,2.744929573842921,0.2450112279611688,2.249347587738808,3.240511559947034,2.744929573842921,0.2460351084019446,2.245451749648201,3.2444073980376413,1,1,1,7.792050137372566,0.9124
1348,2227694,2.5725143759085,2.54785099706103,0.10799428861775064,2.336186080834215,2.7595159132878453,2.5136599347232225,0.2831417333815912,1.9409517215288086,3.0863681479176366,2.5136599347232225,0.28675716196396805,1.9315119467376034,3.0958079227088415,1,1,1,7.050614519773327,0.5118
1349,2228694,2.5765361754541543,2.5978092412831737,0.11174028705372047,2.378802303035714,2.8168161795306332,2.670558379234839,0.3468988149541817,1.9688892960555031,3.3722274624141746,2.670558379234839,0.3434276570072547,1.9733631699639718,3.367753588505706,1,1,1,9.446065843834,0.7208
1350,2229694,2.573518922570492,2.283983963531881,0.08339225490930093,2.1205381473200675,2.4474297797436946,2.4086388063633346,0.2794228196161647,1.8434528062746487,2.9738248064520203,2.4086388063633346,0.24939164467974279,1.9023468512595965,2.9149307614670725,0,1,1,8.943599935526535,0.5873
1351,2230694,2.581051251383336,2.421994172105508,0.09624746065265107,2.233352615622876,2.61063572858814,2.576952424989691,0.2727362912568053,2.0252912051000496,3.1286136448793322,2.576952424989691,0.26814452337845857,2.032590102162173,3.121314747817209,1,1,1,7.761743781120142,0.6218
1352,2231694,2.5726459783499935,2.276264202781998,0.1179867542424317,2.0450144138140534,2.507513991749943,2.2794984841513855,0.37717861368314204,1.516582727022441,3.04241424128033,2.2794984841513855,0.3778291279494755,1.5124645759772422,3.0465323923255285,0,1,1,10.254733152201448,0.5532
1353,2232694,2.5702578770255786,2.866444834309442,0.09400975202406847,2.6821891061467262,3.0507005624721577,2.872372563065466,0.33487901995985603,2.1950158100818564,3.549729316049076,2.872372563065466,0.3343272657731777,2.193652130189079,3.5510929959418536,0,1,1,12.64729879190681,0.3426
1354,2233694,2.575684123044829,2.408261130098285,0.1041004573983371,2.204227982823398,2.612294277373172,2.4633298324468855,0.33689587648495284,1.7818936020829454,3.1447660628108256,2.4633298324468855,0.33873517361373084,1.7756608709163944,3.1509987939773767,1,1,1,10.588033705391654,0.7713
1355,2234694,2.5777721491908747,2.2219139825070258,0.09255886453204583,2.040501941574294,2.4033260234397575,2.441287838146309,0.2923688399479671,1.8499160402818748,3.0326596360107425,2.441287838146309,0.29816017980948606,1.8359904932265234,3.046585183066094,0,1,1,10.37679523236469,0.5554
1356,2235694,2.5767197011301812,2.3639839510429463,0.09883745921719503,2.1702660906537976,2.557701811432095,2.5956941310439725,0.33380681075875157,1.9205061258758165,3.2708821362121285,2.5956941310439725,0.3226329076827797,1.9407145072427006,3.2506737548452445,0,1,1,10.655508482315508,0.2846
1357,2236694,2.571924723510251,2.5576524858641716,0.1065380910671062,2.348841664390995,2.7664633073373484,2.832016571479029,0.30084609071984586,2.223497915451441,3.4405352275066168,2.832016571479029,0.3064842130214751,2.2098205407405653,3.4542126022174924,1,1,1,8.275731581095279,0.9465
1358,2237694,2.578250770276414,2.5485206366606454,0.0943275566279687,2.3636420229201645,2.7333992504011264,2.683168547548764,0.32291677898971094,2.030007710758758,3.33632938433877,2.683168547548764,0.30771942485820686,2.058464903467483,3.307872191630045,1,1,1,10.64223032769374,0.745
1359,2238694,2.571181538561927,1.963561217628317,0.10394244901364497,1.759837761096682,2.167284674159952,2.145496403585122,0.3203488101368713,1.4975297740766922,2.7934630330935515,2.145496403585122,0.31998571978800483,1.4958908569166007,2.7951019502536427,0,1,1,9.477096529182301,0.4434
1360,2239694,2.5722410514208063,2.9578954693039807,0.09174960986868273,2.7780695383657616,3.1377214002422,3.10346605093778,0.23867872116107278,2.6206927688392923,3.5862393330362674,3.10346605093778,0.2259269589881887,2.6448099402903678,3.562122161585192,0,0,0,6.063559742101304,0.7268
1361,2240694,2.5796900864124472,2.3888776371515785,0.09582724335863063,2.2010596914309075,2.5766955828722495,2.6609671927416714,0.23065225478514864,2.194428971301746,3.1275054141815968,2.6609671927416714,0.22906558260165072,2.1959393374127765,3.1259950480705663,0,1,1,5.714019148421702,0.3897
1362,2241694,2.5716128881804794,2.49329535035248,0.11747163121702868,2.263055183961933,2.7235355167430275,2.632635644876317,0.3064741418111284,2.0127331810088886,3.252538108743745,2.632635644876317,0.30335612350080726,2.016789973474038,3.2484813162785957,1,1,1,6.668674702553139,0.2422
1363,2242694,2.5850014856242156,2.6294417054180617,0.09237670775509713,2.4483866852076894,2.810496725628434,2.8823323158618486,0.2569398272944129,2.3626224601976262,3.402042171526071,2.8823323158618486,0.25001541780170655,2.3747740339977823,3.389890597725915,1,1,1,7.325016751099709,0.5093
1364,2243694,2.5754541748491824,2.914166732724774,0.09515440385528018,2.7276675281980456,3.1006659372515024,3.250304989541338,0.27920637021827727,2.6855567996844067,3.8150531793982694,3.250304989541338,0.2762707171800468,2.689445616250717,3.811164362831959,0,0,0,8.429696228171654,0.5062
1365,2244694,2.5749529350603235,2.4480469721978455,0.10783396990263162,2.236696274878711,2.65939766951698,2.8278752721256493,0.3095876869128293,2.201675068851886,3.4540754753994127,2.8278752721256493,0.3158530830281316,2.186659424107926,3.4690911201433727,1,1,1,8.57944219926712,0.3995
1366,2245694,2.57999987999606,2.7132661171027346,0.09321354932931415,2.530570917546131,2.895961316659338,2.8763341521084307,0.27820591695573615,2.313609569981562,3.4390587342352994,2.8763341521084307,0.28004556892179555,2.307811422368916,3.4448568818479455,1,1,1,9.026082952560973,0.4051
1367,2246694,2.5701960755112823,2.2303660164796275,0.10453443850254539,2.0254822818705214,2.4352497510887336,2.6417984470899505,0.30734111345837295,2.020142367543712,3.263454526636189,2.6417984470899505,0.28858831465772206,2.0559330215029044,3.2276638726769966,0,1,1,7.62146925869398,0.4437
1368,2247694,2.58014657317629,2.567237347952843,0.09276365003496717,2.3854239348098294,2.7490507610958566,2.9380878721420474,0.2691727874840258,2.393634518977124,3.4825412253069707,2.9380878721420474,0.27787408941315195,2.373973480169063,3.5022022641150317,1,1,1,8.973057432909664,0.362
1369,2248694,2.572784332962596,2.5568220075902204,0.10095363316223188,2.3589565224837776,2.754687492696663,2.6901677615110033,0.3316662345684867,2.019309480366543,3.361026042655464,2.6901677615110033,0.3350638204832002,2.009952043078209,3.3703834799437975,1,1,1,11.01567631152017,0.4882
1370,2249694,2.5723124099727843,2.3806706023233644,0.10901733122963343,2.167000559422609,2.59434064522412,2.6124689209879928,0.33271593693501234,1.9394874163980198,3.2854504255779657,2.6124689209879928,0.3305816018490252,1.9413525901405886,3.283585251835397,1,1,1,9.195307712595246,0.4586
1371,2250694,2.5726925414205413,1.9868180967089475,0.08146274321495842,1.8271540539257942,2.1464821394921008,2.253433847614057,0.2585167210563876,1.7305344232556257,2.7763332719724882,2.253433847614057,0.2664250824599826,1.712562175427295,2.794305519800819,0,1,1,10.696265059837003,0.9777
1372,2251694,2.5758751582612294,2.231372108935568,0.10144423450524474,2.032545062866053,2.430199155005083,2.56610824757748,0.2823545454550357,1.9949922722544726,3.1372242229004876,2.56610824757748,0.2811252338215118,1.9953936815651976,3.1368228135897627,0,1,1,7.679711770047503,0.4215
1373,2252694,2.5794537657076586,2.6837860137150447,0.09610305024806265,2.4954274964243988,2.8721445310056906,2.916868285527693,0.31419100930359306,2.28135698385213,3.552379587203256,2.916868285527693,0.30831610901018414,2.290953308218821,3.542783262836565,1,1,1,10.292433952340298,0.794
1374,2253694,2.5694482700003394,2.3295546818680135,0.07052602336270701,2.1913262161042772,2.4677831476317498,2.3801930088348544,0.18832801825297207,1.9992636363260505,2.7611223813436583,2.3801930088348544,0.17312854458164414,2.0287233778732157,2.731662639796493,0,1,1,6.026130923208303,0.6538
1375,2254694,2.5722179618932315,2.3680250427814835,0.09192040884764137,2.1878643519959096,2.5481857335670575,2.6242423758048274,0.28845902896128367,2.040778917122218,3.2077058344874367,2.6242423758048274,0.2873993541504788,2.0407906683699126,3.2076940832397423,0,1,1,9.775695850272792,0.7753
1376,2255694,2.5683228579663306,2.2951127655891415,0.09157630405879373,2.1156265077966165,2.4745990233816664,2.3475440479636736,0.2227774353840552,1.896934152223269,2.798153943704078,2.3475440479636736,0.22001070518364038,1.9008985710704165,2.7941895248569306,0,1,1,5.771934612136524,0.4478
1377,2256694,2.582904342792858,2.62807894996945,0.07923487905888853,2.4727814406946416,2.7833764592442587,2.6752821277707937,0.21346371664152694,2.2435110063626773,3.10705324917891,2.6752821277707937,0.20282892263267294,2.263517523855729,3.0870467316858585,1,1,1,6.552800844481001,0.3151
1378,2257694,2.575269407228999,2.7624374377257905,0.10874518002804434,2.5493008013784992,2.975574074073082,2.7398433841455603,0.29666038767795466,2.139791111654776,3.3398956566363447,2.7398433841455603,0.2951222293032154,2.140713406634187,3.3389733616569335,1,1,1,7.3651875857647715,0.3034
1379,2258694,2.5796307520784256,2.7387535769199145,0.09682104790184866,2.5489878100868637,2.9285193437529653,2.726591421250483,0.3226796429981984,2.0739102372773237,3.379272605223642,2.726591421250483,0.3089499008435334,2.0993897781158686,3.3537930643850973,1,1,1,10.18208135798966,0.822
1380,2259694,2.5745128276595675,2.7244414224679776,0.09495099839418472,2.538340885319255,2.9105419596167,2.98232034686326,0.2537648456236519,2.469032497795769,3.495608195930751,2.98232034686326,0.24551424039886505,2.4838999409311633,3.4807407527953567,1,1,1,6.68581420000181,0.4303
1381,2260694,2.5732340755993275,1.938014084445273,0.10275671090220402,1.7366146319071587,2.139413536983387,2.157812504535169,0.32452449469641864,1.5013997557832053,2.814225253287133,2.157812504535169,0.3331638190069029,1.4814539941630933,2.8341710149072448,0,1,1,10.512240158873466,0.8029
1382,2261694,2.5777801348593767,2.2032271117464446,0.10325233532891676,2.000856253182115,2.405597970310774,2.317744976728303,0.25253579422355404,1.8069431187680483,2.8285468346885576,2.317744976728303,0.2554926673230949,1.7990672871858608,2.836422666270745,0,1,1,6.1228992637435145,0.6703
1383,2262694,2.5735829912221377,1.4799193604502674,0.09064934274651404,1.3022499134448726,1.6575888074556622,1.7640650014766734,0.33654705903973514,1.0833343209919257,2.444795681961421,1.7640650014766734,0.3394155848159088,1.0750147317701706,2.4531152711831763,0,0,0,14.019555375287915,0.6145
1384,2263694,2.57608786666044,2.0590840627616083,0.0890565593267796,1.8845364138940657,2.233631711629151,2.3539010273915224,0.269831556740284,1.808115187633566,2.899686867149479,2.3539010273915224,0.26533729245113885,1.8152376863259856,2.892564368457059,0,1,1,8.87697019778897,0.2936
1385,2264694,2.5833314528008344,2.3090470191113313,0.09504222908047032,2.122767673103204,2.4953263651194586,2.331080024788116,0.20674461861226046,1.9128995619546338,2.7492604876215982,2.331080024788116,0.21050694473726028,1.9037282073252473,2.758431842250985,0,1,1,4.905684670284565,0.5248
1386,2265694,2.578029654294288,2.0973345911682957,0.08692481982012504,1.9269650749582172,2.2677041073783744,2.245602414021482,0.29785749865938743,1.6431287560182772,2.8480760720246865,2.245602414021482,0.29947540111027804,1.637635027911555,2.8535698001314085,0,1,1,11.86956251813253,0.7858
1387,2266694,2.577739874468299,2.6457256399740268,0.09353336741265955,2.462403608492462,2.8290476714555917,2.7012006346048896,0.32044771475723444,2.0530339516189016,3.3493673175908776,2.7012006346048896,0.29722178262062615,2.0978083372580567,3.3045929319517224,1,1,1,10.097831715929146,0.5088
1388,2267694,2.5727999530450254,2.1229141549277997,0.10276507272497805,1.9214983135182033,2.3243299963373962,2.4738518419699367,0.2663653090413131,1.935077149959287,3.0126265339805864,2.4738518419699367,0.25964492108986753,1.9467446291354622,3.000959054804411,0,1,1,6.383643062904358,0.3841
1389,2268694,2.5815647916095785,2.713631591369668,0.09725587830404119,2.523013572608937,2.9042496101303987,3.096506339661284,0.27144151814024675,2.5474640455980135,3.645548633724555,3.096506339661284,0.27493927077038177,2.5383499462829646,3.6546627330396038,1,1,1,7.991748944634615,0.6905
1390,2269694,2.5728257171587536,2.561374288594333,0.09728012284503673,2.370708751406429,2.752039825782237,2.7570054247386646,0.21467301482028447,2.3227882668847584,3.191222582592571,2.7570054247386646,0.2157866178495476,2.318935301031971,3.195075548445358,1,1,1,4.920404369915824,0.4072
1391,2270694,2.5796437161565087,2.991354438526196,0.1124674777940218,2.770922232617855,3.2117866444345373,2.998166190126309,0.2819304325286453,2.4279080641685815,3.568424316084036,2.998166190126309,0.27859355440426486,2.4325912065707676,3.56374117368185,0,1,1,6.136040495363774,0.5854
1392,2271694,2.575905788162739,2.207519469488793,0.10139568825750454,2.0087875723164332,2.406251366661153,2.129745518441968,0.3431110945586229,1.435737822914367,2.8237532139695687,2.129745518441968,0.3514629025674928,1.4162378934538231,2.8432531434301125,0,1,1,12.014895772743289,0.871
1393,2272694,2.5746045594957288,2.503003184502772,0.10155060319130954,2.3039676596394867,2.702038709366057,2.679995459769667,0.28193897414939817,2.1097200567532006,3.2502708627861336,2.679995459769667,0.2783214034608076,2.1149729720021195,3.2450179475372147,1,1,1,7.51152637791466,0.6017
1394,2273694,2.5712899581464455,2.0658678030993802,0.09863201082921139,1.8725526141513613,2.259182992047399,2.100383310276212,0.31879275020863584,1.4555641090556573,2.745202511496767,2.100383310276212,0.31950887277844586,1.4517458145023592,2.749020806050065,0,1,1,10.493734489710514,0.7581
1395,2274694,2.571570346973092,1.9397465220174068,0.11048746912347064,1.7231950617924232,2.1562979822423904,1.9585952248896163,0.2937593177936707,1.3644109201121655,2.5527795296670672,1.9585952248896163,0.27282365757581734,1.4047337546306928,2.51245669514854,0,0,0,6.097306164097863,0.4706
1396,2275694,2.582577657184067,2.1024822046832403,0.10817367175656976,1.890465703964906,2.314498705401575,2.3279195532305876,0.3525178016244817,1.6148849967334287,3.0409541097277466,2.3279195532305876,0.3394575794340866,1.638784029916778,3.0170550765443975,0,1,1,9.847542812268863,0.6165
1397,2276694,2.564831136655405,2.398351178949932,0.10900717499930475,2.1847010418948396,2.6120013160050246,2.5772936760941305,0.26096134509973323,2.0494495328803204,3.1051378193079406,2.5772936760941305,0.26223281500773854,2.044932759299515,3.109654592888746,1,1,1,5.787138878592503,0.6354
1398,2277694,2.573502030544528,2.4862328834140257,0.0901766919152002,2.309489815015269,2.6629759518127822,2.7702553540140604,0.2699306875122335,2.2242690033437857,3.316241704684335,2.7702553540140604,0.27039568178418405,2.2213229366593317,3.319187771368789,1,1,1,8.991060179092447,0.4427
1399,2278694,2.5729268095325177,2.0218278497685658,0.10183437732093838,1.822236137831464,2.2214195617056673,2.1080538617601947,0.24347548045786047,1.6155782181864926,2.600529505333897,2.1080538617601947,0.2413439287625258,1.6180996385443052,2.598008084976084,0,1,1,5.616734972328728,0.606
1400,2279694,2.568869401105476,2.1707022697205547,0.0759374107954522,2.0218676794822454,2.319536859958864,2.3332556007878518,0.24743783020413282,1.8327653483603545,2.833745853215349,2.3332556007878518,0.2511603736090302,1.8233729350618415,2.8431382665138623,0,1,1,10.939328664695049,0.7428
1401,2280694,2.57817416110333,2.3537569214400635,0.10450899565964904,2.1489230538866986,2.5585907889934285,3.058808322862535,0.2801064424510313,2.4922395650730347,3.625377080652035,3.058808322862535,0.2784650895367685,2.4934941368529997,3.62412250887207,0,1,1,7.099604642765703,0.4435
1402,2281694,2.575581450062245,2.544954120526385,0.1005297476458386,2.347919435765641,2.741988805287129,2.8097005027452036,0.28938641836003404,2.2243612219464035,3.3950397835440036,2.8097005027452036,0.29505713227755626,2.2107026792217264,3.4086983262686807,1,1,1,8.61436063839861,0.6106
1403,2282694,2.5733118201323033,2.429782988494185,0.09228798984637855,2.248901852189685,2.610664124798685,2.7167947995039503,0.2914070153673186,2.1273684754854623,3.3062211235224384,2.7167947995039503,0.29315287780594207,2.1216628180807033,3.3119267809271973,1,1,1,10.090157623487812,0.6076
1404,2283694,2.578994451644897,2.6867940303333486,0.1065216573508262,2.478015418352213,2.8955726423144843,2.8814787158720256,0.324021985459952,2.2260823879898974,3.536875043754154,2.8814787158720256,0.3276730720426714,2.216267014444053,3.5466904172999985,1,1,1,9.462495277750152,0.7482
1405,2284694,2.575758177404124,2.4152268586767396,0.11471032582076206,2.190398751413191,2.6400549659402883,2.4930656712197856,0.3348093189315181,1.815849901873312,3.170281440566259,2.4930656712197856,0.33973478966933573,1.8033673812096045,3.1827639612299667,1,1,1,8.771523217743518,1.031
1406,2285694,2.5816831502760755,2.3277712599265183,0.09422068343862587,2.143102113788062,2.5124404060649748,2.701602796416794,0.25237746731409366,2.1911211848587024,3.212084407974886,2.701602796416794,0.2510800453792006,2.191883205667023,3.211322387166565,0,1,1,7.1012024906389435,1.027
1407,2286694,2.581334991176908,2.053136500543218,0.10396249151094526,1.849373761438714,2.256899239647722,2.243638557068907,0.34491633065400307,1.5459794268826579,2.9412976872551555,2.243638557068907,0.3359399392393788,1.5616442230031056,2.925632891134708,0,1,1,10.4416689664339,0.4386
1408,2287694,2.568010964680265,2.8505759837990503,0.09183348715278444,2.670585656404871,3.0305663111932297,3.035932341328538,0.2811659334369894,2.4672205607418793,3.604644121915197,3.035932341328538,0.28061294633402856,2.466257774206139,3.6056069084509375,0,1,1,9.337126778361924,0.8593
1409,2288694,2.5731494681306195,2.0540215792649454,0.09032805864456891,1.8769818375281684,2.2310613210017225,2.063143995850159,0.2700481947686811,1.516919964319229,2.609368027381089,2.063143995850159,0.27727843658636947,1.5002388434033105,2.6260491482970076,0,1,1,9.422948999616896,0.4883
1410,2289694,2.570281259118847,2.3135427711875933,0.10139176718489494,2.1148185591763293,2.5122669831988573,2.4852042254749223,0.3032298559821822,1.8718639490957076,3.098544501854137,2.4852042254749223,0.2966472772391155,1.8829782360579164,3.087430214891928,0,1,1,8.560031206974557,0.6564
1411,2290694,2.5721644919358115,2.008545801914903,0.09535674330869727,1.8216500193468257,2.1954415844829804,2.2703940980649095,0.2318537517247022,1.801425619674897,2.739362576454922,2.2703940980649095,0.23026906666032013,1.8029230402069871,2.737865155922832,0,1,1,5.831340224421332,1.1169
1412,2291694,2.573856258287819,2.1829453710446165,0.08651257028957057,2.0133838490670684,2.3525068930221646,2.3754379304662896,0.3100318597816451,1.748339302763846,3.002536558168733,2.3754379304662896,0.2687995633478977,1.8297458058034923,2.921130055129087,0,1,1,9.653808677616796,0.4692
1413,2292694,2.5714949677300276,2.799683996443845,0.10826160017381142,2.5874951591944995,3.011872833693191,3.1891976707998357,0.42212814193676435,2.3353629110123535,4.043032430587318,3.1891976707998357,0.4265296953347289,2.3232963546665992,4.055098986933072,0,1,1,15.522070837292874,0.3506
1414,2293694,2.576694685940222,1.9529099088801412,0.0958469025734904,1.7650534318063806,2.140766385953902,2.2984673592111715,0.2909553284209608,1.7099546582777805,2.8869800601445625,2.2984673592111715,0.28773509906498707,1.7143340533634435,2.8826006650588996,0,1,1,9.012172978880445,0.3269
1415,2294694,2.574596167152153,2.6402803380700277,0.09095720300433488,2.462007496047033,2.8185531800930224,2.850704257770845,0.21820203546501785,2.4093489819022142,3.292059533639476,2.850704257770845,0.2184165879074855,2.407295010998471,3.294113504543219,1,1,1,5.766297465219685,0.3057
1416,2295694,2.573823848079398,2.272974838448064,0.1178692346454236,2.041955383657733,2.503994293238395,2.5785358784281485,0.3042998385967357,1.9630313579298795,3.1940403989264174,2.5785358784281485,0.29941568069621755,1.9706897312042844,3.1863820256520126,0,1,1,6.452799261442504,0.3087
1417,2296694,2.5810063572220865,2.2195415971058,0.09998607753026505,2.0235724861910507,2.415510708020549,2.5644987260898606,0.31272386182491985,1.9319550102977647,3.1970424418819565,2.5644987260898606,0.30714594000526946,1.940959318155259,3.1880381340244623,0,1,1,9.436490248257407,0.3683
1418,2297694,2.5775987928083883,2.4358342063838787,0.09331092891464639,2.2529481463471948,2.6187202664205627,2.7348233764347674,0.21357637255517184,2.302824386933033,3.166822365936502,2.7348233764347674,0.21229293240074618,2.3038458112564983,3.1658009416130364,1,1,1,5.176140381138754,0.289
1419,2298694,2.5780674658524485,2.11846188608388,0.1029754212862789,1.916633769069934,2.320290003097826,2.3266771923523155,0.2577348317928117,1.8053592883077934,2.8479950963968377,2.3266771923523155,0.2407030199681864,1.8380240831610997,2.8153303015435314,0,1,1,5.463814213146318,0.4852
1420,2299694,2.578370088453324,2.096863541771223,0.08530777781230059,1.9296633696579686,2.264063713884477,2.5093190235241103,0.2557071216516626,1.9921025503705572,3.0265354966776634,2.5093190235241103,0.24926372229748214,2.0032867646628,3.0153512823854207,0,1,1,8.537700070706864,0.443
1421,2300694,2.580111075734089,2.363533025905004,0.0888647941832146,2.189361229812339,2.537704821997669,2.6045164731916346,0.2470862132883315,2.10473743310706,3.104295513276209,2.6045164731916346,0.24308318792819117,2.1110313661542457,3.0980015802290235,0,1,1,7.482562754333296,0.2815
1422,2301694,2.5766488550285094,2.4353908702968345,0.08890814741582888,2.261134103429632,2.609647637164037,2.6317228474785765,0.2513311720799779,2.1233575677902086,3.1400881271669445,2.6317228474785765,0.2351368642153341,2.1543696352111024,3.1090760597460507,1,1,1,6.99452654097397,0.3821
1423,2302694,2.567723603469833,2.563425310180682,0.08408504594299578,2.3986216484940144,2.72822897186735,2.8935014376391845,0.29491125007928976,2.296987129887115,3.490015745391254,2.8935014376391845,0.27338353041784164,2.3385033650848555,3.4484995101935136,1,1,1,10.570783145427407,0.2341
1424,2303694,2.5774443580149184,2.5478866390789614,0.09825156080751905,2.355317118471377,2.7404561596865458,2.709791816977542,0.26147774320463124,2.1809031600058306,3.2386804739492536,2.709791816977542,0.2650081142536941,2.1717967431804452,3.247786890774639,1,1,1,7.27510770148492,0.4042
1425,2304694,2.5734487341849004,2.4150286483671537,0.1014597988912398,2.216171096661647,2.6138862000726606,2.8643210498211213,0.25614485407334453,2.3462191792728264,3.3824229203694163,2.8643210498211213,0.25163558327902824,2.3534736571764667,3.375168442465776,1,1,1,6.151147105407741,0.2535
1426,2305694,2.5814246261711906,2.820255802853557,0.09041433803151037,2.6430469566257666,2.9974646490813472,3.2396763999719784,0.2570756696785115,2.7196917771508837,3.759661022793073,3.2396763999719784,0.2521106953344313,2.727864478576843,3.751488321367114,0,0,0,7.77513478646294,0.3961
1427,2306694,2.574989908213379,2.162363865752666,0.09324907902673157,1.9795990292687429,2.345128702236589,2.308919381696837,0.26590530629599946,1.7710751330623253,2.846763630331349,2.308919381696837,0.27313995757116677,1.7544157883096494,2.863422975084025,0,1,1,8.579883142513749,0.3154
1428,2307694,2.5823430760446677,2.360900810579161,0.09777708434780553,2.169261246744127,2.5525403744141952,2.3820969400486494,0.28123276465557867,1.8132499805629751,2.9509438995343236,2.3820969400486494,0.28386774668274717,1.8058147769334445,2.958379103163854,0,1,1,8.428648354219536,0.3188
1429,2308694,2.5834226683067683,2.47474596317504,0.09526600462970647,2.2880280251497895,2.6614639012002907,2.639263256612386,0.29738712101596493,2.0377410271975207,3.2407854860272516,2.639263256612386,0.29727645262269736,2.035759973260911,3.242766539963861,1,1,1,9.737447216545432,0.7311
1430,2309694,2.574410834077013,2.3253072178892444,0.11361024767852382,2.1026352241646626,2.5479792116138262,2.481454268697443,0.3307304345473516,1.8124888217587025,3.150419715636183,2.481454268697443,0.3367958681888459,1.7977223064853094,3.165186230909576,0,1,1,8.788170955113124,0.3692
1431,2310694,2.5748882611146175,2.312440491104778,0.09859650901042687,2.1191948844429622,2.5056860977665933,2.6158098866668973,0.28679040154654484,2.0357215455050044,3.19589822782879,2.6158098866668973,0.29563130606186067,2.0156464283917104,3.215973344942084,0,1,1,8.990374183388456,0.4139
1432,2311694,2.5718871985238927,2.381229913575799,0.08833468243123367,2.208097117424798,2.5543627097268,2.299553583163072,0.22818243597492552,1.8380110418047209,2.761096124521423,2.299553583163072,0.22678415200668164,1.8391572781727767,2.759949888153367,0,1,1,6.591175874681409,0.5126
1433,2312694,2.5750888958754516,2.40218386686151,0.08941256516346137,2.226938459375785,2.577429274347235,2.770944971167552,0.23433753993835418,2.296952556910491,3.2449373854246124,2.770944971167552,0.2351608066291656,2.293543153215937,3.2483467891191666,1,1,1,6.917238870517335,0.4982
1434,2313694,2.5714553339346677,2.584667766623501,0.09077260463684843,2.406756730752385,2.7625788024946174,2.6920501287797225,0.26818920850499683,2.14958625188482,3.234514005674625,2.6920501287797225,0.2745290565063819,2.1347265146310304,3.2493737429284146,1,1,1,9.146754872051758,0.3993
1435,2314694,2.5796564433600206,2.4517946003105697,0.09142050771817933,2.272613697734572,2.6309755028865673,2.4800858187650405,0.24644989370239284,1.9815938565291857,2.9785777810008955,2.4800858187650405,0.24618957241021722,1.9802944159624967,2.9798772215675844,1,1,1,7.251904066661649,0.6633
1436,2315694,2.5755572808915215,1.9209657911988949,0.10095195464458452,1.7231035959265881,2.1188279864712016,2.0152004200362748,0.26651236626693425,1.4761282767106354,2.554272563361914,2.0152004200362748,0.2713451438829911,1.4643404921471848,2.5660603479253647,0,0,0,7.224613908320547,0.4341
1437,2316694,2.584458176254907,2.415923422101466,0.1085301182360918,2.2032082991208526,2.6286385450820795,2.4963071766533824,0.3457180258840949,1.79702646480459,3.1955878885021747,2.4963071766533824,0.3419588244810183,1.8020938559393,3.190520497367465,1,1,1,9.927664195432468,0.39
1438,2317694,2.5849791542389746,2.720030868474322,0.10877285803428881,2.506839984231628,2.9332217527170164,3.165863969888279,0.3435930894725092,2.4708813476248563,3.8608465921517015,3.165863969888279,0.3431971999115231,2.469136613394578,3.8625913263819798,1,1,1,9.955117536456498,0.3402
1439,2318694,2.5784976039940437,2.0433651589836073,0.09978834877792574,1.8477835893021513,2.2389467286650633,2.261118973307374,0.24842998784382414,1.7586218926308281,2.76361605398392,2.261118973307374,0.24548391545972187,1.7627601302746558,2.759477816340092,0,1,1,6.051825691106156,0.3601
1440,2319694,2.574889351414201,2.014187829536003,0.0766252336889856,1.864005131198626,2.16437052787338,2.243333609404284,0.1738435425188485,1.8917018544443849,2.5949653643641835,2.243333609404284,0.17799207768126346,1.8819904813378003,2.604676737470768,0,1,1,5.39582332375592,0.4146
1441,2320694,2.5754419341947967,2.781645575199742,0.08732411848647055,2.6104934479845516,2.952797702414933,2.923443984949775,0.22969013918062256,2.45885182600715,3.3880361438924,2.923443984949775,0.22178841172172106,2.4731895719194577,3.373698397980092,0,1,1,6.450736188437758,0.3957
1442,2321694,2.5722907897903142,2.7044769706516694,0.09192748617643187,2.5243024085565593,2.8846515327467794,2.79933289225243,0.2285210244476741,2.3371054910646207,3.261560293440239,2.79933289225243,0.22969219312052494,2.333032949941243,3.2656328345636165,1,1,1,6.243120257140285,0.5391
1443,2322694,2.5649477623435426,2.004047579767974,0.09466424621455852,1.818509066563807,2.189586092972141,2.162925518673426,0.2146138706891018,1.7288279911166362,2.5970230462302157,2.162925518673426,0.2195672663943101,1.717180270382082,2.60867076696477,0,1,1,5.379764041523018,0.3867
1444,2323694,2.572898808800609,2.2318841780742193,0.10369595807840168,2.028643834898177,2.4351245212502617,2.0930075367064025,0.29473679243530804,1.4968461028467455,2.6891689705660595,2.0930075367064025,0.30089160971210643,1.4821650942858475,2.7038499791269572,0,1,1,8.419697689275585,0.3546
1445,2324694,2.5764018846083108,2.0858867029538497,0.10210077680849958,1.885772857615628,2.2860005482920713,2.4286256605765577,0.2765064677169423,1.8693385389940609,2.9879127821590545,2.4286256605765577,0.2837666787273527,1.8525486763188912,3.0047026448342242,0,1,1,7.724399047421724,0.2797
1446,2325694,2.5742584095328063,2.324689072061972,0.10743948115639344,2.114111558477771,2.5352665856461734,2.7367510011742793,0.3240151503581832,2.0813684985904364,3.392133503758122,2.7367510011742793,0.31659798011367296,2.0940229316774674,3.379479070671091,0,1,1,8.683373357922939,0.4374
1447,2326694,2.572097016363428,2.1544092563199304,0.10189996161115376,1.954689001536055,2.354129511103806,2.299781545093978,0.2933302298831443,1.7064651525370462,2.8930979376509094,2.299781545093978,0.29712815893270456,1.6965793139382663,2.9029837762496893,0,1,1,8.502361832753975,0.403
1448,2327694,2.5775463289164056,2.8108025172591242,0.10123232874498662,2.6123907988478314,3.009214235670417,3.40991480843901,0.24881924541961273,2.906630379998361,3.913199236879659,3.40991480843901,0.24690812048766986,2.908664675487601,3.9111649413904193,0,0,0,5.94884005318085,0.4334
1449,2328694,2.5791506062231844,2.09351822041904,0.11110772787396961,1.8757510753819824,2.311285365456097,2.1548157745322802,0.26420215263469427,1.620416479343918,2.6892150697206425,2.1548157745322802,0.2581302727523677,1.630783461296275,2.6788480877682854,0,1,1,5.397458945508234,0.3234
1450,2329694,2.567913105021025,2.085659003954186,0.09217608419409806,1.904997198697822,2.26632080921055,2.469483933199541,0.2340282327867098,1.996117151709614,2.9428507146894685,2.469483933199541,0.22667868732738633,2.0093017328908336,2.9296661335082486,0,1,1,6.0476252120756,0.5332
1451,2330694,2.566886022719633,2.0593734430650996,0.0880665309792057,1.8867662141024755,2.2319806720277238,2.209917637247588,0.26746999378552644,1.6689085094353149,2.750926765059861,2.209917637247588,0.26394567718154693,1.674079425373924,2.745755849121252,0,1,1,8.982708953982263,0.4565
1452,2331694,2.583341570878108,2.522497394474459,0.10711688890124157,2.312552150092047,2.7324426388568708,2.539960064753238,0.3186022639705573,1.8955261583168368,3.1843939711896394,2.539960064753238,0.3081420249095918,1.9143984969571612,3.165521632549315,1,1,1,8.275342228832557,0.3261
1453,2332694,2.5703861422001983,3.184399567775855,0.10710538424534138,2.9744768721046624,3.394322263447048,3.103870861955053,0.35245671384594707,2.390959867152861,3.8167818567572445,3.103870861955053,0.3300658629661815,2.4338015367026165,3.773940187207489,0,1,1,9.496828873312142,0.3084
1454,2333694,2.5802571668070264,2.1550797190865483,0.0899339256077015,1.978812463907149,2.331346974265948,2.6034377328142377,0.23765110521400287,2.122743000161173,3.0841324654673024,2.6034377328142377,0.24358795161061594,2.1089279010232653,3.09794756460521,0,1,1,7.336087542778005,0.4091
1455,2334694,2.582326491259876,2.5479764529928377,0.10814489972443193,2.3360163444212554,2.75993656156442,2.744019217723009,0.28282126542837444,2.17195921214773,3.3160792232982885,2.744019217723009,0.2863920565826511,2.1626124330666485,3.32542600237937,1,1,1,7.013097095887884,0.3114
1456,2335694,2.5715786907523612,2.279553822938042,0.09101869883979459,2.101160451292347,2.457947194583737,2.5426826492049632,0.3022759133413639,1.9312719039435677,3.1540933944663587,2.5426826492049632,0.30797909077168967,1.9174518552940243,3.167913443115902,0,1,1,11.449360223929178,0.3278
1457,2336694,2.568466410917906,2.602241974634146,0.11037331812514084,2.3859142462546883,2.818569703013604,2.6561978352049724,0.30300828497183635,2.043305728496528,3.2690899419134167,2.6561978352049724,0.3109716100025038,2.024891904278116,3.2875037661318287,1,1,1,7.938040066087189,0.3443
1458,2337694,2.5769095970920484,2.6041029728046716,0.09481382664835615,2.4182712873374697,2.7899346582718736,2.7654435455294832,0.27369343731023443,2.2118463150084215,3.319040776050545,2.7654435455294832,0.28001689117604633,2.196979034708978,3.3339080563499883,1,1,1,8.722181296003894,0.4429
1459,2338694,2.5707500789814435,2.260064690110635,0.1204213377050923,2.024043205238519,2.4960861749827514,2.6137073588126056,0.28002299435732864,2.047307390724532,3.1801073269006794,2.6137073588126056,0.2790262954824676,2.0472538641633253,3.180160853461886,0,1,1,5.368875978223661,0.4467
1460,2339694,2.584517357667956,2.177137069280883,0.11522804704380205,1.9512942470661438,2.402979891495622,2.184316465096394,0.310079869649525,1.5571207282701178,2.8115122019226706,2.184316465096394,0.31588040399833817,1.5430451525604467,2.8255877776323417,0,1,1,7.51499969092874,0.4642
1461,2340694,2.5735796985127477,2.335810731680187,0.0982608667404884,2.14322297177914,2.528398491581234,2.8390737409880096,0.335221089736218,2.1610250865737335,3.5171223954022857,2.8390737409880096,0.3320485814853078,2.1649792831504064,3.5131681988256127,0,1,1,11.419368223848092,0.5697
1462,2341694,2.5743887045072613,2.2017117379526905,0.10180550087071104,2.0021766228180358,2.401246853087345,2.2922998690446357,0.3158792772666758,1.6533737230895562,2.931226014999715,2.2922998690446357,0.3211049657612034,1.6404221322522619,2.9441776058370097,0,1,1,9.948361400176115,0.4679
1463,2342694,2.5727477763507243,2.361486991166968,0.11566191225256862,2.1347938087689013,2.5881801735650343,2.724065156536067,0.35221321905285624,2.0116466764409364,3.436483636631198,2.724065156536067,0.3608865783853396,1.9914264525568506,3.456703860515284,1,1,1,9.735555227534112,0.2304
1464,2343694,2.581854791121314,2.086518567189247,0.1078475640058423,1.8751412259174178,2.297895908461076,2.4310674808715453,0.33506538405252606,1.753333770929871,3.1088011908132196,2.4310674808715453,0.3360130122314056,1.7489248007452893,3.1132101609978013,0,1,1,9.707144888142155,0.3182
1465,2344694,2.5866818224293655,2.4484849782807685,0.11014928658079626,2.2325963436596266,2.6643736129019104,2.7620608311894808,0.31504421938622024,2.1248237492269038,3.3992979131520578,2.7620608311894808,0.31905064733853117,2.1143535825141244,3.409768079864837,1,1,1,8.389882584430568,0.6451
1466,2345694,2.57253014784804,2.3661426583019347,0.09012308261340199,2.1895046622039387,2.5427806543999307,2.699990512691779,0.23499861009389886,2.2246609578335907,3.175320067549967,2.699990512691779,0.22287830532833025,2.247523498009735,3.152457527373823,0,1,1,6.115944244615288,0.4767
1467,2346694,2.5706978455311886,2.2005339596717315,0.0941902117711449,2.015924536904087,2.385143382439376,2.298502725835917,0.2957185161321498,1.7003555683686735,2.896649883303161,2.298502725835917,0.2971194094763496,1.69531825702092,2.9016871946509144,0,1,1,9.950628210152965,0.342
1468,2347694,2.5692996215050354,2.419895538551107,0.11765495378908848,2.1892960665217696,2.650495010580445,2.6951660759456746,0.35000095646594404,1.9872223192978282,3.403109832593521,2.6951660759456746,0.3532622891320425,1.9780055020268503,3.412326649864499,1,1,1,9.015174188748952,0.6506
1469,2348694,2.5727951201523567,2.586661774497934,0.09255443365015117,2.4052584179341356,2.7680651310617326,2.7783126119729555,0.2775170576170582,2.2169813793756132,3.339643844570298,2.7783126119729555,0.2746580029029067,2.220727222722359,3.335898001223552,1,1,1,8.806230736384537,0.4249
1470,2349694,2.57101569124017,2.3558746940933384,0.0984423394403181,2.162931254236448,2.548818133950229,2.623181656127352,0.26583304812752223,2.085483563434118,3.1608797488205864,2.623181656127352,0.2578532230732834,2.0997117836413755,3.146651528613329,0,1,1,6.860902958483786,0.4186
1471,2350694,2.5711059121194206,2.299246942648862,0.0984432168113921,2.106301783176266,2.4921921021214586,2.570644359519251,0.2670717067692932,2.0304408432382814,3.1108478758002205,2.570644359519251,0.2714575428884099,2.0195562495181325,3.1217324695203694,0,1,1,7.603827119999175,0.3423
1472,2351694,2.573927436273051,2.4830390767960546,0.0882801438704746,2.31001317425991,2.656064979332199,2.707627441993089,0.2795613135519881,2.142161311477933,3.2730935725082446,2.707627441993089,0.28756754985139926,2.1238342791322378,3.29142060485394,1,1,1,10.610935869541732,0.489
1473,2352694,2.582155684826107,2.7720170775345117,0.09634259913265361,2.5831890530575308,2.9608451020114925,2.9225476502779735,0.23915730641209781,2.438806338137774,3.406288962418173,2.9225476502779735,0.23858296048734456,2.438198490647177,3.40689680990877,0,1,1,6.132564568171924,0.5658
1474,2353694,2.5685071932921,1.883328033974794,0.10402398245417856,1.6794447748361776,2.0872112931134104,2.0808254832600492,0.29360769374703566,1.4869478670649863,2.674703099455112,2.0808254832600492,0.2903744340875533,1.4913340424577006,2.670316924062398,0,1,1,7.792015364878429,0.347
1475,2354694,2.571005483925301,2.576232840601458,0.11202649457916534,2.3566649459120224,2.7958007352908933,2.9656772982525865,0.2901384242789674,2.3788169419097462,3.552537654595427,2.9656772982525865,0.2938620549413978,2.3691056107041173,3.5622489858010558,1,1,1,6.8809044810664854,0.4127
1476,2355694,2.580556036098604,2.257094493374701,0.09844292621561418,2.0641499034593633,2.4500390832900387,2.2202437134193884,0.23406657383623855,1.7467993798367147,2.693688047002062,2.2202437134193884,0.22948995727885302,1.7543543316937567,2.68613309514502,0,1,1,5.434484331686655,0.4895
1477,2356694,2.579404881001711,2.7365578652797566,0.09907387339160759,2.5423766416233247,2.9307390889361886,2.6999039076380935,0.2963284558715479,2.1005230305982,3.299284784677987,2.6999039076380935,0.2900315430753865,2.111108572598071,3.288699242678116,1,1,1,8.569829497132783,0.4157
1478,2357694,2.57574227890389,2.151947336969375,0.09849621368218257,1.9588983055387357,2.344996368400014,2.3979301046963224,0.27414257785792306,1.8434244016676309,2.952435807725014,2.3979301046963224,0.2686725967996283,1.8524957358297893,2.9433644735628555,0,1,1,7.440595133973828,0.2241
1479,2358694,2.575916465442303,2.407608512885684,0.1005868255552497,2.210461957478181,2.6047550682931866,2.3362587419340395,0.25829157023354654,1.8138147281006076,2.8587027557674713,2.3362587419340395,0.24000202229471237,1.8490287336774285,2.8234887501906507,1,1,1,5.6930840766155555,0.5593
1480,2359694,2.57286973067268,2.182185022684678,0.09565302510682368,1.9947085384629983,2.369661506906358,2.6898552882934563,0.2419574399163253,2.200450171539365,3.1792604050475477,2.6898552882934563,0.23597519004899936,2.210800184104601,3.1689103924823114,0,1,1,6.086046553565292,0.5018
1481,2360694,2.5737984173626844,2.5714151338654436,0.1062881995844707,2.363094090698276,2.7797361770326114,2.855681876919497,0.3372824500871679,2.173463727640431,3.5379000261985634,2.855681876919497,0.33456711384538856,2.176474526570139,3.5348892272688555,1,1,1,9.908237284308889,0.3617
1482,2361694,2.568953257639577,2.674404416793983,0.09165153641026659,2.494770706302099,2.854038127285867,2.9100179733082197,0.250014661555628,2.404315587503587,3.415720359112852,2.9100179733082197,0.24177761714352825,2.419183315871667,3.4008526307447724,1,1,1,6.959093742364239,0.4392
1483,2362694,2.574069163786141,2.4484993863528137,0.09751782857332723,2.2573679544985414,2.639630818207086,2.653363741947325,0.24919403825192862,2.149321223447856,3.1574062604467943,2.653363741947325,0.2474472888714488,2.151019038985344,3.155708444909306,1,1,1,6.438687617456881,0.3763
1484,2363694,2.5756406073938716,2.7909983988446916,0.0840426024592012,2.62627792485764,2.9557188728317434,3.0477827723989233,0.25014806428876407,2.5418105540972684,3.553754990700578,3.0477827723989233,0.21243025670722587,2.6165264240573287,3.479039120740518,0,1,0,6.389012874419035,0.2435
1485,2364694,2.574571064386281,2.643081786164878,0.09646077658601726,2.4540221381355196,2.8321414341942366,2.416933018735401,0.28229191769970713,1.8459437200044388,2.987922317466363,2.416933018735401,0.2865967742762757,1.83511063506616,2.998755402404642,1,1,1,8.827568330576531,0.3375
1486,2365694,2.5724769702375028,2.3700933313348647,0.09018004836105288,2.193343684423121,2.5468429782466084,2.4316627368115062,0.26763768918430225,1.8903144130387974,2.973011060584215,2.4316627368115062,0.24910448211923544,1.9259537526985508,2.9373717209244616,0,1,1,7.630309531655821,0.3741
1487,2366694,2.576531928260659,2.4440935371537504,0.11102464452864333,2.2264892324812475,2.6616978418262534,2.8297402118687285,0.34292159655655174,2.1361158122292823,3.5233646115081747,2.8297402118687285,0.3528465320296422,2.1134236697397135,3.5460567539977434,1,1,1,10.100268614494123,0.4939
1488,2367694,2.5746082888366253,2.588946450893384,0.10788398848989249,2.377497718944661,2.8003951828421068,2.8018885757991776,0.3515089269950717,2.0908946608543815,3.5128824907439737,2.8018885757991776,0.3607908896467758,2.0694441302867634,3.5343330213115918,1,1,1,11.183999453543251,0.8005
1489,2368694,2.569760462998966,2.126364303919573,0.07497938938228452,1.9794074011474907,2.273321206691656,2.243929141623256,0.18896026509749514,1.8617209291628132,2.6261373540836983,2.243929141623256,0.19387412775497326,1.850343737785265,2.6375145454612468,0,1,1,6.685839015721354,0.3913
1490,2369694,2.5713253253164146,2.0598921990725056,0.0958527287993072,1.8720243028059782,2.247760095339033,2.315194460698179,0.2988441779792159,1.7107250553937696,2.9196638660025886,2.315194460698179,0.30211672434787856,1.7018649033425275,2.928524018053831,0,1,1,9.934375517445309,0.4633
1491,2370694,2.569770281580399,2.6412862669534016,0.0823467655880592,2.479889572157443,2.80268296174936,3.028239953510649,0.21759229580477818,2.588117992516371,3.4683619145049267,3.028239953510649,0.21699923668526225,2.5877080826916252,3.4687718243296723,1,0,0,6.944217598209643,0.6372
1492,2371694,2.577875863751142,2.334492307274099,0.08400139790317467,2.1698525927328585,2.4991320218153397,2.6054908820110176,0.24049054948084728,2.1190528312214565,3.091928932800579,2.6054908820110176,0.24197462051621194,2.1142562864656878,3.0967254775563475,0,1,1,8.297869645956874,0.4142
1493,2372694,2.575516535529886,2.244862813398805,0.09779661451804379,2.053184971133492,2.436540655664118,2.1687172667052477,0.29910441712597474,1.5637214780416508,2.7737130553688445,2.1687172667052477,0.29767762023796246,1.5643995697974655,2.77303496361303,0,1,1,9.264985170691151,0.6749
1494,2373694,2.588694654194439,2.485104982673958,0.09551978744517998,2.297889639470484,2.6723203258774317,2.54331435071849,0.22961265833515335,2.0788789115784723,3.0077497898585075,2.54331435071849,0.23278222625279332,2.070741307646929,3.0158873937900506,1,1,1,5.938994729870387,0.7836
1495,2374694,2.5794560927958874,2.0010261172542707,0.1069572366638486,1.7913937855072004,2.210658449001341,2.204248010261884,0.2691171177153038,1.659907259832675,2.748588760691093,2.204248010261884,0.27355828014889,1.6488951768930942,2.7596008436306736,0,1,1,6.541530661006817,0.5446
1496,2375694,2.5806813534441764,2.011745606363599,0.11764746386774486,1.7811608143103415,2.242330398416856,2.0476036527195887,0.3261243012190302,1.387954989840523,2.7072523155986543,2.0476036527195887,0.3241370032048448,1.3895705526741264,2.705636752765051,0,1,1,7.590879303168359,0.3557
1497,2376694,2.572422390563469,2.4962980202797924,0.09844550986903312,2.303348366496805,2.6892476740627798,2.7839269387806787,0.24643450965496708,2.2854660937178655,3.282387783843492,2.7839269387806787,0.2514317114670027,2.273493427917964,3.2943604496433934,1,1,1,6.523013508800435,0.583
1498,2377694,2.5707966767281816,2.048387766831157,0.09782323553455669,1.8566577483322473,2.2401177853300673,2.1801342850492946,0.2528995701682922,1.6685966207886904,2.6916719493098986,2.1801342850492946,0.2564274579775145,1.659558869588061,2.7007097005105285,0,1,1,6.871396477877075,0.5597
1499,2378694,2.5756322098660207,2.590256576689872,0.10383909613555649,2.386735688076989,2.793777465302755,2.5165151503519954,0.31359615675210806,1.8822070515310818,3.150823249172909,2.5165151503519954,0.29408137020771374,1.9194982291425915,3.113532071561399,1,1,1,8.020717645628086,0.4624
1500,2379694,2.576749064063849,2.3327307935915336,0.09399653649928957,2.1485009673814215,2.5169606198016456,2.3683767949145946,0.22214709978025227,1.9190418732765782,2.817711716552611,2.3683767949145946,0.2187573521696456,1.9242757599119449,2.8124778299172446,0,1,1,5.41628630758925,0.6395
1501,2380694,2.5742276360609235,2.3769442603030257,0.10259143222920275,2.1758687480114065,2.578019772594645,2.388293919333019,0.29320348136643043,1.7952338998499728,2.9813539388160653,2.388293919333019,0.2792654674055666,1.8213548798664405,2.9552329587995976,1,1,1,7.409898974933069,0.5042
1502,2381694,2.5669994874886632,2.283827232986457,0.09580242802417221,2.0960579244275888,2.471596541545325,2.3994192585269514,0.23862443275142983,1.9167557851017116,2.882082731952191,2.3994192585269514,0.2420634876195602,1.9080042531705537,2.8908342638833493,0,1,1,6.384186132525097,0.2878
1503,2382694,2.574479293724396,2.408383889148025,0.10292955417330983,2.2066456700235735,2.610122108272477,2.7131195751786388,0.26540687836402826,2.176283492196418,3.2499556581608595,2.7131195751786388,0.26103585706651933,2.183188612190275,3.2430505381670027,1,1,1,6.43161667932204,0.4499
1504,2383694,2.5818312764425264,1.6455645048193053,0.10907905893801861,1.431773477833267,1.8593555318053436,2.00872059431972,0.37726506365087115,1.2456299756260125,2.7718112130134274,2.00872059431972,0.34976041638703353,1.2986692000242621,2.7187719886151775,0,1,1,10.281549000005597,0.6394
1505,2384694,2.5752131153105875,2.2537685366937237,0.08475282182848817,2.0876560583217465,2.419881015065701,2.526836105581843,0.23063694399743054,2.0603288531332136,2.9933433580304727,2.526836105581843,0.2285971642998835,2.0627591899611035,2.9909130212025827,0,1,1,7.275005798176379,0.3942
1506,2385694,2.577102278337566,2.1980534820828237,0.0974019607101583,2.007149147067328,2.3889578170983192,2.210364552854738,0.27711917536457564,1.6498381130767363,2.77089099263274,2.210364552854738,0.277187140518396,1.6476447412793007,2.7730843644301757,0,1,1,8.098615080517602,0.4716
1507,2386694,2.5745146495989206,2.442998501557348,0.07815327437506996,2.2898208985083337,2.596176104606362,2.7313801344751827,0.27379777756041485,2.177571855877487,3.2851884130728783,2.7313801344751827,0.2713346654307693,2.180541478975024,3.2822187899753414,1,1,1,12.05358425648531,0.8995
1508,2387694,2.5739883605440452,2.3674101266061216,0.086862941267131,2.197161890131327,2.5376583630809164,2.757973059433387,0.2788802842656473,2.1938844406719915,3.3220616781947823,2.757973059433387,0.28086733570556816,2.1877820544309623,3.3281640644358115,0,1,1,10.455225575183684,0.5269
1509,2388694,2.5662307234236104,2.277862270109998,0.08358623556388578,2.114036258801501,2.4416882814184953,2.449012027526722,0.22541874863880762,1.993059571448957,2.904964483604487,2.449012027526722,0.22761532066685705,1.9869283604496915,2.9110956946037527,0,1,1,7.415380636902276,0.5077
1510,2389694,2.566706265894312,2.147609564593334,0.0849409955210056,1.981128272561185,2.314090856625483,2.389044998303629,0.22283866975067035,1.9383112443658777,2.83977875224138,2.389044998303629,0.22572376180498233,1.9308013998688422,2.8472885967384154,0,1,1,7.061872389545194,0.2107
1511,2390694,2.5752827801118054,2.6858200964413315,0.09524717917682775,2.4991390556257156,2.8725011372569473,2.894255665540057,0.2479257759294205,2.39277844972455,3.3957328813555643,2.894255665540057,0.2472864584634615,2.3922374656644347,3.3962738654156794,1,1,1,6.740566917311102,0.5726
1512,2391694,2.5805642766587082,2.457153249055238,0.1021424159543429,2.256957792490817,2.6573487056196594,2.6868650845436677,0.3046240676316518,2.0707047489204617,3.3030254201668736,2.6868650845436677,0.3051734730190944,2.067329997475912,3.3064001716114233,1,1,1,8.926502039398596,0.5319
1513,2392694,2.572312374765014,2.3997254454580492,0.09189701125009637,2.219610613120988,2.5798402777951104,2.7065610921865493,0.26065240710683146,2.179341835045836,3.2337803493272625,2.7065610921865493,0.2657412939481078,2.167077584478991,3.2460445998941077,1,1,1,8.36209922138851,0.4565
1514,2393694,2.5727222147600193,2.458384648879971,0.09675434093401193,2.2687496253013983,2.648019672458544,2.810553161458796,0.26649384696454653,2.271518476957942,3.3495878459596504,2.810553161458796,0.24424513693861802,2.3147091725231173,3.306397150394475,1,1,1,6.372515975527988,0.6382
1515,2394694,2.573161927709105,2.088757536214046,0.09936399890002293,1.8940076770101233,2.2835073954179683,2.296075233217386,0.3363510431117152,1.6157410323704267,2.976409434064345,2.296075233217386,0.3398497050901046,1.6061436525004238,2.986006813934348,0,1,1,11.698109226217912,0.5669
1516,2395694,2.5796904618270897,2.8207480543950547,0.11050677032701696,2.604158764506262,3.0373373442838476,2.8757916027518835,0.39183751709312387,2.083225414797873,3.668357790705894,2.8757916027518835,0.3634590543824919,2.137930494855614,3.613652710648153,0,1,1,10.817657122573694,0.3105
1517,2396694,2.569811914129516,1.9237979721236638,0.10709804945069572,1.7138896523858105,2.1337062918615173,1.9918900294360926,0.3516092474958662,1.280693197125246,2.7030868617469395,1.9918900294360926,0.3509491859165756,1.279425304693849,2.704354754178336,0,1,1,10.738048377828596,0.3983
1518,2397694,2.5738376489010837,2.2645832177952605,0.09862359274924642,2.071284527980792,2.457881907609729,2.5824631241189167,0.2987520897637423,1.978179984811788,3.1867462634260453,2.5824631241189167,0.2945917274637948,1.9844101225977027,3.1805161256401306,0,1,1,8.92235410957661,0.6406
1519,2398694,2.5738124759879555,2.1547873423142097,0.089707010414182,1.9789648327416534,2.330609851886766,2.2878771253844774,0.31428461037603456,1.6521764976695814,2.9235777530993734,2.2878771253844774,0.3205393078036458,1.6371477352964192,2.938606515472536,0,1,1,12.767616294800272,0.7476
1520,2399694,2.5702268329727365,2.509383828657308,0.12036402742217497,2.2734746698756534,2.745292987438962,2.793174498652363,0.38026797879444246,2.024009910764113,3.562339086540613,2.793174498652363,0.3836816473933332,2.014259344355005,3.572089652949721,1,1,1,10.161284950419006,0.6303
1521,2400694,2.5763333577854817,2.251143976615287,0.10727489468296962,2.0408890465913396,2.4613989066392348,2.5172939622176753,0.287179030057598,1.936419545695208,3.0981683787401426,2.5172939622176753,0.2709601948192954,1.9672155224747665,3.067372401960584,0,1,1,6.379913611537015,0.5264
1522,2401694,2.581769243072352,2.2923098289053634,0.08998851760855014,2.1159355753704565,2.4686840824402703,2.423607007609813,0.28202382719892943,1.853159973100522,2.994054042119104,2.423607007609813,0.28993689331974526,1.8350038217891242,3.0122101934305014,0,1,1,10.380846443071434,0.3677
1523,2402694,2.5734390785335255,2.455752356368816,0.11755159782739165,2.2253554583019914,2.686149254435641,2.413044920133374,0.38437439532039414,1.6355743208241926,3.1905155194425556,2.413044920133374,0.39378592842664784,1.6136169848010145,3.212472855465734,1,1,1,11.221820370210569,0.3511
1524,2403694,2.5886080906116704,2.055549631118832,0.10443338983945935,1.8508639482500604,2.2602353139876037,2.1254006364814018,0.28134327217652977,1.556330154436504,2.6944711185262995,2.1254006364814018,0.28781648236717255,1.5411021137466798,2.7096991592161235,0,1,1,7.595433605436178,0.5039
1525,2404694,2.5804320366883724,2.2289699650666392,0.09115494490575768,2.0503095560386213,2.407630374094657,2.3376385622677356,0.35282096773465166,1.623990794432273,3.0512863301031983,2.3376385622677356,0.3491184409162826,1.6288904474651915,3.04638667707028,0,1,1,14.66848000124507,0.6892
1526,2405694,2.580553639009831,1.8219877913028228,0.1268223661621288,1.5734205211908991,2.0705550614147468,2.2331795765494773,0.3855982023318137,1.4532335939104202,3.013125559188534,2.2331795765494773,0.3923206735154089,1.4367262668293317,3.029632886269623,0,1,1,9.569531685984625,0.5285
1527,2406694,2.5735427918039404,2.3517779075210337,0.11369129599878854,2.1289470620077253,2.574608753034342,2.355778181091852,0.3576558926410929,1.6323508545490713,3.079205507634633,2.355778181091852,0.3529939098648838,1.6391624460510648,3.0723939161326395,1,1,1,9.640065638616598,0.8004
1528,2407694,2.5761575114356763,2.755260942181142,0.11178240514077266,2.5361714539999625,2.974350430362321,3.0609440996687503,0.2799926761950205,2.4946054558522897,3.627282743485211,3.0609440996687503,0.26456446771751724,2.5238496762220866,3.598038523115414,1,1,1,5.601652094296601,0.5575
1529,2408694,2.575680562202017,2.2660156112079104,0.08970172028318446,2.090203470101583,2.441827752314238,2.569634203959887,0.24828834779845968,2.0674236173170133,3.0718447906027606,2.569634203959887,0.2253716848029133,2.1121053598383552,3.0271630480814187,0,1,1,6.312438483165403,0.4191
1530,2409694,2.574098365610561,2.685205368970814,0.09055737874790439,2.507716168090569,2.8626945698510595,2.81665672671421,0.3113423361261662,2.186907410408781,3.4464060430196395,2.81665672671421,0.31075812392414925,2.1857841955675923,3.447529257860828,1,1,1,11.775986408131468,0.495
1531,2410694,2.574624996213179,2.7425527313084364,0.09424919319382721,2.5578277070765774,2.9272777555402953,2.8569348906227336,0.2888927156591762,2.2725942177941563,3.441275563451311,2.8569348906227336,0.291320996968095,2.26552182501201,3.4483479562334574,1,1,1,9.554067223902038,0.6383
1532,2411694,2.577032819601907,2.6138298419844954,0.10987532986589063,2.3984781526578915,2.8291815313110993,2.6566482182401816,0.29560426686977653,2.0587321517185613,3.254564284761802,2.6566482182401816,0.3044139620072709,2.0386550204991223,3.274641415981241,1,1,1,7.675890156818668,0.8415
1533,2412694,2.5751254152865313,2.6502525337362326,0.09421764079410928,2.4655893510714466,2.8349157164010186,2.6805270031078767,0.2652665791470302,2.143974702077966,3.2170793041377874,2.6805270031078767,0.25130092891401346,2.1703589949428626,3.190695011272891,1,1,1,7.114161782566845,0.5993
1534,2413694,2.5797409811947567,2.3826467404027225,0.10072041753950774,2.185238349517451,2.580055131287994,2.7513478599053713,0.3681707508801303,2.0066522250770156,3.496043494733727,2.7513478599053713,0.376244465691947,1.9875309871438356,3.515164732666907,1,1,1,13.954208440753314,0.5922
1535,2414694,2.576138762414129,2.506835810444809,0.11807682959283854,2.2754094770341724,2.738262143855446,2.686221154857465,0.2778148144712826,2.1242876521747043,3.2481546575402254,2.686221154857465,0.2676072715056386,2.142949511316426,3.229492798398504,1,1,1,5.136490068594521,0.6475
1536,2415694,2.58028981441834,2.3700837899192546,0.09939031800894482,2.17528234620974,2.564885233628769,2.490554160349253,0.2484158822238475,1.9880856109821554,2.9930227097163504,2.490554160349253,0.24820131945459525,1.9866786939222831,2.9944296267762227,0,1,1,6.236199663341345,0.7228
1537,2416694,2.5728317703141306,2.769610472923103,0.0937016547558445,2.5859586043098415,2.9532623415363646,2.905021461627916,0.27935356499372094,2.3399755422352175,3.4700673810206144,2.905021461627916,0.257345901024437,2.3825815076554786,3.4274614156003533,0,1,1,7.542928472635467,0.4996
1538,2417694,2.5731623322309956,2.4530636891217408,0.10375370203831169,2.24971016986395,2.6564172083795317,2.5318517819174615,0.3182129611455056,1.888205314770437,3.175498249064486,2.5318517819174615,0.32293877792260467,1.876251208517305,3.187452355317618,1,1,1,9.687979060872154,0.4361
1539,2418694,2.577602155646513,2.3577088343940735,0.08796205313761471,2.1853063782381503,2.5301112905499967,2.314219135933717,0.24222289846961792,1.824277078574235,2.8041611932931994,2.314219135933717,0.22840509397549622,1.8505321438012978,2.7779061280661366,0,1,1,6.742498452649655,0.4997
1540,2419694,2.5736639888580117,2.7202956553999496,0.0943339024318936,2.5354046041123226,2.9051867066875765,2.9279219347849414,0.26676735494931886,2.3883340281667307,3.467509841403152,2.9279219347849414,0.262657083117712,2.394699707936565,3.461144161633318,1,1,1,7.7525153054904825,0.3611
1541,2420694,2.580345802104629,2.5165093454810505,0.10273824053807859,2.3151460941914035,2.7178725967706976,2.9546015993579955,0.3005638644698104,2.34665379980375,3.5625493989122408,2.9546015993579955,0.2932204296368612,2.359332480427232,3.549870718288759,1,1,1,8.14562108335756,0.4392
1542,2421694,2.573374398882455,2.7521763398346692,0.10860438776835614,2.5393156512456687,2.96503702842367,2.910324390301911,0.3010948419258512,2.301302587468588,3.5193461931352337,2.910324390301911,0.28428558805202575,2.3331939641101824,3.4874548164936394,1,1,1,6.85196196721479,0.4398
1543,2422694,2.570231480733515,2.776411945411371,0.0978593587669792,2.584611126677908,2.968212764144834,2.8458915285102466,0.2582766721746969,2.3234776488451763,3.368305408175317,2.8458915285102466,0.26601306544925785,2.305856295323531,3.3859267616969624,0,1,1,7.389264362723625,0.5108
1544,2423694,2.5603680046330717,2.023480592812219,0.08903602116055358,1.848973198010788,2.1979879876136503,2.0964812829045854,0.23434036756404691,1.6224831492347107,2.57047941657446,2.0964812829045854,0.23481247472109157,1.6197866163212142,2.5731759494879567,0,1,1,6.955219544988509,0.8434
1545,2424694,2.57762485355574,2.362888385981081,0.08405479870689384,2.198144007787805,2.5276327641743572,2.520552603834877,0.2850562482935675,1.9439719187117337,3.0971332889580205,2.520552603834877,0.2920447415215223,1.9276702586682126,3.1134349490015416,0,1,1,12.071847953706174,0.6859
1546,2425694,2.5779475517116457,2.38394578284349,0.10311776926554535,2.18183866891691,2.5860528967700698,2.7548058654920493,0.267066199811287,2.214613488085036,3.2949982428990627,2.7548058654920493,0.26738002143189643,2.2119955641274096,3.297616166856689,1,1,1,6.723430016603532,0.5397
1547,2426694,2.583217478838144,2.462589986221124,0.11505153176272319,2.23709312760002,2.6880868448422275,2.959471219502635,0.333670670251817,2.2845585845017045,3.6343838545035654,2.959471219502635,0.34173033488961063,2.265721757319592,3.653220681685678,1,1,1,8.822308783188022,0.577
1548,2427694,2.5749272440179585,2.2757774905430512,0.10238055253542598,2.0751152948563054,2.476439686229797,2.6119219360929478,0.33715904034277333,1.9299534065833124,3.2938904656025834,2.6119219360929478,0.34264454013572987,1.91631653859171,3.3075273335941855,0,1,1,11.200894167544595,0.5478
1549,2428694,2.5824141098624427,2.670847310635164,0.1005348841000284,2.4738025586092,2.867892062661128,3.063185851501147,0.3220887872173591,2.4116997861509426,3.714671916851352,3.063185851501147,0.3100291906229626,2.433793133628434,3.69257856937386,1,1,1,9.509804958033193,0.5354
1550,2429694,2.575746353726747,1.9080828767854512,0.10078883718716214,1.7105403858549422,2.10562536771596,2.0436563905049847,0.2939232499249407,1.449140501694112,2.6381722793158575,2.0436563905049847,0.2771565482490566,1.4809986845380763,2.606314096471893,0,1,1,7.561804035307325,0.4701
1551,2430694,2.584864167767925,2.5355548459259607,0.0930123052149387,2.3532540775856337,2.7178556142662877,2.64799387341289,0.25169414048755023,2.1388944208222656,3.1570933260035146,2.64799387341289,0.2515775227654339,2.137264349877202,3.158723396948578,1,1,1,7.31581739274208,0.6607
1552,2431694,2.5786414744487653,2.3384862701761002,0.09777984725808092,2.1468412911364343,2.530131249215766,2.6841685113359244,0.3247378128989698,2.0273242857925817,3.341012736879267,2.6841685113359244,0.3227553644534091,2.0289402870737296,3.339396735598119,0,1,1,10.895526707936254,0.488
1553,2432694,2.578382305284458,2.1929151975011685,0.08910611754569016,2.018270416309423,2.367559978692914,2.610700634959153,0.2755858087355944,2.053275721938679,3.168125547979627,2.610700634959153,0.2667691035924105,2.0691305627439633,3.1522707071743423,0,1,1,8.963054066386427,0.5874
1554,2433694,2.570214311802776,2.3404199793813434,0.09096105442065867,2.1621395887210646,2.518700370041622,2.3051554688445206,0.2574396182364195,1.7844346905799848,2.8258762471090564,2.3051554688445206,0.2634510445149014,1.7703214146689854,2.839989523020056,0,1,1,8.38858824376436,0.3742
1555,2434694,2.5791805787483524,2.2232253033429537,0.09250315982373077,2.041922441632289,2.4045281650536183,2.183131964261614,0.21801664678238078,1.7421516723980308,2.6241122561251973,2.183131964261614,0.21661587204089242,1.7433783650465366,2.622885563476691,0,1,1,5.483620794084879,0.5531
1556,2435694,2.581151761758918,2.690193481179244,0.09823863390354033,2.4976492968378894,2.8827376655205983,2.8095980065117443,0.2942301427903307,2.2144613682886227,3.404734644734866,2.8095980065117443,0.3023141830460946,2.1958675866873425,3.423328426336146,1,1,1,9.470053138422937,0.7175
1557,2436694,2.585080428242581,2.2321335334016164,0.12066827327648728,1.9956280637030641,2.4686390031001686,2.6399977989315317,0.34378947995710524,1.944617939418135,3.335377658444928,2.6399977989315317,0.3487251405564794,1.932048126307608,3.3479474715554556,0,1,1,8.351804497857835,0.5238
1558,2437694,2.5733624744588,2.4548274745888383,0.09577880224669044,2.267104471702941,2.6425504774747357,2.44456377775947,0.27365693139335123,1.891040387425016,2.9980871680939245,2.44456377775947,0.26680011046511887,1.9029307582461652,2.9861967972727754,1,1,1,7.759490516847202,0.8071
1559,2438694,2.5707667046907186,2.151011129801403,0.09331938811489268,1.9681084900368981,2.333913769565908,2.3094242781986773,0.2819197010867973,1.7391878586309348,2.87966069776642,2.3094242781986773,0.2856159749164513,1.7295930230858385,2.889255533311516,0,1,1,9.367446555877088,0.8642
1560,2439694,2.576469536390076,2.499409299563997,0.08807151155126938,2.3267923088595057,2.6720262902684886,2.5123481271639703,0.22258999995207046,2.0621173553699346,2.962578898958006,2.5123481271639703,0.22028274841390436,2.0651503731521275,2.959545881175813,1,1,1,6.255903956987346,0.7788
1561,2440694,2.575961583971473,2.478682124418036,0.09798528947797634,2.286634486026471,2.670729762809601,2.754847452026785,0.2748138304713723,2.1989840124318185,3.310710891621752,2.754847452026785,0.2621012442765873,2.2227536380166057,3.2869412660369646,1,1,1,7.15511149170225,0.3738
1562,2441694,2.58102717307422,2.599698615668059,0.10126735005556552,2.40121825674934,2.7981789745867776,2.764717453853766,0.3079843367354054,2.141760332425518,3.3876745752820145,2.764717453853766,0.3114482469577106,2.1324438984652474,3.396991009242285,1,1,1,9.458731340619368,0.7023
1563,2442694,2.5836189148706104,2.0288799749442656,0.08896740471089042,1.8545070659129212,2.20325288397561,2.2595815629767704,0.24549968693654614,1.7630115753383513,2.7561515506151895,2.2595815629767704,0.2455328887778908,1.7611232988225647,2.7580398271309763,0,1,1,7.616536072234155,0.7451
1564,2443694,2.5794875115671734,2.086343963615734,0.10376677121811097,1.882964829236229,2.289723097995239,2.2989443998249204,0.4012280820149305,1.4873840014695558,3.110504798180285,2.2989443998249204,0.41362667810552595,1.4592376012670398,3.138651198382801,0,1,1,15.889143129025232,0.7651
1565,2444694,2.573505300958544,2.3711175654470553,0.0818010527794869,2.210790448101801,2.53144468279231,2.5721109717316093,0.2601979389837962,2.0458109631368058,3.098410980326413,2.5721109717316093,0.26323929742071944,2.037706787010757,3.1065151564524616,0,1,1,10.355800130722898,0.8818
1566,2445694,2.5773853130331053,2.4761266318054815,0.08947282822258414,2.3007631108942777,2.6514901527166854,2.5503952057951023,0.2612037274245656,2.0220607980536762,3.0787296135365283,2.5503952057951023,0.2576304061473139,2.0273776757170845,3.07341273587312,1,1,1,8.291095265389842,0.8022
1567,2446694,2.5809179358647536,2.7129293824870087,0.09121918627940866,2.5341430626803176,2.8917157022936997,2.7935650462915045,0.24123651760908393,2.3056181325423224,3.2815119600406866,2.7935650462915045,0.22374245041748378,2.3393437238128114,3.2477863687701976,1,1,1,6.016229470088755,0.4171
1568,2447694,2.5738007572107553,2.360990723395776,0.10022989801553137,2.164543733111212,2.55743771368034,2.345376313134393,0.2974240390666078,1.7437794099137067,2.9469732163550795,2.345376313134393,0.30583341565215005,1.7245014712950808,2.966251154973705,0,1,1,9.310549068722132,0.4937
1569,2448694,2.57463303674728,2.2258852751485585,0.09276817564934,2.0440629919643665,2.4077075583327505,2.2443106699294733,0.26584203642219084,1.706594396694226,2.7820269431647207,2.2443106699294733,0.2537096921772943,1.7292526123663943,2.7593687274925522,0,1,1,7.47956059311449,0.3376
1570,2449694,2.577302860650318,2.251042504578691,0.10048075002113631,2.054103853397691,2.4479811557596904,2.360681153797021,0.2880719868981272,1.7780005615812304,2.9433617460128114,2.360681153797021,0.2856479825718558,1.780784919689181,2.940577387904861,0,1,1,8.081585762136733,1.0361
1571,2450694,2.57735547002738,2.3508447460986486,0.11030532070298528,2.134650290217657,2.56703920197964,2.5896009257815025,0.3218536378350486,1.9385904949517498,3.240611356611255,2.5896009257815025,0.32699770576448306,1.9257602907893527,3.253441560773652,0,1,1,8.788130310080488,0.2738
1572,2451694,2.5770581928025185,2.6684495903156535,0.10477035960594451,2.4631034588406924,2.8737957217906147,2.8180679778402316,0.33610459001788945,2.1382322754283685,3.4979036802520946,2.8180679778402316,0.33130459706932497,2.1454838886640095,3.4906520670164536,1,1,1,9.999494710111682,0.3642
1573,2452694,2.5684139260078447,2.3598633826426663,0.08676033533058385,2.189816250108104,2.5299105151772285,2.6660419945603513,0.3025466840469415,2.054083563851372,3.2780004252693304,2.6660419945603513,0.3023992787298797,2.0521388213136373,3.2799451678070652,0,1,1,12.148399300883929,0.5832
1574,2453694,2.578865174770926,1.867968257151418,0.08627176768363082,1.6988786996088951,2.037057814693941,2.1085666197871054,0.2208894424245058,1.6617755502630747,2.555357689311136,2.1085666197871054,0.21703987706154176,1.6679522446179897,2.5491809949562207,0,0,0,6.329095897883385,0.7833
1575,2454694,2.581539946499055,2.4515673853637043,0.11527436171989953,2.2256337880518586,2.67750098267555,2.469000017993712,0.36243728603733527,1.735901410443228,3.2020986255441963,2.469000017993712,0.3665380880381859,1.7248881394616689,3.2131118965257555,1,1,1,10.110503127777019,0.3073
1576,2455694,2.5722783267125315,2.1775703742954264,0.09020179355354963,2.000778107589552,2.354362641001301,2.1980476336431742,0.29739725615419044,1.5965049039762467,2.799590363310102,2.1980476336431742,0.30267517434298447,1.5835843625249268,2.812510904761422,0,1,1,11.259607622601742,0.5284
1577,2456694,2.584254665589891,2.5710488568281082,0.10297129840357848,2.369228820515768,2.7728688931404486,2.869002471431847,0.24459214024224196,2.374268170251506,3.363736772612188,2.869002471431847,0.23977406332500825,2.382235244486948,3.3557696983767458,1,1,1,5.42215624771663,0.3312
1578,2457694,2.5811556750493074,2.4609508858677547,0.09816459903173275,2.268551807208743,2.6533499645267664,2.881309668065564,0.2728714997665806,2.3293749631508884,3.4332443729802398,2.881309668065564,0.2757148831313431,2.321578697884008,3.44104063824712,1,1,1,7.888794192492645,0.5267
1579,2458694,2.56961109735062,2.555538680779946,0.08370709804489489,2.3914757833615887,2.7196015781983034,2.456637020989968,0.24361015881061604,1.963888964735022,2.9493850772449144,2.456637020989968,0.2309841914603071,1.9877141826059037,2.9255598593740326,1,1,1,7.614474620682915,0.2364
1580,2459694,2.5786306180914758,2.1253818082670506,0.09986599775066589,1.9296480493955874,2.3211155671385137,2.2711237719212867,0.31898802804941345,1.6259095839853066,2.916337959857267,2.2711237719212867,0.31963962424682285,1.6222208365548512,2.920026707287722,0,1,1,10.244385958658162,0.5262
1581,2460694,2.5817443149013948,2.3460919827579727,0.1139723156957153,2.1227103487597416,2.569473616756204,2.824324289218536,0.31283021782114706,2.19156544811858,3.4570831303184923,2.824324289218536,0.3176807888855347,2.1793980010491887,3.4692505773878834,0,1,1,7.7693226995482885,0.601
1582,2461694,2.5735123706881624,2.137928752642466,0.0838968627626484,1.9734939232117756,2.3023635820731565,2.055060622265799,0.2787562141489123,1.4912229590029713,2.6188982855286267,2.055060622265799,0.2860689988506968,1.4743096796723614,2.6358115648592366,0,1,1,11.62653089272588,0.3162
1583,2462694,2.5793340629993686,2.4575945790527323,0.09961260586896478,2.262357459143378,2.6528316989620864,2.488350649892819,0.31446431569978595,1.8522865338512888,3.1244147659343495,2.488350649892819,0.32351411852494516,1.831582072974407,3.1451192268112313,1,1,1,10.547702556003491,0.6965
1584,2463694,2.5736674203898957,2.2161785126887654,0.10186646951726391,2.0165239012026808,2.41583312417485,2.395393430859567,0.276061181324462,1.837006986019956,2.953779875699178,2.395393430859567,0.280884499944715,1.8251675805991683,2.9656192811199658,0,1,1,7.603140903648794,0.4543
1585,2464694,2.5733346696433115,2.424214519065038,0.12780282045812483,2.1737255938444746,2.6747034442856017,2.1892219119746827,0.3161835636359964,1.5496802887432874,2.828763535206078,2.1892219119746827,0.3041850159773232,1.5716934993841618,2.8067503245652037,1,1,1,5.664932736653138,0.3504
1586,2465694,2.5813626671343424,2.0326161478099127,0.0991955606952626,1.8381964214209412,2.2270358741988843,2.2228460644084835,0.2971009624753159,1.6219026452754797,2.8237894835414874,2.2228460644084835,0.30378402940591115,1.606131697835708,2.839560430981259,0,1,1,9.378759588335676,0.4574
1587,2466694,2.5729807675623055,2.4876789526835132,0.10450307819397818,2.2828566831497428,2.6925012222172837,2.8321014773405357,0.28650037833329817,2.2525997634986767,3.4116031911823947,2.8321014773405357,0.28895146783559644,2.2454988116079173,3.418704143073154,1,1,1,7.64524916351531,0.6159
1588,2467694,2.57599587046666,2.181660685773641,0.12182605696104387,1.9428860017514697,2.420435369795812,2.4650432943554934,0.4324107969962152,1.59040990154539,3.3396766871655967,2.4650432943554934,0.43793499023476823,1.575987998621654,3.3540985900893325,0,1,1,12.922273120178742,0.4962
1589,2468694,2.5764313965471937,2.0085388408188947,0.0933511661455629,1.8255739172587766,2.1915037643790125,2.211872005020202,0.25160942807860326,1.702943899449969,2.720800110590435,2.211872005020202,0.25779652924308427,1.6885172271283955,2.735226782912009,0,1,1,7.62631320043225,0.4625
1590,2469694,2.5768913624888343,2.084931663291359,0.09771576654804648,1.8934122801354638,2.276451046447254,2.120739610350262,0.33033733016397915,1.4525692920783957,2.788909928622128,2.120739610350262,0.3258625532432747,1.4592034574911905,2.7822757632093333,0,1,1,11.120892061017868,0.3355
1591,2470694,2.57611207485885,2.0191130870557616,0.09308843404743766,1.8366631089455516,2.2015630651659714,2.283165584473206,0.23419929164771974,1.8094528037783224,2.75687836516809,2.283165584473206,0.23083624090603463,1.8145431016823592,2.7517880672640533,0,1,1,6.1491705355900885,0.6664
1592,2471694,2.56922560252181,2.0846099691509536,0.09860634920328261,1.89134507606554,2.2778748622363674,2.574972434973453,0.2815997469914538,2.00538318364919,3.144561686297716,2.574972434973453,0.2751394462421123,2.016409663782932,3.133535206163974,0,1,1,7.785669393502614,0.4315
1593,2472694,2.5666983554746525,2.3196276213456746,0.09001748892728903,2.1431965850694548,2.4960586576218944,2.4120611913701904,0.3413363223445174,1.7216433114851943,3.1024790712551864,2.4120611913701904,0.34740228557325314,1.7067970571356397,3.117325325604741,0,1,1,14.894007040603602,0.4061
1594,2473694,2.5690243045082615,2.297066645440415,0.09765038226185879,2.105675413130603,2.488457877750227,2.746078148858054,0.2527695147973269,2.2348035464154035,3.257352751300705,2.746078148858054,0.2585368755933689,2.2212203879708836,3.2709359097452246,0,1,1,7.009662315727568,0.53
1595,2474694,2.5823496993150727,2.1503394318689226,0.08313269781017235,1.987402338223333,2.313276525514512,2.3306338222947853,0.28309399560148363,1.7580221678747376,2.903245476714833,2.3306338222947853,0.27761412326653995,1.7670471896571147,2.894220454932456,0,1,1,11.151656004607261,0.3642
1596,2475694,2.5713957842280197,2.3454628220119744,0.11309701033969485,2.1237967549870183,2.5671288890369306,2.6113797404962007,0.2957714111267699,2.0131255928036236,3.209633888188778,2.6113797404962007,0.2996219426689514,2.003114859206193,3.2196446217862085,0,1,1,7.018510946811701,0.3208
1597,2476694,2.5816787243545094,2.42507052096695,0.09477493327640528,2.2393150651080087,2.610825976825891,2.6944007518342263,0.3120308274488109,2.0632588303819595,3.3255426732864932,2.6944007518342263,0.3076452687935348,2.0698476525677636,3.318953851100689,1,1,1,10.53691572210008,0.3789
1598,2477694,2.568246789603391,2.4628433508000036,0.09173618211939116,2.2830437377667896,2.6426429638332176,2.6177157576562564,0.19734039474217588,2.2185571330547873,3.0168743822577255,2.6177157576562564,0.19550800242249539,2.220813411901961,3.0146181034105517,1,1,1,4.542006521080726,0.5665
1599,2478694,2.573941179974829,2.234769584393447,0.0895532723116563,2.0592483959648926,2.4102907728220013,2.2613681685696294,0.30670205588489513,1.641004704974645,2.881731632164614,2.2613681685696294,0.3098523013078108,1.6323345550980288,2.8904017820412298,0,1,1,11.97144384136466,0.3842
1600,2479694,2.58080677536491,1.9531933702257454,0.08980473902968529,1.7771793160865437,2.129207424364947,2.085432894303235,0.2126833409875653,1.6552402316446044,2.5156255569618655,2.085432894303235,0.21388138749401703,1.6512305938464473,2.5196351947600224,0,0,0,5.672146970507413,0.5089
1601,2480694,2.5690686508160856,1.9920491661361641,0.09027875223457843,1.8151060631871754,2.1689922690851526,2.064046978927905,0.2662401962432668,1.5255253514378437,2.602568606417966,2.064046978927905,0.26696111323563926,1.522087106413696,2.6060068514421135,0,1,1,8.744297270474583,0.9333
1602,2481694,2.5707036065180606,2.4864827819221214,0.09591431304202289,2.298494182757856,2.6744713810863865,2.676257796808705,0.30159363344871537,2.0662270928910935,3.2862885007263163,2.676257796808705,0.30533670126702556,2.05639133878071,3.2961242548367,1,1,1,10.134239821109048,0.5277
1603,2482694,2.566539452323106,2.462566339808177,0.10008864012837808,2.2663962098949657,2.658736469721388,2.5345030663035466,0.27939449073126865,1.9693743667931147,3.0996317658139785,2.5345030663035466,0.28424945493234766,1.9574459942445492,3.111560138362544,1,1,1,8.065470439132103,0.4058
1604,2483694,2.5795115753018982,2.7085528802983623,0.10044058095435708,2.5116929590415427,2.905412801555182,3.112937988863819,0.27294840954473926,2.5608477192391996,3.665028258488438,3.112937988863819,0.26519472089191165,2.5745640834510124,3.6513118942766254,1,1,1,6.971260585815643,0.3731
1605,2484694,2.576595415493265,2.7996490454757366,0.12622266935227508,2.5522571595127697,3.0470409314387035,3.0271912959751752,0.4763130896977329,2.063757134348916,3.9906254576014346,3.0271912959751752,0.44792412634389667,2.1178569758298225,3.936525616120528,1,1,1,12.593144590589853,0.9134
1606,2485694,2.575847479745349,2.7435527248052356,0.09218931790004639,2.5628649819618308,2.9242404676486404,2.6063661039485417,0.2585524636246451,2.083394383421837,3.1293378244752463,2.6063661039485417,0.23244408454831023,2.1344795250321242,3.0782526828649592,1,1,1,6.3573451897229685,0.4097
1607,2486694,2.579551956277271,2.4934681567936114,0.10049325818573736,2.2965049900604813,2.6904313235267416,2.679141199284503,0.2876408248980126,2.0973327145314093,3.260949684037597,2.679141199284503,0.2927111318411773,2.084906009846598,3.2733763887224083,1,1,1,8.484077436801298,0.6929
1608,2487694,2.576211600809311,2.218254630652952,0.08862862902010656,2.0445457097743818,2.3919635515315223,2.433706330713317,0.277022895897499,1.873374634539157,2.994038026887477,2.433706330713317,0.2717936443980924,1.8819358983726955,2.9854767630539385,0,1,1,9.404387841614435,0.6337
1609,2488694,2.577201422006351,2.208016978127855,0.11410313526368122,1.9843789424879374,2.4316550137677724,2.3333859674469606,0.33429777954047757,1.657204884181986,3.009567050711935,2.3333859674469606,0.3422777724332592,1.6385251479663347,3.0282467869275864,0,1,1,8.998336668169534,0.4171
1610,2489694,2.58240119194672,2.0045016030116396,0.09591268963871163,1.8165161856593968,2.1924870203638824,2.4027858898826917,0.26242731887533294,1.8719765348239643,2.933595244941419,2.4027858898826917,0.2577028447702913,1.8796213015818561,2.9259504781835273,0,1,1,7.219153656451079,0.4627
1611,2490694,2.5740654345912333,2.0733571251218144,0.10806231824654079,1.8615588732726889,2.28515537697094,2.1393383582187973,0.27404389393826006,1.5850322622583617,2.693644454179233,2.1393383582187973,0.27444499103200126,1.5821854060561373,2.6964913103814574,0,1,1,6.450034791155515,0.5893
1612,2491694,2.5804866087589065,2.046643022314891,0.09605364985150065,1.8583813280223285,2.234904716607453,2.4084726606639437,0.33923346371948754,1.7223082138259165,3.094637107501971,2.4084726606639437,0.3447336591838143,1.7086261260201308,3.1083191953077565,0,1,1,12.88070502393521,0.3213
1613,2492694,2.575070303092442,2.7820440912616693,0.08460563209102698,2.61622009947401,2.9478680830493285,3.0086879098921426,0.280273131900299,2.4417819908671428,3.5755938289171425,3.0086879098921426,0.2880202146690419,2.423975788596155,3.5934000311881302,0,1,1,11.589038098747634,0.5912
1614,2493694,2.5784877816355243,2.616516396418205,0.09923950393505049,2.4220105428618854,2.811022249974525,2.7632441129263943,0.29997167568897387,2.156494128242095,3.3699940976106935,2.7632441129263943,0.2965812489514586,2.1611521680596497,3.365336057793139,1,1,1,8.931372648286935,0.9594
1615,2494694,2.580039316661543,2.096462469435343,0.0984652659120374,1.90347409451959,2.2894508443510957,2.612940156476178,0.299330772925589,2.0074865199920033,3.2183937929603523,2.612940156476178,0.28805897011723974,2.028149357437541,3.197730955514815,0,1,1,8.558481005218662,0.5655
1616,2495694,2.5765208126443087,2.5976098494214552,0.10228190079747103,2.397141007588113,2.7980786912547972,2.7508325071241915,0.3067375828522029,2.1303971834550173,3.3712678307933657,2.7508325071241915,0.2981952911528473,2.145463882387877,3.356201131860506,1,1,1,8.49970752090265,0.7236
1617,2496694,2.5745519307070177,2.1320274920852724,0.11148367323153044,1.9135235076872408,2.350531476483304,2.30796750955185,0.2882181641861481,1.7249912458628642,2.890943773240836,2.30796750955185,0.2956874970582312,1.7076899774894352,2.908245041614265,0,1,1,7.034664387819295,0.5697
1618,2497694,2.5696597344462107,2.217349510679967,0.08324032758207266,2.054201466557789,2.3804975548021456,2.2781709435366575,0.22001543836817997,1.8331477140814325,2.7231941729918825,2.2781709435366575,0.22201343165530998,1.827459715755147,2.7288821713181677,0,1,1,7.1136245233221445,0.6705
1619,2498694,2.577316130375569,2.6872455016551307,0.0908322131292762,2.509217635285683,2.865273368024578,2.7170669795176483,0.19685732776802392,2.318885450098566,3.1152485089367308,2.7170669795176483,0.19147767385424494,2.3283466357432125,3.105787323292084,1,1,1,4.4438203547573,0.4071
1620,2499694,2.573522300463128,2.3702648451797317,0.09923708141945989,2.1757637396667215,2.564765950692742,2.502913657339301,0.278058644421928,1.940486962029337,3.0653403526492653,2.502913657339301,0.27658060681107594,1.9414251746518452,3.064402140026757,0,1,1,7.767754371100706,0.3835
1621,2500694,2.572213988543166,3.036593375494782,0.09974704620233554,2.8410927573739513,3.2320939936156123,3.095058037275863,0.3292159312146877,2.4291559624764676,3.7609601120752587,3.095058037275863,0.28235877287107586,2.5218392538592544,3.668276820692472,0,1,1,8.013135450044752,0.6863
1622,2501694,2.5811244496641077,2.5538720025186645,0.10994744742606163,2.3383789653714726,2.7693650396658565,2.664284148342854,0.2910401569983478,2.0755998654162227,3.252968431269485,2.664284148342854,0.290422757354408,2.074694606093345,3.253873690592363,1,1,1,6.977357677902216,0.4793
1623,2502694,2.565706402617054,2.561526530010317,0.09211893368538282,2.380976737692733,2.742076322327901,2.446166556075817,0.2898509772261965,1.8598876162766071,3.0324454958750264,2.446166556075817,0.2721669252205139,1.8936383233781333,2.9986947887735003,1,1,1,8.729168754874701,0.4444
1624,2503694,2.5749038462262965,2.907188184459532,0.10403501371561819,2.7032833044457902,3.111093064473274,3.1747417315164643,0.28489645612595554,2.5984842565598427,3.750999206473086,3.1747417315164643,0.28531558371297505,2.5955203029673792,3.7539631600655494,0,0,0,7.521282978136018,0.4868
1625,2504694,2.574839213619965,2.3507138764613016,0.08563980658949558,2.1828629399029142,2.518564813019689,2.472601347397809,0.22470004071788544,2.0181026153058514,2.927100079489766,2.472601347397809,0.2216685906258485,2.0225901841241942,2.9226125106714234,0,1,1,6.699724809328612,0.6231
1626,2505694,2.570554491034774,2.5977891226833663,0.09642332993503204,2.4088028687412804,2.786775376625452,2.6822416512752136,0.25184844868154704,2.1728300809017043,3.191653221648723,2.6822416512752136,0.25675788958579454,2.1609954239862663,3.203487878564161,1,1,1,7.090605832677667,0.6167
1627,2506694,2.5762591515890927,2.4014712204654023,0.0988269436725233,2.2077739701650883,2.5951684707657163,2.5027276291729144,0.22883384099110504,2.0398674968030703,2.9655877615427584,2.5027276291729144,0.23252106553473537,2.030684770545631,2.974770487800198,1,1,1,5.535717000319028,0.55
1628,2507694,2.5732257946453445,2.2333988299216667,0.09888317326273079,2.0395913716496805,2.427206288193653,2.202446579837579,0.3012883687892579,1.5930333319748602,2.8118598277002977,2.202446579837579,0.3101365401478511,1.5728359308432958,2.832057228831862,0,1,1,9.836964076922825,0.9082
1629,2508694,2.581030432983785,2.514217544958687,0.10841128797040601,2.3017353250190906,2.7266997648982834,2.808670601603929,0.30061172561066196,2.2006259937546613,3.416715209453197,2.808670601603929,0.3039705293274464,2.191577620061827,3.4257635831460314,1,1,1,7.861654457800567,0.6281
1630,2509694,2.5758944478313994,2.166351505431785,0.107318120858704,1.9560118536602085,2.3766911572033615,2.2703862101816763,0.2717799329860872,1.7206594074825183,2.8201130128808343,2.2703862101816763,0.2768486614502511,1.7083535476460265,2.832418872717326,0,1,1,6.65485714137144,0.6144
1631,2510694,2.570493325127996,2.1944307448038534,0.09778294771892661,2.002779688972594,2.3860818006351128,2.4986384962982298,0.28435308535532905,1.9234800924655677,3.073796900130892,2.4986384962982298,0.2581859576488045,1.9744931367124847,3.022783855883975,0,1,1,6.9717047338241,0.9934
1632,2511694,2.5710735084021366,2.223787202437766,0.0920026974395243,2.0434652289757627,2.404109175899769,2.186644725592698,0.2460976692219714,1.6888652046152064,2.68442424657019,2.186644725592698,0.24766175811969054,1.6838646269094957,2.6894248242759007,0,1,1,7.246307872211113,0.3791
1633,2512694,2.5764413377156337,2.3707271411445423,0.08365056879698139,2.206775039016169,2.5346792432729157,2.745305689706177,0.2349574960071763,2.2700592959378882,3.220552083474466,2.745305689706177,0.23396575569016095,2.270329954140499,3.2202814252718555,0,1,1,7.8228823110167625,0.7365
1634,2513694,2.5733302706481327,2.447679290729809,0.09800536743022517,2.255592300274953,2.639766281184665,2.270877520455329,0.266729538827155,1.7313661041640502,2.810388936746608,2.270877520455329,0.27326506139548296,1.7161199528025426,2.8256350881081156,1,1,1,7.774428855626222,0.5295
1635,2514694,2.575294221838733,2.0289323672533204,0.08337821781191491,1.865514063246831,2.1923506712598098,2.1395715191928533,0.22489310117215805,1.6846822854730208,2.5944607529126857,2.1395715191928533,0.228723971957913,1.6752371703401852,2.6039058680455214,0,1,1,7.525201832792833,0.7347
1636,2515694,2.5735596298430905,2.3620764741029237,0.08040276931288601,2.2044899419923847,2.5196630062134626,2.375372597284975,0.23007446586941502,1.9100030642386017,2.840742130331348,2.375372597284975,0.22355570719574983,1.921530383701271,2.8292148108686788,0,1,1,7.730890255262714,0.4102
1637,2516694,2.578592703606596,2.245021969765458,0.11727011481961573,2.0151767682561346,2.4748671712747816,2.3171655535835347,0.3406697782918887,1.6280958863015953,3.006235220865474,2.3171655535835347,0.3473519229302042,1.612003660949925,3.0223274462171443,0,1,1,8.773335029281018,0.5459
1638,2517694,2.5746503212440666,2.210157394967555,0.09066215288544248,2.0324628405512235,2.387851949383886,2.2322883578272545,0.25139748365416464,1.7237889503198858,2.7407877653346233,2.2322883578272545,0.2535147752811452,1.7176260026003978,2.7469507130541113,0,1,1,7.819059109633311,0.5425
1639,2518694,2.567625122087393,2.510886204726061,0.10120744540520918,2.3125232567645475,2.709249152687575,2.483220128615312,0.3115899619804201,1.8529699417429168,3.113470315487707,2.483220128615312,0.3172077813912443,1.8392540967102455,3.1271861605203783,1,1,1,9.823420595814225,1.144
1640,2519694,2.57657998100144,2.475775093180808,0.09035763460505838,2.2986773836266634,2.6528728027349526,2.77827882212942,0.19309583232135386,2.3877056353960766,3.168852008862763,2.77827882212942,0.1854108469516625,2.401874791749239,3.154682852509601,1,1,1,4.210566867884273,0.42
1641,2520694,2.571374622197016,2.3461733512585323,0.08738343766054193,2.1749049605985693,2.5174417419184953,2.404441449825431,0.2045043371609778,1.990792383941785,2.818090515709077,2.404441449825431,0.20447904995792535,1.989326909344749,2.819555990306113,0,1,1,5.475696715493331,0.2624
1642,2521694,2.5812323718551076,2.252754860107423,0.0782324701436937,2.0994220362041784,2.4060876840106675,2.4583745781980073,0.22768878842593765,1.9978305332546922,2.918918623141322,2.4583745781980073,0.23258272902615243,1.9862065360279142,2.9305426203681004,0,1,1,8.838546232691815,0.4117
1643,2522694,2.568502310382816,2.784274883527865,0.07774129128987337,2.631904752488076,2.936645014567654,2.9772955004899697,0.23848553662446592,2.494912970999568,3.4596780299803713,2.9772955004899697,0.2308971141144047,2.5085494385161926,3.446041562463747,0,1,1,8.821318639148888,0.6158
1644,2523694,2.5708849106876364,2.6556285892161893,0.0864061609193616,2.486275625771868,2.8249815526605104,3.078390159631295,0.2566351638131757,2.559296544024238,3.597483775238352,3.078390159631295,0.2546122734120248,2.5614997647476994,3.5952805545148907,1,1,1,8.682988987585901,0.5899
1645,2524694,2.5663922800637433,2.1394581383067965,0.08755955027015609,1.9678445732747663,2.311071703338827,2.329292373737266,0.2502288411858226,1.8231567687393824,2.83542797873515,2.329292373737266,0.2558289781179955,1.80993193698374,2.848652810490792,0,1,1,8.536747335813295,0.6997
1646,2525694,2.5710749751178805,2.306592078557456,0.08469343682071592,2.1405959926619342,2.4725881644529775,2.254003489624686,0.24621774480829728,1.755981092849015,2.7520258864003573,2.254003489624686,0.25362095897743653,1.7391255700341373,2.768881409215235,0,1,1,8.967487238342654,0.4674
1647,2526694,2.5763002039741987,2.839136418932843,0.10740625992415474,2.628624017767352,3.049648820098334,3.0772209356364337,0.2630153737861666,2.54522212724908,3.6092197440237874,3.0772209356364337,0.2596430479140211,2.550117525551096,3.6043243457217713,0,1,1,5.843784730920956,0.6038
1648,2527694,2.579798055854195,2.2442325290527982,0.10733777222027828,2.033854361320289,2.4546106967853074,2.590870742124526,0.3029957983597238,1.9780038919730236,3.2037375922760285,2.590870742124526,0.30386228582699765,1.9739975065708664,3.2077439776781858,0,1,1,8.013983545700404,0.4246
1649,2528694,2.5760504793856307,2.5320716754994783,0.09555038231301802,2.34479636745693,2.7193469835420268,2.6222161795964283,0.2735234802474312,2.068962719683095,3.1754696395097617,2.6222161795964283,0.2774135514235334,2.059036729447429,3.1853956297454276,1,1,1,8.429280115186563,0.8818
1650,2529694,2.573709540228257,2.0591604067345393,0.10340847232951436,1.8564835252723844,2.261837288196694,1.9086039490884885,0.27641228985158756,1.3495073202191132,2.4677005779578636,1.9086039490884885,0.2772622890113864,1.3457315779616352,2.471476320215342,0,0,0,7.189014575924071,0.4116
1651,2530694,2.5817866211540146,2.3132734961154995,0.09994766458724304,2.1173796731856136,2.5091673190453854,2.4472118498083653,0.3141876130180535,1.8117074177687251,3.0827162818480054,2.4472118498083653,0.32256940777616977,1.7923611376709454,3.102062561945785,0,1,1,10.416001945590715,0.5137
1652,2531694,2.5732650928304817,2.284060194511172,0.08651405951904585,2.1144957536974873,2.4536246353248563,2.4004497124870805,0.22927033019135507,1.9367066973751967,2.8641927275989643,2.4004497124870805,0.22771704600052978,1.938159532003657,2.862739892970504,0,1,1,6.928156682338186,0.3418
1653,2532694,2.5743652396831345,1.9817964542374835,0.09483101435714009,1.7959310814800882,2.167661826994879,2.3146130530310973,0.28397490396273406,1.740219593267364,2.889006512794831,2.3146130530310973,0.27613661649162435,1.7540259186112266,2.875200187450968,0,1,1,8.479050195076475,0.5465
1654,2533694,2.5724075029151603,2.9825666042054184,0.11589569008699256,2.755415225671497,3.2097179827393396,2.9462962150517944,0.2713311373373175,2.397477187236355,3.4951152428672336,2.9462962150517944,0.2692677149343011,2.3996536921418166,3.4929387379617722,0,1,1,5.398013894768514,0.3866
1655,2534694,2.5739672689070363,2.5060489554440584,0.09182402842945732,2.32607716680694,2.6860207440811767,2.850586934785555,0.23838606047931166,2.368405614790717,3.332768254780393,2.850586934785555,0.24210705864096915,2.359083475553153,3.342090394017957,1,1,1,6.951879237208276,0.4107
1656,2535694,2.5811507946952887,2.698410802450375,0.0810966423765799,2.5394643041251537,2.8573573007755964,2.9490064225854398,0.24952359523214887,2.4442973121744442,3.4537155329964353,2.9490064225854398,0.23783578644068212,2.4661741069105556,3.431838738260324,1,1,1,8.600994247169838,0.6435
1657,2536694,2.572429476333119,2.641047769333898,0.10994744233422363,2.425554742166525,2.8565407965012706,2.6812797368538606,0.3399431074082607,1.9936799001700904,3.3688795735376305,2.6812797368538606,0.32410579768500747,2.0233099873816256,3.3392494863260955,1,1,1,8.689671076998577,0.5086
1658,2537694,2.5818344648882667,2.5906599606297216,0.0987166319376364,2.397178917356858,2.7841410039025853,3.195408659200871,0.3217452364178816,2.5446174909333408,3.846199827468401,3.195408659200871,0.3186784106668916,2.5484570911437956,3.842360227257946,1,1,1,10.42136546059458,0.8217
1659,2538694,2.5739020463276283,2.415670403108066,0.09329176377843716,2.2328219060481107,2.5985189001680213,2.4844779624387745,0.34944247613486973,1.7776638388856112,3.191292085991938,2.4844779624387745,0.30279430095728194,1.8697728514363763,3.0991830734411727,1,1,1,10.534375280693862,0.5121
1660,2539694,2.567607071039035,2.5072414857702388,0.0920357313582665,2.326854767017233,2.6876282045232447,2.823177510350107,0.24122516058423601,2.3352535683519635,3.3111014523482503,2.823177510350107,0.24402828622243367,2.3277737517726003,3.3185812689276135,1,1,1,7.030195532716013,0.4737
1661,2540694,2.5720845242096204,2.4584738533499872,0.08569710152878701,2.2905106207740924,2.626437085925882,2.6863382019139355,0.28583705070708826,2.108178194838621,3.26449820898925,2.6863382019139355,0.28961037829943626,2.098397876824669,3.2742785270032018,1,1,1,11.420785506659247,0.7662
1662,2541694,2.5742324148814935,1.6829692127476112,0.09468339807890999,1.4973931625790788,1.8685452629161436,1.946263882645176,0.2939997028508976,1.3515933531951596,2.540934412095192,1.946263882645176,0.28893922960014967,1.359686061851366,2.5328417034389856,0,0,0,9.312479918571007,0.6349
1663,2542694,2.573736401593222,2.4012188804546426,0.10628272458278927,2.1929085680935856,2.6095291928156996,2.4424762371600743,0.31745126797134304,1.8003704398802824,3.0845820344398662,2.4424762371600743,0.30547829025987033,1.822322338195152,3.0626301361249966,1,1,1,8.261051777804482,0.3478
1664,2543694,2.5711761356416645,2.4289800148667737,0.09699176607603764,2.238879646560806,2.6190803831727414,2.4409713841890803,0.28361951951310954,1.8672967573247248,3.014646011053436,2.4409713841890803,0.28463374804822894,1.8631341556287602,3.0188086127494005,1,1,1,8.611980716401572,0.663
1665,2544694,2.582223367217654,2.421322631641291,0.10121517479164621,2.222944534360738,2.6197007289218437,2.853401847930667,0.28144911136251305,2.284117285925297,3.422686409936037,2.853401847930667,0.2859005356235941,2.272992903870189,3.433810791991145,1,1,1,7.978820210931448,0.7381
1666,2545694,2.5782369771362696,2.4781291494476765,0.0766164894307378,2.3279635895415365,2.6282947093538165,2.4950036924346164,0.23997295558873014,2.009612574110907,2.980394810758326,2.4950036924346164,0.23708183817290426,2.013701973115639,2.976305411753594,1,1,1,9.575293046268884,0.5747
1667,2546694,2.5759769872888993,2.246081655581529,0.08794418413748956,2.0737142220222906,2.418449089140767,2.4009680588952964,0.2976014809364731,1.7990122456155992,3.0029238721749936,2.4009680588952964,0.30325349638655225,1.78533073161132,3.0166053861792728,0,1,1,11.890425195064525,0.5865
1668,2547694,2.5780356484095894,1.8753655924043477,0.09426154298473657,1.6906163630270898,2.0601148217816054,1.9867526401107747,0.3043085373126564,1.371230524798797,2.6022747554227523,1.9867526401107747,0.3125279538139624,1.3522871632731928,2.6212181169483566,0,1,1,10.992808135712263,0.4325
1669,2548694,2.5700684263988984,1.68934082964113,0.0814859713857945,1.5296312604797115,1.8490503988025486,1.7495759725129796,0.22642277148363094,1.291592688543481,2.207559256482478,1.7495759725129796,0.22904161088556074,1.2845967823549729,2.2145551626709863,0,0,0,7.900654763961836,0.4135
1670,2549694,2.5737837672008244,1.9283485761135353,0.09434398247292965,1.7434377683085152,2.1132593839185554,2.103966803632164,0.21497286558034728,1.6691431403685126,2.5387904668958154,2.103966803632164,0.20419763075630748,1.6894235745038484,2.51851003276048,0,0,0,4.684605110910633,0.977
1671,2550694,2.5830639473471164,2.379885286910409,0.09473863999162031,2.194200964582527,2.565569609238291,2.5508602068186614,0.2542782316231751,2.0365339365514608,3.065186477085862,2.5508602068186614,0.2524952837866899,2.038267529357482,3.0634528842798407,0,1,1,7.103170662046125,0.2499
1672,2551694,2.571246779097775,2.552174751179513,0.09697693668462316,2.3621034479466307,2.7422460544123957,2.55647865960493,0.23885363333519974,2.073351584240032,3.039605734969828,2.55647865960493,0.24300874999570496,2.063144669604444,3.049812649605416,1,1,1,6.27923736003483,0.4253
1673,2552694,2.570579003859522,2.464305536273243,0.1132560623237291,2.2423277330879103,2.686283339458576,2.837405782955916,0.34670846608129297,2.1361217167134114,3.5386898491984207,2.837405782955916,0.3527835797178373,2.121217040814198,3.553594525097634,1,1,1,9.7027269399829,0.5345
1674,2553694,2.5738209803131284,2.3565105616433857,0.0881004180280901,2.183836915285406,2.5291842080013653,2.7711163990418726,0.27906346751085237,2.206657257193698,3.335575540890047,2.7711163990418726,0.2797988696211743,2.203094495508443,3.3391383025753023,0,1,1,10.086395027638586,0.666
1675,2554694,2.578178446399088,2.0738933358306726,0.09169991068447017,1.8941648135035714,2.253621858157774,2.1602410034648716,0.2512950676629128,1.6519487518530744,2.6685332550766687,2.1602410034648716,0.24992753285746902,1.652861137522876,2.6676208694068673,0,1,1,7.428316146299714,0.5698
1676,2555694,2.5809180103101395,2.446156881621382,0.09563278656338427,2.2587200642159426,2.633593699026821,2.5445460368153214,0.292085698550591,1.9537469464844466,3.1353451271461963,2.5445460368153214,0.26495750157103315,2.0066537122265644,3.0824383614040785,1,1,1,7.676068096817287,0.219
1677,2556694,2.5745512889474265,2.3895671751299132,0.09680213053216438,2.199838485660126,2.5792958645997004,2.4516875751455105,0.28050357573624696,1.88431553946596,3.019059610825061,2.4516875751455105,0.2878115929355015,1.8673989784847886,3.035976171806232,1,1,1,8.83988742983084,0.5703
1678,2557694,2.5733827254515926,1.9840339533764555,0.09666374388647649,1.7945764967481577,2.173491410004753,2.4657956803759187,0.29028151529079715,1.8786458951427112,3.052945465609126,2.4657956803759187,0.2856323101454691,1.885931262985141,3.0456600977666963,0,1,1,8.731471507957542,0.3925
1679,2558694,2.5806871709721917,2.2999178120002033,0.09680763102881286,2.1101783417550877,2.489657282245319,2.4038778431706067,0.3159423406495487,1.7648241394836035,3.04293154685761,2.4038778431706067,0.30563984345320616,1.7833959737870595,3.024359712554154,0,1,1,9.967832966539309,0.2587
1680,2559694,2.5689701115450787,2.4578048693820786,0.10696981884380638,2.248147877015444,2.667461861748713,2.5407091603940115,0.3188413430195233,1.8957916709360956,3.1856266498519274,2.5407091603940115,0.32381355615348756,1.883332692771879,3.198085628016144,1,1,1,9.163629710426232,0.4573
1681,2560694,2.57228070855266,2.5267657665554277,0.11805707744884272,2.29537814663564,2.7581533864752155,2.776887697593341,0.3422539634569306,2.0846137133624145,3.469161681824268,2.776887697593341,0.3482140480666739,2.0699755978850405,3.483799797301642,1,1,1,8.699785004782806,0.4964
1682,2561694,2.5790528210346757,2.478898821124045,0.09746943210479733,2.28786224460507,2.6699353976430196,2.4149824520388283,0.2247378568394926,1.9604072296210653,2.8695576744565914,2.4149824520388283,0.22574272235088047,1.95670036164949,2.8732645424281666,1,1,1,5.364023166588069,0.3622
1683,2562694,2.5780980388430637,2.388679425353193,0.09726898101061839,2.1980357257594703,2.5793231249469155,2.589091988653202,0.26725671273092183,2.0485142624934936,3.12966971481291,2.589091988653202,0.26134053029112947,2.058542506136031,3.1196414711703726,1,1,1,7.2187965737984925,0.6702
1684,2563694,2.566958363069581,2.503366571668513,0.09834890488598098,2.310606260173035,2.6961268831639913,2.5154540422281957,0.29134412265527515,1.9261549307272943,3.104753153729097,2.5154540422281957,0.27443912661714465,1.9583129954606306,3.0725950889957607,1,1,1,7.786692064414074,0.4856
1685,2564694,2.5746744572826534,1.936040094699631,0.11762576831652317,1.705497825145393,2.166582364253869,2.3758481423379947,0.31028993557570583,1.7482275070702231,3.0034687776057662,2.3758481423379947,0.31435033122787664,1.7376830426641612,3.014013242011828,0,1,1,7.14205019607141,0.218
1686,2565694,2.581963905311641,2.3044166453042907,0.1005362523471121,2.1073692115633205,2.501464079045261,2.603475869600859,0.2624073294173334,2.0727069470373234,3.1342447921643943,2.603475869600859,0.2393582968310192,2.117552693511708,3.08939904569001,0,1,1,5.668283815284751,0.3318
1687,2566694,2.5896102379923813,1.9124037808394743,0.09344135129382454,1.729262097636823,2.0955454640421256,2.2256295029083373,0.2953932207069232,1.628140317544029,2.8231186882726456,2.2256295029083373,0.2950432603599205,1.6266598408748325,2.824599164941842,0,1,1,9.969954502877018,1.019
1688,2567694,2.5747308473798256,2.395392296654941,0.10317346759780376,2.193176016003135,2.5976085773067465,2.7556946849725468,0.3267170549883992,2.094847064426361,3.4165423055187327,2.7556946849725468,0.32098720665533814,2.1040560118746137,3.40733335807048,1,1,1,9.679198412322656,0.3979
1689,2568694,2.5690827462927133,2.8991000648169156,0.10058829522632957,2.7019506289070274,3.096249500726804,2.666407316157875,0.3302396121185697,1.9984346512891822,3.3343799810265677,2.666407316157875,0.30534826698728657,2.046517378469482,3.286297253846268,0,1,1,9.215014510659778,0.6104
1690,2569694,2.577628691123894,2.7619519727769966,0.10855444329683309,2.5491891735534082,2.974714772000585,3.051220369316936,0.36706081857445005,2.3087697844851354,3.7936709541487366,3.051220369316936,0.36992331548075064,2.3002361137148113,3.8022046249190606,1,1,1,11.612566144119581,0.5455
1691,2570694,2.5638338687445255,2.666971999446461,0.08716532134204628,2.49613110891519,2.837812889977732,2.8833309740152417,0.28120203537800986,2.3145461703602854,3.452115777670198,2.8833309740152417,0.2605772964946335,2.354330938479446,3.4123310095510373,1,1,1,8.936874861152019,0.4083
1692,2571694,2.573613483050458,2.637878013840239,0.10331180492392364,2.4353905970115206,2.840365430668957,2.8552970491093883,0.3685026071231069,2.109930171671606,3.6006639265471705,2.8552970491093883,0.369481235512825,2.1052102635550702,3.6053838346637064,1,1,1,12.790422081756994,0.6324
1693,2572694,2.5823658783902985,2.37872968513686,0.10325330284547164,2.1763569302749284,2.5811024399987916,2.6452103124984676,0.18439662735176413,2.272232928668652,3.018187696328283,2.6452103124984676,0.18128146470372822,2.277189373758594,3.013231251238341,0,1,1,3.0824702778023063,0.6846
1694,2573694,2.580714396964703,2.7051184272206164,0.10026191197068232,2.5086086907369536,2.901628163704279,2.988899716622516,0.30711798432536896,2.3676949583476,3.610104474897432,2.988899716622516,0.29115739249548805,2.3978187857487288,3.579980647496303,1,1,1,8.433030638208912,0.3042
1695,2574694,2.581391796041123,2.156748159178204,0.07806838096355369,2.003736944158286,2.3097593741981215,2.270124922915924,0.21399272814855597,1.8372837747359452,2.7029660710959034,2.270124922915924,0.20178261728669153,1.8604844317791072,2.679765414052741,0,1,1,6.68062595150545,0.5181
1696,2575694,2.5761662629829725,2.265526305448176,0.0927254965178959,2.083787671824506,2.447264939071846,2.444357285214787,0.27397515004328615,1.890190236906523,2.9985243335230507,2.444357285214787,0.27975541517682867,1.876423598893341,3.012290971536233,0,1,1,9.102457683924841,0.7821
1697,2576694,2.5779309445769423,2.0554504020700097,0.09590899337915117,1.867472229253383,2.2434285748866367,2.30511328868729,0.24476798730796873,1.8100233032437887,2.8002032741307916,2.30511328868729,0.25060864713020115,1.7963506872601762,2.813875890114404,0,1,1,6.8276844020608785,0.2897
1698,2577694,2.5761371632003636,2.557620350664448,0.10374958838687211,2.3542748940153237,2.7609658073135726,2.9741445412446756,0.25058891942667866,2.467280609258509,3.481008473230842,2.9741445412446756,0.25668353254810733,2.453049266767458,3.4952398157218934,1,1,1,6.121012273415109,0.5372
1699,2578694,2.5751359181664286,2.623578251600581,0.11225939061159164,2.4035538890754475,2.8436026141257145,2.9386019763062468,0.3395026386071234,2.2518930718670966,3.625310880745397,2.9386019763062468,0.32925511458293155,2.2701785577744626,3.607025394838031,1,1,1,8.602401313818683,0.7757
1700,2579694,2.5813605660947614,2.498083575323118,0.09280839970748968,2.3161824544336405,2.6799846962125953,2.70714725240042,0.2335044156512158,2.2348399910742165,3.1794545137266237,2.70714725240042,0.23802149610793183,2.2239379260576997,3.1903565787431405,1,1,1,6.577453597514368,0.3579
1701,2580694,2.5679882003150873,2.5224303792051552,0.09110669555428536,2.3438645371683005,2.70099622124201,2.634322636599088,0.21904276132786826,2.1912668321614297,3.0773784410367466,2.634322636599088,0.2169338975391917,2.1939234112985275,3.074721861899649,1,1,1,5.669623868197025,0.2978
1702,2581694,2.568182708837238,2.7502739342573563,0.09882092027614577,2.5565884895970066,2.943959378917706,2.849330594431628,0.3019158266943233,2.238648193161628,3.460012995701628,2.849330594431628,0.2935883548394041,2.253314547630179,3.445346641233077,1,1,1,8.826323940472072,0.8344
1703,2582694,2.575044078070242,2.0060328926409996,0.08327494244972558,1.8428170046248917,2.1692487806571075,1.950503949230343,0.2677333122375044,1.408962209576176,2.4920456888845104,1.950503949230343,0.2691970747128876,1.4040048335939102,2.4970030648667763,0,0,0,10.449896522932844,0.8424
1704,2583694,2.580699786560121,2.4080907139330696,0.09123572692044449,2.229271975065667,2.586909452800472,2.6178463068334747,0.22195425643625602,2.168901447676349,3.0667911659906006,2.6178463068334747,0.2220549157296353,2.1670508619037805,3.068641751763169,1,1,1,5.923670733238847,0.4929
1705,2584694,2.5748737442475482,2.769406763664884,0.09885570605891807,2.5756531401231264,2.963160387206641,3.000677900432465,0.2601023626431411,2.474571213234075,3.5267845876308552,3.000677900432465,0.24937189224937792,2.4944260448942126,3.5069297559707175,0,1,1,6.3634336012069905,0.5273
1706,2585694,2.578421938884212,1.8532071816204663,0.09660115606226147,1.6638723948735006,2.042541968367432,1.6426350619055408,0.30085230465998153,1.034103836997663,2.251166286813419,1.6426350619055408,0.3082689128138267,1.0168158979690776,2.268454225842004,0,0,0,10.183447152284574,0.5937
1707,2586694,2.57900731576643,2.5569479659694974,0.09602274498335661,2.3687468441054444,2.7451490878335503,2.5731483060854847,0.24074127431495498,2.0862031164505463,3.060093495720423,2.5731483060854847,0.24491826365202748,2.075937797272196,3.0703588148987735,1,1,1,6.505701157585487,0.5853
1708,2587694,2.574428319100452,2.5215156015880393,0.12095015145899639,2.2844576608037417,2.758573542372337,2.843462467035601,0.34705084103517503,2.1414858820826312,3.545439051988571,2.843462467035601,0.35443828391843923,2.123914496777332,3.5630104372938702,1,1,1,8.587532966154429,0.8756
1709,2588694,2.5766175175012345,2.200562267029779,0.10316817439173873,1.9983563608712234,2.4027681731883344,2.356410218503993,0.29690676015872597,1.7558596106334057,2.9569608263745804,2.356410218503993,0.30192400953443893,1.7434718930189965,2.9693485439889895,0,1,1,8.56453541200033,0.4152
1710,2589694,2.5805505924404564,2.3208314802199497,0.11186909858680158,2.1015720760068577,2.5400908844330417,2.40208205985247,0.3387668017282969,1.7168615259867506,3.0873025937181895,2.40208205985247,0.3387947758024511,1.714292099446117,3.0898720202588232,0,1,1,9.1717695162262,0.4925
1711,2590694,2.5713548054336277,2.528066846582103,0.09546229301308949,2.340964190394838,2.715169502769368,2.7198163636766,0.2727651006488385,2.1680968712912816,3.2715358560619188,2.7198163636766,0.2708663167961375,2.1699285064527927,3.2697042209004077,1,1,1,8.050934265408008,0.4223
1712,2591694,2.574554321557585,2.4320844774289623,0.11772749837628163,2.2013428206214525,2.662826134236472,2.6885608788047906,0.36055005903473214,1.95927954817652,3.4178422094330614,2.6885608788047906,0.36675079563977886,1.9440171808843543,3.433104576725227,1,1,1,9.7047934817521,0.4749
1713,2592694,2.5732062790486694,2.5328433285714236,0.09164068854967743,2.353230879495604,2.7124557776472433,3.019588577809887,0.20099518067772587,2.6130374508819028,3.4261397047378717,3.019588577809887,0.19816374292568148,2.6172947922046985,3.421882363415076,1,0,0,4.675969890450423,0.8961
1714,2593694,2.571611144038526,2.7985658458817606,0.09311299270210169,2.6160677336929004,2.981063958070621,2.908965652664907,0.29033806347293967,2.321701487937135,3.4962298173926785,2.908965652664907,0.2915830866386983,2.3170205167359788,3.500910788593835,0,1,1,9.80627543388263,0.5021
1715,2594694,2.5765104133804217,2.3796904432068002,0.10861107191576942,2.1668166539296023,2.592564232483998,2.435670232167058,0.3242022849473594,1.7799092141488635,3.0914312501852526,2.435670232167058,0.31415426539737473,1.7979031672901855,3.0734372970439305,1,1,1,8.366382605728218,0.496
1716,2595694,2.5739085429,2.2300203794376627,0.092755438226825,2.048223061142856,2.4118176977324697,2.636289938557375,0.28497528365248354,2.059873019878596,3.212706857236154,2.636289938557375,0.2838047770158954,2.060135610662085,3.212444266452665,0,1,1,9.361827601023903,0.4225
1717,2596694,2.5724550131257136,2.5283074881720324,0.08517782106886397,2.361362026595462,2.695252949748603,2.5913382779041014,0.2090323333576323,2.1685304752275214,3.0141460805806815,2.5913382779041014,0.21018861486766266,2.1646327044333016,3.0180438513749013,1,1,1,6.089271301158409,0.8411
1718,2597694,2.580053650611169,2.4097619106675396,0.10297284898891515,2.2079388352637843,2.611584986071295,2.505106255604653,0.28918013014628147,1.920184232102721,3.090028279106585,2.505106255604653,0.2787685193260722,1.939176074374185,3.0710364368351213,1,1,1,7.328954057702021,0.4277
1719,2598694,2.573697541791154,2.1699476541088774,0.0955788008570524,1.9826166467435287,2.357278661474226,2.63476587478851,0.28729701010403486,2.0536528210973692,3.2158789284796505,2.63476587478851,0.2569420523906586,2.113145777129319,3.156385972447701,0,1,1,7.226819748314736,0.6265
1720,2599694,2.5851063199529527,2.6963213752275825,0.09205817003774727,2.5158906774709338,2.8767520729842313,2.7012476288435083,0.2869838915529586,2.1207679172025244,3.281727340484492,2.7012476288435083,0.28909010313314376,2.114363518494204,3.2881317391928127,1,1,1,9.861472612200819,0.6129
1721,2600694,2.5761652184895993,2.974834221596607,0.09994758116736106,2.778940562166685,3.1707278810265285,2.7990638884694796,0.29029207922547656,2.2118927356615163,3.386235041277443,2.7990638884694796,0.24668699635125263,2.298262661380538,3.299865115558421,0,1,1,6.091832277739443,0.6582
1722,2601694,2.5775034545861497,2.2223858543064083,0.0994695526948393,2.0274291134662143,2.4173425951466023,2.408921457425144,0.30950655911015634,1.7828853506212097,3.034957564229078,2.408921457425144,0.31797530422575676,1.7633972713286203,3.0544456435216674,0,1,1,10.21895420902781,0.3266
1723,2602694,2.585975889477336,2.247597131684519,0.08976964898910579,2.0716518527610694,2.423542410607969,2.2948634701436914,0.189710058214234,1.911138657954115,2.678588282333268,2.2948634701436914,0.1905508507549817,1.9080246772911553,2.6817022629962275,0,1,1,4.5057047530413294,0.4971
1724,2603694,2.5817674734262193,2.763522155669693,0.08622563728751854,2.594523012042143,2.9325212992972434,2.8701683893253858,0.20712614194672493,2.4512162227075,3.2891205559432715,2.8701683893253858,0.1930320813902814,2.47829243048831,3.2620443481624615,0,1,1,5.011712636352813,0.5248
1725,2604694,2.576178502494049,2.2542122447948376,0.10772711622941013,2.0430709768268334,2.465353512762842,2.4968044064360146,0.31234689482813793,1.8650231783654632,3.128585634506566,2.4968044064360146,0.31703607287196517,1.853186961357285,3.1404218515147444,0,1,1,8.660985089763098,0.5236
1726,2605694,2.5867979175335627,2.219602356683027,0.09545663329194792,2.032510793345362,2.4066939200206923,2.4040927844553948,0.3026011278791002,1.7920242307014562,3.0161613382093333,2.4040927844553948,0.3054257817890095,1.7840454833534676,3.024140085557322,0,1,1,10.237623704080626,0.554
1727,2606694,2.5740939164717465,2.3410593901836947,0.10231919134171123,2.140517460226678,2.5416013201407113,2.2952062270037588,0.31606774792581954,1.655898863157736,2.9345135908497815,2.2952062270037588,0.26532486249022147,1.7565681201004284,2.833844333907089,0,1,1,6.724216645310127,0.6744
1728,2607694,2.578429026996262,2.2645523498821163,0.09069193793727157,2.086799417836922,2.4423052819273106,2.4778047677594754,0.24459811601411555,1.9830583794396257,2.972551156079325,2.4778047677594754,0.2495067606925757,1.9712791147254167,2.984330420793534,0,1,1,7.56880421649877,0.4185
1729,2608694,2.5737381308472447,2.563434934033156,0.11368070952207682,2.340624837632926,2.786245030433386,2.6897785744388463,0.30314446833201464,2.076611010884309,3.3029461379933833,2.6897785744388463,0.3101750548454481,2.0600897364516175,3.319467412426075,1,1,1,7.444579710567538,0.3815
1730,2609694,2.576116561583235,2.270966129526205,0.09671319440713069,2.081411751658408,2.4605205073940017,2.3369195089926103,0.2693086435569926,1.7921913609824651,2.8816476570027554,2.3369195089926103,0.27101144605733485,1.7867370237050246,2.887101994280196,0,1,1,7.852425247365372,0.26
1731,2610694,2.574153682294379,2.413997328081695,0.1111953834959696,2.1960583811824748,2.631936274980915,2.7632505362715882,0.31066061144849894,2.134880138281641,3.3916209342615353,2.7632505362715882,0.31666420779738746,2.120388017428998,3.4061130551141785,1,1,1,8.110067010800305,0.7999
1732,2611694,2.5753517028922475,2.4653467299093514,0.1091301652721802,2.2514555363489746,2.6792379234697283,2.291583037775791,0.34938270581680525,1.5848898111022645,2.9982762644493177,2.291583037775791,0.33194901411731975,1.6176907124413353,2.965475363110247,1,1,1,9.252373167082704,0.4682
1733,2612694,2.5714406012660795,2.4378454569339962,0.10688842425835467,2.2283479950233835,2.647342918844609,2.287963794905729,0.3036723617965575,1.6737284660337144,2.902199123777744,2.287963794905729,0.30533069191450496,1.6681095365119298,2.9078180532995286,1,1,1,8.15980112822269,0.496
1734,2613694,2.5690051673787146,2.3260520858735783,0.09255747352913775,2.144642771256449,2.5074614004907074,2.5541531748627078,0.32000615618689,1.9068796283876202,3.2014267213377954,2.5541531748627078,0.31348361634200694,1.9177475999502107,3.190558749775205,0,1,1,11.471143516096395,0.7864
1735,2614694,2.57254836303137,2.247441234810623,0.10731809755196331,2.037101628719419,2.4577808409018274,2.523317331983195,0.3167333037147983,1.8826637544860272,3.163970909480363,2.523317331983195,0.31680443780674616,1.8801701310868273,3.166464532879563,0,1,1,8.714381780830239,0.4408
1736,2615694,2.5754295305242314,2.035977642414682,0.09008179430100535,1.859420569921966,2.212534714907398,2.4523022163186674,0.275143518236996,1.8957719202737269,3.008832512363608,2.4523022163186674,0.2693074391101491,1.9055790490443574,2.9990253835929774,0,1,1,8.937635603248035,0.8887
1737,2616694,2.5762887400591543,2.370403697822107,0.09286101966848057,2.188399443704219,2.5524079519399945,2.707611539537997,0.2660178226037113,2.1695397051895204,3.2456833738864734,2.707611539537997,0.2719132559921724,2.1555982827519227,3.259624796324071,0,1,1,8.574205029300623,0.5579
1738,2617694,2.5752237182791187,2.2716865614438966,0.08207283665160998,2.110826757497702,2.432546365390091,2.3865574435245263,0.22353333100437373,1.9344186045764078,2.8386962824726445,2.3865574435245263,0.22430040910788057,1.9312034046848225,2.84191148236423,0,1,1,7.4689790856014024,0.3287
1739,2618694,2.5689132569978637,2.0103014146615896,0.10363281422765884,1.8071848311588483,2.213417998164331,2.4004676325436436,0.30935414359579605,1.774739815216679,3.0261954498706083,2.4004676325436436,0.3027025242739094,1.7859488381137885,3.0149864269734987,0,1,1,8.531737825203312,0.6873
1740,2619694,2.568946578602293,2.469367757723955,0.08497337034630914,2.302823012200205,2.6359125032477047,2.598191233544009,0.2809084269337286,2.0300003090233463,3.1663821580646716,2.598191233544009,0.279594940698588,2.030583327733121,3.1657991393548968,1,1,1,10.826620864304179,0.6414
1741,2620694,2.573361135619229,2.1875662414750154,0.08811869670297486,2.0148567695725763,2.3602757133774546,2.526305022935189,0.2756994327383455,1.9686502836760522,3.083959762194326,2.526305022935189,0.2691315091882393,1.9799390123901646,3.072671033480214,0,1,1,9.328095057938025,0.6012
1742,2621694,2.5762581161595373,2.7844669475864157,0.08984786005141727,2.6083683777976425,2.960565517375189,3.0486329304257382,0.33562942337707075,2.3697583432637637,3.727507517587713,3.0486329304257382,0.33209953874103626,2.3744350238592786,3.722830836992198,0,1,1,13.662213546007937,0.5384
1743,2622694,2.5725523915581268,2.2649903290650317,0.10553177977609611,2.058151841479471,2.4718288166505924,2.3391383127097862,0.30142905786034574,1.7294404943404296,2.948836131079143,2.3391383127097862,0.30344571673297466,1.7231107573765667,2.9551658680430055,0,1,1,8.26790538783758,0.7615
1744,2623694,2.5704589405941145,2.3397558683447595,0.10734826046642715,2.129357144027537,2.5501545926619817,2.8141053226130017,0.3530737552643824,2.099946243736454,3.5282644014895492,2.8141053226130017,0.35376829767953444,2.0959174967301517,3.5322931484958517,0,1,1,10.860449512974677,0.5092
1745,2624694,2.5791368631956475,2.557917267352045,0.09728899832683177,2.3672343345394773,2.748600200164613,2.6098681130490458,0.28379793763704125,2.0358326014654438,3.1839036246326478,2.6098681130490458,0.26952268762522846,2.0627079680577287,3.157028258040363,1,1,1,7.6747315488419865,0.2446
1746,2625694,2.5741570456149967,2.3426561694371797,0.09390750744711729,2.158600836962903,2.5267115019114565,2.3878248530035955,0.2996268056721829,1.7817724337708523,2.9938772722363387,2.3878248530035955,0.28545600140532257,1.8083183613840093,2.9673313446231817,0,1,1,9.240122508370272,0.7803
1747,2626694,2.5808349492110296,2.681067090442491,0.08868342397578839,2.50725077342425,2.854883407460732,2.8498803674295528,0.21890952887345813,2.407094051067684,3.2926666837914214,2.8498803674295528,0.22182872131275913,2.399544121578885,3.3002166132802206,1,1,1,6.256776572800608,0.3045
1748,2627694,2.5726337115726237,2.292292168358827,0.09235624204553541,2.111277260202114,2.4733070765155403,2.5698825458270145,0.2802976065383643,2.0029271221738285,3.1368379694802004,2.5698825458270145,0.2830337522501984,1.9952934814214434,3.1444716102325856,0,1,1,9.39169437706005,0.3958
1749,2628694,2.57345486219073,2.3682825524939912,0.09968095277096119,2.172911475118269,2.5636536298697132,2.589607653941967,0.3381221200194077,1.905691111915131,3.2735241959688026,2.589607653941967,0.333679052076275,1.912203164830862,3.267012143053072,0,1,1,11.205558967564956,0.678
1750,2629694,2.5697011143957695,2.5590144669937023,0.0918669669587207,2.3789585203856785,2.739070413601726,2.820492015448582,0.24351010467831014,2.327946337778563,3.313037693118601,2.820492015448582,0.23964787250039182,2.3339809694972096,3.307003061399955,1,1,1,6.805004229158328,0.7662
1751,2630694,2.5780867545338264,2.478354065288072,0.08428772348437284,2.3131531629198303,2.6435549676563133,2.735292085837159,0.20864772046014787,2.3132622361760498,3.1573219354982682,2.735292085837159,0.2112381948990869,2.306455751623232,3.164128420051086,1,1,1,6.2808185482327765,0.378
1752,2631694,2.570770145823837,2.127634741473644,0.08857739968243127,1.954026228251869,2.301243254695419,2.2561633167173953,0.256383783442376,1.7375781659038303,2.7747484675309604,2.2561633167173953,0.26152795394343914,1.7252333439577292,2.7870932894770615,0,1,1,8.717468337614845,0.6866
1753,2632694,2.574880291591071,2.9624257576373116,0.09695975209291581,2.7723881355852646,3.1524633796893586,3.194291183756005,0.2648471462055448,2.658587265928401,3.729995101583609,3.194291183756005,0.2513657862324237,2.683991508234681,3.704590859277329,0,0,0,6.720929455822831,0.2662
1754,2633694,2.5678170664493862,2.5328908157931385,0.10225105069981423,2.3324824390401235,2.7332991925461534,2.5369333243040724,0.3293150574561519,1.8708307477561297,3.203035900852015,2.5369333243040724,0.31282449243259874,1.9018658420657644,3.17200080654238,1,1,1,9.359786413112756,0.3822
1755,2634694,2.5721791333280204,2.8540001897817735,0.09882706862334835,2.6603026945823425,3.0476976849812045,3.05546615343611,0.24909203201805707,2.55162996201968,3.55930234485254,3.05546615343611,0.2338018739985247,2.5808231153919174,3.5301091914803027,0,1,0,5.596856195801967,0.5643
1756,2635694,2.5832515642078517,2.2312751751104916,0.08024973812337285,2.0739885786199097,2.3885617716010734,2.500797676811266,0.22854838330438365,2.0385149371124083,2.963080416510124,2.500797676811266,0.22882702112160216,2.036254127034393,2.9653412265881394,0,1,1,8.130689312013082,0.6689
1757,2636694,2.576256357580406,2.6588103434303263,0.08870759276299503,2.48494665645961,2.8326740304010425,3.0449830818604195,0.26978966595334314,2.4992819742168417,3.5906841895039974,3.0449830818604195,0.25978882024374045,2.517583738212799,3.57238242550804,1,1,1,8.576682382511382,0.5489
1758,2637694,2.5799227962232525,2.393610083253874,0.10533445238785938,2.18715835024242,2.6000618162653275,2.7405084880180404,0.28175777897491905,2.1705995868357473,3.3104173892003335,2.7405084880180404,0.2809383638739251,2.1701732881679052,3.3108436878681755,1,1,1,7.113465247468925,0.2988
1759,2638694,2.571045209276001,2.2543796622409,0.08835971575735903,2.08119780167228,2.42756152280952,2.1560067496235416,0.23835054570535405,1.673897265039515,2.638116234207568,2.1560067496235416,0.24102908335748158,1.6666916965606056,2.6453218026864778,0,1,1,7.440982411838149,0.4852
1760,2639694,2.5798055749915054,2.375184113343132,0.09795373047123143,2.183198329468175,2.5671698972180894,2.4704504000476692,0.3233214156653532,1.8164711083279281,3.1244296917674106,2.4704504000476692,0.3289318744496944,1.8026831938730985,3.13821760622224,0,1,1,11.276386661259599,0.3531
1761,2640694,2.582376049844077,2.208218460956344,0.08080827064895206,2.049837160831433,2.3665997610812552,2.4716475296195495,0.1898345442874025,2.0876709205801043,2.8556241386589947,2.4716475296195495,0.19151559115423236,2.0828502096337913,2.8604448496053076,0,1,1,5.616899396780372,0.438
1762,2641694,2.5809807444741653,2.578592528355228,0.09262582390297833,2.3970492494670412,2.760135807243415,2.729384622942943,0.2468427489691717,2.230098035926086,3.2286712099598,2.729384622942943,0.21621485453502215,2.2904451325459,3.168324113339986,1,1,1,5.448875533252858,0.7546
1763,2642694,2.575859363820617,2.3528438426575886,0.11010831471466281,2.137035511418448,2.568652173896729,2.537721111246648,0.2903856100023397,1.9503607745855795,3.125081447907716,2.537721111246648,0.28606403528810304,1.9569802452209841,3.1184619772723114,0,1,1,6.749728282687632,0.352
1764,2643694,2.577197342824238,2.6120953357118166,0.10941542789852826,2.397645037677662,2.826545633745971,2.7084487179729018,0.336816211609979,2.027173625028217,3.3897238109175865,2.7084487179729018,0.32934990080222143,2.039832873185848,3.3770645627599554,1,1,1,9.06062064907071,0.669
1765,2644694,2.5726973672266062,2.322044829727184,0.09353076562931717,2.1387278976472652,2.5053617618071025,2.3407992804330098,0.27617859958629026,1.7821753347413523,2.899423226124667,2.3407992804330098,0.2756425829499193,1.781215087422976,2.9003834734430436,0,1,1,8.685276378470316,0.444
1766,2645694,2.5756242064388255,2.2375228255691084,0.10092639884374714,2.039710718746039,2.435334932392178,2.5071380976904334,0.26123153667410154,1.9787474404324783,3.0355287549483885,2.5071380976904334,0.2570381559048123,1.9853228995252263,3.0289532958556404,0,1,1,6.486129846025291,0.3471
1767,2646694,2.576235286736696,2.6920342502231787,0.1002412243369388,2.4955650607565785,2.888503439689779,2.9724755132935825,0.2880906816693098,2.389757107333869,3.555193919253296,2.9724755132935825,0.2926065120796447,2.378452713263016,3.566498313324149,1,1,1,8.520699508107207,0.5477
1768,2647694,2.573377554044787,2.5201545021524923,0.09971069604789767,2.3247251290251927,2.715583875279792,2.888610980743482,0.3365430420419502,2.2078884254036795,3.5693335360832843,2.888610980743482,0.31916705425435654,2.240667413465405,3.5365545480215586,1,1,1,10.24595902554927,0.7188
1769,2648694,2.5765777274237025,2.921086820707522,0.09571048764146495,2.7334977119874844,3.108675929427559,3.0108536612618413,0.2910993057787608,2.4220497386341373,3.5996575838895453,3.0108536612618413,0.28294021320145724,2.436454491220721,3.5852528313029617,0,1,1,8.73917216078324,0.6498
1770,2649694,2.5749139161865235,2.6654773444677526,0.08945865910746867,2.490141594511868,2.840813094423637,2.7982391915889893,0.21746336252503515,2.3583780227689384,3.23810036040904,2.7982391915889893,0.2092083585989816,2.373523644140956,3.2229547390370223,1,1,1,5.469067653242246,0.8664
1771,2650694,2.572641727653244,2.6081496058796514,0.09582104668976363,2.420343805406784,2.795955406352519,2.5834507351247638,0.23063037118925722,2.1169567774355453,3.049944692813982,2.5834507351247638,0.21117688721466607,2.154738862127042,3.0121626081224857,1,1,1,4.857031801116646,0.4834
1772,2651694,2.5832752945189337,2.533918970630832,0.09329592186533288,2.3510623238703166,2.7167756173913475,2.587231483292901,0.2625051778641287,2.056264643564493,3.118198323021309,2.587231483292901,0.2625228175809519,2.054281829975192,3.1201811366106096,1,1,1,7.917877763534691,0.6668
1773,2652694,2.57744769365387,2.3491921452751554,0.09092648291771276,2.170979513515542,2.5274047770347687,2.5952262723279973,0.23218321402150563,2.125591393541746,3.0648611511142487,2.5952262723279973,0.23620677907933074,2.115701017412571,3.0747515272434236,0,1,1,6.748448373860839,0.4839
1774,2653694,2.5659102271699985,2.478527866099474,0.08271034071428705,2.3164185771504346,2.6406371550485135,2.6172116713559617,0.21765834508126575,2.1769561130898576,3.0574672296220657,2.6172116713559617,0.21530119594862782,2.180127006498872,3.0542963362130515,1,1,1,6.77599793198022,0.4213
1775,2654694,2.569240783869483,2.7326055689565742,0.0895762567072144,2.5570393319405196,2.908171805972629,2.92529537921141,0.2289054553798808,2.4622903930676454,3.3883003653551746,2.92529537921141,0.23021440399463522,2.457935292464474,3.392655465958346,1,1,1,6.605096489706214,0.2671
1776,2655694,2.5800981063539967,2.1149557407318658,0.10158101266304578,1.9158606143991888,2.3140508670645428,2.4287452640885507,0.3154056902237407,1.7907770383450632,3.066713489832038,2.4287452640885507,0.31624254385600487,1.7867387685564187,3.070751759620683,0,1,1,9.692047047116619,0.4577
1777,2656694,2.574892699447228,2.1141622516154457,0.08980177219034223,1.9381540123745042,2.290170490856387,2.3392284757454944,0.22552584054736158,1.8830594058366878,2.7953975456543008,2.3392284757454944,0.20588903576500078,1.921251511899148,2.757205439591841,0,1,1,5.256499467360498,0.2758
1778,2657694,2.577157963156991,2.944186860921569,0.0954761488345587,2.757057047823248,3.1313166740198897,3.0854042581763403,0.33605305049950523,2.405672804280336,3.7651357120723445,3.0854042581763403,0.31176605563823256,2.452485516865827,3.718322999486854,0,1,1,10.662716719668614,0.3852
1779,2658694,2.582135565374803,1.7174442747879426,0.08128880127314361,1.5581211519461475,1.8767673976297377,2.077532551838764,0.24993364503669582,1.5719940374113488,2.5830710662661795,2.077532551838764,0.23197880251118402,1.606590545674789,2.5484745580027393,0,1,0,8.14395126243378,0.5914
1780,2659694,2.575426434807809,2.469500999944286,0.09857364699259209,2.2763002020140406,2.6627017978745315,2.640276634791036,0.2785210277294603,2.0769146809633496,3.203638588618722,2.640276634791036,0.27871645906181136,2.0744521415157906,3.206101128066281,1,1,1,7.994725970494672,0.3301
1781,2660694,2.5806740740551577,2.456488724683176,0.10641702392385587,2.247915190450481,2.665062258915871,2.6454725694196006,0.33216466233029807,1.97360612296703,3.317339015872171,2.6454725694196006,0.3382774562070801,1.9587328236252493,3.332212315213952,1,1,1,10.104710925942017,0.5211
1782,2661694,2.57297908099749,2.6701277150390625,0.10013259160839455,2.4738714418079515,2.8663839882701736,2.8584120829957427,0.3669950174292014,2.1160945935429645,3.600729572448521,2.8584120829957427,0.3490252863545618,2.1498530820075006,3.5669710839839848,1,1,1,12.14962492559273,0.2826
1783,2662694,2.572977102956559,2.585535496552719,0.08400620256207621,2.4208863650530734,2.7501846280523647,2.9335988824922516,0.2912252242053656,2.3445402658063887,3.5226574991781145,2.9335988824922516,0.2857733699597096,2.353448098454227,3.513749666530276,1,1,1,11.57232990547439,0.4744
1784,2663694,2.573004235331509,2.1362509922280446,0.09315038706134855,1.9536795884418356,2.3188223960142538,2.4007509568140772,0.3040764058629697,1.7856983716776358,3.0158035419505187,2.4007509568140772,0.30070168543512066,1.7902940811739982,3.011207832454156,0,1,1,10.420832061213737,0.2296
1785,2664694,2.575225672722543,2.2389626280242934,0.08021739536324732,2.0817394221787184,2.3961858338698683,2.58441919125363,0.23624166374434125,2.106575323063573,3.0622630594436866,2.58441919125363,0.23866737918812567,2.099898652549085,3.0689397299581747,0,1,1,8.85215511450467,0.451
1786,2665694,2.5687954407169693,2.2759086684109535,0.08204829221956327,2.1150969706675915,2.4367203661543155,2.318075741838027,0.21083994279042617,1.8916117039747617,2.744539779701292,2.318075741838027,0.1956721134036556,1.9208402330797656,2.7153112505962884,0,1,1,5.687465556942978,0.3516
1787,2666694,2.5761101082306483,2.1142376111825283,0.09504729595713293,1.9279483342786283,2.3005268880864285,2.0769173797312788,0.296210886654462,1.4777743088792605,2.676060450583297,2.0769173797312788,0.2823487162807497,1.503719012278422,2.6501157471841355,0,1,1,8.8245405516114,0.349
1788,2667694,2.572372460973036,2.7613583932605863,0.08134363285193924,2.6019278024991364,2.9207889840220362,2.7091999274284575,0.17650924872977475,2.352176272720232,3.066223582136683,2.7091999274284575,0.1766327803289254,2.350616319693805,3.06778353516311,0,1,1,4.715149655960221,0.4479
1789,2668694,2.5731562406634465,2.2813869911949447,0.09842622927761485,2.088475126676738,2.4742988557131516,2.3466400079235354,0.3205676227195856,1.6982307881908598,2.995049227656211,2.3466400079235354,0.3192030780034811,1.6986233085467561,2.9946567073003147,0,1,1,10.517498189277624,0.3875
1790,2669694,2.57161546779158,2.359149905944455,0.08951450196982164,2.1837047059895647,2.5345951058993452,2.5001557315014167,0.19827272475894556,2.0991112914405496,2.9012001715622837,2.5001557315014167,0.19126679438192273,2.1118634958156473,2.888447967187186,0,1,1,4.5655421738968105,0.5205
1791,2670694,2.575532326417039,2.285424613631686,0.09939939354900461,2.090605382190514,2.4802438450728577,2.5294041021406364,0.3312449707302039,1.8593979075368106,3.199410296744462,2.5294041021406364,0.329353457644578,1.860781036579715,3.1980271677015577,0,1,1,10.978853371329407,0.4815
1792,2671694,2.5812806099199292,2.6138092209623887,0.09742478996832366,2.422860141423095,2.8047583005016823,2.837466964749147,0.2777507028422715,2.275663140076256,3.3992707894220375,2.837466964749147,0.267321817806286,2.2947748230263123,3.3801591064719814,1,1,1,7.528870982745555,0.3144
1793,2672694,2.585950195266579,2.0304362439939108,0.09967437086727123,1.8350780669123707,2.2257944210754506,2.357294804333453,0.31025893198679844,1.7297368797434531,2.984852728923453,2.357294804333453,0.3094951961270656,1.7289861529205026,2.9856034557464035,0,1,1,9.641415928605433,0.3753
1794,2673694,2.573066706216658,2.6336143076859884,0.10023325788818536,2.4371607321720297,2.830067883199947,2.925937265587673,0.31304443925893055,2.292745120730635,3.559129410444711,2.925937265587673,0.2933836253352794,2.3303368417756944,3.5215376893996515,1,1,1,8.567380365990617,0.2051
1795,2674694,2.5816678322466537,3.236998684236275,0.11174088791130585,3.0179905683295885,3.4560068001429616,3.514309064229305,0.2925982963959432,2.9224731468910057,4.106144981567604,3.514309064229305,0.2758712350459053,2.9542606827863986,4.074357445672211,0,0,0,6.095209006896178,0.4164
1796,2675694,2.5777408791792276,2.7621265256239282,0.11346595137560678,2.5397373474561658,2.9845157037916907,3.0204114081917215,0.37461455025930435,2.262681958868572,3.778140857514871,3.0204114081917215,0.3857879756842237,2.2372201801315286,3.8036026362519144,1,1,1,11.560224199169232,0.3776
1797,2676694,2.571481772290763,3.082866071656754,0.09339068604063358,2.8998236905256247,3.265908452787883,3.0192569367936137,0.2507770636394832,2.5120124472165504,3.526501426370677,3.0192569367936137,0.22211185034521144,2.568345908449446,3.4701679651377813,0,1,1,5.656350705599612,0.6232
1798,2677694,2.5746577186992834,2.587395328755127,0.11136168099394515,2.369130444749156,2.805660212761098,2.631114159158555,0.3083357135915249,2.0074463109539225,3.2547820073631875,2.631114159158555,0.3164208362648634,1.9887457107936521,3.2734826075234578,1,1,1,8.073439443134383,0.2055
1799,2678694,2.5756808843089747,2.6115011052480774,0.11263275881570209,2.390744954489915,2.83225725600624,2.8832316618719185,0.3053807545655831,2.265540782458139,3.500922541285698,2.8832316618719185,0.30655994980917217,2.260881877280291,3.505581446463546,1,1,1,7.408007083929315,0.5382
1800,2679694,2.5693165901382904,2.4249192519010765,0.10613117057237383,2.2169059799421467,2.6329325238600063,2.930622142793821,0.3141607593228258,2.295172027479687,3.5660722581079547,2.930622142793821,0.3057146224338674,2.3099884640087667,3.551255821578875,1,1,1,8.297485740784133,0.5
1801,2680694,2.571405939355204,2.455608902174826,0.09618691500208561,2.267086012986723,2.644131791362929,2.753370584837037,0.22959641304386816,2.288968004900195,3.2177731647738788,2.753370584837037,0.22943090754539214,2.2876010804434648,3.219140089230609,1,1,1,5.689470557920866,0.3699
1802,2681694,2.5719544781429304,2.2761595850180396,0.08517881624520066,2.109212172931691,2.443106997104388,2.579959862346408,0.21250142187627633,2.150135165822363,3.0097845588704533,2.579959862346408,0.20860298533223887,2.1564732879667403,3.003446436726076,0,1,1,5.9976047001604975,0.481
1803,2682694,2.5762160757325687,2.666493356558369,0.08682883270023459,2.4963119716462554,2.8366747414704827,2.948279840954215,0.21258545272398818,2.5182851759975002,3.37827450591093,2.948279840954215,0.21168476131624,2.5185369287163346,3.3780227531920954,1,1,1,5.943623149530497,0.4274
1804,2683694,2.577128393905934,2.429349901999645,0.10552762618827582,2.2225195552966186,2.6361802487026713,2.4634703562445255,0.3916144575533863,1.6713553487961696,3.255585363692881,2.4634703562445255,0.37095055966156276,1.7104006840866852,3.216540028402366,1,1,1,12.356620919178553,0.4147
1805,2684694,2.5823941398668193,2.125040690019473,0.10197049988563035,1.9251821827580917,2.324899197280854,2.4809019686530935,0.3064775468388181,1.8609926174670752,3.100811319839112,2.4809019686530935,0.3147965670008375,1.8418309621987032,3.119972975107484,0,1,1,9.530394505778158,0.3327
1806,2685694,2.572957671198968,2.3459718389697866,0.11095313107525388,2.128507698090337,2.563435979849236,2.532682737637768,0.30052353878620996,1.924816504477586,3.1405489707979504,2.532682737637768,0.3046539731100479,1.9142022914540933,3.151163183821443,0,1,1,7.539361503312291,0.3493
1807,2686694,2.5729190955018346,2.4726118046635426,0.1039246431498364,2.268923246983686,2.676300362343399,2.6982240971128855,0.291662501847937,2.1082810029098584,3.2881671913159125,2.6982240971128855,0.29340864175339454,2.1025728872721547,3.293875306953616,1,1,1,7.970924913153123,0.5788
1808,2687694,2.5737316591134083,2.073158015216128,0.09070932096558032,1.8953710130615067,2.2509450173707495,2.376351055619735,0.28420010616006713,1.801502081416284,2.951200029823186,2.376351055619735,0.28990612551759953,1.7878103317581173,2.964891779481353,0,1,1,10.214355096411172,0.4383
1809,2688694,2.5726795706463,2.281135322624228,0.1021460612342118,2.08093272144255,2.4813379238059063,2.6417787096889915,0.3286135209980331,1.9770951245649608,3.3064622948130222,2.6417787096889915,0.3368944717997958,1.9578465715045146,3.3257108478734683,0,1,1,10.877886409910325,0.2383
1810,2689694,2.5863675514005178,2.3679068948349906,0.10367074151879785,2.1647159752075855,2.5710978144623957,2.819512711629401,0.27484913125188964,2.263577869466212,3.3754475537925903,2.819512711629401,0.2597138892036217,2.2922654860803977,3.3467599371784047,0,1,1,6.2759278456560486,0.5111
1811,2690694,2.579913358966297,2.7759540606398287,0.10018064448487031,2.5796036055014717,2.9723045157781858,3.0695377282041694,0.24978377121392498,2.564302362197224,3.574773094211115,3.0695377282041694,0.22382214540322187,2.6151546163030877,3.523920840105251,1,1,0,4.99158494272223,0.408
1812,2691694,2.5712084287385837,2.4836815838293,0.093052524091198,2.301301987940006,2.666061179718594,2.7242092184087907,0.24689246150794222,2.2248220782911505,3.223596358526431,2.7242092184087907,0.24118566865854293,2.2345762802847227,3.2138421565328588,1,1,1,6.718103347177903,0.337
1813,2692694,2.5743832537221816,2.8943537978562066,0.10456396885488149,2.689412184820071,3.099295410892342,2.7796739076076036,0.2804611674144524,2.212387650855481,3.346960164359726,2.7796739076076036,0.2841298059391426,2.202859735918319,3.3564880792968883,0,1,1,7.383622274217031,0.3798
1814,2693694,2.577539488951986,2.6186408606375315,0.10607287487975656,2.4107418461365855,2.8265398751384776,2.6762989261574273,0.3145807471746484,2.039999305228886,3.3125985470859685,2.6762989261574273,0.32345551583966237,2.0196493190150244,3.33294853329983,1,1,1,9.298661615224814,0.6022
1815,2694694,2.573036183654889,2.6229087295427633,0.0984780061990739,2.4298953841232662,2.8159220749622604,2.6154452489231024,0.36691527543001595,1.8732890528880222,3.3576014449581826,2.6154452489231024,0.3718936436799627,1.8604610144225022,3.3704294834237025,1,1,1,14.261296746108625,0.3773
1816,2695694,2.57669927823644,2.530463482748453,0.08572241475306451,2.3624506371646414,2.6984763283322644,2.796568700413249,0.23163223801624624,2.328048275789994,3.265089125036504,2.796568700413249,0.23748678760890646,2.3144448900337027,3.278692510792795,1,1,1,7.675207283374214,0.2488
1817,2696694,2.5627446748908422,2.215169668450948,0.10027543720231041,2.0186334230004115,2.4117059139014843,2.5752682172298162,0.2754260206683683,2.018166506082051,3.1323699283775817,2.5752682172298162,0.2790140654085876,2.008839550950483,3.1416968835091494,0,1,1,7.742176464552104,0.2937
1818,2697694,2.5699257837553118,2.5055563703034314,0.10634854754810959,2.297117047300991,2.7139956933058715,2.9240855858898565,0.30300169282775685,2.311206813051385,3.5369643587283277,2.9240855858898565,0.30618615799033677,2.3024946390331618,3.545676532746551,1,1,1,8.289111485249748,0.5823
1819,2698694,2.5654350192019706,2.1810473618329245,0.1013795795275175,1.982347037191176,2.379747686474673,2.4415681639349756,0.3235201418824201,1.7871869105004,3.0959494173695514,2.4415681639349756,0.3118407965808395,1.808497690444311,3.07463863742564,0,1,1,9.461606692876376,0.4909
1820,2699694,2.576634791362167,2.075333642118081,0.09079434041191611,1.897380004910656,2.253287279325506,2.2642668018322776,0.2136924328432779,1.832033058239614,2.696500545424941,2.2642668018322776,0.21286459207972963,1.8321287058074434,2.6964048978571116,0,1,1,5.496538796651992,0.5616
1821,2700694,2.569742676972273,2.3404755509539705,0.09598202643531642,2.152354235977579,2.528596865930362,2.505803188164175,0.35869613484621654,1.7802717731584514,3.231334603169899,2.505803188164175,0.3617646016800456,1.7713820021331874,3.240224374195163,0,1,1,14.206016311639797,0.3817
1822,2701694,2.5798841788290545,2.6310126476889417,0.09301713571892742,2.4487024117347698,2.8133228836431137,2.9162090002813046,0.24869026206788936,2.4131854652950224,3.4192325352675867,2.9162090002813046,0.24320065686837594,2.4224854186171236,3.4099325819454855,1,1,1,6.8360237507406145,0.5044
1823,2702694,2.576645760625562,2.516265204364732,0.1099537981507419,2.300759720025891,2.731770688703573,2.2847366157623146,0.33745318868401053,1.6021731150737148,2.9673001164509145,2.2847366157623146,0.33023293913337354,1.61432810785824,2.955145123666389,1,1,1,9.020286007490087,0.2483
1824,2703694,2.5780468561467735,2.555734917348485,0.09978047830168305,2.360168773517006,2.751301061179964,2.9342133742135,0.2863868563193768,2.354941280318424,3.5134854681085756,2.9342133742135,0.265820064175293,2.394569954443223,3.473856793983777,1,1,1,7.097156045747318,0.358
1825,2704694,2.5733216872265348,2.030738963226804,0.09926253656762273,1.8361879665401735,2.2252899599134346,2.190000594412691,0.311333215990892,1.5602697253220703,2.8197314635033117,2.190000594412691,0.3208450981626607,1.538650416892414,2.841350771932968,0,1,1,10.447685217743974,0.4844
1826,2705694,2.5741465082302453,2.2360919626033575,0.09735609386481348,2.045277524952822,2.426906400253893,2.9289312930134024,0.2693057274357035,2.3842090434153103,3.4736535426114945,2.9289312930134024,0.26933396893136163,2.3821542673387137,3.475708318688091,0,1,1,7.653427638468036,0.3365
1827,2706694,2.572800572423332,2.2106920944418484,0.1058038091701692,2.0033204390411683,2.4180637498425286,2.4357323583805526,0.30865489119039696,1.8114189125448024,3.060045804216303,2.4357323583805526,0.3155490080728676,1.7951338153402927,3.0763309014208122,0,1,1,8.894694403384454,0.3519
1828,2707694,2.574409483933334,2.199482487036653,0.10133941463190146,2.0008608841437545,2.3981040899295514,2.5498797832427798,0.2986658653544411,1.94577104926543,3.1539885172201294,2.5498797832427798,0.30028658603878455,1.9402656041782147,3.159493962307345,0,1,1,8.780415793424066,0.4488
1829,2708694,2.572226007572641,2.4605144483621877,0.09776168758534928,2.2689050616270467,2.6521238350973286,2.4006898721228853,0.2916475661108646,1.8107769882996188,2.990602755946152,2.4006898721228853,0.2958758571386398,1.800029948767867,3.0013497954779034,1,1,1,9.159709039793468,0.4623
1830,2709694,2.576478195901367,2.0665299352753617,0.09662885621660297,1.8771408572235204,2.255919013327203,2.152850417347051,0.27453795072203613,1.597544997216089,2.7081558374780133,2.152850417347051,0.2803253259877594,1.583759750569939,2.721941084124163,0,1,1,8.416102070396727,0.3131
1831,2710694,2.5721345492511842,2.4282623579931926,0.10096004678343098,2.230384302420189,2.6261404135661963,2.31611134916866,0.3035323632005302,1.7021591941856475,2.9300635041516725,2.31611134916866,0.30092699855635824,1.705197063574818,2.927025634762502,1,1,1,8.884300114158213,0.3353
1832,2711694,2.574690894485527,2.0179797793656684,0.10362989764263647,1.8148689122645287,2.2210906464668083,2.3365724975269564,0.34485028108457155,1.6390469652050688,3.034098029848844,2.3365724975269564,0.3512134779436689,1.6235712314451374,3.0495737636087754,0,1,1,11.48608984752099,0.388
1833,2712694,2.572382410287571,2.2247703297136687,0.10427631329917057,2.0203925112066794,2.429148148220658,2.339127614926124,0.2637679349449751,1.8056066079160762,2.872648621936172,2.339127614926124,0.26633525299057353,1.7984383062574,2.8798169235948485,0,1,1,6.523579709271456,0.2758
1834,2713694,2.575223317498757,2.2494763105763345,0.09351825677078349,2.0661838954086296,2.4327687257440394,2.5403441354548737,0.2999722838202494,1.9335929207089653,3.1470953502007823,2.5403441354548737,0.30109757145103505,1.9290835684752035,3.151604702434544,0,1,1,10.366250511254993,0.4288
1835,2714694,2.5774773260321204,2.6933822119268767,0.09707953423848596,2.503109821183521,2.8836546026702323,2.77654045468494,0.28167595867364975,2.206797050683099,3.3462838586867814,2.77654045468494,0.2788708206617895,2.210402590701762,3.3426783186681184,1,1,1,8.25183967305392,0.521
1836,2715694,2.587128544768144,2.308142533919545,0.10657799139772732,2.09925350923538,2.51703155860371,2.71981609634535,0.4035577771282902,1.9035434448377389,3.5360887478529612,2.71981609634535,0.39785151615824466,1.9121345791260784,3.5274976135646217,0,1,1,13.934999985953864,0.2363
1837,2716694,2.5738894694717245,2.2621367422769056,0.09342233950355053,2.079032321498473,2.4452411630553383,2.4348826567938535,0.26108672127934074,1.9067849163199626,2.9629803972677444,2.4348826567938535,0.253799491046547,1.9196422978343568,2.9501230157533502,0,1,1,7.380401970374323,0.2504
1838,2717694,2.577109840307504,2.116228804880376,0.09929469884656794,1.9216147712853522,2.3108428384754003,2.104228552535995,0.33523443614114307,1.4261529024696618,2.7823042026023286,2.104228552535995,0.3203756633287097,1.453831378393919,2.7546257266780714,0,1,1,10.410387872361985,0.3638
1839,2718694,2.57631360743074,2.215355738126799,0.09730687893208795,2.0246377599719074,2.4060737162816905,2.722804575156518,0.2579118750215157,2.2011285673808425,3.2444805829321934,2.722804575156518,0.25914379002470006,2.1967147124705324,3.2488944378425035,0,1,1,7.092421313024196,0.3772
1840,2719694,2.5699667318035444,2.142899333339434,0.09833120469368975,1.9501737135833663,2.335624953095502,2.3118232167334507,0.2655862304442085,1.7746243599271596,2.849022073539742,2.3118232167334507,0.27216286035274556,1.7593032361560512,2.86434319731085,0,1,1,7.660815470043557,0.1929
1841,2720694,2.5741815383512687,2.7885000573151553,0.09352393524012013,2.6051965125520633,2.9718036020782472,2.697663647918486,0.287940741362361,2.115248524856185,3.280078770980787,2.697663647918486,0.2793278916628637,2.1305978804722536,3.264729415364718,0,1,1,8.920373969927448,0.2897
1842,2721694,2.5704155564268336,2.111378919503786,0.08727504778870775,1.940322969088907,2.2824348699186654,2.1389458318136185,0.25295197927951457,1.6273021601196176,2.6505895035076197,2.1389458318136185,0.25158844610059294,1.6281941327286207,2.6496975308986164,0,1,1,8.310003275533138,0.5725
1843,2722694,2.576200044401529,2.3715730547879623,0.08570280168376122,2.203598650113612,2.539547459462313,2.7068366260618806,0.2562327547926206,2.1885569595268413,3.22511629259692,2.7068366260618806,0.2596545705567902,2.179709823768103,3.233963428355658,0,1,1,9.179138107336374,0.2331
1844,2723694,2.571764953819432,2.028456828380299,0.09967351800203467,1.8331003228839062,2.2238133338766914,2.476202514994965,0.342491884473853,1.7834472900834237,3.1689577399065065,2.476202514994965,0.35001732305868943,1.7656295724285584,3.186775457561372,0,1,1,12.331602122943904,0.3379
1845,2724694,2.573674166828236,1.94199961233705,0.1069253818030353,1.7324297149699064,2.151569509704194,2.1610005072438967,0.3454299235422577,1.4623025373859795,2.859698477101814,2.1610005072438967,0.3133478576547066,1.5248705371188171,2.7971304773689765,0,1,1,8.587996133139962,0.6475
1846,2725694,2.574424189157007,1.7536375361045748,0.09093278873022868,1.5754125451795369,1.9318625270296128,2.0111937930359836,0.2996560421366496,1.4050822374720295,2.6173053485999374,2.0111937930359836,0.30578618054600626,1.3904148435601456,2.6319727425118216,0,1,1,11.308231435535046,0.381
1847,2726694,2.5838464322523604,1.8391261565456691,0.0800048596537128,1.6823195130362103,1.995932800055128,1.9206299409065333,0.23642599451044477,1.4424132285495956,2.3988466532634707,1.9206299409065333,0.23942086785407982,1.4345797388873882,2.406680142925678,0,0,0,8.95552944203131,0.7097
1848,2727694,2.5755456341891567,2.5723614177228624,0.11748503971363651,2.342094971161877,2.802627864283848,2.753434803133083,0.29709437320438953,2.1525047120585517,3.3543648942076145,2.753434803133083,0.30487385630096037,2.134507970340248,3.3723616359259183,1,1,1,6.734032874083498,0.2731
1849,2728694,2.575822586883641,2.5291582284466774,0.0956732480422829,2.3416421079998355,2.716674348893519,2.830728720807224,0.27725876384821696,2.269919936670819,3.3915375049436287,2.830728720807224,0.2731105519535972,2.276284823997399,3.3851726176170485,1,1,1,8.148842492166875,0.6347
1850,2729694,2.5809550813115885,2.828181810799114,0.09936127968855395,2.633437281151737,3.022926340446491,3.0053884300715317,0.3379711505027241,2.321777252715294,3.6889996074277693,3.0053884300715317,0.33586748221073776,2.323541191594032,3.6872356685490315,0,1,1,11.426193247719967,0.511
1851,2730694,2.580056940362683,1.94863506339383,0.09236671185562781,1.7675996347864107,2.1296704920012495,2.1357057840811797,0.30868441340471114,1.5113326239305969,2.7600789442317626,2.1357057840811797,0.3056608364626431,1.5151812966227367,2.7562302715396227,0,1,1,10.950870102036786,0.283
1852,2731694,2.57667220360598,2.6034644041827044,0.0970403053958552,2.4132689005580605,2.7936599078073483,2.851525234691183,0.2868704966522926,2.2712748858861547,3.4317755834962114,2.851525234691183,0.2939691816528944,2.254736068356377,3.448314401025989,1,1,1,9.176969695246106,0.3008
1853,2732694,2.5773459723946597,1.9571240969988282,0.09260507946138687,1.7756214764690401,2.1386267175286164,2.2059419538776317,0.25626106654658215,1.687605021414924,2.7242788863403393,2.2059419538776317,0.23639789252362986,1.7260287180437384,2.685855189711525,0,1,1,6.516547774993392,0.4833
1854,2733694,2.583716749795446,2.4046720587659243,0.09137753103259039,2.225575388945856,2.5837687285859925,2.854709042433298,0.22751753952571427,2.3945113810855307,3.314906703781065,2.854709042433298,0.23183170832174504,2.3840656533495026,3.3253524315170933,1,1,1,6.4367528194968235,0.5662
1855,2734694,2.578439178341531,2.7479308998607053,0.09265405506161127,2.566332288918356,2.9295295108030546,2.8246859045618704,0.22359122349766275,2.372429966993238,3.276941842130503,2.8246859045618704,0.22671821663481637,2.364423455492751,3.28494835363099,1,1,1,5.98747855644205,0.5369
1856,2735694,2.576116150191909,2.397212340118113,0.09655583461043984,2.207966381784445,2.586458298451781,2.5973594426952795,0.23225580033530566,2.127577744231186,3.067141141159373,2.5973594426952795,0.23284781711264557,2.124653243099112,3.070065642291447,1,1,1,5.815503178915032,0.5275
1857,2736694,2.576868713260027,2.5530837609459076,0.09059892387942797,2.375513133104143,2.730654388787672,2.7568251622951725,0.2404476211359506,2.2704739422790463,3.2431763823112987,2.7568251622951725,0.24109986632655456,2.2673664121655364,3.2462839124248086,1,1,1,7.081868540075132,0.3402
1858,2737694,2.5756631338319234,2.3981752073783147,0.12849669531750574,2.1463263124235867,2.6500241023330426,2.890909390274896,0.4293661861777671,2.0224343041223136,3.7593844764274786,2.890909390274896,0.43159549841823514,2.014723947138879,3.7670948334109133,1,1,1,11.281579167904782,0.4622
1859,2738694,2.573263556484523,2.6568532830795246,0.09441118172276063,2.4718107671650476,2.8418957989940017,2.7467729042844105,0.26763925589965865,2.205421411530776,3.288124397038045,2.7467729042844105,0.2698623813097619,2.1989231444509456,3.2946226641178753,1,1,1,8.170296726378735,0.5524
1860,2739694,2.583706100796885,2.4989522302891896,0.08823192557634187,2.326020833872941,2.671883626705438,2.7378349678237606,0.26508964997042966,2.2016405398328494,3.274029395814672,2.7378349678237606,0.26187293218718605,2.20620465199639,3.2694652836511313,1,1,1,8.80906282416109,0.4351
1861,2740694,2.571763152067902,2.266525491822991,0.08863973675028303,2.0927948001933245,2.4402561834526573,2.6554790035607927,0.24762801204755724,2.154604072045445,3.1563539350761403,2.6554790035607927,0.24766495263731822,2.1526924196620274,3.158265587459558,0,1,1,7.806784508325658,0.2499
1862,2741694,2.5707352562582324,2.5162282309754462,0.1142858198910282,2.2922321400453995,2.740224321905493,2.5058651828154055,0.32962400146379855,1.8391377080283964,3.1725926576024146,2.5058651828154055,0.32791165633475416,1.8401691295245195,3.1715612361062915,1,1,1,8.232448322615864,0.3624
1863,2742694,2.563496441384314,2.7591287140626872,0.0929588264910409,2.576932762095139,2.9413246660302352,2.872660596253626,0.2910694293069178,2.2839171044942415,3.46140408801301,2.872660596253626,0.2711711568174403,2.322153880885723,3.4231673116215284,0,1,1,8.509532915618902,0.6878
1864,2743694,2.575456796460705,2.547287462685435,0.0832235374037725,2.384172326708019,2.7104025986628515,2.7360276323786663,0.24446236762582008,2.2415558210912314,3.230499443666101,2.7360276323786663,0.2427764530237019,2.2431652303027523,3.2288900344545803,1,1,1,8.509827979360685,0.2868
1865,2744694,2.5787574504373234,2.3745748456712494,0.0999237097478929,2.1787279733637455,2.5704217179787534,2.4977086130708073,0.22684614557457558,2.038868974171776,2.9565482519698385,2.4977086130708073,0.2317210030691356,2.0272899675980334,2.968127258543581,0,1,1,5.3776644639810725,0.3111
1866,2745694,2.577628597467306,2.731460135960725,0.1020215051090228,2.5315016602984715,2.931418611622979,2.65791031607019,0.23243496126639293,2.1877662304175605,3.128054401722819,2.65791031607019,0.23750975657310316,2.1757398762143243,3.1400807559260553,1,1,1,5.419752525728476,0.3177
1867,2746694,2.57313549265846,2.3994639907623947,0.09694504607491883,2.2094551919759775,2.589472789548812,2.569260508646273,0.30061246667329444,1.961214401856347,3.1773066154361986,2.569260508646273,0.30553540386016503,1.9489906629085816,3.1895303543839644,1,1,1,9.932803405592391,0.3046
1868,2747694,2.569171343959481,2.1235855235634427,0.10198313417699922,1.9237022535460082,2.323468793580877,2.374595531935372,0.35748740670087703,1.6515090003740194,3.0976820634967246,2.374595531935372,0.3594216485512946,1.6449307936265805,3.1042602702441635,0,1,1,12.420862502894442,0.4747
1869,2748694,2.5764582114595824,2.431608212601689,0.09742659463626765,2.2406555959782213,2.6225608292251565,2.711381994672153,0.28843400581185946,2.1279691500866744,3.2947948392576314,2.711381994672153,0.29438990302708284,2.1137387185400227,3.309025270804283,1,1,1,9.13042041431359,0.5442
1870,2749694,2.572719858521566,2.465852505070437,0.08510615644653846,2.29904750357259,2.632657506568284,2.609616260433665,0.2523710945912278,2.09914753892425,3.1200849819430796,2.609616260433665,0.2520065757671264,2.0980157129976007,3.121216807869729,1,1,1,8.768025247437686,0.6242
1871,2750694,2.569329883333019,2.1765583528336214,0.0895490278672938,2.001045483363152,2.3520712223040907,2.459752875594482,0.29867999701180564,1.8556155576420963,3.063890193546868,2.459752875594482,0.3066580368660537,1.837203963691021,3.0823017874979435,0,1,1,11.727000701060422,0.2652
1872,2751694,2.569344136577208,2.1769347758628133,0.10153541810341088,1.9779290132249117,2.3759405385007146,2.3882221920601223,0.2760405966216525,1.8298773837119757,2.946567000408269,2.3882221920601223,0.2822508392555543,1.8152225255321086,2.961221858588136,0,1,1,7.727435004503966,0.5041
1873,2752694,2.573273724030183,2.5139300084278906,0.09533131306944147,2.327084068212873,2.7007759486429084,2.6494016220059775,0.23804712291188176,2.1679058679512395,3.1308973760607155,2.6494016220059775,0.20517214860447694,2.2328800164678713,3.0659232275440838,1,1,1,4.63196920242641,0.5432
1874,2753694,2.5767322739027647,2.366871510276374,0.09181434536551855,2.186918700095836,2.5468243204569125,2.572197558873625,0.28211345033358814,2.0015692444636346,3.142825873283615,2.572197558873625,0.28991581098222813,1.9836371724734758,3.1607579452737737,0,1,1,9.97063269379037,0.2349
1875,2754694,2.5790514332354255,2.2769608830264345,0.10588332322482022,2.0694333829423734,2.4844883831104956,2.1919975620597647,0.3085995011271583,1.5677961532019875,2.816198970917542,2.1919975620597647,0.30595988174537586,1.57086598040194,2.8131291437175894,0,1,1,8.349757101075145,0.423
1876,2755694,2.5755000828045027,2.603299373710889,0.10918917029504077,2.3892925324307983,2.81730621499098,3.084073108272352,0.28441908769715085,2.508781202102186,3.659365014442518,3.084073108272352,0.26371213522490383,2.5487090117764484,3.6194372047682557,1,1,1,5.833122519946544,0.5016
1877,2756694,2.5782634722264803,2.268755825097141,0.09892265715759328,2.0748709798132547,2.462640670381027,2.4370411686813975,0.25907137399827923,1.9130198528536304,2.9610624845091644,2.4370411686813975,0.26423326002117825,1.9006191326049693,2.9734632047578256,0,1,1,7.134826540036675,0.3063
1878,2757694,2.5737264701344973,2.3755545844635613,0.09272791833968255,2.1938112041564124,2.55729796477071,2.778366454163015,0.26076409253259775,2.250921291925704,3.3058116164003257,2.778366454163015,0.2567137118995226,2.25720991234522,3.29952299598081,0,1,1,7.664381465500167,0.3318
1879,2758694,2.575957615427554,2.27556991230651,0.10747077331313444,2.0649310672220977,2.486208757390922,2.1651997062975985,0.2603034478694532,1.6386862858377933,2.6917131267574037,2.1651997062975985,0.25111719309361336,1.655404701678282,2.674994710916915,0,1,1,5.459742355197104,0.597
1880,2759694,2.5691601626099847,2.423713711488836,0.08790261240430867,2.2514277570294072,2.595999665948265,2.467196640939293,0.2589097841692339,1.9435021713915064,2.99089111048708,2.467196640939293,0.24771008453696328,1.9643184344132414,2.970074847465345,1,1,1,7.941157518916526,0.4752
1881,2760694,2.5737129099451264,2.2767408501557456,0.09748387877841744,2.085675958676779,2.467805741634712,2.382214176909767,0.2855206742118314,1.8046941016987217,2.9597342521208123,2.382214176909767,0.29215841076687155,1.7891010709069208,2.9753272829126134,0,1,1,8.981961413233915,0.3614
1882,2761694,2.582127197025035,2.6063036645228768,0.09823835962186106,2.4137600177637353,2.7988473112820182,2.7673164879330874,0.2390097847635067,2.283873566492002,3.2507594093741727,2.7673164879330874,0.23854718331883396,2.283039959815735,3.25159301605044,1,1,1,5.896392454843341,0.5196
1883,2762694,2.5695765002115816,2.391830571619495,0.0948849754048423,2.2058594371520353,2.5778017060869547,2.521040978363353,0.2876713283880097,1.9391707944780128,3.1029111622486933,2.521040978363353,0.2774990095577547,1.9576880389785378,3.0843939177481685,1,1,1,8.553187174596944,0.6398
1884,2763694,2.580048423301574,2.147162275261704,0.10142807056267061,1.9483669099374823,2.3459576405859255,2.2645916413528195,0.3041276559150308,1.6494353932014225,2.8797478895042166,2.2645916413528195,0.3118358376779399,1.6315312349702469,2.8976520477353924,0,1,1,9.452261361503115,0.5182
1885,2764694,2.583729020188482,2.7091553460312103,0.09745617730798464,2.518144748436611,2.90016594362581,2.8055789529555453,0.3456099060380789,2.106516934137565,3.5046409717735254,2.8055789529555453,0.3488994637434577,2.097275385447659,3.5138825204634316,1,1,1,12.81686645700582,0.4654
1886,2765694,2.575104805456238,2.379841526919373,0.09364229774101122,2.1963059959174145,2.5633770579213313,2.4235368879559505,0.26653329249357727,1.8844224173416897,2.962651358570211,2.4235368879559505,0.27096015894255565,1.8734585210466954,2.9736152548652055,0,1,1,8.372723580656414,0.3834
1887,2766694,2.5741810732987114,2.1084377591873382,0.10126796348093818,1.909956197976982,2.3069193203976943,2.4576191774460043,0.29188595378834076,1.867224109032058,3.0480142458599504,2.4576191774460043,0.2994670124287837,1.8496688212648866,3.065569533627122,0,1,1,8.744879455682504,0.3225
1888,2767694,2.5735897520520266,2.0657677496163402,0.1022775056452066,1.8653075221231432,2.266227977109537,2.1160212684716737,0.2369197820747392,1.6368057764920108,2.595236760451337,2.1160212684716737,0.23451131703801742,1.6399379844883648,2.5921045524549826,0,1,1,5.257355632100257,0.4536
1889,2768694,2.5712405884776093,2.6796554843463456,0.10757909876827422,2.468804325271251,2.8905066434214404,2.568749142410576,0.33377955214916133,1.8936162729845312,3.243882011836621,2.568749142410576,0.32277850143136244,1.9134739475860028,3.2240243372351496,1,1,1,9.002298276751954,0.4874
1890,2769694,2.5696874266495726,1.7796933099578027,0.0905352417885572,1.6022474967206048,1.9571391231950006,1.8259214727824056,0.2675773412925202,1.2846952141424477,2.3671477314223637,1.8259214727824056,0.26750063096326837,1.2828663210519053,2.368976624512906,0,0,0,8.730000929147277,0.3559
1891,2770694,2.568958295409731,2.3539859582778715,0.11268709631627948,2.1331233079755676,2.5748486085801754,2.779768435958136,0.28968757311022864,2.1938200121805913,3.365716859735681,2.779768435958136,0.2649902605425446,2.2418096071215925,3.3177272647946796,1,1,1,5.529825766227063,0.4798
1892,2771694,2.5698855041739352,2.597099481889964,0.10411279263687334,2.3930421579918053,2.8011568057881227,2.3983259487860638,0.2981519760499161,1.7952566540388808,3.0013952435332465,2.3983259487860638,0.29558437898760165,1.7982577575363798,2.9983941400357477,1,1,1,8.060366065826475,0.3468
1893,2772694,2.5780944697584474,2.6329923729513505,0.10354825624859215,2.4300415200421854,2.8359432258605155,2.7395202595678145,0.3453951037440292,2.040892719399612,3.4381477997360173,2.7395202595678145,0.34246470948437274,2.044279937697639,3.43476058143799,1,1,1,10.938205284869644,0.2778
1894,2773694,2.576826547492125,2.451467657949349,0.0932970976227397,2.2686087067466616,2.634326609152036,2.635757057008985,0.21855058840724972,2.1936967662689497,3.0778173477490203,2.635757057008985,0.22002691577668942,2.1890786708622576,3.0824354431557124,1,1,1,5.561799838816132,0.4251
1895,2774694,2.577858862097018,1.954594525007313,0.08946571788636208,1.7792449400990222,2.1299441099156033,2.0907189165650233,0.3519951163558414,1.37874159081478,2.8026962423152666,2.0907189165650233,0.3622091193062619,1.3553953117768067,2.82604252135324,0,1,1,16.391000304741663,0.4273
1896,2775694,2.5800323034607477,1.602240322089726,0.09993264211210245,1.4063759426700746,1.7981047015093776,1.725877805575037,0.3044159032121481,1.1101385222330356,2.3416170889170385,1.725877805575037,0.3003499516390033,1.1161349875030895,2.3356206236469843,0,0,0,9.03317435744167,0.7262
1897,2776694,2.5695799748485983,2.2499711481334055,0.10458003653706988,2.0449980430188655,2.4549442532479455,2.397434089326657,0.2867231386509403,1.817481800212959,2.9773863784403547,2.397434089326657,0.28143454273127466,1.8260915928443864,2.9687765858089272,0,1,1,7.241978367849081,0.1702
1898,2777694,2.5747799493420573,2.314092390630043,0.11452353523632783,2.089630386184637,2.538554395075449,2.7029513346291956,0.31770636654334594,2.0603295517840987,3.3455731174742924,2.7029513346291956,0.3188751439886456,2.0556003766958764,3.3503022925625148,0,1,1,7.752679739608209,0.5857
1899,2778694,2.572056930134531,2.1690038244180547,0.09702727232826548,1.9788338651364945,2.3591737836996147,2.426480439185693,0.3062761528553903,1.806978445781304,3.0459824325900815,2.426480439185693,0.30347460869144754,1.810394230058515,3.042566648312871,0,1,1,9.782662602086871,0.467
1900,2779694,2.5745442738297455,1.974363407726661,0.12268460368685423,1.7339060030428568,2.214820812410465,2.312676054092143,0.30700726169754516,1.6916952534711687,2.933656854713117,2.312676054092143,0.31196375584466407,1.6793559600251364,2.9459961481591495,0,1,1,6.465887618359218,0.1686
1901,2780694,2.5725223953136367,2.049424437281095,0.10706234860270465,1.8395860899195218,2.2592627846426683,2.2113503313101335,0.329405096563411,1.5450656334774897,2.8776350291427772,2.2113503313101335,0.32818685236881817,1.545095600368671,2.877605062251596,0,1,1,9.396558564813756,0.456
1902,2781694,2.5789870106944193,2.5887069698159753,0.08795825548581693,2.4163119569208016,2.761101982711149,2.764714788791171,0.2586900956446283,2.2414646812273404,3.287964896355002,2.764714788791171,0.2606889869489031,2.235488009578653,3.293941568003689,1,1,1,8.783996505003977,0.4364
1903,2782694,2.574642727981287,2.343454776820439,0.0906457542359006,2.165792363166605,2.521117190474273,2.677922737975805,0.2471636791428491,2.177987008410685,3.177858467540925,2.677922737975805,0.25078483782142513,2.1688024504295536,3.1870430255220565,0,1,1,7.65433768598251,0.3706
1904,2783694,2.5735648784803984,2.1900342657821814,0.09385419608834691,2.0060834216510615,2.3739851099133014,2.453288602166781,0.30826228990265603,1.8297692673909391,3.0768079369426227,2.453288602166781,0.3066246690519914,1.8308074305271957,3.0757697738063663,0,1,1,10.673498583118292,0.3838
1905,2784694,2.5691139390085,2.336828117804235,0.08841550996338922,2.16353690260125,2.51011933300722,2.4432822951535837,0.25148114446066017,1.9346136676925536,2.951950922614614,2.4432822951535837,0.24735195906537555,1.9411311219867107,2.9454334683204566,0,1,1,7.8266118548965835,0.4234
1906,2785694,2.5749462824611578,2.1021706199679246,0.11336642068005723,1.8799765183787958,2.3243647215570538,2.2164885915805184,0.3840884336130467,1.439596404420267,2.99338077874077,2.2164885915805184,0.3722072371659643,1.4608677284577387,2.972109454703298,0,1,1,10.779553114902397,0.5622
1907,2786694,2.576158073702906,2.2845723245521103,0.09302243267120527,2.102251706762246,2.4668929423419748,2.674842174467419,0.24066481215645713,2.1880516441462006,3.1616327047886377,2.674842174467419,0.23358582841100642,2.200637732283311,3.1490466166515274,0,1,1,6.305471918813019,0.2706
1908,2787694,2.5775331862196094,2.1487461681009945,0.09007768628880379,1.9721971471642417,2.3252951890377473,2.3597455449999245,0.3369034477696723,1.6782940002671294,3.0411970897327194,2.3597455449999245,0.34224695902914726,1.6649472800552825,3.0545438099445663,0,1,1,14.435929451894236,0.7778
1909,2788694,2.5691497424362786,1.9692933071175016,0.09344485377746622,1.7861447591730562,2.152441855061947,2.028416572465579,0.2721245674999544,1.4779926806644905,2.5788404642666674,2.028416572465579,0.27675868838700585,1.4665665649589523,2.5902665799722056,0,1,1,8.771861176255499,0.3742
1910,2789694,2.5833951753516846,2.7150558600275567,0.10093926873732856,2.517218528676583,2.9128931913785303,2.8985862701701706,0.29613255100127195,2.299601648132575,3.497570892207766,2.8985862701701706,0.30092753645584147,2.287670892582323,3.509501647758018,1,1,1,8.887989877777107,0.2591
1911,2790694,2.5788775530845207,2.0386209637151924,0.08714224728695963,1.8678252975008682,2.2094166299295166,2.1634437795421295,0.23948933808107087,1.6790308699599334,2.6478566891243256,2.1634437795421295,0.23910957845837366,1.6780255285931878,2.6488620304910713,0,1,1,7.528985076884523,0.539
1912,2791694,2.5741800927576843,2.565896064533131,0.11416713746874549,2.3421325868763563,2.7896595421899053,2.86362256709356,0.3339789839991765,2.1880863086753233,3.5391588255117967,2.86362256709356,0.3402715115588882,2.172834673720133,3.554410460466987,1,1,1,8.88319010895271,0.4028
1913,2792694,2.5775990337574854,2.280292830141048,0.0911581849000685,2.101626070840871,2.4589595894412253,2.6601978992645265,0.21598237287323047,2.2233323147658495,3.0970634837632036,2.6601978992645265,0.2145482432302206,2.224641809690673,3.0957539888383803,0,1,1,5.539347202973514,0.4975
1914,2793694,2.5740635539853756,2.1833807479756504,0.11672042946664637,1.954612909960976,2.412148585990325,2.2839806540707355,0.38653005403407037,1.5021498234547028,3.065811484686768,2.2839806540707355,0.3812250788022058,1.510052599146516,3.057908708994955,0,1,1,10.667660163058123,0.4299
1915,2794694,2.5786681795331203,2.7489065759380438,0.10815005452360137,2.536936364145742,2.9608767877303457,2.812117600281704,0.3529838646316891,2.0981403423717015,3.5260948581917066,2.812117600281704,0.3522748472515296,2.0969616399531956,3.5272735606102126,1,1,1,10.609863219211924,0.3734
1916,2795694,2.576425006795519,2.4539507680659707,0.10591280432199149,2.246365486093229,2.661536050038712,2.5545262665983137,0.3295761359090798,1.8878956090342167,3.2211569241624107,2.5545262665983137,0.3229529075091967,1.898897008612394,3.2101555245842333,1,1,1,9.297827038713402,0.2783
1917,2796694,2.5848091457407305,2.4991514350058623,0.10618901529901889,2.2910247894660127,2.707278080545712,2.8050612099096255,0.2617570958462604,2.2756075088862024,3.3345149109330485,2.8050612099096255,0.26674480738552103,2.2635404616166688,3.346581958202582,1,1,1,6.310049421784864,0.3259
1918,2797694,2.577068981250177,2.6771728743979466,0.09343279957632274,2.494047952253605,2.860297796542288,2.9060324657018644,0.2753684408946959,2.3490472206394837,3.463017710764245,2.9060324657018644,0.28123428231272213,2.3350965194830122,3.4769684119207165,1,1,1,9.06020022888799,0.4269
1919,2798694,2.5763755010736875,2.7084014015271403,0.10977572107526247,2.493244941842711,2.9235578612115694,2.810836752241623,0.3164329491644629,2.17079069916621,3.4508828053170357,2.810836752241623,0.32064568573345864,2.1598914034748606,3.461782101008385,1,1,1,8.531751643153436,0.4253
1920,2799694,2.573348483122768,2.503314418230434,0.09889105208929898,2.3094915177421336,2.697137318718734,2.931098942598367,0.29369056141143374,2.3370537107309612,3.5251441744657726,2.931098942598367,0.28959913121965775,2.3431814502949284,3.5190164349018054,1,1,1,8.575915924733033,0.354
1921,2800694,2.5719919010790204,2.4377134283253463,0.1112974925561771,2.2195743513456243,2.6558525053050683,2.6042199943187154,0.3528683658319832,1.890476354782153,3.317963633855278,2.6042199943187154,0.3486128847889689,1.8964982130184065,3.311941775619024,1,1,1,9.811064007349708,0.2627
1922,2801694,2.57547587217253,2.3114269094529183,0.08016460661465782,2.1543071676533674,2.468546651252469,2.5393348666147526,0.25523071459371444,2.0230820176915527,3.0555877155379525,2.5393348666147526,0.2610195072683189,2.0094370954813403,3.069232637748165,0,1,1,10.601824226775438,0.8168
1923,2802694,2.572409962700286,2.507909692334692,0.09326909081303625,2.3251056334703453,2.6907137511990387,2.6897515247361543,0.25337815496242766,2.1772458313579848,3.202257218114324,2.6897515247361543,0.25687298444092943,2.1682716424692967,3.211231407003012,1,1,1,7.585101147758091,0.3377
1924,2803694,2.576985009998924,2.099826629390249,0.08337307147047235,1.9364184120276393,2.2632348467528587,2.2545197338625886,0.2314960408653041,1.7862747939798793,2.722764673745298,2.2545197338625886,0.2296778187219394,1.7882489731319344,2.720790494593243,0,1,1,7.5890341558372345,0.1938
1925,2804694,2.5795723810778184,2.328864270056286,0.11062439761744068,2.112044434914664,2.545684105197908,2.4678241291778527,0.2607873349133219,1.9403319547880908,2.9953163035676145,2.4678241291778527,0.25964204447367645,1.940722756184714,2.9949255021709913,0,1,1,5.508688343805669,0.2869
1926,2805694,2.575725329959343,2.5720912365955853,0.09112913357848484,2.3934814168394154,2.750701056351755,2.7304856969385662,0.2555547846515913,2.213577354451843,3.2473940394252896,2.7304856969385662,0.2412642723649686,2.2406931848068936,3.220278209070239,1,1,1,7.00924992917264,0.594
1927,2806694,2.5730826536625018,2.3848031175878064,0.11797835080050874,2.153569799063377,2.616036436112236,2.518510194971228,0.36983053314388764,1.7704573336287324,3.266563056313724,2.518510194971228,0.3328015618153257,1.842887105795839,3.1941332841466172,1,1,1,7.957306188895016,0.245
1928,2807694,2.577933759483716,2.3203708143343897,0.09790527707297167,2.12847999737495,2.5122616312938293,2.6873430256855775,0.2966401899158561,2.087331607024795,3.28735444434636,2.6873430256855775,0.2990999068562705,2.0801379334377237,3.2945481179334313,0,1,1,9.33298040372241,0.5683
1929,2808694,2.581365191425106,2.209388308470228,0.10201867350444584,2.0094353826509637,2.4093412342894927,2.8399491787606306,0.24257572661754254,2.3492934591100076,3.3306048984112535,2.8399491787606306,0.24532262285349296,2.3419177771265858,3.3379805803946754,0,1,1,5.782502828771087,0.5107
1930,2809694,2.57176856639989,2.3788430970432834,0.10111327712165177,2.180664715526028,2.577021478560539,2.8443583787337503,0.34976506324384643,2.136891761164339,3.5518249963031616,2.8443583787337503,0.3481678521229065,2.1375400617771447,3.551176695690356,1,1,1,11.856621718172672,0.4698
1931,2810694,2.580743332383913,2.4680632693017373,0.10816686878504572,2.2560601021625777,2.680066436440897,2.4712001572282296,0.28819944105691675,1.8882617646427344,3.054138549813725,2.4712001572282296,0.28626246609697725,1.8900564552442614,3.052343859212198,1,1,1,7.0039058715652445,0.2624
1932,2811694,2.5773064071951346,1.9687673406281456,0.0949399109282242,1.7826885345133856,2.154846146742906,2.210530169835653,0.2527821092756754,1.6992300926560042,2.7218302470153017,2.210530169835653,0.2567213982111737,1.689358023975636,2.73170231569567,0,1,1,7.311836962096503,0.7233
1933,2812694,2.574067670653828,2.5075062562290227,0.11671122381069106,2.2787564609684745,2.736256051489571,2.381796642830528,0.3112666986453194,1.7522003177708219,3.011392967890234,2.381796642830528,0.3138223907187544,1.744703319369908,3.018889966291148,1,1,1,7.230071748811068,0.5207
1934,2813694,2.5715099321827344,2.0817588262442177,0.09766562872944558,1.890337711407044,2.2731799410813913,2.1831716328299287,0.2646166662894988,1.647933904635762,2.7184093610240954,2.1831716328299287,0.2706383220634174,1.6337466295206153,2.7325966361392418,0,1,1,7.678830548550241,0.2999
1935,2814694,2.5693169629876476,2.7333187134269243,0.10279645891715057,2.531841356211058,2.9347960706427907,2.991285504708273,0.28875982054447336,2.4072136376215223,3.5753573717950236,2.991285504708273,0.2857709286994042,2.411139676692149,3.571431332724397,1,1,1,7.72822545584929,0.5806
1936,2815694,2.576814690064912,3.0030189587850074,0.09687740188992382,2.813142740164944,3.1928951774050707,3.1143799866744786,0.2591548310799466,2.5901898629654103,3.638570110383547,3.1143799866744786,0.2612125732613359,2.584090270737967,3.64466970261099,0,0,0,7.270146941726019,0.3744
1937,2816694,2.573290371771637,2.3485280384987086,0.11101040663824235,2.1309516395786074,2.56610443741881,2.610912649537103,0.29246517303336966,2.0193459996155263,3.20247929945868,2.610912649537103,0.28609618315879,2.0301065198642814,3.191718779209925,0,1,1,6.64196741629291,0.3636
1938,2817694,2.5722434444606255,2.796680290108965,0.09883577177445076,2.602965737046821,2.990394843171109,2.7740907282415206,0.24998763044999883,2.268443018008803,3.2797384384742383,2.7740907282415206,0.23460013063943375,2.29782714306184,3.250354313421201,0,1,1,5.634147124061652,0.4477
1939,2818694,2.57835407823168,2.3651050710124037,0.08745508112206186,2.1936962617481335,2.536513880276674,2.7537829100899502,0.2510620060683465,2.2459620700492917,3.2616037501306088,2.7537829100899502,0.24173088430144396,2.2630431253666226,3.244522694813278,0,1,1,7.640014584726055,0.5803
1940,2819694,2.581333855658869,2.1846312534232366,0.11452480674122767,1.9601667568740204,2.409095749972453,2.3978367166198007,0.3642454867625704,1.6610806778807796,3.1345927553588218,2.3978367166198007,0.35650697590616315,1.674089078356145,3.1215843548834563,0,1,1,9.690293459901746,0.5855
1941,2820694,2.5790420257796187,2.2446965748730965,0.09512523052225541,2.0582545490284057,2.4311386007177873,2.21097738200307,0.2790166123859158,1.6466130135906616,2.7753417504154783,2.21097738200307,0.28307009086067136,1.636314546296276,2.7856402177098634,0,1,1,8.855162273008272,0.5013
1942,2821694,2.570921383905036,2.446190734952979,0.10827662613231538,2.233972447366132,2.658409022539826,2.377765488209644,0.3329822433655388,1.704245328020698,3.05128564839859,2.377765488209644,0.34081303916872197,1.6858782353421269,3.069652741077161,1,1,1,9.907474758231963,0.2781
1943,2822694,2.5728622982453166,2.105820846718786,0.09666146096644285,1.916367864531534,2.2952738289060384,2.3393813408282185,0.2761911326978448,1.7807320445256198,2.898030637130817,2.3393813408282185,0.2826895414520361,1.7654910614929862,2.9132716201634508,0,1,1,8.552887763265387,0.4952
1944,2823694,2.5762093691511874,2.4067240213501297,0.08340537374818162,2.243252492686591,2.5701955500136684,2.6335756918534,0.25122440584967415,2.125426367249634,3.141725016457166,2.6335756918534,0.24350260289862605,2.1392391271593043,3.1279122565474955,0,1,1,8.52352325150519,0.551
1945,2824694,2.574923920467728,2.5381361802913864,0.10250803177702238,2.337224129882335,2.739048230700438,2.675340591783214,0.3010563023913142,2.0663967425164613,3.2842844410499663,2.675340591783214,0.30020217216396405,2.0658977819951763,3.2847834015712514,1,1,1,8.576535132044711,0.4971
1946,2825694,2.5773655026212348,2.672511907835159,0.1048618931280473,2.4669863739534983,2.87803744171682,2.7487035084615177,0.26918278397335355,2.2042299354883985,3.293177081434637,2.7487035084615177,0.26916042369465865,2.20227879834777,3.2951282185752655,1,1,1,6.588507103855284,0.2869
1947,2826694,2.56796003627768,2.357218687123869,0.10769996055563644,2.146130643298437,2.568306730949301,2.5554895800336324,0.3418923834998341,1.863946960298792,3.247032199768473,2.5554895800336324,0.3417508840155264,1.8616984009071489,3.249280759160116,1,1,1,10.069043215158013,0.5071
1948,2827694,2.5752889610598544,2.290959430016348,0.10087582718882956,2.0932464418155554,2.4886724182171402,2.2905918801131557,0.2878792771360331,1.7083010801833554,2.872882680042956,2.2905918801131557,0.2933473598257936,1.695065079199506,2.8861186810268054,0,1,1,8.456490196203974,0.5977
1949,2828694,2.57737516743225,2.094074416474818,0.10228579287947646,1.8935979463009207,2.2945508866487154,2.6208432091153946,0.3030267812850199,2.007913690082219,3.23377272814857,2.6208432091153946,0.29887633880271036,2.0140919841455767,3.2275944340852125,0,1,1,8.53792699690284,0.4038
1950,2829694,2.5736218677934515,2.085590068844636,0.11304648632273422,1.8640230270732772,2.3071571106159947,2.169196669265456,0.30554761263692193,1.5511682875458446,2.787225050985067,2.169196669265456,0.30799989271321915,1.5439236451680949,2.794469693362817,0,1,1,7.4231287614795525,0.2605
1951,2830694,2.569047598491434,2.0071583942490827,0.0825009908586934,1.8454594234771755,2.16885736502099,2.1172828824978716,0.23474799173203312,1.6424602511246236,2.5921055138711195,2.1172828824978716,0.23699599162376536,1.6361554409389139,2.5984103240568293,0,1,1,8.2520846119988,0.4216
1952,2831694,2.582427180383031,2.0034300368437465,0.10268345993703215,1.802174153559202,2.204685920128291,2.532872658174323,0.27492324325635203,1.976787910332642,3.0889574060160037,2.532872658174323,0.24814131429431482,2.0291190086989745,3.036626307649671,0,1,1,5.839789173031265,0.4324
1953,2832694,2.5804742855024925,1.941319508531682,0.08876795780835539,1.7673375082461342,2.1153015088172293,2.4597194673359066,0.2867172975611108,1.8797789929415698,3.0396599417302435,2.4597194673359066,0.28151691139664947,1.8882097535730193,3.031229181098794,0,1,1,10.05765005849488,0.3695
1954,2833694,2.580336850995513,2.124827324625081,0.11638468229177036,1.8967175389810744,2.3529371102690875,2.238615552748663,0.349685075390103,1.5313107258847318,2.9459203796125943,2.238615552748663,0.34977816174975,1.528528133451665,2.9487029720456612,0,1,1,9.032203860505119,0.2039
1955,2834694,2.572522132915659,2.5218563519739017,0.09394054552879581,2.3377362660494168,2.7059764378983866,2.7628143240684335,0.26041642727018866,2.2360723812006094,3.2895562669362577,2.7628143240684335,0.256805894620991,2.241470641376938,3.284158006759929,1,1,1,7.473152083424615,0.5176
1956,2835694,2.577825707269624,2.1894874626059138,0.10911437348091042,1.975627220387677,2.4033477048241507,2.310586626870681,0.2625111332487458,1.7796077412398827,2.841565512501479,2.310586626870681,0.26749289865592857,1.767547172558615,2.853626081182747,0,1,1,6.009807857826334,0.4464
1957,2836694,2.570850416830667,2.6032786803870382,0.08590161718688692,2.434914604486993,2.7716427562870836,2.843636005187233,0.305357895775561,2.225991362040474,3.4612806483339917,2.843636005187233,0.28626150866938205,2.262494246884616,3.4247777634898497,1,1,1,11.1051193825625,0.2543
1958,2837694,2.566922465853994,2.2103925982692263,0.10419189071885422,2.006180244979139,2.4146049515593138,2.214324821980282,0.29324274465371447,1.6211853850025555,2.8074642589580083,2.214324821980282,0.30165831381027103,1.601925887491421,2.8267237564691428,0,1,1,8.382291510488937,0.4877
1959,2838694,2.571368948037839,2.355102819832294,0.09024203569703527,2.178231679974527,2.531973959690061,2.755572235979113,0.25541945141299105,2.2389376308052853,3.272206841152941,2.755572235979113,0.25711101522895424,2.2336091255223183,3.277535346435908,0,1,1,8.117524333120807,0.2974
1960,2839694,2.579920816836819,2.4433103793785205,0.09300225908791518,2.261029301085344,2.625591457671697,2.4383571551057264,0.2544567437768328,1.9236698099262062,2.9530445002852463,2.4383571551057264,0.25280119688260183,1.9251434410431805,2.9515708691682723,1,1,1,7.388754818369528,0.4804
1961,2840694,2.573909024800843,3.1170388016194623,0.09626215312971059,2.92836844841095,3.3057091548279747,3.476762834553928,0.3357776175510285,2.797588496381887,4.155937172725969,3.476762834553928,0.34525578239409405,2.7758563334414026,4.177669335666454,0,0,0,12.863844420565638,0.3662
1962,2841694,2.580406567076532,2.297417813865753,0.09074417814915534,2.119562492886722,2.475273134844784,2.740658616107381,0.2883327958016985,2.157450488090472,3.32386674412429,2.740658616107381,0.27276734255586804,2.186911471416936,3.294405760797826,0,1,1,9.035396216600367,0.6196
1963,2842694,2.577523795300439,2.339573404050119,0.1116865236805632,2.120671840077735,2.5584749680225025,2.643896366823744,0.37925455892697035,1.8767816140996145,3.4110111195478736,2.643896366823744,0.36611248553184367,1.9006485073141093,3.387144226333379,0,1,1,10.745522376598984,0.2318
1964,2843694,2.56851508854725,2.0765907770968624,0.08750147555559858,1.9050910364137772,2.2480905177799473,2.13027717244483,0.30519209127653735,1.5129679005527477,2.7475864443369122,2.13027717244483,0.31109626639423166,1.4987181755888197,2.76183616930084,0,1,1,12.64034258539914,0.5805
1965,2844694,2.574449004550837,2.8401682322983404,0.09833182748284944,2.6474413918979494,3.0328950726987314,2.809102953509379,0.3632002001779675,2.0744612064538703,3.543744700564888,2.809102953509379,0.3510532412894215,2.096426985129744,3.5217789218890143,0,1,1,12.745525711845934,0.2928
1966,2845694,2.5745022246009137,2.657107260689187,0.09778216249137196,2.4654577438756546,2.8487567775027194,2.6826506639733325,0.3011461176377412,2.0735251462231514,3.2917761817235136,2.6826506639733325,0.30289157581952253,2.06774807450188,3.297553253444785,1,1,1,9.59522391862598,0.584
1967,2846694,2.572015579452799,2.1380627364656606,0.08952722598900897,1.9625925978914247,2.3135328750398965,2.0359655088695914,0.2864347199228441,1.456596601698382,2.6153344160408007,2.0359655088695914,0.2711690676018606,1.485463034834801,2.5864679829043817,0,1,1,9.174238782930942,0.3961
1968,2847694,2.5717254921669013,2.3642492583433583,0.10030329769422754,2.167658407332073,2.560840109354644,2.613582130215863,0.2725911937068889,2.0622143978229572,3.164949862608769,2.613582130215863,0.2764800711314675,2.0522977458086524,3.1748665146230737,0,1,1,7.5979641796697885,0.4942
1969,2848694,2.572374995837732,2.4079581069369045,0.09204170584764543,2.22755967839989,2.588356535473919,2.699556105682463,0.2600850806972742,2.1734843745190586,3.2256278368458675,2.699556105682463,0.264886949184533,2.161807010052897,3.237305201312029,1,1,1,8.282316159651048,0.6071
1970,2849694,2.578966904028583,2.339694540111721,0.10991039244596096,2.124274129390974,2.5551149508324675,2.5155625031189235,0.35881921200626604,1.7897821410591037,3.2413428651787433,2.5155625031189235,0.36075601803459884,1.7831888507428608,3.247936155494986,0,1,1,10.77332228732476,0.4498
1971,2850694,2.5761575114356763,2.111603421370843,0.09840091445888571,1.91874117298562,2.3044656697560653,2.2237540172747994,0.30145082803405615,1.6140121645727512,2.8334958699768475,2.2237540172747994,0.30905622013489287,1.5963365345038703,2.8511715000457283,0,1,1,9.86453705625256,0.3584
1972,2851694,2.579928966272362,2.7325066125975757,0.10864139780697656,2.519573385665813,2.9454398395293384,2.6794276935711956,0.35714742362439683,1.9570288426916056,3.4018265444507856,2.6794276935711956,0.3584597567114331,1.9517156995126264,3.4071396876297646,1,1,1,10.886546250387093,0.2539
1973,2852694,2.5756088093622482,2.2433979983792876,0.0783144538320095,2.089904489399624,2.396891507358951,2.5092376447093514,0.2083505345964771,2.0878089101962525,2.9306663792224503,2.5092376447093514,0.20715852552574585,2.088683479634884,2.929791809783819,0,1,1,6.997159527389608,0.6151
1974,2853694,2.575123845343464,1.8839324463759108,0.10697826463611645,1.6742589005605277,2.093605992191294,2.1639370953672126,0.36309285233264227,1.4295124798237286,2.8983617109106965,2.1639370953672126,0.36377289447277716,1.4254388582154525,2.902435332518973,0,1,1,11.56297466497534,0.4005
1975,2854694,2.5761064057116845,2.783510113159353,0.08917384176840658,2.6087325949302027,2.9582876313885036,2.94078976187062,0.24344238606666682,2.4483810580214893,3.4331984657197507,2.94078976187062,0.24134671935882307,2.450829873443063,3.430749650298177,0,1,1,7.3250036452576595,0.2782
1976,2855694,2.574788167546119,2.4610458301228513,0.09170393613341436,2.281309418060798,2.6407822421849048,2.8278857085694633,0.33087023388589826,2.158637490778018,3.4971339263609087,2.8278857085694633,0.3173257683878608,2.183680150327135,3.4720912668117916,1,1,1,11.973875186163095,0.3662
1977,2856694,2.573844751626918,2.363989895804378,0.08904140977825979,2.189471939506316,2.53850785210244,2.6691328573007174,0.26876397894964754,2.125506397446314,3.2127593171551205,2.6691328573007174,0.25981982124570463,2.1416705782732257,3.196595136328209,0,1,1,8.514526555083544,0.4349
1978,2857694,2.572082454393291,2.2220342902239842,0.09756706834068206,2.0308063501990894,2.413262230248879,2.5666976096284184,0.2836093000301407,1.9930436536194716,3.1403515656373653,2.5666976096284184,0.2868491075934996,1.9843629620913195,3.1490322571655174,0,1,1,8.643716113653692,0.4871
1979,2858694,2.580014009478385,2.8931876208726774,0.10386400574496787,2.6896179103224793,3.0967573314228756,2.7482354793295087,0.403981008075553,1.9311067624277904,3.565364196231227,2.7482354793295087,0.3645623588313042,2.008134544324432,3.4883364143345856,0,1,1,12.32007963336276,0.4107
1980,2859694,2.5741475175424493,2.2311899415543412,0.09778322219698155,2.03953834775598,2.4228415353527026,2.444617177184682,0.24822705092921507,1.9425305751626563,2.946703779206708,2.444617177184682,0.24042921592692484,1.9565199197484184,2.9327144346209457,0,1,1,6.045688849774375,0.5754
1981,2860694,2.585461561360717,2.026481848245255,0.09530133990117232,1.8396946543605472,2.2132690421299626,2.1190487732085774,0.2634865304472677,1.5860969605208997,2.652000585896255,2.1190487732085774,0.25403488940325863,1.6033305301788232,2.6347670162383316,0,1,1,7.105403096295918,0.5264
1982,2861694,2.5761151610686808,2.5677045799167515,0.09130048673835556,2.388758914138598,2.746650245694905,2.9153580263256003,0.25442582998867164,2.400733210184698,3.4299828424665026,2.9153580263256003,0.2448826272886088,2.4182198631762217,3.412496189474979,1,1,1,7.193988950605062,0.42
1983,2862694,2.5809887540878056,2.598493116446721,0.11730218460684487,2.3685850593094364,2.828401173584006,2.6465849703636555,0.286768735395369,2.066540453129018,3.226629487598293,2.6465849703636555,0.2913585601162124,2.0550956475081286,3.2380742932191824,1,1,1,6.169406172034026,0.5415
1984,2863694,2.5753545967141327,2.064825977342194,0.09145034392069563,1.8855865968838292,2.244065357800559,2.2800054221568127,0.3068612846999201,1.659319887883469,2.9006909564301564,2.2800054221568127,0.29661045011472686,1.677854195777003,2.8821566485366223,0,1,1,10.519672262305823,0.4784
1985,2864694,2.5808217897215973,2.2499300776599958,0.09440654795191117,2.0648966437694964,2.434963511550495,2.5711130016981203,0.22864450358403082,2.1086358403823886,3.033590163013852,2.5711130016981203,0.18996603633085826,2.1854614452445524,2.956764558151688,0,1,1,4.04899916477282,0.2919
1986,2865694,2.575827564854418,2.4750752123548097,0.10223529082657168,2.274697724385751,2.675452700323868,2.5937035999964313,0.286650274100505,2.0138986933472913,3.1735085066455713,2.5937035999964313,0.2884064644739934,2.0082073499091266,3.179199850083736,1,1,1,7.958080130104616,0.5048
1987,2866694,2.57199289742607,2.333692768606493,0.09587191772770455,2.145787262731405,2.5215982744815815,2.4939047404776176,0.23744796908718838,2.0136208894237924,2.9741885915314428,2.4939047404776176,0.24228551732665746,2.0020389908525345,2.9857704901027007,0,1,1,6.386634760635677,0.5487
1988,2867694,2.57298470664634,2.1837555024584177,0.09331332950716699,2.0008647373468516,2.3666462675699838,2.535682956544923,0.24540504442297395,2.0393044014593555,3.03206151163049,2.535682956544923,0.2479551981567996,2.0323071429159194,3.0390587701739262,0,1,1,7.060883779208515,0.4756
1989,2868694,2.577161952167788,2.3263429369786013,0.09303829702977785,2.1439912256172966,2.508694648339906,2.4661665000354804,0.30203804620638247,1.855236886468187,3.077096113602774,2.4661665000354804,0.3027136572348908,1.8516251044932721,3.0807078955776888,0,1,1,10.58621049280706,0.7333
1990,2869694,2.5682804878312537,2.313106034082039,0.10351376921614741,2.110222774514399,2.5159892936496786,2.717363776111081,0.3357633120703548,2.038218373504905,3.396509178717257,2.717363776111081,0.342470324391662,2.0221120553731016,3.4126154968490603,0,1,1,10.94585384372102,0.3456
1991,2870694,2.569482726734878,2.8153353005492883,0.08616456734938405,2.6464558518010195,2.984214749297557,2.856492972280987,0.2576525632376723,2.33534147209595,3.377644472466024,2.856492972280987,0.2541061570448651,2.3406300482469797,3.3723558963149944,0,1,1,8.697069750040244,0.7086
1992,2871694,2.5752446973411187,2.1419846645189446,0.1067430279185717,1.9327721741977906,2.3511971548400985,2.582973137179336,0.2662762093885058,2.0443786662273977,3.121567608131274,2.582973137179336,0.22915004382189186,2.1177738164576,3.048172457901072,0,1,1,4.608513385208973,0.3347
1993,2872694,2.567050718675918,2.8317078956161152,0.09464678349052236,2.6462036087221312,3.0172121825100993,2.8619082107856353,0.25457636215291957,2.3469789146029347,3.376837506968336,2.8619082107856353,0.2576091446298397,2.3389338438828084,3.384882577688462,0,1,1,7.408168169219924,0.5278
1994,2873694,2.5668790847265646,2.431616878673091,0.09970326215751614,2.236202075703204,2.627031681642978,2.3796264599211625,0.2792516214525922,1.8147867408034617,2.944466179038863,2.3796264599211625,0.2862551801561786,1.7984975491833741,2.960755370658951,1,1,1,8.24305073561927,0.4407
1995,2874694,2.574801227473869,2.1984526953482413,0.09993670101417335,2.002580360626714,2.3943250300697687,2.405337673959105,0.2593229062351282,1.8808075861597668,2.9298677617584428,2.405337673959105,0.26331491250643363,1.8707799824532487,2.939895365464961,0,1,1,6.94226029394791,0.301
1996,2875694,2.582934948012834,2.2257907040447424,0.09471199994337676,2.0401585952519645,2.4114228128375204,2.3373524506253416,0.23620425494790068,1.8595842488681749,2.8151206523825083,2.3373524506253416,0.23911243196072754,1.8519284067586481,2.822776494492035,0,1,1,6.37373933958597,0.5259
1997,2876694,2.576534838480842,2.580236870817857,0.09247184815842915,2.3989953788434795,2.761478362792235,2.6184016633190375,0.27562399927062015,2.0608995026501353,3.1759038239879396,2.6184016633190375,0.2609628047123925,2.0886190044939634,3.1481843221441115,1,1,1,7.964126460126266,0.6328
1998,2877694,2.5765840343696507,2.091256630373961,0.09613462081277781,1.9028362359135018,2.2796770248344203,2.221600278229741,0.30948816031530807,1.595601386501086,2.847599169958396,2.221600278229741,0.3119410220206931,1.5883263362790174,2.8548742201804647,0,1,1,10.52895685692321,0.2963
1999,2878694,2.579112111929963,2.4501245160857055,0.09859235784307158,2.2568870455624,2.643361986609011,2.65174825901844,0.20625763225853352,2.234552819060823,3.068943698976057,2.65174825901844,0.2009213514481673,2.243856230488742,3.059640287548138,1,1,1,4.153035806427781,0.3817
