rep,seed,true_att,att_naive,se_naive,ci_lo_naive,ci_hi_naive,att_cluster_psu,se_cluster_psu,ci_lo_cluster_psu,ci_hi_cluster_psu,att_survey,se_survey,ci_lo_survey,ci_hi_survey,covers_naive,covers_cluster_psu,covers_survey,deff_ratio,elapsed_s
0,377559,2.5757441037687885,0.42059262267397435,0.0032273772543742647,0.41426694275032655,0.42691830259762215,0.47605210905310025,0.048275550046873714,0.37840559231350857,0.5736986257926919,0.47605210905310025,0.042986769172725016,0.38878432814568376,0.5633198899605167,0,0,0,177.40675123199762,0.6818
1,378559,2.575882757955295,0.41293242112796963,0.003328665283501482,0.40640821602370114,0.4194566262322381,0.500229819280212,0.05235876193750543,0.39432422692485347,0.6061354116355706,0.500229819280212,0.03876744768483601,0.4215277163771961,0.578931922183228,0,0,0,135.64199413650857,0.8642
2,379559,2.5724112448738863,0.40949626124304045,0.0034935086635558502,0.4026489620665364,0.4163435604195445,0.4661851907049939,0.044773348139032214,0.3756225459645287,0.5567478354454591,0.4661851907049939,0.038910724859604714,0.38719221967354267,0.5451781617364452,0,0,0,124.05520573686366,0.7069
3,380559,2.5751318104273557,0.39249846671718275,0.003162971454738883,0.38629902257002124,0.39869791086434425,0.4899458661731909,0.03946864449724437,0.4101129973224559,0.569778735023926,0.4899458661731909,0.03145058563794934,0.4260977829214736,0.5537939494249082,0,0,0,98.87054511470377,0.7964
4,381559,2.5758398656264663,0.4787696158780338,0.0036000298242422446,0.4717135345498044,0.4858256972062632,0.5287257937482696,0.03978368988871387,0.44825568544480976,0.6091959020517294,0.5287257937482696,0.03336010888873293,0.46100117220595815,0.596450415290581,0,0,0,85.87024889529197,0.8634
5,382559,2.5744430032939447,0.3969972193490586,0.0036282797786023144,0.38988576793079804,0.4041086707673192,0.4984002997567513,0.05239339496199022,0.39242465549723393,0.6043759440162687,0.4984002997567513,0.04269557131189829,0.41172368193528874,0.5850769175782139,0,0,0,138.47268770392935,0.8629
6,383559,2.5755430852103665,0.4417650962291737,0.003459970853926074,0.4349835313726258,0.4485466610857216,0.5333009950691301,0.05086974170599246,0.43040723041580387,0.6361947597224563,0.5333009950691301,0.04235777864716368,0.44731013281445003,0.6192918573238102,0,0,0,149.87233449752532,0.7774
7,384559,2.574249121484087,0.40173936086732626,0.0036890020495010107,0.39450889341230655,0.40896982832234596,0.491015381529492,0.04965529645112706,0.3905780642660637,0.5914526987929203,0.491015381529492,0.04440633569064181,0.40086572737937387,0.5811650356796101,0,0,0,144.90123343598233,0.9018
8,385559,2.57525595468286,0.3820570754519121,0.0032463417092500973,0.3756942250762174,0.38841992582760676,0.47774627283013565,0.056376690180033225,0.36371365350125684,0.5917788921590145,0.47774627283013565,0.043836173762230854,0.38875410893127116,0.5667384367290002,0,0,0,182.33784439197353,0.8188
9,386559,2.5749140650789015,0.42942679101805353,0.0026855695630678884,0.4241630576117301,0.43469052442437695,0.5181259386927312,0.04397380989667131,0.42918051269531143,0.6070713646901509,0.5181259386927312,0.03240697603857076,0.45233627970620977,0.5839155976792525,0,0,0,145.61435929565312,0.8256
10,387559,2.5748304136438844,0.42000896090663464,0.003202634425809353,0.41373177708417713,0.42628614472909215,0.47980477237209757,0.04570833956957547,0.3873509289547603,0.5722586157894348,0.47980477237209757,0.0385129210967859,0.40161938591343266,0.5579901588307625,0,0,0,144.60995282777697,0.9066
11,388559,2.575713669579799,0.360359338432978,0.0027155153217348032,0.3550369111494077,0.3656817657165483,0.4141104776531655,0.039575519458176556,0.33406143378937364,0.49415952151695736,0.4141104776531655,0.03331292351426574,0.34648164751365734,0.48173930779267365,0,0,0,150.49462192510765,0.8188
12,389559,2.5759447052214055,0.3628210483907073,0.0029970175983730692,0.35694687485640714,0.3686952219250074,0.3918960810043761,0.042383155395160355,0.30616805742407827,0.47762410458467397,0.3918960810043761,0.03799760608842657,0.3147568396297279,0.46903532237902434,0,0,0,160.74367242470103,0.7722
13,390559,2.5747643675329543,0.4179015123436006,0.0029709709141256045,0.41207839047591255,0.4237246342112887,0.49452314517099255,0.04239688980981892,0.4087673411148728,0.5802789492271123,0.49452314517099255,0.03391129573557105,0.42567955484096776,0.5633667355010173,0,0,0,130.2842653627459,0.7822
14,391559,2.574495898340431,0.4055923271745051,0.004051437738434638,0.39765148346644785,0.41353317088256236,0.4583790704779856,0.056721259116667776,0.34364949468964934,0.5731086462663219,0.4583790704779856,0.050573581747995554,0.355709241211363,0.5610488997446081,0,0,0,155.8221121208426,0.7838
15,392559,2.5756205274221218,0.43370924941122496,0.00322313762256487,0.42739187919286,0.44002661962958994,0.5333069673652515,0.04731452466758236,0.43760430793427735,0.6290096267962257,0.5333069673652515,0.034594845278299986,0.4630756976891808,0.6035382370413223,0,0,0,115.20334415990148,0.7766
16,393559,2.5776344042031996,0.4312249233402911,0.0030155090529375983,0.4253145064375594,0.4371353402430228,0.5155961486774278,0.04759348238969807,0.419329243994856,0.6118630533599995,0.5155961486774278,0.03898240176245902,0.43645766579721956,0.594734631557636,0,0,0,167.11518459623468,0.7632
17,394559,2.5781337821716117,0.4445851355954088,0.0031051989412355487,0.43849892594177026,0.45067134524904734,0.50641685908274,0.04072278202149331,0.4240472576492293,0.5887864605162508,0.50641685908274,0.03395598201521247,0.43748255078213116,0.5753511673833489,0,0,0,119.57867336653003,0.7617
18,395559,2.574665062162079,0.4065223675546302,0.0030854295897747882,0.4004749059554589,0.4125698291538015,0.46097397154905906,0.040380870295403326,0.3792959518593646,0.5426519912387535,0.46097397154905906,0.03279460891921892,0.39439737597828334,0.5275505671198348,0,0,0,112.97273220964821,0.7505
19,396559,2.5762802879615667,0.38303097748551196,0.0031160651806255673,0.3769234699336306,0.38913848503739334,0.4806891806714695,0.04397948268308772,0.39173228038047403,0.5696460809624649,0.4806891806714695,0.03759289526035008,0.40437154595754804,0.5570068153853909,0,0,0,145.54539946135654,0.8172
20,397559,2.572960906392144,0.36998800010596367,0.002826958005261696,0.3644471444546319,0.37552885575729544,0.426364469537152,0.044660812069813136,0.33602945048207283,0.5166994885922311,0.426364469537152,0.03929544652304393,0.34659047200658316,0.5061384670677208,0,0,0,193.21718126551386,0.8017
21,398559,2.5754132028059606,0.46036750873801996,0.003320795350058957,0.45385872875330024,0.4668762887227397,0.5276498438337323,0.04918636828477649,0.42816102331453076,0.6271386643529338,0.5276498438337323,0.03968428209620598,0.4470864681233014,0.6082132195441632,0,0,0,142.80809695069647,0.7052
22,399559,2.5751246985663108,0.4008524060456076,0.003378710202902593,0.3942301125813536,0.40747469950986165,0.4839898297849716,0.04513130192861483,0.39270315516452486,0.5752765044054183,0.4839898297849716,0.039059340045832,0.404695153885702,0.5632845056842413,0,0,0,133.64352299983707,0.8003
23,400559,2.5748789045545277,0.3773039749763526,0.0032431873505851154,0.3709473071636824,0.3836606427890228,0.45502695154703404,0.04412666078943191,0.365772355436708,0.5442815476573601,0.45502695154703404,0.036323652838565104,0.38128601593644995,0.5287678871576181,0,0,0,125.43968582441062,0.871
24,401559,2.573116856659495,0.44034846895543317,0.0036339182546063914,0.43322596608838065,0.4474709718224857,0.5290635132183095,0.04117839309870604,0.44577235139585236,0.6123546750407666,0.5290635132183095,0.03329343078131471,0.46147425543050846,0.5966527710061105,0,0,0,83.93958023759157,0.712
25,402559,2.575295169649771,0.4399948629388076,0.0034441231515339515,0.43324435967963626,0.4467453661979789,0.5093157241113173,0.04434522428088575,0.41961904161137603,0.5990124066112585,0.5093157241113173,0.04009913221099067,0.42791015789382647,0.5907212903288082,0,0,0,135.55408317208153,0.8146
26,403559,2.57489728372073,0.4567941988235229,0.0035701811930677154,0.44979662100203827,0.46379177664500754,0.5099747575773989,0.0443310962636885,0.42030665168956055,0.5996428634652371,0.5099747575773989,0.03335090174708772,0.4422688275263379,0.5776806876284598,0,0,0,87.26390552689132,0.7363
27,404559,2.5764204497959584,0.37702679345082574,0.0029160807938446447,0.3713112565676316,0.3827423303340199,0.4792495812464476,0.04498108344405406,0.38826675219074364,0.5702324103021517,0.4792495812464476,0.03558419308699251,0.4070098287401531,0.5514893337527421,0,0,0,148.90700863681633,0.8331
28,405559,2.5758053166191,0.379570614888864,0.003532821066916808,0.37264626315200194,0.3864949666257261,0.39752251067074107,0.047336607464707844,0.3017751845665322,0.49326983677494995,0.39752251067074107,0.04299433851890144,0.31023936317364015,0.484805658167842,0,0,0,148.10825329778916,0.8278
29,406559,2.5753740969125114,0.37657642476938274,0.0028604926810042825,0.37096984094053365,0.38218300859823184,0.43679983728741306,0.036900958176110096,0.3621606042439389,0.5114390703308872,0.43679983728741306,0.031658318805283296,0.37253003328573053,0.5010696412890956,0,0,0,122.48813288037287,0.8483
30,407559,2.5748058056132748,0.4322658668725715,0.003363615847383398,0.42567315844103676,0.43885857530410627,0.4829082092870566,0.04034077641892332,0.4013112871172673,0.5645051314568459,0.4829082092870566,0.03176777428475688,0.4184161988487043,0.5474002197254089,0,0,0,89.19916660768884,0.7675
31,408559,2.5747854092148135,0.3841401519650794,0.004112310827958046,0.37607999661480035,0.39220030731535843,0.4918735293290224,0.06113014004209313,0.368226150125305,0.6155209085327398,0.4918735293290224,0.047331266653290724,0.39578594964204583,0.587961109015999,0,0,0,132.47208976375745,0.781
32,409559,2.5739003207940674,0.4134734514945208,0.003753344585965998,0.4061168722592307,0.4208300307298109,0.5163355088499251,0.06503229148452871,0.3847952833549849,0.6478757343448652,0.5163355088499251,0.05573172633532505,0.4031940893615033,0.6294769283383469,0,0,0,220.4794496304688,0.7637
33,410559,2.5754207777606912,0.43422564708011563,0.003363415895601536,0.4276333305553437,0.44081796360488756,0.4654308231546838,0.04270696583349199,0.3790478311409594,0.5518138151684082,0.4654308231546838,0.04020771929036507,0.38380481344644946,0.5470568328629182,0,0,0,142.90839239895897,0.8021
34,411559,2.5761203908246415,0.4508746080577481,0.003472516565247185,0.4440684535273019,0.4576807625881943,0.5140163109548527,0.04999141542800936,0.4128991288888325,0.6151334930208728,0.5140163109548527,0.046191855864555535,0.4202418581436214,0.607790763766084,0,0,0,176.9465789243448,0.8204
35,412559,2.5752795124721346,0.3326077604524403,0.003373219456083735,0.32599622888683655,0.339219292018044,0.4018623686527155,0.053962168446228906,0.29271358051103413,0.5110111567943969,0.4018623686527155,0.04597791599236728,0.3085222368721825,0.49520250043324854,0,0,0,185.78445452453593,0.7891
36,413559,2.5755271632687045,0.40067300890516727,0.00319731068988416,0.3944062596389474,0.40693975817138717,0.4421038308319138,0.05034773696027509,0.34026592043796616,0.5439417412258614,0.4421038308319138,0.04267492444902413,0.3554691283704655,0.5287385332933621,0,0,0,178.1459044570652,0.7974
37,414559,2.574647026819328,0.430417079182135,0.003212982120790345,0.4241196138117709,0.43671454455249914,0.5264069056825265,0.05125567104508145,0.4227325252592491,0.6300812861058038,0.5264069056825265,0.035950364269935565,0.4534237861546424,0.5993900252104105,0,0,0,125.19586145560329,0.7897
38,415559,2.5750301903257373,0.37975002770142585,0.0029790126693627155,0.37391114394237995,0.38558891146047175,0.4506542347873205,0.04315882718992462,0.36335726691082426,0.5379512026638167,0.4506542347873205,0.03464107323738169,0.3803291173650111,0.5209793522096298,0,0,0,135.21908006716944,0.7744
39,416559,2.5750178057000435,0.4071338521168103,0.0035996872645368957,0.4000784422077799,0.4141892620258407,0.49099671556613855,0.04810783901589655,0.3936894264060944,0.5883040047261827,0.49099671556613855,0.037594826843909884,0.41467515952911826,0.5673182716031588,0,0,0,109.07535487834039,0.8812
40,417559,2.5736479046378595,0.43442279191450334,0.003507399671680448,0.4275482662738188,0.44129731755518786,0.5069905119907535,0.05311962771147187,0.3995459233430263,0.6144351006384807,0.5069905119907535,0.03938337496026881,0.4270380102426558,0.5869430137388513,0,0,0,126.08265533136347,0.7629
41,418559,2.5749639313826815,0.4313565798799946,0.003447743223292349,0.42459898125717677,0.4381141785028124,0.5210322107798045,0.05068949721833352,0.4185030250150527,0.6235613965445563,0.5210322107798045,0.03997997157788437,0.4398685535083181,0.602195868051291,0,0,0,134.46682020408647,0.8179
42,419559,2.576205817728723,0.3828018733420882,0.0028384721687509614,0.3772384498571625,0.38836529682701393,0.4370543716392916,0.040406064811123986,0.35532539123141427,0.518783352047169,0.4370543716392916,0.03246535958278383,0.37114618775678393,0.5029625555217992,0,0,0,130.81909917132327,0.8278
43,420559,2.5749381623247847,0.3832677272141757,0.002904837520121451,0.37757422721891293,0.38896122720943843,0.46113608467099315,0.04065176182227315,0.3789101351495842,0.543362034192402,0.46113608467099315,0.03248536662450797,0.3951872843344605,0.5270848850075258,0,0,0,125.06386729866179,0.7846
44,421559,2.5744005475886342,0.3472515361233765,0.0034514831489061756,0.34048660722259405,0.35401646502415896,0.428127389699974,0.05777547511142312,0.3112654607912886,0.5449893186086594,0.428127389699974,0.043928946314530176,0.3389468875071626,0.5173078918927854,0,0,0,161.99069097984741,0.8566
45,422559,2.576073057011929,0.3868712440754809,0.002703864247085887,0.3815716529722473,0.3921708351787145,0.4435545041003546,0.03694288341605659,0.3688304692547203,0.5182785389459889,0.4435545041003546,0.029289363637318298,0.3840939347668274,0.5030150734338817,0,0,0,117.34108660545046,0.7183
46,423559,2.5742670316585077,0.4816623394107289,0.0034201205974016065,0.4749588813101567,0.4883657975113011,0.5422685286347617,0.05173009865707739,0.43763452778848544,0.646902529481038,0.5422685286347617,0.04776735415808334,0.4452956442468948,0.6392414130226287,0,0,0,195.0650810444297,0.7847
47,424559,2.575889019808223,0.4414737638718586,0.0033564070629592533,0.43489518470359606,0.44805234304012115,0.5150762628639908,0.037583114272888,0.43905723887751624,0.5910952868504653,0.5150762628639908,0.029104384522819056,0.4559912210973692,0.5741613046306123,0,0,0,75.19129879554805,0.8114
48,425559,2.5743574937314997,0.36128308833148476,0.0036576918799917616,0.3541139890076317,0.3684521876553378,0.45736851367914955,0.04216420009360907,0.37208336899919336,0.5426536583591057,0.45736851367914955,0.0365722178375578,0.38312296429342485,0.5316140630648742,0,0,0,99.97429712275397,0.7302
49,426559,2.5778234364967982,0.42755206176286753,0.002715521683722185,0.42222962200976155,0.4328745015159735,0.48037758556344756,0.04182593752017913,0.3957766415193564,0.5649785296075387,0.48037758556344756,0.035431557109478616,0.40844770056524027,0.5523074705616549,0,0,0,170.24482811072502,0.7661
50,427559,2.574856214762076,0.4205173051528012,0.003455302776491308,0.413744889757684,0.4272897205479185,0.5053017590444133,0.0501690838127803,0.4038252087497394,0.6067783093390873,0.5053017590444133,0.040131533355990796,0.42383041500557334,0.5867731030832533,0,0,0,134.8960674483684,0.6982
51,428559,2.5756075365632323,0.36696830806263403,0.0038528234412565955,0.35941674963893755,0.3745198664863305,0.46776888681003126,0.049562540105606075,0.36751918696446406,0.5680185866555985,0.46776888681003126,0.0425736103438697,0.3813398629167006,0.5541979107033619,0,0,0,122.10199131577527,0.8051
52,429559,2.574166421094322,0.41480495053806593,0.0036504045724185252,0.4076501343833561,0.42195976669277574,0.4909999119043242,0.058211006962221416,0.37325703667564225,0.6087427871330061,0.4909999119043242,0.048382452359126374,0.39277831178186723,0.5892215120267811,0,0,0,175.66844451833265,0.8317
53,430559,2.575193790381492,0.4148767532967199,0.003129624548182971,0.40874266929827685,0.421010837295163,0.5006920035857197,0.05190370961198661,0.3957068414373297,0.6056771657341098,0.5006920035857197,0.040906255016497785,0.41764789096169724,0.5837361162097423,0,0,0,170.84212459912544,0.7493
54,431559,2.575465118584243,0.42713210816626096,0.003409873815370034,0.4204487338235734,0.4338154825089485,0.49279143749247156,0.04677988832799178,0.398170182131109,0.5874126928538341,0.49279143749247156,0.03262662299592478,0.4265558714764097,0.5590270035085334,0,0,0,91.55195727319607,0.7709
55,432559,2.574554724215194,0.41967570346057365,0.0030239607865557207,0.4137487211062525,0.4256026858148948,0.4962681642159143,0.04675172115825642,0.40170388233301857,0.59083244609881,0.4962681642159143,0.03659816749891578,0.42196993421693135,0.5705663942148972,0,0,0,146.47596594089592,0.7099
56,433559,2.5744526291021645,0.3976752723867226,0.0033101987090472205,0.39118726188571146,0.4041632828877338,0.4701705277874787,0.045398037292009585,0.3783443299694407,0.5619967256055167,0.4701705277874787,0.036261474675900705,0.39655582055788363,0.5437852350170738,0,0,0,120.00042769808671,0.7269
57,434559,2.575050561321004,0.3793475882870272,0.0029132687464569085,0.3736375630345793,0.3850576135394751,0.4729203840915849,0.04231803876155865,0.3873240713348165,0.5585166968483533,0.4729203840915849,0.0321475792283338,0.4076573286260884,0.5381834395570814,0,0,0,121.76863876032638,0.7381
58,435559,2.574745501538362,0.35466664353198973,0.003650301300982767,0.34751202978995016,0.3618212572740293,0.41214828148289073,0.04848006120482391,0.314088101881067,0.5102084610847145,0.41214828148289073,0.036260275034650166,0.3385360096545095,0.485760553311272,0,0,0,98.67446068178992,0.9044
59,436559,2.575367595027117,0.4120163864583729,0.002957071628805509,0.40622050727822107,0.41781226563852475,0.47053430778219263,0.04530422230523155,0.3788978686860739,0.5621707468783114,0.47053430778219263,0.03454155469219778,0.40041122374746907,0.5406573918169162,0,0,0,136.44576886973513,0.849
60,437559,2.5759536085252406,0.46027270605926984,0.003394274818619017,0.45361990584932216,0.4669255062692175,0.539429164901816,0.046703896728168715,0.4449616170594146,0.6338967127442174,0.539429164901816,0.03797578295200498,0.46233422684943654,0.6165241029541956,0,0,0,125.17553857772357,0.8192
61,438559,2.5752211505270193,0.40677183406534767,0.004134744518695163,0.3986677085386919,0.41487595959200346,0.45527870548719823,0.049789613081048095,0.35456970719601877,0.5559877037783777,0.45527870548719823,0.042370247049155124,0.36926253103078277,0.5412948799436137,0,0,0,105.00854289806149,0.8791
62,439559,2.5753794225906974,0.4515274539821372,0.00316354929920381,0.44532687725615305,0.4577280307081213,0.5139675389302227,0.053960841994804824,0.4048214337897927,0.6231136440706527,0.5139675389302227,0.038166500677077754,0.43648542331211515,0.5914496545483303,0,0,0,145.55109364117988,0.8499
63,440559,2.5746314095055967,0.414147046862828,0.0029935534735464893,0.4082796630351972,0.4200144306904588,0.4993333310109896,0.041368193414443456,0.4156582618132703,0.5830084002087089,0.4993333310109896,0.02916526346487387,0.4401246984214391,0.5585419636005401,0,0,0,94.92000826482715,0.7633
64,441559,2.5745035950633004,0.40482088022577034,0.0030349379812722455,0.3988723825000614,0.4107693779514793,0.48820196993293924,0.039245791833744485,0.4088198631411714,0.567584076724707,0.48820196993293924,0.032389001897182655,0.42244880039335336,0.5539551394725252,0,0,0,113.89259503962538,0.9431
65,442559,2.5741367237373662,0.43071006066736756,0.0030838712536306687,0.4246656534169396,0.4367544679177955,0.5330498893959732,0.054164913861864575,0.4234910099430065,0.6426087688489399,0.5330498893959732,0.04477258946715405,0.442156700550406,0.6239430782415404,0,0,0,210.78123681364573,0.6664
66,443559,2.5752124915609707,0.39739969965870237,0.0037022499698762734,0.3901432661955767,0.404656133121828,0.5000064283467562,0.04956687350328142,0.3997479633770582,0.6002648933164543,0.5000064283467562,0.04290753680053426,0.4128994977062983,0.5871133589872142,0,0,0,134.31845595108229,0.7939
67,444559,2.5774619279342534,0.38027323566941146,0.002850779692314455,0.37468568936010566,0.38586078197871726,0.419483787960389,0.03272581995106109,0.35328956909461984,0.48567800682615814,0.419483787960389,0.02580910819630453,0.36708851279000027,0.4718790631307777,0,0,0,81.963158092734,0.8651
68,445559,2.5725335545451378,0.3671776509778413,0.002977158200150104,0.3613424019902344,0.3730128999654482,0.4459644734173343,0.0403829237557267,0.3642823002120891,0.5276466466225795,0.4459644734173343,0.03485072882783404,0.37521373251864565,0.516715214316023,0,0,0,137.03133985072571,0.8061
69,446559,2.577528218426027,0.3846297923275929,0.003017185857518017,0.3787160888772301,0.3905434957779558,0.4702072317658714,0.04239716238503338,0.38445087637434033,0.5559635871574026,0.4702072317658714,0.03373651399468651,0.4017184672337297,0.5386959962980131,0,0,0,125.02483290881665,0.6975
70,447559,2.5762979128356154,0.3885624362491503,0.0032256730412001454,0.3822400965941515,0.39488477590414917,0.47899373433006043,0.047590703842784736,0.38273244978910115,0.5752550188710197,0.47899373433006043,0.03572233977393461,0.4064735291393432,0.5515139395207777,0,0,0,122.64196626637991,0.6975
71,448559,2.5764087183394597,0.4081824694367679,0.003070056371255269,0.4021651394435683,0.4141997994299675,0.48200985460133156,0.0466543176825243,0.38764258984437916,0.576377119358284,0.48200985460133156,0.04122635043287477,0.3983159137347255,0.5657037954679376,0,0,0,180.3254735092273,0.8672
72,449559,2.576473759392352,0.40324381756121047,0.003102665763398471,0.3971625729522271,0.4093250621701938,0.4537129868876258,0.04153910331153619,0.3696922197929126,0.537733753982339,0.4537129868876258,0.03448254141457729,0.3837097061756717,0.5237162675995799,0,0,0,123.51751510271058,0.7776
73,450559,2.5735380086698094,0.3674670563053435,0.0032774811284672616,0.3610431724701395,0.37389094014054747,0.4197849201519224,0.042532115681194735,0.3337555959536167,0.5058142443502281,0.4197849201519224,0.035358092607763666,0.34800417602109157,0.4915656642827533,0,0,0,116.38506633596752,0.8243
74,451559,2.5766141137228713,0.42361998028652614,0.0033847180999111133,0.41698591130596435,0.43025404926708793,0.5195088454736283,0.0518505937710389,0.4146311202544333,0.6243865706928233,0.5195088454736283,0.04528502866952062,0.4275753497405904,0.6114423412066662,0,0,0,179.00463913150193,0.7018
75,452559,2.5753297728301376,0.45142669544954156,0.0034387422009787435,0.4446867388876462,0.4581666520114369,0.5115113269865218,0.05148958889064582,0.40736380306098685,0.6156588509120567,0.5115113269865218,0.03928744498943151,0.4317535734327777,0.5912690805402658,0,0,0,130.5293979825065,0.8102
76,453559,2.5739605857522396,0.44171912974537697,0.0031077655372652273,0.43562788954721343,0.4478103699435405,0.478911412551425,0.043704500527847114,0.39051071616900684,0.5673121089338431,0.478911412551425,0.03542789125264618,0.40698896963823705,0.5508338554646129,0,0,0,129.95533499056899,0.773
77,454559,2.5733867673894277,0.3947270005928539,0.003673552076259044,0.38752681518354953,0.4019271860021583,0.47673635437688056,0.04144194629248709,0.3929121059024158,0.5605606028513452,0.47673635437688056,0.03529104163144819,0.40509173096466466,0.5483809777890964,0,0,0,92.29040511207124,0.6445
78,455559,2.574780610266565,0.30356122078894066,0.003020147499037868,0.29764171250238214,0.3094807290754992,0.3655891669772469,0.03975961482824277,0.2851677550800013,0.4460105788744925,0.3655891669772469,0.03414953913493443,0.2962619168333212,0.4349164171211726,0,0,0,127.85372529778986,0.7781
79,456559,2.5757284537070535,0.4156923027461002,0.002846113856300212,0.41011390150502663,0.42127070398717376,0.49731081518863196,0.04507871556708048,0.4061305065241785,0.5884911238530854,0.49731081518863196,0.036398105340952364,0.4234187329626734,0.5712028974145905,0,0,0,163.5509291721214,0.7818
80,457559,2.5746365258387183,0.4406069317467538,0.003389829079801091,0.43396284521313516,0.44725101828037245,0.5177809526705697,0.052575678033164486,0.4114366060981117,0.6241252992430276,0.5177809526705697,0.04244994774688786,0.4316029771957999,0.6039589281453395,0,0,0,156.81901368010875,0.8222
81,458559,2.5777233595390263,0.37566365949395797,0.003013175973679726,0.36975781544139485,0.3815695035465211,0.4647086544301684,0.049980967957733005,0.3636126043674136,0.5658047044929232,0.4647086544301684,0.0431827317212585,0.37704304839933395,0.5523742604610028,0,0,0,205.38618717768625,0.8191
82,459559,2.573963435810147,0.4557526428111175,0.003574201872065225,0.44874718443325246,0.46275810118898253,0.5451316924515693,0.05443659889495475,0.4350232781490612,0.6552401067540774,0.5451316924515693,0.03810425028218444,0.4677759518536714,0.6224874330494673,0,0,0,113.65503664138593,0.7999
83,460559,2.5757393089517295,0.42765021209035364,0.0035311966997589386,0.42072904412344136,0.4345713800572659,0.506623235557325,0.04563631955133682,0.41431506637693993,0.5989314047377101,0.506623235557325,0.03778509002103043,0.42991542473597827,0.5833310463786718,0,0,0,114.49778959923266,0.8237
84,461559,2.574601041346793,0.39739341809559225,0.003780996874273148,0.38998264019953194,0.40480419599165257,0.49116871775035414,0.05818891374550714,0.37347053027051463,0.6088669052301937,0.49116871775035414,0.05047603362248855,0.3886969217067093,0.593640513793999,0,0,0,178.22056053531875,0.7527
85,462559,2.574505466769595,0.3567668361804263,0.003089829450787881,0.35071075082571496,0.3628229215351377,0.4346896392872814,0.03990344694638613,0.3539772994706576,0.5154019791039052,0.4346896392872814,0.03478944337971208,0.3640633144627115,0.5053159641118512,0,0,0,126.77275947331837,0.8213
86,463559,2.5753272718438556,0.44750359063221423,0.003237860586253886,0.44115736331147676,0.4538498179529517,0.5330382494418178,0.04521605010948971,0.4415801554454258,0.6244963434382098,0.5330382494418178,0.03306904416604073,0.4659045207006778,0.6001719781829578,0,0,0,104.31025181709865,0.8155
87,464559,2.5726421390464194,0.46196656543758563,0.003321016674494862,0.4554573516555654,0.46847577921960587,0.5215392036816595,0.04085336315179137,0.43890547698156673,0.6041729303817522,0.5215392036816595,0.032921542350389466,0.4547049195459044,0.5883734878174146,0,0,0,98.26938418044068,0.886
88,465559,2.5734655990626623,0.42426982346907977,0.003218089822629613,0.417962346970659,0.43057729996750055,0.5037822182881662,0.0505314255726867,0.4015727626057794,0.6059916739705529,0.5037822182881662,0.03655718316651596,0.42956719090732215,0.5779972456690101,0,0,0,129.04736041853081,0.7473
89,466559,2.576747399645769,0.43857548436459365,0.003135964309143951,0.43242897439438754,0.44472199433479975,0.4748626672709815,0.04927380335571212,0.3751969926277057,0.5745283419142573,0.4748626672709815,0.043625654527476146,0.3862978801396417,0.5634274544023212,0,0,0,193.52705561379742,0.832
90,467559,2.5727219578050473,0.39548077372995777,0.0036103187247490077,0.38840452609136483,0.4025570213685507,0.4708549485156302,0.05906481244156353,0.3513850886964054,0.590324808334855,0.4708549485156302,0.051530175544561865,0.36624313059848324,0.5754667664327772,0,0,0,203.71929110545344,0.7085
91,468559,2.573908929049126,0.38640189856115553,0.003575839501678208,0.3793932304188444,0.3934105667034667,0.5051272896951444,0.04469960750421872,0.4147137994671542,0.5955407799231347,0.5051272896951444,0.03719798255550968,0.4296113703942863,0.5806432089960025,0,0,0,108.21382235092524,0.8222
92,469559,2.575237581657442,0.4671515220842919,0.003252124087467085,0.46077733821055367,0.4735257059580301,0.5181633222973513,0.047066587368288344,0.4229621633903976,0.613364481204305,0.5181633222973513,0.03905889121561451,0.43886955757186463,0.597457087022838,0,0,0,144.24660653535702,0.7963
93,470559,2.575495411029666,0.4489552779017646,0.0038012750843045835,0.4415047545852055,0.4564058012183237,0.5344232510077883,0.05647557025654616,0.4201906278459743,0.6486558741696024,0.5344232510077883,0.04676953179542333,0.43947605370934295,0.6293704483062337,0,0,0,151.37963245252172,0.7462
94,471559,2.5752917131144186,0.4164128741952323,0.003557258996014552,0.4094406239620728,0.4233851244283918,0.5072508511795499,0.048417160118879206,0.40931790103312704,0.6051838013259728,0.5072508511795499,0.037090285547436035,0.431953568428631,0.5825481339304689,0,0,0,108.71497767766314,0.86
95,472559,2.5734556439078875,0.40113412201453646,0.0030501879280410067,0.39515573429627054,0.4071125097328024,0.4685735642865561,0.04148013913670862,0.3846720634928741,0.5524750650802381,0.4685735642865561,0.032851030114948526,0.40188242759900833,0.5352647009741038,0,0,0,115.99647424634065,0.8245
96,473559,2.57521655922443,0.3991782774508815,0.003318413253507019,0.3926741663905382,0.40568238851122485,0.4380346147475621,0.04192649622139693,0.353230271531587,0.5228389579635372,0.4380346147475621,0.035539925343430624,0.36588473053843834,0.5101844989566859,0,0,0,114.70228875386566,0.8031
97,474559,2.57652275630763,0.39443448915027923,0.0035750215010242506,0.387427424294447,0.4014415540061115,0.4672991189530214,0.04678052570110704,0.3726765743828459,0.561921663523197,0.4672991189530214,0.042628677724518955,0.3807583023336467,0.5538399355723961,0,0,0,142.1825854694867,0.8299
98,475559,2.574234134165198,0.40652528880017136,0.003367919628085952,0.3999241449311156,0.4131264326692271,0.4891548801400085,0.05072417343249245,0.38655555511173617,0.5917542051682809,0.4891548801400085,0.038624103867309745,0.4107437806574183,0.5675659796225987,0,0,0,131.5204828760518,0.8036
99,476559,2.572313003063647,0.42905399914283093,0.003461376747844939,0.4222696787252697,0.43583831956039215,0.4896330047406613,0.04815608675917844,0.3922281253083686,0.587037884172954,0.4896330047406613,0.04156550694463255,0.40525053955061807,0.5740154699307045,0,0,0,144.20104891042328,0.86
100,477559,2.5735306047797724,0.4383064370174988,0.0033147617211570996,0.43180948298376126,0.4448033910512363,0.5215734997716015,0.043697564200838174,0.4331868334348427,0.6099601661083602,0.5215734997716015,0.031081618380057692,0.4584744598753948,0.5846725396678082,0,0,0,87.92302422911517,0.8524
101,478559,2.5766255898281947,0.45716352249864856,0.00331706230808988,0.45066205929990605,0.46366498569739106,0.5116345933764918,0.0550804516998796,0.40022386385162195,0.6230453229013616,0.5116345933764918,0.04448763468883978,0.42131989348557314,0.6019492932674103,0,0,0,179.87523438970422,0.8468
102,479559,2.576360043425235,0.39391657134377117,0.003180000847988144,0.3876837494776452,0.4001493932098971,0.4838896725939877,0.04291916476258853,0.3970774677331382,0.5707018774548371,0.4838896725939877,0.031858199103797044,0.41921409001359133,0.548565255174384,0,0,0,100.36631352013757,0.8149
103,480559,2.57558863601027,0.38938822365964604,0.0034221257780745165,0.3826808353922151,0.396095611927077,0.49880190283983816,0.057157166311055274,0.38319062152743566,0.6144131841522407,0.49880190283983816,0.04634655156386513,0.40471340106297227,0.5928904046167041,0,0,0,183.4184065446883,0.7321
104,481559,2.574859992080503,0.37639274278727153,0.0032949101106591115,0.36993469803623685,0.3828507875383062,0.4585737382980224,0.049962478795554516,0.3575150860957251,0.5596323905003197,0.4585737382980224,0.040937242243569594,0.3754667182586469,0.5416807583373978,0,0,0,154.3654217267668,0.6871
105,482559,2.573882537391162,0.39146803087548554,0.003588507107137994,0.3844345341459898,0.39850152760498125,0.47833855135748665,0.05104441435428818,0.3750914779244739,0.5815856247904995,0.47833855135748665,0.04092870589005117,0.3952488610370673,0.5614282416779061,0,0,0,130.08535447574272,0.7919
106,483559,2.575012988661864,0.4110584650301515,0.0031535405421000366,0.40487750553168117,0.4172394245286218,0.48280112593646657,0.04625886135457723,0.3892337471033238,0.5763685047696093,0.48280112593646657,0.031183584256772427,0.4194950843055303,0.5461071675674029,0,0,0,97.78116924039311,0.7155
107,484559,2.5762145130714056,0.42576330720817884,0.002823446981787084,0.42022933318516453,0.43129728123119315,0.48451204490168887,0.03909841417210448,0.40542803756793655,0.5635960522354412,0.48451204490168887,0.02604510088643607,0.43163767910005496,0.5373864107033227,0,0,0,85.0927999030966,0.7405
108,485559,2.573648307147709,0.4098145351545964,0.00349032386413043,0.40297347820520074,0.4166555921039921,0.47203210893115644,0.05002520140119805,0.3708465882839429,0.57321762957837,0.47203210893115644,0.042184094445649696,0.3863938443509818,0.5576703735113311,0,0,0,146.07167456710533,0.7765
109,486559,2.575303229051156,0.40303482620041065,0.003384515042238538,0.39640115521417724,0.40966849718664405,0.45310050577625943,0.047205468511788556,0.35761843324138354,0.5485825783111353,0.45310050577625943,0.04081461930813538,0.3702424235302943,0.5359585880222246,0,0,0,145.42484273797712,0.7752
110,487559,2.5739995359997034,0.41609254950809854,0.0032795372722592892,0.40966463561799854,0.42252046339819854,0.5029465356975937,0.05504723892087377,0.3916029853592482,0.6142900860359393,0.5029465356975937,0.044697322955978565,0.41220614599309563,0.5936869254020919,0,0,0,185.75387552319407,0.805
111,488559,2.5733001967168105,0.41636259469081616,0.0038032577882244996,0.4089081852619769,0.4238170041196554,0.540533264033549,0.04804293517268101,0.44335725528785236,0.6377092727792455,0.540533264033549,0.03454958471420281,0.470393878187489,0.6106726498796089,0,0,0,82.52283445391168,0.8394
112,489559,2.5761047123999954,0.4616587227537299,0.0038693537160372628,0.45407476488643855,0.4692426806210212,0.5435981694626033,0.04943665910841912,0.44360308796705133,0.6435932509581552,0.5435981694626033,0.04339446584300465,0.4555027203125309,0.6316936186126757,0,0,0,125.7742767940345,0.7387
113,490559,2.573248535032158,0.4212404789714139,0.003286430969689451,0.41479905339055184,0.427681904552276,0.5266627366694112,0.048834261386691225,0.4278861195758491,0.6254393537629733,0.5266627366694112,0.03310120565499284,0.4594637166345652,0.5938617567042572,0,0,0,101.44685690595873,0.9391
114,491559,2.5740091460915977,0.4554298187201288,0.0029885720116770665,0.44957219858941166,0.4612874388508459,0.5050747387033656,0.041082891530418095,0.4219767470359338,0.5881727303707974,0.5050747387033656,0.03583083808094191,0.43233427023939114,0.57781520716734,0,0,0,143.74292664839638,0.7881
115,492559,2.5749965327379765,0.4743065690079689,0.0030393772683224058,0.4683493702514368,0.480263767764501,0.5568934274510491,0.03839656406811087,0.4792290459498715,0.6345578089522267,0.5568934274510491,0.03079908557397063,0.49436795964447056,0.6194188952576276,0,0,0,102.68486178571628,0.8668
116,493559,2.5746926079525916,0.3650529279785926,0.003408614263020027,0.3583720223665136,0.37173383359067164,0.44201623143968183,0.047952903457038426,0.34502232902773083,0.5390101338516329,0.44201623143968183,0.03854812999230658,0.36375936712307544,0.5202730957562882,0,0,0,127.89421948246472,0.7134
117,494559,2.576379633617825,0.43377994120844515,0.0035496578558497196,0.4268225892583024,0.4407372931585879,0.5253906914816326,0.04189711206809642,0.44064578332573145,0.6101355996375338,0.5253906914816326,0.03351158269391222,0.45735856176650447,0.5934228211967608,0,0,0,89.12856000054168,0.8597
118,495559,2.5743898831218677,0.4271090603491169,0.0029336683600018777,0.4213590517245123,0.43285906897372145,0.4763249750898087,0.04702770376394661,0.3812024656962953,0.571447484483322,0.4763249750898087,0.03902909650334201,0.3970916968459264,0.555558253333691,0,0,0,176.99253993723974,0.6896
119,496559,2.57492726214957,0.384359882984276,0.0032150599470241047,0.37805834506129227,0.3906614209072597,0.44029690997684146,0.04172861696527055,0.35589281533549677,0.5247010046181861,0.44029690997684146,0.027068554363229826,0.3853448231577732,0.4952489967959097,0,0,0,70.88461328215774,0.8527
120,497559,2.5736413636429982,0.4107901070431272,0.003541902592104197,0.40384795545919855,0.4177322586270558,0.46357630694778196,0.06394676771599675,0.33423176052293546,0.5929208533726285,0.46357630694778196,0.056067219111239575,0.3497538009151054,0.5773988129804586,0,0,0,250.5790771656972,0.9447
121,498559,2.575015033085408,0.3955848856263293,0.0033448428987576154,0.38902897229337463,0.402140798959284,0.5009553363345182,0.06069413341449526,0.37818986377751884,0.6237208088915175,0.5009553363345182,0.048498775888188066,0.40249758689347104,0.5994130857755653,0,0,0,210.23746202851612,0.7948
122,499559,2.5762230058786693,0.4470753640130213,0.003316337633983885,0.4405753211801307,0.45357540684591185,0.5144216199314037,0.042218674116440244,0.429026291140089,0.5998169487227184,0.5144216199314037,0.03279046893833929,0.4478534289686345,0.5809898108941729,0,0,0,97.76373304786469,0.9406
123,500559,2.574634000979568,0.49226001782529527,0.003558116919982475,0.48528608605570783,0.4992339495948827,0.5230838822373666,0.046860578361074656,0.42829941587874976,0.6178683485959834,0.5230838822373666,0.04047530908478206,0.4409146363659674,0.6052531281087657,0,0,0,129.40168093794506,0.7424
124,501559,2.5749705748788836,0.41635398807359597,0.0032328091292093707,0.4100176616407601,0.42269031450643185,0.4734787474157025,0.040215325038720336,0.3921355746135559,0.5548219202178492,0.4734787474157025,0.03253487628952092,0.407429437115702,0.539528057715703,0,0,0,101.28338131954979,0.7771
125,502559,2.5743082949025005,0.37535304249728674,0.0034894993344923944,0.36851360163122027,0.3821924833633532,0.4763353552581651,0.0557129153791835,0.36364534719191427,0.589025363324416,0.4763353552581651,0.046689104991040106,0.381551433052942,0.5711192774633883,0,0,0,179.02136239787202,0.8265
126,503559,2.5740709221039637,0.41920517563167653,0.003103246339269102,0.41312279309029803,0.425287558173055,0.49943566230127673,0.042483096779137405,0.4135054881910726,0.5853658364114809,0.49943566230127673,0.03463607984439231,0.429120682005664,0.5697506425968895,0,0,0,124.57329756296275,0.9065
127,504559,2.574482206315765,0.4256011205294268,0.0030234657976185423,0.4196751083565674,0.43152713270228615,0.515705151576095,0.0526479445291479,0.4092146322183885,0.6221956709338015,0.515705151576095,0.042270231216504944,0.4298920200544932,0.6015182830976968,0,0,0,195.4605545652266,0.8654
128,505559,2.5759187862690887,0.39337671375572913,0.0028235999877523994,0.3878424398400507,0.3989109876714076,0.4414615835383952,0.037664470209736726,0.3652780016371657,0.5176451654396248,0.4414615835383952,0.03269279226257639,0.37509168676949745,0.507831480307293,0,0,0,134.05952833375824,0.7242
129,506559,2.5731255174282346,0.36958751722401545,0.0029004620961455875,0.3639025930875445,0.3752724413604864,0.4477799233427817,0.041879602347762626,0.36307043193921207,0.5324894147463514,0.4477799233427817,0.03362597202277787,0.3795155709442162,0.5160442757413473,0,0,0,134.40496305441008,0.7472
130,507559,2.5760730857850027,0.4227370796460355,0.0031998496317896473,0.41646535403754975,0.4290088052545213,0.5094639571557465,0.05120531359852814,0.40589143428236885,0.6130364800291243,0.5094639571557465,0.03955784948804818,0.4291572532855262,0.5897706610259669,0,0,0,152.8291532030819,0.7528
131,508559,2.5754754320043167,0.4127129815725034,0.0029605061421733056,0.40691037072432956,0.41851559242067726,0.4866539909129848,0.0465054346760893,0.3925878704612963,0.5807201113646733,0.4866539909129848,0.03517733011930244,0.4152402141431093,0.5580677676828603,0,0,0,141.18670924372987,0.8435
132,509559,2.5752107407448497,0.3431810618723643,0.0037086203214796378,0.3359121424796222,0.3504499812651064,0.4336246747411773,0.044988100242024084,0.3426276528719316,0.524621696610423,0.4336246747411773,0.035666057529892124,0.36121872858031046,0.5060306209020441,0,0,0,92.48801616849964,0.7654
133,510559,2.5744751135032145,0.454604657044308,0.0032917402991293745,0.44815282514401095,0.4610564889446051,0.4887497213890414,0.0353324589226841,0.4172830775435564,0.5602163652345263,0.4887497213890414,0.030322198802083263,0.4271923851989491,0.5503070575791337,0,0,0,84.85359617831622,0.7216
134,511559,2.5734872039455796,0.3997643388767293,0.003151715701587929,0.39358695607725686,0.40594172167620174,0.5116428898182381,0.04211841672479997,0.4264503507426608,0.5968354288938155,0.5116428898182381,0.028464012938842216,0.4538578714812742,0.5694279081552021,0,0,0,81.56393795996448,0.8266
135,512559,2.5755723955279204,0.4059006007570409,0.0031026439765782297,0.3998193988503636,0.41198180266371814,0.4729763211709693,0.03824062083339279,0.39562736463469717,0.5503252777072415,0.4729763211709693,0.020843568172706113,0.43066162817053216,0.5152910141714065,0,0,0,45.13154971474513,0.9239
136,513559,2.5736421254343202,0.43371453525053016,0.0033078486016446308,0.42723113097495946,0.44019793952610087,0.5100987623187356,0.0506060970216987,0.40773826937444635,0.6124592552630249,0.5100987623187356,0.04133206023254095,0.42619021914973354,0.5940073054877377,0,0,0,156.12874162366631,0.8734
137,514559,2.575350085486668,0.3768924271013472,0.0036725991851250064,0.3696941093647197,0.3840907448379747,0.43931808924128546,0.05479034847868371,0.328494148867802,0.550142029614769,0.43931808924128546,0.04834607060422387,0.34117034800789975,0.5374658304746711,0,0,0,173.2907162879884,0.6731
138,515559,2.5762849498132745,0.4193045304259639,0.0033647210802759306,0.4127096557309377,0.42589940512099006,0.5342148902045012,0.05279044444622374,0.4274361375584194,0.6409936428505829,0.5342148902045012,0.03282134783375778,0.46758401175132736,0.600845768657675,0,0,0,95.15129104478716,0.7915
139,516559,2.575857467417206,0.430025877592941,0.0030947258471618676,0.42396019527022744,0.4360915599156545,0.46925709401587584,0.03627508006782041,0.395883818939089,0.5426303690926626,0.46925709401587584,0.03293695121941151,0.40239152821295376,0.5361226598187979,0,0,0,113.27196351672788,0.7892
140,517559,2.575340668678939,0.4175557651383052,0.003443692872221196,0.4108061052293207,0.42430542504728974,0.5078168153222838,0.051399087710996424,0.40385234731107833,0.6117812833334894,0.5078168153222838,0.03765790598744913,0.4313672018158573,0.5842664288287104,0,0,0,119.58136606798284,0.7226
141,518559,2.574325388598646,0.407798017314927,0.0032950843275014407,0.4013396310977745,0.4142564035320795,0.46987426986700304,0.03950677750390718,0.3899642697299374,0.5497842700040686,0.46987426986700304,0.03316002898637287,0.4025558321207563,0.5371927076132498,0,0,0,101.27371374824266,0.7836
142,519559,2.575890254476981,0.43934899330193466,0.0036041504588658364,0.4322848355036627,0.44641315110020663,0.5401630671560237,0.057604099464768896,0.42364777821174127,0.6566783561003061,0.5401630671560237,0.03920726954152157,0.4605680784147326,0.6197580558973148,0,0,0,118.33885727873421,0.7779
143,520559,2.5742310914186604,0.45209606283560705,0.003387567696742804,0.4454564086271503,0.4587357170440638,0.5106641597133251,0.04505019197950024,0.4195415454504771,0.6017867739761732,0.5106641597133251,0.03889933972839235,0.4316943017270123,0.589634017699638,0,0,0,131.85861014758,0.7236
144,521559,2.5764086224040357,0.46502918211200717,0.003977815219511943,0.4572326390087975,0.4728257252152168,0.518495441449108,0.04975607735842792,0.41785427555956917,0.6191366073386467,0.518495441449108,0.04227598375276928,0.4326706316580284,0.6043202512401875,0,0,0,112.95312076669168,0.826
145,522559,2.57527273951652,0.38509153926512807,0.0026553444280859695,0.379887047315404,0.3902960312148521,0.4519157733761751,0.035798484072391966,0.3795065046918673,0.5243250420604829,0.4519157733761751,0.02963051452576737,0.3917626309192778,0.5120689158330723,0,0,0,124.51929753560083,0.7514
146,523559,2.577431798975636,0.3965480347582758,0.0030405471383250946,0.3905885430491057,0.402507526467446,0.44901060725570546,0.05097495750198973,0.3459040235671711,0.5521171909442398,0.44901060725570546,0.044092884143163716,0.359497293577245,0.5385239209341659,0,0,0,210.29722062845005,0.7664
147,524559,2.5742297319683067,0.4043471324736455,0.003286258741708596,0.39790604446072014,0.4107882204865709,0.44059932949128405,0.0424887680781427,0.35465768409607706,0.5265409748864911,0.44059932949128405,0.034367643902274876,0.3708293031299913,0.5103693558525768,0,0,0,109.36944564817449,0.8019
148,525559,2.575573359266447,0.44200094227621334,0.0029084272539200546,0.436300406379898,0.4477014781725287,0.5457205759805275,0.04991309424295849,0.4447618134643562,0.6466793384966987,0.5457205759805275,0.036894978375399984,0.47081978786800305,0.6206213640930519,0,0,0,160.9229958262817,0.8197
149,526559,2.5737145502765224,0.3888022994997287,0.0034076281937146006,0.3821233265897533,0.39548127240970415,0.41464398274365744,0.05557573352144572,0.3022314511754466,0.5270565143118683,0.41464398274365744,0.053082821783916594,0.3068801253862284,0.5224078401010865,0,0,0,242.663019085381,0.8385
150,527559,2.573748500811672,0.4315001247271115,0.003179126800912186,0.4252690159988077,0.43773123345541537,0.5155569101049327,0.05170501888507693,0.41097363788575836,0.620140182324107,0.5155569101049327,0.03723479940963309,0.43996624861662537,0.5911475715932399,0,0,0,137.17732715328074,0.9313
151,528559,2.5747274587020526,0.4451376548638478,0.0036684388712986253,0.4379474913687525,0.45232781835894315,0.5489450790150533,0.048663605997588254,0.4505136450274851,0.6473765130026214,0.5489450790150533,0.040269572358859126,0.46719350090208256,0.630696657128024,0,0,0,120.50122503165527,0.7771
152,529559,2.5748151210615466,0.3960349408783859,0.0038489939138925044,0.3884908883526539,0.40357899340411796,0.4446904435509501,0.056075545130652896,0.33126694757906694,0.5581139395228333,0.4446904435509501,0.05056400402974614,0.3420400580860802,0.54734082901582,0,0,0,172.5792056874216,0.7894
153,530559,2.575630596349058,0.4279324923776666,0.0034632145319989137,0.4211445698914873,0.43472041486384594,0.48939373138284215,0.05535752942315992,0.37742255926294876,0.6013649035027355,0.48939373138284215,0.05199167608172876,0.38384501756630085,0.5949424451993834,0,0,0,225.37661206769477,0.8022
154,531559,2.575430986896481,0.4364659275271738,0.0031216398682184805,0.4303474935521916,0.44258436150215597,0.4912306885256871,0.050618696177346705,0.38884471138366844,0.5936166656677058,0.4912306885256871,0.04508907119567858,0.39969500761389587,0.5827663694374783,0,0,0,208.63010711943323,0.6715
155,532559,2.572555002702177,0.44943032356788754,0.0029845024991646783,0.4435806797075502,0.45527996742822485,0.5118427603081651,0.04038803582945844,0.4301502469578002,0.5935352736585301,0.5118427603081651,0.029999313461702298,0.45094091620749605,0.5727446044088341,0,0,0,101.03660344829015,0.8438
156,533559,2.5751246972128627,0.4419207027791452,0.0027769645433891117,0.4364778346307161,0.4473635709275743,0.4931130702329005,0.04003684155807356,0.4121309143464347,0.5740952261193664,0.4931130702329005,0.03138057035293439,0.42940712556639077,0.5568190148994103,0,0,0,127.69708873249799,0.812
157,534559,2.573953449638398,0.44176470454733957,0.0033148492345120174,0.4352675789868704,0.44826183010780873,0.4739487971104931,0.04749329199365598,0.37788454663227056,0.5700130475887156,0.4739487971104931,0.035448004740401315,0.40198552164634865,0.5459120725746376,0,0,0,114.35522924734555,0.7755
158,535559,2.5749447931675293,0.42595894714261856,0.0034434311277833796,0.41920980025439514,0.432708094030842,0.4766673390628716,0.041272416144967815,0.3931859976784666,0.5601486804472766,0.4766673390628716,0.034553565054156236,0.4065198726971151,0.5468148054286281,0,0,0,100.6938444431387,0.7868
159,536559,2.5745308121022754,0.4185216481076338,0.0033973783948900043,0.41186276486847645,0.4251805313467912,0.48449097125108603,0.043948642796486546,0.39559645051869374,0.5733854919834783,0.48449097125108603,0.035056227418028045,0.41332304603520026,0.5556588964669718,0,0,0,106.47374111731379,0.7484
160,537559,2.5738541673872954,0.39839801560177246,0.003240493164079995,0.3920466284117698,0.4047494027917751,0.4293650169980771,0.04710284518083051,0.334090519742914,0.5246395142532403,0.4293650169980771,0.040920990739971685,0.34629098926500174,0.5124390447311524,0,0,0,159.46671963538978,0.7358
161,538559,2.576520510062077,0.39648444465842836,0.002903275113095412,0.39079400699086336,0.40217488232599335,0.43325486084807413,0.043641527666801634,0.34498153909990137,0.5215281825962469,0.43325486084807413,0.03850919105427865,0.3550770467782759,0.5114326749178724,0,0,0,175.9350661740643,0.8592
162,539559,2.5750397894580055,0.42391854013591407,0.0034168416919943163,0.4172215087107726,0.4306155715610555,0.49428165576215743,0.050276310529121467,0.39258821896195484,0.59597509256236,0.49428165576215743,0.04425823294337319,0.40443266617346507,0.5841306453508498,0,0,0,167.77931818601198,0.7399
163,540559,2.5748435988655967,0.4354961209452619,0.0028986687577645465,0.4298147117634118,0.441177530127112,0.5164003281748196,0.04725957850199569,0.42080880785406843,0.6119918484955708,0.5164003281748196,0.035306641335446476,0.4447240356798385,0.5880766206698008,0,0,0,148.3595926622683,0.8223
164,541559,2.574855656491079,0.48035159831265883,0.0034784506724645746,0.4735338128943643,0.48716938373095336,0.5271559735434422,0.05519329753580108,0.4155169917708901,0.6387949553159944,0.5271559735434422,0.050108652484337234,0.425430000861048,0.6288819462258365,0,0,0,207.51703314253783,0.7506
165,542559,2.574784165743074,0.3650895644116845,0.0027422960341019305,0.35971464676172393,0.37046448206164506,0.4096966377071331,0.04475834691235131,0.31916433581166476,0.5002289396026015,0.4096966377071331,0.03843798038322236,0.33166338898522224,0.48772988642904397,0,0,0,196.46828331703924,0.7902
166,543559,2.574971043188324,0.432483526524117,0.003514071904754408,0.42559592326421564,0.4393711297840183,0.491578451004016,0.04073494798633608,0.4091842415838843,0.5739726604241477,0.491578451004016,0.03374947559565483,0.4230633730229857,0.5600935289850463,0,0,0,92.23861445293778,0.7015
167,544559,2.5751714253033646,0.4628915643936531,0.002987239320871562,0.457036556345382,0.4687465724419242,0.5349345879325276,0.041468726334934945,0.4510561717093654,0.6188130041556897,0.5349345879325276,0.03387058093827577,0.466173653035289,0.6036955228297661,0,0,0,128.55982030679817,0.8458
168,545559,2.574456645366805,0.4342180044137443,0.003402300482047645,0.4275494738524856,0.440886534975003,0.48966894092060426,0.05346639255046103,0.38152295418166565,0.5978149276595429,0.48966894092060426,0.043499541967170444,0.40136017589779305,0.5779777059434155,0,0,0,163.46471991508207,0.8349
169,546559,2.575767266266999,0.47428623410356374,0.0033181687068733136,0.46778260235617625,0.48078986585095124,0.5599810399496242,0.0457214454101353,0.4675006874675871,0.6524613924316613,0.5599810399496242,0.03593342965524511,0.48703229951728516,0.6329297803819633,0,0,0,117.27364239483546,0.852
170,547559,2.5746006638171357,0.40086498810875487,0.003363248433896358,0.3942729998099891,0.40745697640752065,0.4621452860071741,0.04674583947420331,0.36759290095320707,0.5566976710611411,0.4621452860071741,0.0401152790597528,0.38070693994399496,0.5435836320703532,0,0,0,142.26620218497945,0.7696
171,548559,2.574857639704661,0.4613167853877514,0.00292321613466425,0.45558726319121656,0.4670463075842862,0.4996500216841874,0.041750433343137425,0.41520179925342326,0.5840982441149515,0.4996500216841874,0.03498517517002139,0.42862634020029994,0.5706737031680749,0,0,0,143.23404319519165,0.8576
172,549559,2.576347746371883,0.3822410230701253,0.003565434397750654,0.3752527489976208,0.3892292971426298,0.4341907365444716,0.04945133909348125,0.3341659619764282,0.534215511112515,0.4341907365444716,0.04337059302845756,0.34614375178448087,0.5222377213044623,0,0,0,147.96732444665994,0.7306
173,550559,2.5738878751333956,0.36216499798464513,0.003188595798293104,0.3559153299613136,0.3684146660079767,0.4357909166428542,0.05058902607480763,0.3334649529478379,0.5381168803378705,0.4357909166428542,0.0459120698477263,0.34258445964260154,0.5289973736431068,0,0,0,207.3264951143037,0.8293
174,551559,2.575101956555591,0.45236328012365934,0.0033686004522546138,0.4457608018349074,0.4589657584124113,0.49724467124418464,0.04462404962910275,0.40698401124412875,0.5875053312442405,0.49724467124418464,0.040650159849136926,0.414720459449808,0.5797688830385612,0,0,0,145.62150332829538,0.6548
175,552559,2.5760108114604545,0.44886377317509685,0.003505592280323739,0.4419927900329547,0.455734756317239,0.507631398035084,0.05865801196504806,0.3889843698459736,0.6262784262241943,0.507631398035084,0.04801769905247947,0.41015028649230645,0.6051125095778614,0,0,0,187.6203246190812,0.8236
176,553559,2.5755302698371314,0.4130419568472668,0.003130485258677706,0.40690618585078553,0.41917772784374807,0.510924372809216,0.05385058482689426,0.4020012838411876,0.6198474617772444,0.510924372809216,0.04342072511029166,0.4227756145124342,0.5990731311059978,0,0,0,192.38482710805008,0.6913
177,554559,2.5750956251680712,0.4048857921095837,0.0032905027103033225,0.3984363858912487,0.4113351983279187,0.46546680946176205,0.048939903491908264,0.3664765110412039,0.5644571078823203,0.46546680946176205,0.040197376721522765,0.38386179628453293,0.5470718226389912,0,0,0,149.23507845840572,0.7495
178,555559,2.574483970030517,0.4534304081846742,0.003495591450349371,0.4465790267328219,0.46028178963652655,0.5405968936968029,0.04626984431507162,0.44700729972919295,0.6341864876644128,0.5405968936968029,0.036581475950368855,0.46633254934285984,0.6148612380507459,0,0,0,109.51689214767123,0.8497
179,556559,2.5760436738922343,0.41352892300614047,0.0031076621552221574,0.4074378854374382,0.41961996057484274,0.48327327474489135,0.043408231742797655,0.395471838543883,0.5710747109458997,0.48327327474489135,0.03459236399384544,0.41304704234406403,0.5534995071457186,0,0,0,123.90615665455121,0.8182
180,557559,2.575591282095499,0.4590072349779542,0.003329828513651345,0.4524807499352014,0.46553372002070703,0.5165611931355515,0.04285139114402355,0.4298860733575914,0.6032363129135115,0.5165611931355515,0.03255462713051986,0.45047178649664943,0.5826505997744535,0,0,0,95.58323281107789,0.8811
181,558559,2.5735284073441846,0.41028320098471077,0.0036439382136174985,0.4031410589343349,0.41742534303508666,0.46972133772172225,0.052957046414342325,0.36260560078746673,0.5768370746559778,0.46972133772172225,0.04630462090166898,0.3757179597146175,0.563724715728827,0,0,0,161.47550704489657,0.8769
182,559559,2.5747140309095666,0.4529486814789527,0.003369666656705991,0.44634411342270197,0.4595532495352034,0.5258469629620084,0.049557651951378706,0.42560715034161267,0.6260867755824041,0.5258469629620084,0.03773817676141315,0.4492343911209507,0.602459534803066,0,0,0,125.4261083936576,0.6695
183,560559,2.5744001610388043,0.3698262127917372,0.002879943610504068,0.3641815050174875,0.37547092056598697,0.4584469402036175,0.04484566303753828,0.36773802477456063,0.5491558556326743,0.4584469402036175,0.03246866522259579,0.39253204551551957,0.5243618348917154,0,0,0,127.104492780252,0.7808
184,561559,2.573738307044176,0.40953378914263344,0.003292395664913959,0.40308067272123477,0.4159869055640321,0.483480902311404,0.049849124048083,0.3826515317275604,0.5843102728952476,0.483480902311404,0.0444963558239895,0.39314849757487463,0.5738133070479334,0,0,0,182.65217434497086,0.7043
185,562559,2.573607019689817,0.42064357260771446,0.0037012022640068756,0.41338919265474944,0.4278979525606795,0.5025080533094998,0.05562677787354204,0.3899922747937845,0.615023831825215,0.5025080533094998,0.04591366093056937,0.4092983662393529,0.5957177403796466,0,0,0,153.88567966636805,0.8211
186,563559,2.575216110309759,0.4022483186367038,0.0029927585608635794,0.39638249284298194,0.40811414443042565,0.46249409915761724,0.039736789462579095,0.3821188559202461,0.5428693423949884,0.46249409915761724,0.032486553924835564,0.3965428884732763,0.5284453098419581,0,0,0,117.8321838333892,0.8085
187,564559,2.5733223179565297,0.4370617620896229,0.0031692077641301717,0.43085009473643215,0.4432734294428136,0.5052230897388921,0.04557717877570513,0.41303454406838114,0.597411635409403,0.5052230897388921,0.02750691053207602,0.4493810925860517,0.5610650868917324,0,0,0,75.33247000332382,0.8533
188,565559,2.5751347035351957,0.3625272339824349,0.0031925927529533192,0.35626973190257477,0.36878473606229506,0.44410643037770914,0.05817274406089309,0.3264409491721183,0.5617719115833,0.44410643037770914,0.04544351112477127,0.35185119815577837,0.5363616625996399,0,0,0,202.60805679124167,0.8719
189,566559,2.5753514087113523,0.4067702214276748,0.003093395178226668,0.40070714722452866,0.412833295630821,0.46054243294098146,0.040669171699028075,0.3782812686199414,0.5428035972620215,0.46054243294098146,0.03322277134951608,0.39309662142588053,0.5279882444560824,0,0,0,115.3455664076711,0.8361
190,567559,2.574686214009937,0.44028892902586114,0.0031519823199378763,0.43411102365272886,0.44646683439899343,0.47356483804508426,0.04629256726823938,0.37992928256642555,0.567200393523743,0.47356483804508426,0.04186698124424664,0.38857034748923075,0.5585593286009377,0,0,0,176.4313471329983,0.7852
191,568559,2.575035341239901,0.37681688283310055,0.003456154397121474,0.37004279825613745,0.38359096741006365,0.4439673929092493,0.050131006873545304,0.3425678604938288,0.5453669253246698,0.4439673929092493,0.039380856338673595,0.3640200042348203,0.5239147815836783,0,0,0,129.83268550263566,0.7926
192,569559,2.57572805922443,0.43590425082946777,0.0034648416781799043,0.42911313912643567,0.44269536253249986,0.49668184121704423,0.043162619596692424,0.4093772024738137,0.5839864799602748,0.49668184121704423,0.03940631223825718,0.4166827743190498,0.5766809081150386,0,0,0,129.34951322416313,0.7982
193,570559,2.5749931287542855,0.4119352058162062,0.0038852612754392483,0.4043200690314186,0.4195503426009938,0.5010785136440481,0.06386945109388596,0.371890354848713,0.6302666724393832,0.5010785136440481,0.05870578657718336,0.3818994308795356,0.6202575964085606,0,0,0,228.30812310949912,0.6892
194,571559,2.5766308655601815,0.4184524088661753,0.0032157857699527566,0.41214944832563993,0.42475536940671066,0.5084688760939088,0.051562966548789876,0.4041729318455123,0.6127648203423053,0.5084688760939088,0.04349087225031999,0.42017771153201133,0.5967600406558062,0,0,0,182.9035006571581,0.8758
195,572559,2.5771808779224257,0.3542709104584156,0.0032871625820621,0.3478280509126548,0.36071377000417637,0.42999719397257297,0.05116701796206127,0.3265021313353538,0.5334922566097922,0.42999719397257297,0.04446029488203458,0.33973799684020645,0.5202563911049395,0,0,0,182.93731823745784,0.7611
196,573559,2.5742990502423595,0.4698922755614576,0.0034682943535752657,0.46309439659271406,0.4766901545302011,0.5742925903190443,0.04771388601202377,0.4777821463228549,0.6708030343152338,0.5742925903190443,0.03797162328025972,0.4972060968492538,0.6513790837888349,0,0,0,119.86335495499557,0.8094
197,574559,2.576131393084528,0.4566787137508299,0.0033064134131598906,0.4501981224538077,0.46315930504785213,0.5157024593739917,0.05540394353994674,0.40363740584151214,0.6277675129064714,0.5157024593739917,0.048752978129084565,0.4167286519483216,0.6146762667996618,0,0,0,217.41424326594688,0.6924
198,575559,2.5748461814250603,0.4223428458248597,0.004070553998304786,0.4143645341260022,0.4303211575237172,0.5132863567607521,0.05259573608924051,0.40690143894039554,0.6196712745811086,0.5132863567607521,0.044891924772938664,0.4221509043647913,0.6044218091567128,0,0,0,121.62683690513614,0.7135
199,576559,2.575084137364031,0.4169166638592257,0.0035501225112906224,0.4099584011814666,0.42387492653698483,0.46466293030452993,0.05197052171236207,0.35954262792736186,0.5697832326816981,0.46466293030452993,0.043822988089619555,0.37569753474417295,0.5536283258648869,0,0,0,152.3762540253108,0.8697
200,577559,2.575382466284932,0.3880381487064141,0.0034658842247788165,0.38124499360542435,0.3948313038074039,0.447723163689891,0.060127971582977155,0.32610286152877477,0.5693434658510073,0.447723163689891,0.05420024890073939,0.33769080868335805,0.5577555186964239,0,0,0,244.55382459309507,0.7488
201,578559,2.5734677187103845,0.394846588115676,0.003662396654512916,0.3876682674038698,0.40202490882748226,0.47434930955754767,0.042124739728334214,0.38914398100013425,0.5595546381149611,0.47434930955754767,0.0324206226411251,0.40853194649498703,0.5401666726201083,0,0,0,78.36316083990529,0.8888
202,579559,2.5748521844513377,0.3931374710241022,0.0034346017785197172,0.3864056297165326,0.3998693123316718,0.4806908345892969,0.05063721140466071,0.3782674068651078,0.583114262313486,0.4806908345892969,0.035639988077871894,0.4083378122296615,0.5530438569489323,0,0,0,107.676844321689,0.7366
203,580559,2.575766055512028,0.38819260779111814,0.002762378359781477,0.38277832865523304,0.39360688692700324,0.4151153833369305,0.04362688708235412,0.3268716749659838,0.5033590917078772,0.4151153833369305,0.038375763141039236,0.3372084423316495,0.4930223243422115,0,0,0,192.99574032567918,0.8905
204,581559,2.5744470333304585,0.3771044186510857,0.0031823577985094146,0.3708669771469632,0.38334186015520816,0.4852258815309384,0.05205255201494987,0.3799396572055581,0.5905121058563186,0.4852258815309384,0.03771949683073825,0.408651231965243,0.5618005310966337,0,0,0,140.48623324036058,0.8223
205,582559,2.5754800735864665,0.41578111422138103,0.0032846606213296947,0.40934315853455194,0.4222190699082101,0.5012288083350049,0.052543831911900624,0.39494887662286576,0.6075087400471441,0.5012288083350049,0.04623269184574652,0.40737145407459996,0.5950861625954099,0,0,0,198.11499742004693,0.8038
206,583559,2.575035195550668,0.4212595699052011,0.0035438724813291987,0.41431355732587577,0.4282055824845264,0.5113193578183732,0.05683287088689449,0.3963640259158302,0.6262746897209163,0.5113193578183732,0.045542593349112266,0.41886297798725913,0.6037757376494873,0,0,0,165.1502903958504,0.7178
207,584559,2.5730647626611174,0.38535934369695235,0.00322160865031261,0.3790449702739161,0.3916737171199886,0.4852577017048748,0.05987032418546729,0.36415854059527286,0.6063568628144768,0.4852577017048748,0.04385590341477825,0.3962254844819522,0.5742899189277975,0,0,0,185.31499320592582,0.8407
208,585559,2.5760881150892043,0.4030201154355271,0.0031703524997365637,0.39680620439327485,0.4092340264777794,0.44011734141598596,0.04819034215730912,0.3426431739009321,0.5375915089310398,0.44011734141598596,0.04389353067369068,0.3510087367964269,0.5292259460355451,0,0,0,191.68402774980873,0.7046
209,586559,2.574722177178077,0.43120053869197494,0.0034433815323080394,0.4244514890111983,0.4379495883727516,0.4828787349238503,0.04260480547620959,0.39670238173718875,0.5690550881105119,0.4828787349238503,0.03448140714870719,0.41287775689403183,0.5528797129536688,0,0,0,100.2766159607821,0.8579
210,587559,2.576205169707954,0.37614029270492744,0.003016681506151535,0.37022757778644727,0.3820530076234076,0.4841161982198957,0.047490877773065154,0.3880568309637412,0.5801755654760502,0.4841161982198957,0.030849159234276998,0.4214890754785327,0.5467433209612587,0,0,0,104.57496857982719,0.8513
211,588559,2.574201535129315,0.3541395167176979,0.0028389783248787947,0.34857510116354573,0.35970393227185005,0.40566732012858403,0.040538894354667294,0.32366966660906904,0.487664973648099,0.40566732012858403,0.03698561133332883,0.33058253732960746,0.4807521029275606,0,0,0,169.72329303142325,0.818
212,589559,2.5750569601147437,0.4481094625812715,0.002850831881613417,0.44252181398060814,0.45369711118193484,0.5264468922875798,0.04649392118480237,0.4324040600701753,0.6204897245049843,0.5264468922875798,0.037074572759990904,0.4511815081910281,0.6017122763841315,0,0,0,169.12550097225193,0.7563
213,590559,2.573641271270541,0.3819055713146536,0.0029012394627652965,0.3762191235346691,0.3875920190946381,0.4151489368700736,0.03641616071893651,0.3414902992412814,0.4888075744988658,0.4151489368700736,0.026536490697378658,0.3612769967173837,0.46902087702276346,0,0,0,83.66037874505021,0.7678
214,591559,2.575754951036182,0.44295846659405047,0.003218520092517728,0.4366501467639153,0.44926678642418566,0.5079761205362147,0.0438101161841828,0.4193617963247126,0.5965904447477167,0.5079761205362147,0.034874761197846625,0.4371765913326288,0.5787756497398004,0,0,0,117.41133756862028,0.7669
215,592559,2.57282549946899,0.38949731774174673,0.003151578692368219,0.38332020348121537,0.3956744320022781,0.4913514839122113,0.04590914314940482,0.3984914769172423,0.5842114909071803,0.4913514839122113,0.03444557769046544,0.4214232435496343,0.5612797242747883,0,0,0,119.45673333152696,0.8174
216,593559,2.574949357717266,0.4336772124094072,0.0028758194052508367,0.4280405881036568,0.4393138367151576,0.49068519387431603,0.04473782541737212,0.4001944006204077,0.5811759871282244,0.49068519387431603,0.03676155099252008,0.41605527774962175,0.5653151099990102,0,0,0,163.40465814878146,0.7911
217,594559,2.5753591757145435,0.39590481960474405,0.003026507272977415,0.38997284612085736,0.40183679308863074,0.47178269757392244,0.040767526516232756,0.38932259185718054,0.5542428032906643,0.47178269757392244,0.030667366941668373,0.409524632807079,0.5340407623407659,0,0,0,102.67614048083848,0.7556
218,595559,2.5734411239731174,0.4351740437237892,0.003029423475166228,0.4292363544650844,0.441111732982494,0.5190715599672271,0.043917879338014235,0.43023926420295566,0.6079038557314985,0.5190715599672271,0.0314370166803753,0.4552510231638589,0.5828920967705953,0,0,0,107.68685116727056,0.7617
219,596559,2.5745066889473427,0.43382989578893794,0.0036845980440235898,0.4266080602126347,0.4410517313652412,0.5284122341313312,0.047008261709312986,0.4333290500051921,0.6234954182574703,0.5284122341313312,0.03214119573182221,0.4631621378527129,0.5936623304099495,0,0,0,76.09284546102118,0.6912
220,597559,2.574555284569655,0.3940981874916282,0.003371078411830787,0.3874908523863633,0.4007055225968931,0.4907799112021761,0.045361194598586604,0.39902823476559446,0.5825315876387578,0.4907799112021761,0.03726553587868553,0.415126851364359,0.5664329710399932,0,0,0,122.20163954178818,0.8683
221,598559,2.574404949006758,0.4254631770335239,0.003038640376700203,0.41950742258925305,0.4314189314777947,0.4770341541302751,0.04358620977819149,0.38887272337310974,0.5651955848874405,0.4770341541302751,0.03680147886858838,0.4023231801078164,0.5517451281527338,0,0,0,146.6803486717764,0.7679
222,599559,2.5735721722435674,0.4498784029547321,0.003792191457206545,0.44244568360499775,0.4573111223044664,0.5451773361208434,0.04400329493777108,0.4561722709985143,0.6341824012431725,0.5451773361208434,0.03632878970286891,0.4714259721213098,0.6189287001203769,0,0,0,91.77435649657377,0.7992
223,600559,2.576392662317228,0.3542330842561782,0.0036052046027611937,0.3471668603291739,0.36129930818318257,0.42581679106072234,0.05086675254718062,0.3229290725517833,0.5287045095696613,0.42581679106072234,0.04170141763836208,0.3411584124938048,0.5104751696276398,0,0,0,133.79559165796562,0.7876
224,601559,2.5747816291705297,0.41755558416903404,0.0030130995718842613,0.4116498898644755,0.4234612784735926,0.5122783714674755,0.04571300284637066,0.41981509568250697,0.604741647252444,0.5122783714674755,0.03551003803673675,0.4401891617166249,0.584367581218326,0,0,0,138.89138463500632,0.7716
225,602559,2.5746061483112643,0.4214296840339413,0.003913739040072837,0.413758730649539,0.42910063741834364,0.4919201166981653,0.05034495760080111,0.39008782808938924,0.5937524053069414,0.4919201166981653,0.04399232846435858,0.40261094190047775,0.5812292914958529,0,0,0,126.34852308509309,0.7221
226,603559,2.575412880708009,0.4273175357064359,0.0028787293574791,0.4216752078758298,0.43295986353704197,0.47568337684083145,0.04019964835567059,0.3943719131231459,0.556994840558517,0.47568337684083145,0.03563847158688979,0.4033334331215619,0.548033320560101,0,0,0,153.26269821867885,0.7267
227,604559,2.5739613587515353,0.3606811782190746,0.00412068924062787,0.35260460112673064,0.3687577553114185,0.4714720969568623,0.0513553082245978,0.36759618131527916,0.5753480125984455,0.4714720969568623,0.04608695018169035,0.37791061400413417,0.5650335799095905,0,0,0,125.08816211922338,0.8434
228,605559,2.5750363932758673,0.39370114013114565,0.0035210870102727293,0.3867997872198581,0.4006024930424332,0.4709223166051533,0.051184085114842084,0.36739273239297354,0.5744519008173331,0.4709223166051533,0.047445904766628105,0.37460200917541087,0.5672426240348958,0,0,0,181.56994052757346,0.753
229,606559,2.5752222634152306,0.4378266682049668,0.002718534423821807,0.4324983234621242,0.4431550129478094,0.5181674240857633,0.04066333146270137,0.43591807275771216,0.6004167754138146,0.5181674240857633,0.026824717670410014,0.4637103520699869,0.5726244961015398,0,0,0,97.36450182209724,0.8267
230,607559,2.5751385089141428,0.4345153542589663,0.0031600420752390637,0.4283216517142362,0.44070905680369643,0.4787486372822152,0.04749653315509516,0.38267783093617924,0.5748194436282511,0.4787486372822152,0.042250595555364936,0.3929753682719701,0.5645219062924602,0,0,0,178.76394892242305,0.7579
231,608559,2.5753595994198264,0.42583031714387026,0.0031865182990472225,0.41958472103226,0.4320759132554805,0.4985598907146002,0.049070789061963514,0.3993048512399274,0.597814930189273,0.4985598907146002,0.03865366204169513,0.42008878494784563,0.5770309964813548,0,0,0,147.14599862955174,0.8723
232,609559,2.5751543031747803,0.40767598543731226,0.003412698976841865,0.40098707376019027,0.41436489711443425,0.49145978852577593,0.05182489452290777,0.38663404494242753,0.5962855321091243,0.49145978852577593,0.04182849408096532,0.4065434310652357,0.5763761459863161,0,0,0,150.22717278587285,0.7789
233,610559,2.5747405790800575,0.4083098655792548,0.003178643398393106,0.40207970432295964,0.41454002683554997,0.4564360377833873,0.04658049818479429,0.3622180870542151,0.5506539885125595,0.4564360377833873,0.03872589040394097,0.3778183006457929,0.5350537749209817,0,0,0,148.42915223823547,0.7978
234,611559,2.575888460795853,0.37916055394802917,0.003229441743264942,0.372830827613039,0.38549028028301935,0.44693512841960975,0.058877701975450863,0.3278437352412349,0.5660265215979846,0.44693512841960975,0.043626009142210084,0.35836962138208717,0.5355006354571323,0,0,0,182.48873591802672,0.7634
235,612559,2.57461982242705,0.4418453625490348,0.0031725203703342423,0.4356272024666375,0.44806352263143207,0.5231036134902671,0.043503785180119485,0.43510890221920967,0.6110983247613246,0.5231036134902671,0.034213342349668836,0.45364683593426125,0.592560391046273,0,0,0,116.30065684443642,0.7538
236,613559,2.574878615816929,0.35928570205370863,0.0034308479947538903,0.35256121818616964,0.3660101859212476,0.43389869362147626,0.04024741769816765,0.35249060728846576,0.5153067799544868,0.43389869362147626,0.032363587030939424,0.3681971190033462,0.49960026823960635,0,0,0,88.9836770188602,0.8353
237,614559,2.5744871286148547,0.43148438007268836,0.003380125627030868,0.42485931236815,0.4381094477772267,0.5089221720940174,0.05168694144967009,0.404375464939298,0.6134688792487367,0.5089221720940174,0.043964529538140125,0.4196694321168427,0.598174912071192,0,0,0,169.17616539060384,0.7048
238,615559,2.57526388562321,0.43614832754569594,0.002989299958165755,0.43028928063523597,0.4420073744561559,0.49396526801758694,0.035322158562800285,0.4225194586165121,0.5654110774186618,0.49396526801758694,0.024482913012029497,0.4442623122052024,0.5436682238299715,0,0,0,67.07909380764116,0.8804
239,616559,2.5736960952657886,0.4258216359517647,0.0031548316505603047,0.41963814587250925,0.43200512603102015,0.48233966234363046,0.03832553447617397,0.40481895175311755,0.5598603729341434,0.48233966234363046,0.029520890554684726,0.42240906837955433,0.5422702563077065,0,0,0,87.5601568710362,0.9083
240,617559,2.5745970934063362,0.436452469277235,0.0033140919338093436,0.4299568280309546,0.44294811052351546,0.526376471813555,0.05004413813935338,0.42515264799801955,0.6276002956290904,0.526376471813555,0.03948883348215019,0.4462098778840843,0.6065430657430256,0,0,0,141.97749388212867,0.795
241,618559,2.5772252922111343,0.464604787850762,0.0030850692417454034,0.4585580325360178,0.47065154316550617,0.5287040078653492,0.04711365006547168,0.43340765566813033,0.6240003600625681,0.5287040078653492,0.03790493432378353,0.4517529001748277,0.6056551155558707,0,0,0,150.95992287998314,0.7819
242,619559,2.574923409787502,0.373924967856344,0.0032572873328881287,0.367540663988776,0.380309271723912,0.42501302125140333,0.043726000574957485,0.33656883691891465,0.513457205583892,0.42501302125140333,0.03789373105144288,0.34808465741288297,0.5019413850899237,0,0,0,135.33888558296087,0.8211
243,620559,2.5734858375946406,0.46728073921983915,0.0031311910274153493,0.461143584912148,0.4734178935275303,0.5240123032157534,0.04795022886748625,0.42702381067180445,0.6210007957597025,0.5240123032157534,0.036486534336160184,0.44994070058553626,0.5980839058459706,0,0,0,135.783219021441,0.7989
244,621559,2.573304789025526,0.4570772619545977,0.002881398353440845,0.45142970287494916,0.4627248210342462,0.5214632996812645,0.037690699376537205,0.44522666428250746,0.5976999350800215,0.5214632996812645,0.03515207096443988,0.4501008017219364,0.5928257976405925,0,0,0,148.8316256006448,0.8483
245,622559,2.5763419809332806,0.4081153439512226,0.002990932765023621,0.40225309672894727,0.41397759117349797,0.447712546638427,0.04049235493948672,0.36580902797142156,0.5296160653054325,0.447712546638427,0.032653622050995666,0.3814221696266105,0.5140029236502436,0,0,0,119.19263549527385,0.7926
246,623559,2.5785599386580387,0.3915367422589959,0.003010113360925737,0.38563690094688885,0.3974365835711029,0.42363910529226284,0.03779115523039374,0.3471992787500457,0.50007893183448,0.42363910529226284,0.03143707531482554,0.35981844945463237,0.4874597611298933,0,0,0,109.07332896259507,0.8244
247,624559,2.575079838743396,0.3765530273612487,0.0032130318730565284,0.3702554644761267,0.38285059024637064,0.4497760212196861,0.04377829666241643,0.36122605806594077,0.5383259843734314,0.4497760212196861,0.033348157807336104,0.3820756616624695,0.5174763807769026,0,0,0,107.7242870372878,0.6847
248,625559,2.577033929409103,0.41959917487549997,0.0033389514046252683,0.4130548089084762,0.42614354084252376,0.4852059050736242,0.04780108272895318,0.3885190890698446,0.5818927210774039,0.4852059050736242,0.041586045106162144,0.4007817451990281,0.5696300649482203,0,0,0,155.12258877557375,0.7087
249,626559,2.573556025107538,0.41668202308471064,0.00320921188422624,0.4103919474019663,0.422972098767455,0.4583649439531065,0.04641571752606294,0.36448029356614786,0.5522495943400652,0.4583649439531065,0.04214753917593463,0.3728008905157997,0.5439289973904133,0,0,0,172.4835421817358,0.83
250,627559,2.5737769917970406,0.4356385798409693,0.0032110600414738274,0.42934488175827745,0.4419322779236612,0.49730236476239464,0.04893758426902528,0.3983167574129034,0.5962879721118859,0.49730236476239464,0.03521859497271973,0.42580481588643865,0.5687999136383506,0,0,0,120.29489560709003,0.8102
251,628559,2.574028646500119,0.41162637089598225,0.003151117752486797,0.4054501600805471,0.41780258171141743,0.48632686380461143,0.03983208446629251,0.40575886822850427,0.5668948593807186,0.48632686380461143,0.033250873013966606,0.4188240028777125,0.5538297247315104,0,0,0,111.34656913873803,0.7413
252,629559,2.574853596483246,0.4120702059133565,0.0030478914400443157,0.4060963193261548,0.41804409250055824,0.4682221754560858,0.042919670172803154,0.3814089483065843,0.5550354026055873,0.4682221754560858,0.03773277980140197,0.3916205600263353,0.5448237908858363,0,0,0,153.26345581941882,0.6773
253,630559,2.575661884274778,0.44271157051255444,0.003590235334825481,0.43567468644581103,0.44974845457929785,0.48286619712729995,0.04834186140114654,0.3850855530135253,0.5806468412410746,0.48286619712729995,0.038992019606356204,0.4037081889859434,0.5620242052686565,0,0,0,117.952086213838,0.7724
254,631559,2.5762008156132232,0.40071714733960057,0.0037266695756416326,0.39341285129402537,0.40802144338517576,0.4931367966521874,0.059841806802128666,0.3720953173949277,0.6141782759094471,0.4931367966521874,0.055345335462735026,0.38077979233761416,0.6054938009667606,0,0,0,220.55670888154373,0.7949
255,632559,2.575210583271976,0.4117051907139414,0.0034003283952382976,0.4050405254553586,0.4183698559725242,0.4921154415700476,0.06100187613164759,0.36872750061335685,0.6155033825267384,0.4921154415700476,0.04801016706380361,0.39464962077719645,0.5895812623628988,0,0,0,199.3538880013794,0.7799
256,633559,2.57569902922183,0.4181809271901938,0.003060054040579495,0.4121832018286683,0.42417865255171927,0.49130020848339945,0.041688100305389886,0.4069780665221056,0.5756223504446932,0.49130020848339945,0.03083922650692242,0.42869325025058813,0.5539071667162108,0,0,0,101.56609642247889,0.8683
257,634559,2.573984160854771,0.4057011719465448,0.0034773846278890463,0.39888547598239144,0.4125168679106982,0.5011636705805639,0.05519340352635016,0.38952447442189053,0.6128028667392372,0.5011636705805639,0.0479247562784045,0.4038712429003095,0.5984560982608182,0,0,0,189.93909570019946,0.755
258,635559,2.5745983962049555,0.47599013355726194,0.003154598078668031,0.4698071012803994,0.4821731658341245,0.5102314253674292,0.04270374364023291,0.4238549508547525,0.5966078998801059,0.5102314253674292,0.03679055737065115,0.4355426231645212,0.5849202275703371,0,0,0,136.01432976344842,0.7778
259,636559,2.5751811130896636,0.41621628151212825,0.002966617219915366,0.41040169291275336,0.42203087011150314,0.4542704311717157,0.03950986246270986,0.37435419111649126,0.5341866712269402,0.4542704311717157,0.031103618218776934,0.3911267292285049,0.5174141331149266,0,0,0,109.92558828446205,0.7619
260,637559,2.574430304491976,0.45186981858969344,0.0031312920514889853,0.4457324662741761,0.45800717090521076,0.514570210466083,0.055281163886162235,0.40275350222447853,0.6263869187076874,0.514570210466083,0.04385153984486725,0.4255468517610322,0.6035935691711338,0,0,0,196.12029834603123,0.8052
261,638559,2.5739344610327946,0.43567447702162865,0.003675306235598672,0.4284708534488736,0.4428781005943837,0.5048320162235783,0.05078675541686385,0.40210610718376005,0.6075579252633966,0.5048320162235783,0.040389746195038205,0.42283647225301213,0.5868275601941445,0,0,0,120.7689207914911,0.7971
262,639559,2.57346333631113,0.42454111669784095,0.0035880399518645363,0.41750853559564927,0.43157369780003263,0.4933406530504198,0.04650201977049576,0.3992814398972681,0.5873998662035715,0.4933406530504198,0.04053915330512772,0.41104179652112394,0.5756395095797157,0,0,0,127.65411155845614,0.7525
263,640559,2.57518344000983,0.37640321239413954,0.0034709196433249765,0.36960018784080684,0.38320623694747225,0.4687433693370175,0.0461093978673556,0.37547830894235495,0.5620084297316801,0.4687433693370175,0.03780586965519598,0.3919933736156051,0.5454933650584299,0,0,0,118.63951068197036,0.8747
264,641559,2.575148013371482,0.4917692089820678,0.0034247096386825454,0.4850567563314286,0.49848166163270696,0.562893655457012,0.04643878825312301,0.4689623401199103,0.6568249707941136,0.562893655457012,0.038602832011856304,0.48452574013682637,0.6412615707771976,0,0,0,127.05472532785616,0.8331
265,642559,2.575952865649314,0.44567814661211447,0.003362612390408191,0.43908740496262655,0.4522688882616024,0.5113261929217371,0.03500112296011646,0.44052973931921935,0.5821226465242548,0.5113261929217371,0.03115773434087287,0.44807262941001313,0.574579756433461,0,0,0,85.85747703005168,0.8189
266,643559,2.575247088150133,0.3766326951741423,0.003425356286961067,0.3699189750887687,0.38334641525951585,0.45141055246461986,0.050214857991331616,0.34984141515461803,0.5529796897746216,0.45141055246461986,0.043974968419032597,0.3621366204325834,0.5406844844966564,0,0,0,164.81607604657373,0.8291
267,644559,2.575315718226307,0.4505804362826899,0.003967168304592524,0.44280476120036727,0.45835611136501253,0.5561166749205342,0.05985948952746819,0.43503942897528874,0.6771939208657797,0.5561166749205342,0.047287373080878096,0.46011820392291175,0.6521151459181567,0,0,0,142.07874957322434,0.808
268,645559,2.5751222083285747,0.41296699869463566,0.003365018427606503,0.40637154119695235,0.41956245619231897,0.4827209634573978,0.04588735989594336,0.3899050172514142,0.5755369096633814,0.4827209634573978,0.03130678946092015,0.4191648019647195,0.5462771249500761,0,0,0,86.55699517704404,0.7259
269,646559,2.575383801499042,0.4019857191483311,0.003328575570256951,0.39546168988259184,0.40850974841407034,0.4966603512166826,0.047437870553064955,0.4007082011831189,0.5926125012502463,0.4966603512166826,0.037389424322903785,0.42075578446603945,0.5725649179673258,0,0,0,126.17715014280105,0.8235
270,647559,2.5754596605379514,0.4053161793049126,0.003425698415858989,0.3986017886447254,0.4120305699650998,0.46823132908079995,0.04978669740564844,0.3675282282997771,0.5689344298618229,0.46823132908079995,0.039843469919983464,0.38734478490723745,0.5491178732543625,0,0,0,135.2745361643016,0.7225
271,648559,2.577534555375636,0.41013963979282764,0.0031208387451680045,0.40402277602411435,0.4162565035615409,0.48641014511848696,0.04702142357356385,0.3913003386090369,0.581519951627937,0.48641014511848696,0.03673715025419096,0.4118297651261298,0.5609905251108441,0,0,0,138.56969812296563,0.8655
272,649559,2.573735088713329,0.3994839526947079,0.003759255257411114,0.39211578850583206,0.4068521168835837,0.4225085931421606,0.049436513345476406,0.32251380647998934,0.5225033798043318,0.4225085931421606,0.04613530585524594,0.32884894295317135,0.5161682433311499,0,0,0,150.61324884982335,0.7744
273,650559,2.574974075512128,0.40929497903531253,0.0035392758409139823,0.40235797590040573,0.41623198217021934,0.4904815476502401,0.053637781834693296,0.3819888933622933,0.598974201938187,0.4904815476502401,0.041067679400896825,0.40710972610363616,0.573853369196844,0,0,0,134.63919389016306,0.7197
274,651559,2.5758181880667257,0.5006779685114705,0.0031719420638596767,0.49446094191343765,0.5068949951095034,0.5486360520561835,0.04567923641325917,0.4562410753288716,0.6410310287834954,0.5486360520561835,0.036860819292960735,0.4738046105677407,0.6234674935446263,0,0,0,135.04530041920435,0.8296
275,652559,2.5768719420337405,0.39488935749207843,0.003430483368938672,0.38816558829345393,0.4016131266907029,0.4535093052766102,0.04720580649169301,0.35802654911285037,0.54899206144037,0.4535093052766102,0.037707845689449626,0.376958308785218,0.5300603017680023,0,0,0,120.8238877560083,0.7638
276,653559,2.576367342392614,0.438451638252887,0.003362615668099201,0.4318608901791039,0.44504238632667015,0.5248873256905067,0.044165804530224506,0.4355535538911032,0.6142210974899102,0.5248873256905067,0.03623001216331249,0.45133649075715965,0.5984381606238537,0,0,0,116.08670789351429,0.8311
277,654559,2.5758002587025683,0.4426651324828353,0.003304175467893413,0.4361889275727541,0.44914133739291645,0.5309506595089081,0.05046693296582405,0.4288716524368319,0.6330296665809843,0.5309506595089081,0.03508982599755339,0.45971452555035,0.6021867934674662,0,0,0,112.78107359884893,0.8875
278,655559,2.575361612993801,0.3820960480885941,0.0033089382615645617,0.37561050807265717,0.38858158810453103,0.4602871595463216,0.04573816888561112,0.36777298064228814,0.5528013384503551,0.4602871595463216,0.03974606168103051,0.37959836461093444,0.5409759544817088,0,0,0,144.2815755271803,0.7361
279,656559,2.574301857748476,0.4614683390232796,0.0034129417993343505,0.4547789514125296,0.4681577266340296,0.5455237926096739,0.0472780939212701,0.4498948213184757,0.6411527639008721,0.5455237926096739,0.035119716941497,0.47422697680883297,0.6168206084105148,0,0,0,105.88739135220149,0.956
280,657559,2.5752851065021183,0.43515487338107156,0.0037302725679188493,0.42784351544774146,0.44246623131440166,0.5275303452190915,0.04742341360867985,0.431607437115667,0.6234532533225159,0.5275303452190915,0.03175927608757627,0.46305558703821137,0.5920051033999716,0,0,0,72.48698835756734,0.7538
281,658559,2.575403258311804,0.44459403216980675,0.0031544117973916668,0.4384113650054294,0.4507766993341841,0.5257933434866563,0.042398108315246465,0.4400350747706722,0.6115516122026404,0.5257933434866563,0.02832950396681488,0.46828139288022586,0.5833052940930867,0,0,0,80.65683275356368,0.7857
282,659559,2.5772277007462203,0.3901768317745972,0.003941977728262785,0.3824505303819287,0.3979031331672657,0.47971545245980524,0.049025937541987634,0.3805511337473375,0.578879771172273,0.47971545245980524,0.035887671708656185,0.4068596055976168,0.5525712993219937,0,0,0,82.88238398792602,0.7831
283,660559,2.5741893607839867,0.35887112153043993,0.00322584709788947,0.35254844072322417,0.3651938023376557,0.4428088824711456,0.051627836792849956,0.3383817257691082,0.547236039173183,0.4428088824711456,0.044991013322649674,0.3514722696248177,0.5341454953174735,0,0,0,194.5198799223059,0.7896
284,661559,2.5752551793806635,0.39261015555116585,0.0035713678006533563,0.3856102519712743,0.3996100591310574,0.48256438928719825,0.050868989433953966,0.37967214624769363,0.5854566323267029,0.48256438928719825,0.042764593439639446,0.3957476490969836,0.5693811294774129,0,0,0,143.38361897866494,0.7259
285,662559,2.5762032075864876,0.4253074770006936,0.0031615838770881143,0.41911075251454355,0.43150420148684365,0.48994975022598547,0.04363619461366135,0.40168721559597564,0.5782122848559953,0.48994975022598547,0.03491451837391861,0.41906950966405104,0.56082999078792,0,0,0,121.95586610028037,0.6391
286,663559,2.5748828681007256,0.39582455751051976,0.003249232330202673,0.3894560414993925,0.402193073521647,0.4916698759674786,0.0519024480397807,0.3866872655897344,0.5966524863452227,0.4916698759674786,0.04158361491700562,0.40725064963915625,0.5760891022958009,0,0,0,163.78832784221868,0.843
287,664559,2.575556138042669,0.4374820152257042,0.0037565463888309366,0.43011916043645626,0.4448448700149521,0.5366885322589329,0.04875854152985758,0.43806507303225467,0.6353119914856111,0.5366885322589329,0.03961765212016685,0.45626042259111815,0.6171166419267475,0,0,0,111.2243703575043,0.7375
288,665559,2.5751848417835093,0.39158990614552447,0.0032155866911052033,0.38528733580079516,0.3978924764902538,0.49826474984921204,0.06013472721554566,0.3766307831314404,0.6198987165669837,0.49826474984921204,0.05087691157498073,0.39497912829595205,0.601550371402472,0,0,0,250.33468956984555,0.8956
289,666559,2.57536215212667,0.38537991167369173,0.00331066979269184,0.3788909778457441,0.39186884550163936,0.48037779294302807,0.04688971475760204,0.38553439265971273,0.5752211932263434,0.48037779294302807,0.03286482121825515,0.4136586588273182,0.5470969270587379,0,0,0,98.54414271941417,0.7361
290,667559,2.575642625913822,0.4461160710847442,0.0033732799422000062,0.4395044209659683,0.4527277212035201,0.5198515467174412,0.04857199892094685,0.42160540553200665,0.6180976879028757,0.5198515467174412,0.040699979019814835,0.4372261966296925,0.6024768968051899,0,0,0,145.57392870245567,0.863
291,668559,2.5752994192494105,0.36067396938104945,0.0031115129852619513,0.35457538416100304,0.36677255460109587,0.4307415860050099,0.04050527392572483,0.34881193622184453,0.5126712357881753,0.4307415860050099,0.030895446297713777,0.3680204955291885,0.4934626764808313,0,0,0,98.5929158252831,0.8235
292,669559,2.5758137871355986,0.43026671233544217,0.0032092513540900973,0.4239765592915139,0.43655686537937044,0.49984807771799245,0.0522537545202204,0.3941548829121128,0.605541272523872,0.49984807771799245,0.04574250480671329,0.4069858560518544,0.5927102993841304,0,0,0,203.15729354315613,0.7277
293,670559,2.5754637083600134,0.4027355821856314,0.0031017398285909893,0.3966561524147536,0.40881501195650916,0.47210145257139385,0.03731938077720175,0.39661587993195346,0.5475870252108342,0.47210145257139385,0.027516783175159373,0.41623941288755717,0.5279634922552305,0,0,0,78.70178635236118,0.7781
294,671559,2.5740623885787204,0.42137727052167906,0.003744134040720762,0.41403874401358864,0.4287157970297695,0.5388687950024347,0.06156835001073979,0.4143350524740661,0.6634025375308032,0.5388687950024347,0.05100587672681609,0.4353213602719657,0.6424162297329037,0,0,0,185.58277207068502,0.7798
295,672559,2.5763075124968347,0.4021310328915348,0.003240082680181717,0.39578045025258074,0.40848161553048884,0.481636540872642,0.04739928411430181,0.3857624392784011,0.577510642466883,0.481636540872642,0.03826478350605014,0.40395490050422667,0.5593181812410574,0,0,0,139.47177748772086,0.6867
296,673559,2.5735238574302164,0.4294921408872521,0.0032265112503754435,0.42316815833694416,0.4358161234375601,0.49890764805729276,0.04829659412680867,0.4012185656482961,0.5965967304662894,0.49890764805729276,0.0410195936789921,0.4156334457159633,0.5821818503986222,0,0,0,161.62790389662808,0.7358
297,674559,2.575044033824311,0.39942585438675116,0.0030751305736564224,0.39339857892460645,0.40545312984889587,0.4488631821181363,0.04404748342233497,0.35976873734930964,0.537957626886963,0.4488631821181363,0.036297467576172866,0.37517540541633804,0.5225509588199346,0,0,0,139.32387008801464,0.732
298,675559,2.57491518780981,0.3779070031425224,0.00314509800368871,0.3717425910729778,0.384071415212067,0.4877886437045242,0.052536009778670185,0.38152453375024553,0.5940527536588028,0.4877886437045242,0.035110235981681656,0.4165110752753718,0.5590662121336766,0,0,0,124.62326668134456,0.8586
299,676559,2.573705888248298,0.44043883416279234,0.003286269554617334,0.43399772495649713,0.44687994336908754,0.5036008560544872,0.048337456749064034,0.4058291211904858,0.6013725909184887,0.5036008560544872,0.04208350736942037,0.4181667940952452,0.5890349180137292,0,0,0,163.99004668230663,0.7914
300,677559,2.57533974834711,0.4401352900402224,0.003348467754897749,0.4335722719662026,0.44669830811424216,0.5179307749473704,0.04963834749158982,0.41752774019050215,0.6183338097042386,0.5179307749473704,0.03997008545852247,0.4367871875651802,0.5990743623295606,0,0,0,142.48787556904117,0.9371
301,678559,2.575516632974584,0.4033744760979039,0.0030392350216431243,0.3974175561457669,0.4093313960500409,0.4890750812821439,0.049198694083591926,0.3895613294815962,0.5885888330826916,0.4890750812821439,0.03674998751531704,0.41446864026419766,0.5636815223000902,0,0,0,146.21294399435664,0.7958
302,679559,2.5751117797270195,0.41746197068892255,0.0038059306134479785,0.41000232250566354,0.42492161887218155,0.49697322734679833,0.048155724834963255,0.3995690799753294,0.5943773747182672,0.49697322734679833,0.03605131262887816,0.42378517175508107,0.5701612829385155,0,0,0,89.72643884502327,0.8713
303,680559,2.574833706892751,0.382792102058424,0.0031317732778197425,0.376653806536241,0.38893039758060705,0.4548010316434067,0.0447866147090659,0.3642115527321943,0.5453905105546191,0.4548010316434067,0.03695204231186354,0.3797843975810504,0.5298176657057629,0,0,0,139.21828029413163,0.8755
304,681559,2.5748677738097565,0.3688217020072357,0.003221618385199559,0.3625073095037592,0.37513609451071217,0.4115893835956892,0.05167765794295909,0.3070614541057003,0.5161173130856781,0.4115893835956892,0.0458949408214864,0.31841770036740935,0.504761066823969,0,0,0,202.94644037047274,0.7762
305,682559,2.5753581950845454,0.3606036576074596,0.0033666591447365658,0.35400498429377714,0.3672023309211421,0.4015260932039361,0.04889110307263393,0.3026345029483381,0.5004176834595342,0.4015260932039361,0.04632980905902966,0.30747158051887546,0.4955806058889968,0,0,0,189.3750337177173,0.7505
306,683559,2.5744837731545385,0.4797146779402066,0.003259135278577365,0.4733267520873468,0.4861026037930664,0.5407084643830046,0.05982097321914169,0.41970912502488444,0.6617078037411247,0.5407084643830046,0.04845173791226017,0.44234620710981754,0.6390707216561916,0,0,0,221.01102770382658,0.6892
307,684559,2.5746362075568956,0.41461075582232837,0.003729532432695694,0.4073008485587381,0.42192066308591863,0.4844938164734868,0.04288406058296082,0.3977526165180256,0.571235016428948,0.4844938164734868,0.03534920887585596,0.4127311072772343,0.5562565256697394,0,0,0,89.83604434095281,0.818
308,685559,2.574624530278216,0.43970792853172286,0.0029640797751333643,0.4338983133402423,0.4455175437232034,0.5126576338668104,0.04403765716447107,0.42358306458054296,0.6017322031530778,0.5126576338668104,0.035896771584671895,0.4397833132741764,0.5855319544594444,0,0,0,146.66652661936357,0.7763
309,686559,2.574647761170669,0.4374956603323075,0.0034637489168321814,0.4307066904484598,0.4442846302161553,0.5252050928532142,0.047086757716513924,0.4299631355660506,0.6204470501403777,0.5252050928532142,0.03959163829784306,0.4448297940523431,0.6055803916540853,0,0,0,130.65142184724024,0.7724
310,687559,2.5743907840020954,0.3718513430981415,0.0034615463473473998,0.3650666902644779,0.3786359959318051,0.45005245166121305,0.04776709649126323,0.3534343793118151,0.546670524010611,0.45005245166121305,0.04104428771075263,0.36672811777022607,0.5333767855522,0,0,0,140.59346834561865,0.844
311,688559,2.5746737508422006,0.4433386243049532,0.003465364741757293,0.4365464873939861,0.45013076121592027,0.498876471783666,0.05348421139569051,0.39069444302827616,0.6070585005390559,0.498876471783666,0.04304496895194506,0.4114905390430325,0.5862624045242995,0,0,0,154.29323793641572,0.869
312,689559,2.574809595570246,0.4346711240315611,0.0036926960598643484,0.42743341629275944,0.4419088317703628,0.5178078412342966,0.0560120371791035,0.4045128022193625,0.6311028802492307,0.5178078412342966,0.04924969180729783,0.4178256514324153,0.6177900310361778,0,0,0,177.87704588686972,0.8135
313,690559,2.5731686757150016,0.37777769229611236,0.0029680516181023312,0.3719602922671776,0.3835950923250471,0.44595498919484533,0.03925571853254092,0.366552803759556,0.5253571746301346,0.44595498919484533,0.034172877622083216,0.3765803594031255,0.5153296189865652,0,0,0,132.56235274709553,0.8508
314,691559,2.5755227250401855,0.4041014349838223,0.003419004542301249,0.39740016435833764,0.41080270560930693,0.4528139850505587,0.04960697499493031,0.3524744071578225,0.5531535629432949,0.4528139850505587,0.04183645864954342,0.367881458656203,0.5377465114449144,0,0,0,149.7305691515761,0.6838
315,692559,2.5754792120954226,0.4009720757932472,0.003329989161879692,0.3944452758789461,0.4074988757075482,0.48554583908796567,0.045072150898704054,0.3943788087186303,0.576712869457301,0.48554583908796567,0.03420876058679063,0.41609836300510417,0.5549933151708272,0,0,0,105.53318349481756,0.9309
316,693559,2.576340758120933,0.4062693168297887,0.003467505710656885,0.3994729836061758,0.41306565005340157,0.5017680214698861,0.051113267122661725,0.3983816801674647,0.6051543627723074,0.5017680214698861,0.03726961915612159,0.42610667213817277,0.5774293708015994,0,0,0,115.52488365160399,0.8325
317,694559,2.576187956663763,0.4067133547964899,0.003380786089305616,0.40008699258169683,0.41333971701128297,0.48321913610102923,0.040792241425705415,0.4007090397613075,0.565729232440751,0.48321913610102923,0.03121971965253596,0.41983973571666294,0.5465985364853955,0,0,0,85.2751736030566,0.7578
318,695559,2.574125892985553,0.4457069853754827,0.0033838297542127037,0.43907465755813385,0.45233931319283155,0.5312573966670957,0.045674187852656076,0.438872631617475,0.6236421617167165,0.5312573966670957,0.03795419984312599,0.4542062746551677,0.6083085186790237,0,0,0,125.80638122812188,0.9051
319,696559,2.5735028910232414,0.4692218104140787,0.0032503644006233274,0.46285107553773436,0.475592545290423,0.5407455643761176,0.042122596215008856,0.4555445714836444,0.6259465572685908,0.5407455643761176,0.03580457722932457,0.46805840827521417,0.6134327204770211,0,0,0,121.3425157002166,0.8637
320,697559,2.5736604323188335,0.47557521264055147,0.0034089557172821763,0.4688936377759492,0.4822567875051537,0.5135505080647841,0.044639232481071524,0.4232591378479107,0.6038418782816575,0.5135505080647841,0.03569337679173974,0.44108910085384645,0.5860119152757217,0,0,0,109.63079253172495,0.7683
321,698559,2.574544722489753,0.4212848536047279,0.0031918078710577004,0.4150288898983699,0.4275408173110859,0.48464350802746126,0.0430100428361992,0.397647484912289,0.5716395311426334,0.48464350802746126,0.03374796892020437,0.4161314887602082,0.5531555272947143,0,0,0,111.79485016350611,0.8366
322,699559,2.5747091913021376,0.42840744676086034,0.0031819629710601533,0.42217077912104695,0.43464411440067374,0.46660328955905767,0.04101154063266499,0.38364961870464753,0.5495569604134678,0.46660328955905767,0.03497530701009315,0.3955996415048778,0.5376069376132375,0,0,0,120.81832986802,0.797
323,700559,2.574846647665188,0.3720150297422697,0.0035984540338291136,0.3649620369732618,0.3790680225112776,0.434933038514609,0.04697222381763562,0.339922747904743,0.5299433291244751,0.434933038514609,0.03970037950303149,0.3543369833309574,0.5155290936982606,0,0,0,121.71872589585561,0.801
324,701559,2.5743462949638496,0.4405485726676863,0.0037714397418634497,0.43315652681187006,0.4479406185235026,0.5518637679684341,0.05458599307118644,0.44145317542215573,0.6622743605147123,0.5518637679684341,0.039847286091029686,0.4709694765557751,0.6327580593810931,0,0,0,111.63057184680329,0.7825
325,702559,2.5761658925796325,0.38974615186659123,0.003392667599050997,0.3830965018172083,0.3963958019159742,0.47933333593214755,0.04421552916615528,0.3898989865631447,0.5687676853011504,0.47933333593214755,0.03641050620856416,0.4054160786065331,0.5532505932577619,0,0,0,115.17833905617714,0.9196
326,703559,2.575876245364999,0.4401790874086164,0.0038398515233772465,0.43265295402638027,0.4477052207908525,0.5097190618126989,0.051809585019350346,0.40492428462318636,0.6145138390022113,0.5097190618126989,0.04774229981038628,0.41279704045472887,0.6066410831706689,0,0,0,154.58872242354118,0.8259
327,704559,2.574309622393536,0.43807542077429784,0.0033067866247011445,0.4315940979802836,0.4445567435683121,0.5239078883864631,0.04792747433754491,0.42696542122361614,0.62085035554931,0.5239078883864631,0.03487151288566503,0.4531149536071905,0.5947008231657356,0,0,0,111.20625977775303,0.7836
328,705559,2.575977574985712,0.4929270588889068,0.003820082861296999,0.4854396722099477,0.5004144455678659,0.5887042395604687,0.047056533217710875,0.49352341709259673,0.6838850620283407,0.5887042395604687,0.037340089930631246,0.5128998269507135,0.6645086521702239,0,0,0,95.54438132288394,0.801
329,706559,2.5743167567869167,0.41585123396271656,0.003457112604012416,0.4090752712941592,0.4226271966312739,0.5087621274062156,0.04794526695066396,0.41178367128636906,0.6057405835260622,0.5087621274062156,0.03956434444077497,0.428442238080971,0.5890820167314603,0,0,0,130.9727351849121,0.7407
330,707559,2.573206924870122,0.4420236842421968,0.004001514450773308,0.4341806904951423,0.4498666779892513,0.5142547742062296,0.05838593236037728,0.39615807896301397,0.6323514694494451,0.5142547742062296,0.05054298923276597,0.4116470510473197,0.6168624973651394,0,0,0,159.5412784603443,0.7948
331,708559,2.5753495581519057,0.45170199809004963,0.002908064710401859,0.44600217278133336,0.4574018233987659,0.5109529605535148,0.04473329598495357,0.42047132894143235,0.6014345921655972,0.5109529605535148,0.0356408850483095,0.4385981172470826,0.583307803859947,0,0,0,150.20653494328678,0.8754
332,709559,2.5759869274890335,0.4105098624659192,0.0034652012658539554,0.4037180459687613,0.41730167896307707,0.4965815662117329,0.06359296479315527,0.36795265374640035,0.6252104786770654,0.4965815662117329,0.049161620886375865,0.39677816988466363,0.5963849625388021,0,0,0,201.27760587357423,0.7493
333,710559,2.5769473762997914,0.41629659619197856,0.0036127604879762757,0.4092155626819465,0.42337762970201065,0.5269225677777827,0.05701521579167205,0.4115984084920311,0.6422467270635343,0.5269225677777827,0.043670640480424794,0.43826645430670197,0.6155786812488634,0,0,0,146.11701174804034,0.7591
334,711559,2.573949737396088,0.4333299289351681,0.002927683247119885,0.42759165116983855,0.4390682067004976,0.5107638158161537,0.04653441814208392,0.4166390707709667,0.6048885608613408,0.5107638158161537,0.03541799709779687,0.43886145910516866,0.5826661725271387,0,0,0,146.35239060507044,0.7418
335,712559,2.5763930655714526,0.3980622172224028,0.0028200572141386217,0.39253488716551627,0.40358954727928936,0.4474146916843456,0.036146652790138345,0.37430118529601136,0.5205281980726799,0.4474146916843456,0.029906457347854052,0.3867013555165864,0.5081280278521049,0,0,0,112.46414917867963,0.8901
336,713559,2.575328254737018,0.4307527318262326,0.0029622221109415143,0.4249467576683707,0.43655870598409446,0.4875031989958643,0.0498672054343583,0.38663725535618,0.5883691426355486,0.4875031989958643,0.04320937015685795,0.3997835140657232,0.5752228839260054,0,0,0,212.77501658801177,0.8644
337,714559,2.575558291364576,0.42251518705098545,0.0036584339824481155,0.415344633201603,0.42968574090036793,0.4832452599233101,0.047281946313293535,0.3876084964337457,0.5788820234128745,0.4832452599233101,0.043278494062325035,0.39538524600464864,0.5711052738419715,0,0,0,139.94385591510877,0.7963
338,715559,2.5717161601973944,0.387444166830212,0.00312671302347459,0.38131578943869565,0.3935725442217283,0.4493026521041478,0.044177991136398816,0.35994423056708946,0.5386610736412062,0.4493026521041478,0.03638050648990172,0.3754462974452353,0.5231590067630604,0,0,0,135.3821593685185,0.8809
339,716559,2.574611229407103,0.41766143977184605,0.0031650027717801204,0.41145801423037776,0.42386486531331435,0.4752792914715618,0.05037235856509711,0.37339157918110394,0.5771670037620197,0.4752792914715618,0.04056943464768794,0.3929189605486564,0.5576396223944672,0,0,0,164.30459981153123,0.7972
340,717559,2.574539299223162,0.4247062337699972,0.002905723720238418,0.41901099681687476,0.4304014707231197,0.49019098830067104,0.039668126958108015,0.4099546280876405,0.5704273485137016,0.49019098830067104,0.035009761171341996,0.4191173945805787,0.5612645820207635,0,0,0,145.16758730439105,0.8037
341,718559,2.574761325361563,0.4154491625070195,0.003474703768595301,0.40863872104411464,0.4222596039699244,0.4979215067490685,0.04356415759560203,0.40980468074139376,0.5860383327567432,0.4979215067490685,0.03334989602850127,0.43021761841528344,0.5656253950828535,0,0,0,92.11988731127337,0.735
342,719559,2.575916078351446,0.38221018531049467,0.003097311793722963,0.3761394345160916,0.3882809361048977,0.4721168955250368,0.04873056498920695,0.3735500241931066,0.5706837668569669,0.4721168955250368,0.039182469138324884,0.3925722542788991,0.5516615367711745,0,0,0,160.03454815091698,0.9143
343,720559,2.575697611448654,0.3863407172563095,0.0033510978993608175,0.3797725440824315,0.39290889043018745,0.45999365750386884,0.06090882696673453,0.33679392624816473,0.5831933887595729,0.45999365750386884,0.05455797695606858,0.3492350759360545,0.5707522390716832,0,0,0,265.05883510267034,0.7171
344,721559,2.575451259688465,0.41286103023425097,0.003908385913217501,0.4052005690124961,0.4205214914560058,0.4784436428791447,0.05679784016272996,0.3635591673042916,0.5933281184539978,0.4784436428791447,0.049367685613435026,0.3782219129159399,0.5786653728423495,0,0,0,159.54774000993982,0.6919
345,722559,2.574273914768611,0.40183129904905485,0.003650895757327518,0.3946755201688027,0.408987077929307,0.480063837586718,0.048929795595115434,0.38109398431722336,0.5790336908562127,0.480063837586718,0.043010816593679974,0.3927472378193669,0.5673804373540691,0,0,0,138.78946777324938,0.8466
346,723559,2.5765050027219965,0.4314028345902697,0.003264174110295465,0.42500503259522826,0.4378006365853111,0.5130848612541703,0.06013989022629351,0.3914404513614389,0.6347292711469017,0.5130848612541703,0.05127535648196826,0.40899035353626395,0.6171793689720766,0,0,0,246.75771788704637,0.6974
347,724559,2.576768596831286,0.43434748598988965,0.0032213029108058414,0.4280337118182292,0.4406612601615501,0.5316138375425737,0.04034692292426762,0.4500044828922346,0.6132231921929129,0.5316138375425737,0.029494018937729925,0.47173779586112247,0.591489879224025,0,0,0,83.83102561447656,0.6717
348,725559,2.575531428094413,0.4296884652739116,0.0032947554687595424,0.42323072362198255,0.4361462069258406,0.4816522085822049,0.05424398900715913,0.3719333845508503,0.5913710326135595,0.4816522085822049,0.04469000768643219,0.3909266696644102,0.5723777474999997,0,0,0,183.9816390977402,0.8316
349,726559,2.5741431474937086,0.4134149421170385,0.003137120381656286,0.4072661662373631,0.4195637179967139,0.49781164763455976,0.045259522853189356,0.40626562171421743,0.5893576735549021,0.49781164763455976,0.03495811567455378,0.42684289984695556,0.568780395422164,0,0,0,124.1748549948709,0.8676
350,727559,2.574525377871327,0.41843356153614175,0.0031698032651997833,0.4122207269970711,0.42464639607521243,0.4805787462542764,0.03861279124330615,0.4024770040091661,0.5586804884993867,0.4805787462542764,0.030160495438402803,0.41934968534481654,0.5418078071637362,0,0,0,90.53412857931531,0.7821
351,728559,2.5777110570949224,0.42640895428954995,0.00350785897553544,0.4195335284103915,0.4332843801687084,0.4851893263827698,0.051582028719065316,0.38085482525564096,0.5895238275098986,0.4851893263827698,0.041799368536111554,0.4003320969217518,0.5700465558437877,0,0,0,141.9891604004467,0.839
352,729559,2.5755952054583315,0.44264423317787194,0.003549216636081117,0.4356877460212789,0.44960072033446496,0.5213603576842282,0.0452923644473838,0.4297479033695092,0.6129728119989472,0.5213603576842282,0.03407057336761725,0.4521934165705934,0.5905272987978629,0,0,0,92.14968767363355,0.7609
353,730559,2.5754980551843016,0.471668873664198,0.0034372746723921794,0.46493179346765623,0.4784059538607398,0.5414573309804072,0.0483993333954401,0.4435604387856185,0.6393542231751959,0.5414573309804072,0.039037700398961046,0.4622065858998148,0.6207080760609995,0,0,0,128.98522851898548,0.9082
354,731559,2.5747674706575574,0.4739526173806665,0.003380435354265725,0.46732694260878005,0.480578292152553,0.5018733235565376,0.045882282485729606,0.4090676473820906,0.5946789997309845,0.5018733235565376,0.02852597517053042,0.4439625152017713,0.5597841319113038,0,0,0,71.20913814356626,0.7467
355,732559,2.5745520435759355,0.4300012479971532,0.003144216663066252,0.42383856336082826,0.4361639326334782,0.49823832763886217,0.0458885877211919,0.4054198979218969,0.5910567573558274,0.49823832763886217,0.03995777047288271,0.41711974100665555,0.5793569142710688,0,0,0,161.50187390796356,0.9287
356,733559,2.5774267714244052,0.3961905715219005,0.003162426623182177,0.38999219524805173,0.4023889477957493,0.4732208348402641,0.037904391975474606,0.39655196536195736,0.5498897043185709,0.4732208348402641,0.03149140972697073,0.4092898742817609,0.5371517953987673,0,0,0,99.16154618375613,0.8324
357,734559,2.5750625047811906,0.4441082898759869,0.0030191731753195774,0.43819069127010657,0.4500258884818672,0.5110443164499516,0.045348723509073756,0.41931786517289055,0.6027707677270127,0.5110443164499516,0.0311021116604906,0.4479036729826622,0.5741849599172411,0,0,0,106.12157916265333,0.8578
358,735559,2.575838312510959,0.43374687987104327,0.003863919784272486,0.42617357254453525,0.4413201871975513,0.5675761820368528,0.059341295756116845,0.4475470819277393,0.6876052821459663,0.5675761820368528,0.04182795270087421,0.48266092363632773,0.6524914404373778,0,0,0,117.18634605611352,0.7944
359,736559,2.574868902486943,0.4016363389183387,0.003537406399806276,0.39470299989988045,0.408569677936797,0.47531365799095954,0.04440420513949394,0.3854976754438555,0.5651296405380636,0.47531365799095954,0.03443485068253644,0.4054071946122256,0.5452201213696934,0,0,0,94.7603145903216,0.8411
360,737559,2.5762437597789334,0.4058052612827257,0.003467828991780706,0.3990082944260562,0.41260222813939523,0.4376072306584759,0.046660123297991754,0.3432282229358323,0.5319862383811196,0.4376072306584759,0.04120078806693652,0.353965184153626,0.5212492771633258,0,0,0,141.15481591889747,0.7339
361,738559,2.577136651047693,0.4463897278224367,0.004140488548325435,0.438274343961211,0.45450511168366237,0.5400690528028366,0.04027710564834827,0.4586009169225612,0.6215371886831119,0.5400690528028366,0.031186788853558432,0.47675650549455817,0.603381600111115,0,0,0,56.73331285358084,0.7721
362,739559,2.573787162993455,0.43812346955325443,0.003456737903161983,0.4313482413007446,0.44489869780576424,0.4855674230058878,0.04993392329188206,0.38456652976158584,0.5865683162501898,0.4855674230058878,0.04338783341404021,0.39748543840243966,0.5736494076093359,0,0,0,157.54441962229942,0.8337
363,740559,2.5755764331187283,0.40254790591125067,0.003125878442541279,0.39642116430366614,0.4086746475188352,0.4972157026436394,0.04601220542353074,0.4041472325225976,0.5902841727646813,0.4972157026436394,0.03803258318019277,0.4200054539976894,0.5744259512895894,0,0,0,148.03604601566227,0.7624
364,741559,2.575667528866451,0.40408680102549277,0.00321760219938059,0.3977802802717382,0.41039332177924737,0.46952811814308115,0.04091099616444419,0.38677781767160113,0.5522784186145612,0.46952811814308115,0.03109813307289519,0.40639555163801244,0.5326606846481499,0,0,0,93.41227195453465,0.8678
365,742559,2.5735134187719733,0.3595872745947071,0.0035498880001310256,0.3526294715603107,0.36654507762910343,0.48815894073933824,0.05003108466924409,0.38696152005926787,0.5893563614194086,0.48815894073933824,0.037725423501641014,0.411572259392055,0.5647456220866215,0,0,0,112.93770163989375,0.7143
366,743559,2.5753566582401333,0.3816116395891158,0.003505792520883673,0.374740263974204,0.3884830152040276,0.48380828290432404,0.04652799255612006,0.389696534833522,0.577920030975126,0.48380828290432404,0.03434542817209131,0.4140833568730088,0.5535332089356393,0,0,0,95.97661959011482,0.8504
367,744559,2.574183608208566,0.387124318533798,0.0036312996593342185,0.3800069481301161,0.39424168893747985,0.47229427506543703,0.04962406832983016,0.3719201226394058,0.5726684274914683,0.47229427506543703,0.03545932076593815,0.400308026848134,0.5442805232827401,0,0,0,95.35350177966036,0.824
368,745559,2.574715071090677,0.4535509374534346,0.003243642915233061,0.44719337673116005,0.45990849817570917,0.48952121184131414,0.04493534816443728,0.39863089112041633,0.5804115325622119,0.48952121184131414,0.04253131850242339,0.40317804495060394,0.5758643787320243,0,0,0,171.92998182004732,0.6464
369,746559,2.5759983034957106,0.44441969863284575,0.003332925862895307,0.43788714276589585,0.45095225449979565,0.5271612753843192,0.05550554521835973,0.4148907130594532,0.6394318377091853,0.5271612753843192,0.04167933732502606,0.4425477222365634,0.6117748285320751,0,0,0,156.38327498691456,0.8335
370,747559,2.5765221465731662,0.41558708506614894,0.0031053381113247533,0.40950060263825133,0.42167356749404655,0.4791942267907317,0.039727186749655516,0.3988384068735988,0.5595500467078647,0.4791942267907317,0.03244811195998107,0.41332105744401937,0.545067396137444,0,0,0,109.18452194403858,0.7701
371,748559,2.5744467392671693,0.4114380711527646,0.003163902806019052,0.40523680155117664,0.41763934075435255,0.48702139095278524,0.04070834200517998,0.4046809972091566,0.5693617846964139,0.48702139095278524,0.035206752785088946,0.41554788299582635,0.5584948989097441,0,0,0,123.82424088678553,0.7536
372,749559,2.5737463850190316,0.4413051864402557,0.003547176287721414,0.434352698379411,0.4482576745011004,0.548434593873738,0.05573121504270943,0.4357075712442336,0.6611616165032426,0.548434593873738,0.04537189947995023,0.4563247410197135,0.6405444467277626,0,0,0,163.6094472159196,0.8024
373,750559,2.5757785900971815,0.42774262114746747,0.003725803397633602,0.4204400228162913,0.43504521947864366,0.4908011047889728,0.05589275071261698,0.3777473454266843,0.6038548641512613,0.4908011047889728,0.04813878072600127,0.3930741843808129,0.5885280251971328,0,0,0,166.93611547159153,0.7334
374,751559,2.5740392712963263,0.4325048864372004,0.0030061577466212307,0.4266127981542621,0.4383969747201387,0.48553090687751516,0.04095362937782126,0.4026943725924454,0.568367441162585,0.48553090687751516,0.03435507820712791,0.41578639023356423,0.5552754235214661,0,0,0,130.6045630592363,0.8883
375,752559,2.574446992040601,0.3891253691842073,0.0035083755968745834,0.3822489307239418,0.39600180764447285,0.4911668790395804,0.05362238582859184,0.3827053661133798,0.599628391965781,0.4911668790395804,0.03882524019835599,0.41234745109667403,0.5699863069824868,0,0,0,122.46617097386859,0.7729
376,753559,2.5757219914210614,0.42428549659698106,0.0031636795309608755,0.4180846646159257,0.4304863285780364,0.5339242555109548,0.04986362892114246,0.43306554605207753,0.634782964969832,0.5339242555109548,0.035489509743192496,0.4618767204115819,0.6059717906103277,0,0,0,125.83893401711929,0.7473
377,754559,2.5737181652480148,0.3785315091683598,0.0033897680317734394,0.37188754228926324,0.3851754760474564,0.4416449586377488,0.0528121004572017,0.33482240257489765,0.5484675147006,0.4416449586377488,0.04610733588307931,0.348042090511008,0.5352478267644896,0,0,0,185.01208560958239,0.7574
378,755559,2.5759499773996644,0.41482678324020283,0.0032625771434906738,0.40843211131024515,0.4212214551701605,0.44580955188619886,0.04418498324590146,0.35643698747273755,0.5351821162996602,0.44580955188619886,0.03967475553795617,0.3652655161171999,0.5263535876551979,0,0,0,147.8791481726668,0.8499
379,756559,2.575052389417433,0.40006767262032217,0.003245966464253705,0.3937055577272045,0.40642978751343983,0.4327737212520519,0.03459884299975127,0.36279095567267755,0.5027564868314263,0.4327737212520519,0.031536275213532666,0.36875167891357447,0.4967957635905293,0,0,0,94.3914672162546,0.816
380,757559,2.5750477866196264,0.4144100944458451,0.003388315423668159,0.40776897468786394,0.42105121420382624,0.49931890615590785,0.055385813805842114,0.38729052347198434,0.6113472888398314,0.49931890615590785,0.04597801145750239,0.4059785805708472,0.5926592317409686,0,0,0,184.13345532745333,0.8162
381,758559,2.5744026228744756,0.41286260598266655,0.0033294330475619497,0.40633689605596157,0.41938831590937153,0.4952072248818856,0.04376152927903698,0.40669117696225465,0.5837232728015166,0.4952072248818856,0.03529444430055376,0.4235556936841413,0.5668587560796299,0,0,0,112.37562624375413,0.7873
382,759559,2.573152787694291,0.3192712985319205,0.003216105566946189,0.31296771118724614,0.32557488587659483,0.40412681036851444,0.04457692750685885,0.31396146385725415,0.49429215687977474,0.40412681036851444,0.035342464480125436,0.3323777930235057,0.4758758277135232,0,0,0,120.76277074911742,0.7403
383,760559,2.5747273446181365,0.38688133839270566,0.00267217089164838,0.3816438664674927,0.3921188103179186,0.42292526808595826,0.03648449592810932,0.3491284094500534,0.4967221267218631,0.42292526808595826,0.03042911123383907,0.36115088812053,0.48469964805138654,0,0,0,129.67315509389425,0.8375
384,761559,2.5776500330527394,0.4418781953129765,0.003977024503055882,0.43408320201904455,0.44967318860690847,0.5249979122546586,0.05028863066405122,0.4232795556294,0.6267162688799173,0.5249979122546586,0.04163293443836592,0.44047856197500523,0.609517262534312,0,0,0,109.58661484750664,0.8143
385,762559,2.5753011663077,0.42702899686143336,0.0032870890523579786,0.42058628143435983,0.4334717122885069,0.4907514599156564,0.04795962038310546,0.39374397123833904,0.5877589485929737,0.4907514599156564,0.03508575227707521,0.41952359604933853,0.5619793237819742,0,0,0,113.93014379625156,0.677
386,763559,2.574390738123876,0.4718956685604656,0.0031832158385900456,0.4656565452923335,0.4781347918285977,0.5154505829457079,0.046058911526175826,0.4222876408149355,0.6086135250764803,0.5154505829457079,0.03868906383948046,0.436907607708595,0.5939935581828208,0,0,0,147.72169027537464,0.847
387,764559,2.5742936109520578,0.3996242642572269,0.003133984783134493,0.3934816341705762,0.40576689434387764,0.462400136047801,0.04154551247702518,0.37836640519224823,0.5464338669033538,0.462400136047801,0.03387816899821507,0.39362379656991964,0.5311764755256824,0,0,0,116.8546753989962,0.7534
388,765559,2.574804798780224,0.3558816112284836,0.0031408801624889754,0.34972546615448846,0.36203775630247875,0.4186993560779741,0.04100599514179536,0.3357569020375931,0.5016418101183551,0.4186993560779741,0.03114453357181911,0.35547259155216515,0.48192612060378304,0,0,0,98.32431492236539,0.7892
389,766559,2.575334374401868,0.4693408422660486,0.003316443540148717,0.4628405918564021,0.47584109267569513,0.5411830978660371,0.05203878117969541,0.43592472768408735,0.6464414680479869,0.5411830978660371,0.043962490000493855,0.45193449837040817,0.6304316973616662,0,0,0,175.71925314891374,0.7977
390,767559,2.572399874288418,0.40925041559765546,0.002992589547539058,0.4033849210711235,0.4151159101241874,0.4728107224309872,0.044361303826103635,0.38308151598093537,0.562539928881039,0.4728107224309872,0.0354750476436202,0.4007925469546152,0.5448288979073592,0,0,0,140.5243759660583,0.8925
391,768559,2.575516109627814,0.4023100429832176,0.003298029080642077,0.3958458850312,0.4087742009352352,0.4957419932168255,0.047945534503787565,0.3987629959197052,0.5927209905139458,0.4957419932168255,0.03725052983896844,0.4201193972592097,0.5713645891744412,0,0,0,127.57217127413652,0.8002
392,769559,2.576240364800864,0.3871334740012487,0.0031737846363421147,0.38091283594944353,0.3933541120530539,0.4430930056944527,0.05223689521400745,0.3374339120541681,0.5487520993347372,0.4430930056944527,0.045093955850503555,0.3515474084061745,0.5346386029827309,0,0,0,201.87463927499564,0.775
393,770559,2.574429297530587,0.45184911647641524,0.002951847975276102,0.4460634756903694,0.45763475726246106,0.46523715726754844,0.04005175604780628,0.38422483397812324,0.5462494805569736,0.46523715726754844,0.033687090341226945,0.3968487280861381,0.5336255864489587,0,0,0,130.23839294963813,0.8696
394,771559,2.5773099584329904,0.41558445200656247,0.0032926311776178756,0.40913087397876774,0.4220380300343572,0.4759187946996084,0.04667420115833198,0.3815113118166811,0.5703262775825357,0.4759187946996084,0.03581934258927732,0.4032016633244014,0.5486359260748155,0,0,0,118.34476434160321,0.8735
395,772559,2.5754356874087616,0.4280274807291967,0.0028754712696800427,0.422391538771377,0.43366342268701646,0.4586983417859262,0.0431768315106987,0.3713649567332789,0.5460317268385736,0.4586983417859262,0.03563049936282938,0.3863645825419275,0.5310321010299249,0,0,0,153.54149068109763,0.7938
396,773559,2.5762448648976757,0.4321052271681544,0.003519086601673419,0.42520779507043105,0.4390026592658778,0.5167422558494588,0.05325123284006638,0.40903147070309315,0.6244530409958244,0.5167422558494588,0.04483797650138294,0.4257163242672987,0.6077681874316188,0,0,0,162.34245188993168,0.8606
397,774559,2.5752237029114924,0.4174212254812486,0.0034492957388952993,0.4106605839179851,0.4241818670445121,0.4845324583938941,0.049545233388713035,0.3843177646874421,0.5847471521003461,0.4845324583938941,0.04190874515173964,0.39945318259832435,0.5696117341894639,0,0,0,147.62110457558316,0.7026
398,775559,2.5753158534843936,0.36129468665134384,0.002987863824953149,0.355438454571105,0.3671509187315827,0.41651591478300765,0.03832946437017007,0.3389872552315921,0.49404457433442317,0.41651591478300765,0.030556201631397766,0.354483527593891,0.4785483019721243,0,0,0,104.58686229899007,0.9355
399,776559,2.5745944109240764,0.4623424613700381,0.003821589603965944,0.45485212146587484,0.46983280127420135,0.5434546406759876,0.05335750818604328,0.4355288933522907,0.6513803879996845,0.5434546406759876,0.04264810395415989,0.4568743867138028,0.6300348946381724,0,0,0,124.54071723612573,0.7428
400,777559,2.574508006602559,0.4235318268592016,0.0034411676857099968,0.41678711633182275,0.43027653738658045,0.46404267481791817,0.050290647389446476,0.36232023898051435,0.565765110655322,0.46404267481791817,0.046725652809734015,0.36918455659620425,0.5589007930396321,0,0,0,184.3737476205162,0.7596
401,778559,2.5753590515133453,0.382747351726983,0.0036410708837781745,0.37561082966130965,0.3898838737926563,0.4291451538252931,0.05600428549569108,0.3158657940700123,0.5424245135805739,0.4291451538252931,0.05064392255694356,0.32633252512474564,0.5319577825258406,0,0,0,193.46232574883297,0.8461
402,779559,2.574574699085569,0.42956741691490835,0.0033804655672759944,0.42294168292532974,0.43619315090448696,0.5217448482191022,0.05134610050729003,0.4178875569437117,0.6256021394944926,0.5217448482191022,0.0424052135585741,0.43565768797469195,0.6078320084635124,0,0,0,157.35678583475635,0.8622
403,780559,2.5731742025329862,0.35485913093141624,0.0030977357440907854,0.3487875491915987,0.3609307126712338,0.42835654897532077,0.049162796796490466,0.32891540629144717,0.5277976916591943,0.42835654897532077,0.044993314151908395,0.3370152651972732,0.5196978327533683,0,0,0,210.9634571666299,0.8361
404,781559,2.572987013108343,0.40830905782704896,0.003389544745614125,0.4016655285902433,0.4149525870638546,0.49497320669599876,0.04331947537166517,0.40735129720097557,0.582595116191022,0.49497320669599876,0.03426925335056382,0.4254029237737995,0.564543489618198,0,0,0,102.21780284008575,0.8178
405,782559,2.5754992244738104,0.4171676138606709,0.0038996662914208106,0.4095242431530375,0.42481098456830435,0.49405699211609977,0.05601459814753443,0.3807567730535739,0.6073572111786256,0.49405699211609977,0.05156623254121138,0.38937197460418577,0.5987420096280138,0,0,0,174.8541388275414,0.7899
406,783559,2.575520528398837,0.3667977165847757,0.0030025498964964597,0.36091269971100437,0.3726827334585471,0.433207151466077,0.043492899041853036,0.3452344594880454,0.5211798434441087,0.433207151466077,0.034543790575654015,0.3630795283466223,0.5033347745855317,0,0,0,132.36084089570357,0.8111
407,784559,2.5761443703584104,0.39862456209424557,0.0035679912749544862,0.39163127652617646,0.4056178476623147,0.5097193180783605,0.05441355886938201,0.3996575066263757,0.6197811295303451,0.5097193180783605,0.044060360586094346,0.4202720307309614,0.5991666054257595,0,0,0,152.49251485571625,0.8235
408,785559,2.5759101364704025,0.38782232850027154,0.0035652074302867888,0.3808344992854382,0.39481015771510486,0.4705025886417488,0.051073883584703585,0.3671959080639543,0.5738092692195433,0.4705025886417488,0.041978586739426234,0.38528152688529493,0.5557236503982027,0,0,0,138.639192741171,0.9002
409,786559,2.576089324148886,0.43266746810655227,0.0033491168202798693,0.4261031778602597,0.43923175835284484,0.4862796234626579,0.039604917887550745,0.4061711156627075,0.5663881312626082,0.4862796234626579,0.031209935608404772,0.4229200857438527,0.549639161181463,0,0,0,86.8410673156621,0.7546
410,787559,2.5756484252714094,0.4016360909569047,0.0034367493418897394,0.3949000404114854,0.40837214150232404,0.5038928635810624,0.051001356168057344,0.400732883550372,0.6070528436117528,0.5038928635810624,0.040606663816864945,0.4214569534266486,0.5863287737354763,0,0,0,139.60433479195788,0.8034
411,788559,2.574400353793708,0.41624398603447876,0.002973637551231742,0.41041563754112026,0.42207233452783727,0.4916448892070536,0.04112343247920969,0.4084648957306114,0.5748248826834959,0.4916448892070536,0.029373714471748028,0.43201307857579613,0.5512766998383111,0,0,0,97.57569945578973,0.7311
412,789559,2.5765931076085704,0.4186768959431848,0.003547771301243754,0.4117232416520559,0.4256305502343137,0.5203422426206458,0.04985085833148181,0.4195093641175186,0.6211751211237729,0.5203422426206458,0.0355492295490289,0.44817346986997086,0.5925110153713207,0,0,0,100.40356952349575,0.7025
413,790559,2.576330769267828,0.3645239911293718,0.003427821429562941,0.3578054393488363,0.37124254290990727,0.4350510193251282,0.040090635971466816,0.35396005396714314,0.5161419846831132,0.4350510193251282,0.03533009479767253,0.363327113770537,0.5067749248797193,0,0,0,106.23147863097336,0.676
414,791559,2.573455506959444,0.43666347170929,0.0027817436999511575,0.431211236383635,0.44211570703494496,0.5072670458230187,0.037792908618118785,0.43082367271937083,0.5837104189266666,0.5072670458230187,0.02590493577135973,0.45467723033276547,0.5598568613132721,0,0,0,86.722305178702,0.786
415,792559,2.5759527974576604,0.38579836179036786,0.0030918539155053155,0.37973830847194795,0.39185841510878777,0.4848833761246341,0.04500188994989427,0.39385846193848945,0.5759082903107788,0.4848833761246341,0.0347135505172911,0.41441112200176267,0.5553556302475056,0,0,0,126.05501816962024,0.7602
416,793559,2.575234035362026,0.38953977301753573,0.0030495786117262576,0.383562579563118,0.39551696647195345,0.46225757747633833,0.044448451239642216,0.3723520987442173,0.5521630562084593,0.46225757747633833,0.0387549336537054,0.383580879407135,0.5409342755455416,0,0,0,161.50067037966258,0.7115
417,794559,2.576677697683049,0.4521710601083861,0.0035669800603972267,0.44517975652727393,0.45916236368949825,0.5387540058275507,0.050203728167841334,0.43720738071046433,0.6403006309446372,0.5387540058275507,0.033850679829197726,0.4700334723296325,0.607474539325469,0,0,0,90.06030781833019,0.7352
418,795559,2.5762557457361326,0.4500594856324787,0.003336605389865154,0.4435197178692901,0.4565992533956673,0.5076965654064346,0.030822040820601686,0.44535310330160116,0.570040027511268,0.5076965654064346,0.024888633620638565,0.45716995296985824,0.558223177843011,0,0,0,55.640678234631146,0.8305
419,796559,2.575169633707376,0.4771751815645943,0.003363757273836784,0.4705821959363124,0.48376816719287624,0.5639249190964719,0.05164688391431389,0.4594592359547966,0.6683906022381473,0.5639249190964719,0.03695733898498514,0.4888975322160181,0.6389523059769258,0,0,0,120.71245627792827,0.8244
420,797559,2.576425066806047,0.44502573993973127,0.0034804995567764706,0.4382039386951679,0.45184754118429465,0.513882275394783,0.04449050765306444,0.4238917295371036,0.6038728212524624,0.513882275394783,0.03439535945572913,0.44405598346868697,0.5837085673208792,0,0,0,97.65995940045853,0.8162
421,798559,2.5737808597154257,0.4043271201969834,0.0029640452823254736,0.39851757261162546,0.41013666778234137,0.48768233134958505,0.04865724825482567,0.38926375711057465,0.5861009055885954,0.48768233134958505,0.03741143874992414,0.41173307293611194,0.5636315897630582,0,0,0,159.30857483166926,0.7797
422,799559,2.574435693157856,0.40034611986745655,0.0029579412363922642,0.39454853625090963,0.40614370348400347,0.4632227912107591,0.04783439858807085,0.36646858752124895,0.5599769949002692,0.4632227912107591,0.04086260559971735,0.38026729161380607,0.5461782908077122,0,0,0,190.84159080861428,0.8046
423,800559,2.5767621180413083,0.4116647463824678,0.0031554174651485705,0.4054801081028974,0.4178493846620382,0.43836437938892486,0.051190498453243485,0.3348218229753934,0.5419069358024563,0.43836437938892486,0.041507688975991,0.3540992909154162,0.5226294678624335,0,0,0,173.03878524742186,0.7914
424,801559,2.574855058486654,0.4235847891088404,0.0032710399980946307,0.4171735299300904,0.4299960482875904,0.506398389951897,0.05849495892952208,0.3880811676572295,0.6247156122465646,0.506398389951897,0.05088534913203723,0.4030956392471615,0.6097011406566325,0,0,0,241.9991317850957,0.667
425,802559,2.575351167647157,0.3866047194290379,0.0036084193812186824,0.37953219451583187,0.39367724434224394,0.479087728388917,0.054208131670055656,0.36944143266773827,0.5887340241100958,0.479087728388917,0.04701354751532646,0.3836451528428786,0.5745303039349554,0,0,0,169.75087932013457,0.8696
426,803559,2.5747830034295034,0.3781354486219277,0.0034964988654830036,0.37128228863064827,0.38498860861320716,0.4435465165043096,0.04661402154207385,0.3492607583847589,0.5378322746238603,0.4435465165043096,0.04185156615670643,0.35858332023988615,0.528509712768733,0,0,0,143.27045694388556,0.7923
427,804559,2.5760910381981756,0.37734858203461696,0.0030223054659000302,0.37142484411929805,0.3832723199499359,0.41526891150276124,0.03904698697877974,0.3362889254859899,0.4942488975195326,0.41526891150276124,0.03217823125300886,0.349943629118955,0.4805941938865675,0,0,0,113.35681207642057,0.7527
428,805559,2.5738212541591694,0.40734335651607856,0.0035690337770137603,0.4003480276373498,0.41433868539480734,0.44422285500023334,0.04912863965162744,0.34485080166312854,0.5435949083373381,0.44422285500023334,0.044246525149919017,0.35439763349585457,0.5340480765046121,0,0,0,153.69403869208324,0.7676
429,806559,2.5762548289865834,0.39007273765491646,0.002801257702430046,0.38458225476042107,0.39556322054941184,0.47820666877899204,0.042763510443490284,0.3917093044960471,0.5647040330619371,0.47820666877899204,0.03176754485912722,0.41371512409942945,0.5426982134585546,0,0,0,128.6059839053912,0.8528
430,807559,2.575231368950328,0.3855640452497212,0.003689270903340645,0.3783330508394676,0.3927950396599748,0.4603706867454364,0.048364279061488574,0.3625446986336395,0.5581966748572333,0.4603706867454364,0.03690967943328282,0.38544005389875036,0.5353013195921225,0,0,0,100.09201982427655,0.7484
431,808559,2.5742180434239468,0.3611640624762893,0.003990840916388704,0.35334198892444274,0.36898613602813585,0.42869835304609166,0.05115658153666114,0.325224400071767,0.5321723060204163,0.42869835304609166,0.03885999378922307,0.34980837156283084,0.5075883345293525,0,0,0,94.81490654008196,0.8284
432,809559,2.5739691544729135,0.40152945104250864,0.0028582994617624303,0.39592716593730815,0.40713173614770914,0.4919225386713866,0.04720194711034185,0.3964475888432427,0.5873974884995304,0.4919225386713866,0.035869893747110325,0.4191027829898805,0.5647422943528926,0,0,0,157.48700553857984,0.7652
433,810559,2.5752776421069856,0.3977886844598515,0.003194584793613975,0.3915272779676401,0.4040500909520629,0.4877304179136438,0.047572509861845386,0.3915059341727299,0.5839549016545577,0.4877304179136438,0.038998685738640425,0.4085588768042863,0.5669019590230013,0,0,0,149.02910827809848,0.8483
434,811559,2.572944906489033,0.4652947126701374,0.0033103726733743066,0.4588063611979399,0.4717830641423349,0.5460277746231401,0.04853438920446591,0.44785770626973676,0.6441978429765435,0.5460277746231401,0.0409490017345566,0.4628968815478797,0.6291586676984005,0,0,0,153.01459642030682,0.8799
435,812559,2.576407906163891,0.4667118486074514,0.002975833329389421,0.460879196374953,0.4725445008399498,0.5300138470143315,0.04148068744031358,0.44611123717192636,0.6139164568567367,0.5300138470143315,0.03267116876502027,0.4636878482792589,0.5963398457494041,0,0,0,120.53471210408517,0.8797
436,813559,2.5716073644121487,0.44472088872605525,0.0032200993826148223,0.4384094734772958,0.4510323039748147,0.5100697855296566,0.0413429621669461,0.42644575134715146,0.5936938197121618,0.5100697855296566,0.032038573556679245,0.4450280233424103,0.575111547716903,0,0,0,98.99375373122668,0.6989
437,814559,2.575483078316871,0.37839220258466666,0.0034493627600865454,0.3716314296594425,0.3851529755098908,0.46692995571703955,0.052661347922324374,0.36041232543765733,0.5734475859964218,0.46692995571703955,0.03797393233711014,0.38983877461263017,0.5440211368214489,0,0,0,121.19742807094103,0.8083
438,815559,2.5759633104467525,0.41752778886172,0.0030214065615676113,0.41160581280460373,0.42344976491883624,0.4629298544895988,0.04408254072037835,0.3737644996423387,0.5520952093368588,0.4629298544895988,0.03709768497313725,0.38761755010589927,0.5382421588732983,0,0,0,150.75623466471833,0.8353
439,816559,2.574980945976725,0.4271260190997559,0.0028884286965208572,0.4214646805030034,0.4327873576965084,0.47510314014663924,0.03626137570801756,0.4017575847539906,0.5484486955392879,0.47510314014663924,0.028559617302410523,0.41712403463321995,0.5330822456600585,0,0,0,97.76456339793543,0.8525
440,817559,2.574798572688826,0.44688606507377204,0.0030984166211114454,0.4408131488106681,0.452958981336876,0.49986983990450673,0.049033529265145016,0.4006901654825411,0.5990495143264724,0.49986983990450673,0.04124070636160168,0.4161467549531748,0.5835929248558387,0,0,0,177.162811169848,0.8334
441,818559,2.5739804565527376,0.45236303658931015,0.003044891088788526,0.4463950307096325,0.4583310424689878,0.5040101353032214,0.0426354242970047,0.4177718497057553,0.5902484209006874,0.5040101353032214,0.036478831120588216,0.4299541710320099,0.5780660995744328,0,0,0,143.528551346714,0.7907
442,819559,2.574565088434057,0.4103003028307745,0.003327959470587632,0.4037774811243015,0.4168231245372475,0.4721719329496624,0.05150033058334839,0.36800268189983215,0.5763411839994926,0.4721719329496624,0.04386327475283232,0.38312475111491445,0.5612191147844103,0,0,0,173.71849057456615,0.8461
443,820559,2.5752491199320326,0.3560864384991295,0.003112918832039013,0.34998509781046805,0.362187779187791,0.4550010282928302,0.05488486164223457,0.3439859170016084,0.566016139584052,0.4550010282928302,0.04234712294542078,0.36903179826273946,0.5409702583229209,0,0,0,185.05985859885376,0.8564
444,821559,2.5741702183940474,0.3860113578751907,0.003210352964329803,0.37971904566819353,0.39230367008218786,0.46232851654736856,0.05140897368763066,0.3583440522609893,0.5663129808337478,0.46232851654736856,0.03928672998559595,0.38257221452857976,0.5420848185661573,0,0,0,149.75667753908675,0.8017
445,822559,2.575412611152799,0.44088071663798634,0.0032964779054937454,0.4344195989991148,0.44734183427685786,0.5441857057930422,0.06000679062424553,0.4228105152568337,0.6655608963292505,0.5441857057930422,0.04148266042200862,0.45997142798540575,0.6283999836006785,0,0,0,158.35539512109847,0.9083
446,823559,2.5750835021591456,0.4366977451149057,0.003173443118979302,0.43047777643930146,0.44291771379051,0.5108140008384797,0.04259913141759838,0.4246491245186508,0.5969788771583087,0.5108140008384797,0.03416193272807045,0.441461590362869,0.5801664113140904,0,0,0,115.88398719952808,0.8443
447,824559,2.5737654083723958,0.39771202372583453,0.003326146789829229,0.3911927548851648,0.40423129256650425,0.4515738220428915,0.04527485330522791,0.35999678735641066,0.5431508567293722,0.4515738220428915,0.03530317723802116,0.3799045620395577,0.5232430820462253,0,0,0,112.65351909498195,0.8904
448,825559,2.575218069878205,0.39640624636767247,0.002653971516805506,0.39120444533278087,0.40160804740256406,0.453686641237031,0.033999315096126734,0.3849165353046267,0.5224567471694354,0.453686641237031,0.02643385536203523,0.40002306189234044,0.5073502205817215,0,0,0,99.20384463689075,0.7991
449,826559,2.574670817752269,0.37785795532612404,0.003138226340329072,0.3717070117604233,0.38400889889182477,0.45512967178708547,0.03737712713540932,0.37952729611323344,0.5307320474609375,0.45512967178708547,0.0320761446842995,0.390011636155784,0.520247707418387,0,0,0,104.47101182243352,0.8553
450,827559,2.5741798213779328,0.4274283386690003,0.0032098992162422997,0.42113691581113755,0.4337197615268631,0.5311775934248598,0.056111743676607206,0.4176808789827563,0.6446743078669633,0.5311775934248598,0.04216343710647635,0.4455812654727175,0.6167739213770022,0,0,0,172.5397720893145,0.803
451,828559,2.5749937938189165,0.3800105446381718,0.0037304760175395297,0.37269878794229255,0.38732230133405104,0.4432434829378861,0.05576122267720679,0.33045576413855204,0.5560312017372202,0.4432434829378861,0.04832004188717051,0.3451485828093526,0.5413383830664196,0,0,0,167.77455651013048,0.7106
452,829559,2.5743999979808843,0.4767501579998276,0.00391005210553386,0.4690864310305466,0.48441388496910864,0.5388549168767446,0.05551101102809044,0.4265732989081656,0.6511365348453236,0.5388549168767446,0.046149190381717255,0.44516707960048596,0.6325427541530032,0,0,0,139.30383834701536,0.7977
453,830559,2.577015509215725,0.4257692158898578,0.0027149987568989105,0.4204478010766478,0.43109063070306775,0.48295129082816346,0.03807085125701195,0.4059457256725353,0.5599568559837916,0.48295129082816346,0.029553930258236275,0.4229536226999603,0.5429489589563666,0,0,0,118.49259702941532,0.7733
454,831559,2.5744260526304186,0.4187942528995958,0.003751866377362083,0.4114405709625612,0.42614793483663044,0.5207076440966486,0.05809691318237904,0.4031955453204865,0.6382197428728107,0.5207076440966486,0.04282718214485349,0.43376384207976004,0.6076514461135372,0,0,0,130.2999580370851,0.7996
455,832559,2.5753026776535357,0.32984142175859477,0.002891358158459229,0.3241743413978308,0.33550850211935873,0.40233186453340725,0.04068639773801452,0.3200358572597211,0.4846278718070934,0.40233186453340725,0.03536010625183275,0.33054703248778705,0.47411669657902744,0,0,0,149.5627144830262,0.865
456,833559,2.574789323937238,0.40760116778944355,0.0031449454555321533,0.40143705471525504,0.41376528086363207,0.45480854384629893,0.03745134061650859,0.3790560572380831,0.5305610304545147,0.45480854384629893,0.032641561114937684,0.38854265183639586,0.5210744358562021,0,0,0,107.72477780847727,0.9085
457,834559,2.576154472066463,0.4471896385958925,0.0034441436685562874,0.44043909512322704,0.45394018206855796,0.5615932795955739,0.05892919266139721,0.4423977366742689,0.680788822516879,0.5615932795955739,0.0406699998550707,0.4790287904478546,0.6441577687432932,0,0,0,139.4395020454827,0.8127
458,835559,2.574478290051732,0.44218982258683576,0.0034733912355857668,0.43538195369696875,0.44899769147670276,0.5242774036458643,0.06345774015927366,0.39592200881964934,0.6526327984720792,0.5242774036458643,0.05728335892084317,0.4079860025438506,0.640568804747878,0,0,0,271.98787458135746,0.8427
459,836559,2.57599712475965,0.39158172129561336,0.0030218448326816707,0.38565888622432903,0.3975045563668977,0.4432335311871848,0.04586935095858092,0.35045401149528366,0.5360130508790859,0.4432335311871848,0.037020486756494934,0.3680779475151376,0.5183891148592319,0,0,0,150.08591215009108,0.8162
460,837559,2.5752058436416667,0.4219994059249268,0.003631502588889103,0.414881637778028,0.4291171740718256,0.5042228723274824,0.04453032626062326,0.41415178573384526,0.5942939589211196,0.5042228723274824,0.035366388904130824,0.4324252858196215,0.5760204588353434,0,0,0,94.8437507241529,0.8877
461,838559,2.573998508710234,0.4132291399884777,0.003004545748027361,0.4073402112330252,0.4191180687439302,0.4636749035485854,0.03933518505807082,0.3841119818936599,0.5432378252035109,0.4636749035485854,0.0344882815320316,0.39365996977867823,0.5336898373184926,0,0,0,131.76057091370959,0.8452
462,839559,2.576277213029988,0.4105821924105713,0.0032260729792208567,0.4042590688745109,0.4169053159466317,0.4301727769698409,0.04591536504481451,0.3373001850035213,0.5230453689361605,0.4301727769698409,0.03798546346366587,0.3530581864339891,0.5072873675056927,0,0,0,138.63934056244264,0.8419
463,840559,2.574554525869101,0.4019113330839482,0.003556228960423494,0.39494110172709146,0.408881564440805,0.47625526384998873,0.055476033023322685,0.36404439557405444,0.588466132125923,0.47625526384998873,0.0426478520032855,0.3896755213752716,0.5628350063247058,0,0,0,143.81854680301439,0.8139
464,841559,2.574586701635958,0.45609128151771505,0.0033661367508149888,0.4494936320994379,0.4626889309359922,0.5202433522185718,0.04465228548457834,0.4299255798100259,0.6105611246271176,0.5202433522185718,0.031549691343444486,0.45619407368839393,0.5842926307487496,0,0,0,87.84695631174635,0.9089
465,842559,2.5737669115393293,0.42828672823615777,0.002891483653703815,0.42261940190391706,0.4339540545683985,0.4694798841551878,0.036692147286362414,0.3952630110024111,0.5436967573079645,0.4694798841551878,0.030949147137750425,0.4066497751782543,0.5323099931321214,0,0,0,114.56603647147709,0.8691
466,843559,2.5752293065718526,0.43383945431601906,0.0033409121807460983,0.4272912452153407,0.44038766341669744,0.4648198798827906,0.04579029208388769,0.3722002718588798,0.5574394879067014,0.4648198798827906,0.044460545847598676,0.3745601732632427,0.5550795865023386,0,0,0,177.10036682087866,0.8918
467,844559,2.5748630319862307,0.4066098878386697,0.0027434711882428765,0.40123266687912656,0.4119871087982128,0.4497129262675096,0.047822763872957204,0.35298225601061706,0.5464435965244021,0.4497129262675096,0.04376948468429803,0.3608561483944842,0.538569704140535,0,0,0,254.53180646500925,0.7137
468,845559,2.574899535169653,0.4130428609604997,0.003294348880117019,0.40658591622489326,0.4194998056961061,0.49228277259392206,0.045547017123674295,0.4001552346231072,0.5844103105647369,0.49228277259392206,0.03616851625314429,0.4188567809953625,0.5657087641924816,0,0,0,120.53750717470881,0.8259
469,846559,2.575115416629944,0.42955904870882655,0.003374169140799566,0.422945655755146,0.4361724416625071,0.5012459696258472,0.047396819639337874,0.4053768529027385,0.5971150863489559,0.5012459696258472,0.03319705921045971,0.4338523565280969,0.5686395827235975,0,0,0,96.79780912066563,0.7314
470,847559,2.573518324001174,0.4190808894739277,0.0029722606099598188,0.4132552397942105,0.42490653915364485,0.4792747473809463,0.04914451826000514,0.3798705765268531,0.5786789182350395,0.4792747473809463,0.042052181981175794,0.39390427934073513,0.5646452154211574,0,0,0,200.17198611952028,0.7996
471,848559,2.574583893091942,0.41232961638360516,0.0027733167781647055,0.4068938978781919,0.4177653348890184,0.476146856293158,0.0407175022195992,0.39378793426699804,0.5585057783193179,0.476146856293158,0.03498981980304408,0.4051137457029474,0.5471799668833687,0,0,0,159.17851676327308,0.7475
472,849559,2.575557797122282,0.44175490466853207,0.002947638113775887,0.4359775152377739,0.44753229409929024,0.5310199060988855,0.042560728238782534,0.4449327075401479,0.6171071046576231,0.5310199060988855,0.03334103480904338,0.4633340069969759,0.5987058052007951,0,0,0,127.94102419523375,0.7733
473,850559,2.574517453719022,0.4336272919795704,0.0033276710638786896,0.4271050355520793,0.4401495484070615,0.5149493068539663,0.050443716251309105,0.41291726001953266,0.6169813536884,0.5149493068539663,0.0407168374255503,0.4322897323830764,0.5976088813248562,0,0,0,149.7156828099905,0.6962
474,851559,2.5735535132425342,0.4253772394266854,0.003378311638620955,0.41875572715095566,0.4319987517024152,0.4833418395618191,0.05756455529569666,0.36690653624925945,0.5997771428743788,0.4833418395618191,0.050989492745419286,0.37982766608188007,0.5868560130417582,0,0,0,227.80432454951824,0.8841
475,852559,2.574372032034836,0.41124671128268653,0.002812267058030432,0.4057346499812666,0.41675877258410643,0.4556508934450401,0.03977975760078521,0.37518873894466853,0.5361130479454117,0.4556508934450401,0.029623252860238192,0.3955124929529059,0.5157892939371743,0,0,0,110.95640367646928,0.7668
476,853559,2.5749405818322564,0.42453050323536,0.004002759593968064,0.41668506899973284,0.4323759374709872,0.5652305829231627,0.06614722378991332,0.4314351939776655,0.69902597186866,0.5652305829231627,0.05475122633030336,0.454079684268585,0.6763814815777405,0,0,0,187.09780300664187,0.7061
477,854559,2.57566137213711,0.46610759625430015,0.003442618340380889,0.45936004243454964,0.47285515007405066,0.5503106549482603,0.05069933921930984,0.4477615618574986,0.6528597480390219,0.5503106549482603,0.041078725133350306,0.4669164093726292,0.6337049005238913,0,0,0,142.38235033318927,0.7124
478,855559,2.574840599031589,0.4175687201125461,0.003397493954429974,0.4109096103759562,0.424227829849136,0.5235338073710671,0.05058531644928487,0.42121534710191244,0.6258522676402218,0.5235338073710671,0.03205780584753425,0.45845300155767765,0.5886146131844566,0,0,0,89.03283520205206,0.8653
479,856559,2.5753185703988315,0.44941586364683883,0.0032746147513748017,0.44299759792894755,0.4558341293647301,0.5120381811693331,0.0445486699170731,0.42192999102835455,0.6021463713103117,0.5120381811693331,0.03243296774294049,0.44619575621770197,0.5778806061209641,0,0,0,98.09637352927251,0.7619
480,857559,2.5758716357768963,0.36482379675491056,0.0037076713592743096,0.3575567373341201,0.37209085617570103,0.4767146693198173,0.05007715743778118,0.375424057669166,0.5780052809704687,0.4767146693198173,0.04196319458651183,0.3915248552950278,0.5619044833446069,0,0,0,128.0957206809397,0.7547
481,858559,2.573135859303769,0.38895496113233086,0.004118936329111788,0.38088181975769553,0.3970281025069662,0.4828934944832609,0.06366630857840833,0.3541162302094559,0.611670758757066,0.4828934944832609,0.05168034178010358,0.3779768229007852,0.5878101660657366,0,0,0,157.42749935382594,0.8055
482,859559,2.57387342690043,0.4100854266100429,0.0031376590949825285,0.40393559484882535,0.4162352583712604,0.45846478101332744,0.0430283615909788,0.3714317047191961,0.5454978573074587,0.45846478101332744,0.036162291228894056,0.3850514268858518,0.5318781351408031,0,0,0,132.83128283551807,0.7073
483,860559,2.575133013695473,0.44956640947486165,0.0034589888126474308,0.44278676942545925,0.45634604952426405,0.47720229839706635,0.04364684858194099,0.388918214082155,0.5654863827119777,0.47720229839706635,0.036829142715464995,0.40243516377973754,0.5519694330143952,0,0,0,113.36654333233507,0.7812
484,861559,2.5740893802290734,0.4310354954053037,0.0033368148185876304,0.42449531716048844,0.437575673650119,0.528787159266643,0.05320816073465828,0.42116349567679323,0.6364108228564928,0.528787159266643,0.03716529917614299,0.4533375907533592,0.6042367277799268,0,0,0,124.05408085830452,0.9033
485,862559,2.5751771488306563,0.4620734967539839,0.003378735656111036,0.4554511534012796,0.4686958401066882,0.5042540989890801,0.045078599871740836,0.4130740243405397,0.5954341736376206,0.5042540989890801,0.0359277119004746,0.4313169662160325,0.5771912317621278,0,0,0,113.07085836334211,0.8604
486,863559,2.5758377055482784,0.42147807770936396,0.0030648161802112445,0.4154710185239041,0.4274851368948238,0.45548899223656697,0.042298888027001436,0.3699314154966995,0.5410465689764344,0.45548899223656697,0.03421469658370328,0.38602946543931105,0.5249485190338229,0,0,0,124.62825737424616,0.8194
487,864559,2.573783215063652,0.42358003610026246,0.0031065710379509716,0.4174911371283441,0.4296689350721808,0.4921998421723719,0.041378630396640845,0.40850366218552936,0.5758960221592144,0.4921998421723719,0.031017678498222186,0.42923060713721084,0.555169077207533,0,0,0,99.69101141587842,0.7038
488,865559,2.575121605172243,0.4123251827641522,0.0031936689548639078,0.4060655713217097,0.4185847942065947,0.4722675460149407,0.053916083818936526,0.3632119728304369,0.5813231191994446,0.4722675460149407,0.045302315960486506,0.380298955215455,0.5642361368144264,0,0,0,201.21530729271618,1.0432
489,866559,2.573860184114203,0.471221567222884,0.0036802182643603247,0.4640083160425476,0.4784348184032204,0.538631626819467,0.0472188722070583,0.443122442751874,0.63414081088706,0.538631626819467,0.03914031458772418,0.4591725638607156,0.6180906897782183,0,0,0,113.11012210770214,0.7348
490,867559,2.5751912018623058,0.428457143959196,0.00351023434346532,0.4215770623438031,0.43533722557458887,0.5012118978239031,0.04599146777163279,0.4081853735630581,0.594238422084748,0.5012118978239031,0.038993120420903735,0.4220516549102061,0.5803721407376001,0,0,0,123.39676094074473,0.7914
491,868559,2.5753476340338444,0.40270361262560467,0.0033987314621215328,0.39604207736607683,0.4093651478851325,0.44196961428567794,0.045986478971588286,0.3489531808253849,0.534986047745971,0.44196961428567794,0.04198438311723602,0.3567367852566773,0.5272024433146786,0,0,0,152.59554308996954,0.7857
492,869559,2.5734672559847853,0.4352618954333399,0.0033134617681232783,0.4287674893158079,0.44175630155087187,0.4935558955750747,0.04421206758556511,0.40412854791370056,0.5829832432364488,0.4935558955750747,0.038029910002760126,0.4163510737678243,0.570760717382325,0,0,0,131.73059926014847,0.7541
493,870559,2.5756689688041297,0.47004165098371364,0.0033729954897492908,0.4634305583935484,0.4766527435738789,0.5498703311548253,0.04723505696695875,0.4543284103203387,0.6454122519893118,0.5498703311548253,0.0369763521879408,0.4748043454203098,0.6249363168893408,0,0,0,120.17568558884938,0.7929
494,871559,2.5760967156738515,0.444798729296747,0.003188705395864617,0.438548846461479,0.451048612132015,0.5296910128975786,0.04119702124252939,0.44636217209775286,0.6130198536974043,0.5296910128975786,0.030298928208687514,0.46818091852363414,0.5912011072715231,0,0,0,90.28710727611364,0.6828
495,872559,2.575909695626382,0.4256317678175699,0.0033040542281401416,0.4191558005381754,0.4321077350969644,0.4970051707716888,0.04647311198710432,0.4030044291295214,0.5910059124138562,0.4970051707716888,0.04033704199262771,0.4151166220202883,0.5788937195230893,0,0,0,149.04374732580408,0.7436
496,873559,2.575813949773124,0.39907304940170085,0.003471384281478971,0.3922691141546343,0.4058769846487674,0.4721330215290732,0.049164611348047074,0.37268820856824214,0.5715778344899043,0.4721330215290732,0.03402415967784865,0.40306030521501707,0.5412057378431294,0,0,0,96.0659386374336,0.6347
497,874559,2.574647916244202,0.3567336201700271,0.0032963158615581596,0.35027282013829886,0.3631944202017553,0.4315747207286088,0.04518081900786057,0.340187888361585,0.5229615530956326,0.4315747207286088,0.03780326930237066,0.3548300040040834,0.5083194374531342,0,0,0,131.52281021082305,0.7669
498,875559,2.575383916063717,0.42944823412333133,0.00321749705560277,0.4231419194520493,0.43575454879461334,0.49807569447165,0.048828208517950736,0.3993113204607295,0.5968400684825705,0.49807569447165,0.037243275793362667,0.4224678250095304,0.5736835639337696,0,0,0,133.98600244060447,0.791
499,876559,2.574610120495558,0.4692517626418726,0.00326103484361585,0.46286011362946855,0.4756434116542767,0.5419610351974854,0.043388542222225546,0.4541994248109582,0.6297226455840126,0.5419610351974854,0.032375621361277536,0.4762350295899247,0.6076870408050461,0,0,0,98.56559459607469,0.7593
500,877559,2.5754036729003795,0.391315711440834,0.0037952437866484133,0.3838770095060007,0.3987544133756673,0.45702517432525813,0.04597433160218305,0.36403331123876337,0.5500170374117529,0.45702517432525813,0.04159704092055372,0.3725786917606881,0.5414716568898281,0,0,0,120.12835193888182,0.6417
501,878559,2.575223283062244,0.42483500114120765,0.003986004017121354,0.4170224079426562,0.4326475943397591,0.4915577904721761,0.05010378826558635,0.39021331288793026,0.592902268056422,0.4915577904721761,0.044255112882938125,0.40171513494290956,0.5814004460014427,0,0,0,123.26830992484429,0.8377
502,879559,2.5737508265143987,0.3729746260261624,0.003751695732859045,0.3656212785534379,0.38032797349888686,0.4441018940199534,0.047583310331346315,0.34785556426744785,0.540348223772459,0.4441018940199534,0.04281806709558677,0.35717659653684763,0.5310271915030592,0,0,0,130.2563481227851,0.7347
503,880559,2.573232553076924,0.41614072395949075,0.003568944446109673,0.40914557016990155,0.42313587774907996,0.4926654429209232,0.05322792689022111,0.38500179850769245,0.6003290873341539,0.4926654429209232,0.03861854309488603,0.41426563240651754,0.5710652534353289,0,0,0,117.08794825831826,0.8252
504,881559,2.5758233762491196,0.4567000303770594,0.003209493513552935,0.4504094026990454,0.46299065805507345,0.5222973094092197,0.04029340032307517,0.4407962144383293,0.6037984043801101,0.5222973094092197,0.027331502515974625,0.46681140946054545,0.577783209357894,0,0,0,72.51936785081315,0.8383
505,882559,2.575245675358039,0.4057600466093597,0.003338775748048241,0.3992160249303429,0.4123040682883765,0.4567303941110565,0.043752258567916785,0.36823309797463066,0.5452276902474823,0.4567303941110565,0.03576665623587457,0.38412022171960297,0.52934056650251,0,0,0,114.75779123152196,0.5986
506,883559,2.5742307479764444,0.4682801249988488,0.003255632339433605,0.4618990649289666,0.474661185068731,0.5182646862065381,0.04712540627051105,0.422944554840132,0.6135848175729443,0.5182646862065381,0.03869511703453715,0.4397094223301493,0.5968199500829269,0,0,0,141.26729241541986,0.7673
507,884559,2.576202246792478,0.43489517377199755,0.003191751790155921,0.42863931998456334,0.44115102755943175,0.4885595780530771,0.052307487397957146,0.38275769824329187,0.5943614578628623,0.4885595780530771,0.04249358855748785,0.402293007022713,0.5748261490834412,0,0,0,177.2509599125102,0.718
508,885559,2.5755551727147625,0.4144245901432511,0.003680981808524722,0.4072098424115013,0.4216393378750009,0.46838644078261205,0.06187838231913051,0.34322559871914354,0.5935472828460806,0.46838644078261205,0.05662807379342715,0.35342533921303015,0.583347542352194,0,0,0,236.66619928926812,0.6397
509,886559,2.573122286387656,0.38657018567009055,0.00319161709222604,0.3803145958914547,0.3928257754487264,0.4593672840932162,0.049273214168144425,0.3597028011942838,0.5590317669921486,0.4593672840932162,0.03872228808737362,0.38075686004704523,0.5379777081393872,0,0,0,147.19750847400738,0.8947
510,887559,2.5755247208875853,0.41261745787649146,0.0032304704365517306,0.4062857152961234,0.4189492004568595,0.48887077597144457,0.03648283742051699,0.4150772719837875,0.5626642799591016,0.48887077597144457,0.028221896749685012,0.4315772796296465,0.5461642723132427,0,0,0,76.32043822060258,0.7021
511,888559,2.5736215090032015,0.463747434894729,0.0031811533355796495,0.4575123541456014,0.4699825156438567,0.5561617959600557,0.05076734991629658,0.4534751382500336,0.6588484536700777,0.5561617959600557,0.04240791138651967,0.4700691588337441,0.6422544330863672,0,0,0,177.7151944879191,0.6572
512,889559,2.574688042889454,0.45458993968440087,0.0033180664405711466,0.44808650837961533,0.4610933709891864,0.5132835180403333,0.046387909745977673,0.4194551141976596,0.6071119218830071,0.5132835180403333,0.036093963770328766,0.44000887602820826,0.5865581600524584,0,0,0,118.33112679822779,0.8641
513,890559,2.575481010261018,0.44115411932265775,0.0031817975672134686,0.43491777587543473,0.44739046276988076,0.5038635335698263,0.043815049468059926,0.41523923084981995,0.5924878362898326,0.5038635335698263,0.03477397925794799,0.4332686025814531,0.5744584645581995,0,0,0,119.44382171451021,0.8054
514,891559,2.5751947465849856,0.3940505709704965,0.0031352337513889917,0.3879054928981317,0.4001956490428613,0.4473369588450034,0.039573798890793856,0.36729139515723386,0.527382522532773,0.4473369588450034,0.03411169455732714,0.3780865372781195,0.5165873804118872,0,0,0,118.3768384931316,0.8776
515,892559,2.5747824665659853,0.48572942780253925,0.003264524102746626,0.4793309398200699,0.4921279157850086,0.5187061905028106,0.04983946591589238,0.4178963553352535,0.6195160256703678,0.5187061905028106,0.039194496351222706,0.4391371327164143,0.598275248289207,0,0,0,144.1485962129061,0.6607
516,893559,2.574099172680979,0.4141849803295016,0.003369013461769283,0.40758169253947685,0.4207882681195263,0.4993340554339791,0.047464800029274445,0.4033274353934051,0.595340675474553,0.4993340554339791,0.041027941121925614,0.4160429068825696,0.5826252039853885,0,0,0,148.30437212914526,0.8012
517,894559,2.5749572492132615,0.38124001726740225,0.003053581255395422,0.37525497860596224,0.38722505592884227,0.4264453214993776,0.045357781382522125,0.33470054894393764,0.5181900940548175,0.4264453214993776,0.04250628240642343,0.34015298058564936,0.5127376624131058,0,0,0,193.7703325381735,0.7132
518,895559,2.5749428011635658,0.4199631767070647,0.003187432648464347,0.41371578846478757,0.4262105649493418,0.5052870149064608,0.04773155185248721,0.40874083837517106,0.6018331914377505,0.5052870149064608,0.03569535474017515,0.4328215922467228,0.5777524375661988,0,0,0,125.41265764433456,0.7665
519,896559,2.575436684423951,0.42290881159630883,0.002903786528098289,0.41721737155208893,0.42860025164052873,0.5016660295317394,0.050761400068003656,0.39899140652583504,0.6043406525376438,0.5016660295317394,0.038186003473462495,0.4241443211320681,0.5791877379314108,0,0,0,172.9334650094216,0.6432
520,897559,2.5748692368087442,0.4396547631764435,0.003261309389829715,0.4332625760517159,0.44604695030117103,0.5240920117274214,0.044026506374313795,0.4350399970431563,0.6131440264116864,0.5240920117274214,0.03001573045704677,0.46315683935434543,0.5850271841004973,0,0,0,84.7059332597145,0.7874
521,898559,2.5737374929341117,0.3774610010822921,0.003167601326644437,0.3712524823567799,0.3836695198078043,0.48737118489307907,0.04571422346426344,0.394905440175382,0.5798369296107762,0.48737118489307907,0.03829614428877002,0.40962587875102796,0.5651164910351302,0,0,0,146.16691107636728,0.7013
522,899559,2.574527964862122,0.3654848954626506,0.003520736754370653,0.3585842290551564,0.3723855618701448,0.4413462136661799,0.05224567017769854,0.33566937098651367,0.547023056345846,0.4413462136661799,0.04265051758848633,0.3547610597658131,0.5279313675665467,0,0,0,146.75114679789738,0.8022
523,900559,2.575907346205761,0.4143376350042379,0.0036174614969952945,0.4072473874866608,0.42142788252181507,0.4930714313258859,0.053213016821679955,0.38543794537291043,0.6007049172788613,0.4930714313258859,0.04793781331595367,0.3957524964501835,0.5903903662015882,0,0,0,175.6097420329815,0.7213
524,901559,2.575843941456787,0.388924615790099,0.003439001980990965,0.3821841500577292,0.3956650815224688,0.470013966265385,0.04837856491568081,0.37215908228602845,0.5678688502447415,0.470013966265385,0.036356820256894684,0.39620569721589044,0.5438222353148796,0,0,0,111.7652861144767,0.6421
525,902559,2.57527134944981,0.4601120341566036,0.003016964091390341,0.45419876536925996,0.4660253029439473,0.5481884448849357,0.040580534300974504,0.46610656662411426,0.6302703231457571,0.5481884448849357,0.030050045975953586,0.487183608304865,0.6091932814650064,0,0,0,99.20875494537535,0.7956
526,903559,2.574390151733093,0.39000478571462643,0.0032353075621595045,0.38366356233733456,0.3963460090919183,0.46889074977954154,0.04023678226274115,0.38750417564519885,0.5502773239138843,0.46889074977954154,0.03343766409637107,0.4010086827953268,0.5367728167637562,0,0,0,106.8170834263662,0.7198
527,904559,2.573130202548981,0.390152516684182,0.0032462153683558152,0.38378991393744283,0.39651511943092116,0.46433700156161395,0.04362269524091635,0.3761017719902816,0.5525722311329463,0.46433700156161395,0.03822002043880093,0.38674623505091404,0.5419277680723138,0,0,0,138.62040743147446,0.745
528,905559,2.5749847196599522,0.4420500191420557,0.003390865108874616,0.43540390198487056,0.4486961362992409,0.5032802053323551,0.04267978443945209,0.4169521928775491,0.589608217787161,0.5032802053323551,0.03706148262188586,0.42804139562895227,0.5785190150357579,0,0,0,119.46056127170723,0.7169
529,906559,2.5767952338242748,0.38534607055606607,0.003457504552355723,0.3785693396662656,0.39212280144586653,0.46407864575507235,0.04455873792327593,0.3739500911493645,0.5542072003607802,0.46407864575507235,0.03578530762373715,0.3914306090332461,0.5367266824768986,0,0,0,107.12331127795363,0.7749
530,907559,2.574451159597131,0.37694714307002886,0.0029252378407317054,0.37121365831675696,0.38268062782330076,0.40249580061195867,0.040799313500426544,0.3199713996509127,0.48502020157300463,0.40249580061195867,0.037518586106753425,0.3263290214998954,0.47866257972402193,0,0,0,164.50176481632286,0.6681
531,908559,2.5755833028601356,0.49225330682839724,0.0031377747248671857,0.48610324843187114,0.49840336522492334,0.546619928568831,0.047482382694815375,0.4505777442303174,0.6426621129073447,0.546619928568831,0.041675586151513455,0.4620139907081634,0.6312258664294986,0,0,0,176.40866471256513,0.8237
532,909559,2.5771796280782744,0.4284987489550174,0.003025510179296849,0.4225687297810796,0.43442876812895515,0.5131932229709448,0.044325197981592346,0.42353704748474624,0.6028493984571434,0.5131932229709448,0.03152881407155375,0.4491863275559526,0.5772001183859371,0,0,0,108.59705151178184,0.6746
533,910559,2.576548025022583,0.478388922888665,0.0033026518985870674,0.4719157041841043,0.48486214159322577,0.5475159456720314,0.052753997665782065,0.4408109135978136,0.6542209777462493,0.5475159456720314,0.04337100848566283,0.45946811748907446,0.6355637738549884,0,0,0,172.45406627033523,0.7774
534,911559,2.5749888252167468,0.36646170130749134,0.0033251623085472546,0.3599443620563892,0.3729790405585935,0.4259590075464899,0.043180143329733287,0.33861892370755253,0.5132990913854273,0.4259590075464899,0.038094609603169405,0.3486228385674941,0.5032951765254857,0,0,0,131.25061783159737,0.6943
535,912559,2.572688494328938,0.3889382646100339,0.0030431648137647536,0.38297364224037067,0.3949028869796971,0.451866909687742,0.04734298317576583,0.3561066874906674,0.5476271318848167,0.451866909687742,0.03920234605642937,0.3722819161525712,0.5314519032229128,0,0,0,165.9484378361955,0.788
536,913559,2.5749612176307024,0.41628903878027546,0.0031004989662621173,0.410212041107446,0.4223660364531049,0.500903318585678,0.047185959653343434,0.40546070644163934,0.5963459307297168,0.500903318585678,0.036879165349812816,0.4260346326217677,0.5757720045495883,0,0,0,141.4812816316165,0.6702
537,914559,2.574432040065361,0.38228344608124926,0.0029329991931745128,0.37653474902787787,0.38803214313462064,0.4104944968854986,0.0391225707546902,0.331361628251491,0.4896273655195062,0.4104944968854986,0.034756945349410484,0.3399341465698965,0.4810548472011007,0,0,0,140.429812191961,0.7928
538,915559,2.574526499860823,0.3479288220590346,0.0032343934585435143,0.3415893903306378,0.3542682537874314,0.3876327256009817,0.044514452271796415,0.2975937471804094,0.47767170402155407,0.3876327256009817,0.03684869457069901,0.31282589860733034,0.4624395525946331,0,0,0,129.7951646517802,0.7331
539,916559,2.5748055893290993,0.39123771779684496,0.0032439560999834574,0.3848795432304698,0.3975958923632201,0.4715727006538039,0.04982016422767983,0.37080190683573566,0.5723434944718722,0.4715727006538039,0.04386574788406856,0.38252049809572564,0.5606249032118822,0,0,0,182.8525999016421,0.8809
540,917559,2.5751357539511215,0.43770742699127324,0.0038193230153402325,0.4302215296152171,0.4451933243673294,0.5121186657623662,0.04735023368964424,0.4163437780167041,0.6078935535080283,0.5121186657623662,0.038152166180337996,0.43466565071973745,0.5895716808049949,0,0,0,99.78508286597533,0.6806
541,918559,2.5747766320512966,0.3681385762397681,0.003612586303848995,0.3610578841317322,0.375219268347804,0.43846007314089047,0.05908443280161857,0.3189505273975345,0.5579696188842465,0.43846007314089047,0.05314005961109057,0.33058001681671967,0.5463401294650613,0,0,0,216.37526478483974,0.7682
542,919559,2.5755470520466885,0.4599476877378307,0.00313240385386624,0.45380815628259014,0.4660872191930712,0.52170825824241,0.04912243401182827,0.42234875699658,0.6210677594882399,0.52170825824241,0.03456145620482111,0.4515447719891256,0.5918717444956942,0,0,0,121.73867373606166,0.7814
543,920559,2.5749194542849643,0.4304743359547156,0.003101553102736717,0.42439527216769857,0.4365533997417327,0.48997306205307856,0.03743328281697715,0.4142571007920108,0.5656890233141463,0.48997306205307856,0.03291554619284817,0.4231509507642871,0.55679517334187,0,0,0,112.62730431838982,0.7053
544,921559,2.5743976164073774,0.4093558818906738,0.0031739542182776755,0.4031349114571975,0.4155768523241501,0.4856207569853372,0.04254201574726927,0.39957140801327473,0.5716701059573996,0.4856207569853372,0.03252762592819926,0.41958616570133844,0.5516553482693359,0,0,0,105.02759420859812,0.7518
545,922559,2.575386879946355,0.4471138882565814,0.002922755162407254,0.4413852695685991,0.4528425069445637,0.5038701363097169,0.0407801384176499,0.42138452061449416,0.5863557520049396,0.5038701363097169,0.02995067765183334,0.4430670281522597,0.5646732444671742,0,0,0,105.00946200652062,0.7901
546,923559,2.575881186002089,0.4213666389802799,0.0036171744048077914,0.4142769541652143,0.42845632379534543,0.5007594317976869,0.04578066300819015,0.4081593004177579,0.593359563177616,0.5007594317976869,0.03691330894106213,0.42582143065848244,0.5756974329368914,0,0,0,104.14227406123112,0.5939
547,924559,2.5755880895592504,0.4559216101522837,0.003166792371469149,0.44971467698405476,0.4621285433205127,0.5554113497588816,0.04681519419513587,0.4607186815406227,0.6501040179771406,0.5554113497588816,0.03682386617232504,0.48065492709361496,0.6301677724241482,0,0,0,135.2133543766211,0.7605
548,925559,2.5758352638620923,0.4690575582405799,0.0036113388451102266,0.4619793111595976,0.47613580532156213,0.5641301401769606,0.060667952739695954,0.4414176230331583,0.6868426573207629,0.5641301401769606,0.0471310169431574,0.46844908901415555,0.6598111913397656,0,0,0,170.32450775073963,0.7125
549,926559,2.574852178035202,0.47457388743724893,0.0034738308610547087,0.4677651568786696,0.48138261799582827,0.541901162181793,0.04237379871155654,0.45619206428046216,0.6276102600831237,0.541901162181793,0.03575040481729491,0.46932398192404334,0.6144783424395426,0,0,0,105.91185866555493,0.7404
550,927559,2.5750343296614973,0.4516944475828366,0.0035506216105241693,0.44473520666740873,0.4586536884982645,0.552790673378073,0.05133011558404347,0.4489657146617908,0.6566156320943551,0.552790673378073,0.036995155094909166,0.4776865157130468,0.6278948310430992,0,0,0,108.56277118380888,0.8023
551,928559,2.5764042669241594,0.42552670978393553,0.002981604605855314,0.4196827458128963,0.4313706737549748,0.4777000822357478,0.04284910528898862,0.39102958603601135,0.5643705784354842,0.4777000822357478,0.03464745409620493,0.4073620109813524,0.5480381534901432,0,0,0,135.03382036376527,0.8174
552,929559,2.573605105127542,0.4220486990361892,0.0032573748683461827,0.41566422359856725,0.42843317447381113,0.47404270877180976,0.05618036946689485,0.36040718556681106,0.5876782319768085,0.47404270877180976,0.048147806002583886,0.37629746607810477,0.5717879514655148,0,0,0,218.4829350184724,0.6976
553,930559,2.574848419699373,0.4359718220348633,0.0034103104375403453,0.4292875919099478,0.44265605215977877,0.5167949298233244,0.047168460290875416,0.42138771348085624,0.6122021461657926,0.5167949298233244,0.03318880327411497,0.4494180771674027,0.5841717824792462,0,0,0,94.70989545694373,0.6975
554,931559,2.575051988904841,0.4421373170943605,0.003157266223882476,0.4359490552359256,0.4483255789527954,0.47587891885007927,0.04915631687876603,0.37645088303694946,0.575306954663209,0.47587891885007927,0.03771956781405602,0.3993041251805877,0.5524537125195709,0,0,0,142.72860096629893,0.7294
555,932559,2.575234163441265,0.4340213573849614,0.0032436799885362418,0.42766372399877706,0.44037899077114573,0.5078253626656518,0.046734154082866644,0.41329661354663855,0.602354111784665,0.5078253626656518,0.03513358622181315,0.4365003907288819,0.5791503346024217,0,0,0,117.31916447794636,0.796
556,933559,2.573385448770235,0.44072140523328335,0.003575289387590095,0.43371381531808006,0.44772899514848663,0.5273176445244361,0.05488530328309442,0.4163016399302572,0.6383336491186149,0.5273176445244361,0.03489800144960055,0.45647093510151004,0.5981643539473621,0,0,0,95.27494639577463,0.7756
557,934559,2.5742045823274102,0.4119118839013125,0.003427652837619309,0.4051936625620577,0.4186301052405673,0.5224578051913478,0.0559337528467701,0.40932111118460557,0.63559449919809,0.5224578051913478,0.044429980231966815,0.43226015007042595,0.6126554603122696,0,0,0,168.01907220285267,0.716
558,935559,2.574343948082922,0.375951381885038,0.003288726103641087,0.36950545782704863,0.3823973059430274,0.4453505576790635,0.043063769018630786,0.35824586310251866,0.5324552522556083,0.4453505576790635,0.037341286868791186,0.3695437151556601,0.5211574002024669,0,0,0,128.92084709416415,0.7858
559,936559,2.5751418346213852,0.3599928155148802,0.003029289315958826,0.3540553892090743,0.3659302418206861,0.4246215909461524,0.04387209551634088,0.3358819017022643,0.5133612801900406,0.4246215909461524,0.03694855138856489,0.34961204383486166,0.4996311380574432,0,0,0,148.7693021452667,0.6848
560,937559,2.5758774406774583,0.41765693767758044,0.003662406754103942,0.4104785971705116,0.4248352781846493,0.5083430249441832,0.05650940777566606,0.39404195893968874,0.6226440909486776,0.5083430249441832,0.04705930226236549,0.4128075623234257,0.6038784875649406,0,0,0,165.10408356238906,0.7314
561,938559,2.5747739788229924,0.3992486044583501,0.00309026405496951,0.3931916672766815,0.4053055416400187,0.4390522779177233,0.03879788427945447,0.36057614966903373,0.5175284061664128,0.4390522779177233,0.03216335304966537,0.3737571998924828,0.5043473559429638,0,0,0,108.32568778278257,0.8114
562,939559,2.5752616220648905,0.40752954727640434,0.0038271443917370636,0.40002831995291743,0.41503077459989124,0.4674180968882285,0.039505613940600856,0.38751045028009745,0.5473257434963595,0.4674180968882285,0.03580350436622691,0.3947331188152055,0.5401030749612515,0,0,0,87.51880468211985,0.7946
563,940559,2.574564333322449,0.42261228287554675,0.003070142576241921,0.41659478392002564,0.42862978183106787,0.49171774966174264,0.04079718236430455,0.40919765933038,0.5742378399931053,0.49171774966174264,0.028511037512556795,0.4338372663648582,0.5495982329586271,0,0,0,86.24004097596041,0.7028
564,941559,2.573624032080575,0.39943713611175014,0.0036187299355765054,0.3923444024464948,0.40652986977700545,0.4864626409034836,0.05380004818336052,0.3776417719454601,0.5952835098615071,0.4864626409034836,0.04696190355315049,0.3911249081745049,0.5818003736324624,0,0,0,168.41432864490105,0.7398
565,942559,2.5774985633135397,0.3768783534476864,0.002899748803413492,0.37119482736950227,0.3825618795258705,0.45324283315936775,0.034343771852695146,0.3837759976731072,0.5227096686456283,0.45324283315936775,0.026201607803754585,0.4000507414240595,0.506434924894676,0,0,0,81.64604039815696,0.7423
566,943559,2.575463838646832,0.4083614639060195,0.0034040972770251754,0.40168941161518895,0.4150335161968501,0.49578883545217484,0.04797136806605174,0.39875758484323054,0.5928200860611191,0.49578883545217484,0.04026025593156911,0.41405617069210854,0.5775215002122411,0,0,0,139.87791118490864,0.6826
567,944559,2.574461201780345,0.43120035885119185,0.00312428456334871,0.42507674125695144,0.43732397644543225,0.49440903235655953,0.05368505822240341,0.3858207525484593,0.6029973121646597,0.49440903235655953,0.04364685368655711,0.40580120864429725,0.5830168560688218,0,0,0,195.16625086935028,0.7231
568,945559,2.5742885946549436,0.43479922058062653,0.0033250028042686426,0.42828219395892386,0.4413162472023292,0.4971751932475901,0.04316432659628971,0.40986710177177366,0.5844832847234065,0.4971751932475901,0.03696837144188328,0.4221254092889193,0.5722249772062609,0,0,0,123.61654649239146,0.8192
569,946559,2.575410661538893,0.4463270473505663,0.0034269077937508986,0.43961028630202714,0.4530438083991054,0.5187073202774042,0.05060204541382268,0.41635502248357725,0.6210596180712311,0.5187073202774042,0.040410932457545345,0.43666876590735226,0.6007458746474561,0,0,0,139.05701572100668,0.7587
570,947559,2.575080268866828,0.42528407362083054,0.0034506220893560065,0.41852083240223714,0.43204731483942393,0.5184779897583283,0.04815916973676389,0.4210668744152668,0.6158891051013897,0.5184779897583283,0.03645513310642907,0.44447013501354504,0.5924858445031115,0,0,0,111.61500428654871,0.7141
571,948559,2.573399620449686,0.4321090813495139,0.003059812893163081,0.42611182863845676,0.4381063340605711,0.4504970684459711,0.04337482193602216,0.3627632099577678,0.5382309269341744,0.4504970684459711,0.03641059579430366,0.3765796292516367,0.5244145076403055,0,0,0,141.60084020985548,0.7262
572,949559,2.5772252249154604,0.44083327141349127,0.0033095178832311554,0.4343465953354052,0.44731994749157733,0.5230339351429958,0.05799616256809409,0.405725623719536,0.6403422465664556,0.5230339351429958,0.04877624634731518,0.42401289072301945,0.6220549795629722,0,0,0,217.2137365881245,0.683
573,950559,2.576965746433082,0.441636401843229,0.0033197862401785423,0.43512959972028625,0.44814320396617174,0.5225561549444503,0.04801804997898563,0.4254304812540847,0.6196818286348159,0.5225561549444503,0.038713766944086125,0.443963029738825,0.6011492801500755,0,0,0,135.99114220894407,0.8173
574,951559,2.5752258105597527,0.4453171728374305,0.003596696368503299,0.4382676251036285,0.4523667205712325,0.5150615049487366,0.045131311135174525,0.42377481170626513,0.606348198191208,0.5150615049487366,0.04080982971724275,0.4322131460892157,0.5979098638082575,0,0,0,128.7425219892966,0.6687
575,952559,2.574873719016119,0.39143425826053335,0.003419817585214751,0.38473139406577256,0.39813712245529415,0.43464926806143894,0.04194520153636909,0.3498070897747132,0.5194914463481647,0.43464926806143894,0.03578687813727046,0.36199804302763733,0.5073004930952405,0,0,0,109.5069659797385,0.7166
576,953559,2.574631377303086,0.4840317116056421,0.0029748586418270793,0.4782009697669586,0.48986245344432566,0.526422608261229,0.04356157695373786,0.43831100209442087,0.6145342144280371,0.526422608261229,0.03471752076261402,0.4559422941118504,0.5969029224106076,0,0,0,136.19612142290538,0.5911
577,954559,2.5760188690716954,0.4520506142410899,0.003687297388417293,0.4448234879326248,0.459277740549555,0.4758616018348049,0.043162402200051624,0.38855740281778584,0.563165800851824,0.4758616018348049,0.04024912195560161,0.39415154024762317,0.5575716634219867,0,0,0,119.1506702073296,0.7365
578,955559,2.5744130925640034,0.4064190973673938,0.0029586952471246045,0.4006200358850209,0.4122181588497667,0.47076255716400656,0.044382820165987116,0.38098982980864,0.5605352845193732,0.47076255716400656,0.03214432308610547,0.4055061120186633,0.5360190023093498,0,0,0,118.0342652669611,0.7269
579,956559,2.5748102892929845,0.4869821851583472,0.0037782102631959418,0.47957686903770286,0.4943875012789915,0.5644539910264286,0.054382011595648004,0.4544559899585775,0.6744519920942796,0.5644539910264286,0.043507615723014,0.4761288354078686,0.6527791466449886,0,0,0,132.6045179779401,0.7117
580,957559,2.575040559652621,0.4177576874868007,0.0032392765662964725,0.41140868483618337,0.42410669013741803,0.4796956282601503,0.05092500884599732,0.3766900752645598,0.5827011812557408,0.4796956282601503,0.03950080294546843,0.3995047350283003,0.5598865214920002,0,0,0,148.70165053007608,0.6964
581,958559,2.575889115726585,0.42569138026106196,0.0034658050503108616,0.4188983803425324,0.4324843801795915,0.5335127385593555,0.06125425353170233,0.4096143161271516,0.6574111609915595,0.5335127385593555,0.047723270414404294,0.4366293489290384,0.6303961281896727,0,0,0,189.60602557423604,0.72
582,959559,2.575547191232678,0.4262534463492576,0.0036341498071370184,0.4191304896377739,0.4333764030607413,0.509907504895968,0.05300091302408992,0.4027030393684833,0.6171119704234528,0.509907504895968,0.03832936003657034,0.43209476720096474,0.5877202425909713,0,0,0,111.23910464124613,0.7057
583,960559,2.576284170580896,0.4716599441201096,0.0036717453175677396,0.46446329996931934,0.47885658827089983,0.5514080026362279,0.0505574620439366,0.44914588321985416,0.6536701220526017,0.5514080026362279,0.04482422606582008,0.4604099859223209,0.6424060193501349,0,0,0,149.03233301976087,0.6424
584,961559,2.5740743530384207,0.41841494841825067,0.003481343544000397,0.4115914929533661,0.4252384038831352,0.4910829983079763,0.050001683939259196,0.3899450462174888,0.5922209503984638,0.4910829983079763,0.040391425438047836,0.4090840452928628,0.5730819513230898,0,0,0,134.61225375094753,0.785
585,962559,2.5749429973365796,0.3904523076067317,0.00372554330701808,0.3831502190548144,0.39775439615864905,0.4667063692931,0.050850111020303915,0.36385231144947006,0.5695604271367299,0.4667063692931,0.0416636746928033,0.38212461297919686,0.5512881256070031,0,0,0,125.06503556342636,0.667
586,963559,2.576206398494476,0.39903273496113856,0.002759636535616233,0.39362382981803745,0.40444164010423966,0.4248659046774981,0.03511244581379364,0.3538442793496549,0.49588753000534125,0.4248659046774981,0.033135459842275186,0.35759734494547435,0.4921344644095218,0,0,0,144.17243442048905,0.6993
587,964559,2.575448674704369,0.44245648388001924,0.003253857008061057,0.4360789034709068,0.4488340642891317,0.5421301244908909,0.0474720150188614,0.44610891075639125,0.6381513382253906,0.5421301244908909,0.03403033877303998,0.4730448639466974,0.6112153850350844,0,0,0,109.37942033940261,0.7321
588,965559,2.5762077554096234,0.4316831334575008,0.003560529277326985,0.42470447345219126,0.43866179346281037,0.5391135776865066,0.05014042629484586,0.43769499269314943,0.6405321626798637,0.5391135776865066,0.03842129000061977,0.46111421224264276,0.6171129431303704,0,0,0,116.44336898325238,0.7602
589,966559,2.574421962428259,0.3906973967926188,0.00333496584879244,0.3841608425403495,0.39723395104488807,0.45477693456304047,0.051895528090107626,0.34980832110466714,0.5597455480214139,0.45477693456304047,0.04193139650034203,0.3696516740850875,0.5399021950409935,0,0,0,158.08689562294825,0.7691
590,967559,2.573957748507023,0.4452157839553378,0.003112349913498477,0.4391155583506304,0.4513160095600452,0.5220431732100528,0.04528722679765024,0.4304411107728002,0.6136452356473053,0.5220431732100528,0.03145700653339678,0.4581820548475811,0.5859042915725244,0,0,0,102.15460520815272,0.844
591,968559,2.575285949694106,0.38845671719029917,0.0027917083459496196,0.38298495109517705,0.3939284832854213,0.4556494767826668,0.035213053325235076,0.3844243535549436,0.5268746000103901,0.4556494767826668,0.029715529241404096,0.3953237452775375,0.5159752082877962,0,0,0,113.29920155498954,0.7208
592,969559,2.5749698766100497,0.47027606074723066,0.0028394146045681947,0.4647107900821154,0.4758413314123459,0.501627005709119,0.03956138095079183,0.4216065596758371,0.5816474517424008,0.501627005709119,0.036288172386135,0.4279580992463112,0.5752959121719268,0,0,0,163.33248452523554,0.7352
593,970559,2.574622648979003,0.44014107316981643,0.003699469090929844,0.4328900902470941,0.4473920560925388,0.5503776102097534,0.05770320969993883,0.43366185189271,0.6670933685267968,0.5503776102097534,0.046992373501675073,0.4549780201967015,0.6457772002228053,0,0,0,161.35259548276068,0.7826
594,971559,2.574973808366939,0.3904211712626032,0.0034669392959312973,0.38362594821545115,0.3972163943097552,0.47439914874579703,0.05549102227753582,0.36215796184146776,0.5866403356501263,0.47439914874579703,0.043785706983282345,0.38550943785498915,0.5632888596366049,0,0,0,159.50424945170977,0.7372
595,972559,2.573929125372385,0.430252458903696,0.003288609891668394,0.42380676262191147,0.43669815518548055,0.5065575626601819,0.05347856772169649,0.39838694931293545,0.6147281760074284,0.5065575626601819,0.04374531836827884,0.4177498450169037,0.5953652803034601,0,0,0,176.945061322736,0.7528
596,973559,2.575745835492097,0.367541781587137,0.0033257311516969776,0.36102332739984727,0.37406023577442676,0.45311520037485736,0.04529283020659792,0.361501803973205,0.5447285967765096,0.45311520037485736,0.036932812061792344,0.3781376057956328,0.5280927949540819,0,0,0,123.32481574113598,0.6379
597,974559,2.575415975096186,0.42691876656994515,0.002916941605321775,0.4212015424907867,0.43263599064910363,0.4933961268773241,0.04426960075192125,0.40385240740276046,0.5829398463518878,0.4933961268773241,0.02918132434830471,0.434154888960986,0.5526373647936622,0,0,0,100.08166585043504,0.7237
598,975559,2.57227053921095,0.3779864154721951,0.003144930154090143,0.3718223323889301,0.3841504985554601,0.42743076405379626,0.04189046415715234,0.3426993025669989,0.5121622255405937,0.42743076405379626,0.03605371620647939,0.3542378289401346,0.500623699167458,0,0,0,131.42502326232773,0.6148
599,976559,2.5751850978879713,0.4510731309584952,0.0034955697052388933,0.4442217921271976,0.45792446978979284,0.5273612617132559,0.05708506851228115,0.41189581196378844,0.6428267114627234,0.5273612617132559,0.048510183242397927,0.428880354111987,0.6258421693145249,0,0,0,192.58829866909832,0.7516
600,977559,2.5757624399998025,0.39410105562018566,0.0035316066478305094,0.3871790841524485,0.4010230270879228,0.45764167407755496,0.04691657010132792,0.3627439537343308,0.5525393944207792,0.45764167407755496,0.037434780946757486,0.38164502848522774,0.5336383196698822,0,0,0,112.35850215153857,0.6773
601,978559,2.5744578293770077,0.480650914809331,0.0026964610383180864,0.4753658340423184,0.48593599557634354,0.5441104617964073,0.032151920510266524,0.47907706411854756,0.6091438594742671,0.5441104617964073,0.025657136820414428,0.4920237049210802,0.5961972186717345,0,0,0,90.53741309481327,0.6429
602,979559,2.5750783689546775,0.4364779294479294,0.0032330150695615996,0.4301411993706947,0.4428146595251641,0.4745460268671402,0.04634976225531446,0.3807947836074531,0.5682972701268273,0.4745460268671402,0.040869804987761056,0.3915759117354411,0.5575161419988393,0,0,0,159.804745961501,0.7572
603,980559,2.574255780001877,0.38497079697578585,0.0032724518598039034,0.3785567705391154,0.3913848234124563,0.4290373901464806,0.034126078900143915,0.3600108802187014,0.4980639000742598,0.4290373901464806,0.03030753654313939,0.36750981992451637,0.4905649603684449,0,0,0,85.77381800181035,0.6962
604,981559,2.5753028317898043,0.4277665630639142,0.003111381152455423,0.42166823623700617,0.4338648898908222,0.48087991632470267,0.04005379237895039,0.39986347416676216,0.5618963584826432,0.48087991632470267,0.03156623417009788,0.4167970540709801,0.5449627785784252,0,0,0,102.92932262654101,0.8842
605,982559,2.5764484400112124,0.37580516180726437,0.0035565719026219543,0.3688342582815198,0.38277606533300895,0.4842756914999039,0.05121945785700733,0.38067455916332965,0.5878768238364781,0.4842756914999039,0.03639036228347251,0.4103993285163241,0.5581520544834837,0,0,0,104.69105397340756,0.6964
606,983559,2.5741893539139546,0.3679322773115376,0.0037682439628288567,0.36054649520293347,0.37531805942014174,0.46918248554583386,0.04700689021008261,0.37410207553873487,0.5642628955529329,0.46918248554583386,0.037050292702971166,0.3939663925855363,0.5443985785061314,0,0,0,96.67301481617214,0.7428
607,984559,2.5748115266042118,0.44801923320293113,0.0030416931005326888,0.4420574954005532,0.45398097100530904,0.5365926281184785,0.04145348775305207,0.45274503483652506,0.620440221400432,0.5365926281184785,0.03134207378508933,0.47296483563956143,0.6002204205973956,0,0,0,106.17558732815843,0.6914
608,985559,2.5745559423121827,0.3812311531314845,0.00325488636583701,0.3748515551745911,0.38761075108837784,0.4120719645654831,0.040516385409045994,0.3301198396858959,0.4940240894450703,0.4120719645654831,0.03336213315465379,0.34434323354487684,0.4798006955860894,0,0,0,105.05965262308345,0.8764
609,986559,2.5743022069786003,0.3522992927723715,0.0032898436981102608,0.3458511782221219,0.35874740732262106,0.4078012268334641,0.04374607898774484,0.3193164300777417,0.4962860235891865,0.4078012268334641,0.03789256513158221,0.3308752299380966,0.4847272237288316,0,0,0,132.6653422327634,0.7037
610,987559,2.5747913042056787,0.459456417909847,0.0035577189622247093,0.4524832661399932,0.4664295696797008,0.5356541160920761,0.061667675287833755,0.4109194692275995,0.6603887629565528,0.5356541160920761,0.05037314249977504,0.43339120013239857,0.6379170320517538,0,0,0,200.47250299247077,0.6774
611,988559,2.5749936604867294,0.45235624147061226,0.0032197254458826057,0.44604555914022376,0.45866692380100077,0.5355382399122174,0.04985493702020526,0.43469711148244367,0.6363793683419912,0.5355382399122174,0.04321950834345424,0.4477979733690891,0.6232785064553457,0,0,0,180.18638175101657,0.748
612,989559,2.574945270009332,0.36416925896828645,0.00333356756973909,0.35763544535184566,0.37070307258472723,0.4388208158007015,0.047707536030103324,0.3423232158552849,0.535318415746118,0.4388208158007015,0.04309391557730454,0.3513355161278646,0.5263061154735383,0,0,0,167.11421301577158,0.7609
613,990559,2.575567603256632,0.36436160419167585,0.002839629864440379,0.35879591161584345,0.36992729676750824,0.4424491241414415,0.04306334592319577,0.35534528535619136,0.5295529629266916,0.4424491241414415,0.03134360966141479,0.3788182136678193,0.5060800346150637,0,0,0,121.83569649204478,0.7379
614,991559,2.575454921770501,0.39000963762226515,0.0032713841333172258,0.3835977039362924,0.3964215713082379,0.4521668690918286,0.04181060067405108,0.36759694674714266,0.5367367914365146,0.4521668690918286,0.030052777376673896,0.3911564874735004,0.5131772507101569,0,0,0,84.39294502531241,0.7234
615,992559,2.574605865193076,0.43326848242041327,0.003461082115203465,0.4264847394847013,0.44005222535612526,0.5280424193984805,0.0471996433802633,0.43257212930424876,0.6235127094927123,0.5280424193984805,0.036659693070409484,0.45361928584901806,0.6024655529479429,0,0,0,112.18992113864437,0.7843
616,993559,2.575902942465289,0.4144982272794186,0.002805277398814441,0.4089998657544707,0.41999658880436647,0.48959669822724805,0.043041097521071416,0.4025378610829602,0.5766555353715359,0.48959669822724805,0.02959345935027717,0.42951878177589614,0.5496746146786,0,0,0,111.28582381680118,0.7485
617,994559,2.5753670267124678,0.3892971415634296,0.0033582905771100827,0.38271487069546456,0.39587941243139463,0.46911307620688175,0.049538812936772335,0.3689113690902728,0.5693147833234907,0.46911307620688175,0.03846220615029408,0.39103064656317066,0.5471955058505928,0,0,0,131.16919123506173,0.7844
618,995559,2.5744708043811113,0.4397417315583814,0.0030685340597129116,0.43372738530547683,0.445756077811286,0.4893154064131539,0.04941905795043638,0.38935592662003576,0.589274886206272,0.4893154064131539,0.042599031543147266,0.4028347747416242,0.5757960380846836,0,0,0,192.7247785735639,0.7686
619,996559,2.5753748062632753,0.4275224432865294,0.002768239998581205,0.422096675301355,0.4329482112717038,0.4926606835286904,0.04041646343736788,0.41091066991392866,0.5744106971434522,0.4926606835286904,0.03157032843197467,0.42856950948147143,0.5567518575759094,0,0,0,130.06208771444054,0.706
620,997559,2.5749770550316713,0.3725459308607393,0.0033094058207889725,0.3660594744257519,0.3790323872957267,0.4373525795760726,0.045813041745493006,0.3446869560181988,0.5300182031339463,0.4373525795760726,0.041835921436999886,0.3524211437811607,0.5222840153709846,0,0,0,159.80803986951284,0.8165
621,998559,2.5754426706784006,0.4250331950499333,0.0033258169145852436,0.4185145727668377,0.43155181733302894,0.4763098333353185,0.04014367703196797,0.3951115823058686,0.5575080843647684,0.4763098333353185,0.030592571314307444,0.414203611764579,0.538416054906058,0,0,0,84.61264799306025,0.7531
622,999559,2.5772245338569797,0.3852149672879669,0.0032945009338213377,0.37875772452613393,0.39167221004979985,0.4534817310110266,0.05280993643667763,0.3466635520928403,0.560299909929213,0.4534817310110266,0.0454342246202047,0.3612453513956422,0.5457181106264111,0,0,0,190.18969046255987,0.786
623,1000559,2.5771346923053997,0.4080290540060736,0.003212505748800783,0.40173252232783563,0.41432558568431155,0.49675310933814815,0.056157497882458676,0.3831638482793154,0.6103423703969809,0.49675310933814815,0.047926239008902666,0.39945767155495404,0.5940485471213423,0,0,0,222.56602605433878,0.7502
624,1001559,2.5750505236149865,0.40766506655593576,0.0038075043209985474,0.4002023338958791,0.4151277992159924,0.5043966480875086,0.05837888785297679,0.3863142017054481,0.6224790944695691,0.5043966480875086,0.047091200843214026,0.4087964279048706,0.5999968682701466,0,0,0,152.96734214946915,0.7575
625,1002559,2.574684121444175,0.46744254074411257,0.0031968370662127828,0.4611767197832977,0.4737083617049274,0.5260689594572732,0.04749976888511013,0.42999160822951626,0.62214631068503,0.5260689594572732,0.038456323923496585,0.44799847136881943,0.6041394475457269,0,0,0,144.70866280298384,0.6467
626,1003559,2.5763955803616643,0.4234629673121033,0.0031739132891824107,0.41724207709991373,0.4296838575242929,0.4980144892587962,0.045649389575568,0.4056798834590741,0.5903490950585184,0.4980144892587962,0.03386103294723682,0.42927293781386466,0.5667560407037278,0,0,0,113.81782684070117,0.8326
627,1004559,2.5740558510435205,0.4787320812218424,0.003570117588012658,0.4717346280666698,0.485729534377015,0.6037007693526202,0.06301273111032445,0.47624549028904906,0.7311560484161913,0.6037007693526202,0.04877134827401204,0.5046896685500897,0.7027118701551507,0,0,0,186.62270598354843,0.8321
628,1005559,2.573543648676087,0.47985223730267834,0.003764909571588524,0.4724729906220902,0.4872314839832665,0.5798645581707382,0.051419947499694765,0.4758578972543387,0.6838712190871378,0.5798645581707382,0.04032102382106302,0.49800852803642726,0.6617205883050492,0,0,0,114.69751355289708,0.743
629,1006559,2.5765159227307723,0.41539739533453385,0.00329816327641974,0.4089329743579394,0.4218618163111283,0.4886674265004224,0.045511721312120584,0.3966112810471526,0.5807235719536922,0.4886674265004224,0.03258122151910225,0.42252403038241226,0.5548108226184325,0,0,0,97.58665275704168,0.8608
630,1007559,2.5760971032927493,0.4379624907877083,0.003456319347085093,0.4311880829077685,0.44473689866764815,0.5185516884642962,0.051831157130022364,0.4137132775624014,0.623390099366191,0.5185516884642962,0.044096698068432465,0.4290306321059099,0.6080727448226826,0,0,0,162.77376812774605,0.6055
631,1008559,2.573971945740361,0.410263504385891,0.003356691719579001,0.40368436728884516,0.4168426414829368,0.4875120566230016,0.04366880946480069,0.3991835522297339,0.5758405610162693,0.4875120566230016,0.031607422698563425,0.4233455772110882,0.551678536034915,0,0,0,88.66561984115764,0.7297
632,1009559,2.576731380947892,0.4601683192930437,0.003577435600904712,0.4531565227861078,0.4671801157999796,0.5560351198507436,0.054638012874049784,0.4455193073215515,0.6665509323799357,0.5560351198507436,0.044320522325258155,0.46605967609404075,0.6460105636074465,0,0,0,153.48505382834796,0.7636
633,1010559,2.57627869482218,0.4327284589856039,0.0038230209653584805,0.4252353136040172,0.44022160436719066,0.49964603771061594,0.061571612210332395,0.37510569676075206,0.6241863786604798,0.49964603771061594,0.047296536049012086,0.4036289648987384,0.5956631105224935,0,0,0,153.05422049709483,0.73
634,1011559,2.5750010220504733,0.4733478943181146,0.003431742604781183,0.46662165700923824,0.4800741316269909,0.5629057698479973,0.05198285854530465,0.4577605138708543,0.6680510258251404,0.5629057698479973,0.0421839285186681,0.4772678421175035,0.6485436975784912,0,0,0,151.10005828477955,0.7298
635,1012559,2.5747940402427822,0.3265616837226209,0.0033957597935905972,0.31990597295229417,0.3332173944929476,0.4271134669177875,0.05379261585924047,0.31830763125427636,0.5359193025812986,0.4271134669177875,0.042798769600136996,0.34022734543318967,0.5139995884023854,0,0,0,158.8505211455137,0.7389
636,1013559,2.5769258351769873,0.39526675024107977,0.002598144094339725,0.39017437130891947,0.40035912917324007,0.45612490771210823,0.041414956290850416,0.3723552516688858,0.5398945637553307,0.45612490771210823,0.035651313427556466,0.38374889367028797,0.5285009217539285,0,0,0,188.2888493409719,0.781
637,1014559,2.5752333467648794,0.38926632941883715,0.002884096459124022,0.38361348203490725,0.39491917680276706,0.46178325307214935,0.04129808491695995,0.3782499916957074,0.5453165144485913,0.46178325307214935,0.030433556377856816,0.39999984898460844,0.5235666571596902,0,0,0,111.34887889986986,0.7736
638,1015559,2.5752811374227815,0.4277667853803056,0.0029973158286054186,0.42189202731285524,0.43364154344775596,0.5152212874052415,0.04789818262373472,0.4183380683259508,0.6121045064845323,0.5152212874052415,0.038927972471916136,0.4361933018592935,0.5942492729511896,0,0,0,168.67804335109682,0.8246
639,1016559,2.575359239207259,0.39338560710294773,0.0029658394319538647,0.38757254297291904,0.3991986712329764,0.4530693652490071,0.04893800910761222,0.3540828985823636,0.5520558319156507,0.4530693652490071,0.03534088347071346,0.38132355752374025,0.5248151729742739,0,0,0,141.99058029524716,0.6782
640,1017559,2.576477561650638,0.4308498290263771,0.003164054316657747,0.42464826246297466,0.4370513955897795,0.505273373286009,0.042652771392661826,0.4189999998756682,0.5915467466963498,0.505273373286009,0.03494491836454578,0.4343314174620836,0.5762153291099343,0,0,0,121.97763252201472,0.6857
641,1018559,2.574967591066542,0.41325429884922565,0.003501114616081704,0.40639209195744663,0.4201165057410047,0.49626568960017753,0.044708476408270484,0.4058342603204911,0.586697118879864,0.49626568960017753,0.03560878222139148,0.42397601849719085,0.5685553607031643,0,0,0,103.44311406258261,0.741
642,1019559,2.5758442785618767,0.4901146083597442,0.0035068656755293053,0.48324112935490865,0.4969880873645797,0.5961436179720746,0.05598430893772006,0.4829046646192154,0.7093825713249338,0.5961436179720746,0.04262927041427595,0.5096015981285252,0.682685637815624,0,0,0,147.767027545285,0.7703
643,1020559,2.5750125781274185,0.4367532210954818,0.003592079104624969,0.429712723228217,0.4437937189627466,0.4989969312616398,0.04305022192164656,0.4119196382751578,0.5860742242481218,0.4989969312616398,0.03716268259784967,0.42355267468469415,0.5744411878385854,0,0,0,107.03414099980299,0.7472
644,1021559,2.5747875979799866,0.3801891817977761,0.003416786246584743,0.3734922590459897,0.3868861045495625,0.4713097926605048,0.046143714473411805,0.3779753203783659,0.5646442649426437,0.4713097926605048,0.04084703136418674,0.3883859104425789,0.5542336748784307,0,0,0,142.91748896341986,0.7402
645,1022559,2.573310382727542,0.4309938306345873,0.0035031672540325963,0.42412760055938314,0.43786006070979144,0.5273296887654793,0.04044274282124941,0.4455265200795562,0.6091328574514023,0.5273296887654793,0.03465397401175448,0.4569783813788352,0.5976809961521233,0,0,0,97.85529837171134,0.6643
646,1023559,2.5731510240981526,0.41643028614491023,0.003078560470118114,0.4103962880639089,0.4224642842259116,0.49233868580567414,0.04099949801867581,0.40940937343723344,0.5752679981741149,0.49233868580567414,0.03584483231136147,0.41956980754357515,0.5651075640677731,0,0,0,135.56816851338473,0.7253
647,1024559,2.5752835769956075,0.4595778601595339,0.003002222037152752,0.45369348589215924,0.46546223442690854,0.5146950086882929,0.038540262369947204,0.4367399699367662,0.5926500474398195,0.5146950086882929,0.03336777250159372,0.4469548291847537,0.582435188191832,0,0,0,123.52896845067643,0.7667
648,1025559,2.5743413130419084,0.40274111363960086,0.002992803411612196,0.39687519993812675,0.40860702734107496,0.4552903464610043,0.04812269879795469,0.35795300055471746,0.5526276923672911,0.4552903464610043,0.041731764043907195,0.37057036141559574,0.5400103315064129,0,0,0,194.43619151356833,0.7856
649,1026559,2.5757069868481492,0.373199062563268,0.0029779611332338943,0.3673622398217155,0.3790358853048205,0.46499840918109825,0.04425054988319655,0.37549322372572286,0.5545035946364736,0.46499840918109825,0.03604233941782747,0.39182857017627687,0.5381682481859196,0,0,0,146.4832253131032,0.8762
650,1027559,2.574340890031527,0.4729448215027932,0.003062148610886663,0.4669429907701579,0.47894665223542854,0.5273468061749625,0.04001886366682326,0.4464010140058901,0.6082925983440349,0.5273468061749625,0.030406674748453395,0.4656179746963978,0.5890756376535273,0,0,0,98.60191041630381,0.6925
651,1028559,2.575405073884884,0.41503266058656796,0.0034330727004549047,0.4083038162817204,0.4217615048914155,0.5079591261766616,0.05467213355784535,0.39737429805017077,0.6185439543031525,0.5079591261766616,0.04059469411632105,0.42554751580622074,0.5903707365471025,0,0,0,139.8210457283907,0.7815
652,1029559,2.5754075100014173,0.4263875358637837,0.0033891825534824362,0.4197447165258573,0.43303035520171007,0.5084303031604596,0.040556823150477095,0.42639638522845286,0.5904642210924662,0.5084303031604596,0.03270564960732582,0.4420343045940497,0.5748263017268694,0,0,0,93.12271620212711,0.6622
653,1030559,2.5754682333511414,0.418250041979584,0.0032990139778427585,0.4117839536227955,0.42471613033637245,0.5066263058588311,0.05044850626950757,0.4045845702980805,0.6086680414195816,0.5066263058588311,0.036874060500736515,0.43176798328950305,0.5814846284281591,0,0,0,124.9319781413111,0.7343
654,1031559,2.573704548808634,0.4125334070291075,0.003324618100509663,0.40601713442921666,0.41904967962899836,0.49838928455877146,0.046121219383139754,0.40510031289147125,0.5916782562260716,0.49838928455877146,0.0363097595331894,0.4246765538575802,0.5721020152599627,0,0,0,119.27878741731695,0.6408
655,1032559,2.575321809023973,0.4512897361227671,0.0038852168113773103,0.44367468648782343,0.4589047857577108,0.5142677681276504,0.06264983035554722,0.38754652512564164,0.6409890111296592,0.5142677681276504,0.05666744785903897,0.39922673295530253,0.6293088032999983,0,0,0,212.73394255145516,0.7222
656,1033559,2.574414734996835,0.45578122084897643,0.003474822052334743,0.44897054754919075,0.4625918941487621,0.49114002820704056,0.05105557475953126,0.3878703807236787,0.5944096756904025,0.49114002820704056,0.0416662783514812,0.40655298618501295,0.5757270702290681,0,0,0,143.781921633718,0.6588
657,1034559,2.578250333686116,0.4676695524497692,0.003338869005051083,0.46112534798643434,0.4742137569131041,0.554835639581794,0.0416054553649623,0.4706806627910901,0.638990616372498,0.554835639581794,0.03247666842615424,0.48890449752670073,0.6207667816368874,0,0,0,94.61155524727846,0.7557
658,1035559,2.576024840857085,0.42934614996303805,0.0034926088477632102,0.4225006144312045,0.4361916854948716,0.4741089620819501,0.04870350681127968,0.37559682108082615,0.572621103083074,0.4741089620819501,0.04157850668463808,0.38970010601665644,0.5585178181472437,0,0,0,141.72219659400034,0.8424
659,1036559,2.5732924158456667,0.41759837456404564,0.0029688323495394298,0.4117794442965338,0.4234173048315575,0.4798369816321556,0.042662915877271425,0.39354308906490654,0.5661308741994047,0.4798369816321556,0.03747280673988585,0.40376313957572046,0.5559108236885908,0,0,0,159.3166256245033,0.7664
660,1037559,2.5745210149772286,0.4162563077570525,0.0032468885159283073,0.4098923856367944,0.4226202298773106,0.46137258079250504,0.04512382976525353,0.3701010200490422,0.5526441415359679,0.46137258079250504,0.0344649272230285,0.39140505879046383,0.5313401027945462,0,0,0,112.67303099470999,0.7951
661,1038559,2.574581942104206,0.47648084670960994,0.0031506745865856724,0.4703055045021566,0.4826561889170633,0.5080180899407161,0.04479221926115857,0.41741727475287493,0.5986189051285572,0.5080180899407161,0.03639552563984831,0.4341312447864214,0.5819049350950107,0,0,0,133.44087841662667,0.7769
662,1039559,2.576874158787974,0.3344445730743434,0.0037940437201545584,0.32700822327746265,0.3418809228712241,0.46333345240335694,0.05541135492992559,0.35125340791966225,0.5754134968870516,0.46333345240335694,0.04837590147649565,0.36512515127966566,0.5615417535270482,0,0,0,162.57489417232117,0.6639
663,1040559,2.577221221518628,0.40689729556441157,0.0031585587392466545,0.40070650036765093,0.4130880907611722,0.4691895540773328,0.04508882656634041,0.3779887939864838,0.5603903141681819,0.4691895540773328,0.03720373029240723,0.3936619662502295,0.5447171419044362,0,0,0,138.73788161456318,0.7565
664,1041559,2.5765229557944678,0.4627819740697764,0.0034591014141629726,0.45600211332068813,0.46956183481886465,0.5433166422709372,0.04582847958805353,0.45061979272909136,0.6360134918127831,0.5433166422709372,0.03208535074993224,0.47817991733280674,0.6084533672090677,0,0,0,86.03734353705445,0.7363
665,1042559,2.5755127485447153,0.37021440787805093,0.003594606746034277,0.3631689558175646,0.3772598599385373,0.4404128415068959,0.05108058678457892,0.3370926024275784,0.5437330805862134,0.4404128415068959,0.036900565457068435,0.36550071101558057,0.5153249719982113,0,0,0,105.38123222203099,0.752
666,1043559,2.5769449990007764,0.41095336727891424,0.003190675845619344,0.4046996223496077,0.41720711220822077,0.4688517413846145,0.044610776147711154,0.37861792953484663,0.5590855532343824,0.4688517413846145,0.040073330439885355,0.38749855554720747,0.5502049272220215,0,0,0,157.74133277198297,0.6875
667,1044559,2.575786741404914,0.44608919438171424,0.00305615168168711,0.44009911766841137,0.4520792710950171,0.48900735246924065,0.03618827514310195,0.4158096569254963,0.562205048012985,0.48900735246924065,0.028945215272698534,0.43024544145922244,0.5477692634792588,0,0,0,89.70233691999309,0.7011
668,1045559,2.5754561214900664,0.40033285997856927,0.003221673638302145,0.3940183591786606,0.4066473607784779,0.48460322802891814,0.04058518686327854,0.40251193907256944,0.5666945169852668,0.48460322802891814,0.02821578946171557,0.4273221301408469,0.5418843259169894,0,0,0,76.70458512227003,0.8281
669,1046559,2.5759801235294932,0.5205353237335496,0.003680155533096859,0.5133221955068882,0.527748451960211,0.6114994538448473,0.04859131045132172,0.5132142514022715,0.709784656287423,0.6114994538448473,0.037923715284073456,0.534510218777941,0.6884886889117535,0,0,0,106.1914150047644,0.6202
670,1047559,2.574436936631538,0.45389468169452246,0.0032467572908691,0.44753101677621415,0.46025834661283077,0.5069598193297937,0.044856412112786445,0.41622916184383363,0.5976904768157538,0.5069598193297937,0.03866292060664296,0.4284699176769343,0.5854497209826531,0,0,0,141.80438686010686,0.7376
671,1048559,2.5755208202506767,0.44198967898773367,0.0035031840842427255,0.43512341592521075,0.4488559420502566,0.5383769631893403,0.061411279512438105,0.41416092573169216,0.6625930006469883,0.5383769631893403,0.05073944239593289,0.4353704189063553,0.6413835074723252,0,0,0,209.7806671505746,0.7556
672,1049559,2.5754147228084783,0.41186911380650404,0.003615692091354981,0.4047823343352238,0.41895589327778426,0.5143069756566854,0.06186929866153509,0.38916450702495586,0.6394494442884149,0.5143069756566854,0.05367201341915562,0.4053469956892988,0.623266955624072,0,0,0,220.34991955500007,0.7212
673,1050559,2.5756904642616982,0.4652318316025392,0.0033456950576948408,0.4586742480326534,0.47178941517242506,0.5396317805390312,0.05443446076549308,0.429527691011571,0.6497358700664913,0.5396317805390312,0.042302803273257715,0.45375252422677614,0.6255110368512862,0,0,0,159.86948859755617,0.7633
674,1051559,2.574558660607981,0.40648174597329595,0.0031362508882594904,0.4003346743062026,0.4126288176403893,0.46485532188375217,0.045436904187074044,0.37295050834997723,0.5567601354175271,0.46485532188375217,0.0425463318831097,0.3784816762098808,0.5512289675576235,0,0,0,184.03594362839172,0.7409
675,1052559,2.574769325007273,0.384263497050088,0.003603538631341887,0.3772005384376502,0.3913264556625258,0.4702575482563684,0.05138696547938621,0.36631759977297146,0.5741974967397654,0.4702575482563684,0.04350493042630787,0.38193784407994125,0.5585772524327955,0,0,0,145.75336580266313,0.7081
676,1053559,2.575464520683002,0.4105347870387528,0.003318238784682776,0.4040310179384135,0.4170385561390921,0.46977490889080353,0.04677639595196084,0.3751607175267281,0.564389100254879,0.46977490889080353,0.039697564989554554,0.3891845674732756,0.5503652503083315,0,0,0,143.12400034773196,0.7425
677,1054559,2.5758480595744646,0.4050943542576394,0.0033165910983139024,0.3985938146330516,0.4115948938822272,0.48885182316413933,0.04451578020612837,0.3988101587428513,0.5788934875854274,0.48885182316413933,0.03770474646376738,0.4123071184353761,0.5653965278929025,0,0,0,129.2433445500622,0.7534
678,1055559,2.5752288929777842,0.4283715946628875,0.0032647417192094045,0.4219726801507685,0.4347705091750065,0.5079394859848059,0.040987902031491094,0.4250336287143526,0.5908453432552592,0.5079394859848059,0.03013007568138293,0.4467721804652475,0.5691067915043642,0,0,0,85.17316526553877,0.6652
679,1056559,2.5723980501449346,0.3941959705408892,0.0036534596754158495,0.3870351663648941,0.40135677471688425,0.4531422721200961,0.062367020635254726,0.3269930657714211,0.579291478468771,0.4531422721200961,0.057331379817629965,0.3367533834147938,0.5695311608253983,0,0,0,246.2499505775418,0.7111
680,1057559,2.5764845090826203,0.4640243157074052,0.0031288746102578016,0.4578917015920602,0.4701569298227502,0.557606361195,0.04927890053916771,0.4579303765250308,0.6572823458649691,0.557606361195,0.041739324433194024,0.47287102774335954,0.6423416946466404,0,0,0,177.95676933328943,0.8265
681,1058559,2.5735402604888766,0.429388030476144,0.002999143379356942,0.42350969039760933,0.43526637055467865,0.5322139098926448,0.04952255961254364,0.4320450782273736,0.6323827415579161,0.5322139098926448,0.03932653133008182,0.4523768068488602,0.6120510129364294,0,0,0,171.9399626905546,0.7282
682,1059559,2.5749084199549084,0.44908178512568536,0.0032945710860840865,0.44262440486497173,0.455539165386399,0.501683638205045,0.05135328281990222,0.39781181933114906,0.605555457078941,0.501683638205045,0.0434102095504566,0.4135562276296543,0.5898110487804357,0,0,0,173.61450213846257,0.8343
683,1060559,2.5733958703092457,0.4340395862260098,0.0034761506091522854,0.4272263089464208,0.4408528635055988,0.4870156635321619,0.046682412841248445,0.3925915709527612,0.5814397561115626,0.4870156635321619,0.0373143048045237,0.4112635975113485,0.5627677295529753,0,0,0,115.22681040431574,0.7792
684,1061559,2.576564410931241,0.4157157300005069,0.0030602109361685145,0.40971769712263006,0.4217137628783837,0.4392267828962908,0.0427684138606931,0.3527195005158925,0.5257340652766891,0.4392267828962908,0.03868897980440966,0.3606839782594414,0.5177695875331403,0,0,0,159.83497965821945,0.6987
685,1062559,2.574109340291531,0.4321448474913666,0.003947776593216544,0.4244071802865458,0.43988251469618744,0.499434002705796,0.05722813924534416,0.383679165083639,0.6151888403279531,0.499434002705796,0.049050574841295234,0.3998560418352458,0.5990119635763462,0,0,0,154.37716716510639,0.6473
686,1063559,2.573908228114092,0.39985636653722456,0.0031744403693179514,0.39363444324462055,0.4060782898298286,0.5027569618725256,0.04051402312234019,0.42080961516880877,0.5847043085762424,0.5027569618725256,0.03048468106854382,0.4408697691450917,0.5646441545999595,0,0,0,92.22081685608376,0.8589
687,1064559,2.5743773750959678,0.4395787087546834,0.0038329594974703548,0.4320660837870131,0.4470913337223537,0.48461926217779766,0.05093098128327197,0.38160162878756126,0.5876368955680341,0.48461926217779766,0.046439650864718136,0.3903417587721555,0.5788967655834398,0,0,0,146.7943809495578,0.6428
688,1065559,2.5753481269355087,0.4038689673690325,0.0031296002293927077,0.39773493103557284,0.41000300370249215,0.4954994217218847,0.051695973740336715,0.39093444503484687,0.6000643984089226,0.4954994217218847,0.0389859273095397,0.4163537816005966,0.5746450618431728,0,0,0,155.18080752961902,0.6866
689,1066559,2.576784053591989,0.4572547166157785,0.00330465393926783,0.4507775738987635,0.4637318593327935,0.5213591811942122,0.04875883184089919,0.42273513475802615,0.6199832276303983,0.5213591811942122,0.04459395802446092,0.4308286334566911,0.6118897289317333,0,0,0,182.0958578537631,0.7255
690,1067559,2.5755724351976306,0.3365431169681915,0.0035329362118701993,0.32961853954648923,0.3434676943898938,0.438662063182147,0.04581968646540309,0.34598299940964494,0.5313411269546491,0.438662063182147,0.035038953487797446,0.3675292059089744,0.5097949204553196,0,0,0,98.36274968553096,0.7093
691,1068559,2.5772070110389937,0.39460463117343025,0.003163672463793797,0.38840381304406724,0.40080544930279327,0.466449506054796,0.04229162819580042,0.38090661370957984,0.5519923984000121,0.466449506054796,0.029962205002567487,0.40562299613122166,0.5272760159783704,0,0,0,89.69423153161296,0.7628
692,1069559,2.5740126772857606,0.39174710894650516,0.0032452605592681928,0.3853863776316441,0.39810784026136625,0.5072079986852435,0.04864071910731845,0.40882285780281186,0.605593139567675,0.5072079986852435,0.03401631896967151,0.4381511998550208,0.5762647975154661,0,0,0,109.8690797899997,0.6817
693,1070559,2.576058828506125,0.4196548443418338,0.0030965367030622096,0.4135856127300504,0.4257240759536172,0.49445046815166277,0.04158938915402729,0.41032798833993644,0.5785729479633891,0.49445046815166277,0.03142238151578865,0.4306596423119532,0.5582412939913723,0,0,0,102.97356074132209,0.7906
694,1071559,2.576954471495675,0.4350446782787586,0.003086254241560491,0.4289956003568479,0.44109375620066926,0.48897900360802654,0.04684819018183153,0.3942195947070806,0.5837384125089725,0.48897900360802654,0.038638724494520264,0.41053822267422024,0.5674197845418328,0,0,0,156.7408376187409,0.6206
695,1072559,2.5745111991399257,0.4222571250420689,0.0034603999707295925,0.4154747191138597,0.42903953097027814,0.4918080542426919,0.050920708302165184,0.3888111999180619,0.5948049085673219,0.4918080542426919,0.03746816051353259,0.41574364452721296,0.5678724639581708,0,0,0,117.23901063164678,0.8649
696,1073559,2.576516128855984,0.4373645825555473,0.0031783199819762978,0.43113505519748385,0.4435941099136107,0.49798119496751775,0.046122686246677536,0.4046892562886587,0.5912731336463768,0.49798119496751775,0.039819520856091264,0.417143269978437,0.5788191199565985,0,0,0,156.96283104279695,0.7667
697,1074559,2.574073287497761,0.3808951421538816,0.003208318492013134,0.3746068175255511,0.3871834667822121,0.4757455601454245,0.043403979772425764,0.3879527243662797,0.5635383959245693,0.4757455601454245,0.03249452239374096,0.4097781726091827,0.5417129476816663,0,0,0,102.58063123624565,0.6612
698,1075559,2.5744831111985063,0.4254127639492831,0.0032270770791063535,0.4190876723710676,0.43173785552749866,0.4768854733780302,0.05929959076848572,0.3569407295687185,0.596830217187342,0.4768854733780302,0.05032913639648786,0.37471189455752735,0.579059052198533,0,0,0,243.23175830407646,0.6599
699,1076559,2.574606205441735,0.44673614152248253,0.0030120040489517047,0.44083259444983214,0.4526396885951329,0.5347931786954876,0.046905875293299426,0.4399170906433542,0.6296692667476209,0.5347931786954876,0.03113393543690135,0.47158792952739986,0.5979984278635753,0,0,0,106.84567283399205,0.7509
700,1077559,2.5758209241208725,0.44841635113862943,0.0032832876287416657,0.44198108652599616,0.4548516157512627,0.5079225418863582,0.045794402193337524,0.4152946203813829,0.6005504633913336,0.5079225418863582,0.03753490273759218,0.4317226382526669,0.5841224455200495,0,0,0,130.6931209752687,0.7698
701,1078559,2.576046445755716,0.4189243310683776,0.003622374023822508,0.41182445496700754,0.4260242071697477,0.4816353516683753,0.050819051744309944,0.37884411714028127,0.5844265861964693,0.4816353516683753,0.042344031888150946,0.39567239681815475,0.5675983065185959,0,0,0,136.6462866868558,0.7054
702,1079559,2.575592360301383,0.40708327077907475,0.003376698668950704,0.4004649199341466,0.41370162162400287,0.48107690199026476,0.04734498710161595,0.38531262647056863,0.5768411775099609,0.48107690199026476,0.03405945844774139,0.4119325253635919,0.5502212786169377,0,0,0,101.73979620203994,0.7897
703,1080559,2.5758431886176605,0.39482531020858125,0.0029440929311654327,0.38905486935826383,0.40059575105889866,0.42631795561687996,0.041729840822753037,0.34191138549011807,0.5107245257436419,0.42631795561687996,0.036844786647281594,0.35151906212954126,0.5011168491042187,0,0,0,156.6206648008073,0.8162
704,1081559,2.575347478270365,0.41699164612364004,0.00298636390020235,0.4111383539054425,0.42284493834183756,0.4605738385541365,0.03849593459747971,0.38270846118548535,0.5384392159227878,0.4605738385541365,0.031444257863644395,0.39673860136720385,0.5244090757410692,0,0,0,110.86571035686988,0.7021
705,1082559,2.576349123207012,0.4098125022147434,0.003628639407077455,0.4027003459223866,0.4169246585071002,0.47350408490168966,0.056056321160080184,0.36011947308053094,0.5868886967228484,0.47350408490168966,0.04819316454387214,0.37566675947370154,0.5713414103296778,0,0,0,176.39377874400242,0.6894
706,1083559,2.572456870213549,0.4318181259108891,0.0034251940737435394,0.42510472376445246,0.4385315280573257,0.5344179959779306,0.0607973068999466,0.4114438353487203,0.6573921566071409,0.5344179959779306,0.045528181893822864,0.4419908729564571,0.6268451189994041,0,0,0,176.68116226173512,0.7438
707,1084559,2.576106212726571,0.48161293328951993,0.0036918298729714245,0.47437692328253167,0.4888489432965082,0.5297117926013546,0.04858293415791611,0.4314435328113939,0.6279800523913153,0.5297117926013546,0.03681045062650134,0.45498260494202647,0.6044409802606827,0,0,0,99.41660054488648,0.7595
708,1085559,2.5747129639594193,0.39031843814317635,0.003351291863706369,0.38374988479794875,0.39688699148840395,0.47045712384850225,0.03880627252838584,0.39196402876486425,0.5489502189321402,0.47045712384850225,0.028819371788905444,0.41195068869265106,0.5289635590043534,0,0,0,73.95107901970248,0.7982
709,1086559,2.575323827086596,0.4063199478205469,0.0032546689997276297,0.399940775902609,0.41269911973848483,0.48306058971007926,0.047822803841321496,0.3863298386095392,0.5797913408106193,0.48306058971007926,0.03612366104393255,0.40972565902736374,0.5563955203927948,0,0,0,123.18841357751892,0.708
710,1087559,2.5744149106834118,0.3489879981492474,0.003549988340037733,0.3420299984479964,0.3559459978504984,0.4438148262794803,0.0624106037475119,0.3175774647653758,0.5700521877935849,0.4438148262794803,0.054616380401465894,0.3329376794141278,0.5546919731448329,0,0,0,236.69657633206148,0.7607
711,1088559,2.57470229187636,0.41898480885182604,0.003006965138393102,0.41309113807588516,0.4248784796277669,0.4833985635608777,0.049985484461323455,0.38229337800732016,0.5845037491144353,0.4833985635608777,0.04270254185302994,0.3967077947885995,0.5700893323331558,0,0,0,201.67435091825078,0.6634
712,1089559,2.574768774473312,0.4496483851982428,0.003038093848738256,0.4436937019522498,0.4556030684442358,0.523502882309756,0.0414953175423356,0.43957068029283164,0.6074350843266803,0.523502882309756,0.033769323888583676,0.45494751015188856,0.5920582544676234,0,0,0,123.5498891998826,0.703
713,1090559,2.574559162469193,0.3990662913575375,0.00327601944336009,0.39264527243443037,0.40548731028064466,0.4834739683758531,0.049982118557458335,0.38237559100548124,0.584572345746225,0.4834739683758531,0.040748585292641575,0.40074994230827615,0.5661979944434301,0,0,0,154.71489600195213,0.793
714,1091559,2.5738585322670198,0.4757283198226383,0.0030407024485259457,0.46976852370448774,0.48168811594078886,0.5325496047792222,0.03563916230515927,0.46046259478686014,0.6046366147715843,0.5325496047792222,0.02658534958763758,0.4785784758060522,0.5865207337523922,0,0,0,76.44285580153125,0.7954
715,1092559,2.575050882890316,0.3957318360615397,0.0030495276645189757,0.38975474246397196,0.4017089296591075,0.4574661956228466,0.036203025496306766,0.38423866467360757,0.5306937265720857,0.4574661956228466,0.02575566643212942,0.4051794130016095,0.5097529782440837,0,0,0,71.33134755601537,0.7391
716,1093559,2.5746607118792206,0.35305512773143694,0.00326676480624568,0.3466522479558732,0.3594580075070007,0.4406199780485924,0.047698549255416764,0.3441405555707347,0.53709940052645,0.4406199780485924,0.03607637553642233,0.3673810420495647,0.5138589140476201,0,0,0,121.95793486766435,0.7719
717,1094559,2.5757452829459178,0.4248699073214922,0.0030715111050817778,0.41884972604075005,0.4308900886022344,0.48432549901670674,0.036926843349080175,0.40963390826890245,0.559017089764511,0.48432549901670674,0.030244312331411838,0.42292628076822797,0.5457247172651856,0,0,0,96.95791080534488,0.7801
718,1095559,2.5730576354415082,0.4001789880070601,0.0035973584874830667,0.393128142515851,0.4072298334982692,0.4842885804674793,0.05389597797101247,0.3752736751990111,0.5933034857359475,0.4842885804674793,0.04332674401503412,0.39633061393728547,0.5722465469976732,0,0,0,145.05899659720714,0.7806
719,1096559,2.5753666420136963,0.438990543644303,0.00329431356406515,0.4325336681283826,0.4454474191602234,0.5086553447465739,0.04454484592266592,0.418554889364361,0.5987558001287868,0.5086553447465739,0.037814125496197774,0.4318885887768894,0.5854221007162584,0,0,0,131.75838214094208,0.7296
720,1097559,2.5745082418092458,0.42006544789947003,0.0033864732857100516,0.4134279387435908,0.4267029570553493,0.47491679230630657,0.05135935884229248,0.37103268351709184,0.5788009010955213,0.47491679230630657,0.041790992888785634,0.39007656631332915,0.5597570182992839,0,0,0,152.28953858460852,0.7164
721,1098559,2.5753144450602905,0.399241667687516,0.003589240627149912,0.3922067332541366,0.40627660212089545,0.49867790143668206,0.0546604335945696,0.38811673871967384,0.6092390641536903,0.49867790143668206,0.04258952567899393,0.41221656769533493,0.5851392351780291,0,0,0,140.79928739778703,0.7041
722,1099559,2.5756565642796496,0.4306218385523305,0.0030893162891004514,0.42456675899778684,0.43667691810687415,0.4853850220758558,0.04821796580617833,0.3878549804570559,0.5829150636946557,0.4853850220758558,0.039109190786923986,0.4059891437918662,0.5647809003598454,0,0,0,160.26286833351733,0.6254
723,1100559,2.572947412987243,0.41504634648137123,0.0031980463356079047,0.4087781553448589,0.42131453761788357,0.4819996451253325,0.05100656621165369,0.3788291267867667,0.5851701634638983,0.4819996451253325,0.038503168241880006,0.4038340580147351,0.5601652322359298,0,0,0,144.9517391150644,0.772
724,1101559,2.5739177801421067,0.41375537469258994,0.0034661455289417527,0.40696170743378063,0.42054904195139925,0.47223590851340175,0.040778773030958074,0.38975305457344295,0.5547187624533606,0.47223590851340175,0.03572600563456596,0.39970826122995295,0.5447635557968505,0,0,0,106.23688761513785,0.7062
725,1102559,2.574501217218436,0.359635122464619,0.0029438484096382667,0.35386516087804837,0.3654050840511896,0.4221446435767485,0.042476192948517774,0.33622843378205214,0.5080608533714449,0.4221446435767485,0.02798886901934606,0.36532421867781373,0.4789650684756833,0,0,0,90.39404358931475,0.8256
726,1103559,2.5764304337858155,0.4089620457454798,0.003359967098962718,0.4023764888840318,0.41554760260692775,0.5002548119872161,0.0571217938919137,0.384715078145831,0.6157945458286013,0.5002548119872161,0.05066584592429751,0.3973976764847894,0.6031119474896428,0,0,0,227.38433748865444,0.7572
727,1104559,2.5758855146601127,0.39124347671885834,0.0033288890972041026,0.3847188329383107,0.39776812049940596,0.5088955317212088,0.050979894004905046,0.40577896301305094,0.6120121004293667,0.5088955317212088,0.03592848473490515,0.4359568300108565,0.5818342334315612,0,0,0,116.48745296000342,0.7532
728,1105559,2.5742064582952815,0.41993367007615295,0.0028955787022369576,0.4142583174227695,0.42560902272953643,0.4792140081337775,0.04079682577723339,0.39669463906784586,0.5617333771997092,0.4792140081337775,0.03263406679553919,0.41296333040110217,0.5454646858664529,0,0,0,127.01986563669976,0.6659
729,1106559,2.575569753665524,0.44836126456120007,0.003046845168803877,0.4423894286722771,0.45433310045012304,0.48039554403517054,0.03773085536174032,0.4040776854897581,0.556713402580583,0.48039554403517054,0.03476986068349245,0.40980897419745266,0.5509821138728884,0,0,0,130.22822779410677,0.7706
730,1107559,2.5737792061009084,0.4181226006084496,0.0029286369372126674,0.4123824536044789,0.42386274761242027,0.4895702411832687,0.04335955259543602,0.4018672678516239,0.5772732145149135,0.4895702411832687,0.03502543987146314,0.4184648180097557,0.5606756643567816,0,0,0,143.03295962258082,0.7012
731,1108559,2.574755431647875,0.4262243972817546,0.0036128556648163637,0.4191431772245112,0.433305617338998,0.5617897830837104,0.049304181122163025,0.4620626636080634,0.6615169025593575,0.5617897830837104,0.03699402438120528,0.4866879208895391,0.6368916452778817,0,0,0,104.84843044831929,0.7231
732,1109559,2.574496586257538,0.44181005265520007,0.003969167444676854,0.4340304592456107,0.44958964606478946,0.5047042015219992,0.04881186634980668,0.40597288266619735,0.6034355203778011,0.5047042015219992,0.04393548277197509,0.41551042961510626,0.5938979734288922,0,0,0,122.52704637437732,0.765
733,1110559,2.573895679659579,0.4429171877882075,0.0035606027328092885,0.4359383838096859,0.44989599176672906,0.5361316826273467,0.05561313874394614,0.42364349185522227,0.6486198733994711,0.5361316826273467,0.048415707182661735,0.43784257162397805,0.6344207936307154,0,0,0,184.89514937609525,0.6702
734,1111559,2.5763101281495304,0.4126727799687374,0.0031474444520837525,0.40650376884543044,0.4188417910920444,0.4824240637012182,0.044118892448282584,0.39318518054399865,0.5716629468584378,0.4824240637012182,0.03395321950307257,0.41349536359840644,0.55135276380403,0,0,0,116.37126998937411,0.7601
735,1112559,2.577074160973215,0.4348821977335385,0.0030309522809016474,0.428941512005879,0.44082288346119797,0.497007709873055,0.03886403254201507,0.41839778413430795,0.575617635611802,0.497007709873055,0.03340968375834581,0.42918244599490046,0.5648329737512096,0,0,0,121.50286869363038,0.7851
736,1113559,2.5760652844557024,0.3990803883134218,0.002977699557088886,0.3932440782627754,0.4049166983640682,0.4648933075657774,0.04337820261891461,0.37715261100098396,0.5526340041305708,0.4648933075657774,0.0376368074842267,0.38848652629801694,0.5413000888335379,0,0,0,159.7584368419995,0.6768
737,1114559,2.577010368383051,0.39582843474951124,0.003139753626802718,0.3896744976926186,0.4019823718064039,0.47950492263750427,0.047634898324871985,0.38315424631891143,0.5758555989560972,0.47950492263750427,0.04040760136466812,0.39747313074551216,0.5615367145294964,0,0,0,165.62847400393585,0.8271
738,1115559,2.5763767754045688,0.38710416834718003,0.003183645158734539,0.38086420360883705,0.393344133085523,0.47524955530393587,0.04703491757083264,0.3801124546087352,0.5703866559991365,0.47524955530393587,0.03901441343965594,0.3960460852640536,0.5544530253438181,0,0,0,150.17611016094622,0.668
739,1116559,2.575982141982052,0.4716590123351586,0.004102704344086992,0.46361768575430146,0.47970033891601577,0.5808511272432043,0.05502872187223779,0.46954503117100066,0.692157223315408,0.5808511272432043,0.04749431289912928,0.48443254607987946,0.6772697084065291,0,0,0,134.01171829420244,0.8242
740,1117559,2.5749086931277905,0.42817080671316965,0.0035118518807777895,0.42128755471436735,0.43505405871197195,0.5134010604097252,0.05652013048933215,0.3990783056696602,0.6277238151497903,0.5134010604097252,0.04547436722553938,0.4210831869729902,0.6057189338464603,0,0,0,167.67215586432704,0.6836
741,1118559,2.57584719756374,0.4024254177126696,0.002646213167610114,0.3972388230914935,0.4076120123338457,0.4620757865902262,0.031616201796544285,0.39812598229030616,0.5260255908901462,0.4620757865902262,0.022024930874390263,0.41736279980296076,0.5067887733774916,0,0,0,69.27546598364842,0.7136
742,1119559,2.5749426382086402,0.3595880020426639,0.0036237861427478924,0.35248535817922816,0.3666906459060996,0.4875168022571535,0.05726982545334933,0.37167764632057365,0.6033559581937333,0.4875168022571535,0.040128842232254845,0.40605092148994576,0.5689826830243612,0,0,0,122.62757501314785,0.7339
743,1120559,2.5722240686363644,0.4160062788063888,0.003571103319867605,0.4090068936105177,0.4230056640022599,0.4915906500637156,0.04645242576680724,0.397631750251513,0.5855495498759182,0.4915906500637156,0.02964424271450535,0.43140963790202086,0.5517716622254104,0,0,0,68.9089908598462,0.748
744,1121559,2.5745320636068123,0.4425387007546599,0.0031174107575541866,0.4364285558634493,0.4486488456458705,0.5009299044727117,0.04333446325052935,0.4132776791311993,0.5885821298142241,0.5009299044727117,0.03371868399417212,0.43247733676597494,0.5693824721794485,0,0,0,116.99119389124061,0.7466
745,1122559,2.5757184699030398,0.43198501993504707,0.0032417517459247766,0.42563116591663225,0.4383388739534619,0.5278472903193744,0.05235679909597188,0.4219456681857632,0.6337489124529856,0.5278472903193744,0.03741285560676327,0.451895155533599,0.6037994251051497,0,0,0,133.1932477528415,0.6879
746,1123559,2.5746010323442907,0.4664607733291603,0.0034573817142143594,0.4596842832028974,0.4732372634554232,0.5501233410863366,0.04948822499890785,0.4500239577323095,0.6502227244403638,0.5501233410863366,0.04030644349488344,0.4682969105877993,0.631949771584874,0,0,0,135.91090266003908,0.8284
747,1124559,2.5756963166326736,0.37059124019612033,0.0033025256278391138,0.3641182689830278,0.37706421140921287,0.4375189419590462,0.05472162369636533,0.3268340105787396,0.5482038733393528,0.4375189419590462,0.046051212456452835,0.3440300104456604,0.5310078734724321,0,0,0,194.44185025288212,0.6805
748,1125559,2.572622456060735,0.4124336348372735,0.0030059603775030763,0.4065419333990608,0.41832533627548624,0.46033159177592264,0.052442165010387766,0.3542573007823418,0.5664058827695034,0.46033159177592264,0.04697273575947845,0.3649718684989971,0.5556913150528482,0,0,0,244.18849953664974,0.6773
749,1126559,2.573875018098925,0.4164549423263155,0.0035883829655244783,0.40942168891517106,0.42348819573746,0.4851160785572549,0.04901686881776148,0.38597010307093577,0.5842620540435741,0.4851160785572549,0.04151898394546913,0.40082806007665933,0.5694040970378504,0,0,0,133.87388325401025,0.8241
750,1127559,2.5744942406361706,0.4510698489481432,0.0030720584523759014,0.445048594863227,0.45709110303305944,0.531762125677374,0.04479362827189431,0.44115846049631147,0.6223657908584366,0.531762125677374,0.03850557589721241,0.4535916507665978,0.6099326005881502,0,0,0,157.10438129882755,0.7299
751,1128559,2.5738257531091553,0.44273715685951337,0.0033958052312794865,0.4360813570310277,0.44939295668799906,0.5237863349172489,0.04424612728032364,0.4342900950205475,0.6132825748139503,0.5237863349172489,0.03345182748525155,0.455875514724977,0.5916971551095208,0,0,0,97.04075142082603,0.7836
752,1129559,2.576140091260142,0.41539082847446657,0.0031368837118929504,0.409242516469031,0.42153914047990215,0.4594136390570924,0.04508467230502216,0.3682212817528913,0.5506059963612936,0.4594136390570924,0.04089753298742018,0.3763872330934508,0.5424400450207341,0,0,0,169.97982759376802,0.6372
753,1130559,2.574588275713767,0.4421135594801889,0.003339948754019184,0.43556723870201636,0.4486598802583614,0.48790561624329987,0.045115314323496,0.3966512796065601,0.5791599528800396,0.48790561624329987,0.030383166679156564,0.4262245086825925,0.5495867238040072,0,0,0,82.75351802513569,0.689
754,1131559,2.573376058420698,0.5007092173599617,0.0034442622164016015,0.4939584415327662,0.5074599931871571,0.6032653367329496,0.044501000689979725,0.513253566704778,0.6932771067611212,0.6032653367329496,0.029699016218100192,0.5429731284473489,0.6635575450185502,0,0,0,74.3518385500555,0.7089
755,1132559,2.5742696557319347,0.4191452468891718,0.0032923343693589016,0.41269225060745046,0.4255982431708932,0.5004413970970069,0.04934553501482419,0.4006306314781659,0.6002521627158478,0.5004413970970069,0.03625744945212845,0.42683486150610483,0.5740479326879089,0,0,0,121.27928528272251,0.6748
756,1133559,2.574242613843629,0.4096687945420977,0.003402709668726085,0.4029994619723495,0.4163381271118459,0.497710673474341,0.054817666599939203,0.3868314769850416,0.6085898699636404,0.497710673474341,0.04484967150682368,0.4066609997689148,0.5887603471797672,0,0,0,173.7275690671361,0.6747
757,1134559,2.5749173803133454,0.3641466706755085,0.0028995040527531666,0.35846362431017365,0.36982971704084333,0.4035183992694363,0.029194268691178717,0.34446741707067563,0.4625693814681969,0.4035183992694363,0.024406009599163475,0.35397156568522053,0.453065232853652,0,0,0,70.85102136358738,0.8115
758,1135559,2.57392835222284,0.40509235815275635,0.0028138543072843904,0.3995771858327142,0.4106075304727985,0.4667575983568689,0.04187588444088158,0.3820556271297891,0.5514595695839487,0.4667575983568689,0.034885002375583826,0.39593727845716414,0.5375779182565736,0,0,0,153.7001528105035,0.7605
759,1136559,2.574228459523833,0.4060569085612382,0.0031983730660390453,0.399788077031005,0.41232574009147144,0.4932399111570882,0.04589377853117728,0.4004109820358979,0.5860688402782785,0.4932399111570882,0.032509262002115374,0.42724260062502617,0.5592372216891502,0,0,0,103.31324012718513,0.6171
760,1137559,2.5749233423788858,0.4533845884412804,0.003320724779489536,0.4468759467753251,0.45989323010723565,0.5145295347317739,0.04623967718706635,0.42100095954006383,0.6080581099234839,0.5145295347317739,0.03752661746360541,0.4383464510984908,0.590712618365057,0,0,0,127.70652117220232,0.6835
761,1138559,2.575413982252625,0.40709767674124536,0.003182117179499097,0.40086070685191183,0.4133346466305789,0.5020408813127285,0.061135995048038023,0.3783816592416496,0.6257001033838073,0.5020408813127285,0.04974779778641189,0.4010474826135389,0.6030342800119182,0,0,0,244.40798145252737,0.7434
762,1139559,2.57635111181768,0.4224142303522056,0.003331565919314982,0.4158843399833135,0.4289441207210977,0.49184579214936086,0.037287269548433456,0.4164251706007813,0.5672664136979404,0.49184579214936086,0.028646304126907697,0.43369070302625506,0.5500008812724667,0,0,0,73.93334832811918,0.8114
763,1140559,2.5771550085925923,0.41323429563281894,0.0034086953736237207,0.4065532310434413,0.41991536022219655,0.5280198414247961,0.04638179472785203,0.4342038063737609,0.6218358764758313,0.5280198414247961,0.039686888361896835,0.4474511747137231,0.6085885081358691,0,0,0,135.55567898576462,0.8395
764,1141559,2.5749478749714423,0.4061180257190185,0.0029788077178029065,0.40027954366633195,0.41195650777170506,0.4866247693181687,0.045622079522710586,0.394345403314387,0.5789041353219504,0.4866247693181687,0.03406740125506136,0.417464267935383,0.5557852707009545,0,0,0,130.7955808283187,0.7029
765,1142559,2.575219673076688,0.41843798610601723,0.003433158850305429,0.4117089729469153,0.4251669992651192,0.4941812874842464,0.0509085529605158,0.3912090196588005,0.5971535553096923,0.4941812874842464,0.04103122783536095,0.410883466549834,0.5774791084186588,0,0,0,142.83716750342285,0.7529
766,1143559,2.573847142653714,0.4498484983127083,0.003723203712617896,0.4425509953806799,0.4571460012447367,0.5710322180795285,0.06167534124110078,0.44628206536098525,0.6957823707980718,0.5710322180795285,0.04225136105828152,0.48525739501574344,0.6568070411433136,0,0,0,128.77981865298187,0.7439
767,1144559,2.5745690871858775,0.41162661761290165,0.00281626157408045,0.4061067270346447,0.4171465081911586,0.45575263833811663,0.032928180652523835,0.3891491063189265,0.5223561703573067,0.45575263833811663,0.02178256238249126,0.41153168574781346,0.4999735909284198,0,0,0,59.82351870327921,0.7226
768,1145559,2.5768002821512983,0.42364185452627956,0.003093208436533311,0.41757914633803883,0.4297045627145203,0.48557071472360264,0.0463963009857723,0.3917253379963884,0.5794160914508169,0.48557071472360264,0.03831677475842696,0.4077835265015375,0.5633579029456678,0,0,0,153.44739500017369,0.76
769,1146559,2.5747231812801616,0.43065036279473234,0.0032032966331314258,0.42437188104171625,0.43692884454774844,0.5171773297171588,0.042151356367312924,0.43191816392576127,0.6024364955085564,0.5171773297171588,0.030326681304311588,0.4556108935637544,0.5787437658705632,0,0,0,89.63042593804255,0.7559
770,1147559,2.575171277470513,0.3929143096687132,0.002919977908007987,0.3871911344169987,0.3986374849204277,0.45692605766541516,0.03840099046263319,0.3792527229362288,0.5345993923946015,0.45692605766541516,0.02890955445210979,0.3982365419700021,0.5156155733608282,0,0,0,98.02202396110906,0.8217
771,1148559,2.5758649860166827,0.4302709694609607,0.0031440385385904782,0.42410863394973997,0.43643330497218147,0.48106691844240446,0.04841616772769216,0.3831359755966247,0.5789978612881842,0.48106691844240446,0.03660265014616684,0.4067595881856976,0.5553742486991113,0,0,0,135.5343383370222,0.6666
772,1149559,2.574829817890002,0.3951675664564925,0.0036570738496657235,0.3879996784760051,0.4023354544369799,0.48226385373978803,0.05228854931317496,0.37650027982213463,0.5880274276574414,0.48226385373978803,0.038278934699417726,0.404553484921523,0.5599742225580531,0,0,0,109.5600507944626,0.7335
773,1150559,2.575177811661326,0.5212016421573804,0.0033110052332921613,0.514712050863725,0.5276912334510359,0.5678771779449787,0.041405340393114644,0.4841269718907944,0.651627383999163,0.5678771779449787,0.03209253866411618,0.5027258607652758,0.6330284951246816,0,0,0,93.94818878851557,0.729
774,1151559,2.576249283659795,0.4214418113906187,0.0032001646898519036,0.4151694682663292,0.4277141545149082,0.4762006363494229,0.04429778643411951,0.38659990595140176,0.565801366747444,0.4762006363494229,0.03870576503584954,0.39762375588114984,0.5547775168176959,0,0,0,146.28730996250346,0.7489
775,1152559,2.575945340884935,0.4597813676774224,0.0028580645286741713,0.4541795430425675,0.46538319231227726,0.5023832821279622,0.03789694112352303,0.4257294834202445,0.57903708083568,0.5023832821279622,0.03072117452597068,0.4400159821576267,0.5647505820982978,0,0,0,115.53978928389576,0.7647
776,1153559,2.573763233674487,0.42831290864057575,0.0033076426092367565,0.4218299081114332,0.4347959091697183,0.5185257709654271,0.04652731941934151,0.42441538444227495,0.6126361574885791,0.5185257709654271,0.0409913978408002,0.4353088092187546,0.6017427327120995,0,0,0,153.58482278705642,0.7206
777,1154559,2.5755122554895826,0.43639294238243,0.0030851239819554436,0.4303460797765263,0.4424398049883337,0.5070637730398491,0.04236813059366903,0.42136613998910305,0.5927614060905951,0.5070637730398491,0.03408183418377597,0.4378739712540519,0.5762535748256462,0,0,0,122.03957172455168,0.7659
778,1155559,2.5755389649804576,0.4201162958484742,0.002834925856246317,0.41455982315858897,0.42567276853835945,0.47530023304938673,0.04368661460775992,0.3869357143551254,0.563664751743648,0.47530023304938673,0.03461571025304233,0.4050266052226688,0.5455738608761046,0,0,0,149.09500160921138,0.6087
779,1156559,2.572993447974809,0.37623253354292097,0.0035532454523764445,0.3692681498807921,0.38319691720504984,0.47027805115294,0.044899784993921395,0.3794596637341324,0.5610964385717476,0.47027805115294,0.03466881217352134,0.3998966206964524,0.5406594816094277,0,0,0,95.19793027800227,0.6647
780,1157559,2.5746142517235966,0.38343462325040345,0.0035681168141256784,0.3764410916247612,0.3904281548760457,0.5130893230898957,0.05755893132414326,0.39666539533353173,0.6295132508462598,0.5130893230898957,0.04305067811621274,0.4256918001296187,0.6004868460501728,0,0,0,145.57334632096374,0.7379
781,1158559,2.576086434212374,0.3811311965657634,0.003153559469531248,0.3749501999694077,0.38731219316211907,0.4515793610564318,0.05252572054346679,0.3453360630447732,0.5578226590680904,0.4515793610564318,0.04229924686972212,0.36570732462719047,0.5374513974856732,0,0,0,179.91327916481447,0.6908
782,1159559,2.5744014673598046,0.41223362354271287,0.00337048889609837,0.405627443892029,0.41883980319339675,0.4798301793869704,0.040183532294810996,0.3985513134792523,0.5611090452946885,0.4798301793869704,0.03022865521337337,0.4184627467779551,0.5411976119959857,0,0,0,80.43625694253195,0.7723
783,1160559,2.5738462284279793,0.3887300701048067,0.0030219807750129315,0.3828069685856894,0.394653171623924,0.4330252314281184,0.04251565701605061,0.34702919802235566,0.5190212648338811,0.4330252314281184,0.037985216061145924,0.3559111431460838,0.5101393197101529,0,0,0,157.99589658373276,0.7164
784,1161559,2.575023357229198,0.4093074264050822,0.0031037183382969843,0.40322411874261027,0.41539073406755417,0.47207504801444217,0.03430788561920847,0.40268079928680944,0.5414692967420749,0.47207504801444217,0.02879116110639417,0.41362588358881847,0.5305242124400659,0,0,0,86.05057068621096,0.6773
785,1162559,2.575699833222471,0.4487617026124539,0.0033183816950053484,0.44225765340697437,0.45526575181793344,0.5323533792734728,0.051032217955170454,0.4291309753862126,0.635575783160733,0.5323533792734728,0.04200378305529024,0.4470811662764207,0.6176255922705249,0,0,0,160.2227329765185,0.8297
786,1163559,2.575823665172666,0.4411421064850359,0.0036288532867508145,0.43402953098716046,0.4482546819829113,0.5340437970422958,0.07053392595720705,0.3913754654541079,0.6767121286304836,0.5340437970422958,0.061993659020685946,0.40818997836315285,0.6598976157214387,0,0,0,291.84732709030214,0.685
787,1164559,2.573005255665738,0.39669664977282254,0.0031749932073405324,0.39047364291418185,0.40291965663146323,0.4902466227300323,0.04655241295776368,0.39608547973456204,0.5844077657255025,0.4902466227300323,0.03725474953881234,0.4146154603263086,0.565877785133756,0,0,0,137.68216771198152,0.6588
788,1165559,2.574236200110624,0.4844961173558705,0.0035322572317486624,0.4775728707395203,0.4914193639722207,0.5395484577068641,0.0460167023150477,0.44647089176418253,0.6326260236495457,0.5395484577068641,0.0391698823747671,0.4600293689492161,0.6190675464645121,0,0,0,122.97020268632006,0.7861
789,1166559,2.5743789783933755,0.4503511613176129,0.0032072705166842535,0.44406489072758526,0.4566374319076405,0.521909472684242,0.03748356928783893,0.4460917974351615,0.5977271479333226,0.521909472684242,0.027746147043554884,0.46558179959272145,0.5782371457757626,0,0,0,74.84006967229381,0.6834
790,1167559,2.575465745370446,0.42740329617802547,0.0029686093040526065,0.4215848030810849,0.433221789274966,0.48796321076724364,0.037509704405057305,0.41209267225387136,0.5638337492806159,0.48796321076724364,0.02937265137882399,0.4283335583293597,0.5475928632051276,0,0,0,97.8994412040044,0.7305
791,1168559,2.575176322624541,0.3789633128602696,0.0034588237043642334,0.37218399642415123,0.3857426292963879,0.48109622411673675,0.051584105085971534,0.37675752314112004,0.5854349250923534,0.48109622411673675,0.046303332523622516,0.38709546165611874,0.5750969865773548,0,0,0,179.21223029902472,0.6371
792,1169559,2.5746856935380174,0.4240348269111735,0.0034226308044173403,0.4173264487889019,0.4307432050334451,0.5089094146926715,0.04962265838925388,0.4085381141406417,0.6092807152447013,0.5089094146926715,0.04130804436091543,0.4250496263350602,0.5927692030502827,0,0,0,145.66296971777354,0.6904
793,1170559,2.5744881901844283,0.46775596724988283,0.003065904026076407,0.46174677587961566,0.47376515862015,0.5255987826634793,0.03654820238835846,0.45167306554888076,0.5995244997780778,0.5255987826634793,0.03061377559114513,0.4634495141222187,0.5877480512047398,0,0,0,99.70494017357224,0.7682
794,1171559,2.574291039182136,0.40565360818115,0.003484580610249431,0.3988238080458507,0.41248340831644925,0.4750662951305386,0.04647175977748705,0.381068288590486,0.5690643016705912,0.4750662951305386,0.03340568274259211,0.4072491537461867,0.5428834365148905,0,0,0,91.90511295168575,0.6274
795,1172559,2.5744275265094294,0.39170705698028885,0.003404314933934155,0.3850345780805338,0.3983795358800439,0.49288270950068785,0.052761986897267944,0.38616151768048546,0.5996039013208903,0.49288270950068785,0.04303545357180772,0.40551609400871147,0.5802493249926642,0,0,0,159.8060839475977,0.7783
796,1173559,2.5752301092153216,0.4437400062697041,0.0032705765717697577,0.4373296554094952,0.450150357129913,0.5237330856943997,0.04963189900092825,0.42334309424104055,0.6241230771477588,0.5237330856943997,0.038154212035294566,0.44627591734540356,0.6011902540433958,0,0,0,136.09317149398584,0.7082
797,1174559,2.574642989693349,0.4155020253600524,0.0033149489675709074,0.40900470432215413,0.4219993463979506,0.4824596130930904,0.04600922795170093,0.38939716547728337,0.5755220607088973,0.4824596130930904,0.03629223991844952,0.40878244910068245,0.5561367770854984,0,0,0,119.85988383886323,0.7789
798,1175559,2.5780091185095646,0.43346321708699354,0.0035446228948237306,0.4265157336924512,0.44041070048153586,0.49424436176638026,0.04504361447349635,0.4031350517652028,0.5853536717675577,0.49424436176638026,0.0390273719560809,0.41501458453956536,0.5734741389931952,0,0,0,121.22677130278856,0.7155
799,1176559,2.5737873042483286,0.41630461097942373,0.003936953095326004,0.4085881578992352,0.42402106405961226,0.49765700113929684,0.05243881719450564,0.39158948174250274,0.6037245205360909,0.49765700113929684,0.044781077003959203,0.4067465816779702,0.5885674206006235,0,0,0,129.38042915361862,0.8447
800,1177559,2.5746498846159267,0.4003865106267251,0.0036097976791264925,0.39331128424086276,0.4074617370125874,0.4212509225375355,0.04929611158812813,0.3215401252351098,0.5209617198399612,0.4212509225375355,0.04424719019007706,0.3314243509298593,0.5110774941452116,0,0,0,150.24695235687284,0.7203
801,1178559,2.573601559715373,0.448964869885403,0.0033192071907504235,0.44245920270301836,0.4554705370677877,0.5494174555436038,0.047284268711692015,0.45377599455988604,0.6450589165273215,0.5494174555436038,0.035042997018278434,0.4782763894671436,0.620558521620064,0,0,0,111.4637777195217,0.8203
802,1179559,2.5750071456090686,0.42780820716665297,0.0031068372188748075,0.42171878647843275,0.4338976278548732,0.4951076113742287,0.046577364165730356,0.40089599979696033,0.5893192229514971,0.4951076113742287,0.03543362380501462,0.4231735307610285,0.5670416919874289,0,0,0,130.07509195048476,0.6381
803,1180559,2.5758228527421645,0.40517678511949634,0.0035691706647641244,0.3981811879399071,0.4121723822990856,0.45784590144565074,0.046143680205282776,0.36451149847734526,0.5511803044139563,0.45784590144565074,0.04002157642639934,0.3765977818413404,0.5390940210499611,0,0,0,125.73429551972295,0.7283
804,1181559,2.5741006169902336,0.40331966794583585,0.0033215820583546254,0.3968093460078583,0.4098299898838134,0.49982275280802596,0.062337201268732885,0.3737338618212559,0.625911643794796,0.49982275280802596,0.04788644991782846,0.4026080911740795,0.5970374144419724,0,0,0,207.84295641675607,0.7026
805,1182559,2.574791923355462,0.3543705009049435,0.0027969405926939225,0.34888847957295954,0.35985252223692743,0.4246545335235779,0.038974024549975825,0.345822127949052,0.5034869390981038,0.4246545335235779,0.02724516383527938,0.36934391041509773,0.4799651566320581,0,0,0,94.88823394062531,0.7129
806,1183559,2.575094130545847,0.41220754192164666,0.0032352639009241763,0.4058664041206534,0.4185486797226399,0.476649683854717,0.042288554413654554,0.39111300882073746,0.5621863588886965,0.476649683854717,0.03606173216100126,0.403440475488228,0.549858892221206,0,0,0,124.24351885143294,0.7265
807,1184559,2.576752460586053,0.4267196784905714,0.0034121895062275897,0.4200317653790903,0.4334075916020525,0.49558283741560794,0.04188261965920048,0.41086724292359,0.5802984319076259,0.49558283741560794,0.0349792773841238,0.4245711290736303,0.5665945457575856,0,0,0,105.08854541322941,0.6914
808,1185559,2.575259614439455,0.41228220583481173,0.0032820662550282504,0.4058493351224167,0.41871507654720674,0.5020971636660561,0.04307385013709248,0.41497207810273495,0.5892222492293772,0.5020971636660561,0.03139525635520942,0.43836140482989344,0.5658329225022186,0,0,0,91.50258839087789,0.7067
809,1186559,2.5757961065787884,0.45732259235817485,0.003975832492197149,0.44952993541309944,0.46511524930325027,0.5546321480840876,0.0633166269347959,0.4265621816957209,0.6827021144724542,0.5546321480840876,0.05168784136077436,0.44970025154343357,0.6595640446247416,0,0,0,169.01320328329896,0.8022
810,1187559,2.575290037155047,0.45019732175191096,0.0032645535117520287,0.4437987761276042,0.4565958673762177,0.5199799385382591,0.0580533516330408,0.4025559513124062,0.637403925764112,0.5199799385382591,0.04963885440498908,0.4192077066614263,0.6207521704150918,0,0,0,231.20430502000087,0.7481
811,1188559,2.5757555325377997,0.400792659004116,0.0037455861716543634,0.3934512863101696,0.40813403169806234,0.458291981160963,0.045537233710659396,0.36618423201082034,0.5503997303111057,0.458291981160963,0.038029157038050855,0.3810886879533386,0.5354952743685873,0,0,0,103.0846051473239,0.702
812,1189559,2.5768283012321858,0.4653207697472879,0.003500583907884011,0.45845960304694827,0.47218193644762757,0.5305884322369223,0.053655767047188906,0.42205939942296566,0.639117465050879,0.5305884322369223,0.0446069820071074,0.44003144440897324,0.6211454200648714,0,0,0,162.3770690338497,0.6294
813,1190559,2.5743209750119633,0.4243377453598012,0.0035708084672439002,0.41733893807694583,0.4313365526426565,0.49862053867165174,0.04547415802527881,0.4066403721376035,0.5906007052057,0.49862053867165174,0.03302760510650851,0.43157093569380733,0.5656701416494961,0,0,0,85.55020505059812,0.6803
814,1191559,2.5751733189606454,0.38504104530376637,0.002974945120977313,0.37921013396539893,0.3908719566421338,0.4636999155904369,0.04788977165686031,0.3668337092974717,0.560566121883402,0.4636999155904369,0.03888090472517234,0.38476748265031835,0.5426323485305554,0,0,0,170.8105954719395,0.8016
815,1192559,2.575261261777701,0.3967884259123308,0.0032715698461480195,0.39037612822802975,0.4032007235966319,0.4562990006400995,0.045149086795177686,0.364976352731542,0.547621648548657,0.4562990006400995,0.04209904334825307,0.3708333989670561,0.5417646023131428,0,0,0,165.5892201719714,0.7237
816,1193559,2.5755591298369507,0.48221100290229496,0.0032391342120796462,0.47586227926684704,0.4885597265377429,0.5805374343703267,0.05712933935052442,0.4649824383983221,0.6960924303423313,0.5805374343703267,0.03786642986078517,0.5036644948954112,0.6574103738452421,0,0,0,136.66296381733872,0.7295
817,1194559,2.576459389765324,0.3896395945456609,0.0030071239263181936,0.38374561254437795,0.3955335765469438,0.45038667072991667,0.0422047888337786,0.3650194275737638,0.5357539138860695,0.45038667072991667,0.035630074847549424,0.37805377329775347,0.5227195681620799,0,0,0,140.3882683127966,0.7532
818,1195559,2.576367281967852,0.4406641164105404,0.0033302520975066648,0.43413680114073994,0.4471914316803408,0.5015587941158324,0.051406940551225674,0.3975784422359987,0.605539145995666,0.5015587941158324,0.04992985742333118,0.40019579470431854,0.6029217935273462,0,0,0,224.7845360380267,0.7337
819,1196559,2.575276176971539,0.4314251640532906,0.003320404033803554,0.4249171510509177,0.43793317705566354,0.49890442094670684,0.047894182420839586,0.4020292930414904,0.5957795488519233,0.49890442094670684,0.03524880727979213,0.4273455378266324,0.5704633040667813,0,0,0,112.69560696658966,0.6814
820,1197559,2.5738031985182306,0.39586001409343535,0.004039641871488241,0.3879422903595378,0.4037777378273329,0.5090956038277578,0.05446015821396929,0.39893953630459666,0.6192516713509189,0.5090956038277578,0.04591442462027217,0.4158843663850905,0.602306841270425,0,0,0,129.18514066573124,0.7598
821,1198559,2.5767001820453665,0.4048876813286054,0.003145164619103299,0.398723138692425,0.41105222396478586,0.4610683003372217,0.03988982894020586,0.3803835055380477,0.5417530951363957,0.4610683003372217,0.029708475540048646,0.40075688860713754,0.5213797120673058,0,0,0,89.2224143378185,0.6926
822,1199559,2.5758528695474068,0.3951586709978207,0.003476030368340705,0.3883456293909863,0.4019717126046551,0.47363367870036477,0.04972186644405809,0.373061710916688,0.5742056464840416,0.47363367870036477,0.043796764182975435,0.3847215205007957,0.5625458368999339,0,0,0,158.75116672922903,0.8538
823,1200559,2.5745701049930494,0.43364368102015544,0.0033423477034072975,0.42709265828594056,0.4401947037543703,0.5340203523948003,0.04792570516540495,0.4370814637203768,0.6309592410692237,0.5340203523948003,0.03739116478033749,0.4581122523277222,0.6099284524618784,0,0,0,125.15111796380009,0.5997
824,1201559,2.5778088701768906,0.4176546799064915,0.002848821393396978,0.412070971875506,0.42323838793747703,0.4582646038009275,0.040132577797124105,0.3770888030930157,0.5394404045088393,0.4582646038009275,0.031364914621185395,0.39459044195956394,0.521938765642291,0,0,0,121.21539339016574,0.6983
825,1202559,2.5791006186089147,0.3900047531119577,0.0030784294932976438,0.3839710117463566,0.3960384944775588,0.456148374077117,0.042460296601716345,0.37026431767875767,0.5420324304754763,0.456148374077117,0.03372817768702091,0.38767653314925954,0.5246202150049745,0,0,0,120.04037180942815,0.761
826,1203559,2.573788986512535,0.4609094457718126,0.003352253097372697,0.4543390084024918,0.46747988314113337,0.5602396239821495,0.054744010634825584,0.449509410744692,0.6709698372196071,0.5602396239821495,0.04363093212998646,0.4716641227481114,0.6488151252161877,0,0,0,169.40077046028782,0.8496
827,1204559,2.5751024459547462,0.47005719404147045,0.003037321614933506,0.4641040243786411,0.4760103637042998,0.5379056679405227,0.03640027395150792,0.46427916433195704,0.6115321715490885,0.5379056679405227,0.030563401348245176,0.475858664549153,0.5999526713318925,0,0,0,101.25624254365432,0.7477
828,1205559,2.5752870874404037,0.36854643326372505,0.003003525290327129,0.3626595046118484,0.37443336191560167,0.44167392664381655,0.04634569465019815,0.3479309108920645,0.5354169423955686,0.44167392664381655,0.03331378531167634,0.3740433469625526,0.5093045063250805,0,0,0,123.02273530594745,0.6544
829,1206559,2.5739071868823733,0.46491789536695244,0.003097524612321679,0.45884672744674376,0.4709890632871611,0.5154880928987386,0.045456624284354576,0.42354339170325217,0.6074327940942251,0.5154880928987386,0.03778920593663188,0.43877192632449735,0.5922042594729799,0,0,0,148.83531831708305,0.7636
830,1207559,2.5760426717141343,0.44642703284516333,0.0035552343367739685,0.439458750956979,0.45339531473334765,0.5071941282652962,0.0479136248991027,0.41027967423583395,0.6041085822947585,0.5071941282652962,0.037673754305396503,0.4307123409629553,0.5836759155676371,0,0,0,112.29006644215166,0.7114
831,1208559,2.5744050287586915,0.40120065585053305,0.0032247410302062318,0.39488014294300383,0.40752116875806227,0.46167798914852154,0.0489444542061953,0.36267848603949526,0.5606774922575478,0.46167798914852154,0.044082531459400894,0.37218569253544664,0.5511702857615964,0,0,0,186.87162639973118,0.7626
832,1209559,2.5732918066714268,0.46945883814556727,0.003064635326679614,0.46345213343417846,0.4754655428569561,0.506420744434524,0.04992234050332498,0.4054432795914652,0.6073982092775828,0.506420744434524,0.04514303002166109,0.4147755212823066,0.5980659675867415,0,0,0,216.9820482954476,0.668
833,1210559,2.5752795198391376,0.5138905684663343,0.0033457984834478643,0.5073327821813155,0.5204483547513531,0.5772203181118651,0.06397082325312434,0.4478271147704941,0.7066135214532362,0.5772203181118651,0.06092005856343617,0.4535460242327582,0.700894611990972,0,0,0,331.52864939239254,0.6585
834,1211559,2.5755451239343765,0.41115997027196893,0.0032168794418151,0.40485486612763477,0.4174650744163031,0.4645822958709128,0.04313425426938595,0.377335031417669,0.5518295603241566,0.4645822958709128,0.038568304448441906,0.38628447523095794,0.5428801165108676,0,0,0,143.74459476617042,0.7381
835,1212559,2.5758193467667807,0.4691152026280032,0.003270668910426034,0.46270467078344135,0.4755257344725651,0.5240420184872433,0.03996498025573314,0.4432052158045235,0.6048788211699632,0.5240420184872433,0.029800005843197218,0.46354479036306206,0.5845392466114245,0,0,0,83.01556594157101,0.6227
836,1213559,2.5749882583251056,0.34319915560612485,0.0035372872256362897,0.33626605016979694,0.35013226104245276,0.37405273987814863,0.044584498711675795,0.28387207915965135,0.4642334005966459,0.37405273987814863,0.03684737047909704,0.29924860093335615,0.4488568788229411,0,0,0,108.51064637939822,0.7442
837,1214559,2.574986988231128,0.41948510547973983,0.0030727298587228595,0.4134625354341178,0.42550767552536184,0.47731019401517655,0.045613373345267764,0.38504843791745663,0.5695719501128964,0.47731019401517655,0.03642135436286272,0.4033709137655137,0.5512494742648394,0,0,0,140.49582588372846,0.7408
838,1215559,2.5747060324462483,0.41662492730494405,0.0034828268049042306,0.4097985646392641,0.423451289970624,0.49214141111501936,0.0459457387655008,0.3992073824996599,0.5850754397303788,0.49214141111501936,0.03055263889426691,0.4301162566667983,0.5541665655632404,0,0,0,76.95444275238928,0.6866
839,1216559,2.5748375738177773,0.46326764406887744,0.0031945167320221266,0.4570063709778185,0.4695289171599364,0.511458407266086,0.049209857745020506,0.4119220748289324,0.6109947397032397,0.511458407266086,0.040878897223739434,0.4284698339140417,0.5944469806181304,0,0,0,163.7525262012585,0.7145
840,1217559,2.573548063793092,0.3977995810902497,0.002647518225776548,0.39261042854677575,0.4029887336337237,0.44940532703916475,0.036111728355072356,0.37636246198852585,0.5224481920898036,0.44940532703916475,0.02724590249807821,0.39409320436548034,0.5047174497128492,0,0,0,105.90695443577326,0.7009
841,1218559,2.57573623050917,0.44235391756055975,0.0032377175244057183,0.4360079706419536,0.4486998644791659,0.5305006595362228,0.05062647091730831,0.42809895649827817,0.6329023625741674,0.5305006595362228,0.03970829634722538,0.4498885323044065,0.6111127867680392,0,0,0,150.41273109544588,0.9133
842,1219559,2.574851406811168,0.3894474017057058,0.0033258868729854154,0.3829286423037013,0.39596616110771027,0.4521608806298669,0.05588229244016997,0.3391282751202962,0.5651934861394377,0.4521608806298669,0.04768016451246212,0.35536500063283694,0.5489567606268969,0,0,0,205.52305381811698,0.6863
843,1220559,2.576676707944898,0.43752761652163746,0.003140438628852212,0.43137233685637566,0.44368289618689927,0.5093747349024327,0.04454850605113243,0.4192668762116044,0.599482593593261,0.5093747349024327,0.03517506911433601,0.4379655482166654,0.5807839215882,0,0,0,125.45538206639098,0.7488
844,1221559,2.5761324477769976,0.4425021897115314,0.0032423605152851775,0.4361471425013024,0.4488572369217604,0.5090767462119478,0.04372173973536406,0.42064118024101643,0.597512312182879,0.5090767462119478,0.03386338161728535,0.4403304267133299,0.5778230657105656,0,0,0,109.07822084451465,0.7477
845,1222559,2.5735427061150324,0.39267412318955774,0.003671349576538753,0.3854782546936987,0.3998699916854168,0.46426407258990887,0.05676513791161842,0.3494457435614438,0.5790824016183739,0.46426407258990887,0.05251202640191252,0.3576589914628949,0.5708691537169228,0,0,0,204.58136769357208,0.6221
846,1223559,2.574368108739613,0.41404669743101047,0.003352474652987442,0.4074758258112771,0.4206175690507438,0.4883466764549112,0.05251502241623509,0.38212501744806554,0.5945683354617568,0.4883466764549112,0.04150456177789481,0.4040879365310508,0.5726054163787716,0,0,0,153.27123598473648,0.734
847,1224559,2.5758391849340323,0.3799133161495562,0.0034897473943706655,0.37307338908455223,0.38675324321456017,0.45889878926582184,0.05107812006457645,0.3555835395986556,0.5622140389329882,0.45889878926582184,0.04563309315998525,0.36625868505114934,0.5515388934804943,0,0,0,170.99044085102346,0.6797
848,1225559,2.5742815863009008,0.3984566776833256,0.0035845326589714088,0.39143097089748796,0.40548238446916324,0.44767620320830853,0.054786840407044166,0.3368593585794772,0.5584930478371398,0.44767620320830853,0.048648958032086305,0.34891356780625193,0.5464388386103651,0,0,0,184.19676673749638,0.6411
849,1226559,2.577253871513811,0.4371920344000442,0.003477328515451695,0.43037644841662454,0.4440076203834639,0.49807412907812904,0.0470688119881242,0.4028684704528328,0.5932797877034253,0.49807412907812904,0.03645231467318288,0.42407199605702417,0.5720762620992339,0,0,0,109.8901528346534,0.7991
850,1227559,2.5744029063957448,0.3345784126922773,0.0039668242532070255,0.32680341195285617,0.3423534134316984,0.41122447990007716,0.06766950991801093,0.2743499766255789,0.5480989831745754,0.41122447990007716,0.05646128635048766,0.2966019748407393,0.525846984959415,0,0,0,202.58888635528854,0.6984
851,1228559,2.5755792671269306,0.44217893511347056,0.0035450225639309823,0.43523066836493873,0.4491272018620024,0.5232888755972767,0.05130095282707777,0.41952290412471227,0.627054847069841,0.5232888755972767,0.04241506235550083,0.4371817212321418,0.6093960299624115,0,0,0,143.15357955331854,0.846
852,1229559,2.5759431020288694,0.4013140168087744,0.0027016952708230606,0.3960186769127965,0.40660935670475223,0.4488555753502898,0.03939858952584124,0.3691644060541153,0.5285467446464643,0.4488555753502898,0.03491831299920099,0.37796763128948485,0.5197435194110948,0,0,0,167.04511582888932,0.695
853,1230559,2.5754487189449535,0.49826558943421134,0.0030329308201405337,0.49232102575707304,0.5042101531113496,0.5889636671081758,0.0433572268093386,0.5012653981229522,0.6766619360933994,0.5889636671081758,0.03256931948574542,0.5228444334024457,0.655082900813906,0,0,0,115.3167409631109,0.8638
854,1231559,2.573457623453557,0.40647984243562124,0.003077161823467871,0.4004485857109406,0.4125110991603019,0.4783549830013039,0.04100427466568336,0.3954160089523328,0.5612939570502751,0.4783549830013039,0.02944605533998314,0.4185763125999058,0.538133653402702,0,0,0,91.57007636651143,0.686
855,1232559,2.5767527244083106,0.4508299580262001,0.003224991904581851,0.4445089534033007,0.45715096264909943,0.5211797731810197,0.04214061675906664,0.4359423302977067,0.6064172160643327,0.5211797731810197,0.036029377652781684,0.44803624795818187,0.5943232984038576,0,0,0,124.81197727557495,0.833
856,1233559,2.575715611966267,0.3978804970140751,0.003647346738534377,0.3907316742332061,0.40502931979494405,0.4497245117044001,0.05565046674738703,0.33716081791865266,0.5622882054901475,0.4497245117044001,0.050178156695063515,0.34785743797276364,0.5515915854360365,0,0,0,189.26717632901375,0.6715
857,1234559,2.576290758226856,0.40540006030304243,0.0034984025215288213,0.3985431691338183,0.41225695147226654,0.48068817484099885,0.054701515386015635,0.3700439163574539,0.5913324333245438,0.48068817484099885,0.043599294181996776,0.3921769020560082,0.5691994476259895,0,0,0,155.31713201885117,0.6543
858,1235559,2.5745059502852414,0.45503279839424793,0.003811891118663974,0.44756146758289567,0.4625041292056002,0.5524233051906848,0.04392998158400188,0.4635665303233421,0.6412800800580275,0.5524233051906848,0.03513950272984408,0.48108632210405383,0.6237602882773159,0,0,0,84.97873238014259,0.7212
859,1236559,2.5752033542752963,0.39904009923221995,0.0036961801196649506,0.3917955627140732,0.4062846357503667,0.4728666664166641,0.04372292164088222,0.38442870981617283,0.5613046230171553,0.4728666664166641,0.033210747128304734,0.40544526536837533,0.5402880674649528,0,0,0,80.73299017395414,0.719
860,1237559,2.577884249182537,0.4191453555814798,0.0030453456980284624,0.4131764586648035,0.4251142524981561,0.4578773634170358,0.04096870860514871,0.3750103285157696,0.540744398318302,0.4578773634170358,0.036148913656586165,0.38449116720516313,0.5312635596289084,0,0,0,140.9020468013653,0.6885
861,1238559,2.57513528577125,0.4504902782654517,0.003406940256310739,0.4438126537171586,0.45716790281374475,0.48601287648868474,0.04731584767462554,0.39030754102337717,0.5817182119539923,0.48601287648868474,0.040404964037126165,0.40398643865624495,0.5680393143211245,0,0,0,140.6502191898848,0.7575
862,1239559,2.57715317782289,0.36596526086422176,0.0032350617756265,0.35962451923009614,0.3723060024983474,0.4488151098666349,0.035825553269726355,0.37635108856266614,0.5212791311706036,0.4488151098666349,0.028624933606107177,0.39070340520723706,0.5069268145260327,0,0,0,78.29315956371136,0.7154
863,1240559,2.5744472555716924,0.39294122666673215,0.0031515818460901043,0.3867641062248859,0.3991183471085784,0.44978797960147693,0.038132328740451193,0.3726580644983095,0.5269178947046443,0.44978797960147693,0.03009979701317483,0.3886821430463047,0.5108938161566491,0,0,0,91.2157751868606,0.6568
864,1241559,2.576239265057395,0.4191583149361375,0.0029382588043165682,0.41339930901151084,0.4249173208607641,0.4746385824666311,0.03643120278999073,0.40094951937729895,0.5483276455559633,0.4746385824666311,0.029959831930225285,0.41381689013603296,0.5354602747972292,0,0,0,103.96775185133207,0.7153
865,1242559,2.57526141559625,0.3987180543399752,0.0032303435486306683,0.3923865604607386,0.4050495482192118,0.47392722162209977,0.04537357212298325,0.3821505092793085,0.565703933964891,0.47392722162209977,0.0398766807666759,0.3929732558453631,0.5548811873988364,0,0,0,152.3844243257857,0.718
866,1243559,2.573991289573469,0.3892559039500494,0.0032493249075796872,0.382887206486675,0.39562460141342376,0.45570043596014004,0.03644997465656555,0.3819734031867349,0.5294274687335452,0.45570043596014004,0.03089508785971255,0.39298007315214667,0.5184207987681334,0,0,0,90.40502902071586,0.699
867,1244559,2.573283039652455,0.39518163253932914,0.0033492553059080547,0.3886170708603255,0.4017461942183328,0.46990560426059413,0.04289988463643872,0.383132397135845,0.5566788113853433,0.46990560426059413,0.035318910062032124,0.39820440492650194,0.5416068035946864,0,0,0,111.20340299980249,0.8682
868,1245559,2.5761418542689722,0.4377363380076155,0.003328533467277109,0.43121239126398425,0.4442602847512468,0.5076309359687738,0.04324761486248066,0.42015437807318734,0.5951074938643603,0.5076309359687738,0.027411020705082594,0.4519836055139514,0.5632782664235964,0,0,0,67.81793463054285,0.8098
869,1246559,2.575356662852334,0.3930223430449466,0.003391764168966433,0.3863744637242693,0.3996702223656239,0.4994055243088817,0.05150460705883691,0.39522762327091104,0.6035834253468524,0.4994055243088817,0.04023891101553684,0.4177161920320803,0.581094856585683,0,0,0,140.74764662987434,0.7456
870,1247559,2.575771004476376,0.5138480956591198,0.0034506920065256875,0.5070847174024297,0.52061147391581,0.5892656515225824,0.048504611474383,0.491155814313437,0.6873754887317277,0.5892656515225824,0.03632731210679652,0.5155172872025501,0.6630140158426147,0,0,0,110.82918375589726,0.6528
871,1248559,2.5745598800144114,0.387077576906728,0.003066173456522335,0.38106785745107496,0.39308729636238104,0.4689209846864147,0.04507500894228647,0.37774817337827604,0.5600937959945533,0.4689209846864147,0.03781635045249725,0.3921497118153066,0.5456922575575228,0,0,0,152.11280981283073,0.7837
872,1249559,2.574110560216639,0.3590405693776872,0.0034486830944092926,0.35228112860150873,0.36580001015386565,0.4705110291106927,0.0525578704116453,0.3642027018525891,0.5768193563687963,0.4705110291106927,0.04394865941005961,0.38129050720635665,0.5597315510150287,0,0,0,162.39950006197185,0.7718
873,1250559,2.5729903849617393,0.4050625368710104,0.003752287833261703,0.3977080288777348,0.412417044864286,0.4866031217513197,0.048336640960788164,0.3888330369748565,0.5843732065277829,0.4866031217513197,0.039438503833998516,0.4065387024395878,0.5666675410630516,0,0,0,110.47107278065738,0.6542
874,1251559,2.575702408282192,0.4136258484376274,0.0035532878377761336,0.40666138169984584,0.42059031517540896,0.4771093363389882,0.050037412860932225,0.37589911568305,0.5783195569949264,0.4771093363389882,0.03624940214983932,0.4035191376402644,0.5506995350377121,0,0,0,104.07368155420558,0.7628
875,1252559,2.5742532709946984,0.4628223300589278,0.0035009191681571314,0.4559605062463227,0.4696841538715329,0.568786695196085,0.04710590786130834,0.4735060030849284,0.6640673873072417,0.568786695196085,0.038483621513179994,0.4906607900543929,0.6469126003377772,0,0,0,120.83359656498595,0.7083
876,1253559,2.5755258001566976,0.4279320459523826,0.003483813215878098,0.4211037499149268,0.43476034198983843,0.4789324466468709,0.05163838750736008,0.37448394911039395,0.5833809441833478,0.4789324466468709,0.04717808977477714,0.38315583255538943,0.5747090607383524,0,0,0,183.38802790730864,0.7263
877,1254559,2.5745689843240727,0.41941017634037625,0.0031811334901553257,0.41317513448840637,0.42564521819234613,0.4811262159405956,0.04624648328693933,0.38758387411247164,0.5746685577687196,0.4811262159405956,0.0352048869215923,0.4096564958879143,0.5525959359932769,0,0,0,122.47349735825526,0.7022
878,1255559,2.5741657974619336,0.4285931532973032,0.003679025803619614,0.4213822393475949,0.4358040672470115,0.4889265412461511,0.06266949575001074,0.362165521229322,0.6156875612629802,0.4889265412461511,0.04868505830779021,0.390090618388176,0.5877624641041262,0,0,0,175.11595674291945,0.7806
879,1256559,2.5754403391995075,0.4323781680726885,0.0035081341742790586,0.42550220280224405,0.4392541333431329,0.4893682527265467,0.049679603601807204,0.38888176961014576,0.5898547358429477,0.4893682527265467,0.046950936588979766,0.39405278411847977,0.5846837213346137,0,0,0,179.11672073491528,0.6229
880,1257559,2.5741808831060617,0.4484152969748703,0.003376824457715323,0.44179669958316437,0.45503389436657626,0.5108844743440656,0.04248947588382267,0.4249413972767366,0.5968275514113945,0.5108844743440656,0.030960684346304695,0.44803094358857615,0.5737380050995551,0,0,0,84.06285465378376,0.7857
881,1258559,2.5746518136126864,0.42620422775081784,0.0030215301319912527,0.4202820094948862,0.4321264460067495,0.49597821170275663,0.0418079977631112,0.41141355424239445,0.5805428691631188,0.49597821170275663,0.032167386534788324,0.43067494526738953,0.5612814781381237,0,0,0,113.33856151563586,0.7857
882,1259559,2.575799395062432,0.4211940738659179,0.002992165100661942,0.4153294112579618,0.427058736473874,0.4760331229456887,0.04968562709463045,0.37553445616504727,0.5765317897263302,0.4760331229456887,0.04286413118700904,0.3890143103853789,0.5630519355059985,0,0,0,205.2187058164564,0.7057
883,1260559,2.576043332679642,0.3937047215396225,0.002978310593845762,0.3878672138530504,0.3995422292261946,0.42967834489680823,0.04218925970049854,0.344342512377537,0.5150141774160795,0.42967834489680823,0.03622889595091919,0.35612977599509044,0.503226913798526,0,0,0,147.96882539000975,0.7629
884,1261559,2.5752352506928706,0.41718159891628925,0.003996177961544493,0.40934906472202853,0.42501413311055,0.5522444267523627,0.05143840933879138,0.4482004232416553,0.6562884302630702,0.5522444267523627,0.03764744940678904,0.4758160412332367,0.6286728122714889,0,0,0,88.752679974167,0.7364
885,1262559,2.575333820543963,0.40487703987094914,0.0031872449860447442,0.39863001944820675,0.41112406029369153,0.47100281773014896,0.041730252852915546,0.38659541419371857,0.5554102212665794,0.47100281773014896,0.03165751216786903,0.40673465128947633,0.5352709841708215,0,0,0,98.65581116165306,0.7985
886,1263559,2.5745566460446243,0.4226484328101477,0.003296401401971617,0.4161874651186656,0.42910940050162977,0.5076805409094759,0.04236624071873519,0.42198673049159857,0.5933743513273533,0.5076805409094759,0.03394251728547081,0.4387735674634673,0.5765875143554845,0,0,0,106.02491069696856,0.6433
887,1264559,2.574206541323845,0.36263099380719327,0.0030462195432564418,0.3566603841483182,0.36860160346606835,0.41979074068455025,0.037667208635780935,0.34360161979382586,0.4959798615752746,0.41979074068455025,0.03306185658683524,0.3526716035049402,0.4869098778641603,0,0,0,117.79641552112541,0.7375
888,1265559,2.5752725684582187,0.48618959715188437,0.0029440313802550225,0.4804192769417424,0.4919599173620263,0.5211068062884181,0.046922410633369424,0.42619727235406546,0.6160163402227707,0.5211068062884181,0.04045017567951251,0.43898858394232054,0.6032250286345157,0,0,0,188.77998822407716,0.7669
889,1266559,2.575635204739679,0.3920529861519086,0.003857745988512634,0.38449177950431496,0.3996141927995022,0.4853680272604619,0.05152847406919265,0.3811418506373563,0.5895942038835675,0.4853680272604619,0.04515378273689891,0.39370097493579,0.5770350795851338,0,0,0,137.00014326659988,0.6914
890,1267559,2.5714291151206914,0.37266236261604474,0.003838058899393191,0.3651397427882067,0.38018498244388277,0.45455493804202257,0.04745542396078769,0.3585672828900424,0.5505425931940028,0.45455493804202257,0.039262725348140716,0.3748473680280464,0.5342625080559987,0,0,0,104.64960988311186,0.7953
891,1268559,2.5730301915106284,0.4472016707577884,0.003639349008169848,0.4400685235792473,0.45433481793632946,0.5035493473482417,0.03999309742302438,0.4226556723265448,0.5844430223699387,0.5035493473482417,0.031119121526276522,0.4403741720175619,0.5667245226789216,0,0,0,73.11512817728207,0.7081
892,1269559,2.574880148641404,0.4547361998804594,0.003491120466897536,0.447893581584579,0.4615788181763398,0.5443708105598056,0.04612955645400866,0.45106497557495917,0.6376766455446521,0.5443708105598056,0.031231205231438703,0.4809680932106484,0.6077735279089629,0,0,0,80.02907887445032,0.815
893,1270559,2.5754418730215876,0.4113020834243918,0.003653354921534577,0.40414148456666954,0.41846268228211403,0.4970318729399261,0.051975175383355304,0.3919021576246952,0.6021615882551571,0.4970318729399261,0.04321369223024104,0.40930341373434354,0.5847603321455087,0,0,0,139.91330567027003,0.7815
894,1271559,2.575987603025282,0.42451873632344855,0.003094437908152924,0.418453618363022,0.43058385428387513,0.4813980981801436,0.04164721946226938,0.39715864552903307,0.5656375508312541,0.4813980981801436,0.03380204524935175,0.4127762981283578,0.5500198982319294,0,0,0,119.32251872921768,0.8571
895,1272559,2.5747047598392334,0.43719320272919965,0.0036213877398336407,0.43009525975071405,0.44429114570768524,0.4837391517261958,0.04827372088002246,0.3860963348257854,0.5813819686266062,0.4837391517261958,0.03916139315213852,0.40423729700671074,0.5632410064456809,0,0,0,116.94084094928593,0.8864
896,1273559,2.5747444569651523,0.4320884905494457,0.0035292773838277486,0.4251710844539529,0.4390058966449385,0.4861600905285537,0.051071212799370644,0.3828588121240015,0.5894613689331059,0.4861600905285537,0.04535810631046842,0.39407823929724983,0.5782419417598575,0,0,0,165.17269044865267,0.7297
897,1274559,2.573970084613406,0.337259158966175,0.00308624269832044,0.33121010366908815,0.3433082142632618,0.4096603554447204,0.04464765256265937,0.3193519540052733,0.49996875688416753,0.4096603554447204,0.03643305208993496,0.3356973275465857,0.4836233833428551,0,0,0,139.3576963242116,0.8522
898,1275559,2.5751585363883573,0.4052187163609332,0.0033680110101303702,0.3986173933824898,0.4118200393393766,0.5006917839113998,0.04704639260168071,0.4055314727754956,0.595852095047304,0.5006917839113998,0.038456933195956236,0.42262005893409527,0.5787635088887043,0,0,0,130.37739235370702,0.7865
899,1276559,2.5761751891686937,0.4428354850508773,0.003945681876252572,0.4351019235046145,0.45056904659714003,0.5243676997618265,0.05726084903156365,0.40854670035208696,0.6401886991715661,0.5243676997618265,0.0466887802309505,0.42958443685463604,0.619150962669017,0,0,0,140.01704952072376,0.7963
900,1277559,2.575208238229561,0.4666495536896357,0.0035372533352240553,0.4597165146787311,0.47358259270054026,0.5423608150672269,0.045836789444009714,0.4496471572551916,0.6350744728792621,0.5423608150672269,0.03843890539019989,0.4643256884813173,0.6203959416531365,0,0,0,118.08906782700193,0.7761
901,1278559,2.5757310809731537,0.4424983613390517,0.0033192339716512777,0.4359926416659312,0.44900408101217215,0.5322754014656561,0.05507645396611508,0.4208727581205725,0.6436780448107398,0.5322754014656561,0.04925565958774185,0.4322810964253814,0.6322697065059308,0,0,0,220.2097504442721,0.8523
902,1279559,2.57443865723532,0.4810771941650655,0.0036414170885464303,0.4739399935358468,0.4882143947942842,0.4980846165017708,0.052894605211260916,0.39109517882202427,0.6050740541815174,0.4980846165017708,0.04790367245030252,0.4008349912681042,0.5953342417354375,0,0,0,173.06002667542657,0.7821
903,1280559,2.5773944198291976,0.4333429990394933,0.0037167204466235504,0.42605820335000516,0.44062779472898145,0.5038244930085846,0.05612784439634672,0.3902952117868579,0.6173537742303112,0.5038244930085846,0.04712659444458046,0.40815241999520324,0.5994965660219659,0,0,0,160.7727055886977,0.6688
904,1281559,2.5750197840941973,0.41582406573684966,0.003192858723197787,0.40956604235362054,0.4220820891200788,0.5035608673202607,0.05081053938765596,0.40078685065867886,0.6063348839818427,0.5035608673202607,0.04384315027758827,0.4145545403422576,0.5925671942982639,0,0,0,188.55762502645922,0.7398
905,1282559,2.5747395500361794,0.4343085834441733,0.0033652971139184066,0.427712579719548,0.44090458716879855,0.5183770788238927,0.04010569628659263,0.4372556511032498,0.5994985065445356,0.5183770788238927,0.02714653626992591,0.4632666803177807,0.5734874773300048,0,0,0,65.07018211614572,0.7576
906,1283559,2.5740462111808924,0.435503032640617,0.0029793468406827477,0.42966349390366065,0.4413425713775734,0.5277539387049683,0.04465144854187319,0.4374378591728328,0.618070018237104,0.5277539387049683,0.03328154541559394,0.46018880949234725,0.5953190679175895,0,0,0,124.78570576719086,0.7986
907,1284559,2.575085702007807,0.46649290721680126,0.003175320669734622,0.4602692585297876,0.4727165559038149,0.5561771180433132,0.03974439512322947,0.4757864909052036,0.6365677451814227,0.5561771180433132,0.03186835599391677,0.4914809158797584,0.6208733202068679,0,0,0,100.72659171345839,0.7472
908,1285559,2.5746522799740714,0.4721991149440412,0.00327465363832663,0.4657807730074773,0.47861745688060514,0.5332644950905446,0.042493765122411375,0.44731274221926837,0.6192162479618208,0.5332644950905446,0.03545266606894189,0.4612917566263738,0.6052372335547155,0,0,0,117.21064548572465,0.8602
909,1286559,2.575386422522503,0.4356360825868263,0.0034544478777019548,0.42886534279876776,0.4424068223748848,0.5179957382445699,0.04491324021947962,0.42715013506319865,0.6088413414259412,0.5179957382445699,0.038163854947187645,0.4405189937436882,0.5954724827454516,0,0,0,122.05264194394954,0.7718
910,1287559,2.574417035725671,0.4747973394953041,0.0030986007506186223,0.4687240623371962,0.480870616653412,0.5653143202037911,0.05092167925269555,0.4623155019463395,0.6683131384612427,0.5653143202037911,0.040526191996380266,0.48304177653014396,0.6475868638774382,0,0,0,171.05680330885173,0.7848
911,1288559,2.5762982987724867,0.46504413419611546,0.003431071015585969,0.4583192132063287,0.47176905518590223,0.5847261580754521,0.0519718785269912,0.47960311128165356,0.6898492048692507,0.5847261580754521,0.03835758445455488,0.5068561217657281,0.6625961943851761,0,0,0,124.98073825365313,0.7068
912,1289559,2.572863100087299,0.4510204268828302,0.0035149503968261863,0.4441311017728867,0.45790975199277373,0.5217027732738846,0.05044632689007371,0.41966544592412625,0.6237401006236429,0.5217027732738846,0.03841792661879148,0.4437102358581361,0.599695310689633,0,0,0,119.46190724910736,0.7325
913,1290559,2.5763193683083165,0.36924472260992314,0.0035019782716613217,0.3623808229477209,0.3761086222721254,0.42272471437660786,0.04335879201965501,0.33502327945468935,0.5104261492985264,0.42272471437660786,0.03735556364919897,0.3468888884481087,0.498560540305107,0,0,0,113.7846540041516,0.7453
914,1291559,2.5747810515977028,0.47682096553988806,0.003484808638455412,0.4699907184678563,0.48365121261191985,0.5471323134893921,0.04444291899228891,0.45723802478375997,0.6370266021950242,0.5471323134893921,0.041929402610988244,0.46201110082202423,0.6322535261567599,0,0,0,144.77030200668398,0.7937
915,1292559,2.575262950505112,0.4309106476568894,0.003429319119354382,0.42418916039484716,0.43763213491893166,0.4819532527685967,0.04936984785320996,0.38209330979231254,0.5818131957448809,0.4819532527685967,0.037278907917068886,0.40627304624964067,0.5576334592875527,0,0,0,118.17090483045293,0.7236
916,1293559,2.5765953716392036,0.4143078801926058,0.003100720313955803,0.4082304486768904,0.42038531170832116,0.4640071806910561,0.038511826547181924,0.38610965882004056,0.5419047025620717,0.4640071806910561,0.03169808890106873,0.3996566391026123,0.5283577222795,0,0,0,104.50593837923748,0.6678
917,1294559,2.5741474249657075,0.44076227922183964,0.0035256571564155717,0.43385196879507576,0.4476725896486035,0.4985780595564992,0.051908763928126926,0.39358267408874514,0.6035734450242533,0.4985780595564992,0.043988592286598974,0.40927646960290276,0.5878796495100956,0,0,0,155.66822438352236,0.7192
918,1295559,2.5751075870573312,0.389765897393512,0.003401233815210033,0.383099457506032,0.3964323372809919,0.4646917483987817,0.05139421205242881,0.3607371423378901,0.5686463544596733,0.4646917483987817,0.04366908267684522,0.37603879743709856,0.5533446993604648,0,0,0,164.8447657988295,0.7025
919,1296559,2.5742958989412283,0.3808954072725567,0.0029857369302395925,0.37504334391946964,0.3867474706256438,0.43880236895600444,0.03586909463100364,0.36625027693593404,0.5113544609760748,0.43880236895600444,0.026513764154077697,0.38497656613905157,0.4926281717729573,0,0,0,78.85689956776683,0.7897
920,1297559,2.5748931378668547,0.4491362330680162,0.0033689842572461335,0.44253300251904243,0.45573946361698997,0.5279648399494802,0.0428499979715166,0.44129253812889996,0.6146371417700605,0.5279648399494802,0.027625797470918964,0.47188148947952935,0.584048190419431,0,0,0,67.240616094706,0.6824
921,1298559,2.5755564744883404,0.46732608814863724,0.0035329020581999332,0.46040157766834566,0.4742505986289288,0.565950849028594,0.051575426813534414,0.46162970151583754,0.6702719965413506,0.565950849028594,0.03598062257109039,0.49290630188364026,0.6389953961735478,0,0,0,103.72278083098533,0.8202
922,1299559,2.5739451228264025,0.42362460733377993,0.0033881518898970214,0.41698380810302926,0.4302654065645306,0.4781602367788788,0.05115268915902662,0.37469415688145286,0.5816263166763048,0.4781602367788788,0.03959598952984473,0.3977761045074235,0.5585443690503341,0,0,0,136.57671374795592,0.7025
923,1300559,2.5754576777294287,0.4668465422531242,0.003299596519646417,0.46037931211069943,0.473313772395549,0.5187721699246927,0.046249090933297626,0.42522455363395706,0.6123197862154283,0.5187721699246927,0.03647769782390886,0.444718506368055,0.5928258334813303,0,0,0,122.21743618389893,0.8224
924,1301559,2.5746339713294923,0.4470002676669136,0.003036266503244329,0.4410491660296987,0.4529513693041285,0.517790245246806,0.04347689892612074,0.42984991655758553,0.6057305739360264,0.517790245246806,0.028121432641078158,0.4607007018883952,0.5748797886052167,0,0,0,85.78179055334405,0.7153
925,1302559,2.574458934766496,0.3926323248709956,0.003171860979064445,0.38641545719967657,0.3988491925423146,0.49268396102913864,0.04602739193811359,0.3995847732829431,0.5857831487753342,0.49268396102913864,0.030252939976018467,0.43126722773094184,0.5541006943273354,0,0,0,90.97181993642216,0.7792
926,1303559,2.576239294614146,0.42564786902258117,0.0033306435604580206,0.41911978648290893,0.4321759515622534,0.4862805814909247,0.04382641704958559,0.39763328566698364,0.5749278773148657,0.4862805814909247,0.03326831220896032,0.4187423171160067,0.5538188458658427,0,0,0,99.77120591607714,0.7355
927,1304559,2.5751049030142372,0.4133543639715876,0.0031942238239410048,0.40709366498222865,0.4196150629609465,0.45931799652969374,0.04823469302009382,0.36175412092718945,0.556881872132198,0.45931799652969374,0.04245195403822497,0.3731359480669741,0.5455000449924134,0,0,0,176.6300865228073,0.7708
928,1305559,2.576049006377877,0.46591274503848745,0.003535675955813546,0.4589827977012493,0.4728426923757256,0.5643783989341722,0.047802116820164,0.46768949128348997,0.6610673065848545,0.5643783989341722,0.0371981675369932,0.4888621041009378,0.6398946937674066,0,0,0,110.68739892363217,0.7309
929,1306559,2.574776148766588,0.43750873777306737,0.00328682749970036,0.43106653499086456,0.4439509405552702,0.5012078264759436,0.037438070147050626,0.425482181925805,0.5769334710260823,0.5012078264759436,0.032617308061530126,0.4349911707820475,0.5674244821698398,0,0,0,98.47872270866624,0.7478
930,1307559,2.574726336992919,0.39873738643261525,0.0035921088287633805,0.39169683030585034,0.40577794255938016,0.4650476280347429,0.04838049926463023,0.3671888314653302,0.5629064246041556,0.4650476280347429,0.038925441707294735,0.38602478021411735,0.5440704758553685,0,0,0,117.42704364225703,0.7652
931,1308559,2.57594940489506,0.41507670268833163,0.003420045805160521,0.40837339118102717,0.4217800141956361,0.5342076105370674,0.05978622746442679,0.413278551101519,0.6551366699726159,0.5342076105370674,0.04707855025581689,0.4386330724122014,0.6297821486619335,0,0,0,189.48826354571162,0.7057
932,1309559,2.5746254343054495,0.40462514551186496,0.0033990356310448695,0.3979630140793149,0.411287276944415,0.4640149629209594,0.056306358875073195,0.3501246020840176,0.5779053237579013,0.4640149629209594,0.04956376978217367,0.3633951609321939,0.5646347649097249,0,0,0,212.6264203671522,0.7834
933,1310559,2.574149903353047,0.38306771855978644,0.002888703580109601,0.37740584118945353,0.38872959593011935,0.4698103618796525,0.037587161302065804,0.39378315200400693,0.5458375717552981,0.4698103618796525,0.03376786121479246,0.4012579591074451,0.53836276465186,0,0,0,136.64732962305501,0.7624
934,1311559,2.575929738223541,0.42145948240180586,0.003311407029516954,0.414969103584997,0.4279498612186147,0.4935609471185622,0.05381778142000937,0.3847042093037862,0.6024176849333382,0.4935609471185622,0.04516989736944486,0.4018611803505979,0.5852607138865265,0,0,0,186.0685935231155,0.6769
935,1312559,2.5759039366238654,0.3966078257277381,0.0028904525301322727,0.39094252040424887,0.40227313105122736,0.455471218855445,0.04181195448096309,0.37089855817781064,0.5400438795330794,0.455471218855445,0.03462860897211162,0.38517140523688026,0.5257710324740097,0,0,0,143.52858719485533,0.7869
936,1313559,2.575382199528666,0.4191706049110253,0.0035054650332553244,0.41229987117394573,0.4260413386481049,0.5211715453248718,0.05419410868565466,0.41155361376691274,0.6307894768828308,0.5211715453248718,0.047304167201340175,0.42513898045015125,0.6172041101995922,0,0,0,182.09898423711073,0.6659
937,1314559,2.5751030890038513,0.3994838834099725,0.0029675884050099828,0.39366739128164174,0.4053003755383032,0.4786092237113512,0.04293550782281904,0.3917639618909678,0.5654544855317345,0.4786092237113512,0.030209014295983157,0.41728166428444785,0.5399367831382546,0,0,0,103.62529462817012,0.7691
938,1315559,2.5739332982713603,0.4383832036712717,0.0037038038767886073,0.4311237245407252,0.44564268280181824,0.5148022036003556,0.04478645725025055,0.42421304317965924,0.6053913640210519,0.5148022036003556,0.03656305968785985,0.4405752462469408,0.5890291609537703,0,0,0,97.45162806189755,0.7045
939,1316559,2.5753563688233347,0.4233661035547783,0.0030374564604528213,0.41741266959387435,0.4293195375156822,0.506065926644889,0.03860311716903531,0.42798375206196615,0.5841481012278119,0.506065926644889,0.029442314076665924,0.44629485141181285,0.5658370018779652,0,0,0,93.95583568496812,0.7609
940,1317559,2.5742262816973343,0.42017061427900415,0.0028332282597658487,0.4146174688890063,0.425723759669002,0.49071634400883596,0.03777772533618547,0.41430368199169093,0.567129006025981,0.49071634400883596,0.03139466507972726,0.42698178552571747,0.5544509024919544,0,0,0,122.78592285558784,0.7882
941,1318559,2.57720318571071,0.42943398114352027,0.003248880531536687,0.4230661546600135,0.435801807627027,0.5055078023821395,0.04329829227114055,0.41792873975220574,0.5930868650120734,0.5055078023821395,0.033094599039162655,0.4383221944904693,0.5726934102738098,0,0,0,103.76401411068753,0.7472
942,1319559,2.5760989478707206,0.44395598016640925,0.0031931511253745423,0.43769738367305594,0.45021457665976256,0.5233172755425015,0.040561585974597386,0.44127372388939295,0.60536082719561,0.5233172755425015,0.031648428175554126,0.45906755058664755,0.5875670004983555,0,0,0,98.23479531014094,0.6815
943,1320559,2.574713822327642,0.42634574212264437,0.0030418546312188997,0.42038368771909523,0.4323077965261935,0.4866287457170424,0.03606349904540065,0.41368343365315613,0.5595740577809287,0.4866287457170424,0.029453177250021112,0.42683561706961193,0.5464218743644729,0,0,0,93.75347868554968,0.7276
944,1321559,2.5759257565727625,0.3462270262215529,0.0030035996353147245,0.34033995185302823,0.35211410059007753,0.4084419947782209,0.04295904074634228,0.3215491331271052,0.4953348564293366,0.4084419947782209,0.035785331789042384,0.33579390899821693,0.4810900805582249,0,0,0,141.94693209497646,0.6963
945,1322559,2.573167701439473,0.40897509772065843,0.00333516027842799,0.40243816238506813,0.41551203305624873,0.4571324573269587,0.05173848398169226,0.3524814955607224,0.561783419093195,0.4571324573269587,0.049103085734384114,0.3574478936760292,0.5568170209778882,0,0,0,216.7624995517967,0.7632
946,1323559,2.5749114332122995,0.3666351542438999,0.003377081458301648,0.36001605312941193,0.3732542553583879,0.46623138167584827,0.052750384577579176,0.3595336577623317,0.5729291055893648,0.46623138167584827,0.03576971465571274,0.39361500036203334,0.5388477629896632,0,0,0,112.18838047133279,0.6279
947,1324559,2.5748481987816967,0.4036460891834238,0.003422467935869789,0.3969380302845402,0.4103541480823074,0.47836896910925597,0.042155728986597675,0.3931009588605344,0.5636369793579775,0.47836896910925597,0.03474539080885237,0.4078320757580482,0.5489058624604637,0,0,0,103.06604849288554,0.8705
948,1325559,2.5755889421528693,0.410762729142036,0.003918683911980554,0.4030820837772774,0.4184433745067946,0.5270926797661422,0.047167262848805694,0.43168788547887565,0.6224974740534086,0.5270926797661422,0.037111502707924744,0.4517523238895001,0.6024330356427843,0,0,0,89.68846933469182,0.692
949,1326559,2.574817710427896,0.4032426546540135,0.0031517315205547873,0.3970652408492655,0.4094200684587615,0.431636898011322,0.040407624115337375,0.3499047636129706,0.5133690324096734,0.431636898011322,0.034009887166605045,0.3625931564354975,0.5006806395871465,0,0,0,116.44261551456286,0.732
950,1327559,2.5738786403862735,0.39919730209604354,0.0029876604303043447,0.39334146867060865,0.4050531355214784,0.4345922290450472,0.043980610390428866,0.3456330477506523,0.5235514103394421,0.4345922290450472,0.040784878988898696,0.3517945228569531,0.5173899352331413,0,0,0,186.35278423896344,0.7492
951,1328559,2.5749818384909298,0.4144901106898033,0.0037808218729997907,0.4070796757973506,0.421900545582256,0.4832009581140972,0.04681051285490614,0.3885177588002145,0.5778841574279798,0.4832009581140972,0.040903441872449244,0.40016255647611093,0.5662393597520834,0,0,0,117.0434929460089,0.6267
952,1329559,2.575060774308639,0.42053080205868665,0.0033818765217583863,0.4139023025893581,0.4271593015280152,0.5051623040969041,0.051167774270401735,0.4016657116816719,0.6086588965121362,0.5051623040969041,0.040585400652102366,0.4227695604618545,0.5875550477319538,0,0,0,144.020456051625,0.7989
953,1330559,2.576035279152794,0.4837601554855668,0.0029872956296197804,0.4779050370717914,0.4896152738993422,0.5395572613674097,0.05437946396706146,0.42956441336476825,0.6495501093700511,0.5395572613674097,0.05051655070377425,0.43700321127581715,0.6421113114590022,0,0,0,285.96374176776044,0.6785
954,1331559,2.574551681605164,0.3942229066152403,0.00282914368052207,0.3886777670265115,0.39976804620396905,0.4311441796586758,0.044812398980311446,0.34050254713613526,0.5217858121812163,0.4311441796586758,0.041213965725973675,0.34747538108373877,0.5148129782336128,0,0,0,212.21633165908776,0.7069
955,1332559,2.574691993214903,0.4117814861583592,0.003100718037095513,0.40570405910530444,0.41785891321141394,0.48625522207436134,0.04308592881316937,0.39910570508261345,0.5734047390661092,0.48625522207436134,0.037502454428147605,0.4101211920109317,0.5623892521377909,0,0,0,146.28332822133166,0.7927
956,1333559,2.575450889099763,0.3869846855142954,0.0030376891734310656,0.38103079543447554,0.3929385755941152,0.4631434781970984,0.04280832930641034,0.37655545920707867,0.5497314971871181,0.4631434781970984,0.035760234527345926,0.3905463425670418,0.535740613827155,0,0,0,138.5843056113722,0.7483
957,1334559,2.5734108205517465,0.40749020414593323,0.00347029143046742,0.4006884108937927,0.41429199739807376,0.46979372882217296,0.04646786513966627,0.3758035999306773,0.5637838577136687,0.46979372882217296,0.035930715377928024,0.3968504986657348,0.5427369589786112,0,0,0,107.20124583736781,0.7767
958,1335559,2.576920712153162,0.4273664095043677,0.002865037558939374,0.42175091768589,0.4329819013228454,0.4930156929146506,0.05132891042069638,0.38919317187132774,0.5968382139579734,0.4930156929146506,0.04748496605547556,0.39661608685273125,0.5894152989765699,0,0,0,274.69555024684405,0.811
959,1336559,2.5747355244827794,0.4171549962709684,0.0033693331056451996,0.41055108197691603,0.4237589105650208,0.47979915523172717,0.059260353895145064,0.35993377548985217,0.5996645349736022,0.47979915523172717,0.0516879449400512,0.37486704841396207,0.5847312620494923,0,0,0,235.33722734381155,0.634
960,1337559,2.575895465079997,0.3557034346160886,0.0027174028605089387,0.3503773077445286,0.36102956148764864,0.41845224441355394,0.0416393491413997,0.3342287109890043,0.5026757778381036,0.41845224441355394,0.032143671843312446,0.35319712136136805,0.48370736746573983,0,0,0,139.92100469571312,0.8655
961,1338559,2.574361586610368,0.3724492784951262,0.0032284266184845374,0.3661215418111552,0.37877701517909723,0.45831929766747004,0.04503660536056972,0.3672241649353668,0.5494144303995733,0.45831929766747004,0.03408113258613319,0.38913092020060996,0.5275076751343302,0,0,0,111.44130748840924,0.6418
962,1339559,2.5770926385878514,0.3940045901388904,0.0029675484685132373,0.388188176286347,0.3998210039914338,0.45793620288733683,0.03949716459998246,0.37804564668375495,0.5378267590909187,0.45793620288733683,0.027866473828475964,0.4013642534357671,0.5145081523389066,0,0,0,88.17965449759258,0.8215
963,1340559,2.574864985073827,0.44935328438754274,0.0030920296020810634,0.44329288672231815,0.45541368205276733,0.5201012203140506,0.043714017084510684,0.43168127487887903,0.6085211657492222,0.5201012203140506,0.037454795509430615,0.4440639429993602,0.596138497628741,0,0,0,146.73292485622855,0.7208
964,1341559,2.575255169397078,0.3808899733935815,0.0036901232092783026,0.373657308458275,0.388122638328888,0.4788054008229536,0.0565236504924491,0.36447552620454543,0.5931352754413617,0.4788054008229536,0.048611069242695294,0.3801196837526315,0.5774911178932757,0,0,0,173.53561277057295,0.7339
965,1342559,2.576392454507335,0.39674824288561233,0.0030621682181773756,0.3907463737225626,0.40275011204866207,0.4754067266806391,0.04626412968753615,0.3818286916382566,0.5689847617230216,0.4754067266806391,0.037145667184963226,0.39999701322829667,0.5508164401329816,0,0,0,147.1493124162309,0.6774
966,1343559,2.575731564092835,0.4276138742287512,0.002714786233628387,0.4222928759625017,0.4329348724950007,0.4661407649471188,0.04018695178408444,0.3848549824694961,0.5474265474247415,0.4661407649471188,0.02951280253738993,0.4062265905310767,0.526054939363161,0,0,0,118.18153530693301,0.6531
967,1344559,2.5745066479402445,0.454910960534992,0.0030910509298044163,0.4488524810736476,0.46096943999633644,0.525268983641023,0.04482673785182708,0.43459834801326425,0.6159396192687818,0.525268983641023,0.03900878804113835,0.4460769337672709,0.6044610335147751,0,0,0,159.26215700015976,0.7486
968,1345559,2.575175270658189,0.45300472030471445,0.0034998083067234553,0.44614507378757723,0.45986436682185167,0.4896620936304593,0.05286615834540721,0.38273019516797857,0.5965939920929401,0.4896620936304593,0.04165423544535748,0.4050995000076327,0.574224687253286,0,0,0,141.6543187424879,0.7409
969,1346559,2.5747521307770915,0.38273496763091164,0.0035801347186433033,0.37571788083605934,0.38975205442576394,0.46776193546299955,0.05547797516957246,0.3555471388254805,0.5799767321005186,0.46776193546299955,0.04449330848346104,0.37743571715663704,0.558088153769362,0,0,0,154.45097810847722,0.684
970,1347559,2.575550107032486,0.44797988122655075,0.0032750553146616602,0.4415607520018181,0.4543990104512834,0.5344681327998211,0.053207259716853306,0.4268462916905042,0.6420899739091379,0.5344681327998211,0.04634122339170997,0.4403904477874904,0.6285458178121517,0,0,0,200.2155067458091,0.7318
971,1348559,2.5764810640089717,0.36905054643476437,0.0030223253634120164,0.3631267695201955,0.3749743233493332,0.42209310605762,0.03438954712230495,0.35253368134915747,0.49165253076608256,0.42209310605762,0.026070212815322867,0.3691677603300594,0.47501845178518065,0,0,0,74.40578813391768,0.6703
972,1349559,2.574980290092635,0.4442789080714912,0.0035360289199902932,0.43734826892222406,0.4512095472207583,0.5114598776137653,0.05081742140458057,0.40867194075903845,0.6142478144684922,0.5114598776137653,0.042528711332156355,0.4251220035600845,0.5977977516674461,0,0,0,144.6547936112537,0.6873
973,1350559,2.5759482225543633,0.41760112797412025,0.0035104155412918683,0.4107206912098361,0.42448156473840437,0.489753488523347,0.05198213193698434,0.38460970225025587,0.5948972747964381,0.489753488523347,0.04633591273254047,0.39568658472230056,0.5838203923243934,0,0,0,174.22817490821063,0.741
974,1351559,2.5733179981217535,0.4157969226429143,0.0033822284279437427,0.4091677334352266,0.42242611185060197,0.440880197540095,0.04564889124295186,0.3485465997132307,0.5332137953669593,0.440880197540095,0.040554847419400186,0.35854948026498773,0.5232109148152022,0,0,0,143.7737738750245,0.6247
975,1352559,2.5751065697115756,0.4341589540574828,0.003134261921309507,0.42801578077824826,0.4403021273367173,0.4679209366546574,0.04606823602158548,0.374739133951686,0.5611027393576288,0.4679209366546574,0.03853625572487917,0.38968817838249753,0.5461536949268172,0,0,0,151.17099018424523,0.7641
976,1353559,2.574893861571223,0.407667760999246,0.0028409904076608814,0.40209940175005726,0.41323612024843476,0.4514745049288963,0.036053159265057026,0.3785501070448262,0.5243989028129663,0.4514745049288963,0.028716382503941384,0.3931771491369755,0.5097718607208171,0,0,0,102.16918388776723,0.7134
977,1354559,2.574928732377429,0.40594092735222076,0.0031133172900504567,0.39983880568332525,0.41204304902111627,0.49618454076726964,0.0431629691348527,0.40887919501637615,0.5834898865181631,0.49618454076726964,0.03397422796541214,0.427213191218502,0.5651558903160373,0,0,0,119.08372907869406,0.7614
978,1355559,2.5740725602258867,0.39071404517396013,0.0030796200092861902,0.38467797038945756,0.3967501199584627,0.44700755328736025,0.03911373620523914,0.36789255421630995,0.5261225523584105,0.44700755328736025,0.030395674320090577,0.385301053865629,0.5087140527090914,0,0,0,97.41577717422884,0.7086
979,1356559,2.5738622271763996,0.3667008400084294,0.003368787344491822,0.36009799540970516,0.37330368460715363,0.44168875562570736,0.047744397392745525,0.3451165965367742,0.5382609147146405,0.44168875562570736,0.03648324062057955,0.3676238395936039,0.5157536716578108,0,0,0,117.28423008801829,0.683
980,1357559,2.5760083794054727,0.40756104290905476,0.002766910149886001,0.4021378814357721,0.4129842043823374,0.4602165617669439,0.04307263585787954,0.3730939323151612,0.5473391912187267,0.4602165617669439,0.037783088816758396,0.38351281360625583,0.536920309927632,0,0,0,186.46821152094603,0.7506
981,1358559,2.574754660608698,0.3956164028523599,0.003603139687743984,0.38855422617190866,0.4026785795328111,0.49477449117038985,0.06211206264216022,0.36914098603933787,0.6204079963014418,0.49477449117038985,0.05079818260791449,0.391648697917354,0.5979002844234257,0,0,0,198.76236298635317,0.7057
982,1359559,2.5758575657990175,0.4220645755742591,0.0033403340976842872,0.4155174995200547,0.4286116516284635,0.4653546576431866,0.04365042397456801,0.377063341414073,0.5536459738723003,0.4653546576431866,0.038095931708601004,0.3880158046474721,0.5426935106389011,0,0,0,130.07007345286345,0.6282
983,1360559,2.574073808783775,0.5071757404373222,0.0035330076325889607,0.5002510230305574,0.514100457844087,0.5776753594747029,0.04902431863473323,0.4785143153112391,0.6768364036381668,0.5776753594747029,0.03734264628110971,0.501865757197574,0.6534849617518319,0,0,0,111.71745419680555,0.7611
984,1361559,2.576596657687664,0.4111399297126831,0.003581688288235833,0.40411979791155883,0.41816006151380736,0.5076099724759768,0.055675606147029794,0.39499542945483684,0.6202245154971169,0.5076099724759768,0.046226431511412445,0.413765327369937,0.6014546175820167,0,0,0,166.57321358096317,0.8166
985,1362559,2.5740450942902093,0.3781685482437404,0.0032356779938980595,0.37182659881788743,0.3845104976695934,0.4383280734991168,0.0466595649822383,0.3439501950766782,0.5327059519215553,0.4383280734991168,0.041705625791915356,0.3536611519263074,0.5229949950719261,0,0,0,166.13406584427003,0.7112
986,1363559,2.5758351021185852,0.4593498264765182,0.0036225467934918017,0.4522496117454986,0.46645004120753775,0.5490378815972697,0.04787037819100334,0.45221090229160155,0.6458648609029379,0.5490378815972697,0.03724908381259779,0.4734182212292535,0.624657541965286,0,0,0,105.73120510230736,0.7257
987,1364559,2.575300915683529,0.4256160690463473,0.0034419552643839193,0.41886981485976366,0.43236232323293095,0.4986524328398622,0.05673343298185742,0.38389823308494514,0.6134066325947793,0.4986524328398622,0.04753410318913538,0.4021530730933286,0.5951517925863958,0,0,0,190.72172512573675,0.694
988,1365559,2.574355378283079,0.3741086718401386,0.003611271488100602,0.36703055677932317,0.381186786900954,0.44626490543248865,0.050770108398003715,0.34357266816656445,0.5489571426984128,0.44626490543248865,0.04411298200942803,0.3567107909163841,0.5358190199485933,0,0,0,149.21502483123052,0.82
989,1366559,2.5744801200298637,0.4066618180099173,0.0033510877675150966,0.4000936646945213,0.4132299713253133,0.4601056650760205,0.05264053096247573,0.35363014107230695,0.5665811890797341,0.4601056650760205,0.046893693336256884,0.3649064064491452,0.5553049237028959,0,0,0,195.82010227796627,0.7392
990,1367559,2.5741846131615516,0.42462971788944437,0.003548387068174152,0.4176748566912196,0.4315845790876691,0.4903738425042665,0.04193456495726999,0.4055531787295048,0.5751945062790282,0.4903738425042665,0.030358845159984202,0.42874211025245806,0.552005574756075,0,0,0,73.1995681014191,0.7328
991,1368559,2.5762168413032223,0.4010300864741534,0.003705713289280976,0.3937668648829904,0.4082933080653164,0.44173857742846084,0.05154631148179991,0.33747632123283755,0.5460008336240841,0.44173857742846084,0.047579063487229276,0.3451479434243103,0.5383292114326114,0,0,0,164.84969538126487,0.8299
992,1369559,2.5740614929622128,0.48199436073876817,0.0040643405205087165,0.47402822749586815,0.4899604939816682,0.5511339114810978,0.05233586267110662,0.4452746372639596,0.6569931856982361,0.5511339114810978,0.038536333774433176,0.47290099475991954,0.6293668282022761,0,0,0,89.90019124576568,0.7261
993,1370559,2.574129109512823,0.4350417372143466,0.0036586890332258475,0.4278706834638193,0.44221279096487387,0.531253978164249,0.052396779181932106,0.4252714886737838,0.6372364676547142,0.531253978164249,0.04262076777142879,0.44472921960335476,0.6177787367251433,0,0,0,135.7036535893868,0.691
994,1371559,2.5755338592289587,0.4076381360329616,0.003326063768162837,0.40111902991528553,0.4141572421506377,0.5021757721096805,0.04690109200296397,0.4073093591754765,0.5970421850438844,0.5021757721096805,0.034342026691028454,0.4324577514520387,0.5718937927673222,0,0,0,106.60822195340629,0.6961
995,1372559,2.576379450660996,0.47465822778966965,0.00293495546740915,0.46890569642636926,0.48041075915297005,0.5307223026253948,0.045589488240150654,0.4385088587129194,0.6229357465378702,0.5307223026253948,0.040706236544146915,0.4480842490878883,0.6133603561629013,0,0,0,192.36181755168238,0.8314
996,1373559,2.5752747664784263,0.3836010217440928,0.0033868001020438093,0.37696287202612294,0.3902391714620626,0.45737791432279,0.04052631958753253,0.3754056956705801,0.539350132975,0.45737791432279,0.035642804307675316,0.3850191747127029,0.5297366539328772,0,0,0,110.75532197699613,0.7128
997,1374559,2.575268478584185,0.4225348728786439,0.003430498744187042,0.4158110735444349,0.42925867221285285,0.4990111800681887,0.042098859637800384,0.4138581989349078,0.5841641612014696,0.4990111800681887,0.036527912643541494,0.4248555750080992,0.5731667851282782,0,0,0,113.37966819789807,0.7627
998,1375559,2.5762693350536323,0.40567763883855484,0.0034068067576872117,0.3990002759484121,0.4123550017286976,0.4610529947701947,0.04613994355948326,0.3677261498814193,0.5543798396589701,0.4610529947701947,0.04319847787175334,0.3733554223544012,0.5487505671859881,0,0,0,160.78365195290905,0.724
999,1376559,2.5756679820302715,0.45269673254982634,0.003422465314643143,0.44598867878856363,0.45940478631108905,0.553728341183187,0.040930155894154115,0.4709392865003924,0.6365173958659817,0.553728341183187,0.03036334545579914,0.4920874728451652,0.6153692095212089,0,0,0,78.70840844291318,0.7028
1000,1377559,2.5755691170661352,0.42161151189865653,0.003483146720101618,0.41478452219715717,0.4284385016001559,0.5127552267935557,0.05096348504365987,0.4096718483423156,0.6158386052447957,0.5127552267935557,0.04163995544849544,0.42822162310557405,0.5972888304815374,0,0,0,142.9147240960159,0.7405
1001,1378559,2.5762526896026903,0.41810654674108666,0.003307540425428184,0.41162374649285816,0.42458934698931516,0.4490699394389697,0.04261625212831697,0.3628704332130257,0.5352694456649137,0.4490699394389697,0.03514533280259935,0.37772112067541597,0.5204187582025235,0,0,0,112.90807379850364,0.6949
1002,1379559,2.5748577041081337,0.4082067729133118,0.0032712146250686116,0.40179517146458327,0.41461837436204035,0.49610136068562954,0.03996662143981032,0.4152612383947787,0.5769414829764804,0.49610136068562954,0.02799125689885324,0.4392760881335755,0.5529266332376837,0,0,0,73.21949376449813,0.6928
1003,1380559,2.574819638426,0.41787852690644145,0.0037561165129267435,0.4105165146766969,0.425240539136186,0.4809042808495588,0.04915109655033036,0.3814868041473554,0.5803217575517622,0.4809042808495588,0.047833556530418334,0.38379699850074556,0.578011563198372,0,0,0,162.1762428381779,0.7072
1004,1381559,2.573789719547913,0.41678713722200206,0.0035862652544542775,0.40975803453801,0.4238162399059941,0.4904452041519386,0.04926769773314891,0.3907918792959826,0.5900985290078946,0.4904452041519386,0.03855816973836526,0.41216795806726086,0.5687224502366164,0,0,0,115.59738360999458,0.8011
1005,1382559,2.5751560555960107,0.42134491691688214,0.0032166564803916354,0.4150402497783545,0.42764958405540976,0.4885961463844985,0.044205473706557204,0.3991821361023215,0.5780101566666755,0.4885961463844985,0.037770796730992255,0.411917352484579,0.5652749402844179,0,0,0,137.8805239445482,0.716
1006,1383559,2.5756420390228185,0.49992905525621933,0.0035411980426245434,0.49298828459374716,0.5068698259186916,0.562959537999002,0.05221229704515059,0.45735019885151373,0.6685688771464903,0.562959537999002,0.03859746555429131,0.4846025171668657,0.6413165588311383,0,0,0,118.80019284214873,0.7767
1007,1384559,2.5742374089972704,0.39704987039687584,0.0031867286786606314,0.39080386193988664,0.40329587885386503,0.459178292132897,0.04351702170449616,0.37115680746417,0.547199776801624,0.459178292132897,0.033243679958816476,0.3916900338842867,0.5266665503815073,0,0,0,108.82483259521779,0.6843
1008,1385559,2.57463676897714,0.3795826025091093,0.0030319030156522224,0.3736400533352982,0.3855251516829204,0.4528904116980219,0.051028362771962904,0.3496758056548307,0.5561050177412131,0.4528904116980219,0.04398066230658676,0.36360492045971915,0.5421759029363247,0,0,0,210.42286057171836,0.7662
1009,1386559,2.5754152486283473,0.4722716773525766,0.0036217599856678876,0.4651730047698908,0.47937034993526234,0.5378305930287378,0.04405696443881203,0.44871697109397024,0.6269442149635054,0.5378305930287378,0.038036498775463126,0.46061239530178566,0.61504879075569,0,0,0,110.29650092780813,0.7629
1010,1387559,2.5772161782840315,0.43132187841311864,0.002846744642584795,0.4257422408269196,0.4369015159993177,0.5242918126243552,0.03973743129747544,0.44391527115336704,0.6046683540953434,0.5242918126243552,0.026976849048523995,0.46952589749173396,0.5790577277569765,0,0,0,89.8018781189041,0.7743
1011,1388559,2.5725404624471833,0.40910237808797995,0.003125912331263697,0.40297557005828416,0.41522918611767573,0.4700951649131382,0.04511632438774949,0.37883878522860426,0.5613515445976721,0.4700951649131382,0.03880124374365882,0.39132445236316243,0.548865877463114,0,0,0,154.07696180492107,0.8044
1012,1389559,2.575917518461723,0.4021536837555311,0.003628816790380655,0.3950411797907731,0.40926618772028917,0.5180590322657094,0.052287425480934686,0.41229773151332405,0.6238203330180947,0.5180590322657094,0.03800895536988256,0.4408967506247974,0.5952213139066214,0,0,0,109.70888032642756,0.6976
1013,1390559,2.57627804649869,0.48432453796793273,0.00324763589927633,0.47795915097156405,0.4906899249643014,0.5463596830738201,0.041918207486987824,0.4615721054056729,0.6311472607419674,0.5463596830738201,0.03106765525083805,0.4832889898369454,0.6094303763106949,0,0,0,91.51289357239115,0.702
1014,1391559,2.5753193752486703,0.4208557361838158,0.003241752254492067,0.4145018811686058,0.42720959119902574,0.5259765276327664,0.05676188812418874,0.41116477191982737,0.6407882833457054,0.5259765276327664,0.04718348366963284,0.43018896335257417,0.6217640919129586,0,0,0,211.84604592560316,0.751
1015,1392559,2.575221775462899,0.46220002722235637,0.0036836631915761068,0.45498002396278975,0.469420030481923,0.5471736718073565,0.062185987098832926,0.42139064034902407,0.672956703265689,0.5471736718073565,0.054176192888496844,0.43719015310199927,0.6571571905127138,0,0,0,216.30030728025267,0.7604
1016,1393559,2.576144229580793,0.42411115955007866,0.00286884627743695,0.4184882026191471,0.42973411648101023,0.5050072303331948,0.04989743533378863,0.40408014095041916,0.6059343197159706,0.5050072303331948,0.039340395536407516,0.42514198145422955,0.5848724792121601,0,0,0,188.04547547083718,0.678
1017,1394559,2.574733004643751,0.4206835467796267,0.003190141207413159,0.41443084974460115,0.4269362438146523,0.4718280553057005,0.05126852920848731,0.3681276667920538,0.5755284438193472,0.4718280553057005,0.04172749563043472,0.38711673560032345,0.5565393750110775,0,0,0,171.0900789654629,0.6841
1018,1395559,2.5762733621199554,0.41437148153359254,0.0035236806403243343,0.40746504509092524,0.42127791797625985,0.483419087413476,0.060134450834484585,0.36178567972916703,0.6050524950977849,0.483419087413476,0.050791159259141135,0.3803075523164678,0.5865306225104843,0,0,0,207.77015790958865,0.6794
1019,1396559,2.5742004101336105,0.41912785244304057,0.0032554130893743655,0.4127472221046675,0.4255084827814136,0.468160466635554,0.042647315354804385,0.38189812910344684,0.5544228041676611,0.468160466635554,0.03078580452245192,0.4056619607969591,0.5306589724741488,0,0,0,89.43114768806691,0.8471
1020,1397559,2.5768021098398837,0.41309236227472373,0.0029588670451984062,0.40729296406703464,0.41889176048241283,0.4631069072709921,0.038803101185993706,0.38462022683281494,0.5415935877091692,0.4631069072709921,0.03551598461994774,0.39100562531441896,0.5352081892275652,0,0,0,144.077716530012,0.6629
1021,1398559,2.5747795780045286,0.38751753544563533,0.002957902753551081,0.38172002725570164,0.393315043635569,0.4583838672176873,0.0461717575145527,0.36499267253086254,0.5517750619045121,0.4583838672176873,0.039984772805153876,0.3772104629366557,0.5395572714987189,0,0,0,182.73489247951915,0.6862
1022,1399559,2.5743027214595395,0.4175218929000869,0.0032720383178698456,0.41110867700823467,0.42393510879193913,0.4929516179297034,0.045828895122551616,0.40025392789000125,0.5856493079694055,0.4929516179297034,0.03646827746335841,0.4189170787217062,0.5669861571377006,0,0,0,124.22063328064435,0.7385
1023,1400559,2.57664753696891,0.4260961125865589,0.0035537492349050036,0.41913074150747326,0.4330614836656445,0.5114940714574678,0.04068612276794764,0.42919862036323925,0.5937895225516965,0.5114940714574678,0.0348696210251971,0.4407049773591304,0.5822831655558053,0,0,0,96.27663358265745,0.7446
1024,1401559,2.574982580661835,0.4806097962388325,0.0030140419882107505,0.4747022547922864,0.4865173376853786,0.5622147732924192,0.04776930544159417,0.46559223291924406,0.6588373136655943,0.5622147732924192,0.038645848362121066,0.4837595301385167,0.6406700164463217,0,0,0,164.4019992942651,0.5905
1025,1402559,2.574230886085623,0.43747625648471894,0.0031679871910488032,0.43126698146252257,0.4436855315069153,0.5114686621023904,0.0521278779039584,0.40603007678526887,0.6169072474195119,0.5114686621023904,0.03711366941113713,0.4361239075843787,0.5868134166204021,0,0,0,137.24639821841862,0.6941
1026,1403559,2.574801525438869,0.41464088187869697,0.0032588548060770626,0.4082535057537197,0.4210282580036742,0.4997082152582187,0.05156609598889268,0.3954059411197414,0.6040104893966959,0.4997082152582187,0.04274424332266336,0.41293278800181804,0.5864836425146194,0,0,0,172.0383401850195,0.7541
1027,1404559,2.574395380789054,0.36464261495474953,0.0030023306944807976,0.3587580277183216,0.37052720219117746,0.47720712135924165,0.05318433963790171,0.3696316404855067,0.5847826022329766,0.47720712135924165,0.03811513958969749,0.39982927429182824,0.5545849684266551,0,0,0,161.16768828974685,0.8388
1028,1405559,2.57539889295304,0.43011084041716346,0.003204838317934511,0.42382933695213826,0.43639234388218867,0.5132391410294505,0.04131373450897195,0.4296742253653435,0.5968040566935574,0.5132391410294505,0.034809104167085186,0.4425729026845588,0.5839053793743422,0,0,0,117.97050653063076,0.706
1029,1406559,2.5745392218521492,0.3909639068666114,0.0029632163439086995,0.385155984005817,0.3967718297274058,0.4542405463367494,0.042396129006625385,0.3684862811503411,0.5399948115231576,0.4542405463367494,0.03805132959242216,0.3769922404507063,0.5314888522227925,0,0,0,164.8970750720257,0.7566
1030,1407559,2.5745783210931044,0.4016338602488225,0.002944756185403131,0.39586211941598526,0.4074056010816598,0.4609097833670882,0.039560019347586454,0.3808920914362465,0.5409274752979298,0.4609097833670882,0.03466286675298248,0.3905404227559733,0.5312791439782032,0,0,0,138.5575737868705,0.7098
1031,1408559,2.574968555270704,0.4278258998856684,0.0030405874571803326,0.4218663291512858,0.43378547062005096,0.4684776211196798,0.04011749637708014,0.38733232546315216,0.5496229167762074,0.4684776211196798,0.03656440289980684,0.3942479369010421,0.5427073053383175,0,0,0,144.61121406522398,0.6479
1032,1409559,2.5732644379982563,0.3832254144635354,0.0033226108583358257,0.37671307607105825,0.3897377528560126,0.45929151917211136,0.0491808552427957,0.3598138498328662,0.5587691885113566,0.45929151917211136,0.03946397391657675,0.3791753928438042,0.5394076455004185,0,0,0,141.07260007303285,0.8043
1033,1410559,2.5728912738301317,0.40778955754587826,0.003190785344320532,0.40153559799842176,0.41404351709333476,0.4692292746265301,0.04476950468728934,0.37867440400100677,0.5597841452520534,0.4692292746265301,0.038278661815376806,0.39151945979231995,0.5469390894607402,0,0,0,143.91906089981293,0.6707
1034,1411559,2.576219745496938,0.4103496909482804,0.0028387627968321466,0.404785697830469,0.41591368406609175,0.42790301431491684,0.03764839500398769,0.3517519475863936,0.5040540810434401,0.42790301431491684,0.03490970136476898,0.3570325528014475,0.49877347582838616,0,0,0,151.22864375376986,0.7589
1035,1412559,2.5758517535784358,0.43189257224321304,0.003932599547035108,0.42418465214533485,0.4396004923410912,0.5002753028947743,0.05696648473993145,0.3850497114649023,0.6155008943246463,0.5002753028947743,0.05155719750242315,0.3956086274867363,0.6049419783028123,0,0,0,171.877550203421,0.7354
1036,1413559,2.5745066266297663,0.4008446992798781,0.003442434278072748,0.39409750622342093,0.40759189233633525,0.4784963939968697,0.04741508562685914,0.3825903308266562,0.5744024571670832,0.4784963939968697,0.033551923060638165,0.4103823689834227,0.5466104190103167,0,0,0,94.99560637388139,0.7026
1037,1414559,2.574922525214099,0.45014979106188896,0.0032789303305145825,0.4437230667814648,0.45657651534231314,0.5307933137325845,0.05001687115424661,0.42962464260024136,0.6319619848649277,0.5307933137325845,0.03890832604601593,0.4518052125516183,0.6097814149135508,0,0,0,140.80585530950646,0.645
1038,1415559,2.57662113697071,0.43394256784304885,0.0036686995967036085,0.42675189332450325,0.44113324236159446,0.5125100957042479,0.047276074237470295,0.4168852096091329,0.6081349817993629,0.5125100957042479,0.04213940054834744,0.4269625645593309,0.5980576268491649,0,0,0,131.93268549777835,0.691
1039,1416559,2.5751459474431857,0.38582907291306706,0.003535757805366854,0.3788989651501844,0.3927591806759497,0.42510342683939345,0.05284367576473924,0.31821700368868877,0.5319898499900981,0.42510342683939345,0.04372583025474188,0.33633527216991327,0.5138715815088737,0,0,0,152.93648748133478,0.809
1040,1417559,2.574485476730667,0.40316050484922894,0.003161047299809346,0.3969648320579544,0.40935617764050347,0.4967343041456829,0.04663152760919214,0.4024131366631265,0.5910554716282393,0.4967343041456829,0.039556739288175824,0.4164298541010254,0.5770387541903405,0,0,0,156.59539303170808,0.6627
1041,1418559,2.575104025770619,0.4190590428669444,0.0030910783861166006,0.41300050959105367,0.42511757614283513,0.48290773664376463,0.04094315537782617,0.4000923880233814,0.5657230852641478,0.48290773664376463,0.03538743867518888,0.4110674168287909,0.5547480564587384,0,0,0,131.06243207228218,0.7738
1042,1419559,2.575341457512312,0.43705837252039526,0.004253309724690977,0.42872185843668614,0.44539488660410437,0.5088310138096455,0.046525106412219755,0.4147251035159045,0.6029369241033864,0.5088310138096455,0.04441330193948099,0.41866721742252877,0.5989948101967622,0,0,0,109.03655122720718,0.7301
1043,1420559,2.5766796017679963,0.39446914732950356,0.0031913378600190905,0.38821410484776747,0.40072418981123964,0.45928080177263225,0.047979696039506206,0.36223270624739934,0.5563288972978652,0.45928080177263225,0.038670125985874625,0.3807762724222686,0.5377853311229959,0,0,0,146.82689175013374,0.795
1044,1421559,2.574860808637161,0.4041209801310938,0.002891939429101029,0.39845276047617884,0.4097891997860088,0.4390569399358872,0.039654989980222974,0.3588471517687415,0.5192667281030329,0.4390569399358872,0.038234229037400744,0.3614373284365205,0.5166765514352539,0,0,0,174.79390696517748,0.8655
1045,1422559,2.5761894347612055,0.4276201537216458,0.0031942286746734047,0.4213594452248205,0.4338808622184711,0.4932613751673541,0.05330123726940225,0.38544944651580915,0.601073303818899,0.4932613751673541,0.04290553759633007,0.40615850312720125,0.5803642472075069,0,0,0,180.4241582535974,0.6638
1046,1423559,2.5759643039380604,0.3609624046629018,0.003413888823629416,0.35427116087851657,0.36765364844728704,0.4135850218637707,0.04423384305838564,0.324113629151243,0.5030564145762985,0.4135850218637707,0.03881540089331671,0.334785568772033,0.4923844749555084,0,0,0,129.27346938588252,0.7177
1047,1424559,2.575127475483311,0.44071027286204545,0.003088960205762178,0.4346558912331072,0.4467646544909837,0.49487456918519795,0.043704590129981846,0.40647369156535545,0.5832754468050405,0.49487456918519795,0.03841485784955008,0.41688826170221643,0.5728608766681795,0,0,0,154.65851435644717,0.6516
1048,1425559,2.576092473261144,0.43631036281092944,0.003102643452913666,0.43022916193063804,0.44239156369122085,0.4764350802197832,0.03715434637412631,0.40128332116893717,0.5515868392706292,0.4764350802197832,0.03016374137035003,0.4151994297181428,0.5376707307214237,0,0,0,94.51629208247888,0.8538
1049,1426559,2.5757312658187423,0.3455873091820409,0.003298463722581035,0.33912229932906146,0.3520523190350203,0.4344496703207764,0.04325316904092397,0.3469618780388844,0.5219374626026685,0.4344496703207764,0.03706830214086767,0.3591970162578218,0.509702324383731,0,0,0,126.29378077190711,0.6427
1050,1427559,2.573697437989381,0.41968500689723387,0.003224108665297284,0.4133657334289439,0.42600428036552385,0.49070966396017013,0.040713788920391625,0.40835825279060073,0.5730610751297396,0.49070966396017013,0.03177145312957078,0.42621018506979436,0.5552091428505459,0,0,0,97.10795659158654,0.6884
1051,1428559,2.5760315725075675,0.3737007177657563,0.003653180094623048,0.36654046156989145,0.38086097396162116,0.4578416000864593,0.05341320317722058,0.3498031990098166,0.565880001163102,0.4578416000864593,0.043435080618949,0.3696636985577382,0.5460195016151804,0,0,0,141.364088958621,0.6955
1052,1429559,2.5752992745934846,0.40486667106561847,0.0036079385556200385,0.39779508857364065,0.4119382535575963,0.5000190744302186,0.049248927512226745,0.40040371592968904,0.5996344329307483,0.5000190744302186,0.035310183796568965,0.4283355903568272,0.5717025585036101,0,0,0,95.78151250841178,0.711
1053,1430559,2.5742897316248228,0.47010131578302583,0.0029967002742711272,0.4642277642059816,0.47597486736007005,0.48108633522547917,0.03480609141687363,0.41068437015459947,0.5514883002963589,0.48108633522547917,0.030575735137774077,0.4190142929102014,0.5431583775407569,0,0,0,104.10394806301808,0.8656
1054,1431559,2.5752728980982025,0.43221700734139956,0.002647245491726095,0.42702838935839726,0.43740562532440186,0.4866409429403071,0.036646361950246696,0.41251667937116243,0.5607652065094517,0.4866409429403071,0.02848126657195024,0.42882089786597943,0.5444609880146347,0,0,0,115.75244213712894,0.6345
1055,1432559,2.5757871714126694,0.39200195794286014,0.003525829677140064,0.38509130937438013,0.39891260651134014,0.4480821473793891,0.04380069273003391,0.3594868839030294,0.5366774108557488,0.4480821473793891,0.03745039110194394,0.37205381148725664,0.5241104832715215,0,0,0,112.82102916943218,0.7225
1056,1433559,2.5723466101481054,0.44895018722841806,0.003464583720749809,0.4421595811235879,0.45574079333324824,0.5261397368451413,0.04843091056838995,0.42817897378934655,0.624100499900936,0.5261397368451413,0.03817298035960035,0.44864446677217196,0.6036350069181106,0,0,0,121.39757651318989,0.7895
1057,1434559,2.573232565587628,0.40340409985827824,0.0033515691633854367,0.39683500300391783,0.40997319671263865,0.47556493737197675,0.05191285279688552,0.37056128138651145,0.580568593357442,0.47556493737197675,0.04093449356927274,0.3924634974380835,0.55866637730587,0,0,0,149.17033725499277,0.7585
1058,1435559,2.573349372576566,0.44446150656787164,0.0033203254441486712,0.4379536476017216,0.45096936553402167,0.5255950267990227,0.045861175570000044,0.43283204339137193,0.6183580102066735,0.5255950267990227,0.035498726037108,0.4535287816283029,0.5976612719697425,0,0,0,114.30473684747247,0.7663
1059,1436559,2.574053664220954,0.4408082405324186,0.0036120100848170055,0.43372867781734636,0.4478878032474909,0.5297932427583179,0.06019663627679468,0.4080340531444898,0.6515524323721459,0.5297932427583179,0.04958290848947838,0.4291345871281166,0.6304518983885191,0,0,0,188.4369597122523,0.678
1060,1437559,2.574934016057203,0.48600123073879803,0.0034366031244897417,0.4792654667804117,0.49273699469718435,0.5151361578241686,0.03950101049964214,0.43523782255426563,0.5950344930940714,0.5151361578241686,0.0276467940845062,0.45901018196250787,0.5712621336858292,0,0,0,64.71885043409152,0.7956
1061,1438559,2.574738366044764,0.4422156291843147,0.003798768679579084,0.4347700184369419,0.44966123993168744,0.5291062523678791,0.05489518255994149,0.4180702650501251,0.6401422396856331,0.5291062523678791,0.042771527640720175,0.4422754350010744,0.6159370697346838,0,0,0,126.7721414596494,0.7465
1062,1439559,2.574195914575847,0.3871736584503531,0.0033252046032607543,0.3806562363013438,0.3936910805993624,0.5014269735535906,0.05326293373644213,0.39369252111036945,0.6091614259968117,0.5014269735535906,0.042542433851399594,0.4150612413047985,0.5877927058023826,0,0,0,163.6846365465077,0.7832
1063,1440559,2.575823941810409,0.43956017832266336,0.002911955209189897,0.4338527276116043,0.4452676290337224,0.5100039571257077,0.045383424255078915,0.41820731696478347,0.6018005972866318,0.5100039571257077,0.034291816194919986,0.4403878691942971,0.5796200450571183,0,0,0,138.67928486743418,0.6652
1064,1441559,2.575222884401307,0.4001423080706359,0.003633992326828424,0.3930196600215575,0.40726495611971425,0.47288291981178404,0.05204292650042269,0.3676161649272386,0.5781496746963295,0.47288291981178404,0.044093648855751726,0.3833680536842358,0.5623977859393323,0,0,0,147.22584869938643,0.7115
1065,1442559,2.5745514348624594,0.40494635162097525,0.0035568906156936446,0.3979748234155852,0.4119178798263653,0.48032851788715164,0.046609525700277,0.3860518534659813,0.5746051823083219,0.48032851788715164,0.03979965956729252,0.3995309134579265,0.5611261223163768,0,0,0,125.20385338601004,0.7726
1066,1443559,2.5748538058375767,0.44982990837981496,0.003462919144034796,0.443042564855922,0.4566172519037079,0.5412144862768871,0.04627775754482014,0.4476088862913167,0.6348200862624575,0.5412144862768871,0.03359023959877736,0.47302267455558056,0.6094062979981936,0,0,0,94.08957368149433,0.6296
1067,1444559,2.5747300113841805,0.4305295183129968,0.0035119378483849744,0.4236460978171382,0.4374129388088554,0.519026542694139,0.054954138374782927,0.40787130598502186,0.630181779403256,0.519026542694139,0.04350017264381966,0.430716497329662,0.6073365880586159,0,0,0,153.42223962845327,0.7413
1068,1445559,2.5750121231285146,0.39946420189579845,0.0034591859337502447,0.3926841754877821,0.4062442283038148,0.492019215096912,0.04239479848440113,0.4062676411457256,0.5777707890480983,0.492019215096912,0.034759559196408184,0.42145355838979665,0.5625848718040274,0,0,0,100.97194174009438,0.6273
1069,1446559,2.5763886189382172,0.3779367849558687,0.0029270670742969234,0.372199714893187,0.3836738550185504,0.417106081999591,0.045336985655009085,0.3254033727733672,0.5088087912258147,0.417106081999591,0.03802679812489482,0.33990757764026674,0.4943045863589152,0,0,0,168.77735218871828,0.7284
1070,1447559,2.57417922683638,0.4416273673693621,0.00326669346068709,0.4352246274315465,0.4480301073071777,0.517393135957531,0.05107240398898075,0.41408944814457044,0.6206968237704916,0.517393135957531,0.038394878880399455,0.43944738793822047,0.5953388839768415,0,0,0,138.14330356205636,0.8522
1071,1448559,2.574270487405382,0.36349173033173465,0.0033543841385732854,0.3569171161081212,0.3700663445553481,0.4438251928683168,0.06391482232960623,0.3145452620864595,0.5731051236501741,0.4438251928683168,0.059167200281528436,0.32370939048441,0.5639409952522235,0,0,0,311.12610162459515,0.754
1072,1449559,2.574788062198524,0.4854330952530989,0.0037531586623914914,0.4780768804291961,0.4927893100770017,0.5713824932071602,0.047418580226892174,0.4754693615411907,0.6672956248731297,0.5713824932071602,0.039581110449828184,0.4910285670740115,0.6517364193403088,0,0,0,111.21979742934306,0.7529
1073,1450559,2.572207702997237,0.4574481618931572,0.00369899767611879,0.45019810294645957,0.4646982208398548,0.5135647900785808,0.048074299735046455,0.4163253405173767,0.6108042396397849,0.5135647900785808,0.03830896173463281,0.4357934631380638,0.5913361170190978,0,0,0,107.25872903733006,0.701
1074,1451559,2.5738605766832285,0.4510170627066607,0.00324374886839284,0.4446592943155198,0.4573748310978016,0.4548995944527085,0.043818356034889636,0.36626860356999924,0.5435305853354178,0.4548995944527085,0.03500497712156849,0.38383571286999046,0.5259634760354266,0,0,0,116.45687951335546,0.8146
1075,1452559,2.575380644718433,0.45143498319943615,0.0030240633965246495,0.44550779972892396,0.45736216666994833,0.5156308121310701,0.04867647216988972,0.4171733538536121,0.6140882704085281,0.5156308121310701,0.039812947084645,0.43480623260752094,0.5964553916546192,0,0,0,173.3272594981159,0.8357
1076,1453559,2.5744945121290153,0.37741694624962746,0.0035378172551184077,0.37048280195214706,0.38435109054710787,0.4326670480754014,0.05560831337976368,0.32018861752359473,0.5451454786272081,0.4326670480754014,0.04516546011929997,0.3409762894041359,0.524357806746667,0,0,0,162.98291696040445,0.7812
1077,1454559,2.5750183883010065,0.39093027292037275,0.0035977128542179723,0.38387873286811175,0.39798181297263374,0.4980732272340012,0.048402292193843836,0.4001703503045471,0.5959761041634553,0.4980732272340012,0.04019150579567212,0.41648013266988765,0.5796663217981148,0,0,0,124.80027990833993,0.7545
1078,1455559,2.5760045669945995,0.4332592394374912,0.0032733344775917575,0.4268434830643488,0.4396749958106335,0.506225660492586,0.04777446305964615,0.4095926878522081,0.602858633132964,0.506225660492586,0.03624074775045299,0.4326530311586706,0.5797982898265014,0,0,0,122.57828191991959,0.8098
1079,1456559,2.574398515180708,0.4537716005536523,0.003272160396567589,0.4473581453867768,0.46018505572052776,0.5271474481562921,0.05228216203693469,0.4213967937242937,0.6328981025882905,0.5271474481562921,0.04065531300373097,0.44461277490191864,0.6096821214106656,0,0,0,154.37090493817968,0.7026
1080,1457559,2.575032736722317,0.40344136294698746,0.003214585565262138,0.39714075481527117,0.40974197107870375,0.5091820280967938,0.05560143731909106,0.39671750569047526,0.6216465505031123,0.5091820280967938,0.04237845505175156,0.42314919050923216,0.5952148656843554,0,0,0,173.7961932416134,0.6908
1081,1458559,2.5736949952625796,0.403060254914696,0.003516838459743163,0.3961672291894394,0.40995328063995257,0.46736003983455754,0.05216822817558853,0.3618398383893887,0.5728802412797264,0.46736003983455754,0.04403021725135036,0.37797394671000617,0.5567461329591089,0,0,0,156.74612612613475,0.6285
1082,1459559,2.5760081087815103,0.4482413269319446,0.004031710533555862,0.4403391486707861,0.45614350519310304,0.4976887131621385,0.06206660747694636,0.37214714978103336,0.6232302765432436,0.4976887131621385,0.05198616056971981,0.392151196430255,0.603226229894022,0,0,0,166.26345501799616,0.7293
1083,1460559,2.5750965423866607,0.3786477924832107,0.0035175864221197004,0.37175330074694396,0.3855422842194774,0.42493987192689636,0.03868503567817757,0.3466920015193485,0.5031877423344443,0.42493987192689636,0.03266809862174465,0.3586201059140285,0.49125963793976424,0,0,0,86.24981327803737,0.7935
1084,1461559,2.575461377507493,0.4141097534417952,0.003646441109204619,0.4069627057001664,0.42125680118342396,0.4570370010046346,0.05855591554741787,0.3385964823124331,0.5754775196968361,0.4570370010046346,0.04676782239701227,0.36209327396945606,0.5519807280398131,0,0,0,164.49620745204476,0.7536
1085,1462559,2.576140308218801,0.4520329304490361,0.003177611254382555,0.4458047922015593,0.4582610686965129,0.4969811090364238,0.04222605533677012,0.4115708503177691,0.5823913677550785,0.4969811090364238,0.03045040474108037,0.4351635009531247,0.5587987171197228,0,0,0,91.83000525173104,0.7466
1086,1463559,2.574058217169463,0.3808859400684985,0.0034638737948450176,0.3740967254229522,0.38767515471404485,0.5052673731745937,0.05480803185274456,0.39440766480096173,0.6161270815482257,0.5052673731745937,0.035816349443355024,0.4325563182086539,0.5779784281405335,0,0,0,106.91496957620504,0.7144
1087,1464559,2.5751286024158544,0.40547284774669284,0.0035880162509182127,0.3984403130985066,0.4125053823948791,0.43603901634196063,0.05162622014333231,0.33161512962222345,0.5404629030616978,0.43603901634196063,0.05064588506327709,0.3332224035417462,0.538855629142175,0,0,0,199.24137367813512,0.7009
1088,1465559,2.5740814218957566,0.4236949404071476,0.003774574242599174,0.4162967509099743,0.4310931299043209,0.5282528801186408,0.05569289212611173,0.41560337290456784,0.6409023873327138,0.5282528801186408,0.044565181618370434,0.43778075159127056,0.618725008646011,0,0,0,139.39763882015913,0.6331
1089,1466559,2.575077628162313,0.4080095722595293,0.003399377109633396,0.4013467715267761,0.41467237299228243,0.4846630115960569,0.055267154071215706,0.3728746408799362,0.5964513823121775,0.4846630115960569,0.0466345166749188,0.38998990956418145,0.5793361136279324,0,0,0,188.19854814097437,0.8662
1090,1467559,2.574909780940814,0.39144258102861884,0.0034020374177485377,0.3847745660750578,0.3981105959821799,0.45815876450835075,0.03907842231947062,0.37911519451339565,0.5372023345033059,0.45815876450835075,0.033120573668406594,0.390920425315919,0.5253971037007825,0,0,0,94.78017995703084,0.6446
1091,1468559,2.5750753233470696,0.4861385596919549,0.003261656667898795,0.4797456919000055,0.4925314274839043,0.5176973457616147,0.05140750435415917,0.4137158534827068,0.6216788380405227,0.5176973457616147,0.04023557256892325,0.43601479089175166,0.5993799006314778,0,0,0,152.17520095917388,0.8309
1092,1469559,2.5766834877572027,0.42904326394942083,0.003097820514245278,0.4229715160595619,0.43511501183927975,0.49982482703074627,0.038768608179654246,0.42140791528329674,0.5782417387781957,0.49982482703074627,0.03089893749241723,0.43709664905287826,0.5625530050086143,0,0,0,99.48889076143398,0.6612
1093,1470559,2.5746786852903285,0.41685595717338786,0.003608248877454963,0.40978376644864195,0.42392814789813377,0.45905846536667744,0.0499464515475383,0.3580322313334157,0.5600846993999391,0.45905846536667744,0.04547817388461569,0.36673286400117144,0.5513840667321834,0,0,0,158.85945392288207,0.7173
1094,1471559,2.5748851442203775,0.4104633096758359,0.002902736722855718,0.4047739272565613,0.41615269209511047,0.480826601056549,0.0468675939213808,0.38602794438780197,0.575625257725296,0.480826601056549,0.03950591155491552,0.4006253367961582,0.5610278653169398,0,0,0,185.22895631846148,0.7483
1095,1472559,2.5750021118763433,0.4050430372600107,0.0037675934173957582,0.39765853022458864,0.4124275442954327,0.49108855299041987,0.05169909564131806,0.3865172616626138,0.5956598443182259,0.49108855299041987,0.037567519371764384,0.4148224340691027,0.567354671911737,0,0,0,99.42531581786304,0.6775
1096,1473559,2.5731813696121324,0.39119503137879896,0.0033449909890627123,0.3846388277879054,0.3977512349696925,0.46087949172049814,0.041547335456485264,0.376842073540944,0.5449169099000523,0.46087949172049814,0.033169840062872685,0.39354113643006444,0.5282178470109318,0,0,0,98.33244787461693,0.7763
1097,1474559,2.574880650206374,0.4575147807806786,0.002936035020935411,0.4517601334856078,0.4632694280757494,0.5095439108426858,0.03724427974519624,0.4342102443787683,0.5848775773066033,0.5095439108426858,0.03294892927859305,0.4426540282868542,0.5764337933985174,0,0,0,125.9389735324762,0.6033
1098,1475559,2.573183628821501,0.3903325009754816,0.0035223121925495393,0.3834287466991473,0.39723625525181594,0.46249939726059563,0.05651417239603159,0.3481886939017504,0.5768101006194408,0.46249939726059563,0.04423914384764446,0.37268916059648527,0.552309633924706,0,0,0,157.74577457141902,0.6978
1099,1476559,2.5753412158940376,0.4464891949891447,0.0036197362845304427,0.4393944888735459,0.4535839011047435,0.5085288849251562,0.05620761117842276,0.3948382601576038,0.6222195096927087,0.5085288849251562,0.04866271485043665,0.4097383216970991,0.6073194481532134,0,0,0,180.73356114235327,0.7417
1100,1477559,2.5745255776178415,0.4198706553477779,0.0029641524880542015,0.4140608976385105,0.4256804130570453,0.5102927178936535,0.0429396791896597,0.4234390186874374,0.5971464170998696,0.5102927178936535,0.029407008380873227,0.45059331703351846,0.5699921187537885,0,0,0,98.42390847300501,0.6551
1101,1478559,2.576026342276258,0.43279364895054967,0.0029258663532447404,0.42705893230875897,0.4385283655923404,0.48940417859637464,0.054571428785808944,0.3790230450978862,0.5997853120948631,0.48940417859637464,0.05011112841705406,0.3876731795033421,0.5911351776894072,0,0,0,293.33196766085376,0.7982
1102,1479559,2.575520946371746,0.397534484332649,0.003959727886207906,0.38977339251763277,0.4052955761476652,0.4940217609705887,0.061420356157860484,0.36978736426466036,0.618256157676517,0.4940217609705887,0.05321195683171671,0.38599574552880567,0.6020477764123717,0,0,0,180.58753750491178,0.666
1103,1480559,2.5753192434287855,0.41668210372489195,0.0034034640871810047,0.4100112924901789,0.423352914959605,0.4902700067154331,0.05236638173142947,0.3843490018720918,0.5961910115587743,0.4902700067154331,0.04357241264216963,0.40181330635756907,0.5787267070732971,0,0,0,163.9007236311878,0.6768
1104,1481559,2.57520482229166,0.439686844314811,0.002934931821816876,0.4339343592970216,0.44543932933260033,0.5098652935726046,0.04642086597550244,0.41597022946371237,0.6037603576814967,0.5098652935726046,0.039248515744655085,0.4301865705873219,0.5895440165578872,0,0,0,178.8341444312333,0.7079
1105,1482559,2.575146758927311,0.3747354660570049,0.0031960920308888906,0.3684711053701585,0.38099982674385136,0.4555433803347503,0.03909426009914571,0.3764677754066528,0.5346189852628478,0.4555433803347503,0.028097149025398428,0.39850313533705756,0.5125836253324431,0,0,0,77.28335324154392,0.8415
1106,1483559,2.57774710123312,0.42962230365803833,0.0032700552246236235,0.4232129746415482,0.43603163267452844,0.4721637900220646,0.042302921252544964,0.38659805531351177,0.5577295247306174,0.4721637900220646,0.033024150571279366,0.4051212001235773,0.5392063799205519,0,0,0,101.9889539218607,0.6936
1107,1484559,2.57546948155984,0.42459150378600446,0.00371312523992838,0.4173137547244809,0.43186925284752803,0.5285658488454891,0.05953514412928704,0.4081446533921003,0.6489870442988778,0.5285658488454891,0.04884345664512595,0.42940836026706697,0.6277233374239112,0,0,0,173.03485250037915,0.6915
1108,1485559,2.57706974262734,0.451756134902495,0.003151181654046338,0.44557979883959714,0.45793247096539286,0.5146771804914465,0.03897545920506078,0.4358418730531069,0.5935124879297862,0.5146771804914465,0.0338056643509315,0.4460480332728505,0.5833063277100425,0,0,0,115.08853757032175,0.7386
1109,1486559,2.576093364514582,0.42813532551002137,0.003463425089259899,0.42134699033027273,0.43492366068977,0.46627555476143245,0.043040761526180214,0.3792173972309602,0.5533337122919048,0.46627555476143245,0.04063433555148235,0.3837834679991834,0.5487676415236815,0,0,0,137.6495284185153,0.7291
1110,1487559,2.5754389461141773,0.45286911900101956,0.0031879700388215775,0.446620677470228,0.45911756053181113,0.5302664520078916,0.0459944521352133,0.43723389130193024,0.6232990127138529,0.5302664520078916,0.036949025136235755,0.4552559431376982,0.605276960878085,0,0,0,134.33138935917063,0.7783
1111,1488559,2.5762091569895764,0.4559320844431839,0.0033166802229407308,0.4494313701337613,0.4624327987526065,0.538068756018505,0.0461236466076848,0.44477487482615663,0.6313626372108534,0.538068756018505,0.04178849294585458,0.4532336051794921,0.622903906857518,0,0,0,158.74725192030726,0.7558
1112,1489559,2.573468992471698,0.4142371810067399,0.0033875274735061323,0.40759760563608255,0.42087675637739724,0.4709100498938679,0.050276050659988594,0.36921713872860085,0.572602961059135,0.4709100498938679,0.038228771178679205,0.3933015184367631,0.5485185813509728,0,0,0,127.35471386894757,0.755
1113,1490559,2.573616543774515,0.3999142887020441,0.0032488084357565894,0.3935466035267244,0.4062819738773638,0.45759934052521084,0.043604244324895465,0.36940143145418036,0.5457972495962413,0.45759934052521084,0.037077901365207805,0.3823271990008183,0.5328714820496034,0,0,0,130.25130441604486,0.5943
1114,1491559,2.5766988045644075,0.47811099191562767,0.0031957050301541336,0.47184738975268015,0.4843745940785752,0.5590174115816146,0.05028751293345898,0.4573013157798759,0.6607335073833532,0.5590174115816146,0.03866639726672512,0.4805204519335585,0.6375143712296706,0,0,0,146.3976295717093,0.7186
1115,1492559,2.577155436316415,0.4852558609785387,0.003233671059746814,0.47891784515637315,0.4915938768007042,0.5202356036654565,0.04426412716768596,0.43070295556002564,0.6097682517708873,0.5202356036654565,0.03917916240054933,0.4406976754538936,0.5997735318770194,0,0,0,146.7974847805413,0.6555
1116,1493559,2.575822193632546,0.4314426880009564,0.0030647616953014866,0.42543573560626585,0.437449640395647,0.5370975630462761,0.049030561934401494,0.43792389061726217,0.63627123547529,0.5370975630462761,0.03644100133726165,0.4631183973181199,0.6110767287744323,0,0,0,141.3797411774163,0.6553
1117,1494559,2.5765828238135615,0.4003163413479427,0.0028731740505599616,0.39468490195419365,0.40594778074169174,0.49623621677928603,0.035146225160758424,0.4251462662730524,0.5673261672855197,0.49623621677928603,0.023263597683284547,0.4490086026828238,0.5434638308757483,0,0,0,65.55863257706508,0.8469
1118,1495559,2.573184363849197,0.45684860681284417,0.0030890889468808825,0.45079397285049533,0.462903240775193,0.5271574859253264,0.04356500139974621,0.439038953162671,0.6152760186879818,0.5271574859253264,0.02919096753761644,0.4678966712939129,0.5864183005567399,0,0,0,89.29685282660466,0.8381
1119,1496559,2.5737699619704446,0.42800231286945123,0.0036420327694174624,0.4208639055018136,0.4351407202370889,0.5128476684630687,0.03867655178001657,0.4346169583592976,0.5910783785668399,0.5128476684630687,0.028616363282216378,0.4547533624861493,0.5709419744399882,0,0,0,61.73638319201602,0.7036
1120,1497559,2.5751810761144043,0.4363134438713213,0.0028464093421473233,0.43073446347611005,0.4418924242665326,0.49986946000584104,0.03852188502623198,0.4219515929405816,0.5777873270711005,0.49986946000584104,0.0351118024409441,0.4285887114953207,0.5711502085163613,0,0,0,152.16386686557738,0.6782
1121,1498559,2.574983495577328,0.45789713028294127,0.003905907687471019,0.45024152639939485,0.4655527341664877,0.5690032945900956,0.0494883193304949,0.46890372043242384,0.6691028687477673,0.5690032945900956,0.042435497796299654,0.4828546540745777,0.6551519351056134,0,0,0,118.03604583377587,0.707
1122,1499559,2.574428353273407,0.4150624001916194,0.0032057209645721153,0.4087791667335766,0.42134563364966215,0.48504608537313326,0.05014663522323811,0.38361494163669396,0.5864772291095726,0.48504608537313326,0.04090732365019826,0.40199980330736307,0.5680923674389035,0,0,0,162.83610248230602,0.7022
1123,1500559,2.5750238227364113,0.4608096305118272,0.0035096442433412123,0.4539307054964268,0.46768855552722766,0.5311689605965917,0.03898581487382012,0.45231270684108166,0.6100252143521018,0.5311689605965917,0.031127476716869995,0.467976823327246,0.5943610978659374,0,0,0,78.66139452554923,0.892
1124,1501559,2.5753774910668477,0.4091191290567171,0.0033882412521468097,0.40247815467538905,0.41576010343804515,0.4860278241119942,0.04232901078018483,0.4004093183527762,0.5716463298712122,0.4860278241119942,0.03307112318132501,0.4188898747454426,0.5531657734785458,0,0,0,95.26848049769163,0.6761
1125,1502559,2.5739275359984957,0.4664666107598099,0.0034426824357368423,0.4597189313127545,0.4732142902068653,0.45645211952593895,0.04626606797595731,0.3628701639251666,0.5500340751267113,0.45645211952593895,0.04036158434904876,0.3745137471421901,0.5383904919096878,0,0,0,137.44928457177244,0.6321
1126,1503559,2.5735606343175403,0.43431166120507597,0.003105312744280194,0.4282252284967469,0.44039809391340506,0.5192285945822384,0.04862959168370043,0.42086596103852236,0.6175912281259544,0.5192285945822384,0.03936887151644262,0.4393055363904391,0.5991516527740376,0,0,0,160.72936949146808,0.7096
1127,1504559,2.5737032083691496,0.43156074806412364,0.0029046787335586274,0.42586755929153286,0.43725393683671443,0.5012483368741455,0.04605235253878258,0.4080986615476181,0.5943980122006729,0.5012483368741455,0.03203950175685271,0.436204690340368,0.566291983407923,0,0,0,121.66769977469052,0.6575
1128,1505559,2.5753207673089924,0.40456027506397585,0.0031481063535786133,0.3983899666095336,0.4107305835184181,0.48482293462524184,0.047503873307611785,0.38873728141935887,0.5809085878311249,0.48482293462524184,0.03588366939820839,0.41197521288522476,0.5576706563652589,0,0,0,129.92565109787915,0.7437
1129,1506559,2.575004940813305,0.4252256288446047,0.0033711212021929103,0.4186182098699582,0.4318330478192512,0.5024813314724549,0.04684599988066114,0.40772635287379844,0.5972363100711113,0.5024813314724549,0.03658923293136214,0.4282012396098981,0.5767614233350117,0,0,0,117.8034137370832,0.5806
1130,1507559,2.5755622753538954,0.44609987457108824,0.0030165035938729086,0.44018750836180454,0.45201224078037194,0.48586802466276363,0.03485142943751387,0.4153743547892025,0.5563616945363248,0.48586802466276363,0.031131067268541594,0.4226685981860026,0.5490674511395246,0,0,0,106.50753306104241,0.753
1131,1508559,2.5745237991774337,0.4133757382856313,0.0033209489580234342,0.40686665722832527,0.4198848193429373,0.4655981920572197,0.04715821934193263,0.37021168998919063,0.5609846941252488,0.4655981920572197,0.040986919772089285,0.3823903212733405,0.5488060628410989,0,0,0,152.32323760098276,0.7808
1132,1509559,2.5754414865108934,0.4301967584734166,0.002808708158337781,0.4246916726380057,0.43570184430882747,0.5000400754160177,0.03964845581324521,0.41984350384908786,0.5802366469829475,0.5000400754160177,0.027555960186810877,0.4440985021702221,0.5559816486618132,0,0,0,96.25379594911226,0.7074
1133,1510559,2.574776192203183,0.43340624209520506,0.0033131882694867596,0.4269123720367383,0.4399001121536718,0.5211480613036839,0.047509588548986834,0.4250508479309657,0.617245274676402,0.5211480613036839,0.035392578764917124,0.4492973065518009,0.5929988160555668,0,0,0,114.11222786728065,0.7197
1134,1511559,2.5729913240445508,0.4041281840208101,0.003244570448821293,0.3977688053268095,0.4104875627148106,0.4343463926419665,0.04831410684938579,0.336621887408028,0.532070897875905,0.4343463926419665,0.043819746422877996,0.3453875780149623,0.5233052072689707,0,0,0,182.40019713491608,0.6966
1135,1512559,2.575447064876624,0.4185862238896146,0.003291048993559727,0.4121357469526262,0.42503670082660294,0.49795810046484157,0.04986056631854166,0.39710558570443666,0.5988106152252465,0.49795810046484157,0.04184350161761264,0.41301127608517013,0.5829049248445131,0,0,0,161.654331584128,0.8034
1136,1513559,2.5752826336217045,0.4245824720521035,0.0034793662499674268,0.41776289209608625,0.4314020520081207,0.506484481272726,0.06031022687392626,0.38449553298947836,0.6284734295559737,0.506484481272726,0.05146520136494834,0.4020045679527441,0.610964394592708,0,0,0,218.7897941944905,0.6228
1137,1514559,2.575317106207508,0.3929145825260233,0.0033785669618160616,0.38629256981520893,0.39953659523683765,0.4727221764454511,0.048553607949316804,0.37451323451134333,0.5709311183795589,0.4727221764454511,0.03771931049427672,0.39614790516288356,0.5492964477280187,0,0,0,124.641431663187,0.6753
1138,1515559,2.5740692787380817,0.45783041478385383,0.003545568267825025,0.4508810784522226,0.4647797511154851,0.5329918933891262,0.05276074084535536,0.4262732219468133,0.6397105648314392,0.5329918933891262,0.041044534912644454,0.44966705765161874,0.6163167291266337,0,0,0,134.01054520881436,0.6382
1139,1516559,2.575312413058342,0.39883717195939294,0.003174603856086134,0.3926149282316846,0.4050594156871013,0.4600475791289671,0.043832877822690325,0.3713872151579307,0.5487079431000035,0.4600475791289671,0.034565545562337,0.3898757910385683,0.5302193672193659,0,0,0,118.55169097537397,0.7461
1140,1517559,2.574513818766236,0.4068078181546442,0.0029660235304912255,0.4009943931903126,0.41262124311897574,0.44992357771049485,0.04137688510390605,0.36623092791141976,0.5336162275095699,0.44992357771049485,0.038996653991037925,0.3707561612680534,0.5290909941529363,0,0,0,172.86437724810634,0.7438
1141,1518559,2.5743433428777194,0.46898253475135354,0.004000736161549821,0.46114106645612196,0.4768240030465851,0.579003304474026,0.05883383317431116,0.4600006443213893,0.6980059646266628,0.579003304474026,0.046033223193144,0.48555089310670685,0.6724557158413452,0,0,0,132.39236677766354,0.648
1142,1519559,2.576187075125232,0.3552462312288801,0.0033824129820868285,0.3486166802938994,0.3618757821638608,0.431829630937755,0.04419060774255649,0.34244568990597984,0.5212135719695302,0.431829630937755,0.03489510570772811,0.3609888001833624,0.5026704616921476,0,0,0,106.43286958977873,0.8098
1143,1520559,2.576613535740648,0.41959939949189873,0.0030863099647031405,0.41355021235227446,0.425648586631523,0.4616832206141622,0.03472822611881585,0.3914387529746499,0.5319276882536745,0.4616832206141622,0.02942362746336251,0.4019500812229055,0.5214163600054189,0,0,0,90.88942259889973,0.7289
1144,1521559,2.5755307998974053,0.4290907792842512,0.0031493930526622052,0.4229179488914301,0.43526360967707234,0.4574391915663697,0.03958763470550397,0.3773656423018147,0.5375127408309247,0.4574391915663697,0.03242772395409019,0.3916074120720577,0.5232709710606818,0,0,0,106.01790170535789,0.6851
1145,1522559,2.574789281909143,0.43127098885266796,0.0031804558039549313,0.42503727526995655,0.43750470243537937,0.47711466267274133,0.04820678231724241,0.37960724179546645,0.5746220835500162,0.47711466267274133,0.04179430598902733,0.39226771072869615,0.5619616146167865,0,0,0,172.6853543553141,0.7007
1146,1523559,2.5753587618237948,0.4041467092830171,0.0033052458642915767,0.3976684063891948,0.4106250121768394,0.48587753971769904,0.055302114380999294,0.3740184551004174,0.5977366243349806,0.48587753971769904,0.04358888378953747,0.3973874011529762,0.5743676782824219,0,0,0,173.917768638967,0.7326
1147,1524559,2.574800497407996,0.4644181268803811,0.00346417017470055,0.4576283313284349,0.4712079224323273,0.5676602574083287,0.04592413964497401,0.4747699171379396,0.6605505976787178,0.5676602574083287,0.037157009312659396,0.49222751821262706,0.6430929966040304,0,0,0,115.04905773674254,0.6805
1148,1525559,2.57448820058678,0.39555326967235227,0.0032012123206731696,0.389278873184997,0.40182766615970755,0.5138422779903101,0.054736541508265665,0.40312717248732594,0.6245573834932944,0.5138422779903101,0.0401344043321328,0.43236510556004243,0.5953194504205778,0,0,0,157.18267801720856,0.7408
1149,1526559,2.5757235223935573,0.40391945476490154,0.0034994363476765393,0.3970605372898595,0.41077837223994357,0.47705820851283065,0.05867181091328793,0.35838326931640946,0.5957331477092519,0.47705820851283065,0.05257430016589257,0.37032670492383885,0.5837897121018224,0,0,0,225.71000163202868,0.6568
1150,1527559,2.5736086852886526,0.3889616169498957,0.003446668936876775,0.38220612393527786,0.3957171099645136,0.43479233501653475,0.05020513813777629,0.3332428579660634,0.5363418120670062,0.43479233501653475,0.04350932565950323,0.34646370804235116,0.5231209619907183,0,0,0,159.35495222336448,0.73
1151,1528559,2.5765751683257756,0.3500796687941013,0.0035796377097795785,0.3430635561397796,0.35709578144842297,0.4161388446061718,0.05323884872572882,0.3084531086954294,0.5238245805169142,0.4161388446061718,0.04308951327205721,0.3286624820881201,0.5036152071242235,0,0,0,144.89887974823824,0.6672
1152,1529559,2.5742369408113763,0.4349926030780085,0.0032870778832964067,0.42854990954236666,0.4414352966136504,0.506648027047279,0.05105752387250585,0.40337443711080123,0.6099216169837567,0.506648027047279,0.04448436999427887,0.4163399548386718,0.5969560992558861,0,0,0,183.14492975902337,0.6687
1153,1530559,2.572629551278204,0.41172690311071913,0.002859842143151627,0.4061215943401944,0.41733221188124386,0.4668660337160131,0.04084464368826051,0.38424994379563177,0.5494821236363944,0.4668660337160131,0.03053166833346268,0.4048834517695406,0.5288486156624856,0,0,0,113.97692831504158,0.663
1154,1531559,2.574184525015758,0.45798828001047465,0.003376770075950258,0.45136978920737375,0.46460677081357554,0.5428415848567816,0.042749173057749355,0.4563732206737918,0.6293099490397713,0.5428415848567816,0.033190384298793243,0.47546152255012575,0.6102216471634374,0,0,0,96.60988848595797,0.678
1155,1532559,2.5735222423014266,0.4157834963573231,0.0033143341424363574,0.4092873803805948,0.42227961233405137,0.49076250408046673,0.046107087493280186,0.3975021168584684,0.584022891302465,0.49076250408046673,0.03490143683713638,0.4199088204500676,0.5616161877108659,0,0,0,110.89042083825598,0.6713
1156,1533559,2.574192094549099,0.37213138271815666,0.0034114088844091027,0.36544499963039945,0.37881776580591386,0.449366097358634,0.04316090292480751,0.3620649309120378,0.5366672638052302,0.449366097358634,0.03151098040116648,0.38539540621928475,0.5133367884979833,0,0,0,85.32106717252856,0.6773
1157,1534559,2.574159320467554,0.4584643591343953,0.0033867764799162675,0.45182625571594554,0.4651024625528451,0.49677407679225355,0.04840465012530304,0.39886643049624687,0.5946817230882603,0.49677407679225355,0.03861559744544457,0.41838024626413284,0.5751679073203743,0,0,0,130.00272233093392,0.6389
1158,1535559,2.574730160302007,0.32332239011612923,0.0032205405965632715,0.31701011008522756,0.3296346701470309,0.3773528994971661,0.046662080800518826,0.282969932351935,0.4717358666423972,0.3773528994971661,0.040514813030141976,0.2951034563530946,0.4596023426412376,0,0,0,158.2596212477811,0.6228
1159,1536559,2.574763273323442,0.43464404160627174,0.0032739830186491316,0.4282270140885365,0.441061069124007,0.49689820172368615,0.04983543442802682,0.3960965210100289,0.5976998824373434,0.49689820172368615,0.04550622124543601,0.4045156611886123,0.5892807422587599,0,0,0,193.19180624621399,0.6548
1160,1537559,2.5736419859099846,0.3814800029437834,0.003427124238162001,0.3747628176628234,0.3881971882247435,0.4758207356335851,0.05471659291461347,0.3651459799698487,0.5864954912973215,0.4758207356335851,0.04362790245743887,0.3872513849618059,0.5643900863053644,0,0,0,162.05743843086054,0.7022
1161,1538559,2.5734511899252315,0.3734475848948724,0.0032281500194520176,0.36712039034676247,0.3797747794429823,0.42415800167860646,0.03996493592787161,0.34332128865744965,0.5049947146997633,0.42415800167860646,0.03690207402722077,0.3492428086270645,0.4990731947301484,0,0,0,130.67548875465565,0.6583
1162,1539559,2.5763047521667035,0.42665768720110897,0.0033183603717087174,0.4201536797894263,0.43316169461279164,0.4966826859713422,0.05005722881796653,0.39543238375903883,0.5979329881836455,0.4966826859713422,0.035679182338925364,0.4242500950316002,0.5691152769110842,0,0,0,115.60661616826582,0.6725
1163,1540559,2.5742748237194633,0.431752065047624,0.0032306854149897874,0.4254199011081514,0.43808422898709654,0.5105334570386052,0.05235350918039338,0.40463848938736235,0.616428424689848,0.5105334570386052,0.04213413264499059,0.4249966203060582,0.5960702937711522,0,0,0,170.0899972786513,0.6251
1164,1541559,2.5736766039722645,0.3950216393705284,0.0030878730391620617,0.38896938859503366,0.4010738901460232,0.44683524133217023,0.039512975084266315,0.366912705405586,0.5267577772587545,0.44683524133217023,0.03188593166882222,0.3821033586516456,0.5115671240126949,0,0,0,106.62998569618856,0.7166
1165,1542559,2.576729039485249,0.4231990237565686,0.0033939072911486627,0.4165469439027979,0.4298511036103393,0.4853857701593255,0.06010548015529615,0.3638109612047583,0.6069605791138927,0.4853857701593255,0.05348149495823055,0.37681256322994094,0.59395897708871,0,0,0,248.31738570783568,0.6499
1166,1543559,2.5759810304040553,0.4219473916861156,0.0034252946009519104,0.4152337925057119,0.4286609908665193,0.47567298712737566,0.050434698407163844,0.3736591806044129,0.5776867936503385,0.47567298712737566,0.04124174993607906,0.3919477836072235,0.5593981906475278,0,0,0,144.97005685872963,0.6333
1167,1544559,2.574337504313444,0.43786633577069795,0.0035730122929826724,0.43086320897539265,0.44486946256600324,0.5430139508234024,0.043001766660984465,0.45603466785268965,0.6299932337941152,0.5430139508234024,0.03151678580485708,0.4790314740879942,0.6069964275588107,0,0,0,77.80631006072902,0.6883
1168,1545559,2.5745071781036817,0.43250430699848985,0.002931911869984992,0.4267577411054782,0.4382508728915015,0.4881746813972159,0.03753206149312117,0.4122589214048184,0.5640904413896135,0.4881746813972159,0.029404801057102387,0.4284797616425683,0.5478696011518636,0,0,0,100.5853351693963,0.7287
1169,1546559,2.575967125188936,0.4261832367508248,0.0036043628429382204,0.41911866267842157,0.43324781082322805,0.5118721496405266,0.04720109101740803,0.4163989314237867,0.6073453678572666,0.5118721496405266,0.03843945841342761,0.4338359003577779,0.5899083989232754,0,0,0,113.73588528049804,0.7352
1170,1547559,2.5740124242834774,0.47965581710797334,0.0037408352057747593,0.4723237563373362,0.4869878778786105,0.5425026628095675,0.060036602576185046,0.42106717190886245,0.6639381537102725,0.5425026628095675,0.04271965056235187,0.4557771615108528,0.6292281641082822,0,0,0,130.41220251749135,0.6726
1171,1548559,2.5746686146271984,0.4463763059153765,0.0032135893718319005,0.4400776503291128,0.45267496150164027,0.5436740607935969,0.050643841490306686,0.4412372224553726,0.6461108991318212,0.5436740607935969,0.04112954334273264,0.4601766487681993,0.6271714728189945,0,0,0,163.80494581330024,0.7677
1172,1549559,2.5757498518950492,0.4484767404397848,0.003590996515178669,0.44143836445471296,0.45551511642485665,0.45981065734711984,0.05319948292885415,0.3522045462762759,0.5674167684179637,0.45981065734711984,0.048489239045547604,0.3613722687259276,0.5582490459683122,0,0,0,182.33110752643515,0.5742
1173,1550559,2.575122495632013,0.41110218088562933,0.0034795870812507736,0.4042821680988937,0.41792219367236494,0.4999375484252735,0.05106467529131142,0.39664949337891237,0.6032256034716346,0.4999375484252735,0.03804671215944463,0.42269861642652623,0.5771764804240207,0,0,0,119.55805633090517,0.7415
1174,1551559,2.572908034924528,0.4543082798987892,0.0031875162597525745,0.44806072777785594,0.46055583201972244,0.5066232667971622,0.053053531007244456,0.3993123713529201,0.6139341622414043,0.5066232667971622,0.04385273109936817,0.41759748971690447,0.5956490438774199,0,0,0,189.27291650309587,0.5852
1175,1552559,2.5749204238266783,0.44623034911193676,0.003153475911965618,0.44004951628894057,0.45241118193493296,0.5279495234878175,0.04349817132217381,0.43996616731625315,0.6159328796593819,0.5279495234878175,0.03548389525283976,0.4559133864098229,0.5999856605658123,0,0,0,126.61452824929476,0.6837
1176,1553559,2.5756643760249296,0.3449225457685356,0.0030398005693177,0.3389645173393632,0.35088057419770796,0.42789640112446936,0.032682710203470446,0.3617893799537169,0.4940034222952218,0.42789640112446936,0.028106417904121623,0.37083733930259466,0.48495546294634406,0,0,0,85.49108219719892,0.7318
1177,1554559,2.575360637874676,0.4588567910523674,0.0030316257306613613,0.4529147853589001,0.46479879674583463,0.5398448872182866,0.04419380466019935,0.45045447981022313,0.6292352946263501,0.5398448872182866,0.03207958746009965,0.47471986238053804,0.6049699120560352,0,0,0,111.9712123397183,0.5339
1178,1555559,2.573732879303876,0.3952901505191975,0.0032059804159966353,0.38900640853471424,0.4015738925036808,0.47667133759907476,0.047695146687730505,0.3801987974639809,0.5731438777341686,0.47667133759907476,0.04111317465589084,0.39320715577460974,0.5601355194235398,0,0,0,164.4524304035008,0.7006
1179,1556559,2.5763869337326204,0.3870320023103558,0.003704054597386144,0.3797720317658451,0.39429197285486645,0.4890189278932673,0.06134171105896303,0.36494360591478425,0.6130942498717503,0.4890189278932673,0.0409708981325048,0.40584358276693216,0.5721942730196025,0,0,0,122.34781271842311,0.6398
1180,1557559,2.5776627229655755,0.3625302595830365,0.0033085007197709614,0.3560455771517949,0.36901494201427804,0.4461622878028822,0.040874573473569015,0.36348565917751874,0.5288389164282457,0.4461622878028822,0.032700777706754613,0.3797761797204476,0.5125483958853168,0,0,0,97.69080669748597,0.7489
1181,1558559,2.5737484500468035,0.395454155774284,0.00361168430414104,0.3883752315914065,0.4025330799571615,0.47447039295654675,0.05531945196077379,0.3625762397740798,0.5863645461390137,0.47447039295654675,0.04292771107819613,0.3873225063550607,0.5616182795580328,0,0,0,141.27193740051356,0.6309
1182,1559559,2.5754071229285294,0.4109095192060433,0.002828260438547421,0.40536611077719653,0.41645292763489006,0.4856938312936245,0.04255600054040414,0.39961619540746957,0.5717714671797794,0.4856938312936245,0.031119344191069497,0.42251820392938305,0.548869458657866,0,0,0,121.06596687291554,0.7121
1183,1560559,2.5759707233814884,0.4247635210694799,0.0032520086770994766,0.4183895634007955,0.4311374787381643,0.4802177878457221,0.04650510087452206,0.3861523425714327,0.5742832331200115,0.4802177878457221,0.03802931544997333,0.40301417304479803,0.5574214026466462,0,0,0,136.75198041325945,0.6963
1184,1561559,2.574205664872718,0.4112360060979669,0.0028822034788727542,0.40558686896735646,0.41688514322857734,0.48379773240886015,0.0497641788683375,0.38314017966878866,0.5844552851489316,0.48379773240886015,0.04224352429971796,0.39803881881076675,0.5695566460069535,0,0,0,214.81816910430751,0.7536
1185,1562559,2.574599587593323,0.5029684370334289,0.0036521526339409528,0.49581019466702886,0.5101266793998289,0.5653338300755829,0.055043903900227883,0.45399702545321596,0.6766706346979499,0.5653338300755829,0.037397624203859864,0.4894126166816001,0.6412550434695657,0,0,0,104.85525170975967,0.5671
1186,1563559,2.5756567946368936,0.39400956834012146,0.0029626730124772322,0.38820271041238474,0.3998164262678582,0.45315905882716806,0.04346002034750643,0.36525287028565395,0.5410652473686821,0.45315905882716806,0.03216508086226783,0.3878604731558648,0.5184576444984713,0,0,0,117.86961153212586,0.6798
1187,1564559,2.573431319306104,0.4117955928181683,0.0033307894908658963,0.40526722425396944,0.41832396138236716,0.4546613391823793,0.04739980960350099,0.35878617468590657,0.550536503678852,0.4546613391823793,0.03888361362122711,0.3757234068909031,0.5335992714738554,0,0,0,136.2821155108413,0.6796
1188,1565559,2.5749898204800066,0.43060773221274534,0.002911827014201598,0.4249005327646779,0.4363149316608128,0.5062539855934911,0.051409815565659614,0.4022678184480669,0.6102401527389153,0.5062539855934911,0.04387956391099838,0.4171737350096057,0.5953342361773766,0,0,0,227.08762269591898,0.7395
1189,1566559,2.5744942257648353,0.43998723082845875,0.003284979493682152,0.4335486501497929,0.4464258115071246,0.5242956925316227,0.04933451249420836,0.4245072220651473,0.624084162998098,0.5242956925316227,0.03681131289875421,0.44956475436655763,0.5990266306966877,0,0,0,125.57329453594815,0.7069
1190,1567559,2.5741862132502593,0.3919365827392318,0.0032051488529313706,0.3856544706236398,0.39821869485482386,0.4553022654793495,0.04542305587199459,0.3634254628067436,0.5471790681519554,0.4553022654793495,0.033188228666345354,0.3879265793392165,0.5226779516194825,0,0,0,107.21899692792714,0.6256
1191,1568559,2.572775550827785,0.40060012837268566,0.0031123469969080394,0.39449990848451405,0.40670034826085727,0.5046373143415015,0.0445400050454551,0.414546650557668,0.5947279781253351,0.5046373143415015,0.03371528899381809,0.4361916388518999,0.5730829898311032,0,0,0,117.34855653524734,0.7442
1192,1569559,2.5727500139102712,0.42549496022206773,0.003336013923109087,0.41895635173747886,0.4320335687066566,0.45573794017637775,0.049525988733762676,0.3555621724587531,0.5559137078940024,0.45573794017637775,0.043552716661475734,0.36732122478507506,0.5441546555676804,0,0,0,170.44128145520102,0.6751
1193,1570559,2.5757318435404604,0.46895759495933576,0.003065597582442386,0.46294900422053825,0.47496618569813326,0.5625388743528897,0.04636409948342275,0.4687586313120895,0.65631911739369,0.5625388743528897,0.030608929712511133,0.5003994434682634,0.6246783052375161,0,0,0,99.69330604521222,0.8245
1194,1571559,2.5748747793186983,0.4128545705427594,0.0034109171029415995,0.4061691513498031,0.41953998973571577,0.48750678076902865,0.0501889966862806,0.38598995288593385,0.5890236086521234,0.48750678076902865,0.04361061990832874,0.39897251553721824,0.576041046000839,0,0,0,163.4715538428346,0.7446
1195,1572559,2.5751045269355606,0.4195635156199283,0.003057476018992399,0.4135708431970929,0.42555618804276363,0.49162946137106056,0.044598783105198415,0.4014199077394869,0.5818390150026342,0.49162946137106056,0.035623698388720676,0.41930950883851975,0.5639494139036013,0,0,0,135.7537676163704,0.6616
1196,1573559,2.574304746843721,0.40963208386340577,0.0031258493946375826,0.40350539918989703,0.4157587685369145,0.4898847801854267,0.05430816459342334,0.38003614877844744,0.599733411592406,0.4898847801854267,0.0411174371075203,0.40641194512411494,0.5733576152467385,0,0,0,173.02783526245128,0.6483
1197,1574559,2.574532706450244,0.4408935187703081,0.003199421733500586,0.4346226318451875,0.44716440569542865,0.4742691297524345,0.04392391395777291,0.3854246278175713,0.5631136316872977,0.4742691297524345,0.035745849550761044,0.40170119717739056,0.5468370623274784,0,0,0,124.82692295138814,0.5911
1198,1575559,2.5755743155881685,0.41149472921389985,0.003060092130096466,0.4054969291966791,0.41749252923112057,0.511115528212381,0.05516772398909248,0.3995282738205495,0.6227027826042126,0.511115528212381,0.03993639011529917,0.4300403460136136,0.5921907104111485,0,0,0,170.32116074600285,0.6498
1199,1576559,2.5752880203947703,0.406111178613517,0.003480376374121016,0.39928961880774094,0.412932738419293,0.4740802253915971,0.04342450113418099,0.3862458812403632,0.561914569542831,0.4740802253915971,0.03940789755140983,0.39407794013680275,0.5540825106463915,0,0,0,128.20769941554494,0.6353
1200,1577559,2.5743402306169534,0.3934892581585839,0.002840819468305951,0.3879212339516168,0.39905728236555094,0.44630816900357306,0.03455343960996279,0.3764172404484628,0.5161990975586833,0.44630816900357306,0.026066532495830828,0.3933902947217917,0.4992260432853544,0,0,0,84.19363392866663,0.6502
1201,1578559,2.5758701154607944,0.4487032547277999,0.002783581765765487,0.4432474167814707,0.45415909267412913,0.5280809655313882,0.04108941923307699,0.4449697703390595,0.6111921607237168,0.5280809655313882,0.033191173503186094,0.4606993010546374,0.5954626300081389,0,0,0,142.17958728467212,0.6582
1202,1579559,2.573417292278398,0.4547702424508558,0.0031309960793343,0.4486334702426421,0.46090701465906947,0.5025284913037865,0.03924523778041754,0.42314750519065236,0.5819094774169207,0.5025284913037865,0.030068431565628176,0.4414863299923519,0.5635706526152211,0,0,0,92.22666455151847,0.6312
1203,1580559,2.5736789240278317,0.3828929418144278,0.00370789514689635,0.3756254437684763,0.3901604398603793,0.4388542311521998,0.04970651482875801,0.3383133149413984,0.5393951473630012,0.4388542311521998,0.03969583419072141,0.35826740344310526,0.5194410588612943,0,0,0,114.61328934083349,0.6997
1204,1581559,2.574547194316758,0.4454484329981578,0.003056880654441566,0.4394569274936247,0.4514399385026909,0.5401634372884493,0.04959663946737114,0.43984476497346087,0.6404821096034378,0.5401634372884493,0.03466294409950236,0.4697939196555511,0.6105329549213474,0,0,0,128.58014955148587,0.6081
1205,1582559,2.5749599381197887,0.4365347355153377,0.003306624046574239,0.43005373137548514,0.4430157396551903,0.5058940558880173,0.03949420107370187,0.42600949398213445,0.5857786177939002,0.5058940558880173,0.028630429407523954,0.4477711941585911,0.5640169176174434,0,0,0,74.96975370171708,0.7714
1206,1583559,2.574600513039617,0.44257333006686517,0.0035019728377701045,0.4357094410551242,0.4494372190786061,0.5350415693285604,0.044603945349734164,0.4448215740718372,0.6252615645852836,0.5350415693285604,0.037649440137531194,0.4586091424111717,0.6114739962459491,0,0,0,115.58234418886356,0.6607
1207,1584559,2.5751296916138293,0.45128169734261403,0.0028117242273178237,0.44577069999283975,0.4567926946923883,0.4929828634146598,0.04073485418339835,0.4105888437288785,0.5753768831004411,0.4929828634146598,0.036088499870315496,0.41971931370927085,0.5662464131200488,0,0,0,164.7374022307231,0.7695
1208,1585559,2.5743290102373546,0.36090807026896576,0.003390265604399462,0.35426312814436084,0.3675530123935707,0.4392939336459197,0.047112679750666235,0.34399954409564737,0.534588323196192,0.4392939336459197,0.03272625664325609,0.3728561005724901,0.5057317667193493,0,0,0,93.18053863046501,0.6217
1209,1586559,2.5746536934400854,0.46003749868180566,0.00295549587703077,0.4542447079851438,0.4658302893784675,0.5347592381168674,0.04771794061468122,0.43824059291269835,0.6312778833210365,0.5347592381168674,0.035389235814379076,0.4629152699153755,0.6066032063183594,0,0,0,143.3777146505968,0.712
1210,1587559,2.574743568578979,0.42958856727980127,0.0029581642619099526,0.4237905465318227,0.43538658802777985,0.5041207770741494,0.0426783587205074,0.41779564840810735,0.5904459057401914,0.5041207770741494,0.032623216218174544,0.43789212718460807,0.5703494269636906,0,0,0,121.62111400553319,0.6578
1211,1588559,2.575559704096163,0.3906011314724473,0.003466216797243957,0.38380732452731287,0.3973949384175817,0.47441103162801396,0.04999340144215725,0.3732898324692098,0.5755322307868181,0.47441103162801396,0.03767251357179012,0.3979317631488042,0.5508903001072237,0,0,0,118.12389284975552,0.7279
1212,1589559,2.574583993227954,0.4186069947440176,0.0036353591873014082,0.4114816676397279,0.4257323218483073,0.5040516978096807,0.04888992326791921,0.4051624939343666,0.6029409016849948,0.5040516978096807,0.04020779557291854,0.4224255332396298,0.5856778623797316,0,0,0,122.32799902863617,0.5709
1213,1590559,2.57456137799784,0.3836286357815226,0.0035898377928625497,0.3765925308995523,0.39066474066349294,0.46822192741998603,0.038997942962674566,0.3893411422892727,0.5471027125506993,0.46822192741998603,0.02938929415156829,0.4085584883572058,0.5278853664827662,0,0,0,67.02374034796493,0.7219
1214,1591559,2.575429916197584,0.43608108534920503,0.003160073357140773,0.4298873214917488,0.44227484920666127,0.5124141389326755,0.04456539929948299,0.4222721104217987,0.6025561674435523,0.5124141389326755,0.0324131915586417,0.4466118617695799,0.5782164160957711,0,0,0,105.20812071023326,0.663
1215,1592559,2.5747266922873666,0.4979908906054773,0.003421313542508449,0.49128509432491635,0.5046966868860383,0.5823449336373138,0.05071623574746302,0.47976166409247656,0.684928203182151,0.5823449336373138,0.03322600233360793,0.5148925628757919,0.6497973043988357,0,0,0,94.31275461426652,0.7009
1216,1593559,2.5744357709943357,0.38767116825873565,0.003316076788790882,0.38117163668408066,0.39417069983339065,0.47816043430887994,0.051970613893818414,0.37303994547711716,0.5832809231406427,0.47816043430887994,0.039520813536028265,0.3979289174184855,0.5583919511992743,0,0,0,142.0373609205472,0.7228
1217,1594559,2.575648925776683,0.39309448355265486,0.0035295378073798085,0.3861765670253454,0.4000124000799643,0.4586465497420078,0.04335977515579837,0.37094312623953896,0.5463499732444766,0.4586465497420078,0.03869908361848853,0.38008323327209126,0.5372098662119243,0,0,0,120.21694458065689,0.7136
1218,1595559,2.5762831934237864,0.37899015326300833,0.003100539015330576,0.37291307709375027,0.3850672294322664,0.4578123921215348,0.040060613901017846,0.3767821521328476,0.538842632110222,0.4578123921215348,0.027547951866548768,0.4018870766301953,0.5137377076128743,0,0,0,78.94129194521555,0.7068
1219,1596559,2.5735860016617695,0.4205341654162701,0.0031676603787399423,0.4143255309482755,0.42674279988426467,0.4534662914185947,0.034477240456132555,0.3837294902000513,0.523203092637138,0.4534662914185947,0.027587686487759364,0.39746031035770957,0.5094722724794798,0,0,0,75.84960770515798,0.6178
1220,1597559,2.5752374466357604,0.40758156516665855,0.002913738500417741,0.40187061919346284,0.41329251113985427,0.449193774477913,0.04159262981836322,0.36506473980385945,0.5333228091519665,0.449193774477913,0.032125692669207534,0.3839751510896209,0.5144123978662051,0,0,0,121.56368476957552,0.669
1221,1598559,2.574610565894024,0.40153414575581775,0.0035287405925281375,0.3946177917746827,0.4084504997369528,0.4985783907416649,0.050408251986683944,0.3966180771532743,0.6005387043300555,0.4985783907416649,0.040635638123076766,0.41608365961849486,0.5810731218648348,0,0,0,132.60951952427394,0.6704
1222,1599559,2.5753543591417416,0.4509731462925078,0.003419613502172862,0.44427068210180576,0.4576756104832098,0.5021042485583466,0.04669485613963489,0.4076549870322843,0.5965535100844088,0.5021042485583466,0.035823013240062006,0.4293796653658797,0.5748288317508135,0,0,0,109.74132026197324,0.6799
1223,1600559,2.574667235935486,0.38590798219342537,0.0032761611340482036,0.3794866855556693,0.39232927883118146,0.4638751800857364,0.04066105251202795,0.3816304383705196,0.5461199218009533,0.4638751800857364,0.029582124897461582,0.4038202737969078,0.5239300863745651,0,0,0,81.53202424879746,0.7188
1224,1601559,2.5748386851831304,0.38774632209769455,0.0034367126053819154,0.381010343556064,0.3944823006393251,0.46230774062603514,0.054504080265100556,0.35206283236886143,0.5725526488832088,0.46230774062603514,0.045900372108928236,0.369125031298059,0.5554904499540112,0,0,0,178.37992663627608,0.6035
1225,1602559,2.574909390782667,0.45461649091612444,0.0036279058348170244,0.44750577243005885,0.46172720940219003,0.5360846561513769,0.05336384836613409,0.428146084602979,0.6440232276997748,0.5360846561513769,0.04453332397572941,0.4456772020769076,0.6264921102258463,0,0,0,150.68090230549296,0.7181
1226,1603559,2.5751656147796145,0.4484644116548846,0.0037448798565574565,0.44112442334301577,0.4558043999667534,0.579144331629714,0.05916514548862961,0.459471529067209,0.698817134192219,0.579144331629714,0.04780479073109188,0.4820954469581759,0.6761932163012522,0,0,0,162.95476502253842,0.6571
1227,1604559,2.5750764124509304,0.38757057664439,0.003142498084185428,0.38141126043359036,0.3937298928551896,0.4745585948002121,0.04900067591376709,0.3754453725537714,0.5736718170466528,0.4745585948002121,0.030745182447605136,0.4121425561578257,0.5369746334425985,0,0,0,95.72031209607938,0.6943
1228,1605559,2.575468950692242,0.3560042243339386,0.003303614167811063,0.349529119575585,0.36247932909229214,0.3954053982446156,0.04136611797327107,0.3117345270229108,0.4790762694663204,0.3954053982446156,0.03644972038693018,0.3214085319046005,0.46940226458463075,0,0,0,121.733402895576,0.7049
1229,1606559,2.5775009785631693,0.4401253913316081,0.003658019540599528,0.432955649790882,0.4472951328723342,0.4988868982995928,0.04552048269491393,0.40681303127689994,0.5909607653222857,0.4988868982995928,0.0361265642710193,0.425546073752551,0.5722277228466346,0,0,0,97.53517776871807,0.7142
1230,1607559,2.5746172983103937,0.3583433400606213,0.002900200727322807,0.35265892820870365,0.36402775191253894,0.44214600156550526,0.04831302952610796,0.34442367542357877,0.5398683277074318,0.44214600156550526,0.034242004819687394,0.3726310361018714,0.5116609670291391,0,0,0,139.39983312652956,0.6302
1231,1608559,2.5755630373455003,0.40629994060357094,0.003571405314604934,0.3992999634960959,0.41329991771104596,0.4638336656969304,0.04429183247696858,0.37424497831397674,0.5534223530798841,0.4638336656969304,0.03752998297986576,0.3876437497024045,0.5400235816914563,0,0,0,110.42780858892667,0.7414
1232,1609559,2.574129418277799,0.3947750307579672,0.0030663523279806067,0.3887649607131195,0.40078510080281493,0.4575646052472427,0.03949496713110683,0.3776784938440026,0.5374507166504827,0.4575646052472427,0.02941447139627117,0.3978500536603797,0.5172791568341057,0,0,0,92.01910131010627,0.6887
1233,1610559,2.5765222701148027,0.39690520511288974,0.0033695960180810097,0.3903007755087928,0.4035096347169867,0.4657580897498021,0.04860354010274167,0.367448150502344,0.5640680289972603,0.4657580897498021,0.03978948517155444,0.38498114044203,0.5465350390575742,0,0,0,139.43794296060574,0.6846
1234,1611559,2.5756944660009338,0.3744214339181013,0.003461435270044431,0.36763699879665723,0.38120586903954534,0.4387697699853553,0.04289026791698443,0.35201601451172687,0.5255235254589836,0.4387697699853553,0.03917515936925521,0.35923996835935956,0.518299571611351,0,0,0,128.0881976481997,0.6849
1235,1612559,2.574789024810047,0.4401694847879754,0.0031721417995147277,0.43395206670678965,0.44638690286916116,0.5075400821870676,0.04276996409175525,0.42102966416837595,0.5940505002057592,0.5075400821870676,0.03465847493933302,0.4371796374316618,0.5779005269424734,0,0,0,119.37509001958463,0.6372
1236,1613559,2.574685868879032,0.3981878099573735,0.0032607253458944406,0.3917967675624698,0.40457885235227725,0.49994387482371033,0.05533933332746046,0.3880095077813684,0.6118782418660523,0.49994387482371033,0.04846117021291114,0.4015624689621901,0.5983252806852306,0,0,0,220.8815063771184,0.7103
1237,1614559,2.577286459010301,0.38414687084331034,0.0033343916745343784,0.37761144197623486,0.3906822997103858,0.44932670652313267,0.04862750988260323,0.3509682838195933,0.547685129226672,0.44932670652313267,0.0430675461204292,0.3618949396937621,0.5367584733525033,0,0,0,166.82726467709642,0.6589
1238,1615559,2.5746641575589058,0.42230071574341554,0.0029952007544193932,0.4164301032348079,0.4281713282520232,0.5121349911923745,0.0478985599088728,0.4152510089818607,0.6090189734028884,0.5121349911923745,0.036396001239996444,0.4382471805184484,0.5860228018663005,0,0,0,147.65748583563382,0.7362
1239,1616559,2.5763355411248425,0.41265990005338476,0.0033727912032294866,0.4060492078660963,0.41927059224067326,0.4752838655679192,0.04866557694966568,0.37684844495348013,0.5737192861823582,0.4752838655679192,0.03893420303547377,0.3962432313054953,0.554324499830343,0,0,0,133.2550466522022,0.5312
1240,1617559,2.5744742420687805,0.47436251655606587,0.0033398913383162693,0.4678163083130359,0.48090872479909585,0.5365663545802192,0.0400392850907552,0.4555792561823854,0.617553452978053,0.5365663545802192,0.034590717586382574,0.46634346456423537,0.606789244596203,0,0,0,107.26411852455436,0.7323
1241,1618559,2.575696742232034,0.3785242918538078,0.003243378928650486,0.37216724854691235,0.3848813351607033,0.42600931549341897,0.04178467936223722,0.3414918239507743,0.5105268070360636,0.42600931549341897,0.033143878763550405,0.35872366444256715,0.4932949665442708,0,0,0,104.42663449586402,0.6256
1242,1619559,2.5738366002276205,0.47542602359031594,0.0031890884380063244,0.4691753899900165,0.48167665719061536,0.5623935787608091,0.04177379763192891,0.47789809759525337,0.6468890599263648,0.5623935787608091,0.0323047295123099,0.49681149125788593,0.6279756662637322,0,0,0,102.61222199279942,0.6681
1243,1620559,2.576107237806116,0.4393487115871794,0.0031069879569135717,0.43325899545144547,0.44543842772291337,0.475223019657955,0.04465060485028868,0.38490864665312674,0.5655373926627832,0.475223019657955,0.03892670991513393,0.39619759723854037,0.5542484420773696,0,0,0,156.96985520401518,0.6987
1244,1621559,2.576059527287231,0.44614104404719984,0.0030434357615057223,0.44017589061824286,0.4521061974761568,0.5399609756189181,0.033524193950946996,0.4721518929127863,0.6077700583250498,0.5399609756189181,0.021555770461919633,0.4962004351046305,0.5837215161332057,0,0,0,50.16476958520676,0.759
1245,1622559,2.5753653841519606,0.4156544786115948,0.0028973134398245365,0.4099757258615181,0.42133323136167156,0.4801788761303943,0.03867680833457613,0.401947647096045,0.5584101051647435,0.4801788761303943,0.03116150756461583,0.4169176525672347,0.5434400996935539,0,0,0,115.67671808347993,0.761
1246,1623559,2.5761012491566615,0.42449933527723965,0.0032779717471815317,0.41807448982623857,0.43092418072824074,0.5113526113694196,0.03982257486527596,0.4308038507769418,0.5919013719618974,0.5113526113694196,0.030629018566953086,0.44917239794212116,0.573532824796718,0,0,0,87.30834383109597,0.7455
1247,1624559,2.574911054432664,0.43660682224121566,0.002796513355071107,0.4311256382976869,0.4420880061847444,0.4642396629406899,0.03563070623183412,0.3921697569710618,0.536309568910318,0.4642396629406899,0.03276423301019126,0.397724733743659,0.5307545921377208,0,0,0,137.26702343259356,0.6634
1248,1625559,2.57478096238293,0.397711408253097,0.003513470892164146,0.39082498298169105,0.4045978335245029,0.506092885544431,0.05369861316307364,0.3974771882809155,0.6147085828079465,0.506092885544431,0.034340590811413836,0.4363777798773789,0.5758079912114831,0,0,0,95.53066601704505,0.7385
1249,1626559,2.5761029230500045,0.3896118889047075,0.0031308246273761696,0.3834754527434211,0.3957483250659939,0.46205915772791983,0.04587551782774971,0.36926716436574597,0.5548511510900938,0.46205915772791983,0.03299700901925725,0.39507166810937766,0.529046647346462,0,0,0,111.07892503539713,0.6103
1250,1627559,2.5767826395419,0.4292957833774755,0.002872645301453034,0.4236653803353354,0.43492618641961556,0.48691604483730316,0.034393183342047606,0.4173492651801839,0.5564828244944224,0.48691604483730316,0.025902852245357627,0.43433045912970547,0.5395016305449009,0,0,0,81.30760460245196,0.6412
1251,1628559,2.5739493945935896,0.4295844612225905,0.003501053234106529,0.42272237463987283,0.4364465478053081,0.5241978441751876,0.04616251009603377,0.43082535415783474,0.6175703341925404,0.5241978441751876,0.03614743862526463,0.45081464243609515,0.59758104591428,0,0,0,106.60010423320735,0.7546
1252,1629559,2.5749802131449395,0.4194675382574642,0.0032739320393951024,0.4130506106593907,0.4258844658555377,0.47945851047959587,0.04661249251452242,0.3851758451101899,0.5737411758490019,0.47945851047959587,0.041095075903397,0.39603107107606,0.5628859498831317,0,0,0,157.5579254225697,0.6361
1253,1630559,2.5759972473357258,0.3550792925341865,0.004023311666375204,0.34719357610606416,0.3629650089623089,0.4687943294554981,0.05853244961605853,0.35040127508958735,0.5871873838214089,0.4687943294554981,0.04338433239978907,0.3807194522888381,0.5568692066221581,0,0,0,116.2782493871546,0.6893
1254,1631559,2.5737050606467142,0.3889812350422188,0.0031107847247597207,0.38288407721738377,0.3950783928670539,0.4066079561714838,0.03555980662972334,0.33468145818327943,0.4785344541596882,0.4066079561714838,0.028825788423484277,0.34808849455490143,0.4651274177880662,0,0,0,85.86624551495736,0.6247
1255,1632559,2.576798451303652,0.42328499397075786,0.0035514930147270488,0.4163240450975559,0.43024594284395984,0.5417713478175674,0.053546046757790705,0.43346424523672034,0.6500784503984145,0.5417713478175674,0.0419644882106696,0.456578907596119,0.6269637880390158,0,0,0,139.6181670705331,0.7386
1256,1633559,2.5735532381674444,0.38577220669286805,0.003317010777438821,0.379270844494529,0.39227356889120707,0.4780886912118958,0.054592912442492696,0.36766410291610396,0.5885132795076876,0.4780886912118958,0.04131753958494661,0.3942096265246983,0.5619677558990933,0,0,0,155.1583449796966,0.6181
1257,1634559,2.573098073438653,0.40572521352021135,0.0034748710386247996,0.3989144442069859,0.4125359828334368,0.4521721658408111,0.04836141301330742,0.35435197485864656,0.5499923568229756,0.4521721658408111,0.043715537401257054,0.3634249067747948,0.5409194249068274,0,0,0,158.26841763572656,0.6758
1258,1635559,2.573198470204243,0.4091370011562569,0.0038121137850904963,0.4016652339172939,0.4166087683952199,0.48581385766157503,0.04621394241563152,0.39233733595837544,0.5792903793647746,0.48581385766157503,0.03449125670716466,0.41579288396504227,0.5558348313581079,0,0,0,81.86274940891522,0.5394
1259,1636559,2.574420021529955,0.4106742105169992,0.003373109477736028,0.4040628945096557,0.4172855265243427,0.498575852293015,0.05140644604971578,0.3945965006368953,0.6025552039491346,0.498575852293015,0.03768808547575233,0.4220649711681136,0.5750867334179164,0,0,0,124.83813691242528,0.7702
1260,1637559,2.574420178252577,0.4517614200361716,0.0035732526124752206,0.44475782221313404,0.45876501785920915,0.5520674167225772,0.0477231888598996,0.45553815594045877,0.6485966775046956,0.5520674167225772,0.034656590172426255,0.48171079824741175,0.6224240351977426,0,0,0,94.06850057360369,0.5869
1261,1638559,2.5753573467909985,0.42313166775408373,0.0031594121037391253,0.416939199957496,0.42932413555067145,0.5138566439437503,0.0524257969718597,0.407815460433079,0.6198978274544216,0.5138566439437503,0.04177430159594531,0.4290503030767008,0.5986629848107998,0,0,0,174.82592732555426,0.7372
1262,1639559,2.5763239549204755,0.43705434410218336,0.0038246910535626602,0.4295579253371055,0.4445507628672612,0.5651549072044617,0.051171432359470415,0.4616509156056856,0.6686588988032378,0.5651549072044617,0.03827697446725329,0.48744851786905485,0.6428612965398686,0,0,0,100.15727151323662,0.6356
1263,1640559,2.5747954288955803,0.4150570486124376,0.0035692069639886607,0.40806138028613764,0.4220527169387375,0.5128368928932286,0.05196992164048403,0.4077178042759997,0.6179559815104576,0.5128368928932286,0.04085019379866405,0.42990659059199776,0.5957671951944595,0,0,0,130.9920018220375,0.7868
1264,1641559,2.5740939075627813,0.44199789027134795,0.003211779377672082,0.43570278228513726,0.44829299825755864,0.5064444214650126,0.043893108918462855,0.4176622286034532,0.5952266143265719,0.5064444214650126,0.03704121210937573,0.4312467630897663,0.5816420798402588,0,0,0,133.00836932635679,0.6379
1265,1642559,2.574101801173982,0.3833762055596118,0.00281599449535902,0.37785683845734575,0.3888955726618779,0.43839045790165604,0.03704293228222555,0.36346405512286184,0.5133168606804502,0.43839045790165604,0.026858130071377835,0.38386555510577297,0.4929153606975391,0,0,0,90.96785252168655,0.6913
1266,1643559,2.576167913678325,0.42365216126807254,0.0030455011804202026,0.4176829596049206,0.4296213629312245,0.5001380425481023,0.04007014215310564,0.4190885298504333,0.5811875552457714,0.5001380425481023,0.030182522463758292,0.43886426439983256,0.5614118206963721,0,0,0,98.21855053763129,0.633
1267,1644559,2.5749143837416026,0.4112455569716611,0.0032219842271068535,0.40493044741572193,0.41756066652760027,0.48968038672085434,0.04122400498597323,0.4062969661481762,0.5730638072935326,0.48968038672085434,0.027889610352317844,0.43306146762880104,0.5462993058129076,0,0,0,74.92695327478029,0.7334
1268,1645559,2.575604436396564,0.446393918108685,0.003282884245879671,0.4399594441290241,0.4528283920883459,0.4955009888279151,0.0491911379818122,0.39600252068582814,0.594999456970002,0.4955009888279151,0.03474221021848779,0.42497055241842296,0.5660314252374072,0,0,0,111.99631875568252,0.6178
1269,1646559,2.575671284746199,0.3973917770472855,0.0034625413734497585,0.3906051739561394,0.4041783801384316,0.4534803266927902,0.041918004218649704,0.3686931601736648,0.5382674932119156,0.4534803266927902,0.03383034937788462,0.3848010662052676,0.5221595871803129,0,0,0,95.46035013933235,0.6918
1270,1647559,2.574805600165413,0.4184416542842889,0.003213962880828502,0.4121422666180188,0.42474104195055906,0.49649328760669975,0.05698737837285957,0.3812254348152174,0.6117611403981821,0.49649328760669975,0.047676575258941964,0.3997046941816975,0.593281881031702,0,0,0,220.05355510837614,0.771
1271,1648559,2.5771973893455806,0.4486045388384059,0.0030900595174539872,0.44254800255156723,0.45466107512524456,0.5227489187560551,0.050641506586513625,0.4203168032065322,0.625181034305578,0.5227489187560551,0.04629155211419833,0.4287720717980072,0.6167257657141031,0,0,0,224.42425708730698,0.6413
1272,1649559,2.5767603998317803,0.44897600802695475,0.0039038118629296736,0.4413245119728252,0.4566275040810843,0.49381075891074966,0.05762245143397863,0.3772583496049819,0.6103631682165175,0.49381075891074966,0.046703449974671005,0.3989977148405268,0.5886238029809725,0,0,0,143.12653817575483,0.6461
1273,1650559,2.574965992130142,0.41112813109049884,0.0033096836462407036,0.4046411301158609,0.4176151320651368,0.5148774430325072,0.05818243000294756,0.39719237015987074,0.6325625159051436,0.5148774430325072,0.0452097286755585,0.423096814414209,0.6066580716508053,0,0,0,186.59106057722872,0.676
1274,1651559,2.574291888788054,0.3884958255683675,0.002679121606853428,0.3832447301971914,0.39374692093954355,0.4459412682319649,0.0344294880435366,0.3763010553847892,0.5155814810791406,0.4459412682319649,0.029233994971093084,0.3865931032667182,0.5052894331972116,0,0,0,119.06701937029021,0.6436
1275,1652559,2.574021745388522,0.4422519369132661,0.0031415202027438873,0.4360945373563048,0.44840933647022735,0.46889836595747064,0.049983093266647335,0.36779801705167253,0.5699987148632688,0.46889836595747064,0.04436332156445411,0.378836035125953,0.5589606967889883,0,0,0,199.41985509474534,0.6835
1276,1653559,2.5765352310042706,0.48346245706080826,0.0034632807235294685,0.4766744048388085,0.490250509282808,0.5606788866000245,0.050991619394074664,0.4575386010536593,0.6638191721463897,0.5606788866000245,0.043120571361200434,0.47313947280896684,0.6482183003910822,0,0,0,155.02210232155258,0.5979
1277,1654559,2.5764822779899776,0.39766940478013557,0.003510753827763313,0.3907883049722181,0.40455050458805303,0.4924189796291778,0.054701087094989186,0.38177558744600315,0.6030623718123524,0.4924189796291778,0.04526482115298784,0.40052650733566336,0.5843114519226922,0,0,0,166.23438516270764,0.7597
1278,1655559,2.575181168245442,0.3851786153628561,0.003253228652813099,0.3788022665340219,0.3915549641916903,0.4456809486294105,0.0444086699375416,0.35585593517583564,0.5355059620829853,0.4456809486294105,0.036296902916137914,0.37199431824842594,0.5193675790103951,0,0,0,124.48297596683838,0.5881
1279,1656559,2.574798258937758,0.41325609793301066,0.003515107135132592,0.40636646561499074,0.4201457302510306,0.5015582840830834,0.04598758079915796,0.4085396219661698,0.5945769461999971,0.5015582840830834,0.03756684692614194,0.42529353029895567,0.5778230378672112,0,0,0,114.21742320911011,0.7265
1280,1657559,2.5758145178648477,0.4286446179163333,0.0036186194200805324,0.4215521008621523,0.4357371349705143,0.46111699439700254,0.04909893344840889,0.3618050275274167,0.5604289612665884,0.46111699439700254,0.04566632187512939,0.3684094323042703,0.5538245564897347,0,0,0,159.25982994547718,0.709
1281,1658559,2.5752306541607095,0.45558088250443324,0.003186572889350432,0.44933517939548184,0.46182658561338463,0.5270068811739262,0.04962525551840921,0.4266303274323358,0.6273834349155167,0.5270068811739262,0.04418950070246583,0.4372974254524263,0.6167163368954262,0,0,0,192.304955237458,0.5915
1282,1659559,2.5758861925802714,0.3946424595879529,0.003559057972244844,0.38766668334995225,0.4016182358259536,0.46186286360746076,0.05442916059951016,0.351769494677609,0.5719562325373125,0.46186286360746076,0.045803446709875247,0.36887692330055094,0.5548488039143705,0,0,0,165.6251160313149,0.6664
1283,1660559,2.5733257448354574,0.46775181754781,0.0035252130188801515,0.46084237763343733,0.47466125746218263,0.5141441359647045,0.04869162208712068,0.4156560340872242,0.6126322378421849,0.5141441359647045,0.04486747622144133,0.4230583167669728,0.6052299551624363,0,0,0,161.99162125453967,0.575
1284,1661559,2.5753443652761963,0.4240095472988672,0.0027548932482742068,0.4186099390290928,0.42940915556864157,0.460124233005005,0.03813540256534156,0.38298810050414206,0.537260365505868,0.460124233005005,0.03163449603582007,0.39590279179648263,0.5243456742135273,0,0,0,131.85976305943717,0.7548
1285,1662559,2.574982821395715,0.46499290493529544,0.0032771256501739057,0.45856971783980494,0.47141609203078594,0.5304048811602016,0.04292454520371482,0.44358179332994013,0.617227968990463,0.5304048811602016,0.031047809433215365,0.4673744770750253,0.5934352852453778,0,0,0,89.75853213393076,0.6437
1286,1663559,2.5736684112284856,0.4468873386653719,0.0034677006518658354,0.44009062335575094,0.45368405397499284,0.5524187609435367,0.05435354228341448,0.4424783444950401,0.6623591773920333,0.5524187609435367,0.04192272430093086,0.46731110596636366,0.6375264159207097,0,0,0,146.15571231097948,0.7558
1287,1664559,2.574750159316263,0.3894515718801573,0.003376142822304545,0.3828343104981872,0.39606883326212733,0.4800688493405545,0.057199552197330916,0.36437183448084454,0.5957658642002645,0.4800688493405545,0.049743266382844355,0.37908464987967344,0.5810530488014356,0,0,0,217.08358173408882,0.6454
1288,1665559,2.5754924669405237,0.40162694647248315,0.002894533991643974,0.3959536414584995,0.4073002514864668,0.4441715522728254,0.039987329799834284,0.3632895433701852,0.5250535611754655,0.4441715522728254,0.03175244347328829,0.379710665036382,0.5086324395092688,0,0,0,120.33639449269504,0.5745
1289,1666559,2.5764023307981114,0.43381967035656344,0.003708347373501168,0.42655128594359326,0.4410880547695336,0.5109233963832485,0.057369526875810324,0.394882575284742,0.6269642174817549,0.5109233963832485,0.04813191308369284,0.4132104180301872,0.6086363747363097,0,0,0,168.46334863079198,0.6498
1290,1667559,2.5742368091852996,0.38352252445879786,0.003588291598830601,0.3764894501269539,0.39055559879064183,0.46067933575754816,0.04748646480151905,0.3646288945788704,0.5567297769362259,0.46067933575754816,0.04197852421308774,0.3754584009363098,0.5459002705787865,0,0,0,136.86073768207845,0.6264
1291,1668559,2.575220183049472,0.4437429140639498,0.0032068742380849894,0.43745742018249445,0.4500284079454051,0.5071538234604092,0.03422379608462506,0.4379296618708484,0.57637798504997,0.5071538234604092,0.02620775193707298,0.45394925847133905,0.5603583884494793,0,0,0,66.78757596378888,0.6747
1292,1669559,2.5748726282565673,0.40537678905650587,0.0033401163000133056,0.3988301398871204,0.41192343822589134,0.45990849078600327,0.04185475513688188,0.37524925761027034,0.5445677239617362,0.45990849078600327,0.034526348479474625,0.38981627700428767,0.5300007045677189,0,0,0,106.85088450005706,0.6724
1293,1670559,2.576087748900371,0.41232978388211133,0.003126413027216437,0.40620199448516703,0.41845757327905564,0.5047977657818569,0.04676828785507455,0.4101999745917321,0.5993955569719817,0.5047977657818569,0.036629053392835065,0.4304368340847573,0.5791586974789564,0,0,0,137.26464375316843,0.6665
1294,1671559,2.5740157339564957,0.4488486991565653,0.0031631560635734255,0.4426488931749151,0.45504850513821543,0.5318935107343897,0.03829378808658318,0.4544370132778461,0.6093500081909334,0.5318935107343897,0.031473033021348414,0.46799985687166545,0.595787164597114,0,0,0,99.00017346294669,0.6576
1295,1672559,2.573898782012607,0.4965235612725095,0.003393233610542965,0.48987280183700616,0.5031743207080128,0.5641289149326574,0.04395302016395418,0.4752255401388346,0.6530322897264802,0.5641289149326574,0.03360600026495343,0.4959051073579923,0.6323527225073224,0,0,0,98.08579867654014,0.6158
1296,1673559,2.575010863974601,0.4586538737281977,0.00298508662071111,0.4528030849859182,0.4645046624704772,0.5173161543624267,0.03858490445435728,0.4392708184721123,0.5953614902527411,0.5173161543624267,0.031010982535190603,0.45436051285490336,0.58027179586995,0,0,0,107.9237872029073,0.631
1297,1674559,2.5762810491283554,0.39727874026324095,0.0033383340817716863,0.3907355842529323,0.4038218962735496,0.46789057992616306,0.045250470157932744,0.3763628648103181,0.559418295042008,0.46789057992616306,0.03757086638822415,0.3916176662001949,0.5441634936521312,0,0,0,126.66097522760059,0.6015
1298,1675559,2.572189268725149,0.3989104228247226,0.002944619594046104,0.39313894971181296,0.40468189593763226,0.46146128660840585,0.04023743310148291,0.3800733960284498,0.5428491771883619,0.46146128660840585,0.03019338048171022,0.40016546551180676,0.5227571077050049,0,0,0,105.13930074881023,0.6112
1299,1676559,2.5759427439654887,0.3985682997956786,0.0033543219769022834,0.39199380740933526,0.4051427921820219,0.47520288254923976,0.05329896269385676,0.36739555466099766,0.5830102104374819,0.47520288254923976,0.04466389701951605,0.38453035110336337,0.5658754139951161,0,0,0,177.29795720270081,0.5796
1300,1677559,2.5743488186208414,0.3852500871300665,0.003211719017825409,0.37895509744953876,0.3915450768105942,0.42617369551989426,0.04217725518589226,0.34086214442331664,0.5114852466164719,0.42617369551989426,0.03630028032531001,0.3524802086337725,0.499867182406016,0,0,0,127.74528248020964,0.596
1301,1678559,2.5740527846738495,0.412386415881946,0.002760535520912304,0.4069757487219529,0.41779708304193913,0.45495069547148576,0.039182531169401076,0.37569654545108083,0.5342048454918906,0.45495069547148576,0.03399934641993888,0.3859283527490379,0.5239730381939336,0,0,0,151.68912898722775,0.525
1302,1679559,2.5741995252816214,0.3949120462839864,0.003165083651170455,0.3887084622183992,0.4011156303495736,0.45152499523789424,0.04661618760394317,0.3572348558446682,0.5458151346311203,0.45152499523789424,0.03345242166050723,0.38361296880572504,0.5194370216700634,0,0,0,111.70811910397322,0.6365
1303,1680559,2.5751845946119487,0.4020076520046053,0.0033214139452353605,0.39549765956940963,0.408517644439801,0.4711855740683896,0.046762986602234324,0.3765985056742496,0.5657726424625297,0.4711855740683896,0.041883706863685255,0.3861571286999089,0.5562140194368703,0,0,0,159.01724071359433,0.5158
1304,1681559,2.5752085502787203,0.46283838823463314,0.003463197734247442,0.4560504986721534,0.46962627779711286,0.5682659851396333,0.05030819126787462,0.4665080634586307,0.670023906820636,0.5682659851396333,0.037633752478214495,0.4918654058637991,0.6446665644154675,0,0,0,118.08655992465489,0.6364
1305,1682559,2.5729738947434773,0.3625932345382328,0.0031365995147053017,0.35644547956109063,0.36874098951537493,0.4756842705516224,0.04583662469182691,0.38297094598233133,0.5683975951209135,0.4756842705516224,0.035042539828281434,0.40454413262019984,0.5468244084830449,0,0,0,124.81679001389787,0.5875
1306,1683559,2.575464480302139,0.39205685168813964,0.0037092830196722893,0.3847866334027295,0.3993270699735498,0.48666886715450225,0.04985749347606209,0.38582256780467944,0.587515166504325,0.48666886715450225,0.04181309475516789,0.4017837719873531,0.5715539623216515,0,0,0,127.07048349666826,0.6006
1307,1684559,2.5757386892095506,0.41160478876059114,0.0033882105089315193,0.4049638746361604,0.4182457028850219,0.47463288205797177,0.04951847783558027,0.37447230656590197,0.5747934575500415,0.47463288205797177,0.04517251716170001,0.3829277968289799,0.5663379672869636,0,0,0,177.74926469609014,0.5602
1308,1685559,2.5754400933504966,0.43038068089406994,0.0030418721810734754,0.42441859209269434,0.43634276969544555,0.5098911363791495,0.04659628617288189,0.4156412514298269,0.6041410213284721,0.5098911363791495,0.03808072567843508,0.4325831532658321,0.587199119492467,0,0,0,156.7214746502303,0.5821
1309,1686559,2.575965097845523,0.3943987734181051,0.003145660033714863,0.38823325976613837,0.4005642870700718,0.4960342088684923,0.04270189182512847,0.40966148000541297,0.5824069377315716,0.4960342088684923,0.028023717087932273,0.4391430386292364,0.5529253791077482,0,0,0,79.36479717724038,0.6159
1310,1687559,2.5746589833284914,0.3616005541913537,0.0030908567691173,0.3555424552861896,0.36765865309651774,0.4227972774673781,0.04126501360829575,0.33933090912668495,0.5062636458080713,0.4227972774673781,0.034780792929040086,0.35218851399130036,0.49340604094345586,0,0,0,126.62550694815829,0.5941
1311,1688559,2.57323010017213,0.39950650117434017,0.0035435496646422,0.3925611213177724,0.40645188103090796,0.4599228068809014,0.054167738458736965,0.35035821414148816,0.5694873996203147,0.4599228068809014,0.04404504585422265,0.3705066100920942,0.5493390036697087,0,0,0,154.49594492151616,0.5126
1312,1689559,2.5751511398906346,0.4043246303723369,0.003018198568527843,0.39840894200196053,0.4102403187427133,0.46976590403332663,0.05202432774424077,0.3645367686840343,0.574995039382619,0.46976590403332663,0.04368428677881101,0.3810820871037008,0.5584497209629524,0,0,0,209.48594074178837,0.6524
1313,1690559,2.57432425669657,0.4673745925163319,0.003274640735396289,0.4609562758695934,0.4737929091630704,0.5523340359550184,0.04381823712372623,0.4637032855928397,0.6409647863171971,0.5523340359550184,0.03664316590929317,0.47794445432636967,0.6267236175836671,0,0,0,125.21566315095384,0.5553
1314,1691559,2.574132799661892,0.4361798087112419,0.0031362029373796147,0.43003283102817774,0.44232678639430606,0.5254489115616727,0.049979214949908465,0.42435640729192736,0.6265414158314181,0.5254489115616727,0.03771875834386796,0.4488757612040276,0.6020220619193178,0,0,0,144.64601096396044,0.5998
1315,1692559,2.5750335008150613,0.39045464680068936,0.0035211696925964387,0.38355313183152195,0.3973561617698568,0.44653660812525436,0.04980597981125073,0.3457945049975033,0.5472787112530054,0.44653660812525436,0.04144082363045134,0.362407263519851,0.5306659527306578,0,0,0,138.5105476608768,0.5735
1316,1693559,2.575928679840744,0.43020805541929436,0.002899389089576628,0.42452523438251594,0.4358908764560728,0.5010846774484151,0.04647093077934939,0.4070883477153683,0.595081007181462,0.5010846774484151,0.03998915074732136,0.4199023854722799,0.5822669694245504,0,0,0,190.22665075754645,0.5706
1317,1694559,2.574441135290537,0.44304174324907153,0.0037893331547509067,0.4356146261903104,0.4504688603078327,0.5188773161826715,0.04829502035604337,0.4211914170255121,0.6165632153398309,0.5188773161826715,0.03667744004123256,0.44441815436703874,0.5933364779983044,0,0,0,93.68551578417735,0.544
1318,1695559,2.5752608543790294,0.4009333210144786,0.0033936777485449503,0.3942816910656695,0.4075849509632877,0.4673321068678524,0.04454687167622382,0.3772275540123118,0.5574366597233931,0.4673321068678524,0.041252475758973534,0.3835851287696052,0.5510790849660997,0,0,0,147.76066389403454,0.5264
1319,1696559,2.573633554360491,0.5083989494605631,0.003365745532197137,0.5018020668332625,0.5149958320878637,0.5730942364343325,0.03773276312834493,0.49677251906673137,0.6494159538019337,0.5730942364343325,0.02990931000046819,0.5123751090738848,0.6338133637947803,0,0,0,78.967835143615,0.5729
1320,1697559,2.5756669643723575,0.4588424516666371,0.002782332618703769,0.4533890620564853,0.4642958412767889,0.5033157827108854,0.03772981506833238,0.42700002835750334,0.5796315370642674,0.5033157827108854,0.02790356438821236,0.44666853541993157,0.5599630300018392,0,0,0,100.57760095224671,0.6125
1321,1698559,2.5757321028278786,0.44392289368232857,0.00285136416759386,0.4383342017977617,0.4495115855668954,0.4982850517792684,0.041251329476426124,0.41484636220785653,0.5817237413506803,0.4982850517792684,0.032784927305109596,0.43172811093005425,0.5648419926284826,0,0,0,132.20353709134972,0.6139
1322,1699559,2.5739811377481385,0.3482760639003705,0.0033364639480722665,0.3417365733639946,0.35481555443674645,0.41060780403408875,0.04870546123028925,0.3120917098473802,0.5091238982207973,0.41060780403408875,0.041551936309574954,0.3262528886978674,0.4949627193703101,0,0,0,155.09923661508398,0.5968
1323,1700559,2.5745512966707036,0.4499992975488195,0.0039276606970378315,0.44230105762831484,0.4576975374693242,0.5398230613759195,0.05849664107030311,0.42150243663036796,0.6581436861214711,0.5398230613759195,0.04093659076139927,0.45671736391566314,0.6229287588361759,0,0,0,108.63141010202835,0.5922
1324,1701559,2.576305038481295,0.4808435991772542,0.0036902174797989657,0.4736107494711283,0.48807644888338014,0.5428540011948457,0.0519446785687268,0.4377859715096539,0.6479220308800375,0.5428540011948457,0.044664880553489134,0.45217947306885287,0.6335285293208386,0,0,0,146.49689854452532,0.5476
1325,1702559,2.572950956043924,0.3660104942303951,0.003682839320483491,0.3587921057634045,0.37322888269738574,0.4333902188209524,0.049351405523329436,0.33356757897786193,0.5332128586640429,0.4333902188209524,0.04296323489541743,0.3461702150364837,0.5206102226054211,0,0,0,136.0906865995528,0.6477
1326,1703559,2.572287465642315,0.4635712376813675,0.0034850163411752682,0.45674058351068514,0.47040189185204984,0.5622584825091937,0.05795329336284667,0.44503688223793714,0.6794800827804504,0.5622584825091937,0.04799996053368337,0.4648133820740596,0.6597035829443278,0,0,0,189.70209316806285,0.5556
1327,1704559,2.5743763213505666,0.42166534191208244,0.003411444405543466,0.4149788892026762,0.42835179462148865,0.5331977454535206,0.04608007377771613,0.4399919986287102,0.626403492278331,0.5331977454535206,0.029309863932937996,0.4736955583073244,0.5926999325997168,0,0,0,73.81608507771358,0.5488
1328,1705559,2.5740923728063154,0.4280435196169865,0.002798798186428978,0.42255785738947965,0.43352918184449335,0.5016655983159547,0.04305789977336445,0.41457277540851756,0.5887584212233918,0.5016655983159547,0.03358761822888334,0.4334791082584529,0.5698520883734565,0,0,0,144.0174936831115,0.6277
1329,1706559,2.576976968795673,0.42003024849669446,0.0030937412976848313,0.41396649589721124,0.4260940010961777,0.46218635113820367,0.042193347282475493,0.37684225070398275,0.5475304515724245,0.46218635113820367,0.03767143769888225,0.385709266797114,0.5386634354792934,0,0,0,148.27106283837497,0.5532
1330,1707559,2.574250588805338,0.35597029766660426,0.003197111500878899,0.3497039388121002,0.3622366565211083,0.407186319939567,0.04325538476717304,0.3196940459283097,0.4946785939508243,0.407186319939567,0.032476280636630085,0.3412559651390612,0.4731166747400728,0,0,0,103.1851038667447,0.5794
1331,1708559,2.5756218938380324,0.427747152145819,0.0033786152426987506,0.4211250448041678,0.4343692594874702,0.5170585472085161,0.052598935495887386,0.4106671579773854,0.6234499364396467,0.5170585472085161,0.043047609242846015,0.4296672543923917,0.6044498400246405,0,0,0,162.3381526453642,0.6261
1332,1709559,2.5757360423235593,0.43532876362709644,0.003798186936369371,0.42788429310011084,0.44277323415408204,0.5239393552682607,0.057713487037947674,0.4072028090729447,0.6406759014635768,0.5239393552682607,0.04732737101017278,0.42785968415726355,0.6200190263792579,0,0,0,155.26447157444053,0.6263
1333,1710559,2.5755216915300068,0.4312944999521109,0.0026843008997825416,0.4260332531338872,0.4365557467703346,0.4865106128691262,0.03558573171806333,0.4145316764401354,0.5584895492981171,0.4865106128691262,0.03031823313343045,0.42496132741440684,0.5480598983238456,0,0,0,127.56906792599608,0.597
1334,1711559,2.5760817494595383,0.36508611374623523,0.0033699162674438762,0.35848105645135236,0.3716911710411181,0.43452153175743086,0.056312670067827524,0.3206184053282103,0.5484246581866514,0.43452153175743086,0.042201167673442196,0.3488486066821538,0.5201944568327079,0,0,0,156.82334583580212,0.5491
1335,1712559,2.575686223687282,0.4117457598123464,0.003506587332357164,0.4048728263618967,0.4186186932627961,0.5207083934806446,0.04712729061400158,0.42538445066976993,0.6160323362915192,0.5207083934806446,0.034487434671740015,0.4506951789285294,0.5907216080327597,0,0,0,96.72805664655422,0.6261
1336,1713559,2.5730555303693943,0.4044330683609643,0.0034027610372866558,0.39776363510851104,0.4111025016134176,0.4638817790329324,0.04827770417078672,0.36623090516646123,0.5615326528994036,0.4638817790329324,0.040961482972374536,0.3807255476978234,0.5470380103680413,0,0,0,144.90669132662177,0.6433
1337,1714559,2.5753835758592265,0.4537269249965772,0.0033137395851732736,0.4472319743558621,0.4602218756372923,0.500745448942506,0.04393571096853226,0.41187708530109635,0.5896138125839158,0.500745448942506,0.02854348716946407,0.4427990893398651,0.558691808545147,0,0,0,74.1954560019729,0.6095
1338,1715559,2.577406373520644,0.42082962597954665,0.0031402075127603827,0.4146747993032932,0.4269844526558001,0.49213697500152936,0.04387124719548164,0.4033990016485405,0.5808749483545183,0.49213697500152936,0.03440745738309236,0.42228612297717777,0.5619878270258809,0,0,0,120.05727028984307,0.5606
1339,1716559,2.5760446890982753,0.37882200763936164,0.003046082196289409,0.37285166718141455,0.3847923480973087,0.4458771086915623,0.0486624592552096,0.347447994209391,0.5443062231737336,0.4458771086915623,0.04191673102261414,0.3607816207162162,0.5309725966669083,0,0,0,189.36145199393343,0.5991
1340,1717559,2.5765020497188473,0.35714951002001905,0.0033595626769138917,0.3505647458283563,0.3637342742116818,0.43366413608535787,0.046214999307918676,0.3401854766157256,0.5271427955549901,0.43366413608535787,0.035939874067361294,0.3607023128008888,0.5066259593698269,0,0,0,114.44257114453059,0.5234
1341,1718559,2.575699224041576,0.49256281427800913,0.003399125279887487,0.4859005071331579,0.49922512142286035,0.6034741015950139,0.046372856215401465,0.5096761463919511,0.6972720567980767,0.6034741015950139,0.03264491585673249,0.537201399097196,0.6697468040928318,0,0,0,92.23521493982166,0.679
1342,1719559,2.575235298724266,0.43739393413784045,0.003321877172975666,0.43088303377333065,0.44390483450235024,0.47106500402652307,0.04341527311540507,0.38324932530507716,0.558880682747969,0.47106500402652307,0.03306170420278876,0.4039461762029739,0.5381838318500722,0,0,0,99.05658042434703,0.5609
1343,1720559,2.574916796018755,0.42374920770037555,0.003530452930752625,0.4168294975254412,0.4306689178753099,0.4763621891556225,0.054000954536612765,0.367134948741098,0.585589429570147,0.4763621891556225,0.04840308314439563,0.3780987063124244,0.5746256719988205,0,0,0,187.96855395257415,0.614
1344,1721559,2.5763944790553084,0.38902100310170845,0.0034287193171510526,0.38230069145579554,0.39574131474762136,0.4472920288801391,0.043448248176832974,0.3594096518013553,0.5351744059589228,0.4472920288801391,0.0369822598966799,0.37221404985927453,0.5223700079010036,0,0,0,116.33838326701627,0.6075
1345,1722559,2.5745957719250074,0.3740471400826388,0.0031182953208700164,0.3679352614417091,0.38015901872356844,0.44437527579509095,0.03970390226082067,0.36406655320210196,0.5246839983880799,0.44437527579509095,0.03122653668469523,0.380982036099691,0.507768515490491,0,0,0,100.27972933390923,0.6217
1346,1723559,2.5730410616030532,0.4306709824421932,0.0030229235333542577,0.4247460331107371,0.4365959317736493,0.49462463856483757,0.039326132856261235,0.41508002671631866,0.5741692504133564,0.49462463856483757,0.03401627083182021,0.4255679374596485,0.5636813396700266,0,0,0,126.62488913098476,0.5132
1347,1724559,2.5742129022003337,0.4051915337220547,0.002622147121565887,0.40005210870402835,0.410330958740081,0.4689197425534189,0.029012515664281754,0.4102363905518519,0.5276030945549859,0.4689197425534189,0.020088602714146177,0.42813771091595937,0.5097017741908784,0,0,0,58.69287043454922,0.6687
1348,1725559,2.576125800185807,0.33952491965921133,0.003461257525603862,0.3327408329180001,0.34630900640042256,0.4139749904283846,0.04543693089525286,0.32207012287221887,0.5058798579845503,0.4139749904283846,0.03608920451736367,0.3407100102134365,0.4872399706433327,0,0,0,108.71432977132125,0.6247
1349,1726559,2.5741367177237193,0.3994307403501358,0.0032453379319925197,0.39306985738424344,0.4057916233160282,0.49526022574237105,0.05363720350736781,0.3867687412318543,0.6037517102528878,0.49526022574237105,0.04612758772777534,0.40161624418515113,0.5889042072995909,0,0,0,202.0233810604003,0.5454
1350,1727559,2.5743811548420594,0.4108849563974619,0.0031256657168063787,0.4047586317336693,0.4170112810612545,0.4687539482683427,0.052125373223814615,0.3633204291450056,0.5741874673916798,0.4687539482683427,0.046666165731544196,0.3740165952356904,0.563491301300995,0,0,0,222.90467626135148,0.5807
1351,1728559,2.5737484834949687,0.45565694223940867,0.0034078840367753774,0.4489774678754086,0.46233641660340874,0.5513366334201051,0.061648151178641634,0.4266414777940131,0.676031789046197,0.5513366334201051,0.04531890115825136,0.45933437287914536,0.6433388939610648,0,0,0,176.8435097708817,0.5519
1352,1729559,2.57514336811623,0.3870346302780198,0.003598547806009685,0.37998145371494224,0.3940878068410974,0.47378671128737965,0.04946087295288498,0.3737426526684874,0.5738307699062719,0.47378671128737965,0.037149139977818095,0.39836994769072936,0.5492034748840299,0,0,0,106.57196536669753,0.6174
1353,1730559,2.574382304449931,0.40929761540740195,0.0028805108519117644,0.40365179583638916,0.41494343497841474,0.46984458761579906,0.04056751559386477,0.3877890421756391,0.551900133055959,0.46984458761579906,0.03137196012208699,0.4061561226471967,0.5335330525844014,0,0,0,118.61627383886548,0.5988
1354,1731559,2.5740289422453335,0.41166880825573327,0.003021512474214076,0.40574662460915706,0.41759099190230947,0.46771822609923847,0.0432185903410948,0.3803003758395176,0.5551360763589593,0.46771822609923847,0.03492262205857455,0.39682153418283594,0.538614918015641,0,0,0,133.58721773529768,0.606
1355,1732559,2.5741516750485194,0.389780393758766,0.0029386788196163055,0.3840205646014833,0.3955402229160487,0.43345099449798635,0.0408943100795913,0.35073444481882926,0.5161675441771434,0.43345099449798635,0.03247236111947657,0.3675285967403288,0.4993733922556439,0,0,0,122.10220040842107,0.6074
1356,1733559,2.575714930013148,0.39422127942618057,0.0031845622642425165,0.38797951715521517,0.40046304169714597,0.4637849339014831,0.03865617339156895,0.38559544297898996,0.5419744248239763,0.4637849339014831,0.03244865496593465,0.39791066219407933,0.5296592056088869,0,0,0,103.82308033096538,0.6812
1357,1734559,2.5743833621635552,0.37196230748976805,0.0030743257125755374,0.36593660956045554,0.37798800541908056,0.4320270038856541,0.04963633070053843,0.3316280484737332,0.5324259592975751,0.4320270038856541,0.04428054926762537,0.34213270975016796,0.5219212980211403,0,0,0,207.45611656348532,0.5924
1358,1735559,2.5754714494228734,0.40769269487346255,0.0029954923140573706,0.401821510906112,0.4135638788408131,0.4687193259301927,0.04315024204079637,0.3814397231568854,0.5559989287035001,0.4687193259301927,0.03751408928282017,0.3925616758560483,0.5448769760043372,0,0,0,156.8383974801161,0.6677
1359,1736559,2.574409870449332,0.4589033784972108,0.0035083150352685985,0.4520270587380778,0.4657796982563438,0.5290395459066828,0.041611025485063374,0.44487330248462686,0.6132057893287387,0.5290395459066828,0.03598237909663887,0.4559914328252868,0.6020876589880788,0,0,0,105.19196800277378,0.6312
1360,1737559,2.574367730918831,0.4355000576131749,0.0032566076480344355,0.42911708593223846,0.44188302929411133,0.4935478494766311,0.044692567583628884,0.4031485988320957,0.5839471001211665,0.4935478494766311,0.035027729891810626,0.4224377773146548,0.5646579216386074,0,0,0,115.68927707502111,0.5627
1361,1738559,2.575560904238102,0.4104310731170959,0.003410990105342964,0.4037455108389691,0.41711663539522276,0.4756242824901461,0.047550317754961664,0.3794446865223224,0.5718038784579698,0.4756242824901461,0.04085745691350214,0.39267923528189863,0.5585693296983936,0,0,0,143.47682036721596,0.5832
1362,1739559,2.5736335134771657,0.4554012307052477,0.003432099588380335,0.4486742937062489,0.4621281677042465,0.5316847259908645,0.048599634327847335,0.4333826869188208,0.6299867650629081,0.5316847259908645,0.034662617094478154,0.4613158722134585,0.6020535797682705,0,0,0,102.00064946204915,0.6204
1363,1740559,2.575720818020306,0.40756847855805556,0.002796185497791006,0.4020879372168788,0.4130490198992323,0.44057331504025066,0.03722125323506702,0.3652862240892917,0.5158604059912096,0.44057331504025066,0.032055146230842775,0.3754979085357927,0.5056487215447086,0,0,0,131.4206367072541,0.5791
1364,1741559,2.574474542110372,0.41576742367797387,0.0033493901216912207,0.40920259775917867,0.42233224959676907,0.4928083328134759,0.0495735260914898,0.39253641171401404,0.5930802539129377,0.4928083328134759,0.04287930232036667,0.40575872121505624,0.5798579444118956,0,0,0,163.89433807549122,0.5533
1365,1742559,2.576432855177161,0.3815248641506931,0.003610018699687846,0.37444920456312625,0.38860052373825993,0.4580929043286505,0.04763124883708538,0.3617496097958664,0.5544361988614346,0.4580929043286505,0.03853376942444452,0.37986519351471504,0.536320615142586,0,0,0,113.93681779664684,0.6018
1366,1743559,2.57607293274932,0.36605559637514573,0.0031991609336883744,0.3597852206193141,0.37232597213097735,0.436271155421942,0.044738411787276666,0.34577917612295195,0.5267631347209321,0.436271155421942,0.033053808573442825,0.3691683565781266,0.5033739542657574,0,0,0,106.750726568324,0.5869
1367,1744559,2.576536359864884,0.420713039336664,0.0029739845129570903,0.41488401079611936,0.4265420678772086,0.4571274529447538,0.04190655481293759,0.37236344503460217,0.5418914608549055,0.4571274529447538,0.03368580935389039,0.3887416243058914,0.5255132815836162,0,0,0,128.29701959954312,0.5423
1368,1745559,2.575936895767799,0.4287232244275818,0.00295119952061292,0.42293885461679576,0.4345075942383679,0.5069419587913478,0.04757153661231035,0.4107194436334314,0.6031644739492643,0.5069419587913478,0.03665977362342079,0.4325186617105785,0.5813652558721172,0,0,0,154.305858208284,0.5667
1369,1746559,2.576254581784653,0.3760686870064075,0.0038888846683951903,0.3684464483484051,0.3836909256644099,0.4370949497009061,0.045037985080769886,0.3459970262212818,0.5281928731805304,0.4370949497009061,0.0409520314848768,0.3539579059055001,0.5202319934963121,0,0,0,110.89214232978449,0.6661
1370,1747559,2.575219157767146,0.44749122923199813,0.0033769323004610814,0.4408724204678253,0.45411003799617095,0.5247873756401185,0.05074076225078498,0.42215449655971166,0.6274202547205252,0.5247873756401185,0.047124317435465024,0.42911992520099507,0.6204548260792419,0,0,0,194.73563779504883,0.608
1371,1748559,2.57473389241232,0.3572766799926233,0.003309050456523284,0.35079092007385443,0.3637624399113922,0.4499982846187366,0.044380959104402276,0.3602293216157393,0.5397672476217339,0.4499982846187366,0.036059151320441185,0.3767943156371301,0.523202253600343,0,0,0,118.7474311663728,0.5861
1372,1749559,2.575943305695499,0.4121645589189556,0.0036978049402680304,0.4049168377421035,0.41941228009580767,0.4626375109790807,0.05464609032851775,0.3521053602560792,0.5731696617020822,0.4626375109790807,0.0479285014192547,0.36533748025869395,0.5599375416994674,0,0,0,167.99629488064215,0.5632
1373,1750559,2.5748877756639215,0.4544194933170908,0.003977692939567693,0.4466231898833488,0.4622157967508328,0.536609637424877,0.04914395958063648,0.43720659660647004,0.636012678243284,0.536609637424877,0.03730654132715972,0.460873332101011,0.612345942748743,0,0,0,87.96450566071475,0.5627
1374,1751559,2.5761820105840765,0.4456985997107639,0.0036982523975252124,0.43845000151484487,0.452947197906683,0.5241449384758092,0.06217297342596382,0.3983882296554254,0.649901647296193,0.5241449384758092,0.05162250451251097,0.4193456827888216,0.6289441941627968,0,0,0,194.8431072655093,0.6042
1375,1752559,2.5732699834169472,0.41976968320935354,0.003372079246106215,0.41316038646255004,0.42637897995615703,0.5086324469292808,0.04187680295475648,0.4239286178325263,0.5933362760260353,0.5086324469292808,0.031948013065299145,0.44377453231357145,0.5734903615449901,0,0,0,89.76192591872841,0.566
1376,1753559,2.5747411392479758,0.45976339071146816,0.0028233576185618366,0.4542295918409431,0.46529718958199323,0.5349412792958905,0.03616899848857084,0.461782574466235,0.6080999841255461,0.5349412792958905,0.02822645241918359,0.4776385344533249,0.5922440241384562,0,0,0,99.9495432837136,0.6207
1377,1754559,2.575616400897039,0.3948349661484558,0.0024278335985131526,0.3900763968701798,0.3995935354267318,0.443409101473521,0.029836853119103605,0.3830583695870396,0.5037598333600023,0.443409101473521,0.019842650589215464,0.40312637919485333,0.4836918237521886,0,0,0,66.79770404932104,0.5806
1378,1755559,2.574935759409882,0.36964823029609384,0.00327983875281049,0.363219725502198,0.3760767350899897,0.4454586858868635,0.050105894442764955,0.34410994815716245,0.5468074236165645,0.4454586858868635,0.03313043342762231,0.3782003303190773,0.5127170414546497,0,0,0,102.03501888858159,0.6193
1379,1756559,2.576294904520409,0.3891368023824226,0.002992653385464996,0.3832711827331502,0.395002422031695,0.4483779261064219,0.04856602479668483,0.3501438687278874,0.5466119834849564,0.4483779261064219,0.03629357644042947,0.3746980488301462,0.5220578033826976,0,0,0,147.07765440603828,0.6491
1380,1757559,2.574038543132658,0.3400363583769807,0.0031307208116569934,0.3339001256951635,0.34617259105879794,0.42699524967994273,0.04764062100980027,0.3306329981385072,0.5233575012213783,0.42699524967994273,0.04080934526171183,0.344147874317436,0.5098426250424495,0,0,0,169.91455156316547,0.5491
1381,1758559,2.5746396483377647,0.4664465636734495,0.00324345833297364,0.46008936473357614,0.47280376261332285,0.5465262130927278,0.051332792989730806,0.4426958388122726,0.6503565873731829,0.5465262130927278,0.04529651820039446,0.454569392371971,0.6384830338134845,0,0,0,195.03519758053795,0.5817
1382,1759559,2.5769232498148975,0.3979908867029949,0.004020317104527991,0.39011103963511895,0.4058707337708708,0.4934885745686594,0.060938694343457986,0.37022843084125145,0.6167487182960674,0.4934885745686594,0.05650576018755705,0.3787757828200873,0.6082013663172315,0,0,0,197.54444635731033,0.6041
1383,1760559,2.574391599722439,0.4142614732789368,0.003166482006093966,0.40805514842881513,0.4204677981290585,0.505186775428951,0.0423161770305385,0.4195942283786126,0.5907793224792893,0.505186775428951,0.030594808432657796,0.44307601226651194,0.56729753859139,0,0,0,93.35582636708455,0.6234
1384,1761559,2.575317422526618,0.40374680068484653,0.0038847398818461156,0.39613268583481415,0.4113609155348789,0.4811731009605396,0.05034961744167092,0.37933138693394736,0.5830148149871319,0.4811731009605396,0.04391522278181063,0.3920204590203058,0.5703257429007734,0,0,0,127.79277242664517,0.5317
1385,1762559,2.5747597056853655,0.4533164967584335,0.0037027485941127647,0.44605908598863636,0.46057390752823063,0.5323599227875958,0.04974252522680577,0.4317461686716363,0.6329736769035553,0.5323599227875958,0.03388630614873462,0.46356706401593134,0.6011527815592603,0,0,0,83.75292993984668,0.5634
1386,1763559,2.575171348860096,0.44215516766441365,0.0026611793246222007,0.4369392392804067,0.4473710960484206,0.4887422641438484,0.040320441263383064,0.40718647370852795,0.5702980545791688,0.4887422641438484,0.031368551284459895,0.4250607194835389,0.5524238088041579,0,0,0,138.94427032589843,0.6347
1387,1764559,2.574682109543264,0.4407043762456055,0.0031973484129115925,0.43443755304201215,0.44697119944919883,0.5187658579904099,0.05023798515036348,0.4171499415858281,0.6203817743949916,0.5187658579904099,0.03699294865795699,0.4436661796305335,0.5938655363502863,0,0,0,133.8622042879575,0.5758
1388,1765559,2.5748247030006706,0.4437729156111904,0.0033183476138216052,0.43726893320504756,0.4502768980173333,0.5545845506540054,0.04996533472947122,0.45352012178010653,0.6556489795279042,0.5545845506540054,0.03751596980288743,0.47842308292116315,0.6307460183868476,0,0,0,127.81699352267822,0.675
1389,1766559,2.5761955356159216,0.37769075886397047,0.0033256670599156324,0.3711724302969794,0.38420908743096155,0.4801582418675795,0.0556484572834074,0.36759861260637783,0.5927178711287812,0.4801582418675795,0.042960377396985036,0.39294403911333337,0.5673724446218256,0,0,0,166.87014298052722,0.564
1390,1767559,2.5742016665177454,0.4468696920284509,0.00349513721694675,0.4400192008769537,0.4537201831799481,0.508486769211634,0.04339816938777378,0.4207056860447667,0.5962678523785013,0.508486769211634,0.031020019263509502,0.44551278217030504,0.571460756252963,0,0,0,78.76906044482836,0.5766
1391,1768559,2.574818082356675,0.4224530002387825,0.0037196399914441137,0.41516248222289676,0.4297435182546683,0.5144399557257768,0.05977699050367044,0.39352957980687897,0.6353503316446747,0.5144399557257768,0.05014095966564904,0.4126483959784621,0.6162315154730916,0,0,0,181.7119407930465,0.498
1392,1769559,2.574220745516956,0.29705104956916517,0.0034381565135728517,0.29031224095830654,0.3037898581800238,0.3885120417106497,0.05206548440817529,0.283199659150918,0.49382442427038137,0.3885120417106497,0.04419523763595259,0.2987909393949944,0.47823314402630496,0,0,0,165.23409300611695,0.645
1393,1770559,2.5747980881375714,0.4665992769996439,0.0034702593902557095,0.4597975465465219,0.47340100745276587,0.5611812263730765,0.043319031649304285,0.47356021439124374,0.6488022383549094,0.5611812263730765,0.02696233269286196,0.5064447810091741,0.615917671736979,0,0,0,60.3658124851479,0.5529
1394,1771559,2.574292854966003,0.3956384229963674,0.0028245809092606712,0.3901022264683005,0.40117461952443434,0.45054576441555305,0.039522980157048325,0.37060299131909835,0.5304885375120078,0.45054576441555305,0.03101742748574886,0.3875770389628042,0.513514489868302,0,0,0,120.58783893456153,0.5743
1395,1772559,2.5750392600011396,0.38379468105241116,0.0032837806058394568,0.3773584502015341,0.39023091190328824,0.447521321860387,0.047565639143185526,0.3513107354597205,0.5437319082610534,0.447521321860387,0.03737411615835275,0.3716478323359659,0.5233948113848081,0,0,0,129.53692844869065,0.6098
1396,1773559,2.5742496836906335,0.34188445934360734,0.0029451665059246285,0.33611191427994097,0.3476570044072737,0.3692834719020398,0.04077287926705436,0.28681253922481387,0.45175440457926574,0.3692834719020398,0.03608982086329288,0.29601724043833433,0.4425497033657453,0,0,0,150.15843980757154,0.5209
1397,1774559,2.5753391025254797,0.460166263615107,0.0025965855730505287,0.45507693939457555,0.4652555878356384,0.5077823164665403,0.03333055459460337,0.4403649063282465,0.575199726604834,0.5077823164665403,0.027180827278671466,0.45260230351170616,0.5629623294213744,0,0,0,109.57716551012854,0.636
1398,1775559,2.575966758046308,0.373604986159535,0.0032733792989350845,0.367189141936275,0.38002083038279505,0.451738991439954,0.04652383752451615,0.35763564771384965,0.5458423351660583,0.451738991439954,0.04190665150375882,0.3666639659757491,0.5368140169041589,0,0,0,163.89785047098124,0.5675
1399,1776559,2.575014986877643,0.4407746168992679,0.0033915001519519354,0.43412725505361643,0.44742197874491935,0.5299134646505987,0.05626659073576322,0.416103542467946,0.6437233868332515,0.5299134646505987,0.04407071212599797,0.4404451625599718,0.6193817667412257,0,0,0,168.85598349964377,0.5385
1400,1777559,2.5745487492558725,0.3946517563861655,0.003223414215163609,0.3883338440445497,0.40096966872778134,0.4753116406296504,0.04890723810558578,0.3763874141894062,0.5742358670698946,0.4753116406296504,0.03986880359204084,0.3943736663675926,0.5562496148917082,0,0,0,152.97982963690163,0.5545
1401,1778559,2.575867399152806,0.4422987069343914,0.0034212206470899944,0.4355930927294408,0.44900432113934197,0.5358067438034405,0.05017263166071515,0.43432301730896306,0.637290470297918,0.5358067438034405,0.043911529543270704,0.4466615995360475,0.6249518880708335,0,0,0,164.738444551526,0.6361
1402,1779559,2.574859736714519,0.40957499956516535,0.003298803475327209,0.4031093237946448,0.4160406753356859,0.485082808741551,0.05178075638555337,0.38034634296785674,0.5898192745152453,0.485082808741551,0.04191267593945096,0.39999555302268425,0.5701700644604177,0,0,0,161.42763797018802,0.5673
1403,1780559,2.5751308695565776,0.4825985056478871,0.002954434188424203,0.4768077958676395,0.4883892154281347,0.5611903811649783,0.04193624870822024,0.4763663116824579,0.6460144506474987,0.5611903811649783,0.028664416453605637,0.502998522063844,0.6193822402661127,0,0,0,94.13206135563702,0.5759
1404,1781559,2.5742612114333703,0.4050261030210921,0.0035443818790589885,0.39807909201897995,0.41197311402320425,0.4831185876470488,0.04970974115284017,0.3825711455798213,0.5836660297142763,0.4831185876470488,0.03980368179215217,0.40231281766724686,0.5639243576268507,0,0,0,126.11463178902913,0.5216
1405,1782559,2.5746014815253084,0.40693246191835186,0.0031466552240874924,0.4007649976869319,0.4130999261497718,0.477539336427115,0.04495946930638388,0.38660022609142086,0.5684784467628091,0.477539336427115,0.03587727598639158,0.4047045940031158,0.5503740788511142,0,0,0,129.99917681639687,0.5789
1406,1783559,2.575613189528995,0.40532587869176384,0.003848972500024807,0.39778186813734856,0.4128698892461791,0.4922499998648806,0.058361889300207234,0.3742019363011609,0.6102980634286004,0.4922499998648806,0.04861196724789298,0.3935624597470871,0.5909375399826742,0,0,0,159.51325486704926,0.5047
1407,1784559,2.5761005236474763,0.42528081295182857,0.0027911103769654405,0.4198102188797146,0.43075140702394255,0.4974400996057524,0.047403155336893384,0.4015581677247261,0.5933220314867788,0.4974400996057524,0.043688122575577935,0.4087484955946989,0.586131703616806,0,0,0,245.00375540999144,0.5539
1408,1785559,2.575229660729308,0.4466011471659699,0.0030120937163028373,0.4406974243447416,0.4525048699871982,0.486564139293273,0.03612020831848577,0.4135041218976356,0.5596241566889104,0.486564139293273,0.02777895193126752,0.43016986873912166,0.5429584098474244,0,0,0,85.05400186222455,0.5546
1409,1786559,2.574421204430047,0.4239528253926582,0.003359527235467993,0.41736813066645456,0.43053752011886187,0.520821142029111,0.0506302007701599,0.4184118946516704,0.6232303894065516,0.520821142029111,0.03794479729884539,0.4437891081968728,0.5978531758613492,0,0,0,127.56987848915946,0.5622
1410,1787559,2.5758537201218377,0.4359539839401508,0.003436117332534733,0.4292191721370827,0.44268879574321884,0.4661944515374008,0.0540898808779587,0.35678734061968376,0.5756015624551178,0.4661944515374008,0.048126448813388185,0.36849256624280713,0.5638963368319945,0,0,0,196.16958047382528,0.5514
1411,1788559,2.5738232466625424,0.4224501777286143,0.0028912109831292793,0.41678338583243213,0.4281169696247965,0.4920140233968051,0.03988850270659894,0.4113319111583057,0.5726961356353045,0.4920140233968051,0.03234198686858604,0.42635629943952014,0.5576717473540901,0,0,0,125.1335665155483,0.5659
1412,1789559,2.5757353327998964,0.3836838233166599,0.0033487113888746953,0.37712032771849735,0.39024731891482245,0.4644951789783629,0.04896796082360207,0.36544812924774717,0.5635422287089786,0.4644951789783629,0.039726268025198234,0.3838465673006099,0.545143790656116,0,0,0,140.73434572243923,0.5369
1413,1790559,2.5740087002353045,0.41653370840443527,0.0035286021825739846,0.4096176257076897,0.4234497911011808,0.475403555969995,0.04403007707440018,0.386344318863087,0.564462793076903,0.475403555969995,0.03378690034272917,0.4068125017132163,0.5439946102267738,0,0,0,91.6835254954901,0.5945
1414,1791559,2.575211278101885,0.45288255547440576,0.0032981919285578784,0.44641807833943853,0.459347032609373,0.5268998927965478,0.04608017157752703,0.4336939481529479,0.6201058374401477,0.5268998927965478,0.03856462719803399,0.4486095373718002,0.6051902482212954,0,0,0,136.7182295435563,0.592
1415,1792559,2.575181411475434,0.4258798297720204,0.0036666586448996616,0.41869315553197767,0.4330665040120631,0.5000823045731058,0.04926983662275913,0.40042465340455624,0.5997399557416553,0.5000823045731058,0.04211028784389561,0.4145938753603093,0.5855707337859023,0,0,0,131.89716456012064,0.4983
1416,1793559,2.57525363777243,0.4215277985126728,0.003343389699832493,0.4149747334588442,0.4280808635665014,0.4968257660209022,0.04318198554574303,0.40948195594836917,0.5841695760934353,0.4968257660209022,0.03231335553347134,0.43122616676403,0.5624253652777744,0,0,0,93.4093000438347,0.5178
1417,1794559,2.5763910269802035,0.4077965422726055,0.003527025776569912,0.40088354934164355,0.4147095352035674,0.4909062768887556,0.048504722516439794,0.3927962150758502,0.5890163387016609,0.4909062768887556,0.037699219860359776,0.4143727917613864,0.5674397620161248,0,0,0,114.24769820805824,0.5373
1418,1795559,2.5749499144051957,0.45540167557047095,0.003117503325078768,0.4492913492463241,0.46151200189461783,0.5315147513603585,0.0616852615061156,0.40674453301184543,0.6562849697088716,0.5315147513603585,0.0525574614841406,0.4248174321126927,0.6382120706080243,0,0,0,284.2201803579583,0.6256
1419,1796559,2.5748804268798056,0.37300052066117656,0.0035844855876677392,0.3659749061353932,0.38002613518695993,0.4433062282780336,0.05641182351579713,0.3292025450699146,0.5574099114861527,0.4433062282780336,0.043735063129816475,0.3545193298756639,0.5320931266804033,0,0,0,148.86953726001659,0.5547
1420,1797559,2.574837051766849,0.4327058589495769,0.003638482406783348,0.4255744103152593,0.43983730758389455,0.4893468741710995,0.04740687306797222,0.39345742246917687,0.5852363258730222,0.4893468741710995,0.04185257714192026,0.4043816254975781,0.5743121228446209,0,0,0,132.313407017091,0.5703
1421,1798559,2.574093173579371,0.45067777456831765,0.0031937809946100773,0.44441794352726083,0.45693760560937446,0.5281753684880643,0.043254864413155,0.4406841469921545,0.6156665899839742,0.5281753684880643,0.03947817729329624,0.44803040777207104,0.6083203292040577,0,0,0,152.79316314464492,0.6189
1422,1799559,2.5757891928544083,0.4024337924328128,0.003004852393044764,0.3965442626511779,0.40832332221444767,0.4565058339416076,0.041417054045620454,0.37273193478885935,0.5402797330943558,0.4565058339416076,0.03583566502357607,0.38375556626312235,0.5292561016200928,0,0,0,142.22785179910838,0.5539
1423,1800559,2.573098630773557,0.4032368061463393,0.0029129421710901477,0.3975274209836851,0.40894619130899346,0.4627847773489646,0.038752959694327356,0.38439951765069813,0.5411700370472311,0.4627847773489646,0.03205662742738736,0.39770636385565816,0.5278631908422711,0,0,0,121.10774942422749,0.5737
1424,1801559,2.574155801133116,0.4602813579973427,0.003019597186461664,0.45436292832693,0.46619978766775544,0.4791138128184675,0.038260380332961176,0.4017248889218339,0.5565027367151011,0.4791138128184675,0.034308159662155134,0.40946454588464776,0.5487630797522872,0,0,0,129.09125440503405,0.5254
1425,1802559,2.576752397342982,0.3891837972895568,0.0032053156558509524,0.38290135823918264,0.395466236339931,0.4710345375348105,0.059245442650774284,0.35119931863153075,0.5908697564380903,0.4710345375348105,0.052069313571401765,0.3653282112349546,0.5767408638346664,0,0,0,263.88949088862404,0.6001
1426,1803559,2.5764889219513534,0.3658383958305866,0.003091067926985236,0.3597798830546598,0.37189690860651337,0.4168590505160709,0.042521240618632085,0.33085172320806555,0.5028663778240763,0.4168590505160709,0.03400505122215438,0.3478251264294163,0.4858929746027255,0,0,0,121.02351682018663,0.5335
1427,1804559,2.5749691880100913,0.43547187116803804,0.0029482710856778864,0.4296932411083304,0.4412505012277457,0.5060473707735895,0.04503505351410113,0.4149553769472476,0.5971393645999314,0.5060473707735895,0.03676351736345232,0.43141346270367587,0.5806812788435032,0,0,0,155.4888621644845,0.5498
1428,1805559,2.57453301072382,0.465285438086536,0.0037218408539970425,0.45799060636606337,0.4725802698070086,0.5145386491497118,0.05009615644534144,0.41320960837897863,0.6158676899204449,0.5145386491497118,0.04118013710146835,0.4309385263335848,0.5981387719658388,0,0,0,122.42214337108182,0.5693
1429,1806559,2.5746586654553174,0.4104633898256307,0.0036047813785495013,0.4033979954207702,0.41752878423049117,0.4446641395924168,0.0628431890593263,0.31755179169596404,0.5717764874888696,0.4446641395924168,0.056475255057261683,0.3300132765507096,0.559315002634124,0,0,0,245.44745883641423,0.672
1430,1807559,2.5750929396480107,0.324850067294391,0.002939150669739773,0.3190893133078684,0.33061082128091357,0.3876004176986097,0.04618612714302414,0.2941801576947514,0.481020677702468,0.3876004176986097,0.037162216810589926,0.3121571067200729,0.4630437286771465,0,0,0,159.86725784874852,0.4712
1431,1808559,2.5746302634360267,0.4135495338897521,0.0032935168188287394,0.4070942199995572,0.42000484777994695,0.4745711822984806,0.046638623011834135,0.3802356630094262,0.568906701587535,0.4745711822984806,0.037504383979459086,0.3984332350376356,0.5507091295593256,0,0,0,129.67143045547974,0.6002
1432,1809559,2.57510269439482,0.4665894014302746,0.003336467141075059,0.4600499046355929,0.4731288982249563,0.5133294174283415,0.04850252806337593,0.4152237943157228,0.6114350405409601,0.5133294174283415,0.04525432838408656,0.42145824658816283,0.6052005882685201,0,0,0,183.96980317352356,0.6049
1433,1810559,2.5746625052254237,0.430679669212885,0.003729189386705211,0.4233704343216156,0.43798890410415436,0.5406559919515905,0.05252090560346286,0.4344224330753584,0.6468895508278227,0.5406559919515905,0.04127566025504127,0.45686194682406367,0.6244500370791174,0,0,0,122.50651318827438,0.6367
1434,1811559,2.5740879571006685,0.4106583216794832,0.0036218642579568697,0.40355944472244853,0.41775719863651783,0.5135716259567312,0.04657621217956874,0.41936234449141196,0.6077809074220505,0.5135716259567312,0.03878050091203071,0.43484302359369803,0.5923002283197644,0,0,0,114.64694580563247,0.5957
1435,1812559,2.5747650364140338,0.38105488464954845,0.00315261611728721,0.37487573702958465,0.38723403226951225,0.4870445647303978,0.04580749899894608,0.3943901524356366,0.579698977025159,0.4870445647303978,0.03430762703799262,0.41739637908111316,0.5566927503796825,0,0,0,118.42385035822008,0.5703
1436,1813559,2.575369583419291,0.47708335321278705,0.0034165611206359936,0.4703868717092905,0.4837798347162836,0.5346761184694864,0.04687429915334211,0.4398638991889345,0.6294883377500382,0.5346761184694864,0.03859923613456102,0.45631550316830694,0.6130367337706658,0,0,0,127.63771817251924,0.5646
1437,1814559,2.5743781089831046,0.45712864174403545,0.0036448888790192595,0.44998463638343206,0.46427264710463884,0.5270654309407405,0.05304413993380394,0.41977353073547596,0.6343573311460051,0.5270654309407405,0.041733121899534126,0.4423426893018583,0.6117881725796228,0,0,0,131.09712347861813,0.5062
1438,1815559,2.576326809751884,0.46871889927864957,0.0034439251921036633,0.4619687840212193,0.4754690145360798,0.5279676947759246,0.045582566687679286,0.43576825102478567,0.6201671385270636,0.5279676947759246,0.03907324456217763,0.4486447912077832,0.6072905983440661,0,0,0,128.72163064010266,0.6079
1439,1816559,2.576057610174461,0.41826380117771506,0.0036894669983363526,0.411032422420024,0.4254951799354061,0.515223647241179,0.05090293841275164,0.4122627359105158,0.6181845585718422,0.515223647241179,0.04066920570430405,0.43266077030522726,0.5977865241771307,0,0,0,121.50778970062593,0.534
1440,1817559,2.575094490249169,0.4162368083879496,0.003385171133041169,0.40960185145957456,0.4228717653163246,0.44950195467826526,0.040521927684089604,0.36753861948927097,0.5314652898672595,0.44950195467826526,0.03604402760457355,0.3763286884721463,0.5226752208843842,0,0,0,113.37188554906811,0.5337
1441,1818559,2.572523588228058,0.39647049504952725,0.0031367770672603127,0.3903223920682492,0.4026185980308053,0.48846133277338494,0.04199720856132443,0.40351396034950393,0.5734087051972659,0.48846133277338494,0.029218310062971865,0.429145009864469,0.5477776556823009,0,0,0,86.76466184927664,0.5427
1442,1819559,2.5763000883535643,0.3812324658869388,0.0029658907998317283,0.37541930107554317,0.3870456306983345,0.46888642969386785,0.04558098856933087,0.37669017798838295,0.5610826813993528,0.46888642969386785,0.03368204576851384,0.40050824153951703,0.5372646178482187,0,0,0,128.96937928636981,0.5862
1443,1820559,2.5749959853211326,0.4279867253352705,0.0033595229028748376,0.42140203910097696,0.434571411569564,0.5205002555854241,0.04133797900909919,0.436886300791049,0.6041142103797993,0.5205002555854241,0.03183555856755364,0.45587063573715536,0.5851298754336929,0,0,0,89.79863516998066,0.596
1444,1821559,2.5750174238619583,0.42991290254594217,0.0030359731307590915,0.4239623759206622,0.4358634291712221,0.5123343914301373,0.03905799648211583,0.43333213659093384,0.5913366462693407,0.5123343914301373,0.03101556610204929,0.4493694447871944,0.5752993380730801,0,0,0,104.36709074432562,0.4732
1445,1822559,2.5750029579004012,0.41914433006330504,0.002983675702322776,0.4132963067300309,0.42499235339657915,0.4743609993303618,0.03792285114873919,0.39765479264990145,0.5510672060108222,0.4743609993303618,0.027613179035536516,0.41830326564612297,0.5304187330146006,0,0,0,85.65043682790747,0.489
1446,1823559,2.5740364389376076,0.4556375728121542,0.003411994150644783,0.4489500425988566,0.4623251030254518,0.542323462552324,0.049156308135971855,0.4428954444231646,0.6417514806814834,0.542323462552324,0.04335810566776462,0.45430182848227896,0.630345096622369,0,0,0,161.48197149893457,0.498
1447,1824559,2.5752180278044925,0.4205787547092053,0.0036082865061345592,0.41350649023200836,0.42765101918640225,0.48752265052047,0.061054294811002184,0.3640286827770084,0.6110166182639316,0.48752265052047,0.05638165030569015,0.37306181522705006,0.6019834858138899,0,0,0,244.15945049753213,0.5919
1448,1825559,2.5739901764073285,0.41954381233075627,0.0038214764630514026,0.41205369418350435,0.4270339304780082,0.4952653528319346,0.04331795714725401,0.40764651423564247,0.5828841914282268,0.4952653528319346,0.034148872205159,0.4259394566274336,0.5645912490364356,0,0,0,79.85283740939069,0.5068
1449,1826559,2.574104832179383,0.37953704458221404,0.0035721416543999193,0.37253562424406256,0.38653846492036553,0.4563124780675009,0.04415449782941324,0.3670015762291639,0.5456233799058379,0.4563124780675009,0.03176587975157242,0.3918243137359867,0.5208006423990151,0,0,0,79.07959379798005,0.5828
1450,1827559,2.5740980266969524,0.4559707691977303,0.003139548287947377,0.4498172346062987,0.46212430378916186,0.5204721114280612,0.03561720180245196,0.44842952074512465,0.5925147021109977,0.5204721114280612,0.028052792329008387,0.46352191531138087,0.5774223075447414,0,0,0,79.83950931343341,0.4473
1451,1828559,2.576635550093254,0.3587524145395509,0.0027957025326485136,0.353272819813122,0.3642320092659799,0.44660957440687316,0.041582416180573116,0.36250119876523823,0.5307179500485081,0.44660957440687316,0.034338616819052495,0.37689847615736416,0.5163206726563822,0,0,0,150.86332500827075,0.4868
1452,1829559,2.5755071255966127,0.4149657085343057,0.003673010053794823,0.4077665854924749,0.4221648315761365,0.5156066243584547,0.05218890830950179,0.4100445933941944,0.621168655322715,0.5156066243584547,0.04376560098724682,0.42675773080960394,0.6044555179073055,0,0,0,141.9781650276325,0.5146
1453,1830559,2.574277306958706,0.3874540880804272,0.0033614614515031713,0.3808656022785056,0.3940425738823488,0.46891140421694,0.04928802776749097,0.3692169579851163,0.5686058504487637,0.46891140421694,0.03401025010824909,0.39986692583040645,0.5379558826034736,0,0,0,102.3678026053642,0.5038
1454,1831559,2.5755517896663367,0.4197070963382601,0.003511713856937999,0.4128241148670607,0.42659007780945946,0.5139066180348277,0.048759355253812545,0.4152815128960944,0.6125317231735611,0.5139066180348277,0.03572404047372533,0.4413829602399818,0.5864302758296737,0,0,0,103.4863102950965,0.4934
1455,1832559,2.5753725169434345,0.34098665204708956,0.0031369283431532564,0.3348382525641002,0.3471350515300789,0.3838111545396484,0.038429229506933386,0.3060807009519655,0.46154160812733136,0.3838111545396484,0.033434163574490944,0.31593619399265555,0.4516861150866413,0,0,0,113.59827309151993,0.5168
1456,1833559,2.575475185181537,0.3895399304759958,0.003336495638941653,0.38300037782531454,0.396079483126677,0.49303320422060143,0.04070067126891927,0.4107083260055574,0.5753580824356455,0.49303320422060143,0.03245142136390223,0.427153316426751,0.5589130920144518,0,0,0,94.59895175041927,0.4834
1457,1834559,2.5754535202095,0.4755795918877883,0.0033342130118893983,0.4690445132006321,0.4821146705749445,0.5458638512934584,0.045207042808616524,0.4544239762827566,0.6373037263041601,0.5458638512934584,0.041713196867174424,0.46118155962074026,0.6305461429661765,0,0,0,156.51654990698543,0.5899
1458,1835559,2.5747205180753454,0.45887352225933986,0.0036818654492883247,0.45165704258607925,0.4660900019326005,0.5540327291285077,0.05183596692540694,0.4491845894971612,0.6588808687598541,0.5540327291285077,0.04217427938253909,0.4684143901857701,0.6396510680712453,0,0,0,131.20775791627398,0.5857
1459,1836559,2.575762525996916,0.44729389636314176,0.0034654411655969486,0.4405016096609634,0.4540861830653201,0.4936027170182723,0.043364498223587324,0.405889740209472,0.5813156938270726,0.4936027170182723,0.03644149645167648,0.4196225461544172,0.5675828878821274,0,0,0,110.57968423260284,0.522
1460,1837559,2.575050957907045,0.39121356962182197,0.003014123103118648,0.385305869189541,0.3971212700541029,0.4798862075492615,0.03872422760195482,0.40155906399335056,0.5582133511051723,0.4798862075492615,0.03019470741839288,0.4185876926279827,0.5411847224705403,0,0,0,100.3551535495687,0.5245
1461,1838559,2.5752924132152724,0.4500212671369888,0.003738729706979715,0.4426933331573672,0.4573492011166104,0.5059368968215192,0.041520531564132455,0.4219536946316488,0.5899200990113896,0.5059368968215192,0.034786450382843115,0.43531664810362225,0.5765571455394162,0,0,0,86.57093207663348,0.5189
1462,1839559,2.5752239920046067,0.4090654495682968,0.003322303527194538,0.4025537135468092,0.41557718558978446,0.44063766886140593,0.048201005873711684,0.34314193194401077,0.5381334057788011,0.44063766886140593,0.040160939973340144,0.359106626215542,0.5221687115072698,0,0,0,146.12654749957883,0.5323
1463,1840559,2.573768034987094,0.38654349842860614,0.0030715725345388445,0.3805231967457378,0.39256380011147446,0.44918313009484223,0.040922672175684086,0.36640921266144505,0.5319570475282394,0.44918313009484223,0.035887225528902014,0.3763281890257102,0.5220380711639743,0,0,0,136.50803553226302,0.4608
1464,1841559,2.57550355902432,0.4420214957531719,0.0030601608729265957,0.43602356099956735,0.44801943050677645,0.45975387236731113,0.04217820162029288,0.37444040692646496,0.5450673378081573,0.45975387236731113,0.0400509039274884,0.37844621477052415,0.5410615299640981,0,0,0,171.29162470885726,0.5549
1465,1842559,2.574992240568506,0.37952089197403543,0.0029070142761841436,0.3738231255230598,0.3852186584250111,0.44500039052657187,0.04071300846951055,0.3626505579679131,0.5273502230852306,0.44500039052657187,0.034367594372652834,0.3752304647157575,0.5147703163373862,0,0,0,139.7667731851243,0.538
1466,1843559,2.5748789159398644,0.4312156440775789,0.0029818620467285464,0.4253711755207925,0.4370601126343653,0.4960167066867771,0.04354393770522152,0.4079407792677792,0.584092634105775,0.4960167066867771,0.026595542660343197,0.4420248846758942,0.55000852869766,0,0,0,79.55044578637262,0.5379
1467,1844559,2.574958284634619,0.4363633755408464,0.0029477903855200495,0.43058568765650224,0.4421410634251906,0.507281642209894,0.03506575183626096,0.4363544643664266,0.5782088200533614,0.507281642209894,0.026703664915670295,0.4530703203512512,0.5614929640685368,0,0,0,82.06321802984873,0.5365
1468,1845559,2.5750205964854644,0.44648064256008085,0.003352599186590915,0.4399095268536935,0.4530517582664682,0.5571695562796,0.054771004587566834,0.44638474261903677,0.6679543699401631,0.5571695562796,0.04201777230049899,0.47186894360493936,0.6424701689542606,0,0,0,157.0734474951461,0.4948
1469,1846559,2.5749330528126926,0.39270942757877086,0.0033424642186588413,0.3861581764739227,0.39926067868361903,0.4646169383407789,0.03935340227770429,0.3850171688811124,0.5442167078004453,0.4646169383407789,0.032521816066672204,0.3985941417027283,0.5306397349788294,0,0,0,94.67079952666936,0.5825
1470,1847559,2.5760098208944386,0.4140661398816201,0.0031025681772254014,0.407985086542156,0.42014719322108424,0.4740963464789423,0.04063866972233137,0.3918968782292098,0.5562958147286747,0.4740963464789423,0.03467892048799681,0.40369439505309673,0.5444982979047879,0,0,0,124.93625180905647,0.4383
1471,1848559,2.5765643871479447,0.38518416596503813,0.003176844878759219,0.3789575298186522,0.39141080211142404,0.4593894780941801,0.04168207734994234,0.37507951871018186,0.5436994374781784,0.4593894780941801,0.03412817973189139,0.3901055898437148,0.5286733663446455,0,0,0,115.4075527883423,0.549
1472,1849559,2.573633860380694,0.4307120063668999,0.003148209818120935,0.4245414951212973,0.43688251761250246,0.4964793553882375,0.04790056530020819,0.39959131689087846,0.5933673938855966,0.4964793553882375,0.03823310110221942,0.418862033719025,0.57409667705745,0,0,0,147.48631084489185,0.4793
1473,1850559,2.57451085879957,0.4076826204369249,0.0035899382027785934,0.4006463187508812,0.41471892212296857,0.48314869695042434,0.05097975055529429,0.3800324183964916,0.5862649755043571,0.48314869695042434,0.043044036369223035,0.3957646574533686,0.5705327364474801,0,0,0,143.76462437069932,0.4896
1474,1851559,2.5745725818761476,0.44512744968391876,0.003728957738419073,0.437818668824762,0.4524362305430755,0.5450936839505359,0.05252738910898315,0.43884701094655787,0.651340356954514,0.5450936839505359,0.03497041521620987,0.4740999667659018,0.61608740113517,0,0,0,87.94813917342145,0.5274
1475,1852559,2.574483161997464,0.42736694013928744,0.0031524636244266413,0.4211880914062992,0.4335457888722757,0.5194565921806009,0.05393380871962552,0.4103651670004149,0.6285480173607869,0.5194565921806009,0.04705066552707796,0.42393866306462485,0.6149745212965769,0,0,0,222.75700680569486,0.5488
1476,1853559,2.576477759443928,0.4262551397798736,0.003700533005386185,0.41900207157805724,0.43350820798169,0.5029087175752514,0.05314535920166656,0.3954120820759483,0.6104053530745543,0.5029087175752514,0.04363944291333122,0.4143159385324694,0.5915014966180333,0,0,0,139.06883984047448,0.5659
1477,1854559,2.575306876639402,0.39802156463768396,0.0031450952417812644,0.3918571579814955,0.4041859712938724,0.45054489351850663,0.048451623716135615,0.3525422341668414,0.5485475528701719,0.45054489351850663,0.04636610075435295,0.3564167047750405,0.5446730822619728,0,0,0,217.33693899030013,0.4097
1478,1855559,2.574599038728516,0.3094645340259528,0.003102591009716439,0.30338343593466116,0.31554563211724446,0.3897475285076186,0.05170227677903386,0.2851698027214394,0.49432525429379787,0.3897475285076186,0.042959544481130936,0.3025350166624515,0.4769600403527858,0,0,0,191.7212606361238,0.596
1479,1856559,2.574926520082903,0.4234955352892618,0.0029047622013171496,0.417802182919334,0.4291888876591896,0.458715594551239,0.04080742393994738,0.37617478867781673,0.5412564004246613,0.458715594551239,0.033442029252964606,0.39082466582801567,0.5266065232744623,0,0,0,132.54522162342607,0.4377
1480,1857559,2.5744568323785977,0.40556720864621176,0.0030084451535857416,0.39967063703109,0.4114637802613335,0.47975588732953567,0.046954393015780416,0.38478166292067917,0.5747301117383922,0.47975588732953567,0.035762255591145146,0.40715464872183676,0.5523571259372346,0,0,0,141.30762878348278,0.5519
1481,1858559,2.576855461544396,0.3788699925897768,0.003469626356306476,0.3720695028872173,0.38567048229233636,0.46949276580671817,0.05034907100893473,0.3676521570446598,0.5713333745687765,0.46949276580671817,0.03620415355233644,0.39599442664452716,0.5429911049689092,0,0,0,108.88081926622684,0.5571
1482,1859559,2.575911782395356,0.38314159260749653,0.003183719411946217,0.3769014823323869,0.38938170288260615,0.454137802122342,0.05151999512883724,0.3499287757749048,0.5583468284697792,0.454137802122342,0.039111117427324225,0.37473801255040096,0.533537591694283,0,0,0,150.91446812808923,0.5455
1483,1860559,2.576392895708209,0.3855371778261165,0.0035170756610089604,0.37864368718487196,0.3924306684673611,0.4794390775184048,0.042934247206779616,0.39259636553463806,0.5662817895021716,0.4794390775184048,0.03588141109331967,0.40659594038104674,0.5522822146557629,0,0,0,104.0819944511538,0.4878
1484,1861559,2.575152574986642,0.4735297092314124,0.0037318301371379657,0.46621529845251686,0.48084412001030796,0.5881839932725591,0.0551788604323108,0.47657421329814836,0.6997937732469698,0.5881839932725591,0.03517457794770463,0.5167758037080643,0.6595921828370539,0,0,0,88.84112615340021,0.549
1485,1862559,2.575459723950602,0.4227647768818869,0.002739071030836934,0.4173961802588157,0.4281333735049581,0.49906288638191076,0.03498037187437848,0.4283084058120961,0.5698173669517254,0.49906288638191076,0.02946441940518797,0.4392469349461454,0.5588788378176761,0,0,0,115.71487381265881,0.4903
1486,1863559,2.5739999521432746,0.4078258567684332,0.0033651781840993993,0.40123008614700884,0.41442162738985755,0.48817092401836965,0.04178469798416367,0.4036533948093235,0.5726884532274158,0.48817092401836965,0.03201632095262619,0.4231743370190357,0.5531675110177037,0,0,0,90.51628482528574,0.5859
1487,1864559,2.573107888681628,0.3972179968499137,0.003013019797721897,0.3913124589032202,0.40312353479660723,0.46766731974989006,0.045837680081100514,0.3749518604542982,0.560382779045482,0.46766731974989006,0.03635229335726215,0.3938682407952299,0.5414663987045503,0,0,0,145.5659027836033,0.5103
1488,1865559,2.5744817681573604,0.3927872733114286,0.003108879373965971,0.3866938499862549,0.3988806966366023,0.5177348458268498,0.04675264600476026,0.4231686932653283,0.6123009983883713,0.5177348458268498,0.03435045695564609,0.44799971082217055,0.587469980831529,0,0,0,122.08359076732783,0.5251
1489,1866559,2.5746504354798603,0.3958625329516035,0.00325201503567327,0.38948856282007405,0.40223650308313297,0.46898882644200923,0.04862637919978123,0.3706326907603473,0.5673449621236711,0.46898882644200923,0.03979324075348893,0.3882042528975767,0.5497733999864417,0,0,0,149.7316219703259,0.5405
1490,1867559,2.574749786622688,0.44574174252981713,0.003260874786509753,0.4393504072303579,0.45213307782927636,0.4924940433452477,0.040535560823193505,0.4105031325295764,0.574484954160919,0.4924940433452477,0.0336585602048739,0.42416353341984175,0.5608245532706537,0,0,0,106.54248531720158,0.5054
1491,1868559,2.5754142480665876,0.34977571779252664,0.0035531296817479492,0.3428115610415652,0.3567398745434881,0.4290253140210958,0.04416100913529881,0.33970124182346645,0.5183493862187252,0.4290253140210958,0.034577678118844685,0.3588288955315408,0.4992217325106508,0,0,0,94.70426483524844,0.524
1492,1869559,2.5753877484259666,0.4244020473058048,0.003499663885246759,0.41754268385567944,0.4312614107559301,0.5308345544992785,0.05677500662387837,0.41599626411613283,0.6456728448824243,0.5308345544992785,0.044709680301597464,0.4400690780494674,0.6216000309490897,0,0,0,163.2113876342463,0.5165
1493,1870559,2.574812295186832,0.438365787254173,0.00301149793048744,0.4324632321769282,0.4442683423314178,0.49165210490613254,0.03651367051066684,0.4177962351069927,0.5655079747052724,0.49165210490613254,0.03277454010086443,0.4251162512026089,0.5581879586096562,0,0,0,118.4426387840536,0.4871
1494,1871559,2.574492917493137,0.4450969552163334,0.003580209419919107,0.4380797220065059,0.4521141884261609,0.5377731595803202,0.06375442690026403,0.4088176591770088,0.6667286599836317,0.5377731595803202,0.052448257415677255,0.431297536377839,0.6442487827828014,0,0,0,214.60768263823132,0.4906
1495,1872559,2.574783323165148,0.41596659221012494,0.00380243078346862,0.4085138037158616,0.4234193807043883,0.4743641885162923,0.061389219234837825,0.3501927721818398,0.5985356048507449,0.4743641885162923,0.05723148359722843,0.35817809992002947,0.5905502771125551,0,0,0,226.54129242909178,0.4829
1496,1873559,2.5751872254387664,0.3769072151107771,0.003393174837070382,0.3702565708716535,0.3835578593499008,0.4762822694976937,0.0436039326399728,0.38808499086892617,0.5644795481264612,0.4762822694976937,0.030552540296540438,0.4142573152134989,0.5383072237818886,0,0,0,81.07410735770198,0.507
1497,1874559,2.5750010436636623,0.41145970742975435,0.003275283197384125,0.4050401315534378,0.4178792833060709,0.4775646922687414,0.04735707500973669,0.3817759666470472,0.5733534178904356,0.4775646922687414,0.03770566592342913,0.4010181209376291,0.5541112635998536,0,0,0,132.53040226336432,0.5082
1498,1875559,2.5747029495857827,0.44826313675914514,0.0034421444083884327,0.44151651184911095,0.45500976166917934,0.5427408699163584,0.06068217353443924,0.4199995885001531,0.6654821513325636,0.5427408699163584,0.04808550910190877,0.4451220966546194,0.6403596431780973,0,0,0,195.1507677748656,0.4441
1499,1876559,2.5724033751622457,0.46221132257486197,0.0032924315012130595,0.45575813591408937,0.4686645092356346,0.5278100136059029,0.03892820412044685,0.4490702885981374,0.6065497386136682,0.5278100136059029,0.03351628963418409,0.45976832829401093,0.5958516989177948,0,0,0,103.62829983053463,0.4843
1500,1877559,2.5735590916059685,0.4452914449088204,0.003134702185570731,0.4391474087088367,0.4514354811088041,0.49141587725748304,0.03728069810314586,0.4160085477116182,0.5668232068033479,0.49141587725748304,0.0339531406042329,0.42248733732783117,0.5603444171871349,0,0,0,117.31872391246769,0.5036
1501,1878559,2.5756498948603728,0.35702951870668576,0.003313746602394523,0.3505345543121724,0.3635244831011991,0.4331978318734685,0.04339799800527313,0.3454170953604291,0.5209785683865079,0.4331978318734685,0.03421844727387155,0.3637306907703656,0.5026649729765714,0,0,0,106.6306377112522,0.5047
1502,1879559,2.57660619407898,0.3845665480296591,0.004175615058966018,0.37638231598440236,0.3927507800749159,0.4704071932466029,0.04706521562489147,0.37520880895256264,0.5656055775406431,0.4704071932466029,0.03765148845116914,0.3939706080314582,0.5468437784617476,0,0,0,81.30614848286896,0.4961
1503,1880559,2.5745774922525038,0.41733044959858473,0.0034082643204645467,0.4106502298761378,0.42401066932103165,0.5114515651376781,0.05091614938442547,0.4084639320945654,0.6144391981807907,0.5114515651376781,0.03244363728709832,0.44558747985986136,0.5773156504154948,0,0,0,90.61342341683437,0.5156
1504,1881559,2.57509477839167,0.4894540449276649,0.003200893038640249,0.4831802742351227,0.4957278156202071,0.5727211873717644,0.049129456090601965,0.47334748263095905,0.6720948921125697,0.5727211873717644,0.040415354530557945,0.4906736557162303,0.6547687190272984,0,0,0,159.4228107436804,0.454
1505,1882559,2.5731364009425297,0.40527618261724674,0.0033218253154193157,0.3987653838938769,0.4117869813406166,0.49536234279428853,0.052907958653591436,0.3883458952279888,0.6023787903605883,0.49536234279428853,0.036876855504839864,0.42049834606497083,0.5702263395236062,0,0,0,123.24070731507832,0.5209
1506,1883559,2.574866915483823,0.3698670783166905,0.003199855905200523,0.3635953404122796,0.37613881622110146,0.4186240438390986,0.0516496678229877,0.3141527297106266,0.5230953579675707,0.4186240438390986,0.04359983148602238,0.33011168026894566,0.5071364074092516,0,0,0,185.6559096564051,0.459
1507,1884559,2.574904757684722,0.35298709262187206,0.0033423335039642903,0.3464360977186557,0.3595380875250884,0.4293130199728642,0.05012223884136414,0.32793122257652313,0.5306948173692053,0.4293130199728642,0.04207836913653944,0.343889389180931,0.5147366507647975,0,0,0,158.49597346442033,0.4899
1508,1885559,2.5743051453755124,0.4384047333852586,0.0033109940812420563,0.43191516394969215,0.44489430282082504,0.508380201591019,0.05072285641867536,0.40578354047463605,0.610976862707402,0.508380201591019,0.04038146351492108,0.4264014723550258,0.5903589308270123,0,0,0,148.74668666488685,0.5158
1509,1886559,2.5748946320232142,0.4285205119685454,0.0029178253041398294,0.422801555834089,0.4342394681030018,0.5286998389258147,0.04714885200585901,0.43333228408340674,0.6240673937682227,0.5286998389258147,0.03743061581279149,0.45271164900497407,0.6046880288466554,0,0,0,164.56420342322193,0.4595
1510,1887559,2.575883377298317,0.4420401303177229,0.0033111669937220226,0.43555022197259713,0.44853003866284863,0.5222818046527089,0.04851097282115656,0.42415910040520544,0.6204045089002124,0.5222818046527089,0.042761282229449984,0.435471786576552,0.6090918227288658,0,0,0,166.77819535124289,0.519
1511,1888559,2.5751321943094023,0.44706719807663964,0.003385718301616817,0.4404311686943799,0.45370322745889935,0.5454253337921487,0.04961032464117813,0.4450789806003618,0.6457716869839357,0.5454253337921487,0.03748856944951326,0.4693194917339283,0.6215311758503692,0,0,0,122.60158764683653,0.4653
1512,1889559,2.5744655004964945,0.4027631686468049,0.003206741176496358,0.3964779355669087,0.4090484017267011,0.46798718868349903,0.04391335264524502,0.37916404901958967,0.5568103283474084,0.46798718868349903,0.036611916874506455,0.393661045968121,0.542313331398877,0,0,0,130.3518257556498,0.4292
1513,1890559,2.5749733866443436,0.3613595749604834,0.002974143077314792,0.35553023563279024,0.3671889142881765,0.4378310533283096,0.05084110745019959,0.3349952069241776,0.5406668997324416,0.4378310533283096,0.0354472767995924,0.36586925566257267,0.5097928509940466,0,0,0,142.05026181125035,0.4795
1514,1891559,2.575344949613361,0.4439041683674866,0.003359577808264544,0.4373193745182804,0.45048896221669277,0.5121879285432293,0.04646482951960893,0.41820393977286024,0.6061719173135982,0.5121879285432293,0.03561586019472087,0.43988388839047066,0.5844919686959879,0,0,0,112.38735958350993,0.5004
1515,1892559,2.5747636537809595,0.4377872622065948,0.003559388579420753,0.4308108379764289,0.44476368643676073,0.49806576519537415,0.04468703472317088,0.407677705817449,0.5884538245732993,0.49806576519537415,0.03978266543979661,0.41730266067911215,0.5788288697116362,0,0,0,124.92143077529289,0.5379
1516,1893559,2.5762687987009874,0.42517188543184703,0.0033382348692818646,0.4186289238786488,0.43171484698504525,0.46273877980702005,0.04955010394997821,0.3625142344605215,0.5629633251535187,0.46273877980702005,0.042551582603971114,0.37635447460309895,0.5491230850109412,0,0,0,162.47915661166485,0.5062
1517,1894559,2.5763671205356276,0.4065597475910511,0.0032908385801304987,0.4001096830657209,0.4130098121163813,0.4953799164354081,0.044115563584305476,0.40614776654112905,0.5846120663296871,0.4953799164354081,0.033264627481391355,0.4278491324551413,0.5629107004156749,0,0,0,102.17676968921522,0.4846
1518,1895559,2.576016905476712,0.43416665882749517,0.0032342797989293017,0.42782744987266436,0.440505867782326,0.5104679232928085,0.048501302688953335,0.4123647787339081,0.608571067851709,0.5104679232928085,0.038139451326526505,0.43304072077570904,0.5878951258099081,0,0,0,139.05727212370545,0.5596
1519,1896559,2.574130918176051,0.4537256981143341,0.003525255586861191,0.4468161747664482,0.46063522146222,0.5003908650675486,0.04137424239734591,0.41670356064703706,0.5840781694880601,0.5003908650675486,0.03366517431413683,0.4320469277864896,0.5687348023486075,0,0,0,91.19699241968566,0.5133
1520,1897559,2.574846389226083,0.44826132389297163,0.00323634637729254,0.4419180644314189,0.45460458335452436,0.5095423602984485,0.04283369966170631,0.42290302492113346,0.5961816956757635,0.5095423602984485,0.0341524000320518,0.44020930222460286,0.5788754183722941,0,0,0,111.36083123667608,0.495
1521,1898559,2.575875163491396,0.4669960109470018,0.0034443254890377467,0.4602451111050375,0.47374691078896614,0.524982119741982,0.04951778248160846,0.4248229507360772,0.6251412887478868,0.524982119741982,0.04530476813925276,0.4330085507549414,0.6169556887290225,0,0,0,173.01328536216144,0.5138
1522,1899559,2.575451021062214,0.39738308834796937,0.0035548860288007033,0.39041548914562557,0.40435068755031317,0.4698764627707712,0.04772273013991911,0.3733481298373922,0.5664047957041503,0.4698764627707712,0.040056137051985956,0.38855818136645226,0.5511947441750902,0,0,0,126.96580349710229,0.4608
1523,1900559,2.575702223463953,0.4175123055570907,0.0036166040899002746,0.41042373856286735,0.424600872551314,0.5114134858727495,0.05128262648887521,0.407684582918065,0.615142388827434,0.5114134858727495,0.042144048507052306,0.4258565188700156,0.5969704528754833,0,0,0,135.79086915424017,0.5052
1524,1901559,2.5750139459435673,0.4356937736453441,0.0035837676574356986,0.4286695662673769,0.44271798102331134,0.4765442581565652,0.054374394199230645,0.3665616647272819,0.5865268515858485,0.4765442581565652,0.04589400347515612,0.383374477842502,0.5697140384706284,0,0,0,163.9956002965967,0.4847
1525,1902559,2.5750078976673105,0.42238684075997157,0.003092597744289149,0.4163253295324094,0.4284483519875337,0.4578537566043207,0.04595138415624174,0.36490830910836947,0.5507992041002719,0.4578537566043207,0.03710494398491968,0.3825267156432504,0.533180797565391,0,0,0,143.95166452815783,0.4786
1526,1903559,2.5738504874204233,0.3952058602423532,0.0035390772390383254,0.3882692463683845,0.4021424741163219,0.498300333236503,0.05772863483316935,0.3815331477333335,0.6150675187396725,0.498300333236503,0.04891734822929159,0.3989928367672353,0.5976078297057708,0,0,0,191.0494229939109,0.542
1527,1904559,2.576123971077526,0.4819293794811505,0.003616486817430649,0.4748410423417127,0.4890177166205883,0.6010650668069797,0.05196646883855077,0.4959529621408698,0.7061771714730896,0.6010650668069797,0.035501127021410936,0.5289939473789909,0.6731361862349685,0,0,0,96.36304348299215,0.5437
1528,1905559,2.5763768011524664,0.43374911119933035,0.0031180119461355275,0.4276377879746807,0.43986043442398,0.492000660723063,0.03919747438026732,0.41271628520572273,0.5712850362404033,0.492000660723063,0.02964151885744861,0.4318251782851745,0.5521761431609514,0,0,0,90.37438552535679,0.4989
1529,1906559,2.5758743604517846,0.4110188480777986,0.0034175220041051,0.40432048323659764,0.41771721291899955,0.4853840935031092,0.04422013619433011,0.39594042554004877,0.5748277614661697,0.4853840935031092,0.038164178052156085,0.4079066930642694,0.562861493941949,0,0,0,124.70652789985972,0.5261
1530,1907559,2.5744766782896047,0.4016638428013096,0.0032697948563532434,0.39525502410828367,0.4080726614943356,0.4339824765259945,0.04457289685504515,0.3438252827775596,0.5241396702744294,0.4339824765259945,0.03677505561310966,0.3593251445639733,0.5086398084880157,0,0,0,126.49275853126427,0.4903
1531,1908559,2.5751864289181245,0.37876370465589965,0.003587954974671175,0.37173129010954686,0.38579611920225243,0.4806331499658688,0.04535897055230956,0.3888859720874975,0.5723803278442402,0.4806331499658688,0.032822509024088904,0.4139999141709975,0.54726638576074,0,0,0,83.6853783452385,0.4979
1532,1909559,2.5728505368077923,0.47031988478157993,0.003573025964335962,0.46331673119033534,0.4773230383728245,0.5628997516046825,0.055043739394788134,0.4515632797259749,0.6742362234833902,0.5628997516046825,0.04291039397831478,0.4757870205849599,0.6500124826244051,0,0,0,144.22902236492897,0.4734
1533,1910559,2.573812925239663,0.4548341015475226,0.0034651434436966636,0.44804239838216037,0.4616258047128848,0.5284746824960659,0.036420503739504825,0.4548072602790046,0.6021421047131272,0.5284746824960659,0.029449125915338135,0.4686897784952953,0.5882595864968364,0,0,0,72.22746674393544,0.5527
1534,1911559,2.5744521206934476,0.39671165901275374,0.003644814054661509,0.3895678003083669,0.40385551771714057,0.4671661892033959,0.05226667511242385,0.3614468600329849,0.572885518373807,0.4671661892033959,0.04072208337313795,0.3844959648927171,0.5498364135140748,0,0,0,124.82719838196503,0.464
1535,1912559,2.5748594801224023,0.3724607784707175,0.003137310308787071,0.3663116303326591,0.3786099266087759,0.4384881140020775,0.046271434278416027,0.3448953040300477,0.5320809239741073,0.4384881140020775,0.037671140448842,0.3620116331106512,0.5149645948935038,0,0,0,144.17919063392586,0.456
1536,1913559,2.573582729083603,0.3844460706016861,0.0031915207430121516,0.3781906696681217,0.39070147153525053,0.47722291425981417,0.05264106693697064,0.3707463061453563,0.583699522374272,0.47722291425981417,0.03880610062683546,0.3984423417127949,0.5560034868068334,0,0,0,147.84432817540701,0.4884
1537,1914559,2.5757998061015606,0.390737475016284,0.0032180686072719998,0.3844300401000989,0.39704490993246905,0.48566940986864293,0.04505917014709447,0.3945286355477235,0.5768101841895624,0.48566940986864293,0.03269746861474961,0.419290019600123,0.5520488001371628,0,0,0,103.23754434134956,0.447
1538,1915559,2.5763611316265562,0.42747888667911377,0.0036456216672006545,0.4203334450490191,0.43462432830920844,0.4533137670797934,0.04475017719388891,0.36279798999967816,0.5438295441599086,0.4533137670797934,0.040943162749207285,0.3701947277749836,0.5364328063846031,0,0,0,126.13034449782563,0.4618
1539,1916559,2.5735897661610236,0.39519233859725844,0.0030956724078554276,0.3891248010095716,0.4012598761849453,0.48317171643798557,0.041365373798126145,0.3995023504525893,0.5668410824233818,0.48317171643798557,0.036340458448325376,0.4093966636257881,0.556946769250183,0,0,0,137.80685170067022,0.5223
1540,1917559,2.577115790861218,0.38400161025849844,0.0031317759849214086,0.37786330943037894,0.39013991108661794,0.4169379638908752,0.04863809997375547,0.3185581207061198,0.5153178070756306,0.4169379638908752,0.04339173249680795,0.3288480637285873,0.505027864053163,0,0,0,191.96966275671946,0.5119
1541,1918559,2.5754591501551167,0.4209212243039845,0.0030438193385757747,0.41495531906153316,0.4268871295464358,0.5135057081868677,0.05071319465238209,0.41092858983743763,0.6160828265362978,0.5135057081868677,0.03999552557785016,0.4323104746167347,0.5947009417570006,0,0,0,172.65735061113944,0.4616
1542,1919559,2.5737859913263406,0.40077618725695435,0.003010550410939626,0.3948754893240433,0.4066768851898654,0.4493824591601765,0.041106095564244174,0.36623753290421646,0.5325273854161365,0.4493824591601765,0.03480614656658926,0.3787222250635002,0.5200426932568528,0,0,0,133.6657322117157,0.4578
1543,1920559,2.573992279155576,0.3772827922065589,0.0029068772599989503,0.3715852943081768,0.38298029010494106,0.4446541236329913,0.04344768209095958,0.3567728915709636,0.532535355695019,0.4446541236329913,0.03298453530995786,0.37769195699059244,0.5116162902753901,0,0,0,128.755962916454,0.5102
1544,1921559,2.5740042604176216,0.46560173833022095,0.002871356391520795,0.45997386155973713,0.47122961510070477,0.5010817916172775,0.034615429121313566,0.4310654774404205,0.5710981057941346,0.5010817916172775,0.029483069743513307,0.44122797798181335,0.5609356052527417,0,0,0,105.43169751925589,0.4962
1545,1922559,2.574471470006592,0.4428741722260759,0.003268513651908716,0.43646786470190135,0.4492804797502504,0.5038152003948497,0.04792918374968484,0.40686927561958874,0.6007611251701107,0.5038152003948497,0.033879444487888086,0.43503627153527075,0.5725941292544287,0,0,0,107.44147327186627,0.4667
1546,1923559,2.5765828019268446,0.41595074696812157,0.00303750652681798,0.40999721487682383,0.4219042790594193,0.5013005295040545,0.0436061947136207,0.4130986753994589,0.58950238360865,0.5013005295040545,0.03237672621929786,0.4355722809154671,0.5670287780926417,0,0,0,113.61388903032524,0.4832
1547,1924559,2.574904883976349,0.44054035566183763,0.003554045106619436,0.4335744046723119,0.4475063066513634,0.5198962906928289,0.050786255374178815,0.4171713930848093,0.6226211883008486,0.5198962906928289,0.042780019648262654,0.4330482336341855,0.6067443477514723,0,0,0,144.88922471965535,0.4716
1548,1925559,2.574679776305964,0.467253199989519,0.0037832464697085243,0.45983801287211257,0.4746683871069254,0.5191790658651663,0.051056991450955,0.4159065528529251,0.6224515788774074,0.5191790658651663,0.038889278460286836,0.44022963333900267,0.5981284983913299,0,0,0,105.66484004294787,0.5249
1549,1926559,2.5743379581466552,0.3980206011275816,0.003010987225575122,0.39211904703520967,0.4039221552199535,0.47212499598843677,0.04050248912720577,0.39020097899195005,0.5540490129849235,0.47212499598843677,0.0319615126546174,0.4072396757494243,0.5370103162274492,0,0,0,112.67740185173696,0.4971
1550,1927559,2.574920374493676,0.466102894774624,0.0029770496180328773,0.46026785860865677,0.4719379309405913,0.5392973944531647,0.04094192054878786,0.456484543510265,0.6221102453960644,0.5392973944531647,0.03443564214869297,0.46938932431271146,0.609205464593618,0,0,0,133.7963377019869,0.5459
1551,1928559,2.5746122746895996,0.4109313931533403,0.0033380985619920304,0.4043886987632962,0.41747408754338444,0.47702200067166256,0.04616375494870744,0.38364699270210995,0.5703970086412151,0.47702200067166256,0.0363553356647752,0.4032167455044,0.5508272558389251,0,0,0,118.61456110472369,0.4664
1552,1929559,2.5734651977323355,0.3828845035709988,0.003505999777032895,0.3760127217327177,0.38975628540927987,0.4782212337440195,0.058410308573823275,0.36007523295520183,0.5963672345328371,0.4782212337440195,0.043599140493743034,0.38971027296277116,0.5667321945252678,0,0,0,154.64364842163064,0.5305
1553,1930559,2.573081293605547,0.4082069232073663,0.0035072387629056607,0.4013327129489027,0.41508113346582987,0.4935799499908878,0.04416897523979633,0.40423976482602325,0.5829201351557523,0.4935799499908878,0.03709733098276119,0.4182683642458572,0.5688915357359183,0,0,0,111.88056858525933,0.4862
1554,1931559,2.574437635148119,0.41676527580662587,0.003591329022475457,0.40972624810513975,0.423804303508112,0.5032255938207956,0.05608902124154023,0.3897748398417832,0.616676347799808,0.5032255938207956,0.04228724901853892,0.4173779143243632,0.5890732733172279,0,0,0,138.64636123321327,0.4577
1555,1932559,2.57483138710219,0.37677460487751663,0.003589803758775055,0.36973856670257405,0.3838106430524592,0.46037439372078826,0.04988414080827517,0.35947419505405487,0.5612745923875216,0.46037439372078826,0.04005875835913565,0.3790507907800423,0.5416979966615342,0,0,0,124.52414029123527,0.4982
1556,1933559,2.57231384798279,0.45011872301693395,0.0032503616026003683,0.44374799362473244,0.45648945240913547,0.5092957033447636,0.04133807716947547,0.4256815500022867,0.5929098566872405,0.5092957033447636,0.03054242441023212,0.4472912854015646,0.5713001212879626,0,0,0,88.29653430937172,0.4858
1557,1934559,2.573444155394314,0.4423173572245889,0.00368482133026853,0.43509508400582697,0.4495396304433509,0.5189805042819104,0.04990770032489776,0.4180326519948241,0.6199283565689968,0.5189805042819104,0.036805936409230966,0.4442604809708527,0.5937005275929682,0,0,0,99.7706665426134,0.5198
1558,1935559,2.574893956433024,0.4198905312534941,0.0033255275052912,0.41337247621445355,0.4264085862925347,0.49046790500462467,0.052757400030734626,0.3837559909977106,0.5971798190115387,0.49046790500462467,0.0473652802009867,0.3943112741448026,0.5866245358644467,0,0,0,202.86126681803356,0.4584
1559,1936559,2.574818366376721,0.43085153524824343,0.0032073179808689923,0.42456517162811214,0.43713789886837473,0.4940642668262249,0.04042936371959506,0.4122881599277364,0.5758403737247134,0.4940642668262249,0.02798169802505796,0.43725839981964776,0.550870133832802,0,0,0,76.11392059317595,0.4649
1560,1937559,2.576243203998131,0.42471036776065335,0.002971612281962485,0.4188859888079301,0.4305347467133766,0.49260597271860823,0.03545194367549319,0.4208976481485335,0.564314297288683,0.49260597271860823,0.026149274780116517,0.43952012266949697,0.5456918227677195,0,0,0,77.43459087590236,0.4955
1561,1938559,2.5755655972583598,0.4348939204044377,0.003196154685167194,0.4286294369148077,0.4411584038940677,0.4983489199561468,0.050959521372413,0.39527355878674775,0.6014242811255458,0.4983489199561468,0.03869794936916166,0.41978790613478134,0.5769099337775122,0,0,0,146.59539380698772,0.5233
1562,1939559,2.5750645761750675,0.39952034490412885,0.0030226509091586294,0.39359592991782827,0.40544475989042944,0.44624584410466234,0.03518153239249551,0.3750844779813825,0.5174072102279421,0.44624584410466234,0.029087150743212536,0.38719578877065375,0.5052958994386709,0,0,0,92.6032817599672,0.5132
1563,1940559,2.577236400043064,0.35627415537958584,0.003743906866039503,0.3489360741353141,0.3636122366238576,0.4385577179441541,0.062008065615620965,0.31313456665439393,0.5639808692339143,0.4385577179441541,0.05076364826476887,0.3355020331349351,0.5416134027533731,0,0,0,183.84659014210084,0.5099
1564,1941559,2.573910449255628,0.3712358905067611,0.003293315847225368,0.36478097052218567,0.3776908104913365,0.4185848095348365,0.04577999129596192,0.3259860368211324,0.5111835822485407,0.4185848095348365,0.04077843526460029,0.3358001848025281,0.5013694342671449,0,0,0,153.31842401851745,0.4434
1565,1942559,2.574650547176465,0.42511607723299755,0.0031809319847933217,0.41888143033281744,0.43135072413317765,0.4921594967470433,0.04719749471269095,0.3966935527432003,0.5876254407508863,0.4921594967470433,0.038555169996328444,0.4138883404624572,0.5704306530316294,0,0,0,146.91173191509657,0.514
1566,1943559,2.5762395722446887,0.4114969081083258,0.003088416816643019,0.4054435915255135,0.41755022469113806,0.4589849868613144,0.04027954876379167,0.37751190931361506,0.5404580644090137,0.4589849868613144,0.03258471296340537,0.39283450273454346,0.5251354709880853,0,0,0,111.3155873679059,0.5139
1567,1944559,2.5759458429267443,0.42142290835600277,0.003261380522252473,0.41503058181127467,0.42781523490073087,0.4925625610124032,0.05571576901826976,0.3798667809162835,0.6052583411085228,0.4925625610124032,0.04819576347327262,0.3947199594772342,0.5904051625475722,0,0,0,218.3809658237042,0.4987
1568,1945559,2.573320481110019,0.3796673435057815,0.0032657995113420497,0.37326635571436184,0.3860683312972012,0.4682009827852808,0.05402881476165868,0.35891738974652565,0.5774845758240359,0.4682009827852808,0.04397414912558316,0.37892871400737155,0.55747325156319,0,0,0,181.30753369733694,0.5369
1569,1946559,2.575234035882072,0.4819821821685701,0.0036697730134173275,0.4747894037464456,0.48917496059069454,0.5345087133718951,0.05331194922311307,0.4266751177488435,0.6423423089949467,0.5345087133718951,0.04488278387204397,0.443391817991312,0.6256256087524782,0,0,0,149.58263089444927,0.5369
1570,1947559,2.5754750625991387,0.4024255801786481,0.0032393057142973062,0.3960765203977639,0.4087746399595323,0.4693901176220606,0.04950447066082411,0.3692578743151855,0.5695223609289357,0.4693901176220606,0.04102916940874042,0.38609647551585025,0.552683759728271,0,0,0,160.42851969533274,0.4881
1571,1948559,2.5724850219600355,0.4466602879196175,0.003348393552452859,0.4400974152828611,0.45322316055637385,0.5082659950180606,0.046142046530831995,0.414934896468233,0.6015970935678882,0.5082659950180606,0.03665168932024286,0.4338591099452671,0.582672880090854,0,0,0,119.81605032412438,0.4897
1572,1949559,2.5768527784854585,0.4432502470820356,0.0035138472870698393,0.4363630840742231,0.4501374100898481,0.5086319442911457,0.0409026409436491,0.4258985438489028,0.5913653447333885,0.5086319442911457,0.030821546065290036,0.4460608792630672,0.5712030093192241,0,0,0,76.93838642107256,0.4668
1573,1950559,2.5748093190526293,0.4561450795235459,0.003703991725747189,0.44888523220784704,0.4634049268392447,0.5326254690003355,0.047702609321609135,0.43613783426345576,0.6291131037372152,0.5326254690003355,0.035375516633843515,0.4608093522160179,0.604441585784653,0,0,0,91.21485383994727,0.5129
1574,1951559,2.5749230565054355,0.4377395879789871,0.0029447243762462786,0.43196790949229935,0.44351126646567485,0.49127753046289835,0.03596179215634798,0.4185379400000041,0.5640171209257926,0.49127753046289835,0.030135020988163227,0.4301001854368377,0.552454875488959,0,0,0,104.7258017095084,0.5247
1575,1952559,2.5744832194354927,0.43109998375586334,0.00267822128837872,0.42585065301461783,0.43634931449710884,0.4589471010648752,0.033145358983749776,0.39190428440708563,0.5259899177226647,0.4589471010648752,0.027692862027255984,0.40272760230739996,0.5151665998223505,0,0,0,106.91601623340678,0.4788
1576,1953559,2.5757649548751402,0.4718267364311512,0.0034046298833518658,0.46515364022853645,0.47849983263376594,0.5501742917077233,0.041238952285864834,0.46676063736727524,0.6335879460481713,0.5501742917077233,0.02836867187683658,0.4925828260166248,0.6077657573988218,0,0,0,69.42856590826797,0.4837
1577,1954559,2.57481447457203,0.4166934181695604,0.003361619238950569,0.4101046231032394,0.4232822132358814,0.5149758623132812,0.043311166471131146,0.42737075915592365,0.6025809654706388,0.5149758623132812,0.03517304098534924,0.44357079294824947,0.586380931678313,0,0,0,109.47697658469203,0.4994
1578,1955559,2.574498505668433,0.3575219964441625,0.003310654342940087,0.35103309289782647,0.3640108999904985,0.42588218009882456,0.044777979774575524,0.335310166991201,0.5164541932064481,0.42588218009882456,0.03537821571140011,0.35406058389576034,0.4977037763018888,0,0,0,114.19423308742776,0.4916
1579,1956559,2.5757150530496644,0.4401665473471335,0.003419732639763265,0.4334638496459973,0.4468692450482697,0.5218730193789918,0.04804806748879696,0.4246866295440887,0.6190594092138949,0.5218730193789918,0.04184408834011023,0.4369250038893263,0.6068210348686572,0,0,0,149.72141175480846,0.4662
1580,1957559,2.5748077170702803,0.4055126093077191,0.0030189289918600747,0.39959548930297084,0.41142972931246735,0.46411195109670833,0.04994133705762063,0.3630960620957637,0.5651278400976529,0.46411195109670833,0.04162746172806176,0.3796037110096324,0.5486201911837842,0,0,0,190.13149548269732,0.5652
1581,1958559,2.5748953554890393,0.4132080763015372,0.0033347184455481313,0.40667200696119865,0.4197441456418758,0.47409609414352605,0.040201152742087784,0.3927815875170942,0.555410600769958,0.47409609414352605,0.0327679552809337,0.4075736083351499,0.5406185799519022,0,0,0,96.55623898857704,0.488
1582,1959559,2.572737526398832,0.39544985900418006,0.0031344584731997117,0.38930630048199194,0.4015934175263682,0.47933284643764457,0.046184828996122515,0.38591521218373703,0.5727504806915521,0.47933284643764457,0.03465891634339794,0.40897150558434703,0.5496941872909421,0,0,0,122.26577883320316,0.4873
1583,1960559,2.5748441017373027,0.3943653186872436,0.003139987015614805,0.3882109241867964,0.4005197131876908,0.44299736993599337,0.03959588132861621,0.36290714030174825,0.5230875995702384,0.44299736993599337,0.03757741237033709,0.36671116715983954,0.5192835727121472,0,0,0,143.21814259313442,0.4778
1584,1961559,2.5755593959471965,0.37781890947188934,0.0034414640507449542,0.371073618067159,0.3845642008766197,0.4248813573860639,0.04491988361578744,0.33402231666730264,0.5157403981048252,0.4248813573860639,0.03797118549158627,0.3477957526745302,0.5019669620975976,0,0,0,121.73678781742946,0.4836
1585,1962559,2.5766296694976636,0.38647623769706785,0.0032302332642626095,0.3801449599758933,0.3928075154182424,0.4475431412466893,0.05329130338600808,0.3397513057708865,0.5553349767224921,0.4475431412466893,0.04428577731781451,0.35763823360506486,0.5374480488883138,0,0,0,187.95798205201763,0.4797
1586,1963559,2.575383718056062,0.4193005993776481,0.0030158058416392694,0.41338960076717546,0.4252115979881207,0.5010647194593022,0.05439091415743964,0.39104871126055013,0.6110807276580542,0.5010647194593022,0.04737011436492693,0.4048982747249386,0.5972311641936658,0,0,0,246.7187240051036,0.4861
1587,1964559,2.575579090256592,0.4389901354168014,0.003143990857123168,0.43282789336155947,0.4451523774720433,0.5133965389167834,0.04161976912897683,0.4292126098055757,0.597580468027991,0.5133965389167834,0.03633199321357209,0.43963867144477303,0.5871544063887937,0,0,0,133.54139232542153,0.4789
1588,1965559,2.574009454188511,0.49769327373270594,0.0029645806976769913,0.49188267672985725,0.5035038707355546,0.5688339760384741,0.0404166840439683,0.48708351620474477,0.6505844358722034,0.5688339760384741,0.03216480696659392,0.5035359464049499,0.6341320056719982,0,0,0,117.71595913567788,0.5159
1589,1966559,2.577159088721214,0.39716981277032926,0.0028624843171344986,0.3915593253220111,0.4027803002186474,0.4233634506302071,0.047693964363723716,0.3268933019711463,0.5198335992892679,0.4233634506302071,0.04144637565138234,0.33922283482309384,0.5075040664373203,0,0,0,209.64614740845255,0.4951
1590,1967559,2.575639874199016,0.39476102517341216,0.0033747036201602692,0.3881465846367888,0.4013754657100355,0.48080055511050446,0.049909188718990825,0.3798496922622006,0.5817514179588084,0.48080055511050446,0.040607578257373385,0.39836278854316454,0.5632383216778444,0,0,0,144.79144592614173,0.4823
1591,1968559,2.57456838763529,0.4160697260157792,0.003573035909975495,0.4090665529310179,0.42307289910054047,0.4834998123674302,0.04771803638515827,0.3869809734491868,0.5800186512856736,0.4834998123674302,0.037387486302223154,0.40759918000793594,0.5594004447269245,0,0,0,109.49083602031021,0.5183
1592,1969559,2.5746828366377947,0.41085901753415294,0.0027979844996827118,0.40537495013783853,0.41634308493046734,0.44298708777903956,0.035144783061891,0.3719000541930909,0.5140741213649882,0.44298708777903956,0.03275828043769968,0.3764842429466173,0.5094899326114618,0,0,0,137.07289477092164,0.4782
1593,1970559,2.5752857367534583,0.3901205809359291,0.0034466885311717314,0.3833650495163687,0.39687611235548953,0.4618984518955826,0.04323374657326221,0.3744499452626747,0.5493469585284905,0.4618984518955826,0.03475333129041658,0.3913454385097972,0.532451465281368,0,0,0,101.66905867966558,0.5579
1594,1971559,2.5759054002960236,0.412858084153187,0.0029087012223415294,0.4071570112770249,0.41855915702934904,0.4536668281202073,0.04618030707977076,0.3602583403054457,0.5470753159349689,0.4536668281202073,0.03945224581033829,0.37357451111335815,0.5337591451270565,0,0,0,183.96924832326098,0.4561
1595,1972559,2.5748140087332443,0.3369519879403136,0.00318801396477472,0.33070346031437475,0.3432005155662525,0.4351616334591569,0.04666032914069797,0.3407822093803405,0.5295410575379733,0.4351616334591569,0.03806259079551263,0.35789046611543823,0.5124328008028756,0,0,0,142.54640262025637,0.4819
1596,1973559,2.574098315742408,0.4342911210432689,0.003472573212313195,0.4274848554842134,0.4410973866023244,0.5017565238674913,0.04346249538981774,0.41384532908036736,0.5896677186546151,0.5017565238674913,0.036138891433005624,0.42839067385116814,0.5751223738838144,0,0,0,108.30458217627525,0.4825
1597,1974559,2.575379663911537,0.3820150532209747,0.0034515616709129447,0.37524997041656005,0.3887801360253893,0.47669140786379655,0.051608325866801745,0.3723037157347184,0.5810790999928748,0.47669140786379655,0.043335885673892204,0.3887148827794775,0.5646679329481156,0,0,0,157.63914786231993,0.474
1598,1975559,2.575549684520398,0.39916126387929773,0.003451440098743395,0.39239641935710784,0.40592610840148763,0.4808105450524693,0.046111694359834726,0.3875408395633213,0.5740802505416173,0.4808105450524693,0.033826689075520285,0.4121387153737963,0.5494823747311423,0,0,0,96.05462972987897,0.5264
1599,1976559,2.5747644365362587,0.4046418870570279,0.003178296542032381,0.3984124056414035,0.4108713684726523,0.4236867691467622,0.045463262174817325,0.33172864155050846,0.5156448967430158,0.4236867691467622,0.040745322709860414,0.34096936647435583,0.5064041718191685,0,0,0,164.3488588427007,0.4222
1600,1977559,2.575716595943403,0.4494372553905877,0.003034290764806636,0.4434900262132635,0.4553844845679119,0.48060961437461097,0.038751960761271,0.40222637520916726,0.5589928535400547,0.48060961437461097,0.03444587181447057,0.41068077690855925,0.5505384518406626,0,0,0,128.87241636294706,0.4527
1601,1978559,2.573844369178303,0.46409075217866735,0.003474426933842759,0.4572808533136363,0.4709006510436984,0.5404770725540368,0.04909142871656578,0.4411802854374073,0.6397738596706662,0.5404770725540368,0.041232057650125525,0.45677154542044174,0.6241825996876318,0,0,0,140.83274711308727,0.4674
1602,1979559,2.574848091353411,0.44660678769446155,0.0029555941714945726,0.44081380434002615,0.45239977104889695,0.49865082526868615,0.03805540499552582,0.4216765031259145,0.5756251474114578,0.49865082526868615,0.03219647056514234,0.4332885151127119,0.5640131354246604,0,0,0,118.66617105951681,0.4712
1603,1980559,2.574931366582287,0.4264660100664421,0.003016830311998236,0.4205530034875569,0.43237901664532724,0.5022847248656958,0.06170653099639238,0.37747148491232596,0.6270979648190655,0.5022847248656958,0.05580990543486942,0.3889845933674655,0.615584856363926,0,0,0,342.2321512100477,0.4327
1604,1981559,2.5732705128529316,0.4052881017739624,0.003372721537981202,0.39867754613100315,0.41189865741692167,0.5024358517893276,0.05855527189486738,0.38399663500729564,0.6208750685713595,0.5024358517893276,0.04694048316731303,0.4071416047554637,0.5977300988231915,0,0,0,193.7020152555407,0.5088
1605,1982559,2.5741846453784776,0.40604002868414796,0.0030192612992848483,0.40012225735473583,0.4119578000135601,0.4735248489071485,0.04434363145315063,0.38383138820540424,0.5632183096088927,0.4735248489071485,0.03597856266921898,0.4004844835853153,0.5465652142289817,0,0,0,141.99930485337418,0.4559
1606,1983559,2.5758293122625013,0.46512691430153386,0.00341792292946015,0.45842776364408977,0.47182606495897794,0.5556560355596242,0.04737007468982033,0.45984101560306145,0.6514710555161869,0.5556560355596242,0.04013872962900956,0.47417008230987495,0.6371419888093734,0,0,0,137.91220909092578,0.451
1607,1984559,2.5736411405573936,0.38464862482183654,0.0033114034533151195,0.378158253014406,0.3911389966292671,0.4400983342699777,0.05106509296874976,0.33680943439125455,0.5433872341487008,0.4400983342699777,0.041310493551994724,0.35623357379013854,0.5239630947498168,0,0,0,155.63116651350924,0.4555
1608,1985559,2.5749083595342697,0.4464260049236431,0.003645590678808541,0.4392806240309938,0.45357138581629236,0.5238546657678573,0.05160677725088763,0.41947010601012724,0.6282392255255874,0.5238546657678573,0.04170831422989153,0.4391822863757979,0.6085270451599167,0,0,0,130.89090285872268,0.473
1609,1986559,2.573594461241101,0.5010238536118284,0.003346222998088835,0.49446523527541614,0.5075824719482407,0.546939062790789,0.041690252733988645,0.4626125671317124,0.6312655584498655,0.546939062790789,0.03745201357514631,0.470907433102945,0.6229706924786329,0,0,0,125.26812725288144,0.4872
1610,1987559,2.5735406598247503,0.41295447932711055,0.0033493723198620537,0.4063896883000136,0.4195192703542075,0.4807586130202779,0.04374120564434577,0.392283673531999,0.5692335525085568,0.4807586130202779,0.0362372921499475,0.4071929989283456,0.5543242271122102,0,0,0,117.05355847107057,0.4545
1611,1988559,2.5729644703691137,0.3742601292579791,0.002843636644342249,0.368686583368082,0.37983367514787614,0.44095109153267914,0.04104517968245767,0.3579293792776947,0.5239728037876636,0.44095109153267914,0.032662738028203936,0.3746422081032584,0.5072599749620998,0,0,0,131.93407334545358,0.3965
1612,1989559,2.57515948742419,0.44887776765823345,0.0032662530737370007,0.442475890881638,0.4552796444348289,0.4963199355301865,0.04167559125278127,0.4120230955160224,0.5806167755443506,0.4963199355301865,0.0373827930722665,0.42042883093403627,0.5722110401263367,0,0,0,130.99171575844545,0.4152
1613,1990559,2.5739943149533753,0.46636943304650263,0.0035404617063122513,0.45943010560788083,0.47330876048512444,0.5128996590041814,0.04655669520895931,0.4187298543381005,0.6070694636702624,0.5128996590041814,0.04070998342080394,0.43025399890266736,0.5955453191056955,0,0,0,132.21540151013437,0.5139
1614,1991559,2.573477282416594,0.417939610227077,0.0030206624541402995,0.41201909262524594,0.42386012782890803,0.45369890762245524,0.03781815762156715,0.37720446358879234,0.5301933516561181,0.45369890762245524,0.029587592746826222,0.393632901009281,0.5137649142356295,0,0,0,95.94334806763322,0.4424
1615,1992559,2.5770309351483878,0.4574703369759437,0.0030725495400855327,0.45144812035599646,0.4634925535958909,0.552712702724671,0.04017270935441648,0.4714557282802169,0.633969677169125,0.552712702724671,0.03305433796412468,0.4856088291606352,0.6198165762887068,0,0,0,115.73351368757092,0.4948
1616,1993559,2.5767686453310414,0.43738493235840026,0.003370956775912994,0.4307778356603071,0.44399202905649343,0.5027172941593466,0.04034653199697696,0.4211087302340887,0.5843258580846046,0.5027172941593466,0.030418888332201223,0.4409636677875831,0.5644709205311101,0,0,0,81.42922651806494,0.4371
1617,1994559,2.575241006335104,0.3844043909500503,0.0032639642097776556,0.3780070003613574,0.3908017815387432,0.4524158845084353,0.04278195069117713,0.3658812213039309,0.5389505477129397,0.4524158845084353,0.03204681597133302,0.3873573893298524,0.5174743796870181,0,0,0,96.40043573958714,0.453
1618,1995559,2.576685623191885,0.4470493714835467,0.003518792272098076,0.440152516273661,0.4539462266934324,0.5345513543433423,0.04830365181743388,0.43684799640760164,0.632254712279083,0.5345513543433423,0.043909813395901984,0.4454096940403286,0.6236930146463561,0,0,0,155.71696264253436,0.4957
1619,1996559,2.5723851265810316,0.3863820633823912,0.003332429637238394,0.37985048012088163,0.3929136466439008,0.4430231196185419,0.04096200965719764,0.3601696346184702,0.5258766046186136,0.4430231196185419,0.03225141679277739,0.37754926269021827,0.5084969765468655,0,0,0,93.66462939427048,0.4226
1620,1997559,2.5752877248223225,0.40856362531674445,0.0033477504197823808,0.40200201322410833,0.41512523740938057,0.4788231661383426,0.05162927938014773,0.37439309152807665,0.5832532407486085,0.4788231661383426,0.03975732910347895,0.3981114971193119,0.5595348351573732,0,0,0,141.03543918863858,0.4856
1621,1998559,2.5779229587966035,0.3961023951953912,0.003219721996275063,0.38979171962625536,0.40241307076452704,0.5021832086202014,0.06399007675266452,0.3727510614001315,0.6316153558402713,0.5021832086202014,0.051267905343372944,0.39810382751783185,0.6062625897225709,0,0,0,253.54461930351752,0.4382
1622,1999559,2.5760102393631428,0.424626137991761,0.003355589703348015,0.41804916085352956,0.4312031151299925,0.4933424313433288,0.04522673415940541,0.40186272681618307,0.5848221358704745,0.4933424313433288,0.038767385117813476,0.41464045545812134,0.5720444072285362,0,0,0,133.4735805564724,0.4714
1623,2000559,2.575375263248725,0.3884539679498678,0.0031122464732167795,0.38235394508876974,0.39455399081096587,0.4646135748373074,0.04766376883749366,0.36820450239497793,0.5610226472796369,0.4646135748373074,0.038951711767356054,0.3855373959594757,0.5436897537151391,0,0,0,156.64088523433432,0.4263
1624,2001559,2.5753875275323983,0.34883359086120186,0.0035659690538551807,0.34184426885933555,0.35582291286306816,0.3969955750602616,0.0524276238528609,0.2909506963339772,0.503040453786546,0.3969955750602616,0.04291867720633369,0.3098660281936663,0.4841251219268569,0,0,0,144.85634280313224,0.4706
1625,2002559,2.573637101504744,0.3841659391446217,0.003482195810337232,0.3773408132323021,0.3909910650569413,0.47299507474903896,0.05555968091940992,0.36061501263320883,0.5853751368648691,0.47299507474903896,0.04317314865274812,0.3853489233815644,0.5606412261165135,0,0,0,153.7167059403766,0.469
1626,2003559,2.574437228980512,0.3467176923003284,0.002955284427909074,0.3409253160452885,0.3525100685553683,0.42797071953899823,0.04265043617395609,0.34170206955432986,0.5142393695236667,0.42797071953899823,0.033660561566893656,0.35963614663268867,0.4963052924453078,0,0,0,129.73111283258197,0.444
1627,2004559,2.576341286282636,0.399054381115142,0.004139297629643603,0.3909413314620992,0.40716743076818485,0.5082415689833099,0.05668842412114747,0.39357840824227197,0.6229047297243477,0.5082415689833099,0.04446743653263944,0.4179678735294296,0.59851526443719,0,0,0,115.4066615846751,0.45
1628,2005559,2.574743966153513,0.4272506995824209,0.003013295472976224,0.4213446213104774,0.4331567778543644,0.48724824708388087,0.037977229032525484,0.41043205075163514,0.5640644434161266,0.48724824708388087,0.03317358393066779,0.41990229133775403,0.5545942028300077,0,0,0,121.19964519417941,0.4148
1629,2006559,2.5769697698417873,0.46465576113539314,0.00314910924970761,0.45848348699816616,0.4708280352726201,0.5379797379021365,0.04469379262818146,0.4475780093711079,0.6283814664331651,0.5379797379021365,0.033805999853923845,0.4693499095762558,0.6066095662280172,0,0,0,115.2423525612767,0.4908
1630,2007559,2.5744670175223447,0.37599763670604947,0.0031388520239203988,0.36984546679653446,0.38214980661556447,0.4502059154378293,0.03870436416921466,0.3719189494669627,0.5284928814086959,0.4502059154378293,0.03202362755627036,0.38519449524450866,0.5152173356311499,0,0,0,104.08768946069767,0.4476
1631,2008559,2.574359807952354,0.4287725487013242,0.003081879952762195,0.42273204441325013,0.43481305298939826,0.481752187226728,0.05215567965262124,0.37625736756502504,0.587247006888431,0.481752187226728,0.04318256276836572,0.3940869241885007,0.5694174502649554,0,0,0,196.32942303914703,0.4631
1632,2009559,2.575936725952831,0.38671922916352297,0.00403657058048127,0.3788075251795125,0.39463093314753345,0.4750909753623445,0.05798843435748305,0.35779829572031585,0.5923836550043732,0.4750909753623445,0.0519100534636483,0.36970796426989294,0.5804739864547961,0,0,0,165.37804401489146,0.4988
1633,2010559,2.5752857420783672,0.40464352537939474,0.0035940905153109366,0.397599085134406,0.4116879656243835,0.4779072685703274,0.04968794785965275,0.3774039075993478,0.578410629541307,0.4779072685703274,0.043730105028517534,0.38913043564871375,0.566684101491941,0,0,0,148.04134428373493,0.4892
1634,2011559,2.5753369945194002,0.4534490222899158,0.0028525304891119647,0.4478580444077632,0.45904000017206836,0.5074199202367665,0.03697270857841488,0.4326355583060415,0.5822042821674915,0.5074199202367665,0.03016345164634894,0.44618485790611767,0.5686549825674153,0,0,0,111.81536449617475,0.4437
1635,2012559,2.5750545634382407,0.4410551322381549,0.0033171749375604884,0.4345534482849344,0.4475568161913754,0.4954477507261486,0.04760021134125276,0.39916723545436583,0.5917282659979314,0.4954477507261486,0.03454012334181957,0.425327572487176,0.5655679289651212,0,0,0,108.42040300095206,0.4684
1636,2013559,2.575181256442364,0.4159990589876817,0.0031470446746921623,0.4098308314306022,0.42216728654476116,0.4689038573602613,0.049099600327324834,0.3695905416007474,0.5682171731197752,0.4689038573602613,0.041337476742004726,0.38498431809245337,0.5528233966280692,0,0,0,172.53694776105988,0.5073
1637,2014559,2.5748026256330263,0.4246081593094867,0.0031233249903110083,0.4184864224844968,0.4307298961344766,0.4877956216302469,0.04155270429236826,0.40374734395510115,0.5718438993053927,0.4877956216302469,0.03716669407612159,0.41234322131945744,0.5632480219410364,0,0,0,141.60334539310836,0.4781
1638,2015559,2.5744591264706442,0.47034099971125415,0.003339447215711236,0.46379566195135175,0.47688633747115655,0.561208088339258,0.0512296695341626,0.45758630093602337,0.6648298757424925,0.561208088339258,0.040630507307217165,0.4787237733260429,0.643692403352473,0,0,0,148.03190337348593,0.4548
1639,2016559,2.575721151902187,0.36407755179293655,0.003556946494021476,0.35710591406566894,0.37104918952020416,0.46195927593821584,0.051454653570598814,0.35788241536732857,0.5660361365091031,0.46195927593821584,0.036310039368827915,0.38824597714047626,0.5356725747359554,0,0,0,104.20745152513291,0.4237
1640,2017559,2.5739383904016715,0.440890277748099,0.0032024458916147434,0.4346134634538608,0.44716709204233723,0.49718122055794806,0.04160431439602717,0.4130285515947492,0.5813338895211468,0.49718122055794806,0.030984189019013255,0.43427997278004205,0.5600824683358541,0,0,0,93.60879731821005,0.4926
1641,2018559,2.5755809806002468,0.3751707139986258,0.002910061526419195,0.3694669749178288,0.38087445307942275,0.45126326281279777,0.03746653659749987,0.3754800394318098,0.5270464861937858,0.45126326281279777,0.02653406348147515,0.3973962501703572,0.5051302754552384,0,0,0,83.13869154934213,0.4467
1642,2019559,2.574135729241763,0.39455309390876037,0.0035592410471648153,0.3875769588427534,0.40152922897476734,0.4573455604395877,0.045828108964431694,0.36464946055477643,0.5500416603243989,0.4573455604395877,0.03977264157274758,0.3766028054552937,0.5380883154238817,0,0,0,124.86883797862708,0.4446
1643,2020559,2.5750497547919076,0.4126245840385378,0.003261927399016215,0.40623118561187815,0.41901798246519745,0.47561284267681014,0.04178979452199376,0.3910850047469714,0.5601406806066489,0.47561284267681014,0.033481632474894274,0.4076415151387631,0.5435841702148572,0,0,0,105.3573087299356,0.3846
1644,2021559,2.575669496082321,0.4709372646857602,0.0033516316436578344,0.4643680453696689,0.47750648400185147,0.5468558541340007,0.0484176525280212,0.44892190799607734,0.6447898002719241,0.5468558541340007,0.03821257740036485,0.4692801977946402,0.6244315104733613,0,0,0,129.9870532793181,0.4923
1645,2022559,2.5741766473069148,0.4392213330280363,0.003222473391605377,0.4329052647065721,0.4455374013495005,0.5022931618940427,0.05151817463353296,0.39808781784592745,0.606498505942158,0.5022931618940427,0.04484967794983602,0.41124347510860604,0.5933428486794794,0,0,0,193.7046193877311,0.4729
1646,2023559,2.574727416718576,0.4187121249155436,0.002862386967880365,0.41310182827238207,0.42432242155870514,0.49740658633971135,0.04598380800661665,0.4043955554160142,0.5904176172634086,0.49740658633971135,0.036439047282015,0.42343138755460363,0.5713817851248191,0,0,0,162.06056001417826,0.4812
1647,2024559,2.57514269630384,0.3560214670551298,0.0033674728884980055,0.3494211987985048,0.36262173531175484,0.42774382316201354,0.050433050052112044,0.32573335075184706,0.52975429557218,0.42774382316201354,0.046129809071634865,0.334095332037013,0.521392314287014,0,0,0,187.65282134255094,0.4724
1648,2025559,2.5735085081133664,0.3972602202130048,0.0030718754086175187,0.39123932489501795,0.4032811155309916,0.4573553521063974,0.0467601236705976,0.36277407453808364,0.5519366296747111,0.4573553521063974,0.03834627944671226,0.37950826618272365,0.5352024380300711,0,0,0,155.82576624204594,0.4583
1649,2026559,2.5751619550798455,0.4117973057796015,0.0031852541866720873,0.405554187336278,0.418040424222925,0.5063499915888108,0.052302999239264215,0.40055718993686146,0.6121427932407602,0.5063499915888108,0.042080492448658906,0.42092205024410967,0.5917779329335119,0,0,0,174.53134543873912,0.4236
1650,2027559,2.575397252847254,0.4645495647388216,0.0032797398107924183,0.45812125387190983,0.47097787560573334,0.541128160361366,0.050151854982659665,0.43968645866493994,0.6425698620577921,0.541128160361366,0.04385810428048485,0.45209147514352344,0.6301648455792086,0,0,0,178.82199209137,0.4228
1651,2028559,2.5752535668623975,0.4264183862193264,0.003201098041998884,0.42014421371889876,0.432692558719754,0.485153570104739,0.04753593143985475,0.3890030732058548,0.5813040670036231,0.485153570104739,0.03991340187838683,0.40412505650798375,0.5661820837014941,0,0,0,155.4674725827332,0.4765
1652,2029559,2.575517323301457,0.3841910468152039,0.0029856593840002672,0.3783391354532386,0.39004295817716916,0.45946636256919626,0.043831988887549155,0.3708077966391984,0.5481249284991941,0.45946636256919626,0.03313865113119152,0.3921913241762422,0.5267414009621504,0,0,0,123.1938800370732,0.3807
1653,2030559,2.5752964624625827,0.42625767656576447,0.004018313712998554,0.41838175615801476,0.43413359697351417,0.5055780734003466,0.061973220461732495,0.38022540308696384,0.6309307437137293,0.5055780734003466,0.060580715173043406,0.3825926832284753,0.6285634635722178,0,0,0,227.29041054404843,0.4472
1654,2031559,2.575305435428008,0.42478190786226155,0.003764411950537632,0.4174036365220948,0.43216017920242833,0.5074447962443053,0.047276053174506665,0.4118199527530556,0.6030696397355549,0.5074447962443053,0.03967791653592726,0.426894343308264,0.5879952491803466,0,0,0,111.09728151477091,0.4132
1655,2032559,2.577457051208771,0.39826538491721075,0.003132424127127949,0.39212581372624844,0.40440495610817306,0.4778435090330524,0.05004619115018111,0.376615532611157,0.5790714854549478,0.4778435090330524,0.040095806212876006,0.39644469495070345,0.5592423231154013,0,0,0,163.8463533111924,0.4567
1656,2033559,2.5753889972410042,0.4153596639791457,0.0032871581063554506,0.40891681320579837,0.42180251475249303,0.4902800579701612,0.043569789060437104,0.4021518412496981,0.5784082746906243,0.4902800579701612,0.03761133627375927,0.41392498600871286,0.5666351299316096,0,0,0,130.91708909214177,0.4892
1657,2034559,2.5753391820724696,0.4389601745710067,0.003762774016164489,0.4315851135926179,0.4463352355493955,0.5121181739527706,0.05470352343096651,0.4014698538149365,0.6227664940906047,0.5121181739527706,0.04259776050599582,0.42564012262383916,0.5985962252817021,0,0,0,128.16140574656714,0.409
1658,2035559,2.5749802539870457,0.4475177920867958,0.003027782144147316,0.44158331984731625,0.4534522643262754,0.5278523383587531,0.04411983428419912,0.438611550158577,0.6170931265589292,0.5278523383587531,0.03556851747556236,0.45564440903550313,0.6000602676820032,0,0,0,138.0010150129929,0.5194
1659,2036559,2.576012912182004,0.3981167377408058,0.0031254564602122125,0.39199082322126727,0.40424265226034434,0.45914052083817986,0.03861132050252633,0.3810417534470906,0.537239288229269,0.45914052083817986,0.03142030857688647,0.3953539032881704,0.5229271383881893,0,0,0,101.06341873406355,0.3747
1660,2037559,2.5764774432322057,0.34406844879614906,0.002823509523835174,0.33853435219032313,0.349602545401975,0.4084630572882846,0.04534611258386355,0.3167418871059391,0.5001842274706301,0.4084630572882846,0.03462124846415224,0.3381781862952841,0.47874792828128504,0,0,0,150.3512127668829,0.4648
1661,2038559,2.574134334345297,0.36709035157515846,0.0036875131421831783,0.35986280238794144,0.3743179007623755,0.47136325475628177,0.049468811228241004,0.3713031394599061,0.5714233700526574,0.47136325475628177,0.039637411886429115,0.39089503063031766,0.5518314788822458,0,0,0,115.54294308597252,0.47
1662,2039559,2.5749954661118397,0.37642574846366805,0.0032351632798831302,0.37008480788055453,0.38276668904678157,0.4339279555788954,0.03479126440550963,0.36355598096927294,0.5042999301885178,0.4339279555788954,0.0291570210101632,0.3747360560620013,0.49311985509578954,0,0,0,81.22577999178723,0.496
1663,2040559,2.573951328016012,0.38851976022696283,0.003253225714902373,0.3821434171564523,0.3948961032974734,0.4480390598391895,0.05552140438351221,0.33573641932497017,0.5603417003534088,0.4480390598391895,0.049498959677553675,0.3475508293576438,0.5485272903207352,0,0,0,231.50679888515887,0.4297
1664,2041559,2.576318499361406,0.4143923279101484,0.0033156290513711344,0.4078936739036808,0.420890981916616,0.49021466091375454,0.047845396836989545,0.39343821116602024,0.5869911106614888,0.49021466091375454,0.035727437156706746,0.41768410748585827,0.5627452143416508,0,0,0,116.11059631212854,0.4393
1665,2042559,2.5727023968323293,0.40746806621300935,0.0030507047479779886,0.40148866552438334,0.41344746690163536,0.5110017543512211,0.04342799528894524,0.42316034260487234,0.5988431660975698,0.5110017543512211,0.035531028102340344,0.4388699325017742,0.583133576200668,0,0,0,135.64856141205019,0.4818
1666,2043559,2.575351175769187,0.42408671825106403,0.0032783062180846627,0.41766121723496774,0.4305122192671603,0.4875390870564129,0.0510148084920608,0.3843518971321073,0.5907262769807184,0.4875390870564129,0.04366729762515247,0.3988897599423235,0.5761884141705023,0,0,0,177.4245030553662,0.4205
1667,2044559,2.5741962480307556,0.4300527454045543,0.003667104559089863,0.42286519716986565,0.43724029363924294,0.533940009014716,0.05208588641921618,0.42858635949250146,0.6392936585369307,0.533940009014716,0.04246538555564859,0.44773069312198627,0.6201493249074458,0,0,0,134.09838791734606,0.4692
1668,2045559,2.5747296518182883,0.439020637338747,0.003291118919243698,0.4325700233469738,0.44547125133052023,0.5356215110388504,0.04390485151518926,0.44681556653351484,0.6244274555441859,0.5356215110388504,0.0324715134180926,0.4697008342064932,0.6015421878712075,0,0,0,97.34595516474394,0.3774
1669,2046559,2.574547407671405,0.4177821310304067,0.0032837871566118826,0.411345887339974,0.42421837472083934,0.47768252907226516,0.050058542858352165,0.3764295689624052,0.5789354891821251,0.47768252907226516,0.0430492984080113,0.3902878070685466,0.5650772510759837,0,0,0,171.86290803452152,0.5493
1670,2047559,2.573201409779381,0.41463248657414425,0.0031429083979602227,0.4084723661457391,0.4207926070025494,0.4710214935480193,0.042600122030003636,0.384854613525473,0.5571883735705656,0.4710214935480193,0.0321541749387022,0.4057450480786115,0.5362979390174272,0,0,0,104.66736566341581,0.47
1671,2048559,2.5734923150855153,0.41769214893105056,0.003153731575881213,0.41151081500515546,0.42387348285694565,0.5066623599192129,0.04370486434094044,0.41826092765535433,0.5950637921830716,0.5066623599192129,0.03545783713847045,0.43467912362579464,0.5786455962126312,0,0,0,126.40813651415483,0.455
1672,2049559,2.5734003047842453,0.42157680897612504,0.0033613517462810732,0.41498853819713577,0.4281650797551143,0.48429658243479623,0.043629990760582923,0.3960465962820774,0.5725465685875151,0.48429658243479623,0.036094330915349346,0.4110211950786541,0.5575719697909384,0,0,0,115.30551204842796,0.5135
1673,2050559,2.5744552244391614,0.36734117514888126,0.003133583167360877,0.3611993322316985,0.37348301806606404,0.4176510310768006,0.04553656000502916,0.32554464462491906,0.5097574175286822,0.4176510310768006,0.03689372776607805,0.3427527818361758,0.49254928031742545,0,0,0,138.61895686653017,0.3909
1674,2051559,2.5762076559693017,0.3753836604753733,0.0033863532041038683,0.3687463866802051,0.3820209342705415,0.4703666392992847,0.049336090689815815,0.37057497663088407,0.5701583019676852,0.4703666392992847,0.039807567688113374,0.38955298053128357,0.5511802980672857,0,0,0,138.18686889055246,0.468
1675,2052559,2.573197869778324,0.392957584073299,0.003631374503328923,0.38584006697491197,0.40007510117168604,0.5022315778443953,0.05913191212357628,0.38262599610762593,0.6218371595811647,0.5022315778443953,0.048348888334010624,0.40407811631542984,0.6003850393733607,0,0,0,177.26822904719268,0.4586
1676,2053559,2.575917025938232,0.3571171202279291,0.0033393761782396793,0.35057192170192225,0.3636623187539359,0.4149053225994775,0.04603627023680637,0.3217881767991307,0.5080224683998243,0.4149053225994775,0.0380358259150226,0.3376884908518403,0.4921221543471147,0,0,0,129.73435964091902,0.4651
1677,2054559,2.5748213882988833,0.36840263981658294,0.0033941575298975725,0.3617500694932745,0.3750552101398914,0.4451728587811343,0.04163763412006808,0.36095279431465976,0.5293929232476088,0.4451728587811343,0.036771642950436924,0.37052245489266145,0.5198232626696071,0,0,0,117.37134438984266,0.3739
1678,2055559,2.5749420751128924,0.4499595037798337,0.003062970745427841,0.4439560616582742,0.45596294590139314,0.47174071408743445,0.046792867431999625,0.377093206010245,0.5663882221646239,0.47174071408743445,0.04366804086906019,0.3830898781079954,0.5603915500668735,0,0,0,203.25522491601157,0.4527
1679,2056559,2.574836029945805,0.47811420474472893,0.0034409475153375454,0.4713699257526789,0.484858483736779,0.5394312850379274,0.04730301435630448,0.4437519074090618,0.635110662666793,0.5394312850379274,0.038863549376042986,0.4605340853296739,0.6183284847461809,0,0,0,127.56420502452993,0.4882
1680,2057559,2.574769106419465,0.41963673842414,0.00324080959696535,0.4132847310236716,0.42598874582460844,0.48606843652690734,0.04431698443299417,0.3964288745108796,0.5757079985429351,0.48606843652690734,0.0344358492940241,0.41615994585907506,0.5559769271947397,0,0,0,112.90536120715738,0.4173
1681,2058559,2.574426829227768,0.36983726619615187,0.003399735790188095,0.3631737624472326,0.37650076994507115,0.4295882255764254,0.05437738265458763,0.31959958742562655,0.5395768637272242,0.4295882255764254,0.04873955889324251,0.3306416606478293,0.5285347905050215,0,0,0,205.52887936307334,0.5165
1682,2059559,2.575333156902747,0.4497229693915329,0.003395698912949601,0.4430673779476493,0.4563785608354165,0.5070756302666704,0.04512773675741251,0.4157961668856429,0.5983550936476978,0.5070756302666704,0.03751369588097323,0.4309187788407344,0.5832324816926063,0,0,0,122.04538322212862,0.4302
1683,2060559,2.5736856834738266,0.4403575040051262,0.0036684204356768617,0.43316737664396665,0.4475476313662857,0.542499760048012,0.05506701540912385,0.43111620798645284,0.6538833121095712,0.542499760048012,0.04969326771788446,0.441617063273268,0.6433824568227561,0,0,0,183.50035282209137,0.4983
1684,2061559,2.572810743315622,0.4272231388146393,0.003559030198960191,0.42024741701245305,0.43419886061682555,0.5361668015085198,0.04394519839815798,0.4472792477293517,0.6250543552876879,0.5361668015085198,0.03582640232800977,0.46343533810174065,0.608898264915299,0,0,0,101.33116861054022,0.4948
1685,2062559,2.575159515552827,0.4025431496624713,0.003141129303491039,0.3963865162705292,0.4086997830544134,0.4764661386241292,0.04784438317383593,0.3796917392036517,0.5732405380446066,0.4764661386241292,0.03768430201562261,0.3999629383316333,0.552969338916625,0,0,0,143.92933630811575,0.4239
1686,2063559,2.5753779184981807,0.3775932165725022,0.003298291841506912,0.3711285436075201,0.3840578895374843,0.405671198302912,0.0498294500469906,0.30488162214243875,0.5064607744633852,0.405671198302912,0.04434196601751119,0.31565222153655526,0.4956901750692687,0,0,0,180.73893901851102,0.4745
1687,2064559,2.5743065254404476,0.44918683311663976,0.0033688623309643595,0.4425838415439529,0.4557898246893266,0.523674050357935,0.04540380338895815,0.4318361895079551,0.6155119112079149,0.523674050357935,0.03490951698255264,0.45280396316026494,0.5945441375556051,0,0,0,107.37944427323535,0.4178
1688,2065559,2.5761813680755794,0.44715076538097515,0.0038929604502147054,0.4395205381647111,0.4547809925972392,0.5326750113307466,0.04968489486269556,0.4321778256289912,0.6331721970325019,0.5326750113307466,0.04047910622709661,0.45049805685062994,0.6148519658108632,0,0,0,108.1189567096429,0.4965
1689,2066559,2.5730792771201116,0.40553508182183234,0.0034347141812919135,0.3988030202041151,0.41226714343954957,0.4609250623421874,0.06379924842394215,0.33187890184991,0.5899712228344648,0.4609250623421874,0.061065198930719135,0.33695611785275015,0.5848940068316246,0,0,0,316.08678998788497,0.3898
1690,2067559,2.575575541270066,0.3866589729961242,0.0030785194802395804,0.38062505525554513,0.3926928907367032,0.4517253397502113,0.04442618876626663,0.36186489112084463,0.5415857883795779,0.4517253397502113,0.037294013936270826,0.3760144663819091,0.5274362131185134,0,0,0,146.75551994376906,0.4678
1691,2068559,2.5753977994615114,0.4758991258138523,0.0032181437867885372,0.46959154354533716,0.48220670808236743,0.5152580360266424,0.04072511671512653,0.4328837122295187,0.5976323598237662,0.5152580360266424,0.037508960715154936,0.4391107974983758,0.5914052745549091,0,0,0,135.84985308993035,0.3881
1692,2069559,2.577223820198652,0.44876533903367444,0.0032593819993782906,0.4423769296064773,0.4551537484608716,0.5261833806745534,0.043247994459173336,0.43870605497218335,0.6136607063769234,0.5261833806745534,0.03480880293342423,0.45551775386650506,0.5968490074826017,0,0,0,114.05324627845872,0.4471
1693,2070559,2.5740990228261684,0.46189170911507654,0.003357837230561714,0.4553103268092266,0.46847309142092647,0.5503132808289007,0.051663623165429245,0.44581373935598617,0.6548128223018153,0.5503132808289007,0.039702146034072336,0.4697136393965776,0.6309129222612239,0,0,0,139.80048713766584,0.3926
1694,2071559,2.5743503926369518,0.4281393778082947,0.003817870661947633,0.42065632705411554,0.43562242856247385,0.5569184434082487,0.04604740186828645,0.46377878175798193,0.6500581050585155,0.5569184434082487,0.028813806414520037,0.498423306563061,0.6154135802534364,0,0,0,56.958539478646195,0.4666
1695,2072559,2.5742631322751226,0.3653135947880976,0.0032454090252387845,0.3589525724789909,0.37167461709720434,0.4295969560732798,0.04893277363952546,0.3306210791403975,0.5285728330061621,0.4295969560732798,0.03792105276282836,0.35261312621186236,0.5065807859346972,0,0,0,136.5280515489068,0.4343
1696,2073559,2.5763578316931217,0.43272832095792085,0.003238315138415697,0.42638120271205826,0.43907543920378345,0.49969505980584467,0.04262238097657588,0.4134831568141771,0.5859069627975122,0.49969505980584467,0.0347983222410097,0.4290507099345606,0.5703394096771287,0,0,0,115.4724527546046,0.4752
1697,2074559,2.573579237858619,0.47362656375632245,0.0030081558718753772,0.46773055913519096,0.47952256837745394,0.5231312520782505,0.038651136401306165,0.4449519494302262,0.6013105547262748,0.5231312520782505,0.033148663793211665,0.45583588690074645,0.5904266172557546,0,0,0,121.43150611461677,0.4317
1698,2075559,2.575942165805845,0.4073725195350047,0.002882205285192712,0.4017233788639957,0.4130216602060137,0.4600233642775792,0.04460581834361963,0.3697995805331306,0.5502471480220278,0.4600233642775792,0.04234537482877071,0.37405768311295934,0.5459890454421992,0,0,0,215.85501466864545,0.3341
1699,2076559,2.573309007369171,0.3851713184583662,0.0031663507368081927,0.37896525089687866,0.3913773860198538,0.4591511904382422,0.03749897703108325,0.3833023500868031,0.5350000307896814,0.4591511904382422,0.031071676550517735,0.3960723335290059,0.5222300473474785,0,0,0,96.29668451320777,0.3846
1700,2077559,2.57570837804551,0.4286425183381225,0.003288589653644665,0.42219686172299303,0.43508817495325197,0.49802798291931444,0.049392691960933495,0.39812183337376156,0.5979341324648673,0.49802798291931444,0.03947620218763306,0.4178870318809871,0.5781689339576418,0,0,0,144.0958114815985,0.3586
1701,2078559,2.5749244730831715,0.3760357951798189,0.0034495508202666766,0.36927465365544687,0.3827969367041909,0.44700252722982337,0.048065968057271535,0.3497799300776033,0.5442251243820435,0.44700252722982337,0.03879759773314163,0.36823921647470503,0.5257658379849417,0,0,0,126.49826721275467,0.473
1702,2079559,2.5748959538318617,0.4197254216232849,0.0032928125775385547,0.41327148805049313,0.4261793551960767,0.48715298612151403,0.034470809917220596,0.4174291918956388,0.5568767803473893,0.48715298612151403,0.028943019768480998,0.4283955322220144,0.5459104400210137,0,0,0,77.25981405342844,0.3496
1703,2080559,2.5749301948657823,0.43409698002291564,0.00398504536097781,0.42628626579649637,0.4419076942493349,0.5272796239855143,0.04912317638629368,0.42791862114559387,0.6266406268254348,0.5272796239855143,0.03993434923423205,0.4462085849955818,0.6083506629754468,0,0,0,100.42149550611933,0.3721
1704,2081559,2.5755548946840006,0.4989304920813989,0.0033837935870803136,0.49229823515185933,0.5055627490109385,0.6113609592194343,0.04944557244347728,0.511347848801993,0.7113740696368757,0.6113609592194343,0.03235365045453276,0.5456795569238471,0.6770423615150216,0,0,0,91.41950221220952,0.3645
1705,2082559,2.5733542677171375,0.489937740582932,0.0032702166254519652,0.48352809521979284,0.49634738594607114,0.5430196384190314,0.046193620127079005,0.4495842224243614,0.6364550544137015,0.5430196384190314,0.03582074299496577,0.4702996640691335,0.6157396127689294,0,0,0,119.98201057828116,0.3364
1706,2083559,2.5741414312669617,0.4255589842456324,0.003680626732552962,0.41834493246504323,0.4327730360262215,0.46288929746511803,0.047796695020222026,0.36621135643994873,0.5595672384902873,0.46288929746511803,0.038243499295038834,0.38525086634222333,0.5405277285880128,0,0,0,107.96219231070918,0.3961
1707,2084559,2.5728933866898647,0.3826811254691609,0.0033842890294843004,0.37604789746936174,0.38931435346896004,0.46361495477957,0.05089680146932938,0.3606664565886438,0.5665634529704962,0.46361495477957,0.03422183497146186,0.39414093628473046,0.5330889732744095,0,0,0,102.25197214382754,0.3574
1708,2085559,2.5735501241278755,0.37917066464238935,0.0034194657119066764,0.37246849012154803,0.3858728391632307,0.43998398139348927,0.051671213433330976,0.3354690871546092,0.5444988756323693,0.43998398139348927,0.04597559627031617,0.3466485588990835,0.533319403887895,0,0,0,180.77494343228418,0.3772
1709,2086559,2.576806315915209,0.43204599654561276,0.0031235777655299556,0.4259237642795877,0.4381682288116378,0.4626449422247724,0.04266842651830393,0.37633990333394335,0.5489499811156016,0.4626449422247724,0.0365144131328094,0.38851674262844765,0.5367731418210973,0,0,0,136.65452107060656,0.3334
1710,2087559,2.5729703656117713,0.40996766304852883,0.0031073869311945505,0.40387716492066933,0.41605816117638833,0.4866371089627923,0.039139120319287464,0.4074707656747433,0.5658034522508413,0.4866371089627923,0.03475337208945769,0.41608401275055007,0.5571902051750345,0,0,0,125.0844233050005,0.4026
1711,2088559,2.5744217218992653,0.40373243601990805,0.003171937592600182,0.3975154181855722,0.4099494538542439,0.49155353213851644,0.04624637739877591,0.39801140448941913,0.5850956597876137,0.49155353213851644,0.0357845525357365,0.41890702832682686,0.564200035950206,0,0,0,127.27465072278898,0.3675
1712,2089559,2.5751267829977214,0.4548479801292998,0.0032099346747227466,0.44855648777259005,0.4611394724860095,0.5273717713724706,0.05539574647423442,0.41532329797037826,0.6394202447745629,0.5273717713724706,0.046675515881903676,0.43261543652544315,0.622128106219498,0,0,0,211.4393743398326,0.4153
1713,2090559,2.574750212301075,0.3868063938511601,0.0032937011348673456,0.3803507187003585,0.3932620690019617,0.45096884627612766,0.04472221241415964,0.36050963330205166,0.5414280592502037,0.45096884627612766,0.039382912616786905,0.3710172831351981,0.5309204094170572,0,0,0,142.97077941732576,0.3474
1714,2091559,2.5737392815436815,0.34493497186381006,0.003809016432862317,0.3374692754548933,0.3524006682727268,0.4098186682952138,0.054326820919993205,0.2999323009058804,0.5197050356845472,0.4098186682952138,0.04240803978923979,0.3237257704975221,0.4959115660929055,0,0,0,123.95689949349187,0.4092
1715,2092559,2.5754886004586544,0.3693899125052541,0.002878476820956218,0.36374807964783734,0.37503174536267087,0.4350407590852004,0.04604208233565694,0.34191185720528217,0.5281696609651186,0.4350407590852004,0.03903040897292729,0.3558048163864074,0.5142767017839934,0,0,0,183.85723760389666,0.3498
1716,2093559,2.575026332971601,0.4623914586051782,0.00376301881799582,0.45501591781364464,0.4697669993967118,0.5220029951911124,0.05089989384477853,0.41904824208044383,0.6249577483017809,0.5220029951911124,0.04251854268259315,0.4356857645935294,0.6083202257886953,0,0,0,127.66856037127047,0.3472
1717,2094559,2.57714251005863,0.3841704332215043,0.0033593478143258484,0.3775860901618792,0.39075477628112937,0.43024947762646426,0.04812328763981833,0.3329109406750865,0.5275880145778421,0.43024947762646426,0.03233438036593136,0.3646071956905248,0.4958917595624037,0,0,0,92.64439357371272,0.3646
1718,2095559,2.5753381365807724,0.39416511635550133,0.0034604298336344324,0.3873826518958089,0.40094758081519377,0.4204442659632275,0.043304306185110324,0.3328530390441131,0.5080354928823418,0.4204442659632275,0.03811065210237638,0.34307552897940263,0.49781300294705233,0,0,0,121.29214173539009,0.3725
1719,2096559,2.575139322845032,0.40320500462926473,0.0034831424460104892,0.39637802330501115,0.4100319859535183,0.43995753670957277,0.03911532919032077,0.3608393155220621,0.5190757578970835,0.43995753670957277,0.031030770800087596,0.37696172288859575,0.5029533505305498,0,0,0,79.36749179324323,0.3613
1720,2097559,2.574075641085073,0.4292461941662502,0.0034523840509027514,0.4224794994918306,0.4360128888406698,0.49663953218493057,0.05131228107855022,0.39285064716097295,0.6004284172088882,0.49663953218493057,0.038630805336195534,0.41821482799722437,0.5750642363726368,0,0,0,125.20720494586243,0.3912
1721,2098559,2.573926999086138,0.43349302345568613,0.003084423809900841,0.427447533191458,0.43953851371991426,0.4866253978370317,0.044530921479712854,0.39655310729914656,0.5766976883749169,0.4866253978370317,0.03045974566027236,0.4247888266796238,0.5484619689944396,0,0,0,97.52241588918974,0.348
1722,2099559,2.5742452869459638,0.4030917723444697,0.0035707638843598,0.39609305244435045,0.41009049224458893,0.48453189154541265,0.043332804370552425,0.39688302160536704,0.5721807614854583,0.48453189154541265,0.035514766761408745,0.412433081973115,0.5566307011177103,0,0,0,98.92263282304323,0.3232
1723,2100559,2.573731783400372,0.46180402145708294,0.003950742163993556,0.45406054171469745,0.4695475011994684,0.543087547853367,0.05237777092239306,0.4371435061968771,0.6490315895098568,0.543087547853367,0.03926043135281029,0.4633846348974985,0.6227904608092355,0,0,0,98.7535596256139,0.394
1724,2101559,2.5746199464886432,0.4124931229400793,0.004193149685805754,0.40427452291481075,0.4207117229653478,0.54449279911913,0.054220898293589906,0.434820680464449,0.6541649177738109,0.54449279911913,0.04049077722562669,0.4622921512523668,0.6266934469858931,0,0,0,93.24627558851843,0.3518
1725,2102559,2.577469530965077,0.42174625540770044,0.0033639379081413004,0.415152915735034,0.4283395950803669,0.4940793292200332,0.05130574576447427,0.39030366311651665,0.5978549953235498,0.4940793292200332,0.03562271249928693,0.42176137814944825,0.5663972802906182,0,0,0,112.13934879125722,0.3536
1726,2103559,2.574577808591539,0.4386871866626834,0.0039188583113271116,0.4310061994740976,0.44636817385126926,0.5198388117272762,0.05677514462298746,0.4050002422145855,0.6346773812399669,0.5198388117272762,0.042707666153939006,0.4331376400710958,0.6065399833834566,0,0,0,118.76611632648894,0.3723
1727,2104559,2.575832263332023,0.49369458474592376,0.003808662203171096,0.4862295826294524,0.5011595868623951,0.5512016464518588,0.048498513872444124,0.4531041428067892,0.6492991500969284,0.5512016464518588,0.04053566488513692,0.4689098717916433,0.6334934211120742,0,0,0,113.27385730299076,0.3518
1728,2105559,2.5756974066394576,0.44153753622981373,0.0034362623329941104,0.43480244022492404,0.4482726322347034,0.4967400071204702,0.044555674217009886,0.4066176494456083,0.586862364795332,0.4967400071204702,0.036874685658600144,0.4218804154132068,0.5715995988277335,0,0,0,115.15532636378633,0.3636
1729,2106559,2.575435563854735,0.4544820739004225,0.0031151732402534002,0.4483763145573375,0.4605878332435075,0.5017588630506771,0.04282561602053964,0.41513587838095073,0.5883818477204035,0.5017588630506771,0.033250231222244554,0.43425730503024135,0.5692604210711129,0,0,0,113.92654643154592,0.3229
1730,2107559,2.5764910579263045,0.4026815561776362,0.0031368206713591946,0.3965333677320473,0.4088297446232251,0.4553773594509766,0.045621897327309445,0.3630983619721785,0.5476563569297748,0.4553773594509766,0.03523155444729457,0.3838535014429403,0.526901217459013,0,0,0,126.14912067209089,0.3615
1731,2108559,2.575417053648594,0.43526811349969,0.0029301677279695375,0.42952496613611,0.44101126086327,0.5042893636590295,0.04205463384006457,0.4192258376452603,0.5893528896727989,0.5042893636590295,0.028690681021571404,0.4460441846502358,0.5625345426678233,0,0,0,95.87309607216505,0.3613
1732,2109559,2.574527004151864,0.4265020286858873,0.0038380775085018553,0.4189793723840781,0.43402468498769653,0.5224919966922701,0.06432107710680483,0.3923903380613516,0.6525936553231886,0.5224919966922701,0.046993361432563725,0.4270904010728886,0.6178935923116515,0,0,0,149.91515585351996,0.3718
1733,2110559,2.5764916901310295,0.3528636057384094,0.0038474606181484582,0.3453225584820775,0.36040465299474134,0.4092598245388312,0.055874064587213265,0.2962438614327274,0.522275787644935,0.4092598245388312,0.05291830502372174,0.30182995396060375,0.5166896951170586,0,0,0,189.1748874158294,0.3636
1734,2111559,2.575222025937266,0.3425083143686626,0.0030517209227329785,0.33652692197106054,0.3484897067662646,0.4162842482612093,0.04719517087115128,0.3208230046705482,0.5117454918518703,0.4162842482612093,0.039861420129478124,0.33536126322503795,0.49720723329738065,0,0,0,170.61448663526335,0.369
1735,2112559,2.575078301226777,0.3426106591439007,0.003496294035800761,0.3357579006200998,0.3494634176677016,0.4491424455264673,0.05308299611025217,0.3417719512859136,0.5565129397670211,0.4491424455264673,0.04313023691174372,0.3615834096246208,0.5367014814283138,0,0,0,152.1765691808655,0.344
1736,2113559,2.5758202455662844,0.3881570627793624,0.0038537731772906015,0.38060364286700515,0.39571048269171966,0.4591552876316192,0.053914037298996846,0.35010385392441506,0.5682067213388233,0.4591552876316192,0.04210310808068753,0.3736814341130344,0.544629141150204,0,0,0,119.35923167321927,0.3555
1737,2114559,2.5766741067958026,0.35585346303563536,0.0031929018124378238,0.349595355197222,0.3621115708740487,0.4460065090772695,0.03889768821629207,0.3673285083117547,0.5246845098427844,0.4460065090772695,0.03180687185238709,0.3814351263568958,0.5105778917976432,0,0,0,99.23635213105318,0.3761
1738,2115559,2.575523496071075,0.39810672066422975,0.0029421720444414564,0.3923400447640956,0.4038733965643639,0.46818748341886035,0.043261053158229146,0.3806837440044826,0.555691222833238,0.46818748341886035,0.03459555963772399,0.39795476351605935,0.5384202033216614,0,0,0,138.26255927000818,0.321
1739,2116559,2.575429546346172,0.4544623305692091,0.003115147059119407,0.44835662254131303,0.46056803859710516,0.48196008868573426,0.04069318868068712,0.3996503454339657,0.5642698319375028,0.48196008868573426,0.036346529888954635,0.40817271019377943,0.5557474671776891,0,0,0,136.134688041926,0.3426
1740,2117559,2.5771102959961003,0.40921406791395193,0.0034536574845072544,0.40244487730157674,0.4159832585263271,0.472521903379548,0.04377417017262593,0.3839802868392336,0.5610635199198625,0.472521903379548,0.03866935503297765,0.39401893914677283,0.5510248676123233,0,0,0,125.36471808366632,0.3979
1741,2118559,2.574211877333578,0.3645433995864118,0.003055643044682008,0.35855431980487057,0.370532479367953,0.44752796306986725,0.04074516965362883,0.36511307837611484,0.5299428477636197,0.44752796306986725,0.033247518618284025,0.380031911928238,0.5150240142114966,0,0,0,118.38951385669337,0.3743
1742,2119559,2.5763282102735636,0.4632352337145845,0.0037997386200874957,0.45578772187765276,0.4706827455515163,0.5933216882254645,0.054249038468092,0.48359265069532986,0.7030507257555991,0.5933216882254645,0.04689826843634455,0.4981131416516286,0.6885302347993003,0,0,0,152.33727063563734,0.3723
1743,2120559,2.576453347793355,0.41486054320214255,0.0030525247195692467,0.4088775753576345,0.4208435110466506,0.47744267538277013,0.04230568549956929,0.3918713494568605,0.5630140013086797,0.47744267538277013,0.03632041003556757,0.4037083230122611,0.5511770277532791,0,0,0,141.57387082666935,0.3784
1744,2121559,2.57360635451446,0.42411617146261515,0.002837811071145943,0.41855404373319555,0.42967829919203476,0.4784340715584781,0.03842471022463063,0.40071275908207404,0.5561553840348822,0.4784340715584781,0.025865966887757493,0.4259233671077808,0.5309447760091754,0,0,0,83.07885017184762,0.3778
1745,2122559,2.575249957171684,0.4604726091667012,0.003788789566932196,0.4530465575435184,0.46789866078988396,0.5632524774709626,0.0491835517135703,0.46376935400476554,0.6627356009371597,0.5632524774709626,0.041898282928433436,0.4781944411178739,0.6483105138240514,0,0,0,122.29015082179987,0.3922
1746,2123559,2.5746171554033044,0.4199972745540504,0.003136662466150658,0.4138493961916754,0.4261451529164254,0.47670159809869816,0.03858773740864137,0.39865053201747647,0.5547526641799199,0.47670159809869816,0.03224032707576261,0.4112502544928083,0.542152941704588,0,0,0,105.64849234787444,0.4365
1747,2124559,2.5752488129032187,0.4464980768413157,0.0035706347417527196,0.4394996100615268,0.4534965436211046,0.5152604029040302,0.05843679553506125,0.3970608271792171,0.6334599786288433,0.5152604029040302,0.05246112118600888,0.40875866485941154,0.6217621409486488,0,0,0,215.86601952213417,0.3273
1748,2125559,2.576733085346334,0.4400739248680699,0.0030744942816769735,0.43404789654224757,0.44609995319389223,0.4910655058221709,0.040444519539210105,0.40925874338496127,0.5728722682593805,0.4910655058221709,0.03386950098742805,0.4223067633417104,0.5598242483026314,0,0,0,121.35850474186233,0.348
1749,2126559,2.575058673629514,0.48990171679082417,0.00328998418104017,0.4834533268931394,0.49635010668850893,0.561612998966809,0.0377051739376759,0.4853470860046653,0.6378789119289527,0.561612998966809,0.032409810544716526,0.4958175856268885,0.6274084123067296,0,0,0,97.04325723450701,0.3543
1750,2127559,2.5737809054595124,0.4955596579071944,0.0037954170240925987,0.48812061642586985,0.502998699388519,0.5811080134288051,0.049922769576702594,0.4801296807029214,0.6820863461546889,0.5811080134288051,0.04253044025892316,0.4947666294671877,0.6674493973904226,0,0,0,125.56851385170606,0.3439
1751,2128559,2.574486958897059,0.4121470706463091,0.003181299453685404,0.40591170350476585,0.4183824377878524,0.5096404474324885,0.04410485278961914,0.4204299621653679,0.5988509326996091,0.5096404474324885,0.03756356876315675,0.43338234867302705,0.5858985461919499,0,0,0,139.41984335674184,0.3826
1752,2129559,2.574717218350839,0.3488059586968239,0.0031078593985040125,0.34271453453003603,0.3548973828636118,0.40213745770140313,0.03465660587397813,0.3320378556808149,0.47223705972199137,0.40213745770140313,0.02823927643917626,0.3448086787141783,0.45946623668862796,0,0,0,82.56279828362526,0.3109
1753,2130559,2.5785713536631336,0.3997113820650316,0.0035635315240523852,0.39272683763706556,0.40669592649299763,0.4884896080581874,0.04611875275786698,0.3952056256114296,0.5817735905049453,0.4884896080581874,0.03690186436058188,0.4135748406525514,0.5634043754638235,0,0,0,107.23471608701222,0.4003
1754,2131559,2.5746818471351975,0.4199895252454948,0.0039082796580150745,0.4123292722846118,0.42764977820637784,0.4736985755100311,0.06497282444334652,0.34227863345933157,0.6051185175607305,0.4736985755100311,0.05873135441266403,0.3544675872800011,0.5929295637400611,0,0,0,225.82330967047858,0.3423
1755,2132559,2.574510878938635,0.4362010500686918,0.002950229256364192,0.4304185819819978,0.44198351815538583,0.5173695656758508,0.043439961159622995,0.4295039506715318,0.6052351806801698,0.5173695656758508,0.034783462629121735,0.44675538242047125,0.5879837489312303,0,0,0,139.00617565848987,0.3803
1756,2133559,2.574281720470235,0.40507604718241463,0.0035609162117678445,0.3980966287831426,0.41205546558168665,0.5029755564636508,0.05845221365684086,0.38474479464391004,0.6212063182833916,0.5029755564636508,0.04496460571805838,0.4116925539047698,0.5942585590225318,0,0,0,159.44763038366892,0.3329
1757,2134559,2.5751110674428133,0.4044447057466922,0.0035765270156034932,0.3974346900727194,0.411454721420665,0.45877978393851554,0.0495342315483004,0.35858734355476984,0.5589722243222612,0.45877978393851554,0.042277416382689455,0.37295206575407674,0.5446075021229543,0,0,0,139.73135122145183,0.3757
1758,2135559,2.5763519336366105,0.4340921143923488,0.0033960747413281987,0.4274357863224553,0.44074844246224226,0.49696666790657934,0.04409275234483051,0.4077806580992611,0.5861526777138976,0.49696666790657934,0.038884257894749086,0.41802742767031825,0.5759059081428404,0,0,0,131.0971197966369,0.3654
1759,2136559,2.5748201505581703,0.3519393556627475,0.003053699538184779,0.34595408516628884,0.3579246261592061,0.43294294507889786,0.04380065782950355,0.344347752195524,0.5215381379622717,0.43294294507889786,0.036018690732017834,0.3598211154586313,0.5060647746991644,0,0,0,139.1243786732895,0.3641
1760,2137559,2.5748367827003062,0.41750276715343276,0.002733036262500951,0.41214599871464186,0.42285953559222367,0.49412493142995867,0.0433528376096014,0.4064355404391897,0.5818143224207276,0.49412493142995867,0.03348909556256399,0.42613845301846415,0.5621114098414532,0,0,0,150.1467891631149,0.4001
1761,2138559,2.575079756655918,0.4549510725749802,0.002954132501127928,0.44916095410375007,0.4607411910462103,0.49463640020578653,0.04857821409770212,0.3963776876387627,0.5928951127728104,0.49463640020578653,0.042254037406420863,0.408856143866425,0.5804166565451481,0,0,0,204.58626953966743,0.3636
1762,2139559,2.5737398546847703,0.4568813298075111,0.0032008984531232154,0.4506075485025479,0.4631551111124743,0.5198469674301986,0.050531413265619954,0.41763753664120407,0.6220563982191932,0.5198469674301986,0.04407754556006043,0.4303647927309043,0.6093291421294931,0,0,0,189.6229998362216,0.3668
1763,2140559,2.57418710838685,0.3903393484386735,0.003226053433931861,0.38401626321150373,0.3966624336658433,0.46666260831223455,0.04489848544379938,0.3758468494816589,0.5574783671428102,0.46666260831223455,0.03873430961021736,0.38802777927722887,0.5452974373472402,0,0,0,144.1612456902697,0.3438
1764,2141559,2.5749353214200035,0.5101263682653526,0.003239736877532657,0.5037764634017878,0.5164762731289174,0.5555177456555351,0.03974809607117829,0.475119632643614,0.6359158586674563,0.5555177456555351,0.03708933774807739,0.4802223870396085,0.6308131042714618,0,0,0,131.06256969217267,0.3712
1765,2142559,2.573913074804606,0.3931183539639875,0.0032114254551482476,0.38682393966817213,0.3994127682598028,0.47106638118955046,0.047617385068374984,0.37475112877585437,0.5673816336032466,0.47106638118955046,0.03937510011498161,0.3911306782704753,0.5510020841086256,0,0,0,150.33069011480478,0.355
1766,2143559,2.574984467190115,0.39465527361007613,0.003052285420012074,0.3886727747942206,0.4006377724259317,0.4716681086557112,0.047671102457793026,0.3752442025661911,0.5680920147452312,0.4716681086557112,0.0373880992068707,0.39576623203363265,0.5475699852777898,0,0,0,150.04325893240033,0.3531
1767,2144559,2.5751033407723902,0.4489687776885849,0.0034178973502043473,0.44226967716664467,0.4556678782105251,0.5263033897738102,0.05117948281792974,0.4227831145858063,0.6298236649618141,0.5263033897738102,0.03790769384055283,0.4493466799664172,0.6032600995812032,0,0,0,123.00894621091834,0.3665
1768,2145559,2.575475982132376,0.42585003562210755,0.0030334379582845597,0.41990447795098484,0.43179559329323025,0.48668561839840807,0.04169328938691225,0.4023529805290356,0.5710182562677805,0.48668561839840807,0.03362177522214734,0.41842978595807584,0.5549414508387402,0,0,0,122.84883628756548,0.3807
1769,2146559,2.575567406142944,0.44931321117658224,0.003224581253775542,0.4429930114318723,0.45563341092129217,0.5525851089627668,0.040377687178329756,0.4709135277350745,0.6342566901904592,0.5525851089627668,0.030380142224522597,0.4909101413713905,0.6142600765541432,0,0,0,88.76320103017217,0.3463
1770,2147559,2.574520621212985,0.4659371020591465,0.0031035414932964072,0.45985414101399924,0.4720200631042938,0.5431320709874307,0.046779928526631195,0.4485107343166451,0.6377534076582162,0.5431320709874307,0.03461719298035754,0.4728554330642347,0.6134087089106266,0,0,0,124.41380887252294,0.4112
1771,2148559,2.5762841892486765,0.4446012930043593,0.0032868283386725482,0.43815908857776564,0.45104349743095296,0.5129964479323507,0.0437778908091109,0.4244473056944013,0.6015455901703001,0.5129964479323507,0.03292744119653789,0.4461501885022622,0.5798427073624391,0,0,0,100.36029290945747,0.3852
1772,2149559,2.5766213215614595,0.40643823350446295,0.0034937503378688443,0.39959046064476994,0.41328600636415597,0.4761868950381565,0.049343355163268224,0.3763805385852648,0.5759932514910481,0.4761868950381565,0.034655574938664516,0.4058323375970998,0.5465414524792132,0,0,0,98.39261022648304,0.372
1773,2150559,2.5745949092493854,0.453324166540113,0.0035567100408458465,0.4463529922625719,0.46029534081765405,0.5822501947756429,0.05289129427595536,0.4752674540946757,0.68923293545661,0.5822501947756429,0.0450107715160968,0.4908734706641501,0.6736269188871357,0,0,0,160.15333704037533,0.3646
1774,2151559,2.5753541444036916,0.35599204148380204,0.0032208064328765936,0.34967924041203724,0.36230484255556683,0.4493401721104523,0.045699863557734144,0.3569034730453046,0.5417768711756,0.4493401721104523,0.031963015926172796,0.38445180006793694,0.5142285441529677,0,0,0,98.48412993695135,0.3563
1775,2152559,2.573650714035175,0.39301196283331347,0.003290499996648331,0.3865625619337595,0.39946136373286745,0.47735688630567125,0.05139393334359667,0.3734028439866038,0.5813109286247388,0.47735688630567125,0.03576784308938325,0.40474430447350007,0.5499694681378424,0,0,0,118.15761437738733,0.3342
1776,2153559,2.574312259372679,0.42702843548260216,0.0033655713067061665,0.4204318943383708,0.4336249766268335,0.4972327707794752,0.05201448282934157,0.39202354865015804,0.6024419929087924,0.4972327707794752,0.03755122391182816,0.420999733400569,0.5734658081583814,0,0,0,124.48889163954009,0.3575
1777,2154559,2.573543886598159,0.44962619931249787,0.0035259998867575885,0.4427152171320861,0.4565371814929096,0.5255178400689626,0.04964817105056074,0.42509493528856146,0.6259407448493638,0.5255178400689626,0.0432079150458835,0.4378011091711473,0.6132345709667779,0,0,0,150.162687624935,0.3322
1778,2155559,2.5766643119004273,0.42389134196155764,0.0030308190159428557,0.4179509174340641,0.4298317664890512,0.4991080996654791,0.049053971526065374,0.3998870768679649,0.5983291224629933,0.4991080996654791,0.03776931353064393,0.42243231682234594,0.5757838825086122,0,0,0,155.29525137279362,0.3857
1779,2156559,2.5767640372502814,0.36992150433759113,0.003209121205628828,0.3636316063854738,0.37621140228970845,0.4360048415051622,0.0409934535016273,0.3530877553264715,0.5189219276838529,0.4360048415051622,0.03388894257955626,0.36720663049438446,0.50480305251594,0,0,0,111.51769783494386,0.3317
1780,2157559,2.575973934579841,0.3762072497562968,0.0031779692169170517,0.3699784098999781,0.38243608961261555,0.4584930248987201,0.0399703331416871,0.3776453949821852,0.5393406548152551,0.4584930248987201,0.028622049857345917,0.4003871745605456,0.5165988752368946,0,0,0,81.11517238887271,0.3363
1781,2158559,2.574863423801256,0.4197763976537411,0.003453252229442869,0.4130080013438669,0.4265447939636153,0.5068829473759735,0.04488023672788443,0.41610410005738135,0.5976617946945657,0.5068829473759735,0.0367374470318188,0.43230196489300116,0.5814639298589459,0,0,0,113.17782512696152,0.341
1782,2159559,2.57420415992101,0.44638126290178004,0.003844748119073687,0.43884553216086847,0.4539169936426916,0.5392401404441436,0.06058750402059984,0.4166903461939856,0.6617899346943016,0.5392401404441436,0.05208152739913741,0.4335090187557673,0.6449712621325199,0,0,0,183.49812814256325,0.3831
1783,2160559,2.574175801902207,0.38985256639822935,0.0032605977237784335,0.3834617741434838,0.3962433586529749,0.4797988431199424,0.04787448498833474,0.38296355703260154,0.5766341292072833,0.4797988431199424,0.03800147450724984,0.40265174843757123,0.5569459378023136,0,0,0,135.83336331592415,0.3708
1784,2161559,2.5747884073312677,0.40648621401217944,0.003574838250668778,0.3994795083282082,0.41349291969615065,0.48084133280648783,0.058446562324651744,0.3626220018850521,0.5990606637279235,0.48084133280648783,0.048251683195466966,0.38288520819994654,0.5787974574130291,0,0,0,182.18480117818527,0.3613
1785,2162559,2.5782763752570075,0.40979925524853483,0.003333815519583817,0.40326495564882303,0.41633355484824663,0.4855462315748663,0.048701904662996086,0.38703733122452816,0.5840551319252044,0.4855462315748663,0.035464453792921666,0.4135495627587881,0.5575429003909446,0,0,0,113.16273177875968,0.3921
1786,2163559,2.5751232313970833,0.39361804076187007,0.0030980556442241967,0.3875458320157586,0.39969024950798154,0.46021374815586963,0.044092410104329786,0.37102843059530466,0.5493990657164346,0.46021374815586963,0.035456061227089684,0.3882341171542253,0.532193379157514,0,0,0,130.9792651792096,0.3689
1787,2164559,2.57527988056907,0.40693746959968197,0.0034183105991944483,0.4002375591070956,0.41363738009226836,0.4768154454510042,0.04654696982419356,0.38266531223238276,0.5709655786696256,0.4768154454510042,0.038453933722683416,0.39874980972817137,0.5548810811738369,0,0,0,126.54893762252846,0.3487
1788,2165559,2.5745989776323426,0.4483068723708619,0.0034219113288280305,0.44159990442531655,0.4550138403164073,0.5031950072417002,0.0461906824456283,0.4097655332686264,0.596624481214774,0.5031950072417002,0.040156074670335905,0.4216738416860385,0.5847161727973619,0,0,0,137.70984932332982,0.3895
1789,2166559,2.574886047278734,0.4081232753530004,0.0035231588307147255,0.40121786166048323,0.4150286890455176,0.46341116326590803,0.050342551301621165,0.3615837418566341,0.565238584675182,0.46341116326590803,0.04474291470978573,0.37257821738054314,0.5542441091512729,0,0,0,161.28133119610044,0.3848
1790,2167559,2.5744990471213787,0.42438227292946984,0.0032020145522639186,0.41810630406309973,0.43065824179583995,0.49396771121032523,0.04507870632451501,0.40278742124072503,0.5851480011799254,0.49396771121032523,0.033622406400602836,0.4257105974096064,0.5622248250110441,0,0,0,110.25822173941626,0.3408
1791,2168559,2.575056427617978,0.3755416907650765,0.0030511685120584446,0.3695613810959063,0.38152200043424667,0.4255927832104179,0.038636135810003316,0.347443822122217,0.5037417442986187,0.4255927832104179,0.03212394158248382,0.3603777147171666,0.49080785170366914,0,0,0,110.84733782221703,0.3802
1792,2169559,2.575634006113165,0.40985230194764943,0.003053578835085762,0.40386726803003176,0.4158373358652671,0.44042755380711174,0.0457276762745515,0.347934598212196,0.5329205094020275,0.44042755380711174,0.041829019952715304,0.35551012877016264,0.5253449788440608,0,0,0,187.64504678368465,0.3745
1793,2170559,2.577046942570664,0.3427244364154426,0.0030301082917828658,0.3367854049118182,0.348663467919067,0.4252581102890456,0.03753619137781694,0.3493339968163731,0.5011822237617181,0.4252581102890456,0.02782793859383009,0.36876439152284746,0.4817518290552437,0,0,0,84.34236467748599,0.345
1794,2171559,2.5752452933236434,0.44874010564872413,0.0032670876454776896,0.4423365931062145,0.4551436181912338,0.5221392983741403,0.048729067705914876,0.42357545558352977,0.6207031411647509,0.5221392983741403,0.03850065066661183,0.4439788222130548,0.6002997745352259,0,0,0,138.87196084627467,0.3547
1795,2172559,2.5745184379763244,0.4106015152236402,0.0032765919858836665,0.4041793741135492,0.4170236563337312,0.47894615851932437,0.04569413136598156,0.3865210539063865,0.5713712631322623,0.47894615851932437,0.03767551649362708,0.40246079378468547,0.5554315232539633,0,0,0,132.21286007889324,0.3552
1796,2173559,2.5746141116280894,0.40900203645813993,0.0035045894607572087,0.4021330188487196,0.41587105406756025,0.49582638106687144,0.059707262330174316,0.37505704369137494,0.6165957184423679,0.49582638106687144,0.05113328834730704,0.3920202869954926,0.5996324751382504,0,0,0,212.87915832661392,0.3697
1797,2174559,2.5755566135673615,0.41576174256945597,0.0028303868887320713,0.4102141662847369,0.42130931885417505,0.4154538525449174,0.03855345101798372,0.3374721372347597,0.4934355678550751,0.4154538525449174,0.034357006873106936,0.3457054205008715,0.4852022845889633,0,0,0,147.3462325517852,0.3767
1798,2175559,2.5753127406247334,0.35834353507219874,0.003467804581327239,0.3515466160601731,0.36514045408422435,0.42266493582007747,0.051679130431633385,0.3181340279406172,0.5271958436995378,0.42266493582007747,0.04672347032107667,0.32781124828589014,0.5175186233542648,0,0,0,181.5352433920609,0.3418
1799,2176559,2.5736272710658774,0.40934945033214415,0.003778746126355664,0.4019430839163022,0.4167558167479861,0.4861601970622243,0.05077714640746754,0.3834537240784625,0.5888666700459861,0.4861601970622243,0.04297499151196824,0.3989163260772864,0.5734040680471622,0,0,0,129.34098654470856,0.4221
1800,2177559,2.575762335123739,0.39898540939886606,0.0032515506114244286,0.39261234954181506,0.40535846925591706,0.4796352017865533,0.04392267040804036,0.39079321516844273,0.5684771884046638,0.4796352017865533,0.03392547279564677,0.4107628304944695,0.5485075730786371,0,0,0,108.86061437482478,0.3482
1801,2178559,2.575517960037593,0.3891618137723556,0.0031885210521589787,0.38291229225192186,0.3954113352927893,0.43614150944386354,0.04048526764332708,0.3542523261864478,0.5180306927012792,0.43614150944386354,0.03195465213457373,0.3712701168009837,0.5010129020867434,0,0,0,100.43604686309821,0.404
1802,2179559,2.57833331418557,0.39952898774620194,0.003377591386021337,0.39290888717014355,0.4061490883222603,0.4684650517314371,0.052403605529263333,0.362468754650208,0.5744613488126662,0.4684650517314371,0.044362479259425235,0.37840443087003656,0.5585256725928377,0,0,0,172.51124199413528,0.3418
1803,2180559,2.573867598442475,0.403845211221236,0.003584896686713601,0.39681879093871086,0.41087163150376116,0.4366791629258615,0.045476301093365576,0.34469466162745316,0.5286636642242699,0.4366791629258615,0.040735544425768495,0.35398161122551486,0.5193767146262082,0,0,0,129.1200725779452,0.3618
1804,2181559,2.5721741746525315,0.37678219966985327,0.003537043167140019,0.36984957258972867,0.38371482674997787,0.4622253954803906,0.04438365450793757,0.37245098050913666,0.5519998104516446,0.4622253954803906,0.03931573322190623,0.3824102137616234,0.5420405771991578,0,0,0,123.55264260979492,0.3362
1805,2182559,2.57443770413455,0.4951971566652961,0.0030564666999590437,0.4892064625141788,0.5011878508164134,0.539104579879031,0.04044510953368603,0.4572966240653521,0.62091253569271,0.539104579879031,0.03241535477410894,0.4732979111550649,0.6049112486029972,0,0,0,112.47661073340105,0.3693
1806,2183559,2.574362589683442,0.475953857924851,0.003938575495272366,0.46823422493045974,0.4836734909192423,0.5657938677996894,0.05049071341552256,0.4636667602279337,0.6679209753714451,0.5657938677996894,0.041287178201495765,0.4819764399977482,0.6496112956016307,0,0,0,109.88845173882001,0.3388
1807,2184559,2.575030936007474,0.415759224074853,0.0034697414626456403,0.4089585087631374,0.4225599393865686,0.5031342199584089,0.04993739193599199,0.40212631071916094,0.6041421291976569,0.5031342199584089,0.04129821730936628,0.4192943815760589,0.5869740583407589,0,0,0,141.66689609439072,0.3871
1808,2185559,2.574458526392806,0.46504813560259256,0.0028241038848851037,0.4595128740453325,0.47058339715985265,0.5223159859105341,0.037330614567658876,0.44680769078513843,0.5978242810359297,0.5223159859105341,0.030929734990828035,0.45952528568697204,0.5851066861340961,0,0,0,119.94746154911937,0.3179
1809,2186559,2.5755172655155154,0.43822233907027686,0.0034724707085214733,0.4314162744193044,0.4450284037212493,0.5051849111948472,0.043184526463282025,0.41783596163147946,0.5925338607582149,0.5051849111948472,0.02989200634246527,0.44450091212769893,0.5658689102619955,0,0,0,74.10251525701095,0.3696
1810,2187559,2.5769368864050737,0.467556474500096,0.0031018150162464043,0.4614768973609359,0.47363605163925615,0.5601852467885229,0.03891366024513325,0.4814749395452964,0.6388955540317494,0.5601852467885229,0.0299995196256002,0.4992829841528902,0.6210875094241556,0,0,0,93.53988094874785,0.3245
1811,2188559,2.5743244551596596,0.3799237687913187,0.003284316035957783,0.37348648849400784,0.3863610490886295,0.46880850090151555,0.047103881560202884,0.3735319073712062,0.564085094431825,0.46880850090151555,0.035385717108494086,0.3969716760527379,0.5406453257502932,0,0,0,116.08233111818495,0.3429
1812,2189559,2.574066587051287,0.4309076751837194,0.003670500759878308,0.4237134703739077,0.4381018799935311,0.520324720444035,0.05616166127513809,0.40672703812863303,0.633922402759437,0.520324720444035,0.04490528947509305,0.42916213626027194,0.6114873046277981,0,0,0,149.67331032652658,0.3685
1813,2190559,2.5752506897769107,0.44067095829031216,0.0031533489682062086,0.43449037427789095,0.4468515423027334,0.4813089191515055,0.03284357183731604,0.41487652461459124,0.5477413136884197,0.4813089191515055,0.02922567028529871,0.4219776541968901,0.5406401841061208,0,0,0,85.8983636809327,0.3403
1814,2191559,2.574297962531787,0.4064281451274553,0.0032499568234238777,0.40005820910501144,0.41279808114989913,0.473990489209563,0.04735609038453268,0.3782037551803286,0.5697772232387974,0.473990489209563,0.03820339711470012,0.39643346984091404,0.551547508578212,0,0,0,138.18114377015385,0.3532
1815,2192559,2.5711839366585414,0.3798577572656807,0.0038871990410378754,0.37223882244800827,0.38747669208335317,0.4515403219867135,0.056144647150258686,0.3379770539872175,0.5651035899862096,0.4515403219867135,0.03935037860542418,0.3716548064001892,0.5314258375732378,0,0,0,102.47649731303255,0.4072
1816,2193559,2.5749820826385204,0.4130656878863947,0.003505982052442515,0.40619394078842336,0.41993743498436603,0.4749504889656414,0.04498318929703657,0.38396340042023075,0.565937577511052,0.4749504889656414,0.036812763177027544,0.40021660657915553,0.5496843713521273,0,0,0,110.24971025369966,0.3379
1817,2194559,2.575093097357067,0.401444257195149,0.0032863080784745003,0.39500307248184896,0.407885441908449,0.48195090556656095,0.04722417946802279,0.38643098655040486,0.577470824582717,0.48195090556656095,0.036098799388509115,0.40866644672763,0.5552353644054919,0,0,0,120.66156865334733,0.4097
1818,2195559,2.575860340186137,0.4422978065913305,0.003175093357362556,0.4360746034380103,0.4485210097446507,0.4880004396096936,0.03290922610931548,0.42143524677294447,0.5545656324464427,0.4880004396096936,0.027643266131625127,0.4318816258731472,0.5441192533462399,0,0,0,75.79939006018782,0.3356
1819,2196559,2.5763669688671342,0.4832104436798238,0.003106845626592319,0.47712100651242384,0.48929988084722376,0.5443448067879025,0.04936676682810921,0.4444910957731141,0.644198517802691,0.5443448067879025,0.042308430264258214,0.4584541270766052,0.6302354864991999,0,0,0,185.4447213366579,0.3517
1820,2197559,2.574730939176323,0.4476639184018511,0.003772335039575059,0.44027011775683184,0.45505771904687037,0.5364892717748353,0.049084800752923076,0.4372058909800842,0.6357726525695864,0.5364892717748353,0.040781466072926965,0.4536984941745139,0.6192800493751567,0,0,0,116.87056768356769,0.3559
1821,2198559,2.57635748027249,0.39247559960314576,0.0036080303672410764,0.3854038371598074,0.3995473620464841,0.496888689164218,0.04787646073480581,0.40004940675242984,0.5937279715760062,0.496888689164218,0.0396115997190664,0.4164728665238623,0.5773045118045738,0,0,0,120.53256405221629,0.3591
1822,2199559,2.575796831500136,0.36539673657561206,0.002993462172200699,0.35952953169919905,0.37126394145202507,0.43790897708195164,0.04710931696092501,0.3426213894159549,0.5331965647479484,0.43790897708195164,0.03831095316611937,0.36013360732058514,0.5156843468433181,0,0,0,163.79414208723074,0.3577
1823,2200559,2.574810702566883,0.40487796788031627,0.003134037542126257,0.3987352343857065,0.411020701374926,0.47470882904537,0.049900146176148165,0.37377625646636803,0.5756414016243719,0.47470882904537,0.043939711678374314,0.3855064720020681,0.5639111860886719,0,0,0,196.56492124526235,0.3522
1824,2201559,2.5736380659093,0.44835613774056504,0.002997842664065524,0.44248034707226563,0.45423192840886445,0.5207929935887645,0.04862719692882854,0.4224352038939836,0.6191507832835454,0.5207929935887645,0.03835923187609719,0.44291961283550635,0.5986663743420226,0,0,0,163.72768909804276,0.396
1825,2202559,2.574563699567837,0.38525976276326634,0.003259884907239321,0.3788703676334664,0.3916491578930663,0.44967762394820066,0.049552867483511044,0.349447488827518,0.5499077590688832,0.44967762394820066,0.03866412445619318,0.37118527835082493,0.5281699695455764,0,0,0,140.67334864471664,0.3488
1826,2203559,2.575087694037795,0.4528458337828994,0.0032586417439015936,0.44645887526113975,0.459232792304659,0.527715910449759,0.043562847984693204,0.43960173338017833,0.6158300875193397,0.527715910449759,0.0309407979442016,0.4649027512368434,0.5905290696626745,0,0,0,90.15499344863773,0.4177
1827,2204559,2.575020782647623,0.4137382757102395,0.003311706193615822,0.40724731052989616,0.4202292408905829,0.5152520593832964,0.04118338049506682,0.43195080959950577,0.5985533091670872,0.5152520593832964,0.02845690757929061,0.45748146569309134,0.5730226530735015,0,0,0,73.83661971712658,0.3465
1828,2205559,2.5751605824258545,0.34936706084669755,0.003592346315382208,0.3423260392446509,0.3564080824487442,0.42465316584286594,0.04391790379151558,0.33582082061671936,0.5134855110690125,0.42465316584286594,0.03613598003422401,0.3512932262802917,0.4980131054054402,0,0,0,101.18666446887349,0.3624
1829,2206559,2.57512639162129,0.47280076646365676,0.003171178697493081,0.46658523606855246,0.47901629685876107,0.5469774850145566,0.03967126148782568,0.4667347846167275,0.6272201854123856,0.5469774850145566,0.03165767289704971,0.48270899227629993,0.6112459777528132,0,0,0,99.65900435149112,0.3746
1830,2207559,2.5741417135161972,0.4529036459235392,0.0035433271530985544,0.4459587021910107,0.45984858965606773,0.5366077374218133,0.052804853568034424,0.42979983957587936,0.6434156352677473,0.5366077374218133,0.036835711563173466,0.46182726733467205,0.6113882075089546,0,0,0,108.0726056804252,0.3704
1831,2208559,2.574762494926012,0.38548336361055613,0.0034367072984461643,0.37874739547055336,0.3922193317505589,0.46453225873755366,0.04905797452883239,0.36530313910268974,0.5637613783724176,0.46453225873755366,0.04279804035749327,0.37764761769422844,0.5514168997808788,0,0,0,155.08245859180892,0.3545
1832,2209559,2.5741950310645687,0.3706085467181281,0.0031174424523210797,0.36449833970497303,0.37671875373128316,0.4036630326435468,0.036886333642641794,0.32905338051112876,0.47827268477596485,0.4036630326435468,0.029293365098526765,0.34419433991189574,0.46313172537519787,0,0,0,88.29612381826874,0.3874
1833,2210559,2.5749679477508423,0.46780074134046634,0.003440103648739642,0.4610581163323097,0.474543366348623,0.5716265968707147,0.05370051171628395,0.4630070594208595,0.6802461343205699,0.5716265968707147,0.045017020496907714,0.48023718665373416,0.6630160070876953,0,0,0,171.24205814778765,0.3233
1834,2211559,2.575778515694034,0.46847788471052226,0.0034517602072370126,0.46171241277365105,0.4752433566473935,0.5285011478640045,0.04375164461524623,0.4400050935640707,0.6169972021639383,0.5285011478640045,0.03420872755155946,0.4590537388462277,0.5979485568817813,0,0,0,98.21834340481728,0.3553
1835,2212559,2.5751965183195504,0.44607587047635167,0.003394338986188297,0.4394229444975605,0.45272879645514286,0.5085501838603247,0.053242810067714606,0.4008564353791165,0.6162439323415329,0.5085501838603247,0.041595422063095355,0.4241069877511156,0.5929933799695338,0,0,0,150.16912358198977,0.3571
1836,2213559,2.5759768883224843,0.4272946742676436,0.0033371345799884777,0.4207538692884511,0.43383547924683613,0.48278494784750414,0.04687591715478061,0.387969455850134,0.5776004398448743,0.48278494784750414,0.0321225178499853,0.4175727696848858,0.5479971260101224,0,0,0,92.65560918309242,0.3261
1837,2214559,2.575224713867019,0.4952023339742967,0.002951633943984813,0.4894171126909416,0.5009875552576518,0.5786101205559874,0.040160263432836116,0.49737832036410545,0.6598419207478693,0.5786101205559874,0.026738326452375553,0.524328432036874,0.6328918090751008,0,0,0,82.06225568799228,0.3329
1838,2215559,2.5721149907617304,0.4281912979702557,0.003107086994975262,0.4221013877192916,0.43428120822121974,0.4791822311605901,0.04884589993669944,0.380382072877604,0.5779823894435763,0.4791822311605901,0.03723760845384827,0.40358586700935073,0.5547785953118295,0,0,0,143.63382825422218,0.3343
1839,2216559,2.5753750572614242,0.4447311503828236,0.002899377319692907,0.43904835241509205,0.4504139483505552,0.4980861665735454,0.037952146395372276,0.42132070466372,0.5748516284833708,0.4980861665735454,0.028651434570739667,0.4399206620957408,0.5562516710513499,0,0,0,97.65247818003509,0.3444
1840,2217559,2.577546686580878,0.41473486585280844,0.0033113648414688896,0.4082445697248418,0.4212251619807751,0.5073652592214194,0.04642522119827709,0.4134613858429662,0.6012691325998726,0.5073652592214194,0.033241341259379956,0.4398817487850769,0.5748487696577619,0,0,0,100.7727269894909,0.3918
1841,2218559,2.5721735730549233,0.4172690748495591,0.0033799030689370554,0.41064444336029865,0.42389370633881956,0.4864591849084014,0.04024017293540922,0.40506575249124016,0.5678526173255626,0.4864591849084014,0.0353711260983936,0.41465198138490994,0.5582663884318928,0,0,0,109.51895269508275,0.3737
1842,2219559,2.5747639182036512,0.3512740467060372,0.0025954596917589817,0.34618692921999045,0.3563611641920839,0.3916187755921582,0.036027647566657786,0.318745979988795,0.46449157119552137,0.3916187755921582,0.030869985018199007,0.3289493742617431,0.4542881769225733,0,0,0,141.46345485608683,0.382
1843,2220559,2.5749510167759277,0.45726102551695386,0.003435114435077108,0.45052817939927464,0.46399387163463307,0.49648904447618536,0.04859100077831187,0.3982044684063948,0.5947736205459759,0.49648904447618536,0.0473998845314482,0.4002621630907416,0.5927159258616291,0,0,0,190.40228173745808,0.3271
1844,2221559,2.5739805827100763,0.426754581515793,0.003759960844051339,0.41938503437261937,0.4341241286589666,0.5323446086713172,0.04627653911339429,0.43874147319592854,0.6259477441467058,0.5323446086713172,0.03262178234564029,0.4661188696977758,0.5985703476448586,0,0,0,75.27464690728947,0.3648
1845,2222559,2.5753890789558387,0.41431958791196905,0.002781519223773178,0.4088677925610491,0.419771383262889,0.49420537980311935,0.05516810821501566,0.3826173482410018,0.6057934113652369,0.49420537980311935,0.04982729504859422,0.3930505930816992,0.5953601665245395,0,0,0,320.9005720773711,0.369
1846,2223559,2.576055588517908,0.45872292665771375,0.003570550348805297,0.45172462528863805,0.46572122802678945,0.5561000387704695,0.05239514053171429,0.450120863762921,0.662079213778018,0.5561000387704695,0.043110934541352446,0.4685801887637884,0.6436198887771507,0,0,0,145.78221743910157,0.3439
1847,2224559,2.5752767324821164,0.3826507049535655,0.0031641540072506287,0.37644894299596765,0.3888524669111634,0.4476447348876294,0.05162903259306878,0.34321515945134723,0.5520743103239116,0.4476447348876294,0.041528850020396316,0.3633366872101034,0.5319527825651553,0,0,0,172.2600556968964,0.4134
1848,2225559,2.575593133574394,0.5035492889337806,0.004107393602609507,0.4954987713764262,0.511599806491135,0.5803162076839607,0.05908575333113576,0.46080399091754065,0.6998284244503808,0.5803162076839607,0.044215342124434905,0.4905542910868441,0.6700781242810774,0,0,0,115.88129366800347,0.3401
1849,2226559,2.5747403690145316,0.40357004042677985,0.003397074695548159,0.39691175244026206,0.41022832841329765,0.5130810426764791,0.04697191611968827,0.41807137444445736,0.608090710908501,0.5130810426764791,0.035122978881926496,0.4417776047845108,0.5843844805684475,0,0,0,106.89871691638942,0.3518
1850,2227559,2.5745627165873843,0.3872062797316403,0.0033404881567733746,0.3806589017206425,0.3937536577426381,0.45131639288191083,0.04951172507496831,0.35116947613741606,0.5514633096264057,0.45131639288191083,0.03881315905248033,0.372521490969029,0.5301112947947927,0,0,0,135.0013499303054,0.3907
1851,2228559,2.577479967920874,0.39510895868996765,0.003048414261169285,0.38913404737003926,0.40108387000989604,0.4370747013561358,0.03999989453901182,0.3561672778696486,0.5179821248426231,0.4370747013561358,0.03386379849337567,0.36832753555406184,0.5058218671582098,0,0,0,123.40233375095494,0.3603
1852,2229559,2.575396681884781,0.44485015332591965,0.0034818995391710417,0.43802560810696817,0.45167469854487113,0.4955097191039186,0.05349749440487925,0.38730082292645196,0.6037186152813853,0.4955097191039186,0.04294253382623498,0.4083317407241205,0.5826876974837167,0,0,0,152.10477910248997,0.358
1853,2230559,2.576505819173789,0.42732519064861313,0.003033177321321583,0.4213801438275938,0.43327023746963245,0.4574262464757833,0.03950248527413042,0.37752492819291383,0.5373275647586527,0.4574262464757833,0.03397360539527348,0.38845616081158996,0.5263963321399766,0,0,0,125.4549136765271,0.3574
1854,2231559,2.5748848204892965,0.48875271041937013,0.003011100399248115,0.4828509345058801,0.49465448633286013,0.5629799619437573,0.04127386109877059,0.4794956978644156,0.646464226023099,0.5629799619437573,0.037082085786707505,0.48769932559210305,0.6382605982954116,0,0,0,151.6623690603422,0.3328
1855,2232559,2.5754109085553396,0.4407768340460118,0.0029795055309499705,0.4349369842751235,0.4466166838169001,0.46795107948700637,0.03682222120037154,0.3934711070094298,0.542431051964583,0.46795107948700637,0.032452195093218894,0.40206962093913584,0.533832538034877,0,0,0,118.63142971063242,0.3588
1856,2233559,2.5752478167969737,0.43085911465589355,0.0032273154303645852,0.42453355590769754,0.43718467340408956,0.5111257441538394,0.0475956188608087,0.41485451805055124,0.6073969702571276,0.5111257441538394,0.03783621384211828,0.4343141464579797,0.587937341849699,0,0,0,137.44612927175663,0.3573
1857,2234559,2.574817582241275,0.3827672677937954,0.0035511239987990615,0.3758070421941568,0.389727493393434,0.43577554292592996,0.0549441379854687,0.3246405339134756,0.5469105519383843,0.43577554292592996,0.04664492492891872,0.34108131101509004,0.5304697748367699,0,0,0,172.53496584630838,0.3629
1858,2235559,2.5742342436443217,0.39167389203703334,0.0030181119085011983,0.3857583735208598,0.3975894105532069,0.4836492046940915,0.04437201125596933,0.3938983404228734,0.5734000689653096,0.4836492046940915,0.03422644225868992,0.41416583290892256,0.5531325764792605,0,0,0,128.60351465447076,0.4364
1859,2236559,2.5756636698183364,0.3844226245887169,0.003373213681722311,0.37781110434089826,0.39103414483653554,0.481507115425384,0.04911685940970183,0.38215888987665797,0.58085534097411,0.481507115425384,0.03885699721355111,0.4026232173141524,0.5603910135366156,0,0,0,132.69384118212884,0.3593
1860,2237559,2.5762853808612753,0.47155284542205844,0.0034574500302432484,0.4647762213959449,0.478329469448172,0.5858712767289552,0.05149425028468706,0.48171432424401833,0.6900282292138921,0.5858712767289552,0.03853260548566823,0.5076459288363575,0.664096624621553,0,0,0,124.20667269466139,0.3811
1861,2238559,2.5737492527881063,0.42294169465791204,0.0034133355271132467,0.41625153533821385,0.4296318539776102,0.4827268159742934,0.0464571835051573,0.38875829272793017,0.5766953392206566,0.4827268159742934,0.03478124690900458,0.4121171308698905,0.5533365010786964,0,0,0,103.83226617605948,0.3641
1862,2239559,2.5753480461171026,0.41613233567573343,0.0035208738023080775,0.4092314006534112,0.4230332706980557,0.46255145966245986,0.04584153953480081,0.36982819388491206,0.5552747254400077,0.46255145966245986,0.041101227558146824,0.37911153173584455,0.5459913875890752,0,0,0,136.27263948669935,0.3208
1863,2240559,2.5756695422531606,0.46768858828977977,0.002920812775417983,0.46196377669263733,0.4734133998869222,0.5162343617885262,0.03871553576601902,0.43792479913024107,0.5945439244468114,0.5162343617885262,0.024956416514633088,0.4655701427614518,0.5668985808156006,0,0,0,73.00574068293851,0.3365
1864,2241559,2.5741196203453653,0.3223682490051065,0.002927854652362431,0.31662963528441257,0.3281068627258005,0.367228458717355,0.046183584687148095,0.2738133413159118,0.4606435761187982,0.367228458717355,0.042473052997305964,0.28100357709052715,0.45345334034418283,0,0,0,210.439825336406,0.383
1865,2242559,2.5753539582213327,0.3975630568627223,0.0032659228190525295,0.3911618273874067,0.40396428633803794,0.4603243959878526,0.04328266084978482,0.3727769508919623,0.5478718410837429,0.4603243959878526,0.036695960883177656,0.38582763486414917,0.534821157111556,0,0,0,126.24805440687317,0.3561
1866,2243559,2.573904965024249,0.41027726348365295,0.0034333760653547023,0.4035478245816744,0.41700670238563153,0.4853394055546457,0.053284481334087024,0.37756136898131964,0.5931174421279718,0.4853394055546457,0.0466056528706987,0.39072490016055694,0.5799539109487345,0,0,0,184.26143187621392,0.3587
1867,2244559,2.5739635822545712,0.38870099690760535,0.0032387267555952517,0.3823530718894556,0.3950489219257551,0.453908422097559,0.048760308650465344,0.3552813885320728,0.5525354556630452,0.453908422097559,0.03766391731016194,0.3774466049572339,0.5303702392378841,0,0,0,135.23912656723783,0.351
1868,2245559,2.5761465198056204,0.3946016044660813,0.0037014193077855194,0.3873467991059311,0.40185640982623144,0.4868134844459093,0.056494827925908014,0.3725419089711359,0.6010850599206826,0.4868134844459093,0.04357905295002125,0.39834330354642966,0.5752836653453889,0,0,0,138.61780065661105,0.3305
1869,2246559,2.5743759619181596,0.44465464448650377,0.0034307121079056725,0.4379304269580507,0.45137886201495686,0.4946715399603358,0.052635488009398754,0.3882062162920212,0.6011368636286505,0.4946715399603358,0.04328898137606828,0.4067902356628982,0.5825528442577734,0,0,0,159.21580710689187,0.3629
1870,2247559,2.574396430133263,0.44857683645407176,0.003386927813741924,0.4419384364203622,0.45521523648778134,0.5522615922314978,0.04887408349539463,0.45340442732024466,0.651118757142751,0.5522615922314978,0.041170593401243794,0.4686808441568616,0.6358423403061341,0,0,0,147.7618677881134,0.4298
1871,2248559,2.575679468013118,0.3961759795034951,0.003547327253216916,0.38922319554932006,0.4031287634576701,0.4542114327704307,0.05218878175799141,0.34864965778076135,0.5597732077601001,0.4542114327704307,0.047148077621774996,0.3584957465887027,0.5499271189521586,0,0,0,176.65481070254467,0.3972
1872,2249559,2.5753645430068346,0.4102367012174945,0.003055868196398355,0.4042471801371587,0.4162262222978303,0.4862531422360574,0.04996239868700242,0.38519465206860104,0.5873116324035138,0.4862531422360574,0.036375013026323906,0.4124079399011078,0.560098344571007,0,0,0,141.68930753209952,0.3586
1873,2250559,2.574203914119324,0.4001385392346399,0.003599293795164033,0.3930839005280802,0.4071931779411996,0.47953099358341694,0.04696859998946255,0.3845280328578924,0.5745339543089415,0.47953099358341694,0.036272625731414834,0.40589364850761434,0.5531683386592195,0,0,0,101.56016413656418,0.4186
1874,2251559,2.576172526567285,0.39862758675762255,0.003360942361412746,0.39204011837557623,0.4052150551396689,0.4706300483133517,0.04651419064215338,0.3765462172486092,0.5647138793780941,0.4706300483133517,0.04194611631758961,0.385474905017702,0.5557851916090014,0,0,0,155.76195321006708,0.325
1875,2252559,2.574797073575372,0.41331222434144754,0.003082533890755869,0.4072704383307511,0.419354010352144,0.44143275530276765,0.03604060989787386,0.3685337409097512,0.5143317696957841,0.44143275530276765,0.027178037000956213,0.3862584069128453,0.49660710369269,0,0,0,77.73568876049775,0.4774
1876,2253559,2.574561852396525,0.3894035898225691,0.0031710118461595648,0.3831883864571386,0.39561879318799964,0.4769123653235356,0.04409175593826564,0.38772837093872875,0.5660963597083424,0.4769123653235356,0.03380135540938537,0.40829196572133475,0.5455327649257364,0,0,0,113.62463525886258,0.362
1877,2254559,2.57457162729614,0.41723017256398975,0.0031897318787651977,0.41097827781571483,0.4234820673122647,0.5003212854428797,0.046383222899341534,0.40650236164234044,0.5941402092434189,0.5003212854428797,0.03666973022215984,0.42587777539207183,0.5747647954936875,0,0,0,132.16214300253392,0.3677
1878,2255559,2.5762228148494355,0.3959574764405821,0.0032290174064739394,0.38962858180839827,0.40228637107276594,0.44634300219385487,0.04707601221833977,0.35112277972827943,0.5415632246594303,0.44634300219385487,0.03650179809151247,0.3722404124928822,0.5204455918948275,0,0,0,127.78731488279277,0.3689
1879,2256559,2.5736892205129602,0.3972304349689194,0.002969487157977165,0.3914102212727093,0.4030506486651295,0.48233374283169816,0.05594547838601079,0.3691733316832013,0.595494153980195,0.48233374283169816,0.04794588570390623,0.38499842013721336,0.5796690655261829,0,0,0,260.6992541250189,0.3944
1880,2257559,2.5750225862743146,0.36995991144412654,0.0035122222500198383,0.3630759335192567,0.3768438893689964,0.4401495843241471,0.04744545390780901,0.34418209550779916,0.536117073140495,0.4401495843241471,0.039797294908520235,0.3593567804074432,0.520942388240851,0,0,0,128.39352634411867,0.3681
1881,2258559,2.574685221923939,0.4004592886928154,0.002914552854772507,0.3947467465799104,0.4061718308057204,0.4684099064708315,0.03912307926596969,0.3892760092756762,0.5475438036659869,0.4684099064708315,0.031008785926805643,0.40545872431540575,0.5313610886262573,0,0,0,113.19458577171984,0.3376
1882,2259559,2.575148075493706,0.44607960244690203,0.0030216839526511106,0.4401570827014997,0.45200212219230435,0.5279182196124951,0.046683476113801615,0.43349197636135556,0.6223444628636345,0.5279182196124951,0.0322511417056294,0.46244492114077157,0.5933915180842186,0,0,0,113.91793676961876,0.3425
1883,2260559,2.574811316033281,0.4571537419862084,0.0035395504580921166,0.45021620059988765,0.46409128337252914,0.5438946395206065,0.04814741663892851,0.4465072970618189,0.641281981979394,0.5438946395206065,0.034733430474850065,0.4733820269382813,0.6144072521029317,0,0,0,96.29398108825873,0.3832
1884,2261559,2.5756365479402947,0.43196781961651215,0.003288088231053479,0.42552314579284717,0.43841249344017713,0.4903306160873956,0.039105891716287776,0.41123148399291953,0.5694297481818716,0.4903306160873956,0.03130273491384146,0.42678268576288725,0.5538785464119039,0,0,0,90.63118146739423,0.3629
1885,2262559,2.576189289997366,0.4883065293317088,0.0036957502904112786,0.48106283528163013,0.4955502233817875,0.5599026005905914,0.056690756607410166,0.44523472195076885,0.6745704792304139,0.5599026005905914,0.04820980116356621,0.46203150102906304,0.6577737001521198,0,0,0,170.16312049165668,0.3634
1886,2263559,2.574774407251102,0.4130025599496429,0.0035118833231726795,0.40611924632354685,0.419885873575739,0.49669786512041014,0.04849356844019566,0.39861036455624516,0.5947853656845751,0.49669786512041014,0.03896718862044824,0.41759026656041165,0.5758054636804086,0,0,0,123.11699023149085,0.3518
1887,2264559,2.574683450707155,0.44922862012130155,0.003636419464604506,0.44210121486676135,0.45635602537584175,0.5482138736165543,0.04936099822962337,0.44837183069354447,0.6480559165395641,0.5482138736165543,0.042021683018047956,0.4629053217631923,0.6335224254699162,0,0,0,133.53617659660782,0.3784
1888,2265559,2.574591492399915,0.43608793212592495,0.003289957924921357,0.4296395936903999,0.44253627056145,0.5228160571313749,0.048360168167100384,0.4249983840883302,0.6206337301744196,0.5228160571313749,0.03646217378725844,0.44879390904461974,0.59683820521813,0,0,0,122.82999261386261,0.3638
1889,2266559,2.573579508212785,0.4269123196364141,0.0035442335690620626,0.4199655993228382,0.4338590399499899,0.4722452620457249,0.04100563419620674,0.3893035380867087,0.5551869860047411,0.4722452620457249,0.03612505933301452,0.3989074926852581,0.5455830314061917,0,0,0,103.88969441086095,0.3463
1890,2267559,2.574691010822326,0.40487959676472474,0.0032745266154908994,0.39846150379372586,0.4112976897357236,0.49457677622909996,0.04565501224240789,0.40223079751221436,0.5869227549459856,0.49457677622909996,0.03666354720669955,0.4201458183669985,0.5690077340912014,0,0,0,125.36373190967224,0.372
1891,2268559,2.575232822080986,0.4733112544201993,0.0034945757750556704,0.4664618636983757,0.48016064514202283,0.534587882050474,0.05226710654848779,0.4288676802182539,0.6403080838826942,0.534587882050474,0.03824029275717187,0.4569559605455253,0.6122198035554228,0,0,0,119.74392595536499,0.3428
1892,2269559,2.5741859441498685,0.43809745049055265,0.003077751251580071,0.4320650384830272,0.4441298624980781,0.47250970899128425,0.04731866919414515,0.3767986664640637,0.5682207515185048,0.47250970899128425,0.040211853200289804,0.390875306999737,0.5541441109828315,0,0,0,170.70299608176134,0.373
1893,2270559,2.5770851564682276,0.4020024577797646,0.003251734090681594,0.3956290383022038,0.40837587725732544,0.4554311777325246,0.0479806901052286,0.3583810715195811,0.5524812839454681,0.4554311777325246,0.04185352685331091,0.37046400104237953,0.5403983544226697,0,0,0,165.66626175675322,0.3691
1894,2271559,2.574059122014211,0.3989115598194242,0.0029658035744069486,0.3930985659704153,0.40472455366843313,0.4245741632041826,0.034150469873401215,0.35549831787626507,0.49365000853210017,0.4245741632041826,0.02829386906207282,0.3671345553003915,0.4820137711079737,0,0,0,91.01226239145097,0.3816
1895,2272559,2.5752156244908297,0.3371712333902643,0.003267201596155846,0.3307674975037015,0.34357496927682707,0.43790023189543326,0.048869043556680994,0.33905326122245366,0.5367472025684128,0.43790023189543326,0.03910270073268949,0.35851752912199986,0.5172829346688667,0,0,0,143.23911963839208,0.3677
1896,2273559,2.5740011036241435,0.41267107717210727,0.003612072393732327,0.40559139233116515,0.4197507620130494,0.4431029553378694,0.0460402644963534,0.34997773038500457,0.5362281802907343,0.4431029553378694,0.039285912739392956,0.36334831241707666,0.5228575982586622,0,0,0,118.29347871221377,0.3866
1897,2274559,2.5754652303250936,0.3760563564736238,0.003948987447605075,0.36831631598650827,0.3837963969607393,0.48181678555763363,0.05543573755879392,0.36968742255192033,0.5939461485633469,0.48181678555763363,0.04543854785098737,0.3895716293171616,0.5740619417981057,0,0,0,132.3967670890857,0.4172
1898,2275559,2.57749901183748,0.4648740454726153,0.0037904069030693546,0.457444823860328,0.4723032670849026,0.5377188987578698,0.04921339021700179,0.4381754212217144,0.6372623762940253,0.5377188987578698,0.03871916373074051,0.4591148174928704,0.6163229800228692,0,0,0,104.34707238319014,0.3691
1899,2276559,2.5756128008566264,0.4160678736438688,0.0031855916141348855,0.40982409384057444,0.4223116534471632,0.4986913749406079,0.0437115044148583,0.41027651185952724,0.5871062380216885,0.4986913749406079,0.03451730426459127,0.4286175218912318,0.568765227989984,0,0,0,117.40687880507011,0.3679
1900,2277559,2.5782719687578983,0.4552977731445088,0.0037959352000564318,0.4478577160350029,0.4627378302540147,0.5658638029255457,0.05576533148585178,0.45306777327627323,0.6786598325748182,0.5658638029255457,0.04111560456205065,0.48239468812932074,0.6493329177217707,0,0,0,117.32100670761768,0.3634
1901,2278559,2.574622781123185,0.47717029292131863,0.0034763081154064713,0.4703567069284707,0.48398387891416655,0.58181910198009,0.061054672329571964,0.45832437063324516,0.7053138333269349,0.58181910198009,0.05140930492818267,0.477452664459547,0.6861855395006331,0,0,0,218.6990717063641,0.3701
1902,2279559,2.57489525093207,0.4108057423895456,0.0033800639376318675,0.40418079559662123,0.41743068918246995,0.4822608725038862,0.051036362098445184,0.3790300862956529,0.5854916587121195,0.4822608725038862,0.03987905663414874,0.40130208345975643,0.5632196615480161,0,0,0,139.20021992975086,0.3871
1903,2280559,2.574537978787612,0.40482197075349025,0.003196832489422897,0.39855615876321265,0.41108778274376784,0.4584719105937775,0.04260478102636162,0.3722956068616014,0.5446482143259537,0.4584719105937775,0.030651014423346716,0.39624704320402576,0.5206967779835293,0,0,0,91.92845142979144,0.3635
1904,2281559,2.575312666280529,0.42237194198720973,0.0031554600505108135,0.4161872202400588,0.4285566637343607,0.49248200745928083,0.046186489212258174,0.39906101510127046,0.5859029998172912,0.49248200745928083,0.03596355102411205,0.41947211739719525,0.5654918975213664,0,0,0,129.89719171708904,0.3814
1905,2282559,2.572780571092862,0.42158732162685225,0.0033023113973397553,0.4151147703068996,0.4280598729468049,0.4644978474337559,0.04189547366995289,0.379756253250903,0.5492394416166088,0.4644978474337559,0.03599340938982513,0.39142734166671156,0.5375683532008002,0,0,0,118.79821777587632,0.391
1906,2283559,2.5759730437938244,0.44160506331311894,0.0031054985565211173,0.4355182664116171,0.44769186021462076,0.5148294634573507,0.045867269202828534,0.4220541545139077,0.6076047724007937,0.5148294634573507,0.03118708969780732,0.4515163054027775,0.5781426215119239,0,0,0,100.85258523000674,0.3555
1907,2284559,2.5765388873383315,0.4313679241345948,0.0037592618870092268,0.42399974695166454,0.43873610131752505,0.5280959940850447,0.051019843130643165,0.4248986206429929,0.6312933675270965,0.5280959940850447,0.04202718353970636,0.4427762755790545,0.6134157125910349,0,0,0,124.98428496850237,0.3685
1908,2285559,2.5751731356267276,0.42191065146710954,0.0033758547404026664,0.41529395472749747,0.4285273482067216,0.502202319706311,0.05615619192523449,0.38861570019529756,0.6157889392173245,0.502202319706311,0.04321887755717786,0.41446333372740346,0.5899413056852186,0,0,0,163.90019298945472,0.3792
1909,2286559,2.5737415729585673,0.4028053804211862,0.00429267637213109,0.39439170745837926,0.4112190533839931,0.4580002354347546,0.05651809628713747,0.34368159525699826,0.5723188756125109,0.4580002354347546,0.04529311163267336,0.3660503304141366,0.5499501404553726,0,0,0,111.32892602279232,0.3576
1910,2287559,2.5750977882940553,0.46196758076793787,0.0031608686965391534,0.45577225804020766,0.4681629034956681,0.5150688683696776,0.0417224269265389,0.4306772942634701,0.599460442475885,0.5150688683696776,0.03688643330408709,0.4401854276741729,0.5899523090651823,0,0,0,136.1822220648896,0.3489
1911,2288559,2.576145909651304,0.45476396188204804,0.0038983566511798006,0.4471231580776078,0.4624047656864883,0.5485597892408374,0.05696670984211302,0.4333337424988266,0.6637858359828481,0.5485597892408374,0.04491298887016641,0.45738157445409316,0.6397380040275816,0,0,0,132.73357039653277,0.3399
1912,2289559,2.5737095300283612,0.3674895649231766,0.003299990562472893,0.36102156245430833,0.37395756739204483,0.4153372437212415,0.046894134662453485,0.3204849033365157,0.5101895841059673,0.4153372437212415,0.03898931496684818,0.33618472628999324,0.4944897611524897,0,0,0,139.59369848844145,0.3204
1913,2290559,2.575317821261369,0.32015930151504557,0.0031680483987513415,0.31394990652536336,0.3263686965047278,0.3861459679135341,0.043903277705560906,0.29734320673864373,0.4749487290884245,0.3861459679135341,0.03534932537157565,0.3143830222183974,0.4579089136086708,0,0,0,124.50266401319185,0.3146
1914,2291559,2.5756698272472045,0.38436353491930936,0.0029169423052092408,0.378646309468367,0.3900807603702517,0.4571969785793574,0.037759124864259294,0.3808219395678859,0.533572017590829,0.4571969785793574,0.030233214587899376,0.395820289947969,0.5185736672107458,0,0,0,107.42688298393834,0.4119
1915,2292559,2.5768172015335793,0.4191302589149185,0.0031402646025907276,0.4129753203422349,0.42528519748760213,0.5280767845321674,0.050385111159866644,0.42616327768406237,0.6299902913802725,0.5280767845321674,0.038626414373499104,0.4496609944726439,0.6064925745916909,0,0,0,151.29908540142603,0.357
1916,2293559,2.575380690882636,0.3893772909181554,0.0034321021144548235,0.3826503489680346,0.39610423286827623,0.4313662243576538,0.05243339529207024,0.32530967179368514,0.5374227769216225,0.4313662243576538,0.046245219846328574,0.3374834369039421,0.5252490118113655,0,0,0,181.5571242346556,0.3554
1917,2294559,2.576029739513164,0.44451056843175474,0.0030903766035323787,0.43845341065418786,0.4505677262093216,0.5140889764473029,0.04759221834557416,0.4178246285353031,0.6103533243593027,0.5140889764473029,0.0425693166676823,0.4276686691800416,0.6005092837145641,0,0,0,189.74508855767158,0.3824
1918,2295559,2.576876829657665,0.39581158187092325,0.003043576593939842,0.3898461524095006,0.4017770113323459,0.47607805241580214,0.04850616827853506,0.37796506627303417,0.5741910385585701,0.47607805241580214,0.03989035382353723,0.39509632885792784,0.5570597759736764,0,0,0,171.77790658286216,0.3217
1919,2296559,2.5756974136476325,0.4870089576576524,0.0037611879516994853,0.47963700537569204,0.49438090993961276,0.5674117559057836,0.050399490848949256,0.4654691633911382,0.6693543484204291,0.5674117559057836,0.04579065984208615,0.47445177432054997,0.6603717374910173,0,0,0,148.21894953289203,0.412
1920,2297559,2.575771785472206,0.4283197223706038,0.003440751627976502,0.421575827319026,0.4350636174221816,0.5012819773152896,0.0465897822888634,0.40704524771311607,0.595518706917463,0.5012819773152896,0.040722338479292346,0.41861123511158416,0.583952719518995,0,0,0,140.0743999529929,0.3825
1921,2298559,2.575778991399336,0.43139638935561997,0.0031391737435063163,0.42524358887367253,0.4375491898375674,0.4956840561304404,0.04703887919144837,0.4005389423011917,0.5908291699596891,0.4956840561304404,0.03899376714854491,0.4165225002898316,0.5748456119710492,0,0,0,154.29778139388793,0.3489
1922,2299559,2.575549350464279,0.40869234330228993,0.0038854224816656253,0.4010768905522744,0.41630779605230545,0.45338792336945016,0.04887998906770315,0.3545188133107109,0.5522570334281894,0.45338792336945016,0.04289074924839491,0.3663150732716862,0.5404607734672141,0,0,0,121.85708032763881,0.3529
1923,2300559,2.5761835109181965,0.43731084838819884,0.003241446281743907,0.43095759308151926,0.4436641036948784,0.5400167188782686,0.05590430844609241,0.4269395817934231,0.6530938559631141,0.5400167188782686,0.04521862987449251,0.44821801986544363,0.6318154178910936,0,0,0,194.6064098213446,0.3763
1924,2301559,2.575188750656058,0.4321918164366442,0.003151933916862034,0.4260140059338481,0.43836962693944037,0.4970052305475974,0.03501292077909231,0.426184913603761,0.5678255474914338,0.4970052305475974,0.023420808982972652,0.44945846054522776,0.544552000549967,0,0,0,55.21404654552316,0.3958
1925,2302559,2.573233802353204,0.47834420527984345,0.003036156116618462,0.47239332000111656,0.48429509055857034,0.5364817875368025,0.04570719109965006,0.44403026711915533,0.6289333079544497,0.5364817875368025,0.034497753975601717,0.46644762368410375,0.6065159513895013,0,0,0,129.10214070563663,0.4068
1926,2303559,2.574487224941215,0.44639445390952814,0.0034521626794919314,0.4396281931244802,0.4531607146945761,0.5053085896849907,0.044280390607753156,0.41574304566700737,0.594874133702974,0.5053085896849907,0.03637748834601453,0.4314583621839122,0.5791588171860692,0,0,0,111.04088491312028,0.3748
1927,2304559,2.57590102553463,0.45591348158883066,0.0032630580619864022,0.44951786705556585,0.4623090961220955,0.5266757121524962,0.04657221664888981,0.4324745124108019,0.6208769118941905,0.5266757121524962,0.04202988502573936,0.4413505093382924,0.6120009149667001,0,0,0,165.9077986058983,0.3548
1928,2305559,2.5756790246641232,0.4706366745825509,0.0032389400994824653,0.4642883314090267,0.47698501775607505,0.5194734171176654,0.036711623391516957,0.44521714982383487,0.5937296844114959,0.5194734171176654,0.02726761186132001,0.46411722209354656,0.5748296121417842,0,0,0,70.87423337197318,0.3881
1929,2306559,2.5756243412139272,0.38633014145434347,0.0029964300567608495,0.38045711950533617,0.39220316340335076,0.4690907829537358,0.04274404454835706,0.3826327921601272,0.5555487737473445,0.4690907829537358,0.03585201611120321,0.39630732080262315,0.5418742451048484,0,0,0,143.159072591985,0.4468
1930,2307559,2.574573845708547,0.416147030903184,0.003545522678785392,0.4091977839263601,0.4230962778800079,0.4761002782870001,0.05121374374681601,0.3725107038292259,0.5796898527447742,0.4761002782870001,0.043795471852511134,0.3871907436577525,0.5650098129162476,0,0,0,152.58009615726726,0.3093
1931,2308559,2.5765290030031527,0.40978941706915184,0.0034865150923700534,0.40295582533660546,0.4166230088016982,0.5205512379684907,0.05378924734802735,0.41175221576202437,0.629350260174957,0.5205512379684907,0.044655007418887525,0.42989675337132927,0.6112057225656521,0,0,0,164.0428223455037,0.4011
1932,2309559,2.5724409743115793,0.464698279479083,0.0037283025029358173,0.4573907828856364,0.4720057760725296,0.4906618219701628,0.050991391316041884,0.38752199775516355,0.5938016461851621,0.4906618219701628,0.04512267293068516,0.3990579259097317,0.5822657180305939,0,0,0,146.47629665576068,0.4149
1933,2310559,2.5749849486472085,0.4598578042022773,0.0032882764690012507,0.4534127614310387,0.46630284697351587,0.5167870689676544,0.05405116346936666,0.40745827140074375,0.626115866534565,0.5167870689676544,0.04391363973744805,0.4276376407783318,0.605936497156977,0,0,0,178.3455263910032,0.4109
1934,2311559,2.575498791663286,0.40139113367102297,0.003916219354529555,0.3937153188545269,0.40906694848751907,0.49956419677912817,0.06175670146894088,0.3746494774664806,0.6244789160917757,0.49956419677912817,0.04965650304932568,0.3987561362495048,0.6003722573087515,0,0,0,160.77489893347703,0.3862
1935,2312559,2.5754097753292955,0.4041049017471307,0.002836102086823574,0.3985461236378409,0.4096636798564205,0.48516007393120114,0.04099052584541451,0.40224890949614905,0.5680712383662532,0.48516007393120114,0.0330219150665789,0.4181220223485299,0.5521981255138724,0,0,0,135.56912507444704,0.3546
1936,2313559,2.574324933020547,0.40140194861418865,0.0035587103103792237,0.39442685379565345,0.40837704343272385,0.4836158082729286,0.06513464253541568,0.35186855823670316,0.615363058309154,0.4836158082729286,0.0505241282389486,0.38104637496710203,0.5861852415787552,0,0,0,201.56372902313018,0.3588
1937,2314559,2.576734103800056,0.4073133780713524,0.0032065562293339743,0.40102850748906954,0.4135982486536353,0.4930205940880428,0.05312001381419527,0.38557522447384274,0.6004659637022428,0.4930205940880428,0.0407511958610531,0.4102912682848363,0.5757499198912492,0,0,0,161.51133082035537,0.4742
1938,2315559,2.575947054262882,0.3965831036806903,0.003138702410180942,0.39043122701505517,0.4027349803463254,0.472973732142159,0.045705851517926416,0.3805249212843008,0.5654225430000172,0.472973732142159,0.035479162504562615,0.40094720305396414,0.5450002612303538,0,0,0,127.77516119359595,0.3606
1939,2316559,2.5750131946065906,0.41923284327866706,0.002881756060771664,0.41358458309037743,0.4248811034669567,0.47775511981350366,0.04698016565661465,0.38272876531804634,0.572781474308961,0.47775511981350366,0.03902126397536959,0.3985377424467564,0.556972497180251,0,0,0,183.35309085648632,0.4014
1940,2317559,2.574364856965704,0.4167823590041416,0.0036097189276103844,0.4097072869717512,0.42385743103653206,0.46708984712345963,0.04949646014548534,0.36697380661322504,0.5672058876336942,0.46708984712345963,0.042593381146468795,0.3806206863670247,0.5535590078798946,0,0,0,139.2314864743969,0.4106
1941,2318559,2.5745184432768116,0.3720403749564274,0.0031819139177200703,0.3658038034614722,0.3782769464513826,0.45196306645238193,0.05314455491088415,0.34446805778474154,0.5594580751200223,0.45196306645238193,0.04439342155616589,0.3618396293890499,0.542086503515714,0,0,0,194.65267903255028,0.3149
1942,2319559,2.576833885816059,0.4545842947459036,0.003171035245772558,0.44836904551708295,0.4607995439747243,0.49562422262684486,0.04826932384903669,0.3979902995610845,0.5932581456926053,0.49562422262684486,0.040252155042032,0.4139080035468537,0.577340441706836,0,0,0,161.1298991413942,0.3874
1943,2320559,2.575824190411303,0.4106771867156404,0.0036020021667965744,0.4036172395834733,0.41773713384780753,0.5477105955105487,0.056512347995733465,0.43340358234962095,0.6620176086714764,0.5477105955105487,0.04125789912382214,0.4639526073963245,0.6314685836247729,0,0,0,131.19771761127865,0.3603
1944,2321559,2.576139349543035,0.4500379066854595,0.0030547697515554122,0.44405053856399485,0.4560252748069242,0.5265455691032289,0.04080538911816125,0.44400887904535735,0.6090822591611005,0.5265455691032289,0.029852204431356773,0.4659423722113815,0.5871487659950763,0,0,0,95.49834626403425,0.4182
1945,2322559,2.5767174292595083,0.4383544066910345,0.0033778257700026243,0.4317338467208836,0.44497496666118536,0.48117891750783987,0.05162480863065129,0.3767578858419861,0.5855999491736936,0.48117891750783987,0.04487802725295891,0.390071678577373,0.5722861564383067,0,0,0,176.5196373608445,0.3429
1946,2323559,2.573589107384977,0.4411981520067878,0.0032401814749389666,0.43484737572948184,0.44754892828409376,0.4981852040017561,0.040377369646135024,0.4165142650435509,0.5798561429599614,0.4981852040017561,0.03146563310521256,0.4343065727674476,0.5620638352360645,0,0,0,94.30490445783339,0.4013
1947,2324559,2.5741797796396297,0.3924470435684431,0.0027700034229531673,0.3870178192602958,0.3978762678765904,0.45504515982376426,0.034354656449558485,0.38555630816226,0.5245340114852686,0.45504515982376426,0.027860242868984017,0.3984858598924597,0.5116044597550687,0,0,0,101.1600847662111,0.3463
1948,2325559,2.5748655533805533,0.32143138913885466,0.0034567788979931098,0.31465608053621535,0.32820669774149397,0.36813411408855307,0.04242248078609919,0.2823265473970763,0.45394168078002983,0.36813411408855307,0.036809666170565816,0.293406518959439,0.44286170921766715,0,0,0,113.39151382217885,0.3873
1949,2326559,2.5758471507209517,0.3799448044623811,0.0034262563012155104,0.3732293203433506,0.3866602885814116,0.4150478482437872,0.04142670546917325,0.33125442724425325,0.4988412692433212,0.4150478482437872,0.03538027607825035,0.34322206927364524,0.4868736272139292,0,0,0,106.63081789415047,0.3814
1950,2327559,2.5769908308987963,0.41654606972947505,0.003515143449538081,0.4096563662349897,0.4234357732239604,0.5108639225320538,0.05095167145561459,0.40780443931808597,0.6139234057460217,0.5108639225320538,0.03440574490606425,0.44101654702089393,0.5807112980432136,0,0,0,95.8022754535735,0.4618
1951,2328559,2.5744969351439377,0.4397674826835192,0.003054957802716936,0.43377974598058316,0.4457552193864552,0.5378240348862698,0.04407406843239098,0.4486758168589938,0.6269722529135459,0.5378240348862698,0.03388213836593906,0.46903963716350183,0.6066084326090379,0,0,0,123.00738661454454,0.4105
1952,2329559,2.5747672365018612,0.4930170130937613,0.0037600362764689,0.48564731810257,0.5003867080849526,0.5411252251892622,0.05389978299816483,0.43210262352692247,0.650147826851602,0.5411252251892622,0.05051170407003422,0.43858101428725066,0.6436694360912738,0,0,0,180.4679023561,0.447
1953,2330559,2.5749251295230655,0.37999643771935254,0.0027339646493729935,0.37463784963639396,0.3853550258023111,0.4406202161566162,0.03378073720390635,0.37229222574212684,0.5089482065711055,0.4406202161566162,0.025695623890652608,0.3884553263748634,0.49278510593836894,0,0,0,88.33494523695212,0.3809
1954,2331559,2.5751347761569954,0.44857349999027313,0.0036174564879727206,0.44148326229041207,0.4556637376901342,0.49186153314580155,0.04366153767674576,0.403547737332205,0.580175328959398,0.49186153314580155,0.03610585844399357,0.4185627436623656,0.5651603226292374,0,0,0,99.62050026688773,0.3784
1955,2332559,2.577024641348668,0.4250364275215741,0.003218357022580588,0.4187284273095518,0.43134442773359644,0.5172149988391902,0.044419242940462365,0.42736859946861,0.6070613982097703,0.5172149988391902,0.03684893948608522,0.4424076746408715,0.5920223230375089,0,0,0,131.09361708554414,0.4249
1956,2333559,2.5742833882589182,0.425471845439914,0.0032693321962811548,0.41906393356356886,0.43187975731625916,0.45535648473191986,0.043911058025633234,0.3665379863742642,0.5441749830895756,0.45535648473191986,0.0377170846356725,0.37878673218255193,0.5319262372812877,0,0,0,133.09389343994943,0.3643
1957,2334559,2.5755527114985894,0.44242363635332055,0.003213444761436972,0.43612526420434966,0.44872200850229144,0.5032459978611995,0.041488691915034,0.41932719744045766,0.5871647982819413,0.5032459978611995,0.03374575727103579,0.4347384684804581,0.571753527241941,0,0,0,110.2799800838375,0.398
1958,2335559,2.575540049204459,0.4060549559549711,0.003420668687296218,0.39935042359472317,0.412759488315219,0.4664533631517286,0.047011468388069313,0.3713636929055856,0.5615430333978716,0.4664533631517286,0.03819441055471568,0.3889145874697517,0.5439921388337055,0,0,0,124.67448984831437,0.3575
1959,2336559,2.574760061424428,0.44459414120636304,0.003388935198793585,0.43795180668519834,0.45123647572752773,0.5118089016893087,0.05679185138567391,0.396936539559429,0.6266812638191884,0.5118089016893087,0.04634403077685301,0.41772551738214153,0.6058922859964759,0,0,0,187.00838454277496,0.3763
1960,2337559,2.575587973080333,0.38969245390775514,0.003103580707323821,0.383609416002865,0.39577549181264526,0.44132006156097914,0.04153669055174092,0.3573041747335961,0.5253359483883622,0.44132006156097914,0.0328332249939751,0.374665071190683,0.5079750519312753,0,0,0,111.91827260798362,0.345
1961,2338559,2.576152248086106,0.38165251178238546,0.003365743582914508,0.3750556329756912,0.3882493905890797,0.46822141970197173,0.05064888276262772,0.36577438442799826,0.5706684549759452,0.46822141970197173,0.0371503697322535,0.3928021595710923,0.5436406798328511,0,0,0,121.8328006738244,0.3459
1962,2339559,2.5753975480421727,0.43756880423619937,0.003589496337333269,0.43053336860923586,0.4446042398631629,0.5250090940308006,0.0451524851774447,0.43367957224528886,0.6163386158163124,0.5250090940308006,0.03157350359604856,0.46091147405782174,0.5891067140037796,0,0,0,77.37105597360275,0.3944
1963,2340559,2.572329788651501,0.4664807302758097,0.0035007446309575684,0.45961924855722475,0.4733422119943947,0.5609946027312389,0.05995768055760351,0.4397187466809097,0.6822704587815681,0.5609946027312389,0.04608304179967065,0.4674410542158356,0.6545481512466422,0,0,0,173.28517639836826,0.3828
1964,2341559,2.574670209659707,0.4823443359646912,0.0032352442238629325,0.476003236730863,0.48868543519851937,0.558837768760852,0.053635759301186775,0.4503492054330643,0.6673263320886397,0.558837768760852,0.040396556112558775,0.4768283999227366,0.6408471375989674,0,0,0,155.91020530505665,0.3864
1965,2342559,2.5762978861237262,0.4948272955979033,0.003854398116122034,0.48727265080146587,0.5023819403943407,0.5559916965444781,0.054242123822626255,0.4462766452049423,0.6657067478840138,0.5559916965444781,0.039530223011961525,0.4757410774023909,0.6362423156865653,0,0,0,105.18295995027039,0.3277
1966,2343559,2.5748188033180894,0.3845762249474594,0.0030049631969400565,0.37868647798948574,0.3904659719054331,0.4572444047946441,0.0414764512259233,0.3733503635046215,0.5411384460846668,0.4572444047946441,0.02861469996728418,0.39915347552655567,0.5153353340627326,0,0,0,90.67761282485174,0.3558
1967,2344559,2.5755961849461224,0.43391100957063766,0.003105904319747682,0.42782341737063373,0.4399986017706416,0.5174239875566811,0.05455255866529046,0.40708102247962535,0.6277669526337368,0.5174239875566811,0.04319125914022164,0.42974106994500205,0.6051069051683601,0,0,0,193.3817939001412,0.3771
1968,2345559,2.575350612945632,0.38334835056472805,0.0036610130270314776,0.3761727417715763,0.3905239593578798,0.45015122059267826,0.054908091549933556,0.3390891223780805,0.5612133188072761,0.45015122059267826,0.04807856205681418,0.3525465505822637,0.5477558906030928,0,0,0,172.46476936297154,0.3459
1969,2346559,2.5755885750642746,0.41411312965371344,0.0036216809005623946,0.4070146120783369,0.42121164722909,0.5030602436680124,0.0616348250938067,0.3783920425927157,0.6277284447433091,0.5030602436680124,0.05108031201115691,0.39936169727666154,0.6067587900593632,0,0,0,198.92378638599524,0.4028
1970,2347559,2.5748504065394107,0.4317462260103725,0.003730986908274407,0.424433467965407,0.439058984055338,0.49811979066363504,0.05319366592865243,0.390525445586281,0.6057141357409891,0.49811979066363504,0.04467994725866803,0.40741467550000593,0.5888249058272642,0,0,0,143.40947743740816,0.3347
1971,2348559,2.573556266582144,0.3682760692793392,0.0035449894336859024,0.36132786746629825,0.37522427109238016,0.46332073752145947,0.04863062489215647,0.3649560141163809,0.561685460926538,0.46332073752145947,0.03880681318927077,0.3845387183957909,0.542102756647128,0,0,0,119.83565938653025,0.3768
1972,2349559,2.574147151061231,0.4384600854768455,0.003281351931194762,0.4320286148437026,0.44489155610998843,0.5156905309529787,0.049642652053513064,0.41527878939779356,0.6161022725081637,0.5156905309529787,0.042153877581029425,0.43011360986923647,0.6012674520367209,0,0,0,165.03248392597368,0.3688
1973,2350559,2.575581891058134,0.41107310194235236,0.0028860312016863246,0.405416462450708,0.4167297414339967,0.4973491529416204,0.04276314557211003,0.41085252668070327,0.5838457792025376,0.4973491529416204,0.0345630282295719,0.4271824753084261,0.5675158305748147,0,0,0,143.42390009176393,0.3227
1974,2351559,2.575064324873863,0.3798057646664918,0.003542162869587841,0.37286310293704156,0.38674842639594204,0.4687185993076506,0.04581224579615477,0.3760545857092761,0.5613826129060251,0.4687185993076506,0.034968772617106125,0.39772821677647996,0.5397089818388212,0,0,0,97.45939826470334,0.386
1975,2352559,2.573555929948267,0.39316943237255053,0.002733723132583184,0.3878113176640345,0.3985275470810666,0.4819160405549271,0.035593845571709026,0.40992069230784056,0.5539113888020136,0.4819160405549271,0.02437702175159675,0.4324280554298795,0.5314040256799747,0,0,0,79.51558056174515,0.4316
1976,2353559,2.576620620444127,0.36064235727672445,0.0036244515443773747,0.35353840922186736,0.36774630533158154,0.45767304944781806,0.04491906309117439,0.36681566839674123,0.5485304304988948,0.45767304944781806,0.03539364040506762,0.3858201394518486,0.5295259594437876,0,0,0,95.35991875537401,0.3831
1977,2354559,2.5751404880055078,0.4286772783743672,0.0034558562929154226,0.42190377808354196,0.43545077866519244,0.49817488191714115,0.05561133562516432,0.38569033829700444,0.6106594255372778,0.49817488191714115,0.04609866455452802,0.4045896175232408,0.5917601463110416,0,0,0,177.9366211507987,0.4207
1978,2355559,2.5761433320350364,0.4482937046145998,0.0034019020757657583,0.44162595493218487,0.4549614542970147,0.5562947209809366,0.054652478662308865,0.44574964863318167,0.6668397933286915,0.5562947209809366,0.04227428460125322,0.470473360650821,0.6421160813110521,0,0,0,154.42190909197467,0.399
1979,2356559,2.5737316524489575,0.4034220596726992,0.003729505396024772,0.3961122054011557,0.41073191394424263,0.47129265503392526,0.04806164744422948,0.3740787971464743,0.5685065129213762,0.47129265503392526,0.03968289329724923,0.3907320987352672,0.5518532113325832,0,0,0,113.21505419423954,0.3736
1980,2357559,2.5752517666680914,0.48029298692635214,0.003170144171597669,0.4740794842085757,0.48650648964412857,0.5440272721262916,0.04410681167339567,0.45481282464274286,0.6332417196098404,0.5440272721262916,0.03815314438946212,0.46657227121356454,0.6214822730390188,0,0,0,144.84471223548894,0.3735
1981,2358559,2.574884333049955,0.4063108677525557,0.002860605995031738,0.40070406182749285,0.41191767367761856,0.4605782412090925,0.04533177817935136,0.36888606509659794,0.5522704173215871,0.4605782412090925,0.038823701591109844,0.38176193680495496,0.5393945456132301,0,0,0,184.19498069376073,0.4129
1982,2359559,2.5784669030281124,0.4603326555169093,0.003140569312729675,0.45417711971041735,0.4664881913234012,0.5024216011079321,0.041443210367094696,0.4185947958012363,0.5862484064146278,0.5024216011079321,0.030330218985411352,0.44084798308007944,0.5639952191357848,0,0,0,93.26835699359603,0.3116
1983,2360559,2.5753697897006846,0.44240096266657336,0.003383832851309382,0.4357686287788954,0.44903329655425134,0.5222456804617509,0.044902207265030275,0.4314223935371655,0.6130689673863363,0.5222456804617509,0.033829287734113644,0.45356857522566474,0.5909227856978371,0,0,0,99.9465719990367,0.3741
1984,2361559,2.5763581102046818,0.3871585774507318,0.0032626561974584706,0.3807637505744949,0.39355340432696867,0.4372752029902141,0.044100630463572724,0.348073258183649,0.5264771477967792,0.4372752029902141,0.0391995438622474,0.3576958982116686,0.5168545077687596,0,0,0,144.35086881313217,0.3572
1985,2362559,2.5756432881624765,0.46463521129956686,0.0032241102951531533,0.458315934636749,0.4709544879623847,0.5307350290301985,0.04808887913052699,0.43346608985813634,0.6280039682022608,0.5307350290301985,0.0370375239288172,0.455544858059545,0.6059252000008521,0,0,0,131.9666248419024,0.3729
1986,2363559,2.574201716026686,0.45022251444896805,0.0032422030744247575,0.44386777582382575,0.45657725307411035,0.5011699396520674,0.04610086679657316,0.4079221349768146,0.5944177443273201,0.5011699396520674,0.03475786478356761,0.4306077227858934,0.5717321565182414,0,0,0,114.92797436334628,0.363
1987,2364559,2.5757484115401024,0.4681406217151925,0.0034593853874445254,0.46136020437666814,0.47492103905371685,0.48934480464762925,0.04459763055280007,0.3991375822733265,0.579552027021932,0.48934480464762925,0.03727838315716642,0.41366566344791167,0.5650239458473468,0,0,0,116.12246396402652,0.3602
1988,2365559,2.57458336171287,0.4130727067080589,0.004312091696043304,0.4046209795870292,0.4215244338290886,0.5012787879689043,0.05692133114327835,0.38614452830898954,0.6164130476288191,0.5012787879689043,0.045296577954041656,0.4093218459417947,0.593235729996014,0,0,0,110.34554696725402,0.3598
1989,2366559,2.574302129331583,0.44388514819484803,0.0034197852009301304,0.4371823474734909,0.4505879489162052,0.4802741696212978,0.04411348197750533,0.3910462301741925,0.5695021090684032,0.4802741696212978,0.040497854953882396,0.39805915320228874,0.5624891860403068,0,0,0,140.23821782602687,0.3319
1990,2367559,2.57456385228947,0.43441507434317367,0.003726697292791962,0.4271107239718077,0.4417194247145396,0.5202273916288536,0.05837096312724796,0.40216097451756855,0.6382938087401385,0.5202273916288536,0.045098940042235344,0.42867167589342475,0.6117831073642823,0,0,0,146.44833343175088,0.3777
1991,2368559,2.573469273263056,0.4096738893229666,0.0037108965358989333,0.4024005085355008,0.4169472701104324,0.4916379113647319,0.04517147301082071,0.40026998306105926,0.5830058396684046,0.4916379113647319,0.036719996512068385,0.41709235532025696,0.5661834674092069,0,0,0,97.91462631277223,0.3585
1992,2369559,2.573686430824136,0.3448248898962409,0.0033742074342848665,0.3382114218870858,0.35143835790539596,0.4075983556322774,0.044677823803744535,0.3172289270974411,0.49796778416711374,0.4075983556322774,0.03397400600805265,0.338627456680905,0.47656925458364985,0,0,0,101.37945742725456,0.3535
1993,2370559,2.5751359878284674,0.4341406811848578,0.0030525311236945306,0.42815770078822357,0.4401236615814921,0.49026201771791417,0.0423670550570981,0.40456656014522435,0.575957475290604,0.49026201771791417,0.03370360815171205,0.42184005559848065,0.5586839798373476,0,0,0,121.9081083546785,0.393
1994,2371559,2.57430305165125,0.44740888089524955,0.0034706737193896356,0.4406063383543926,0.4542114234361065,0.5190418469974863,0.055335728513432984,0.40711477137974617,0.6309689226152265,0.5190418469974863,0.04700992847052955,0.4236066185029828,0.6144770754919899,0,0,0,183.4643160784441,0.3709
1995,2372559,2.5753708483531508,0.4332624288997412,0.003607580490869014,0.4261915482169504,0.44033330958253203,0.5187681203380767,0.049400589226829966,0.418845997064502,0.6186902436116515,0.5187681203380767,0.04396830708457547,0.42950771153393436,0.608028529142219,0,0,0,148.54137139329734,0.4333
1996,2373559,2.5730251107532722,0.394131890284689,0.003620968850993096,0.38703476833099226,0.4012290122383857,0.43642899598624574,0.05206132504550576,0.33112502653161885,0.5417329654408726,0.43642899598624574,0.04568003480098611,0.34369359517401227,0.5291643967984792,0,0,0,159.14876560605714,0.3586
1997,2374559,2.5748887424971256,0.3799791143684161,0.00314777766280703,0.3738094501499744,0.38614877858685775,0.4838360912396928,0.04833443310129154,0.38607047228058616,0.5816017101987995,0.4838360912396928,0.03501029548502956,0.4127614128051471,0.5549107696742385,0,0,0,123.70391770732365,0.3462
1998,2375559,2.5748561037763937,0.43453677877935065,0.003587992902204498,0.4275042898947916,0.4415692676639097,0.5312150919215822,0.04723322962254036,0.4356768672400585,0.626753316603106,0.5312150919215822,0.04004958180860855,0.44991011836881534,0.6125200654743491,0,0,0,124.59276408002617,0.3909
1999,2376559,2.574782693118906,0.43831670301263304,0.003515492734888061,0.4314263149166425,0.44520709110862355,0.5527342193449788,0.05948661494418352,0.4324111834336557,0.6730572552563019,0.5527342193449788,0.05095175386338842,0.44929665986865397,0.6561717788213036,0,0,0,210.06121169035924,0.3357
