rep,seed,true_att,att_naive,se_naive,ci_lo_naive,ci_hi_naive,att_cluster_psu,se_cluster_psu,ci_lo_cluster_psu,ci_hi_cluster_psu,att_survey,se_survey,ci_lo_survey,ci_hi_survey,covers_naive,covers_cluster_psu,covers_survey,deff_ratio,elapsed_s
0,570340,2.0,2.6262383702277035,0.018923257825679808,2.5891494664192054,2.6633272740362015,2.6409994324078823,0.052253913654080594,2.5353059157233884,2.746692949092376,2.6409994324078823,0.051053689314699335,2.5373549329636815,2.744643931852083,0,0,0,7.278844627980237,0.82
1,571340,2.0,2.573617926813427,0.01920263402260088,2.5359814557208256,2.6112543979060283,2.5623851087923555,0.0584687884383043,2.444120821312647,2.680649396272064,2.5623851087923555,0.05844309131757183,2.443739325757094,2.681030891827617,0,0,0,9.26285252189846,0.6458
2,572340,2.0,2.558480799153974,0.01934975801302656,2.5205559703388767,2.5964056279690713,2.570639162628241,0.07061013437124157,2.427816684972955,2.7134616402835268,2.570639162628241,0.07065954943312211,2.427192651117463,2.714085674139019,0,0,0,13.334927269371644,0.7994
3,573340,2.0,2.5181023191774243,0.018619293067291577,2.4816091753479363,2.5545954630069123,2.506232015045203,0.06889000308790434,2.3668888313179948,2.6455751987724114,2.506232015045203,0.0639676806901054,2.376370719324434,2.6360933107659723,0,0,0,11.803065944767875,0.7842
4,574340,2.0,2.5364535030411566,0.01881575734122123,2.499575296310518,2.573331709771795,2.525852001956768,0.07630400806203166,2.3715125776872847,2.6801914262262514,2.525852001956768,0.07679395003786157,2.3699519951432446,2.6817520087702915,0,0,0,16.657530101723573,0.7225
5,575340,2.0,2.6411028466218776,0.019203694551785756,2.6034642969302695,2.6787413963134856,2.632217761614072,0.07145827327460996,2.487679761100013,2.776755762128131,2.632217761614072,0.06823504283161447,2.49369326017711,2.770742263051034,0,0,0,12.625406145760465,0.8652
6,576340,2.0,2.6204798423372515,0.018911576355658263,2.5834138337892822,2.6575458508852208,2.6154683940311187,0.07419958682814798,2.465385563483345,2.7655512245788927,2.6154683940311187,0.07397711709823099,2.465286862100896,2.7656499259613416,0,0,0,15.301688069617192,0.7549
7,577340,2.0,2.6037877461515895,0.018286622544670242,2.5679466245651574,2.6396288677380215,2.6055356964254988,0.05720152706437833,2.4898346870201435,2.721236705830854,2.6055356964254988,0.05579966026056046,2.4922563637368595,2.718815029114138,0,0,0,9.31099531382494,0.7556
8,578340,2.0,2.585580366523992,0.018738782643200044,2.5488530274291956,2.622307705618788,2.5831520792902256,0.05149946326765771,2.4789845825519676,2.6873195760284836,2.5831520792902256,0.05239053703850665,2.47679363468306,2.689510523897391,0,0,0,7.816691159127426,0.7474
9,579340,2.0,2.631834867290538,0.019072959525548803,2.5944525535418723,2.669217181039204,2.6361860702936855,0.06571652905270128,2.5032618436824547,2.769110296904916,2.6361860702936855,0.0645478864770046,2.5051468942049153,2.7672252463824556,0,0,0,11.453227271489842,0.6856
10,580340,2.0,2.604374958045721,0.019312079280913642,2.566523978188548,2.642225937902894,2.5747219773797467,0.07695741553508946,2.4190609117474255,2.730383043012068,2.5747219773797467,0.07127499083924313,2.4300260533910287,2.7194179013684647,0,0,0,13.621228206118442,0.7289
11,581340,2.0,2.64416904983124,0.018961076021146422,2.6070060237216666,2.681332075940813,2.654665963357016,0.07522599436022868,2.502507027613845,2.806824899100187,2.654665963357016,0.07566429403886905,2.501059280143243,2.808272646570789,0,0,0,15.924140834116718,0.7365
12,582340,2.0,2.494324952409715,0.019886896077167582,2.4553473523341753,2.5333025524852544,2.508473303294555,0.09877482392977671,2.308682363803566,2.7082642427855443,2.508473303294555,0.0927101168324993,2.320261760083883,2.6966848465052276,0,0,0,21.733028435576166,0.834
13,583340,2.0,2.557227376809204,0.01879962054112973,2.5203807976255703,2.5940739559928376,2.5677220915211865,0.07270611526951586,2.4206600923343906,2.7147840907079823,2.5677220915211865,0.0744489764258633,2.4165826342289187,2.718861548813454,0,0,0,15.682644418111956,0.8154
14,584340,2.0,2.530068526179918,0.01869444740665536,2.493428082551995,2.5667089698078405,2.53920653095577,0.061385653268039755,2.415042327469981,2.663370734441559,2.53920653095577,0.05847882136584273,2.420488212066237,2.657924849845303,0,0,0,9.78525070839281,0.8467
15,585340,2.0,2.7076721795934398,0.019788446192979217,2.6688875377451917,2.746456821441688,2.687520178933487,0.08826759248569854,2.5089821210791596,2.866058236787814,2.687520178933487,0.08787118747048493,2.509132184584883,2.8659081732820906,0,0,0,19.718306006431707,0.6521
16,586340,2.0,2.5874556775488853,0.018951719082123772,2.550310990702802,2.6246003643949685,2.561354695301799,0.06648607634904558,2.426873912361714,2.695835478241884,2.561354695301799,0.06606146551506968,2.4272427904078193,2.6954666001957786,0,0,0,12.150640936222446,0.8291
17,587340,2.0,2.631712028865035,0.018895482426901658,2.594677563837798,2.668746493892272,2.6158878279685616,0.0662918178099425,2.4817999700116595,2.7499756859254636,2.6158878279685616,0.06635006336502276,2.481190038291316,2.750585617645807,0,0,0,12.33010329472108,0.7256
18,588340,2.0,2.416789225838674,0.01895020555009354,2.3796475054608597,2.4539309462164884,2.428858560453229,0.07677993236011353,2.2735564884273907,2.5841606324790676,2.428858560453229,0.07717993621026964,2.272174960050905,2.585542160855553,0,0,0,16.5875017029976,0.7959
19,589340,2.0,2.6055867524988052,0.018850594099084263,2.568640266977417,2.6425332380201936,2.5962350959081526,0.06921676625026407,2.4562309712994366,2.7362392205168686,2.5962350959081526,0.06491692496580002,2.4644467318574494,2.7280234599588558,0,0,0,11.859484045099384,0.8761
20,590340,2.0,2.5956169843968135,0.018382696493197306,2.559587561331416,2.631646407462211,2.5917130407381976,0.05905349950400818,2.472266063495045,2.71116001798135,2.5917130407381976,0.060210393345563724,2.469479443844297,2.713946637632098,0,0,0,10.728141550115062,0.7737
21,591340,2.0,2.463658467854255,0.019304834501212703,2.4258216875043717,2.5014952482041384,2.4552134631804696,0.07958187104373521,2.29424393522077,2.6161829911401693,2.4552134631804696,0.07837957300508203,2.296094470609976,2.6143324557509633,0,0,0,16.484418086725068,0.734
22,592340,2.0,2.5525756993925706,0.018273623946440803,2.516760054590518,2.588391344194623,2.5554225400823065,0.0575339042775853,2.4390492343057706,2.6717958458588424,2.5554225400823065,0.05508841976716531,2.4435871023582014,2.6672579778064116,0,0,0,9.088061612552432,0.7459
23,593340,2.0,2.613469545839733,0.018998125679158328,2.576233903734817,2.6507051879446486,2.5994947526150174,0.06296620192887405,2.472133587704283,2.726855917525752,2.5994947526150174,0.06126617396841171,2.47511780710818,2.723871698121855,0,0,0,10.399680734210456,0.7723
24,594340,2.0,2.5566168250938874,0.01885224893701395,2.5196670961497567,2.593566554038018,2.543264037901773,0.06743218328687842,2.4068695730491494,2.6796585027543967,2.543264037901773,0.06788187512479248,2.4054565050264323,2.6810715707771138,0,0,0,12.965262954163002,0.7114
25,595340,2.0,2.6167469846531666,0.01908434923942073,2.5793423474755177,2.6541516218308154,2.623298104975079,0.056767570180798865,2.5084748562178274,2.7381213537323306,2.623298104975079,0.053991759039622486,2.5136890068885593,2.7329072030615986,0,0,0,8.003873995256289,0.7857
26,596340,2.0,2.529382815443685,0.019180680382859788,2.491789372694306,2.566976258193064,2.5137029652045353,0.06136577065873584,2.389578978092052,2.6378269523170186,2.5137029652045353,0.06188282490848145,2.3880741517352995,2.639331778673771,0,0,0,10.409077555848256,0.7672
27,597340,2.0,2.658419603368325,0.01878196585645078,2.6216076267308206,2.6952315800058293,2.6682429998657655,0.060363724936670485,2.5461458415367657,2.7903401581947653,2.6682429998657655,0.0576431532924172,2.5512211773574793,2.7852648223740517,0,0,0,9.419185874305928,0.834
28,598340,2.0,2.5486499268373333,0.018556109735724975,2.512280620062139,2.5850192336125275,2.523945376215654,0.0659584848312079,2.3905317478481876,2.6573590045831206,2.523945376215654,0.03788166213383293,2.4470415135824592,2.600849238848849,0,0,0,4.167582332536091,0.759
29,599340,2.0,2.4590747536334887,0.018783438384832096,2.4222598908933906,2.495889616373587,2.4489118652823443,0.06140295947831978,2.324712656682162,2.5731110738825267,2.4489118652823443,0.05805763701496306,2.331048596082787,2.5667751344819014,0,0,0,9.553632305327428,0.8956
30,600340,2.0,2.628143887976984,0.018649266469216257,2.5915919973592296,2.6646957785947385,2.612322082571471,0.06015852986600999,2.4906399704487323,2.7340041946942093,2.612322082571471,0.059900767966415545,2.4907170586145666,2.733927106528375,0,0,0,10.316711166863179,0.7169
31,601340,2.0,2.6009509420156385,0.01921345007094966,2.5632932718578187,2.638608612173458,2.590984409452976,0.07212338600959131,2.4451010914490694,2.736867727456883,2.590984409452976,0.07330231134126214,2.4421728060400048,2.7397960128659475,0,0,0,14.555416107490883,0.7611
32,602340,2.0,2.543023465814347,0.01882638864823173,2.506124422104859,2.579922509523835,2.5453643564445834,0.0611036684432312,2.421770521103523,2.6689581917856438,2.5453643564445834,0.05931717576652216,2.4249440876395476,2.665784625249619,0,0,0,9.927202712467906,0.7447
33,603340,2.0,2.5847802837720675,0.018835878349635345,2.5478626405896043,2.6216979269545306,2.5611450949637895,0.05984247741924284,2.440102259255382,2.682187930672197,2.5611450949637895,0.056744247044819965,2.4459481491555044,2.6763420407720746,0,0,0,9.07552842585059,0.7167
34,604340,2.0,2.6030463245176314,0.019118478253754508,2.5655747957010604,2.6405178533342024,2.611795284632154,0.07029788671415337,2.469604387477663,2.753986181786645,2.611795284632154,0.07017273645943767,2.4693370559988277,2.7542535132654806,0,0,0,13.471941318952998,0.7636
35,605340,2.0,2.430783270502705,0.018942452718048442,2.3936567453964774,2.4679097956089326,2.4312571546634216,0.0591569829431512,2.3116008624075404,2.550913446919303,2.4312571546634216,0.058508123505565376,2.312479349267723,2.5500349600591203,0,0,0,9.540253509168105,0.9036
36,606340,2.0,2.6243703502806097,0.018407908239227937,2.5882915131010047,2.6604491874602147,2.624118198429832,0.06041869318386496,2.5019098563263413,2.7463265405333224,2.624118198429832,0.058696990567834305,2.504956972513636,2.743279424346028,0,0,0,10.167701526342551,0.7117
37,607340,2.0,2.513324007357439,0.019105346301511405,2.475878216694311,2.550769798020567,2.508952625794848,0.07400770455057033,2.359257913787646,2.6586473378020496,2.508952625794848,0.07513230731268673,2.356425933051621,2.6614793185380745,0,0,0,15.464775660743905,0.8198
38,608340,2.0,2.636040561385661,0.018768753864340123,2.5992544797768575,2.6728266429944645,2.6278756560887664,0.06788133106757875,2.4905727040983656,2.765178608079167,2.6278756560887664,0.06068729268576868,2.504673902063338,2.7510774101141946,0,0,0,10.455014738826213,0.6762
39,609340,2.0,2.5804336230161997,0.019400296286004735,2.542409741006224,2.6184575050261754,2.5760650083105006,0.0706662609068569,2.4331290040212523,2.719001012599749,2.5760650083105006,0.07156704806610786,2.4307761766300215,2.7213538399909796,0,0,0,13.60847573086104,0.7611
40,610340,2.0,2.5275078931868302,0.01920332682104869,2.4898700642342226,2.565145722139438,2.514201583847963,0.07973835871784886,2.3529155296907365,2.67548763800519,2.514201583847963,0.07793453879926349,2.3559860587470443,2.672417108948882,0,0,0,16.470507946381073,0.7443
41,611340,2.0,2.6825556568162154,0.019083225224710548,2.6451532226669165,2.7199580909655143,2.6745284682910433,0.07406609692803509,2.5247156465521443,2.8243412900299423,2.6745284682910433,0.07498026285183312,2.522310442213242,2.8267464943688445,0,0,0,15.43797613269166,0.8192
42,612340,2.0,2.7940108772434957,0.019304394132650636,2.756174960000134,2.8318467944868573,2.7657270293731937,0.07883726456605096,2.6062636101749064,2.925190448571481,2.7657270293731937,0.06880975712936015,2.626035795883899,2.9054182628624883,0,0,0,12.70538115508141,0.6323
43,613340,2.0,2.612282261532909,0.01907263006678651,2.574900593511552,2.6496639295542663,2.597234360562664,0.06120817237623532,2.473429146065208,2.72103957506012,2.597234360562664,0.05999308596312584,2.4754419211087177,2.7190268000166102,0,0,0,9.894212499169246,0.7776
44,614340,2.0,2.496911765139508,0.019057650172025712,2.4595594571723742,2.534264073106642,2.50341566212924,0.07089029602755786,2.3600265040355803,2.6468048202228993,2.50341566212924,0.07147984672358174,2.358303858585577,2.6485274656729025,0,0,0,14.067875748153106,0.6127
45,615340,2.0,2.469663019064545,0.019013519604064638,2.4323972054212324,2.506928832707858,2.4578525580604924,0.07016314550779934,2.3159342007206485,2.5997709154003363,2.4578525580604924,0.06693197028170306,2.3219734345381906,2.593731681582794,0,0,0,12.392022276622209,0.793
46,616340,2.0,2.5441743372390273,0.018925397673623827,2.5070812394056263,2.5812674350724283,2.5505278767980797,0.04989462642727771,2.449606468964999,2.6514492846311604,2.5505278767980797,0.050476380751187024,2.448055376045712,2.6530003775504474,0,0,0,7.113549982187011,0.7461
47,617340,2.0,2.762361806178242,0.01875828185660968,2.7255962493274355,2.799127363029048,2.7529619610616294,0.06197841704548616,2.627598779665473,2.878325142457786,2.7529619610616294,0.05310655070702867,2.6451499314292617,2.860773990693997,0,0,0,8.015120853865538,0.9031
48,618340,2.0,2.6041503874026155,0.019054222294300666,2.566804797952366,2.641495976852865,2.58109535720262,0.0637771438250439,2.452093907481825,2.710096806923415,2.58109535720262,0.06347817553563524,2.45222780977686,2.7099629046283797,0,0,0,11.098554442401914,0.7589
49,619340,2.0,2.551568830892008,0.01849404672867357,2.5153211653754073,2.587816496408609,2.528820195764776,0.06449420588785565,2.3983683511204292,2.659272040409123,2.528820195764776,0.05790691578794192,2.41126290692315,2.646377484606402,0,0,0,9.803856988677461,0.829
50,620340,2.0,2.612734735728495,0.018980910438648177,2.575532834874964,2.649936636582026,2.607189646400917,0.06915335332729708,2.4673137865356995,2.747065506266135,2.607189646400917,0.06662263977395763,2.4719384971948393,2.742440795606995,0,0,0,12.319968385105533,0.7344
51,621340,2.0,2.5792113500467453,0.01883476023102284,2.5422958983364934,2.616126801756997,2.5720614122073204,0.0709709805949265,2.4285090541718573,2.7156137702427836,2.5720614122073204,0.06813438310867653,2.43374126087195,2.7103815635426907,0,0,0,13.086167184851,0.7968
52,622340,2.0,2.6203957168237464,0.01888403552725963,2.583383687307543,2.65740774633995,2.6215973351939903,0.06562261909171876,2.48886305940814,2.7543316109798406,2.6215973351939903,0.05939454292250795,2.5010200027122016,2.742174667675779,0,0,0,9.892441060541783,0.7591
53,623340,2.0,2.6010079583258974,0.018723114039779557,2.564311329129493,2.6377045875223017,2.5910474172450733,0.0691371631258024,2.4512043051534125,2.730890529336734,2.5910474172450733,0.06282075251607125,2.4635145095035442,2.7185803249866023,0,0,0,11.25771121233863,0.7922
54,624340,2.0,2.561664556809716,0.018907490661401086,2.5246065560753426,2.5987225575440895,2.5531246788940267,0.05411081676233392,2.443675221153081,2.6625741366349724,2.5531246788940267,0.051941975658477677,2.447676862300765,2.6585724954872885,0,0,0,7.546909456816757,0.8167
55,625340,2.0,2.5108460297493123,0.01910351378200829,2.4734038307584116,2.548288228740213,2.4927350912846764,0.07271738841209098,2.3456502900147536,2.6398198925545993,2.4927350912846764,0.0728942878733193,2.344751819548888,2.640718363020465,0,0,0,14.559970097755553,0.8186
56,626340,2.0,2.544999050584945,0.01880565970829883,2.5081406348511632,2.5818574663187266,2.5353618813490266,0.06542425701303886,2.4030288307386014,2.667694931959452,2.5353618813490266,0.06458463774796751,2.4042480962137014,2.666475666484352,0,0,0,11.794548200605549,0.7222
57,627340,2.0,2.698073347377337,0.01910104012597406,2.6606359966631734,2.7355106980915007,2.684548187727989,0.07136114741621408,2.540206642805808,2.82888973265017,2.684548187727989,0.07107594222717425,2.540256353904739,2.828840021551239,0,0,0,13.846219673953023,0.831
58,628340,2.0,2.6337301023260045,0.018889983839932678,2.5967064143311926,2.6707537903208163,2.6220044297286806,0.05783684530965419,2.5050183678772724,2.738990491580089,2.6220044297286806,0.05646296711260877,2.507378512540835,2.736630346916526,0,0,0,8.934375886692878,0.7931
59,629340,2.0,2.602699883576184,0.019055339548421094,2.565352104348097,2.640047662804271,2.5862996791410224,0.07400436493568188,2.436611722142532,2.735987636139513,2.5862996791410224,0.07158741898337463,2.4409694922998946,2.7316298659821503,0,0,0,14.113672168364934,0.7776
60,630340,2.0,2.723387582159096,0.018929859033535435,2.686285740220946,2.7604894240972455,2.712915032822701,0.06438132573544848,2.5826915098376806,2.843138555807722,2.712915032822701,0.06103658212428286,2.5890041835388913,2.836825882106511,0,0,0,10.396463973773919,0.7033
61,631340,2.0,2.6092067408258814,0.018961341307305625,2.5720431947649907,2.6463702868867722,2.6101120526808783,0.07670654649332147,2.4549584175814596,2.765265687780297,2.6101120526808783,0.07792000938131088,2.451926023866538,2.7682980814952187,0,0,0,16.887286871198064,0.879
62,632340,2.0,2.5791533230860813,0.018925169604903633,2.542060672259158,2.6162459739130046,2.573995658301337,0.08007244533681825,2.412033850173415,2.735957466429259,2.573995658301337,0.08157083116429996,2.4083980672407215,2.7395932493619526,0,0,0,18.577625959059834,0.8122
63,633340,2.0,2.623842339818139,0.018977807154470904,2.5866465212898295,2.661038158346449,2.5931605464065353,0.07362526277050178,2.4442393959153206,2.74208169689775,2.5931605464065353,0.06981230177210815,2.4514340390895732,2.7348870537234973,0,0,0,13.53230744956484,0.7315
64,634340,2.0,2.6167152011578496,0.019004901055337118,2.5794662795596417,2.6539641227560575,2.6225360637530684,0.07584064523428191,2.4691338792679574,2.7759382482381794,2.6225360637530684,0.0775462428011886,2.4651088214363495,2.7799633060697873,0,0,0,16.649082121601655,0.7632
65,635340,2.0,2.5472567538081177,0.019337166996917215,2.509356602931123,2.585156904685112,2.5354587067356693,0.06748317404129232,2.398961103347087,2.671956310124252,2.5354587067356693,0.06601976779860681,2.401431452706471,2.6694859607648675,0,0,0,11.656342217500582,0.7897
66,636340,2.0,2.525903985024135,0.018427409688411247,2.489786925706485,2.5620210443417855,2.5105640254067736,0.05678065437189218,2.3957143113750017,2.6254137394385455,2.5105640254067736,0.05774506446153426,2.393335312226086,2.6277927385874613,0,0,0,9.819766434891184,0.7517
67,637340,2.0,2.5138422806633978,0.01888386384744149,2.4768305876334544,2.550853973693341,2.5025704822978225,0.06783324911365796,2.365364785239035,2.63977617935661,2.5025704822978225,0.06820923818340612,2.3640983670817737,2.6410425975138714,0,0,0,13.046820188880663,0.7241
68,638340,2.0,2.5111289300993462,0.018839051317630112,2.474205068013889,2.5480527921848033,2.496649406212521,0.07005505628219755,2.3549496799678558,2.6383491324571864,2.496649406212521,0.06989630328383747,2.354752366760612,2.63854644566443,0,0,0,13.7654481839171,0.7356
69,639340,2.0,2.6069905209156,0.018833766749990908,2.57007701639239,2.64390402543881,2.6018769046529493,0.06007652376292092,2.4803606655303163,2.7233931437755823,2.6018769046529493,0.061588343951375225,2.4768459193094534,2.726907889996445,0,0,0,10.693569047105836,0.7666
70,640340,2.0,2.5743739784520123,0.01888122591258421,2.537367455679383,2.611380501224642,2.5580510950868343,0.06421505908914898,2.4281638781375885,2.68793831203608,2.5580510950868343,0.05925789275893305,2.4377511771855156,2.678351012988153,0,0,0,9.849904736238486,0.7669
71,641340,2.0,2.6241233595363327,0.01927615337057615,2.586342793169533,2.6619039259031325,2.5976526946102596,0.057382905531510535,2.481584812626346,2.713720576594173,2.5976526946102596,0.05328920095445029,2.4894698652625045,2.7058355239580147,0,0,0,7.642539117706907,0.8006
72,642340,2.0,2.5543534968386625,0.01922621264592782,2.5166708124935355,2.5920361811837895,2.5683975155407253,0.07179010700087081,2.4231883179615963,2.7136067131198542,2.5683975155407253,0.06836736939377905,2.4296043769007944,2.707190654180656,0,0,0,12.644750268271286,0.8076
73,643340,2.0,2.5752344758480623,0.018708803935249763,2.5385658939411515,2.611903057754973,2.565924308624124,0.059161518910517547,2.446258841508237,2.6855897757400107,2.565924308624124,0.05397927259797217,2.456340559361794,2.6755080578864536,0,0,0,8.324573811217903,0.7863
74,644340,2.0,2.6718782742268625,0.01912618022201289,2.634391649829895,2.70936489862383,2.663386787551779,0.07716818242925787,2.507299405636379,2.819474169467179,2.663386787551779,0.07892631738295988,2.5031578448850293,2.8236157302185285,0,0,0,17.028923390078027,0.7783
75,645340,2.0,2.6912286180380347,0.018689836847368423,2.654597210940263,2.7278600251358065,2.67168065029428,0.04918273767111229,2.572199173384371,2.771162127204189,2.67168065029428,0.044974759392707175,2.5803770346799935,2.7629842659085666,0,0,0,5.7906414772940265,0.8206
76,646340,2.0,2.547014142672856,0.01903940441813298,2.5096975957262226,2.5843306896194895,2.5304184367680254,0.07526907875418613,2.3781723546124014,2.6826645189236493,2.5304184367680254,0.07645975067234226,2.375196890736059,2.6856399827999917,0,0,0,16.12720242930718,0.7951
77,647340,2.0,2.507369447478826,0.018969556936189323,2.470189799081213,2.544549095876439,2.498070873996739,0.06613618899974572,2.3642978050211183,2.63184394297236,2.498070873996739,0.06680915050302595,2.362441087880876,2.6337006601126025,0,0,0,12.403879098107522,0.7122
78,648340,2.0,2.5915207166801,0.018783321882272972,2.554706082280822,2.6283353510793783,2.5741307969695164,0.06529141844298611,2.4420664377285677,2.706195156210465,2.5741307969695164,0.05690703641795461,2.458603371164196,2.689658222774837,0,0,0,9.178825987481199,0.7667
79,649340,2.0,2.592592152419184,0.01904442443145998,2.555265766427228,2.6299185384111405,2.5857846084375247,0.06923399147883989,2.445745642515373,2.7258235743596764,2.5857846084375247,0.06998601141387595,2.443705451799596,2.7278637650754534,0,0,0,13.504757277958653,0.7518
80,650340,2.0,2.5370940518159926,0.019022211663080435,2.4998112020500574,2.574376901581928,2.5324569028604214,0.0740611879057947,2.382654010556234,2.6822597951646086,2.5324569028604214,0.07539877155007177,2.379389258956284,2.6855245467645585,0,0,0,15.711097382826665,0.9508
81,651340,2.0,2.5500157052690087,0.01862570002263757,2.513510004037792,2.5865214065002253,2.5398280382950693,0.06591392366483378,2.406504543394214,2.6731515331959246,2.5398280382950693,0.06369883192063847,2.410512534592695,2.6691435419974434,0,0,0,11.696009942616426,0.7089
82,652340,2.0,2.6289041948754996,0.018660751926825363,2.5923297931744855,2.6654785965765138,2.634654204440579,0.0633290887120436,2.506559031728526,2.762749377152632,2.634654204440579,0.06482533068691308,2.5030517866616266,2.7662566222195313,0,0,0,12.067886107467402,0.8975
83,653340,2.0,2.6416113912040737,0.018728683232291987,2.6049038465909224,2.678318935817225,2.633406667274516,0.052388891928209724,2.5274401312605392,2.7393732032884928,2.633406667274516,0.052908979642875116,2.525995728225879,2.740817606323153,0,0,0,7.980760607590842,0.7464
84,654340,2.0,2.6052270420442665,0.018548670340291517,2.5688723162161886,2.6415817678723443,2.6022195810124664,0.06465265648639887,2.4714472397811718,2.732991922243761,2.6022195810124664,0.06561850228014958,2.469006939293622,2.735432222731311,0,0,0,12.51489071895233,0.7909
85,655340,2.0,2.488280365855514,0.018881786788149547,2.451272743786977,2.525287987924051,2.4653660894600415,0.07163660303448018,2.3204673829599205,2.6102647959601626,2.4653660894600415,0.07090323533685623,2.32142486926409,2.609307309655993,0,0,0,14.100870582262873,0.8407
86,656340,2.0,2.6876090605576066,0.018482784766896517,2.6513834680804838,2.7238346530347295,2.684688355926225,0.05558353883130908,2.5722600366286255,2.7971166752238243,2.684688355926225,0.05226379376384186,2.578587213845809,2.790789498006641,0,0,0,7.995894412800772,0.7524
87,657340,2.0,2.58543296939925,0.019058882465065676,2.5480782461821394,2.622787692616361,2.5843755863679783,0.07599118604264886,2.430668904356688,2.7380822683792685,2.5843755863679783,0.06949414418342355,2.4432949732942375,2.725456199441719,0,0,0,13.295404607193618,0.7125
88,658340,2.0,2.560111362465097,0.018752101809719396,2.5233579182836188,2.5968648066465754,2.5644067994747517,0.063861937959055,2.43523383742902,2.6935797615204833,2.5644067994747517,0.06058153524812363,2.4414197444619585,2.687393854487545,0,0,0,10.437119247536922,0.6746
89,659340,2.0,2.536007820211869,0.01890728708397046,2.498950218481928,2.5730654219418105,2.515111411222084,0.07471189995247882,2.3639923295695104,2.6662304928746576,2.515111411222084,0.07361672677872994,2.365661510536745,2.664561311907423,0,0,0,15.159838336658996,0.8026
90,660340,2.0,2.6090942311542156,0.018823845488832452,2.5722001719455574,2.6459882903628738,2.597757187113175,0.06379082348551857,2.4687280676673486,2.726786306559001,2.597757187113175,0.05422584354728023,2.4876728722117787,2.707841502014571,0,0,0,8.298429994801532,0.7863
91,661340,2.0,2.612045665368843,0.019047991605450124,2.5747122878443394,2.6493790428933464,2.5954424673516563,0.06832480573461876,2.4572425031789673,2.7336424315243453,2.5954424673516563,0.06504739936350974,2.4633892261917287,2.727495708511584,0,0,0,11.661690033777868,0.6982
92,662340,2.0,2.535253831134688,0.019030774975452722,2.4979541975849147,2.5725534646844617,2.528849096972046,0.06381044061151522,2.399780298143589,2.657917895800503,2.528849096972046,0.06349495920394577,2.3999474768881837,2.6577507170559085,0,0,0,11.131803943631336,0.6814
93,663340,2.0,2.5394177228222965,0.018840904242761126,2.502490229070317,2.576345216574276,2.520067016421064,0.07433524520330369,2.3697097909096354,2.670424241932493,2.520067016421064,0.0729429314143958,2.3719849930468784,2.66814903979525,0,0,0,14.988664570797168,0.831
94,664340,2.0,2.6352290419564763,0.018653822793756478,2.5986682211067214,2.6717898628062313,2.620007629745917,0.04893414833912347,2.52102897222064,2.718986287271194,2.620007629745917,0.04409401194305388,2.530492026511958,2.7095232329798757,0,0,0,5.587577209028152,0.7572
95,665340,2.0,2.632612291360647,0.018674547996949953,2.5960108498590606,2.6692137328622336,2.6200390087759686,0.04932298816312333,2.5202738484693383,2.719804169082599,2.6200390087759686,0.04556238230138968,2.5275424552359445,2.712535562315993,0,0,0,5.95268155115899,0.7608
96,666340,2.0,2.5654671439522323,0.019483819994656447,2.5272795584814443,2.6036547294230203,2.545589940951292,0.0801909337501556,2.3833884673855827,2.7077914145170014,2.545589940951292,0.07937995545605284,2.3844400640358003,2.706739817866784,0,0,0,16.598677406102315,0.8228
97,667340,2.0,2.5907870109957636,0.01952429719835751,2.5525200916635264,2.6290539303280007,2.578575736219327,0.09022997787338853,2.3960683792597064,2.761083093178948,2.578575736219327,0.08780254173142721,2.400327100129825,2.756824372308829,0,0,0,20.223827701536432,0.7429
98,668340,2.0,2.57558971112798,0.019085321270503126,2.5381831688044176,2.6129962534515423,2.558616769669934,0.06881228254673799,2.419430790575643,2.6978027487642247,2.558616769669934,0.06947897110646056,2.4175669595800318,2.699666579759836,0,0,0,13.252804973152518,0.7542
99,669340,2.0,2.5558865817506042,0.01897942664224325,2.5186875890845877,2.593085574416621,2.5467630859612713,0.060921280084558355,2.423538165897219,2.669988006025324,2.5467630859612713,0.06198384503036433,2.4209291907416883,2.6725969811808543,0,0,0,10.665736484233763,0.8539
100,670340,2.0,2.5664570084698246,0.01904057343855504,2.529138170285267,2.6037758466543823,2.5603516344526076,0.070390354576504,2.417973703392545,2.70272956551267,2.5603516344526076,0.06536764920089747,2.4276482515587787,2.6930550173464365,0,0,0,11.785979630340028,0.765
101,671340,2.0,2.537889022528186,0.019041599137968015,2.5005681740097194,2.575209871046652,2.530049055816304,0.059325982071634545,2.410050930557745,2.650047181074863,2.530049055816304,0.05941656160818087,2.409427023026161,2.650671088606447,0,0,0,9.736619432627103,0.7735
102,672340,2.0,2.5175114412900905,0.01923262391940619,2.4798161910798506,2.5552066915003304,2.4920184010118787,0.0815984142291349,2.3269700294612092,2.657066772562548,2.4920184010118787,0.06520799202403743,2.3596391394185954,2.624397662605162,0,0,0,11.495412903434735,0.8002
103,673340,2.0,2.6532222151103775,0.01889689339176878,2.6161849846428176,2.6902594455779374,2.6354010295459296,0.07030313806622569,2.4931995105292843,2.777602548562575,2.6354010295459296,0.07189438501684971,2.4894476685265405,2.7813543905653186,0,0,0,14.474684965392717,0.8623
104,674340,2.0,2.5658914074398096,0.018609134509901752,2.5294181740169406,2.6023646408626786,2.5436216522151267,0.06749112056602682,2.407107975463118,2.6801353289671352,2.5436216522151267,0.06541171026266457,2.410828820610477,2.6764144838197765,0,0,0,12.35545259338067,0.6884
105,675340,2.0,2.58682850678524,0.01929064718935202,2.5490195330556413,2.624637480514839,2.588920566545032,0.0762850645990055,2.434619459046206,2.743221674043858,2.588920566545032,0.07603460194039549,2.4345621183244766,2.7432790147655877,0,0,0,15.535633128628575,0.7203
106,676340,2.0,2.5746876428996313,0.019184322792005958,2.5370870611595087,2.612288224639754,2.561965270496919,0.07559365005206266,2.4090626809241753,2.7148678600696625,2.561965270496919,0.07021981718783842,2.4194114629035983,2.7045190780902395,0,0,0,13.397582579077254,0.7089
107,677340,2.0,2.5848230447637333,0.01895088255657216,2.5476799974776037,2.621966092049863,2.564538456749248,0.07395778357894571,2.4149447194380707,2.7141321940604253,2.564538456749248,0.0680035815769088,2.4264838466405463,2.7025930668579496,0,0,0,12.876703408550688,0.7753
108,678340,2.0,2.4787577005213364,0.01901534579596083,2.441488307607678,2.5160270934349946,2.473247223858505,0.07215252913555234,2.327304958318335,2.6191894893986745,2.473247223858505,0.07356313131687843,2.3239061277451887,2.622588319971821,0,0,0,14.966214301389883,0.7646
109,679340,2.0,2.529782589260439,0.01917935831555202,2.4921917377153684,2.5673734408055098,2.515142464662281,0.06630011363699034,2.3810378268113355,2.6492471025132267,2.515142464662281,0.06416307960088793,2.3848844880635607,2.6454004412610015,0,0,0,11.19185964225437,0.6463
110,680340,2.0,2.5303958406202645,0.018608494963997853,2.4939238606843337,2.5668678205561952,2.511544377129503,0.05333593720011487,2.4036622612431797,2.619426493015826,2.511544377129503,0.05284584998591001,2.4042615980979787,2.6188271561610272,0,0,0,8.064905383643767,0.9408
111,681340,2.0,2.6040588078588334,0.019040089414343243,2.566740918344298,2.6413766973733686,2.6011090136089328,0.06898102606586809,2.4615817185306823,2.740636308687183,2.6011090136089328,0.06909944158406275,2.4608296894114554,2.74138833780641,0,0,0,13.170768257667932,0.6959
112,682340,2.0,2.677517521209593,0.01874122930412098,2.6407853867475093,2.714249655671677,2.6803353527261153,0.06339957114002966,2.552097615846953,2.808573089605278,2.6803353527261153,0.0647016339473071,2.548984052678936,2.811686652773295,0,0,0,11.918849824302674,0.8419
113,683340,2.0,2.5746734151495825,0.019081231768246616,2.5372748881031577,2.6120719421960072,2.575408430409704,0.06285427063686128,2.4482736679069914,2.702543192912416,2.575408430409704,0.06017783299350131,2.453240934544672,2.6975759262747356,0,0,0,9.94627072660361,0.7816
114,684340,2.0,2.563377586833713,0.018904484183523418,2.5263254786877,2.6004296949797263,2.5505507126005806,0.06313357134715515,2.422851011087197,2.6782504141139643,2.5505507126005806,0.06349989321404968,2.421639075943688,2.679462349257473,0,0,0,11.282785350612363,0.7432
115,685340,2.0,2.7377369530528757,0.01889697479180785,2.700699563044171,2.7747743430615803,2.713386251613416,0.063460958350114,2.5850243473818098,2.8417481558450226,2.713386251613416,0.058294782013211935,2.595041552472769,2.8317309507540633,0,0,0,9.516446224375674,0.7291
116,686340,2.0,2.56132287727044,0.01878913573595148,2.5244968479273404,2.5981489066135395,2.5400117713506125,0.0638806641592202,2.41080093198984,2.669222610711385,2.5400117713506125,0.05727455399470797,2.4237382451989538,2.6562852975022713,0,0,0,9.29201333143769,0.7134
117,687340,2.0,2.61900402399514,0.018624564657425458,2.5825005480388485,2.6555074999514314,2.604973492163506,0.06632036777901416,2.470827886443396,2.7391190978836164,2.604973492163506,0.06462278772870586,2.4737822584498215,2.736164725877191,0,0,0,12.039241262385923,0.7947
118,688340,2.0,2.5917252596456644,0.018741888751801754,2.5549918326898764,2.6284586866014523,2.589707393944394,0.05822171433161516,2.471942861016862,2.7074719268719263,2.589707393944394,0.05821230221281824,2.471530137700447,2.7078846501883413,0,0,0,9.647234591245187,0.6939
119,689340,2.0,2.6416625082324066,0.018866877009265745,2.604684108793499,2.6786409076713142,2.6400219634841275,0.0705904015515231,2.497239399224113,2.782804527744142,2.6400219634841275,0.07216769494179469,2.4935137538192382,2.786530173149017,0,0,0,14.63139150771366,0.8658
120,690340,2.0,2.5790470903111014,0.019358105671862354,2.5411059003853307,2.616988280236872,2.56931460070634,0.08566606368265642,2.39603863154014,2.74259056987254,2.56931460070634,0.0769738339918883,2.413049410051582,2.725579791361098,0,0,0,15.811043199439839,0.6904
121,691340,2.0,2.533097721607701,0.018688302462387466,2.49646932184923,2.5697261213661715,2.5356253198005136,0.061674627405344025,2.4108766109510738,2.6603740286499535,2.5356253198005136,0.06206121934730984,2.4096343463666563,2.661616293234371,0,0,0,11.028105180369135,0.8068
122,692340,2.0,2.515464064070665,0.018975833619475416,2.4782721135998687,2.552656014541461,2.5079078261235694,0.05651110680160859,2.393603323514728,2.622212328732411,2.5079078261235694,0.05765307385990435,2.390865863792575,2.624949788454564,0,0,0,9.230882163288662,0.821
123,693340,2.0,2.607926103118525,0.01932368613963341,2.5700523742362873,2.6457998320007623,2.609299700052038,0.08070192646691071,2.4460646461579434,2.772534753946133,2.609299700052038,0.07984827179730596,2.447199090419239,2.771400309684837,0,0,0,17.07462175952237,0.7156
124,694340,2.0,2.5175091166110137,0.01887512631748102,2.4805145488251066,2.554503684396921,2.48691198322333,0.07449183404824687,2.336238026877056,2.637585939569604,2.48691198322333,0.06617234405412897,2.3525749829281333,2.6212489835185266,0,0,0,12.29060622913476,0.8505
125,695340,2.0,2.4699391524671075,0.019023573508134127,2.4326536335339144,2.5072246714003006,2.4765027216145,0.07396857154130275,2.3268871635898174,2.626118279639183,2.4765027216145,0.062502157821676,2.3496165954879613,2.603388847741039,0,0,0,10.794581771689735,0.7967
126,696340,2.0,2.565137986881277,0.01843930783733377,2.528997607620256,2.6012783661422985,2.5587678242810252,0.05604402594446031,2.445408081880861,2.6721275666811897,2.5587678242810252,0.056084581471843885,2.4449100707824325,2.672625577779618,0,0,0,9.251192909356764,0.8107
127,697340,2.0,2.6233928999447462,0.01942306843739936,2.5853243853381866,2.661461414551306,2.5891760310981238,0.07573194998891063,2.4359937034988763,2.742358358697371,2.5891760310981238,0.0696784040220065,2.447721350665218,2.7306307115310298,0,0,0,12.86947138124601,0.7553
128,698340,2.0,2.657430926958925,0.019062467642853395,2.620069176922472,2.6947926769953776,2.634249450275388,0.06471320382686886,2.5033546404882925,2.765144260062484,2.634249450275388,0.05939802250470827,2.5136650538661875,2.7548338466845887,0,0,0,9.709251126761801,0.7755
129,699340,2.0,2.6234118635061763,0.019318193508330504,2.585548899983473,2.6612748270288797,2.589977464977532,0.06605064780647263,2.4563774193968335,2.72357751055823,2.589977464977532,0.06375104413366751,2.460555964847536,2.7193989651075277,0,0,0,10.890343547811854,0.7898
130,700340,2.0,2.4142631340917897,0.019346266845687132,2.3763451478389417,2.4521811203446378,2.4018010772767635,0.08245330386127145,2.235023528229538,2.568578626323989,2.4018010772767635,0.0813264989448683,2.2366995069919433,2.5669026475615837,0,0,0,17.67135313456326,0.6624
131,701340,2.0,2.546032478057145,0.018731765046930023,2.5093188931982957,2.582746062915994,2.526961383534813,0.0626850768780735,2.4001688477117273,2.6537539193578983,2.526961383534813,0.05427641852818929,2.416774395963702,2.6371483711059236,0,0,0,8.395855623850204,0.8143
132,702340,2.0,2.532475609308546,0.019040590327624885,2.4951567380220196,2.5697944805950725,2.5409729825116294,0.05769529442430942,2.424273234350731,2.6576727306725276,2.5409729825116294,0.055920242138968825,2.42744885559563,2.654497109427629,0,0,0,8.625360757980328,0.6337
133,703340,2.0,2.554401789787293,0.019275258394375498,2.5166229775416133,2.5921806020329723,2.5328467642632777,0.07572032657942862,2.3796879472288492,2.686005581297706,2.5328467642632777,0.07525280479424233,2.380075448627411,2.6856180798991445,0,0,0,15.242105575346022,0.751
134,704340,2.0,2.5108488214368547,0.018783066856844822,2.474034686878231,2.5476629559954787,2.50852920892697,0.06488459710409757,2.3772877235142684,2.639770694339672,2.50852920892697,0.0615531098002494,2.38356975271302,2.6334886651409204,0,0,0,10.739077833074836,0.8105
135,705340,2.0,2.592342988017689,0.01912969115578089,2.554849482316984,2.629836493718394,2.594383005340864,0.06720315419977316,2.4584517955431524,2.7303142151385753,2.594383005340864,0.06799832260543427,2.4563390715118474,2.7324269391698803,0,0,0,12.635152329978112,0.8057
136,706340,2.0,2.575648671966624,0.018838063783750074,2.5387267454120055,2.612570598521242,2.578603233645321,0.06070318454164489,2.45581945345562,2.701387013835022,2.578603233645321,0.061450612422077305,2.453851858171423,2.703354609119219,0,0,0,10.640937805963613,0.7729
137,707340,2.0,2.5136582176982203,0.01919916550894671,2.4760285447674613,2.5512878906289793,2.491505118921364,0.0887186222353542,2.3120547672877416,2.6709554705549863,2.491505118921364,0.083574120790046,2.32184063370894,2.661169604133788,0,0,0,18.94867852847664,0.7643
138,708340,2.0,2.49919793391309,0.018995255998101132,2.4619679162796935,2.5364279515464867,2.489343693193031,0.0685201822544462,2.3507485427076986,2.627938843678363,2.489343693193031,0.06826716105325452,2.350753988299676,2.6279333980863857,0,0,0,12.916159031408801,0.6905
139,709340,2.0,2.607673497034801,0.018893656017655344,2.5706426117039083,2.6447043823656937,2.588973882357631,0.05955062875666769,2.4685213662890395,2.709426398426223,2.588973882357631,0.05861843687528125,2.4699721289154803,2.707975635799782,0,0,0,9.625791673028148,0.8256
140,710340,2.0,2.5403788343910554,0.018909062298399924,2.5033177533047675,2.5774399154773433,2.525471915601427,0.06603462703483952,2.3919042750900434,2.659039556112811,2.525471915601427,0.057507274516414686,2.408725941673585,2.6422178895292694,0,0,0,9.249230127373286,0.6989
141,711340,2.0,2.5557823086394675,0.018976177461858746,2.5185896842499838,2.5929749330289513,2.543012545238297,0.07053741285425508,2.400337160735111,2.6856879297414826,2.543012545238297,0.07109683392790972,2.3986782990077495,2.687346791468844,0,0,0,14.037283017203768,0.798
142,712340,2.0,2.7044546040437605,0.018762372420391013,2.6676810298352667,2.7412281782522543,2.694408505882283,0.049943697568138455,2.593387842298147,2.7954291694664186,2.694408505882283,0.049851574735477605,2.5932044287760254,2.7956125829885403,0,0,0,7.0596351826627615,0.7594
143,713340,2.0,2.609999691276734,0.01842269644261641,2.5738918697510913,2.6461075128023763,2.6062499561094077,0.053149001148198004,2.498745954077924,2.713753958140891,2.6062499561094077,0.053927459912174694,2.4967713921912993,2.715728520027516,0,0,0,8.568672360021093,0.791
144,714340,2.0,2.433297931969838,0.018837496797248696,2.396377116688342,2.4702187472513337,2.416142364828562,0.06326292108097548,2.2881810287830704,2.5441037008740532,2.416142364828562,0.06099167018785609,2.292322691622965,2.5399620380341585,0,0,0,10.483219262281455,0.7447
145,715340,2.0,2.606480631213881,0.01919044152227861,2.568868056982793,2.6440932054449693,2.589353455105885,0.08725983740865965,2.412853774295505,2.765853135916265,2.589353455105885,0.08681931500577864,2.4131008753873897,2.7656060348243803,0,0,0,20.467404670601,0.7371
146,716340,2.0,2.6147457047114546,0.019242570753141255,2.577030959065334,2.6524604503575753,2.589519020132481,0.07167041028182777,2.444551932020119,2.7344861082448433,2.589519020132481,0.06715821689482056,2.4531805915671496,2.7258574486978127,0,0,0,12.180696698120249,0.7518
147,717340,2.0,2.55843856830709,0.0187638141561769,2.5216621683483806,2.5952149682657994,2.5476101608636776,0.056944328823541085,2.4324293840047133,2.662790937722642,2.5476101608636776,0.05795856280421152,2.4299480230048522,2.665272298722503,0,0,0,9.540979654406813,0.7327
148,718340,2.0,2.5185806702128195,0.01905812222076597,2.481227437047156,2.555933903378483,2.5137440942429037,0.06331292434925287,2.385681617040696,2.6418065714451116,2.5137440942429037,0.06448648764924597,2.3828295644011517,2.6446586240846557,0,0,0,11.449255065342665,0.7711
149,719340,2.0,2.533487528492816,0.018666934715198227,2.4969010087492673,2.570074048236365,2.520251887225684,0.061608551259239336,2.3956368299970014,2.6448669444543667,2.520251887225684,0.06018267565988369,2.3980745602252354,2.6424292142261327,0,0,0,10.39434116083994,0.8631
150,720340,2.0,2.5359246340856396,0.01875504448950716,2.499165422357759,2.57268384581352,2.5399662391124127,0.06177608706171074,2.41501230873729,2.6649201694875355,2.5399662391124127,0.06073018948490395,2.416677399954964,2.6632550782698616,0,0,0,10.485112026024204,0.7756
151,721340,2.0,2.6410096861189936,0.019051781175222368,2.6036688811742197,2.6783504910637674,2.628474999580144,0.07182409199189752,2.483197060868248,2.7737529382920405,2.628474999580144,0.06626609053905205,2.4939476838026597,2.7630023153576286,0,0,0,12.097942882621423,0.7434
152,722340,2.0,2.5644598826935665,0.01919440960280265,2.5268395311675635,2.6020802342195695,2.561750348896862,0.07704291670137835,2.4059163408318356,2.7175843569618885,2.561750348896862,0.07412259468546308,2.4112734817634167,2.7122272160303074,0,0,0,14.912543053233398,0.7573
153,723340,2.0,2.4063154937677496,0.019206069761589274,2.3686722887504708,2.4439586987850284,2.4033136196843503,0.0730109631344146,2.2556350074892313,2.5509922318794693,2.4033136196843503,0.06745088667722367,2.2663810398734032,2.5402461994952974,0,0,0,12.333840337130297,0.7372
154,724340,2.0,2.6122611664844864,0.019030468864496913,2.5749621329011614,2.6495602000678113,2.588986677231651,0.07609427652472679,2.4350714750383196,2.7429018794249824,2.588986677231651,0.0769289140498001,2.432812678907463,2.745160675555839,0,0,0,16.34106008836278,0.7676
155,725340,2.0,2.6086062759144983,0.01941776937932703,2.570548147270913,2.646664404558084,2.6139320546091973,0.06948996512891292,2.473375333109274,2.754488776109121,2.6139320546091973,0.06840071379528521,2.4750712232354064,2.752792885982988,0,0,0,12.408594432062111,0.5954
156,726340,2.0,2.722824642953019,0.019181460003711057,2.6852296721748496,2.7604196137311883,2.695919361957567,0.07494638530526625,2.5443259889110283,2.8475127350041056,2.695919361957567,0.061260564241045694,2.571553804802731,2.820284919112403,0,0,0,10.199964587721695,0.9447
157,727340,2.0,2.638309472405788,0.01879089936732446,2.6014799864087155,2.67513895840286,2.6264126348154457,0.0692709710225584,2.4862988707059874,2.766526398924904,2.6264126348154457,0.0709145528784772,2.482448438788521,2.7703768308423706,0,0,0,14.242151606474334,0.681
158,728340,2.0,2.5311371087208117,0.018445222370617305,2.494985137187569,2.5672890802540542,2.5435317506385156,0.04882651582804374,2.4447708004161,2.642292700860931,2.5435317506385156,0.044190897723917655,2.4538194588126903,2.633244042464341,0,0,0,5.739814509289023,0.7721
159,729340,2.0,2.6096444431481545,0.019090098006237136,2.5722285385945898,2.647060347701719,2.6114478143049396,0.07692505614263774,2.455852201721908,2.767043426887971,2.6114478143049396,0.0728222873503057,2.4636107114017594,2.7592849172081197,0,0,0,14.551652532503116,0.8243
160,730340,2.0,2.6364004703443293,0.018883323428525854,2.5993898365159973,2.6734111041726614,2.6288747588159933,0.06077800915459055,2.505939631561092,2.7518098860708946,2.6288747588159933,0.0617340686395542,2.5035479366276836,2.754201581004303,0,0,0,10.687913679880529,0.7381
161,731340,2.0,2.702642128622445,0.019168051471485415,2.665073438084524,2.7402108191603665,2.68061847691177,0.06890518459414155,2.541244585689743,2.819992368133797,2.68061847691177,0.0686158018163707,2.5413209936411016,2.8199159601824384,0,0,0,12.814225184029677,0.7342
162,732340,2.0,2.4892698121374055,0.01961688185047495,2.450821430221497,2.527718194053314,2.440785031539959,0.07379859974177791,2.2915132739308377,2.5900567891490804,2.440785031539959,0.06417089837709526,2.310511181981671,2.571058881098247,0,0,0,10.700800956418364,0.6946
163,733340,2.0,2.476049793794475,0.018460000814387558,2.4398688570436957,2.5122307305452547,2.4698345570830478,0.05854247892833219,2.351421216518267,2.5882478976478285,2.4698345570830478,0.05992287939091415,2.3481846445479637,2.591484469618132,0,0,0,10.537119753161559,0.8612
164,734340,2.0,2.71801402702541,0.018976977657753764,2.6808198342807916,2.7552082197700285,2.6891899085816813,0.06221384426847462,2.5633505306792568,2.8150292864841058,2.6891899085816813,0.05968618109091212,2.568020519142035,2.8103592980213277,0,0,0,9.892213749096019,0.6535
165,735340,2.0,2.627728579414724,0.018924047131980516,2.590638128594304,2.664819030235144,2.631451356453506,0.059568985450407765,2.510961710467164,2.751941002439848,2.631451356453506,0.05500125300165914,2.519792876671135,2.743109836235877,0,0,0,8.447284568848241,0.7333
166,736340,2.0,2.5979763294439424,0.01908304808072552,2.5605742424904743,2.6353784163974106,2.5776614696953484,0.0709103825160369,2.4342316828438273,2.7210912565468695,2.5776614696953484,0.07010662010574661,2.4353374643958374,2.7199854749948593,0,0,0,13.496543874598618,0.6249
167,737340,2.0,2.622279288823024,0.018601355589836686,2.585821301803321,2.658737275842727,2.629021875107107,0.06708076572621148,2.493338219363586,2.764705530850628,2.629021875107107,0.0687221236063678,2.48950854712762,2.768535203086594,0,0,0,13.649098022790406,0.7507
168,738340,2.0,2.67471238541615,0.01908863733946496,2.6372993437168524,2.712125427115448,2.656538630330262,0.06324197421105938,2.528619663328353,2.784457597332171,2.656538630330262,0.06311572309991334,2.528406900467875,2.7846703601926492,0,0,0,10.932645611277659,0.6613
169,739340,2.0,2.512208615842526,0.019192823976090262,2.4745913720877724,2.54982585959728,2.506534947229652,0.06080175687597705,2.3835517856743302,2.6295181087849735,2.506534947229652,0.05970218619664149,2.3853330656979717,2.627736828761332,0,0,0,9.676152594381923,0.7144
170,740340,2.0,2.5288939081677246,0.018206110367548912,2.4932105875487673,2.564577228786682,2.5168873200907584,0.0636681715273592,2.388106287647026,2.645668352534491,2.5168873200907584,0.06252362784816216,2.3899576074932307,2.643817032688286,0,0,0,11.793806458871266,0.6451
171,741340,2.0,2.528884952075238,0.018584042647220956,2.4924608977995284,2.5653090063509474,2.514597495573603,0.056931497315708623,2.399442672889022,2.6297523182581837,2.514597495573603,0.057796936341637,2.3972634768778653,2.6319315142693402,0,0,0,9.672288671850147,0.7049
172,742340,2.0,2.5887853217033205,0.018761989966786758,2.5520124970901166,2.6255581463165245,2.582434521110128,0.0653827284293231,2.4501854699889067,2.7146835722313494,2.582434521110128,0.06731699626786927,2.445773753280728,2.719095288939528,0,0,0,12.873352450282386,0.7127
173,743340,2.0,2.552601631256663,0.01967502388131171,2.5140392930543265,2.5911639694589996,2.5496905599779613,0.08817953932935667,2.3713306064434474,2.7280505135124753,2.5496905599779613,0.07980980104576557,2.38766805012287,2.7117130698330527,0,0,0,16.45439505115163,0.6742
174,744340,2.0,2.415636686341332,0.019108288739902862,2.37818512860493,2.4530882440777337,2.411518379680236,0.06143777735280984,2.2872487452814676,2.535788014079005,2.411518379680236,0.05957406015908064,2.290576607833224,2.5324601515272485,0,0,0,9.720101701030957,0.6315
175,745340,2.0,2.6168517372600526,0.019097902241266503,2.5794205366869036,2.6542829378332016,2.6070879626665353,0.07765181057318316,2.4500223504957432,2.7641535748373274,2.6070879626665353,0.07653357993092894,2.451716535271375,2.7624593900616956,0,0,0,16.059526072737953,0.729
176,746340,2.0,2.6336405299490444,0.018885635888743684,2.59662536378197,2.670655696116119,2.6229686263086687,0.06970290302671789,2.4819811972563235,2.763956055361014,2.6229686263086687,0.06924796089912291,2.4823877918721897,2.7635494607451476,0,0,0,13.44468880685072,0.7491
177,747340,2.0,2.524136840078987,0.018982594773227713,2.4869316379903426,2.561342042167632,2.5110292035191346,0.0694020879927027,2.370650230304703,2.6514081767335664,2.5110292035191346,0.068176137729965,2.3726242857960456,2.6494341212422237,0,0,0,12.898928480918412,0.7378
178,748340,2.0,2.5657584027883917,0.018930229467593724,2.528655834812829,2.6028609707639543,2.5466964227069595,0.06799554810682845,2.409162444948355,2.684230400465564,2.5466964227069595,0.06430103258023842,2.416158386671134,2.677234458742785,0,0,0,11.53783004509843,0.6218
179,749340,2.0,2.6698478193204562,0.018507715432622574,2.6335733636364,2.7061222750045126,2.6479804051183824,0.05440536843596921,2.537935160381693,2.758025649855072,2.6479804051183824,0.05287105497020316,2.540646457248413,2.7553143529883517,0,0,0,8.160754737754546,0.7438
180,750340,2.0,2.562463100634267,0.018837995987930695,2.5255413069570127,2.599384894311521,2.5533126779180986,0.06226361106117641,2.4273726371759565,2.6792527186602406,2.5533126779180986,0.06050222965105494,2.430486621826669,2.676138734009528,0,0,0,10.315098022041743,0.7319
181,751340,2.0,2.638239841371285,0.01851891861132638,2.6019434278604567,2.6745362548821134,2.6279114261496335,0.05832150689212594,2.509945043716069,2.745877808583198,2.6279114261496335,0.058191525354334424,2.5097763491708185,2.7460465031284484,0,0,0,9.873888909276822,0.7013
182,752340,2.0,2.615300874827353,0.018809395032688504,2.578435137992297,2.6521666116624094,2.5948333352566557,0.05953911585225479,2.474404106235283,2.7152625642780284,2.5948333352566557,0.05405275936113136,2.485100399933815,2.7045662705794964,0,0,0,8.2582130635934,0.573
183,753340,2.0,2.548316590226528,0.01905717831063767,2.5109652070907202,2.5856679733623356,2.5310720740487307,0.0690070960707839,2.3914920474082515,2.67065210068921,2.5310720740487307,0.06970308034489814,2.3895672980170826,2.672576850080379,0,0,0,13.37786308945807,0.7897
184,754340,2.0,2.6103315457415057,0.018948462603221153,2.573193241476788,2.6474698500062233,2.596193340391763,0.06824880602962916,2.4581471001322823,2.734239580651244,2.596193340391763,0.0659044121532907,2.4624002707726893,2.729986410010837,0,0,0,12.097093108764916,0.6711
185,755340,2.0,2.6572953533054724,0.01895807063863467,2.620138217637382,2.6944524889735626,2.6378478854072944,0.07217431692303737,2.4918615499072114,2.7838342209073774,2.6378478854072944,0.07130881210103708,2.493083300606865,2.7826124702077237,0,0,0,14.148100278786082,0.6681
186,756340,2.0,2.4998876068766864,0.01886341915389058,2.462915984709778,2.536859229043595,2.4950268763130805,0.06650548440451257,2.3605068368754267,2.6295469157507343,2.4950268763130805,0.06698912086283673,2.3590317309429154,2.6310220216832456,0,0,0,12.611528524608834,0.758
187,757340,2.0,2.470507821900038,0.018937244987976002,2.433391503757193,2.5076241400428825,2.456277744123352,0.06161437378656133,2.3316509097215232,2.5809045785251805,2.456277744123352,0.06123303303070892,2.3319680782968946,2.580587409949809,0,0,0,10.455334892996328,0.7527
188,758340,2.0,2.750156712033478,0.01882085645008934,2.7132685112331045,2.7870449128338515,2.7373832742503903,0.06810351252493577,2.599630917843593,2.8751356306571876,2.7373832742503903,0.0651357738036331,2.605150623438914,2.8696159250618667,0,0,0,11.97734030801276,0.6608
189,759340,2.0,2.581716244244453,0.01858318508001979,2.545293870769572,2.6181386177193335,2.574959526283633,0.054453852506720225,2.464816213257269,2.6851028393099967,2.574959526283633,0.054217715995204585,2.4648917111901425,2.6850273413771233,0,0,0,8.512206133078397,0.6371
190,760340,2.0,2.614511271875039,0.018391955283839558,2.5784637019134427,2.6505588418366357,2.6067798347103337,0.05935141307577053,2.4867302703906216,2.726829399030046,2.6067798347103337,0.0598209375196096,2.485336875176406,2.7282227942442616,0,0,0,10.57914635609896,0.7638
191,761340,2.0,2.5887600310767978,0.018824781846752372,2.5518641366403396,2.625655925513256,2.590242004037743,0.06590001777270577,2.45694663645863,2.723537371616856,2.590242004037743,0.06555818520291928,2.4571518124955922,2.7233321955798937,0,0,0,12.128132740255607,0.69
192,762340,2.0,2.463003672923811,0.01946140313959472,2.4248600236815907,2.501147322166031,2.4591259968617907,0.07601249576438089,2.3053762118698446,2.6128757818537367,2.4591259968617907,0.07330384667136929,2.3103112765629965,2.607940717160585,0,0,0,14.187479014374135,0.6318
193,763340,2.0,2.519914141546074,0.01883404350628359,2.4830000945904978,2.55682818850165,2.5077575484462304,0.06620111104171453,2.3738531622458092,2.6416619346466517,2.5077575484462304,0.06027866820353058,2.385385346221871,2.63012975067059,0,0,0,10.243306274594024,0.6939
194,764340,2.0,2.493333736643427,0.0190296812862147,2.45603624668517,2.5306312266016837,2.4995823505102894,0.06451442395207767,2.3690896109710198,2.630075090049559,2.4995823505102894,0.05619895180228861,2.3854924128971042,2.6136722881234746,0,0,0,8.721544507334688,0.7968
195,765340,2.0,2.568749050357639,0.018812390516322747,2.5318774424825436,2.605620658232734,2.5780775504657565,0.06733709823600731,2.441875413282161,2.714279687649352,2.5780775504657565,0.068938247149049,2.4381254683687907,2.7180296325627222,0,0,0,13.428654569143388,0.6951
196,766340,2.0,2.6899999274071957,0.0187478932577341,2.6532547318360358,2.7267451229783557,2.669484853814883,0.06396963621458143,2.5400940514855943,2.7988756561441717,2.669484853814883,0.056775716822539214,2.5542240209613496,2.7847456866684164,0,0,0,9.171076326508457,0.7585
197,767340,2.0,2.56509772568001,0.018961924030365108,2.5279330375029097,2.6022624138571104,2.570051841566925,0.07216109561869939,2.4240922486790772,2.7160114344547726,2.570051841566925,0.07387320263925622,2.420081267203727,2.720022415930123,0,0,0,15.177807851078219,0.6943
198,768340,2.0,2.590979011449469,0.019082515698120063,2.553577967946733,2.6283800549522045,2.5841717627922915,0.07434043497628759,2.4338040399741714,2.7345394856104117,2.5841717627922915,0.07334391810333353,2.4352756931617705,2.7330678324228126,0,0,0,14.772600618424066,0.7693
199,769340,2.0,2.593212236371152,0.01850120088573315,2.5569505489643745,2.629473923777929,2.594476844157588,0.06595715835278425,2.461065898845985,2.7278877894691913,2.594476844157588,0.06683682180742562,2.458790882307278,2.730162806007898,0,0,0,13.050637996998294,0.6989
200,770340,2.0,2.5510633367560818,0.01896041169272345,2.5139016127062916,2.588225060805872,2.54029850785997,0.07673076545179604,2.385095885293152,2.695501130426788,2.54029850785997,0.07663832901881308,2.3847144285110193,2.6958825872089207,0,0,0,16.337911076830057,0.6551
201,771340,2.0,2.698004131696611,0.019017370726355107,2.6607307699923086,2.7352774934009134,2.6947931969947896,0.06477036314307119,2.5637827715778156,2.8258036224117635,2.6947931969947896,0.06399965334082723,2.5648669933423025,2.8247194006472767,0,0,0,11.325419505242875,0.7633
202,772340,2.0,2.586758722984804,0.018906019874439278,2.549703604939905,2.6238138410297034,2.5753538914024108,0.06856456239710321,2.4366689736054963,2.7140388091993253,2.5753538914024108,0.06894260793268056,2.435392956444021,2.7153148263608005,0,0,0,13.297659101552869,0.7471
203,773340,2.0,2.5082331956754556,0.018985455401262535,2.4710223868588894,2.5454440044920217,2.4950021237132542,0.07192070757423374,2.3495287615402325,2.640475485886276,2.4950021237132542,0.06809909314987714,2.35675361480303,2.6332506326234784,0,0,0,12.865913265521696,0.7097
204,774340,2.0,2.5381579119702193,0.01871138467807671,2.5014842719003143,2.5748315520401244,2.5253722447106104,0.06548011941364254,2.392926201729713,2.6578182876915077,2.5253722447106104,0.06605543235925479,2.391272587774083,2.6594719016471378,0,0,0,12.462501524930524,0.7146
205,775340,2.0,2.6995870951266108,0.019063522372870238,2.6622232778573114,2.73695091239591,2.6726405978459615,0.07718981548453825,2.5165094589460733,2.82877173674585,2.6726405978459615,0.073642806644894,2.523137752217555,2.822143443474368,0,0,0,14.92293910258019,0.72
206,776340,2.0,2.5474127168533185,0.018906954468991315,2.510355767036757,2.58446966666988,2.545182759887238,0.06299965719442346,2.417753925314649,2.672611594459827,2.545182759887238,0.055577100190758316,2.432355248160816,2.65801027161366,0,0,0,8.640693685555922,0.6385
207,777340,2.0,2.4241246536079064,0.018831013705259133,2.3872165449532186,2.4610327622625943,2.3913967432815806,0.07382993752621489,2.2420615990204245,2.5407318875427367,2.3913967432815806,0.0682746458228443,2.2527918434981404,2.5300016430650207,0,0,0,13.145330599340861,0.7421
208,778340,2.0,2.5644982512119623,0.01878929093170757,2.5276719176907703,2.6013245847331543,2.5509188618122445,0.06058486053253246,2.4283744145213975,2.6734633091030915,2.5509188618122445,0.06146755396102838,2.426133093185805,2.675704630438684,0,0,0,10.702151146228298,0.7366
209,779340,2.0,2.6222847410432046,0.019139390008255316,2.5847722259409585,2.659797256145451,2.6195342745127466,0.0657172256704732,2.4866086388590736,2.7524599101664196,2.6195342745127466,0.06696251966654247,2.483593132442079,2.755475416583414,0,0,0,12.240731994449561,0.6814
210,780340,2.0,2.632439153647831,0.018541425961210573,2.5960986265418424,2.6687796807538198,2.6200771629221538,0.06275969352034179,2.4931337006942687,2.747020625150039,2.6200771629221538,0.06359979849274071,2.4909627077669168,2.7491916180773908,0,0,0,11.765901728426536,0.7244
211,781340,2.0,2.5912799423055217,0.018908956619096588,2.554219068346862,2.6283408162641813,2.592613176232116,0.06537992527798325,2.4603697950196572,2.724856557444575,2.592613176232116,0.06707547463588566,2.45644272338265,2.7287836290815823,0,0,0,12.583237045198057,0.6771
212,782340,2.0,2.6298785372596214,0.019238405605854627,2.592171955152173,2.66758511936707,2.61022938812289,0.07886488130240628,2.450710108802736,2.7697486674430443,2.61022938812289,0.07643296005632771,2.4550622299328975,2.765396546312883,0,0,0,15.784222873060106,0.6355
213,783340,2.0,2.608578435241133,0.018607425852519573,2.5721085507251953,2.6450483197570707,2.5969212565535797,0.053436626688920165,2.4888354769525067,2.7050070361546528,2.5969212565535797,0.053584519666978365,2.4881388983461608,2.7057036147609987,0,0,0,8.292893535441669,0.6919
214,784340,2.0,2.6457483328680578,0.01876814093353279,2.6089634525815617,2.682533213154554,2.647720029150286,0.05785659888869125,2.530694011913921,2.7647460463866507,2.647720029150286,0.05929368582742716,2.527347447456841,2.7680926108437305,0,0,0,9.981007543540125,0.7648
215,785340,2.0,2.5536357279645303,0.018964333691227908,2.516466316938924,2.5908051389901368,2.5296081232249223,0.07597794759038937,2.375928218510813,2.6832880279390317,2.5296081232249223,0.0660152070719863,2.3955901279629948,2.66362611848685,0,0,0,12.117493708059143,0.6539
216,786340,2.0,2.6405650345290486,0.01837069821698651,2.6045591276529008,2.6765709414051964,2.639305669072776,0.058155527595769356,2.521675011454866,2.756936326690686,2.639305669072776,0.05853447727654607,2.52047436267767,2.758136975467882,0,0,0,10.152480475770512,0.7415
217,787340,2.0,2.6253304700830995,0.019286301960367215,2.5875300128458156,2.6631309273203834,2.6097663697586526,0.07551558420491301,2.457021683266104,2.7625110562512014,2.6097663697586526,0.06881023612176256,2.4700741638630843,2.749458575654221,0,0,0,12.729406986496738,0.6803
218,788340,2.0,2.662641616610122,0.01877915751054654,2.6258351442294456,2.699448088990798,2.634621187029384,0.06505643656781745,2.5030321234937123,2.766210250565056,2.634621187029384,0.06044547560734941,2.5119103477720413,2.757332026286727,0,0,0,10.3603729430582,0.7891
219,789340,2.0,2.605547704264269,0.019045187083220137,2.5682198235023304,2.642875585026208,2.577771901480764,0.06749238736944374,2.4412556623769865,2.7142881405845416,2.577771901480764,0.06514017095307306,2.4455303239813477,2.7100134789801804,0,0,0,11.698422483867782,0.7219
220,790340,2.0,2.50784091513531,0.019687176583153165,2.4692547580750497,2.5464270721955704,2.5183815736311157,0.0764000524211039,2.363847881308616,2.6729152659536153,2.5183815736311157,0.07575572670611155,2.3645892722346726,2.6721738750275588,0,0,0,14.806897290735593,0.7212
221,791340,2.0,2.5497383854298064,0.019058645662126398,2.512384126337928,2.5870926445216846,2.5239344008064246,0.07208452336179835,2.3781296899273374,2.669739111685512,2.5239344008064246,0.0708698463076264,2.380060963943429,2.6678078376694203,0,0,0,13.827348550283894,0.7536
222,792340,2.0,2.6360355720677084,0.01882820156133854,2.599132975113824,2.672938169021593,2.6064987640238813,0.06827708472328677,2.4683953247075086,2.744602203340254,2.6064987640238813,0.0615295411268579,2.4815871547606414,2.731410373287121,0,0,0,10.679469374379053,0.6152
223,793340,2.0,2.3855394432998547,0.019233555279687772,2.3478423676570066,2.4232365189427028,2.379893749714971,0.07549991160231591,2.2271807640533887,2.5326067353765533,2.379893749714971,0.07639849835333029,2.2247965525014544,2.5349909469284877,0,0,0,15.777947431911844,0.7429
224,794340,2.0,2.6095994093595776,0.01890558320104397,2.572545147178806,2.6466536715403493,2.6026138687326847,0.06562838673776814,2.46986792678154,2.7353598106838293,2.6026138687326847,0.06652620173639398,2.4675584991512496,2.73766923831412,0,0,0,12.382413384449153,0.715
225,795340,2.0,2.632824453518343,0.01880948437576508,2.595958541574075,2.6696903654626114,2.622279104067775,0.05665820154222371,2.5076770742627064,2.736881133872844,2.622279104067775,0.0574710280160496,2.5056067144476954,2.7389514936878547,0,0,0,9.33564116920562,0.7391
226,796340,2.0,2.50688725743492,0.0187353000099637,2.470166744175838,2.5436077706940017,2.5133448606332887,0.0657961245749265,2.380259636881977,2.6464300843846003,2.5133448606332887,0.06626730208143712,2.378815085294003,2.6478746359725744,0,0,0,12.510575137040446,0.7214
227,797340,2.0,2.5475893888867165,0.018567704351962082,2.5111973570812833,2.5839814206921496,2.527219460580601,0.048953408730293836,2.428201845236987,2.6262370759242146,2.527219460580601,0.04508485287057676,2.435692343324043,2.618746577837159,0,0,0,5.895829133192493,0.6352
228,798340,2.0,2.625635645493928,0.019032134899350513,2.588333346542293,2.662937944445563,2.611331580812647,0.05818991262396217,2.4936313729104262,2.729031788714868,2.611331580812647,0.0515324728695018,2.5067150990779257,2.7159480625473686,0,0,0,7.331400620671899,0.7988
229,799340,2.0,2.594518331805757,0.018713153453439636,2.557841224999844,2.63119543861167,2.589407750058994,0.06288813688798699,2.462204486597634,2.716611013520354,2.589407750058994,0.06395196795228959,2.459578352891839,2.719237147226149,0,0,0,11.679220790587056,0.706
230,800340,2.0,2.632987773131603,0.018639080839855975,2.5964558459805547,2.6695197002826516,2.628567868673249,0.056294269435524756,2.5147019610359105,2.742433776310588,2.628567868673249,0.05709196896880423,2.512665009830257,2.744470727516241,0,0,0,9.382121617955908,0.6997
231,801340,2.0,2.5299838734923963,0.019020872619390398,2.492703648203867,2.5672640987809254,2.50764551204216,0.0594647480155578,2.3873667061688173,2.6279243179155025,2.50764551204216,0.056470542113631506,2.3930042167846817,2.622286807299638,0,0,0,8.814202818647141,0.6558
232,802340,2.0,2.540621892190713,0.01933545489574905,2.5027250969703463,2.57851868741108,2.5218720672365333,0.08219725388278165,2.3556124281558746,2.688131706317192,2.5218720672365333,0.08180235717642789,2.355804453383101,2.687939681089966,0,0,0,17.898756038446894,0.7649
233,803340,2.0,2.62105941349148,0.019281575625815128,2.583268219699697,2.658850607283263,2.6014626325170416,0.08258456227441577,2.43441958826937,2.768505676764713,2.6014626325170416,0.06993528752883774,2.4594864508402807,2.7434388141938024,0,0,0,13.155510007538817,0.7223
234,804340,2.0,2.4948966445357263,0.019020478745258165,2.4576171912263107,2.532176097845142,2.4730572099976604,0.05670123633860727,2.3583681341007012,2.5877462858946196,2.4730572099976604,0.048973370729002694,2.3736359818075687,2.572478438187752,0,0,0,6.62944398315346,0.6599
235,805340,2.0,2.6030976745738075,0.018964124702067438,2.565928673159429,2.640266675988186,2.5880834577937577,0.06310684417118673,2.4604378170965235,2.715729098490992,2.5880834577937577,0.06146407301298274,2.4633047558675436,2.712862159719972,0,0,0,10.504540680392731,0.783
236,806340,2.0,2.5086048311229066,0.018755287337097,2.471845143422496,2.545364518823317,2.4945331942562525,0.06294633793540712,2.367212208064739,2.621854180447766,2.4945331942562525,0.06254392061507384,2.367562285151731,2.621504103360774,0,0,0,11.120460186194151,0.6304
237,807340,2.0,2.6667076578577538,0.019213230349273747,2.6290504183465053,2.704364897369002,2.6619067122315005,0.06960191080490527,2.5211235592292103,2.802689865233791,2.6619067122315005,0.06741093364359946,2.5250552413908713,2.7987581830721298,0,0,0,12.310052501702112,0.775
238,808340,2.0,2.5818718625468393,0.019273159322418656,2.544097164406596,2.6196465606870825,2.572560864618915,0.08592199379103871,2.398767227946326,2.7463545012915036,2.572560864618915,0.08500165583224932,2.3999983291994584,2.7451234000383713,0,0,0,19.451314177916206,0.6502
239,809340,2.0,2.5512916473831817,0.018548762803681822,2.514936740330189,2.587646554436174,2.552872406269551,0.05279950032362624,2.4460753363824743,2.659669476156628,2.552872406269551,0.05063129629343606,2.4500854102466545,2.655659402292448,0,0,0,7.450890791879355,0.7426
240,810340,2.0,2.5567384236438926,0.01891718330495806,2.5196614256772323,2.593815421610553,2.5337017712223315,0.07011403434433015,2.3918827505869094,2.6755207918577537,2.5337017712223315,0.06517500219082997,2.4013894825509943,2.666014059893669,0,0,0,11.86995751800077,0.638
241,811340,2.0,2.5206219047342913,0.01859045504030603,2.48418528239908,2.5570585270695023,2.510188193053621,0.05886977091309676,2.391112841963056,2.629263544144186,2.510188193053621,0.05199744431285343,2.4046277691053417,2.6157486170019,0,0,0,7.823191416538565,0.7663
242,812340,2.0,2.503146660531211,0.018712332154070296,2.4664711634424825,2.53982215761994,2.4893912388065926,0.054014498105346274,2.380136603938566,2.598645873674619,2.4893912388065926,0.054376206339388555,2.3790016712088233,2.599780806404362,0,0,0,8.444267336856187,0.6976
243,813340,2.0,2.5366431645032343,0.018964105112440677,2.4994742014838187,2.57381212752265,2.534114953485835,0.06804970244323705,2.396471438242696,2.671758468728974,2.534114953485835,0.06531453851950209,2.4015193910073815,2.6667105159642883,0,0,0,11.861920738033945,0.7366
244,814340,2.0,2.6483904503283284,0.018760214058304785,2.611621106431789,2.6851597942248677,2.636183532552863,0.04899204492663815,2.537087768125719,2.735279296980007,2.636183532552863,0.0495525038434956,2.535586601635527,2.736780463470199,0,0,0,6.976789643902832,0.7362
245,815340,2.0,2.625163181967406,0.019431295634865488,2.5870785423501195,2.663247821584693,2.5969219026350303,0.07875292031346527,2.4376290857906056,2.756214719479455,2.5969219026350303,0.07397623376942358,2.446742163957623,2.7471016413124376,0,0,0,14.493754985238963,0.7964
246,816340,2.0,2.5601764602854473,0.01911809416032003,2.5227056842781743,2.5976472362927203,2.5663431523360942,0.0625520061850585,2.4398197773954933,2.692866527276695,2.5663431523360942,0.06314242962508287,2.4381572053452243,2.694529099326964,0,0,0,10.908207363416325,0.7634
247,817340,2.0,2.513766268706106,0.018817223593444257,2.476885188173918,2.5506473492382944,2.508220912376475,0.04911588297600596,2.4088746618513195,2.6075671629016304,2.508220912376475,0.04754784799920197,2.4116936491820526,2.604748175570897,0,0,0,6.384849144271652,0.7245
248,818340,2.0,2.426339566069873,0.019403867591972143,2.3883086844288237,2.4643704477109227,2.401078057956199,0.07746580226307653,2.244388683105311,2.557767432807087,2.401078057956199,0.07226028892051702,2.254381872520997,2.547774243391401,0,0,0,13.868285781819761,0.7389
249,819340,2.0,2.5893929899444657,0.01917604293653961,2.5518086364228543,2.626977343466077,2.5804876595919883,0.07083602453524575,2.4372082759530453,2.7237670432309313,2.5804876595919883,0.06957429660696014,2.439244328447758,2.721730990736219,0,0,0,13.163751091136367,0.6781
250,820340,2.0,2.5361699637013415,0.018380871202894274,2.5001441181391995,2.5721958092634836,2.525080651868988,0.0634935345500787,2.3966528560535036,2.6535084476844726,2.525080651868988,0.06495231038595985,2.393220451596274,2.656940852141702,0,0,0,12.486968716880433,0.6983
251,821340,2.0,2.5491258333718987,0.019290763395127926,2.5113166318831643,2.586935034860633,2.51136069868458,0.07027408418400796,2.369217946691688,2.6535034506774715,2.51136069868458,0.06718012272676462,2.374977798916144,2.6477435984530158,0,0,0,12.127820404472908,0.621
252,822340,2.0,2.564417999362391,0.01856010045030748,2.5280408709303424,2.600795127794439,2.536264638317603,0.07246916830416911,2.389681909606144,2.6828473670290616,2.536264638317603,0.06717881956420145,2.3998843841098183,2.6726448925253874,0,0,0,13.100989300911895,0.6169
253,823340,2.0,2.5685878800009676,0.019037402177460333,2.5312752573739408,2.6059005026279944,2.5618892205482484,0.0667202377538091,2.426934801460925,2.696843639635572,2.5618892205482484,0.06451826673128735,2.4309101757400917,2.692868265356405,0,0,0,11.485502846760106,0.752
254,824340,2.0,2.548507400066076,0.018849072548695486,2.51156389672865,2.585450903403502,2.541175936665081,0.05756999488869992,2.424729630737145,2.657622242593017,2.541175936665081,0.05555829570159966,2.4283866000811867,2.6539652732489754,0,0,0,8.687960901999277,0.7911
255,825340,2.0,2.5584261413400085,0.01916353403565244,2.520866304813622,2.5959859778663947,2.5129786665290452,0.07481686393970828,2.3616472751725714,2.664310057885519,2.5129786665290452,0.05478583898368553,2.4017575004524185,2.624199832605672,0,0,0,8.173073956621034,0.7624
256,826340,2.0,2.591865753075198,0.019253991278192686,2.554128623611292,2.6296028825391042,2.5561292396248456,0.07158711136427133,2.411330639476674,2.7009278397730174,2.5561292396248456,0.06630439193489819,2.4215241678799906,2.6907343113697006,0,0,0,11.85886299375391,0.6485
257,827340,2.0,2.6012366284953043,0.019161402876838863,2.563680968963438,2.6387922880271706,2.6051172341618383,0.06629099163775788,2.4710310472959125,2.739203421027764,2.6051172341618383,0.06810726696135928,2.46685213153212,2.7433823367915564,0,0,0,12.63375066976738,0.7303
258,828340,2.0,2.461468574309351,0.01888019966225454,2.424464062950407,2.4984730856682953,2.457754406747078,0.07242757110711306,2.311255816308403,2.6042529971857524,2.457754406747078,0.0725021425151107,2.3105672324120152,2.6049415810821404,0,0,0,14.746485080010553,0.5329
259,829340,2.0,2.505107508352061,0.018841634415838717,2.468178583487147,2.542036433216975,2.4965879848467534,0.06271567550603191,2.3697335574567306,2.623442412236776,2.4965879848467534,0.06333210900818333,2.3680169682364256,2.625159001457081,0,0,0,11.298238945866446,0.8521
260,830340,2.0,2.5196360616780775,0.01915160820373349,2.482099599352738,2.557172524003417,2.5034164029274786,0.07138775376612419,2.359021041582919,2.647811764272038,2.5034164029274786,0.07065678038409468,2.3599755128850846,2.6468572929698726,0,0,0,13.611224308653462,0.8156
261,831340,2.0,2.5810022585485393,0.01884519836077865,2.5440663484799,2.6179381686171785,2.5511916086581463,0.07275001676905028,2.4040408103068662,2.6983424070094264,2.5511916086581463,0.061624319585263536,2.42608758889507,2.6762956284212227,0,0,0,10.693080788656024,0.8142
262,832340,2.0,2.6232898417802075,0.018726331983630228,2.5865869055297517,2.6599927780306634,2.619898450998463,0.0647121868322874,2.489005698277073,2.750791203719853,2.619898450998463,0.06430222279531028,2.489357998697584,2.7504389032993424,0,0,0,11.790888567018438,0.693
263,833340,2.0,2.481139520755846,0.018901058202219663,2.4440941274098003,2.518184914101892,2.467986609084527,0.0662228972110704,2.3340381561971673,2.601935061971887,2.467986609084527,0.06338097150910442,2.339316396323685,2.596656821845369,0,0,0,11.244639709874244,0.8037
264,834340,2.0,2.5085224322615076,0.019119515271256344,2.4710488709279814,2.545995993595034,2.504531811684905,0.06792160025930913,2.367147407566034,2.6419162158037763,2.504531811684905,0.06583373289625878,2.3708822285858946,2.6381813947839157,0,0,0,11.856136944891647,0.608
265,835340,2.0,2.536802546896304,0.018981021353107225,2.499600428654428,2.57400466513818,2.523395555839195,0.06716119721099195,2.387549212061723,2.6592418996166667,2.523395555839195,0.06404204461105888,2.3933832933329224,2.6534078183454675,0,0,0,11.38390393113663,0.817
266,836340,2.0,2.6228155131604565,0.018982095830741307,2.5856112889811156,2.6600197373397974,2.6379178981543783,0.07738197250150416,2.4813980850010515,2.794437711307705,2.6379178981543783,0.07874867416310442,2.4780495903966573,2.7977862059120993,0,0,0,17.2106858743878,0.6455
267,837340,2.0,2.609079884644724,0.019413520613462174,2.5710300834292124,2.647129685860236,2.5967884086439432,0.08938802448055257,2.415984063167106,2.7775927541207803,2.5967884086439432,0.08879262231837236,2.416529802105277,2.7770470151826094,0,0,0,20.919204335044263,0.8033
268,838340,2.0,2.6370970645152125,0.019092428662009598,2.5996765919602733,2.6745175370701517,2.639903464503763,0.07750276053627773,2.4831393344892505,2.7966675945182753,2.639903464503763,0.0709273245607714,2.4959133405833556,2.7838935884241702,0,0,0,13.800817195535913,0.5777
269,839340,2.0,2.5686705065631688,0.018592475121943664,2.5322299249407023,2.605111088185635,2.54705747799899,0.06517427704639968,2.415230059597277,2.6788848964007026,2.54705747799899,0.056211374338280565,2.4329423212969985,2.661172634700981,0,0,0,9.140584951742435,0.7334
270,840340,2.0,2.5077129199101535,0.018569049900469932,2.4713182508781055,2.5441075889422016,2.503399302870585,0.06247100245955124,2.377039773430057,2.629758832311113,2.503399302870585,0.06042701920628755,2.380725932099365,2.626072673641805,0,0,0,10.589683407070146,0.6465
271,841340,2.0,2.4932288028635226,0.01907231386998997,2.4558477545764985,2.5306098511505466,2.4834971120858373,0.07698482106817088,2.327780613530593,2.6392136106410815,2.4834971120858373,0.07642406338106841,2.328348015106824,2.638646209064851,0,0,0,16.056595967972466,0.7895
272,842340,2.0,2.544583862437723,0.019159599436755295,2.5070317375834685,2.582135987291977,2.5213301447187986,0.07238672436945189,2.3749141746055047,2.6677461148320925,2.5213301447187986,0.06852152867872428,2.382224046092287,2.66043624334531,0,0,0,12.790314875130369,0.6276
273,843340,2.0,2.710931593960784,0.019007553064031426,2.6736774745210488,2.7481857134005194,2.7008598051973784,0.06796019485532521,2.563397336139583,2.838322274255174,2.7008598051973784,0.06406318420410283,2.5708046270356673,2.8309149833590896,0,0,0,11.359641325704997,0.815
274,844340,2.0,2.5611224143718623,0.019211103279553852,2.5234693438406572,2.5987754849030673,2.541920996940509,0.08146067224575029,2.3771512348489394,2.7066907590320786,2.541920996940509,0.07842065148775892,2.3827186106166525,2.7011233832643655,0,0,0,16.66311832537372,0.7554
275,845340,2.0,2.6184813601543597,0.018804408147031448,2.5816253974355865,2.655337322873133,2.615702670533773,0.06709385570307447,2.4799925378129077,2.7514128032546386,2.615702670533773,0.06356993172034113,2.4866488481499758,2.7447564929175705,0,0,0,11.428366305740644,0.7551
276,846340,2.0,2.5943777279141647,0.018702758054927392,2.5577209957149405,2.631034460113389,2.600667554689076,0.06336217544635293,2.472505457739962,2.7288296516381902,2.600667554689076,0.06365449469231878,2.4714420603454306,2.7298930490327216,0,0,0,11.58368765051468,0.7225
277,847340,2.0,2.647815977379737,0.01902829976055386,2.6105211951620193,2.685110759597455,2.6350565046316894,0.06897942073169112,2.495532456648302,2.7745805526150766,2.6350565046316894,0.06826135562365176,2.4964785853869977,2.773634423876381,0,0,0,12.869149580655431,0.6427
278,848340,2.0,2.6085351490322126,0.018768159979068177,2.5717502314171528,2.6453200666472725,2.596011066607224,0.06005376845110509,2.474540854447184,2.717481278767264,2.596011066607224,0.058547860870031526,2.4771525900728752,2.714869543141573,0,0,0,9.73147499046059,0.7527
279,849340,2.0,2.6626864989234904,0.019160678272589205,2.6251322595898565,2.7002407382571243,2.665736524501265,0.06718792334747935,2.5298361220101926,2.8016369269923374,2.665736524501265,0.06781868570952679,2.5280572729588364,2.8034157760436935,0,0,0,12.527862579176828,0.7071
280,850340,2.0,2.660036734010736,0.01935164610283064,2.622108204607623,2.697965263413849,2.646983301941082,0.07832170276119062,2.488562704924204,2.80540389895796,2.646983301941082,0.07433460847586298,2.4960760239308475,2.7978905799513165,0,0,0,14.755240421697874,0.7189
281,851340,2.0,2.5146059508565375,0.019050163246472875,2.477268316993842,2.551943584719233,2.497788187347934,0.07694615896257787,2.3421498902826223,2.6534264844132456,2.497788187347934,0.07715101057122253,2.341163309114769,2.6544130655810987,0,0,0,16.40158560201634,0.7077
282,852340,2.0,2.493417394197501,0.019314119818195752,2.455562414960746,2.531272373434256,2.499299507012138,0.06926022171612094,2.3592074854272074,2.639391528597069,2.499299507012138,0.06945484785641913,2.3582986697234003,2.640300344300876,0,0,0,12.931690027779423,0.7109
283,853340,2.0,2.6537793759288735,0.01907171912000981,2.6163994933303902,2.6911592585273567,2.63863462384601,0.04937588765968539,2.5387624642080096,2.7385067834840107,2.63863462384601,0.04960812150850716,2.5379247830659835,2.7393444646260368,0,0,0,6.76590475991756,0.736
284,854340,2.0,2.545499508030543,0.01908796256488159,2.5080877888651263,2.5829112271959596,2.534113202515,0.07178729094938799,2.388909700937636,2.679316704092364,2.534113202515,0.07232162962999122,2.38729248881917,2.68093391621083,0,0,0,14.355464778682528,0.7289
285,855340,2.0,2.5167512748382355,0.01847863013874265,2.4805338252826634,2.5529687243938075,2.499119594003641,0.056005596000103505,2.385837583502984,2.6124016045042975,2.499119594003641,0.052289661532769795,2.392965937560438,2.6052732504468437,0,0,0,8.00741091333444,0.6819
286,856340,2.0,2.6368530729398603,0.018750286652635093,2.600103186400893,2.6736029594788273,2.6332091758144625,0.059275771320260906,2.5133126113867954,2.7531057402421295,2.6332091758144625,0.057720392868342726,2.5160305486307153,2.7503878029982096,0,0,0,9.476385808884721,0.7492
287,857340,2.0,2.772199972442678,0.019007593361806678,2.7349457740207543,2.8094541708646017,2.7626972636641067,0.0692657500382431,2.6225940599922164,2.902800467335997,2.7626972636641067,0.06929146632268303,2.6220281085223363,2.903366418805877,0,0,0,13.289395882630002,0.6649
288,858340,2.0,2.5566368369516743,0.018696692019235187,2.5199919939639357,2.593281679939413,2.5354551092373163,0.06829214836616342,2.397321200827274,2.6735890176473585,2.5354551092373163,0.06802702981837062,2.39735289666772,2.673557321806913,0,0,0,13.238338151298684,0.7475
289,859340,2.0,2.5125956215884355,0.01932262483136405,2.474723972832183,2.5504672703446882,2.4916843541270106,0.07421541919293372,2.3415694995987417,2.6417992086552795,2.4916843541270106,0.07454003278123357,2.340360042605788,2.6430086656482334,0,0,0,14.88150708510503,0.7233
290,860340,2.0,2.566018782179638,0.01903054084847825,2.5287196075103022,2.603317956848974,2.5454396088796973,0.06479043396908146,2.414388586385195,2.6764906313742,2.5454396088796973,0.05921852417554506,2.4252196134516386,2.665659604307756,0,0,0,9.683066120819163,0.7388
291,861340,2.0,2.563207324703905,0.01884343665520827,2.5262748675147346,2.600139781893075,2.548147931622461,0.06375354152909272,2.4191942220513787,2.6771016411935435,2.548147931622461,0.06383491487319888,2.4185561648391944,2.677739698405728,0,0,0,11.476153353841314,0.6755
292,862340,2.0,2.5590218550846466,0.018484131739363707,2.52279362259,2.595250087579293,2.5508040775684426,0.047873880053794025,2.4539700150767043,2.647638140060181,2.5508040775684426,0.04642633887145597,2.4565535989458627,2.6450545561910226,0,0,0,6.3085676386674105,0.6755
293,863340,2.0,2.693907090625529,0.01820050650864125,2.6582347533682054,2.729579427882853,2.6757154301452895,0.06210273683937616,2.550100788230851,2.801330072059728,2.6757154301452895,0.06100829391839846,2.5518620089725217,2.799568851318057,0,0,0,11.235976232391941,0.6865
294,864340,2.0,2.612600630331362,0.018053945076728643,2.5772155482021093,2.6479857124606143,2.6030535590507,0.048891976122470676,2.5041602028851244,2.7019469152162756,2.6030535590507,0.047701967823561314,2.5062134159789453,2.6998937021224547,0,0,0,6.9811722933033105,0.7786
295,865340,2.0,2.580961805284441,0.018822276819827656,2.544070820610536,2.6178527899583464,2.578317683669596,0.0671753620525113,2.4424426887957993,2.7141926785433923,2.578317683669596,0.06616023913271438,2.444005257671334,2.712630109667858,0,0,0,12.355201137886203,0.8311
296,866340,2.0,2.655008057118692,0.018935512754854673,2.617895134090378,2.692120980147006,2.646919479746281,0.05691163183489401,2.5318048387893657,2.762034120703196,2.646919479746281,0.05814971561188571,2.528869281057089,2.764969678435473,0,0,0,9.430637476510707,0.6573
297,867340,2.0,2.5215960190644315,0.018850005199499746,2.4846506877650194,2.5585413503638437,2.5184792200634623,0.056473206526551946,2.404251377996845,2.6327070621300797,2.5184792200634623,0.05773403445278343,2.4012728989909884,2.635685541135936,0,0,0,9.380821353434222,0.7198
298,868340,2.0,2.568930607818289,0.018803418637656368,2.5320765845022533,2.6057846311343247,2.556869738281571,0.05755008858949991,2.440463696644278,2.6732757799188636,2.556869738281571,0.05903023652337558,2.437031987108973,2.6767074894541687,0,0,0,9.855426337359798,0.6845
299,869340,2.0,2.6648984305753705,0.018772652046861918,2.628104708669219,2.701692152481522,2.6627130000630888,0.06839989282737514,2.5243611579096696,2.801064842216508,2.6627130000630888,0.07006297037642084,2.520477608425148,2.8049483917010294,0,0,0,13.929188968223679,0.7046
300,870340,2.0,2.517694085165142,0.018787304950145703,2.4808716440962857,2.5545165262339986,2.509951638616617,0.06024339192558993,2.38809787677651,2.6318054004567237,2.509951638616617,0.06089058874293859,2.3863371716537465,2.6335661055794874,0,0,0,10.504403044170502,0.5604
301,871340,2.0,2.60984752334229,0.018881083275183747,2.5728412801338285,2.646853766550752,2.598525492196826,0.06967177012521393,2.4576010353816673,2.7394499490119846,2.598525492196826,0.06961941290041739,2.4571905701075543,2.7398604142860976,0,0,0,13.595866694057325,0.6435
302,872340,2.0,2.544167811558042,0.01874921411078793,2.5074200271624676,2.5809155959536163,2.5293259120386975,0.06484418431071316,2.398166169216228,2.660485654861167,2.5293259120386975,0.05826410447647236,2.4110434916086048,2.6476083324687902,0,0,0,9.656861753916598,0.7054
303,873340,2.0,2.6125806630894153,0.018984338658848528,2.5753720430477607,2.64978928313107,2.6007799074980373,0.08019078753627924,2.438578729677808,2.7629810853182666,2.6007799074980373,0.07906153436182325,2.440276459770463,2.7612833552256117,0,0,0,17.34361130680974,0.5849
304,874340,2.0,2.5742322810354574,0.018752042168884746,2.537478953747867,2.610985608323048,2.5603177830325836,0.0661032875024974,2.4266112636167025,2.6940243024484647,2.5603177830325836,0.06702150860764414,2.4242568870449066,2.6963786790202606,0,0,0,12.774127795296307,0.6812
305,875340,2.0,2.572207502493475,0.01889221617153626,2.5351794392091187,2.6092355657778312,2.5520216638625803,0.06359487219882588,2.423388893305117,2.6806544344200436,2.5520216638625803,0.06334185999805116,2.4234308516904135,2.680612476034747,0,0,0,11.241281192174645,0.55
306,876340,2.0,2.5591673655280633,0.018755526351960566,2.522407209367129,2.595927521688998,2.5530257621629744,0.06538633133912532,2.4207694234688106,2.685282100857138,2.5530257621629744,0.06192284645146322,2.4273157006420303,2.6787358236839185,0,0,0,10.900421961773384,0.6685
307,877340,2.0,2.6076740231148063,0.019500156609862762,2.569454418466585,2.645893627763028,2.5889672253046787,0.08913034254152087,2.408684090746178,2.7692503598631792,2.5889672253046787,0.09048390038555239,2.4052751417529548,2.7726593088564027,0,0,0,21.531110377564943,0.6424
308,878340,2.0,2.6716371102458956,0.01886326824720201,2.6346657838506617,2.7086084366411294,2.652966536913503,0.06986711116681979,2.511646965547178,2.7942861082798283,2.652966536913503,0.06624291496900982,2.518486270044503,2.7874468037825033,0,0,0,12.332325771240649,0.5862
309,879340,2.0,2.728995195786091,0.01869706421081616,2.6923496233162587,2.7656407682559236,2.740260866230925,0.06263246149546066,2.6135747550645045,2.8669469773973453,2.740260866230925,0.06398733093203764,2.610359678398217,2.870162054063633,0,0,0,11.712272037925878,0.646
310,880340,2.0,2.495894706445467,0.019177622074673727,2.458307257869986,2.533482155020948,2.488695907600827,0.08784814924703208,2.311006253776821,2.666385561424833,2.488695907600827,0.07915806459229108,2.327996493087064,2.64939532211459,0,0,0,17.03730203437629,0.549
311,881340,2.0,2.6735831191487787,0.019004596169148073,2.6363347951165204,2.710831443181037,2.6485081517821847,0.06545733549220052,2.5161081936323106,2.7809081099320587,2.6485081517821847,0.06001920221314162,2.5266626935220255,2.770353610042344,0,0,0,9.973857189163246,0.6828
312,882340,2.0,2.7242839455521692,0.01883039229330442,2.687377054842532,2.7611908362618065,2.718359943060445,0.06243473858802861,2.5920737642235707,2.844646121897319,2.718359943060445,0.058049104168975546,2.6005139964591777,2.836205889661712,0,0,0,9.503253371962408,0.5451
313,883340,2.0,2.4945576812762473,0.019030000654406975,2.457259565367836,2.5318557971846585,2.4820670517003838,0.07021163345087808,2.3400506182383434,2.624083485162424,2.4820670517003838,0.06951824692067307,2.3409375074686603,2.6231965959321073,0,0,0,13.345044214951304,0.6837
314,884340,2.0,2.6601653757599224,0.019342384332773254,2.622254999092555,2.6980757524272896,2.658409412847758,0.06819018928077993,2.5204817361539362,2.79633708954158,2.658409412847758,0.06712222459138788,2.5221440525429815,2.7946747731525345,0,0,0,12.042389399112848,0.5927
315,885340,2.0,2.6302601872852285,0.01931503377488915,2.592403416726271,2.668116957844186,2.6234776671048876,0.07530335963611091,2.4711622453206634,2.775793088889112,2.6234776671048876,0.07649432354083228,2.4681859344184973,2.778769399791278,0,0,0,15.68438423233545,0.6485
316,886340,2.0,2.5523502213249203,0.01904805554267248,2.5150167184857635,2.589683724164077,2.544106838652779,0.07796889922247553,2.3863998541502163,2.7018138231553417,2.544106838652779,0.079532610917302,2.3826470546751146,2.7055666226304433,0,0,0,17.43368449493896,0.5757
317,887340,2.0,2.507465338525393,0.01880517251553396,2.470607877671884,2.544322799378902,2.478023631905687,0.06812269070483498,2.3402324839685447,2.6158147798428297,2.478023631905687,0.06353141916892946,2.3490479941578477,2.6069992696535267,0,0,0,11.413595306375196,0.6005
318,888340,2.0,2.648621014130772,0.018695937681661164,2.611977649617511,2.685264378644033,2.63985480849795,0.05623830697367372,2.52610209562406,2.75360752137184,2.63985480849795,0.055984152063917034,2.5262009375366192,2.753508679459281,0,0,0,8.966763307561292,0.6312
319,889340,2.0,2.6303562832389673,0.01857046809366693,2.59395883459933,2.6667537318786048,2.601788632836496,0.06682298475050506,2.4666263883318944,2.7369508773410978,2.601788632836496,0.05898894040635394,2.48203471723847,2.721542548434522,0,0,0,10.090100423900308,0.6238
320,890340,2.0,2.643199790813216,0.01908272233981749,2.605798342300196,2.680601239326236,2.64783230605005,0.06190930162992635,2.5226089237773808,2.773055688322719,2.64783230605005,0.05698527487203516,2.5321460477388062,2.7635185643612936,0,0,0,8.917531097698287,0.6391
321,891340,2.0,2.622773682396892,0.019003558060715887,2.585527393019773,2.6600199717740107,2.5825395018201185,0.07457447263928894,2.4316983931460987,2.7333806104941383,2.5825395018201185,0.06435569861288562,2.4518904878380097,2.7131885158022273,0,0,0,11.468435440330257,0.6261
322,892340,2.0,2.4664464863727726,0.01902081608132304,2.429166371896819,2.5037266008487262,2.4688106628819666,0.05854515509751994,2.350391909254069,2.587229416509864,2.4688106628819666,0.05950132221676294,2.348016556908338,2.589604768855595,0,0,0,9.785768570119817,0.6031
323,893340,2.0,2.5762125747820495,0.018664376614618793,2.539631068823505,2.612794080740594,2.5465932204905197,0.06910333107879285,2.4068185401731514,2.686367900807888,2.5465932204905197,0.0589360386113162,2.426946701246018,2.6662397397350213,0,0,0,9.970912483229178,0.5821
324,894340,2.0,2.585895920921377,0.018602844832087944,2.5494350150404976,2.622356826802257,2.562657502377421,0.05908014405539741,2.443156631442105,2.6821583733127374,2.562657502377421,0.05618565623156885,2.448594556207765,2.6767204485470772,0,0,0,9.122044533659388,0.6765
325,895340,2.0,2.537704465104782,0.018429309043374233,2.50158368311981,2.573825247089754,2.5177700235944114,0.059230312876921216,2.3979654075473262,2.6375746396414965,2.5177700235944114,0.05658309514766382,2.4029002335301954,2.6326398136586273,0,0,0,9.42660467711014,0.688
326,896340,2.0,2.634484605276234,0.018910412955867612,2.597420876949954,2.671548333602514,2.6396339124379984,0.0684716883606618,2.501136850111301,2.7781309747646956,2.6396339124379984,0.06728522140609901,2.5030376510073973,2.7762301738685995,0,0,0,12.660106116748612,0.6493
327,897340,2.0,2.5389422638601804,0.01885616060321687,2.5019848681911725,2.5758996595291883,2.5280648311836735,0.06613604993634413,2.3942920434903323,2.6618376188770148,2.5280648311836735,0.0678781000873291,2.3902649620418166,2.6658647003255305,0,0,0,12.958442878948224,0.6061
328,898340,2.0,2.6512173295126864,0.01852588256164926,2.614907266910035,2.6875273921153378,2.6382975439697134,0.05485613255552504,2.52734054274132,2.7492545451981067,2.6382975439697134,0.055168907988857985,2.5262987064686193,2.7502963814708075,0,0,0,8.868107763556578,0.6023
329,899340,2.0,2.5880250299780734,0.019364081580966516,2.5500721274856835,2.6259779324704633,2.594792941337243,0.08455256245655594,2.423769240990526,2.76581664168396,2.594792941337243,0.08658459073967557,2.419016877212316,2.7705690054621694,0,0,0,19.993434751255258,0.5808
330,900340,2.0,2.6061437240273864,0.019043768176694106,2.568818624271136,2.643468823783637,2.5700591716958034,0.07063948741390731,2.4271773219076422,2.7129410214839647,2.5700591716958034,0.061863338943569386,2.444469916838425,2.695648426553182,0,0,0,10.552635580460535,0.6802
331,901340,2.0,2.7390238996787923,0.018538025673989267,2.7026900370132947,2.77535776234429,2.717199523992034,0.05050590836616337,2.615041681731587,2.8193573662524813,2.717199523992034,0.04687117286331429,2.6220459843558275,2.812353063628241,0,0,0,6.392705290660726,0.6881
332,902340,2.0,2.584146835522524,0.019318853611251043,2.5462825782218705,2.6220110928231777,2.5685633063052498,0.07796079382754006,2.4108727165114265,2.726253896099073,2.5685633063052498,0.07756616818175052,2.4110956133154784,2.726030999295021,0,0,0,16.120628576607203,0.6894
333,903340,2.0,2.597114002663644,0.01925216370501954,2.5593804551773363,2.6348475501499515,2.579085045791758,0.06912566962139013,2.4392651815071114,2.7189049100764047,2.579085045791758,0.06718267745021668,2.4426969596589876,2.7154731319245284,0,0,0,12.177426697353013,0.6191
334,904340,2.0,2.479945059390741,0.01951786702348309,2.4416907429696724,2.5181993758118097,2.4871095601195194,0.08916588332299347,2.3067545375450433,2.6674645826939956,2.4871095601195194,0.08884961611946865,2.3067352500133866,2.6674838702256523,0,0,0,20.72270296241812,0.6134
335,905340,2.0,2.55027176206495,0.018609338120301844,2.5137981295730305,2.58674539455687,2.556007581738175,0.06729982102810518,2.4198808448245277,2.6921343186518225,2.556007581738175,0.06512284908248708,2.4238011695055675,2.6882139939707828,0,0,0,12.246301041312655,0.6384
336,906340,2.0,2.674069528529937,0.01866827502565805,2.6374803818261587,2.710658675233715,2.6635320423159974,0.060825189871758875,2.540501483052879,2.786562601579116,2.6635320423159974,0.05836288543660805,2.545049085875573,2.7820149987564218,0,0,0,9.773837842665802,0.7099
337,907340,2.0,2.639693625798873,0.01890008459844137,2.6026501406811677,2.6767371109165783,2.6306269029089537,0.062132413987054665,2.5049522332973733,2.756301572520534,2.6306269029089537,0.06151862035609681,2.5057374639890186,2.755516341828889,0,0,0,10.594627168107307,0.6416
338,908340,2.0,2.585106015682834,0.018933863578140853,2.547996324981483,2.6222157063841847,2.574304218162907,0.0696400654005442,2.43344389020646,2.715164546119354,2.574304218162907,0.066188574015622,2.4399342692942083,2.7086741670316057,0,0,0,12.22046023020718,0.5785
339,909340,2.0,2.515749184499504,0.018973304720349464,2.4785621905799156,2.5529361784190927,2.5060111697820475,0.05834535836649531,2.3879965431878465,2.6240257963762486,2.5060111697820475,0.05640104275356009,2.3915109657264586,2.6205113738376364,0,0,0,8.836663212691528,0.5856
340,910340,2.0,2.628098995687975,0.018958034759658526,2.5909419303413856,2.665256061034564,2.6419581529888747,0.05721556913177398,2.5262287408213,2.7576875651564494,2.6419581529888747,0.05781795310019811,2.524581468004956,2.7593348379727933,0,0,0,9.30119596579473,0.7166
341,911340,2.0,2.592359910666424,0.019105753202427724,2.554913322492155,2.629806498840693,2.575031913051439,0.07862181132548943,2.416004289166528,2.73405953693635,2.575031913051439,0.07968070361081706,2.4132714849225536,2.7367923411803243,0,0,0,17.393140048932977,0.5336
342,912340,2.0,2.5999589282408966,0.01875573504208896,2.5631983630548265,2.6367194934269667,2.5768965811597777,0.06786587678954058,2.4396248883972405,2.714168273922315,2.5768965811597777,0.06397728202002823,2.4470157937030104,2.706777368616545,0,0,0,11.635455611547703,0.6005
343,913340,2.0,2.616908847073197,0.019489612736654418,2.5787099080367213,2.6551077861096726,2.598667443372908,0.09528774345649814,2.405929789892657,2.791405096853159,2.598667443372908,0.0949409607635515,2.4059270462111173,2.7914078405346987,0,0,0,23.730168676591347,0.6829
344,914340,2.0,2.699992294919516,0.018904447993037737,2.6629402577055514,2.7370443321334803,2.669975158957638,0.07246982444983405,2.523391103066301,2.8165592148489753,2.669975158957638,0.06558708734878331,2.5368262929400256,2.8031240249752507,0,0,0,12.036734701590614,0.6161
345,915340,2.0,2.5337178967997493,0.018998612360171446,2.496481300817576,2.570954492781923,2.528796298715416,0.07888364603088226,2.3692390641493564,2.688353533281475,2.528796298715416,0.08141347001181463,2.3635181677780595,2.694074429652772,0,0,0,18.363217069800935,0.6519
346,916340,2.0,2.687015471939684,0.01884105079897058,2.650087690942812,2.723943252936556,2.6798583161685325,0.059495503445131874,2.5595173015670487,2.8001993307700164,2.6798583161685325,0.05853932149118758,2.561017175494877,2.798699456842188,0,0,0,9.653507264231878,0.6019
347,917340,2.0,2.64671879597245,0.019133855373624817,2.6092171285547474,2.6842204633901527,2.640165734678844,0.08528713311827851,2.4676562249245357,2.8126752444331524,2.640165734678844,0.0843161605907678,2.4689948285838974,2.8113366407737908,0,0,0,19.418544327983096,0.6448
348,918340,2.0,2.6571797749029034,0.019124500774493063,2.6196964421625886,2.694663107643218,2.6223654633315747,0.07548099775657259,2.46969073453404,2.7750401921291092,2.6223654633315747,0.06193889819978223,2.496622815029106,2.7481081116340436,0,0,0,10.489305562322038,0.633
349,919340,2.0,2.4814251676820964,0.018717878219009398,2.4447388005058315,2.5181115348583614,2.4812264116268326,0.052350671469527425,2.375337183787592,2.5871156394660733,2.4812264116268326,0.050755671740377255,2.378186920023021,2.5842659032306443,0,0,0,7.352853704364666,0.6507
350,920340,2.0,2.6011374707468677,0.018553748683364756,2.5647727915492653,2.63750214994447,2.601286835985366,0.05909252541358953,2.481760921389257,2.7208127505814748,2.601286835985366,0.05957941845705943,2.4803341862151447,2.722239485755587,0,0,0,10.311674140137347,0.6066
351,921340,2.0,2.568164032160421,0.019111178014999477,2.5307068115488884,2.6056212527719533,2.560285777241651,0.08024310880251775,2.3979787696712767,2.7225927848120253,2.560285777241651,0.08187518287303291,2.39407031936416,2.7265012351191418,0,0,0,18.35395448442369,0.6851
352,922340,2.0,2.6309121464871525,0.018429357361118278,2.5947912698011426,2.6670330231731625,2.615857284903583,0.06587157316458082,2.482619451975048,2.749095117832118,2.615857284903583,0.06657548183709332,2.480701871399013,2.751012698408153,0,0,0,13.049932150561705,0.6436
353,923340,2.0,2.5785593335782035,0.018701388526689847,2.541905285605001,2.6152133815514063,2.570615780011958,0.06788597073534648,2.4333034434076914,2.707928116616224,2.570615780011958,0.06937549683940662,2.429776033851972,2.7114555261719437,0,0,0,13.761459836462242,0.649
354,924340,2.0,2.6428622319938215,0.01913354628556537,2.6053611703775834,2.6803632936100596,2.617569991158207,0.06931215458970579,2.4773729254214247,2.7577670568949895,2.617569991158207,0.05451574243683627,2.506897150222732,2.7282428320936822,0,0,0,8.118072385283023,0.6267
355,925340,2.0,2.5790457221724075,0.019465945805371452,2.540893169468871,2.617198274875944,2.5666737648731104,0.08083979382762234,2.403159847920335,2.730187681825886,2.5666737648731104,0.0798951267776206,2.4044780345732963,2.7288694951729244,0,0,0,16.84571933153663,0.5855
356,926340,2.0,2.5102430227879013,0.01913522761360159,2.472738665829266,2.5477473797465366,2.5031221837013127,0.06991426231979511,2.361707240125995,2.6445371272766303,2.5031221837013127,0.06194103377423885,2.3773751999522084,2.628869167450417,0,0,0,10.478271171850759,0.5445
357,927340,2.0,2.551601732251623,0.018531136579259137,2.5152813719636824,2.587922092539564,2.537966414845984,0.066990976644202,2.4024643746633623,2.673468455028606,2.537966414845984,0.06404039209045263,2.4079575071348955,2.667975322557073,0,0,0,11.942736508945659,0.6437
358,928340,2.0,2.5116870180631024,0.01851479590541027,2.4753986849073883,2.5479753512188164,2.486691512768856,0.06128891427773815,2.3627229823603635,2.610660043177348,2.486691512768856,0.058256824357689904,2.368423871765622,2.6049591537720898,0,0,0,9.900468721960308,0.6166
359,929340,2.0,2.6547191077662022,0.018790347757403084,2.617890702904709,2.6915475126276953,2.640464410627737,0.0647943636495959,2.5094054396041394,2.7715233816513343,2.640464410627737,0.058036793849181624,2.5226434553042827,2.758285365951191,0,0,0,9.539754301641754,0.6355
360,930340,2.0,2.6636924048398716,0.018819250993858363,2.6268073506758896,2.7005774590038536,2.664152059568823,0.056515443097526756,2.549838785973601,2.7784653331640445,2.664152059568823,0.0580590163274549,2.5462859902160404,2.7820181289216053,0,0,0,9.517758432548158,0.6444
361,931340,2.0,2.5514307365464437,0.018798924166257915,2.5145855222324784,2.588275950860409,2.53890269625616,0.06982180731186492,2.3976747605858946,2.6801306319264255,2.53890269625616,0.06849805785062318,2.3998442459438594,2.6779611465684607,0,0,0,13.27671167619468,0.5878
362,932340,2.0,2.6166112257676133,0.01909323787007915,2.5791891671940017,2.654033284341225,2.594871027142471,0.06866795693702148,2.4559769741484825,2.7337650801364592,2.594871027142471,0.0654636508226949,2.461972750595106,2.727769303689836,0,0,0,11.755504633738738,0.5964
363,933340,2.0,2.6814111661766873,0.019504199274030305,2.6431836380522955,2.719638694301079,2.676072360972391,0.07472440825668093,2.5249279788864825,2.8272167430582997,2.676072360972391,0.07189211670654655,2.530123604867732,2.82202111707705,0,0,0,13.58645924421344,0.6193
364,934340,2.0,2.535244619496569,0.019099850900205037,2.4978095996220824,2.572679639371056,2.517214018985205,0.05327947170809097,2.409446115336894,2.6249819226335163,2.517214018985205,0.05172280202903906,2.41221114851473,2.62221688945568,0,0,0,7.333379067611052,0.591
365,935340,2.0,2.6077343560545443,0.018638923943259427,2.5712027364151746,2.644265975693914,2.6108516485306286,0.06773300809507014,2.4738487080699536,2.7478545889913035,2.6108516485306286,0.06925478578877926,2.470256958831549,2.7514463382297083,0,0,0,13.805683354101161,0.6829
366,936340,2.0,2.467458095050217,0.01890457767930693,2.4304058036558356,2.504510386444599,2.4772677826747547,0.07259527501440936,2.330429979065537,2.624105586283972,2.4772677826747547,0.07073447866840882,2.3336691567293633,2.620866408620146,0,0,0,14.0000102725359,0.6268
367,937340,2.0,2.5738454942898796,0.019544151263687578,2.535539661704649,2.6121513268751104,2.5459195730492823,0.07572360279539528,2.392754129242566,2.6990850168559986,2.5459195730492823,0.07317637611722468,2.3973636317330755,2.694475514365489,0,0,0,14.018713692114746,0.5448
368,938340,2.0,2.6092648595209864,0.0192078339249754,2.571618196807008,2.646911522234965,2.5932452651750872,0.05809190545764078,2.475743295478283,2.7107472348718913,2.5932452651750872,0.056822192257419656,2.4778900821727343,2.70860044817744,0,0,0,8.751433284245264,0.5683
369,939340,2.0,2.6124135383240774,0.018930618436140367,2.5753102079841725,2.6495168686639823,2.6019409102113,0.07375311577135493,2.4527611526161603,2.7511206678064397,2.6019409102113,0.07331164714603666,2.4531103541070394,2.7507714663155607,0,0,0,14.997412973416205,0.6086
370,940340,2.0,2.577484490745937,0.019325973550058505,2.5396062786216484,2.6153627028702253,2.5727482051554302,0.0744655499876779,2.4221274133398105,2.72336899697105,2.5727482051554302,0.07558239596991004,2.4193077838607593,2.726188626450101,0,0,0,15.295319325339106,0.7238
371,941340,2.0,2.677827761611631,0.018941611462622528,2.6407028853357395,2.714952637887522,2.667248308351003,0.06672236582255044,2.532289584838359,2.8022070318636465,2.667248308351003,0.06478492265495972,2.535727923238084,2.7987686934639218,0,0,0,11.698065299694129,0.5863
372,942340,2.0,2.603602150799841,0.018737620378109606,2.5668770897027624,2.6403272118969197,2.6042526163339312,0.07149784551035106,2.459634573417953,2.7488706592499095,2.6042526163339312,0.07299515779221022,2.4560645677760804,2.752440664891782,0,0,0,15.176066870506578,0.7343
373,943340,2.0,2.55933651253054,0.019042534973862175,2.5220138298074257,2.596659195253654,2.5577785809489764,0.05944409247735176,2.4375415548452115,2.678015607052741,2.5577785809489764,0.058017026323704465,2.4399977558357153,2.6755594060622374,0,0,0,9.282424094581188,0.6531
374,944340,2.0,2.542419536510719,0.01877540247210432,2.5056204238701505,2.579218649151288,2.54151723296906,0.06456189956968482,2.410928464929133,2.6721060010089865,2.54151723296906,0.06578545253477043,2.407965664214686,2.675068801723434,0,0,0,12.276688098769156,0.5668
375,945340,2.0,2.65257418798049,0.01873168105036881,2.6158607677518755,2.689287608209104,2.6344150580434835,0.06164911676994645,2.5097179493246267,2.7591121667623404,2.6344150580434835,0.05420296913790412,2.524377180661916,2.744452935425051,0,0,0,8.373222763157457,0.6285
376,946340,2.0,2.555067743915497,0.01871194343099625,2.5183930087099933,2.5917424791210006,2.550812233692916,0.06189934651533672,2.4256089875401354,2.676015479845697,2.550812233692916,0.06354744898890961,2.4218040536804466,2.679820413705386,0,0,0,11.533429111140036,0.6477
377,947340,2.0,2.4577974505973255,0.018710359003221856,2.421125820813196,2.494469080381455,2.4436376645839673,0.06765243888404875,2.30679769073486,2.5804776384330745,2.4436376645839673,0.06591644783608999,2.309820161229821,2.5774551679381137,0,0,0,12.41147366789471,0.6648
378,948340,2.0,2.7181924938063133,0.018845722280433564,2.6812555568740195,2.755129430738607,2.716354178909185,0.06750189754452217,2.5798187036606284,2.852889654157742,2.716354178909185,0.06948748907589854,2.5752870764219944,2.857421281396376,0,0,0,13.595264577923981,0.6572
379,949340,2.0,2.5093833671243497,0.018618315651621902,2.4728921389943723,2.545874595254327,2.503964739710727,0.06826279660533195,2.365890200840806,2.6420392785806484,2.503964739710727,0.06491447451990892,2.3721813503296554,2.635748129091799,0,0,0,12.156325315852866,0.5385
380,950340,2.0,2.5783771469431187,0.018574234958062145,2.541972315384932,2.6147819785013056,2.579605847269891,0.05922776132607635,2.459806392221532,2.69940530231825,2.579605847269891,0.060686072440211944,2.456406570474642,2.70280512406514,0,0,0,10.674712632440391,0.6553
381,951340,2.0,2.599417906026024,0.018703631545948802,2.562759461815857,2.636076350236191,2.5742861740099174,0.06699644123279326,2.43877308065357,2.709799267366265,2.5742861740099174,0.06362411626185915,2.445122351158796,2.703449996861039,0,0,0,11.571553007710751,0.6039
382,952340,2.0,2.579106316166641,0.019554725789893822,2.540779757890893,2.6174328744423896,2.5586450073991163,0.07795115551718637,2.40097391292813,2.7163161018701025,2.5586450073991163,0.0749315549921706,2.406525863533384,2.7107641512648484,0,0,0,14.683379712147659,0.6052
383,953340,2.0,2.6840298001644594,0.01902666944955594,2.646738213297581,2.7213213870313377,2.6625003813554384,0.07413489809078423,2.5125483961293584,2.8124523665815184,2.6625003813554384,0.0736311269524042,2.5130212467633553,2.8119795159475216,0,0,0,14.97605232046673,0.7031
384,954340,2.0,2.641835986956005,0.019128984811218976,2.604343865665202,2.679328108246808,2.6270092401256506,0.06927082327147249,2.486895774870972,2.7671227053803293,2.6270092401256506,0.06546989755102349,2.49409828204558,2.7599201982057213,0,0,0,11.7138451335826,0.5546
385,955340,2.0,2.7260351494752126,0.018811467056938744,2.689165351547251,2.7629049474031744,2.690129003940802,0.06763978489247717,2.553314625205549,2.8269433826760553,2.690129003940802,0.056584587886433994,2.575256183455774,2.80500182442583,0,0,0,9.047966453093714,0.6443
386,956340,2.0,2.5804377243356997,0.019595270204933065,2.5420317004667,2.6188437482046996,2.5589852180191963,0.09077713935694065,2.3753711224950007,2.742599313543392,2.5589852180191963,0.09014539501976356,2.3759803368943153,2.7419900991440773,0,0,0,21.163358040935673,0.4815
387,957340,2.0,2.711149703355228,0.01907846271513759,2.6737566035531684,2.748542803157288,2.7059797544656226,0.06916130060789223,2.5660878197081063,2.845871689223139,2.7059797544656226,0.07059910621210763,2.5626559492170347,2.8493035597142105,0,0,0,13.693411222578478,0.7216
388,958340,2.0,2.581997498225607,0.01928581468549515,2.544197996029523,2.619797000421691,2.5687445526270407,0.0639133993953068,2.4394675000014705,2.698021605252611,2.5687445526270407,0.062178827824445795,2.4425148212913204,2.694974283962761,0,0,0,10.39463113344457,0.5205
389,959340,2.0,2.6300788506293036,0.01916260527564468,2.5925208344390827,2.6676368668195245,2.6251682484885106,0.06827834739177216,2.4870622551840573,2.763274241792964,2.6251682484885106,0.06930417945780594,2.4844732843103343,2.765863212666687,0,0,0,13.080060246088813,0.6561
390,960340,2.0,2.7305095960715082,0.018643898935553238,2.6939682256264192,2.767050966516597,2.7185175154374996,0.05916510313362438,2.598844798546079,2.83819023232892,2.7185175154374996,0.05876711689127917,2.599213925516099,2.8378211053589,0,0,0,9.935627239837034,0.5297
391,961340,2.0,2.6910607879640964,0.018929739328906226,2.6539591806427087,2.728162395285484,2.6845292429136647,0.06689072295202891,2.549229984963901,2.8198285008634283,2.6845292429136647,0.06765736182309033,2.547177496272107,2.8218809895552224,0,0,0,12.774410013208461,0.7018
392,962340,2.0,2.652214854645968,0.018787889740324172,2.6153912674094233,2.689038441882513,2.661288543945443,0.06359613077616277,2.532653227675028,2.7899238602158576,2.661288543945443,0.060422173433144634,2.5386250106166988,2.783952077274187,0,0,0,10.342765561385633,0.5732
393,963340,2.0,2.517436973362096,0.018327770225740055,2.48151520380272,2.5533587429214717,2.5073011656005417,0.05151100922775275,2.4031103149536364,2.611492016247447,2.5073011656005417,0.050982558080729955,2.403801070238368,2.6108012609627154,0,0,0,7.737915492049015,0.6038
394,964340,2.0,2.4839507139819523,0.019121962797899916,2.446472355584354,2.5214290723795507,2.498109691546553,0.0718515727814826,2.3527761676910877,2.643443215402018,2.498109691546553,0.07003753781928991,2.3559259307444793,2.6402934523486263,0,0,0,13.415189200871154,0.6597
395,965340,2.0,2.5405908122485115,0.018689601315460252,2.503959866784797,2.577221757712226,2.543889489012763,0.06288268475640364,2.416697253528451,2.6710817244970744,2.543889489012763,0.06210424866087085,2.417811161428298,2.6699678165972274,0,0,0,11.04186796725474,0.5762
396,966340,2.0,2.4860779957060695,0.01918011094462073,2.44848566903513,2.5236703223770087,2.464744875691832,0.068258035605128,2.326679966853794,2.60280978452987,2.464744875691832,0.06525021013042775,2.3322799067860496,2.5972098445976144,0,0,0,11.57341694392427,0.5995
397,967340,2.0,2.462138806074275,0.01936341826755987,2.4241872036522727,2.500090408496277,2.435939960863839,0.07584124151381783,2.282536570289525,2.589343351438153,2.435939960863839,0.07400437365890229,2.2857030951737007,2.5861768265539773,0,0,0,14.606653302645954,0.6893
398,968340,2.0,2.526792807178425,0.01912362367439464,2.4893111935227137,2.564274420834136,2.5013850396267308,0.07661960675125624,2.3464072567541776,2.656362822499284,2.5013850396267308,0.0768594870296863,2.34535198564651,2.6574180936069514,0,0,0,16.153051792296832,0.5529
399,969340,2.0,2.5786030351410005,0.019060352608713926,2.5412454304952874,2.6159606397867137,2.57415645665102,0.04954271807159591,2.473946850653662,2.674366062648378,2.57415645665102,0.04886785484409993,2.4749494370954257,2.6733634762066143,0,0,0,6.573318700184619,0.5338
400,970340,2.0,2.6035018412008295,0.019426323849146995,2.56542694610449,2.641576736297169,2.5894787314745984,0.07976443388635966,2.4281399353107864,2.7508175276384104,2.5894787314745984,0.07724338160110975,2.432666330081319,2.746291132867878,0,0,0,15.810343576426812,0.5636
401,971340,2.0,2.60268406864698,0.01880513125723594,2.565826688658249,2.639541448635711,2.578864967100989,0.06387377883143334,2.4496680546302123,2.7080618795717655,2.578864967100989,0.06196808109128096,2.453063074379119,2.7046668598228587,0,0,0,10.85883809230085,0.6598
402,972340,2.0,2.639609407109077,0.019095127405152682,2.602183645114774,2.6770351691033802,2.6106343333201276,0.0693870163965518,2.4702858452863805,2.7509828213538747,2.6106343333201276,0.06466907206875865,2.4793491374007477,2.7419195292395075,0,0,0,11.46959645220852,0.5166
403,973340,2.0,2.4792969818574746,0.018850568653378433,2.442350546208753,2.516243417506196,2.468969694691953,0.05386339723026841,2.3600206901919556,2.57791869919195,2.468969694691953,0.05332888116008169,2.360706310244151,2.577233079139755,0,0,0,8.003427826418534,0.6927
404,974340,2.0,2.55399694747495,0.01904865286520344,2.516662273905146,2.5913316210447546,2.543018056923202,0.06871023872875745,2.404038480932986,2.681997632913418,2.543018056923202,0.0693907240579121,2.402147397866203,2.6838887159802014,0,0,0,13.270103293146462,0.6252
405,975340,2.0,2.530154029164469,0.01916472102573353,2.4925918661802737,2.5677161921486644,2.5242494288076953,0.07610260904954086,2.3703173724920816,2.678181485123309,2.5242494288076953,0.06843318998450389,2.385322667264692,2.6631761903506987,0,0,0,12.750539656404413,0.6741
406,976340,2.0,2.6179984127913003,0.018593248430168685,2.5815563155125636,2.654440510070037,2.6151355380502066,0.05852091175718923,2.4967658212066675,2.7335052548937457,2.6151355380502066,0.05957479737723275,2.4941922695707786,2.7360788065296346,0,0,0,10.266315429227332,0.5363
407,977340,2.0,2.607612010983036,0.01887735998480486,2.5706130652896206,2.644610956676451,2.584568349667099,0.06787956003651957,2.4472689799251404,2.7218677194090573,2.584568349667099,0.06203743675048738,2.458625657471605,2.7105110418625924,0,0,0,10.800035309241522,0.5781
408,978340,2.0,2.4620274023237787,0.018922231104746497,2.424940510851332,2.499114293796225,2.455631842461982,0.07772534206419103,2.2984174988119914,2.6128461861119723,2.455631842461982,0.07802342449565704,2.2972358698041067,2.614027815119857,0,0,0,17.002208234917724,0.636
409,979340,2.0,2.6210305923368984,0.01922784649636004,2.583344705703768,2.6587164789700286,2.6043499798730974,0.07729892493869397,2.447998146270998,2.7607018134751966,2.6043499798730974,0.07705332407779082,2.4479234157647314,2.7607765439814633,0,0,0,16.059109714247537,0.5415
410,980340,2.0,2.594521265651685,0.018963253580538294,2.5573539716041296,2.6316885596992403,2.586115033550689,0.07029762795102702,2.4439246597940243,2.7283054073073534,2.586115033550689,0.07054287634829022,2.4429053809944414,2.7293246861069362,0,0,0,13.838232483548461,0.5608
411,981340,2.0,2.5082737804943545,0.01912590384894676,2.470787697778643,2.545759863210066,2.4938574569150256,0.06611313992748721,2.3601310090885774,2.6275839047414737,2.4938574569150256,0.06665593709260029,2.3585387105583817,2.6291762032716695,0,0,0,12.146012969673382,0.5132
412,982340,2.0,2.557413808786995,0.01932521258012195,2.5195370881363757,2.5952905294376145,2.53040516492535,0.07045661287957221,2.387893213797294,2.6729171160534055,2.53040516492535,0.06527584735695834,2.3978881496827293,2.6629221801679703,0,0,0,11.409233712464706,0.6762
413,983340,2.0,2.5215346017574283,0.01919640030451369,2.483910348527768,2.5591588549870887,2.513600408790516,0.06854460013154809,2.3749558684868832,2.6522449490941487,2.513600408790516,0.06710186109455213,2.3773763885821126,2.6498244289989192,0,0,0,12.218827560401941,0.5629
414,984340,2.0,2.6423357114136423,0.01948899728090349,2.6041379786482723,2.6805334441790123,2.623621659293301,0.0754393312662689,2.4710312089273736,2.776212109659228,2.623621659293301,0.0727633158824015,2.4759042748346536,2.771339043751948,0,0,0,13.93946076941573,0.5916
415,985340,2.0,2.525999403126584,0.01905488957915634,2.48865250582205,2.5633463004311183,2.516375082180136,0.08167114415559777,2.351179600467595,2.6815705638926772,2.516375082180136,0.08320835996094053,2.347453130926722,2.68529703343355,0,0,0,19.06869847163357,0.5781
416,986340,2.0,2.6224711920928945,0.018985539727367086,2.5852602180002004,2.6596821661855885,2.6015101361749973,0.07136178740708703,2.4571672967490885,2.745852975600906,2.6015101361749973,0.06467848195598823,2.470205837168949,2.7328144351810457,0,0,0,11.605764146513366,0.5492
417,987340,2.0,2.4899583091091917,0.0187919412658329,2.4531267810285673,2.526789837189816,2.4917677042801976,0.07444794570729246,2.3411825204826675,2.6423528880777276,2.4917677042801976,0.07437798914762106,2.340772358824294,2.642763049736101,0,0,0,15.66554731998312,0.6354
418,988340,2.0,2.6179688336982405,0.019203641715791413,2.5803303875632784,2.6556072798332027,2.6007636095271365,0.06717632153764722,2.4648866739114674,2.7366405451428055,2.6007636095271365,0.06729349759864181,2.4641505465324385,2.7373766725218345,0,0,0,12.279452784195891,0.5813
419,989340,2.0,2.5765981679747436,0.018915468319688527,2.5395245313174457,2.6136718046320415,2.5636465457378117,0.06793319692868642,2.4262386851410884,2.701054406334535,2.5636465457378117,0.06442461052601915,2.4328576331344998,2.6944354583411236,0,0,0,11.600304971032559,0.6069
420,990340,2.0,2.6655633633321965,0.01868122547197223,2.6289488342200587,2.7021778924443343,2.6564579328468043,0.06847514538800739,2.5179538780222845,2.794961987671324,2.6564579328468043,0.06956710554258748,2.5152292003393693,2.7976866653542394,0,0,0,13.867467094068115,0.5581
421,991340,2.0,2.6213924394135444,0.018980604000783476,2.584191139167192,2.6585937396598966,2.612268905680464,0.050775486050226575,2.5095657910862177,2.7149720202747107,2.612268905680464,0.04810268918653708,2.514615254992713,2.709922556368215,0,0,0,6.4227150687679595,0.5614
422,992340,2.0,2.604829093641845,0.01888913415873144,2.567807070991586,2.641851116292104,2.5730592930020615,0.06990791260253529,2.4316571929421897,2.7144613930619332,2.5730592930020615,0.06214168007911036,2.446904975598663,2.69921361040546,0,0,0,10.82285597795577,0.5669
423,993340,2.0,2.715718906645243,0.019024057517731542,2.678432439070671,2.7530053742198155,2.6886569520171686,0.07335760906748207,2.540277182240766,2.837036721793571,2.6886569520171686,0.0698046363161805,2.5469460064030587,2.8303678976312785,0,0,0,13.463632131176942,0.7484
424,994340,2.0,2.6756533495356614,0.018970752886243402,2.638471357119015,2.712835341952308,2.669094109578296,0.07317664064880257,2.52108038297917,2.817107836177422,2.669094109578296,0.07247984297737817,2.521952205711581,2.8162360134450113,0,0,0,14.597058674641348,0.5923
425,995340,2.0,2.6298732855700506,0.018689433582676832,2.5932426688565506,2.6665039022835506,2.6074810137979947,0.05964926654447923,2.486828983971624,2.728133043624365,2.6074810137979947,0.05341502355963077,2.4990427509819093,2.71591927661408,0,0,0,8.16835435069928,0.6197
426,996340,2.0,2.528527638079667,0.019288825934153882,2.490722233944663,2.5663330422146706,2.5155547325274097,0.07784640376893175,2.358095518466476,2.6730139465883433,2.5155547325274097,0.07628679018600164,2.360684314950037,2.670425150104782,0,0,0,15.641813241115162,0.6401
427,997340,2.0,2.5131440501057507,0.018775674294741827,2.476344404702602,2.549943695508899,2.481933005495196,0.057220063108853206,2.366194503400988,2.597671507589404,2.481933005495196,0.05197900509459888,2.376410015150086,2.587455995840306,0,0,0,7.664164885569305,0.5788
428,998340,2.0,2.4839167246091103,0.019311316031760818,2.446067240692788,2.5217662085254324,2.4518227859679955,0.07303206754555387,2.3041014860720925,2.5995440858638985,2.4518227859679955,0.06418689224713678,2.3215164671273327,2.5821291048086583,0,0,0,11.047625793155358,0.5702
429,999340,2.0,2.5518798430008998,0.01909219446885046,2.514459829456118,2.5892998565456815,2.5497463423588873,0.07495635617759884,2.398132801319417,2.7013598833983576,2.5497463423588873,0.07723231171797788,2.3929564140231188,2.706536270694656,0,0,0,16.363883162364733,0.5951
430,1000340,2.0,2.503006962369778,0.01895707503702682,2.4658517780449825,2.540162146694574,2.4943359248757515,0.06141215499391707,2.370118116589665,2.618553733161838,2.4943359248757515,0.06101203918976662,2.3704749003978858,2.6181969493536172,0,0,0,10.358298516443545,0.628
431,1001340,2.0,2.645735115452096,0.019087856459157285,2.6083236042500775,2.6831466266541146,2.6321840751254593,0.07256568241156494,2.4854061282053155,2.778962022045603,2.6321840751254593,0.06654542858312991,2.4970896729700303,2.7672784772808883,0,0,0,12.154081159498553,0.6393
432,1002340,2.0,2.5265848509320183,0.018794013260734717,2.48974926181601,2.5634204400480267,2.535267488147819,0.06497814353878884,2.4038367872110658,2.6666981890845727,2.535267488147819,0.06622090198836368,2.400831910005353,2.6697030662902854,0,0,0,12.41512584128678,0.6457
433,1003340,2.0,2.6444014631778736,0.018783842879839415,2.6075858076421294,2.681217118713618,2.628857704963083,0.07463089328156594,2.4779024747682272,2.779812935157939,2.628857704963083,0.07287000033405369,2.4809237395533157,2.7767916703728504,0,0,0,15.049727947594883,0.5598
434,1004340,2.0,2.686496638383844,0.0190118511997348,2.6492340947529294,2.7237591820147586,2.6932255410184593,0.06419445657284997,2.5633799965918618,2.823071085445057,2.6932255410184593,0.062415581700834756,2.5665151737612377,2.819935908275681,0,0,0,10.777976485037057,0.598
435,1005340,2.0,2.5302830612404055,0.019141210251933473,2.492766978526107,2.567799143954704,2.5351020592591613,0.07486992474512004,2.3836633422933713,2.6865407762249514,2.5351020592591613,0.075194946711341,2.382448201776106,2.6877559167422165,0,0,0,15.432579554378767,0.5069
436,1006340,2.0,2.596873996773426,0.018582823354565816,2.560452332267407,2.633295661279445,2.6035308717164387,0.0592159180904501,2.4837553718732446,2.723306371559633,2.6035308717164387,0.05685333969185004,2.488112456060504,2.7189492873723733,0,0,0,9.360274072551189,0.5295
437,1007340,2.0,2.4871316780833803,0.01892022966776911,2.4500487093553267,2.524214646811434,2.4809704665394237,0.06553235257348844,2.348418772020381,2.6135221610584662,2.4809704665394237,0.06518403298113767,2.3486398443890844,2.613301088689763,0,0,0,11.869424064119707,0.5609
438,1008340,2.0,2.63715017109926,0.018923007017316498,2.6000617588661212,2.674238583332399,2.609127779704495,0.05912985449152646,2.4895263599213897,2.7287291994876006,2.609127779704495,0.05097067565617482,2.505651806946618,2.7126037524623725,0,0,0,7.255385291311714,0.6142
439,1009340,2.0,2.670290609593678,0.01955798905972485,2.631957655426589,2.7086235637607667,2.639419097498648,0.0942979433503206,2.448683503705814,2.830154691291482,2.639419097498648,0.09012739038771854,2.456450767720027,2.822387427277269,0,0,0,21.23563221285391,0.4538
440,1010340,2.0,2.6677677174020973,0.0189572300411218,2.630612229274858,2.7049232055293366,2.6545921715221326,0.06488399802860718,2.5233518978539857,2.7858324451902794,2.6545921715221326,0.06210317392458486,2.528516025768323,2.7806683172759423,0,0,0,10.731930026985774,0.6601
441,1011340,2.0,2.5695300978766165,0.018916686424305038,2.532454073778141,2.606606121975092,2.55012306249805,0.07223472501185793,2.4040145401052126,2.6962315848908873,2.55012306249805,0.06994179291888289,2.408133674177382,2.6921124508187178,0,0,0,13.670468311848444,0.5348
442,1012340,2.0,2.527875304478535,0.019195801725221066,2.49025222444273,2.56549838451434,2.516336663767447,0.07814683854368713,2.3582697630155525,2.674403564519342,2.516336663767447,0.07897759442688047,2.356003623167297,2.676669704367597,0,0,0,16.92759625758473,0.5297
443,1013340,2.0,2.54408550961182,0.01926536229129621,2.5063260933717633,2.5818449258518763,2.529222645042168,0.07040550000690558,2.386814079457552,2.671631210626784,2.529222645042168,0.07094524201163793,2.3851961467627025,2.6732491433216334,0,0,0,13.561014743068721,0.5412
444,1014340,2.0,2.5393991788666717,0.019535439663556444,2.5011104207039456,2.5776879370293977,2.5332238062434764,0.07525058788039153,2.3810151254103804,2.6854324870765724,2.5332238062434764,0.07373810503752862,2.383527494592633,2.68292011789432,0,0,0,14.247463911550595,0.5321
445,1015340,2.0,2.54661158228643,0.018851325240262517,2.5096636637546648,2.5835595008181955,2.539184356554128,0.05731912608877593,2.4232454806699186,2.6551232324383376,2.539184356554128,0.05776748552425606,2.421910126196249,2.656458586912007,0,0,0,9.390379751638394,0.5716
446,1016340,2.0,2.543235253306446,0.018692645586458303,2.5065983411812165,2.579872165431676,2.5245837212445807,0.06211499503271879,2.398944284793772,2.6502231576953896,2.5245837212445807,0.06134994915194502,2.4000367030734617,2.6491307394156998,0,0,0,10.771765011497656,0.4631
447,1017340,2.0,2.6480232141509186,0.018845028098652822,2.6110876377899137,2.6849587905119234,2.6249273614107955,0.07230142954331835,2.478683916367848,2.771170806453743,2.6249273614107955,0.0678714864791705,2.4871409186072957,2.7627138042142954,0,0,0,12.971229495270482,0.5443
448,1018340,2.0,2.5770656527864055,0.01930202998261522,2.539234369191967,2.614896936380844,2.563210221095243,0.06681089858160572,2.4280724231747324,2.698348019015754,2.563210221095243,0.06346577478831948,2.434367848524925,2.6920525936655615,0,0,0,10.81118255400938,0.5028
449,1019340,2.0,2.5936107511979083,0.018918012185254636,2.556532128655719,2.6306893737400974,2.595265748216397,0.07002767500860822,2.4536214058252,2.7369100906075943,2.595265748216397,0.0716684199468514,2.449771120677119,2.7407603757556753,0,0,0,14.351743301762154,0.6025
450,1020340,2.0,2.6181442613521098,0.018616028376932756,2.581657516198146,2.6546310065060736,2.602348985870253,0.05816024392982591,2.4847087885662713,2.719989183174235,2.602348985870253,0.055481469878820446,2.489715613998277,2.714982357742229,0,0,0,8.882226674765471,0.4686
451,1021340,2.0,2.5908778064956546,0.019240191202195913,2.553167724683686,2.628587888307623,2.576700342923435,0.07873149746920409,2.4174508578715788,2.7359498279752916,2.576700342923435,0.07498290610697939,2.424476950752405,2.7289237350944653,0,0,0,15.188181189919867,0.6064
452,1022340,2.0,2.4631823496185534,0.019313398549147674,2.4253287840431557,2.501035915193951,2.4438621025849563,0.086409677383082,2.2690820327388903,2.6186421724310223,2.4438621025849563,0.08322523021335256,2.2749059028983694,2.612818302271543,0,0,0,18.56917482468737,0.4984
453,1023340,2.0,2.5606254170894367,0.018719352903225295,2.5239361595852197,2.5973146745936537,2.5547628477837034,0.0592851521234619,2.434847308890579,2.674678386676828,2.5547628477837034,0.05548124609848713,2.442129930209956,2.6673957653574507,0,0,0,8.784372621898466,0.5227
454,1024340,2.0,2.6260221049487797,0.01883269228383985,2.589110706340528,2.6629335035570314,2.5956453565052717,0.07930301863499231,2.435239860780767,2.7560508522297766,2.5956453565052717,0.07006129163793921,2.4534133728876317,2.7378773401229117,0,0,0,13.839852405324628,0.452
455,1025340,2.0,2.5566359501395928,0.019139891505559885,2.5191224521206914,2.594149448158494,2.526888026981622,0.0706964716716676,2.383890915652704,2.6698851383105398,2.526888026981622,0.06630556373155304,2.3922805763630874,2.6614954776001563,0,0,0,12.00109850036972,0.5543
456,1026340,2.0,2.542855925981965,0.01896472668735629,2.505685744698101,2.5800261072658293,2.524777847603191,0.0698429331332332,2.3835071809258657,2.6660485142805164,2.524777847603191,0.06695139231764329,2.3888592952517445,2.6606963999546376,0,0,0,12.463099137706193,0.5451
457,1027340,2.0,2.6050715705481644,0.019151108645874798,2.5675360873382362,2.6426070537580926,2.582434533037319,0.06692288903930449,2.4470702130348903,2.7177988530397474,2.582434533037319,0.06566619513165155,2.449125069682519,2.715743996392119,0,0,0,11.756982333453927,0.5711
458,1028340,2.0,2.5454404173460623,0.019759879876263025,2.506711764449749,2.5841690702423756,2.541153402791923,0.09102943400680383,2.3570289931702755,2.7252778124135704,2.541153402791923,0.0923923800905961,2.3535868994600846,2.7287199061237613,0,0,0,21.86269568590334,0.5828
459,1029340,2.0,2.5570820372156424,0.01855715865062526,2.520710674605021,2.593453399826264,2.5666591030318577,0.06115847426340836,2.44295441245596,2.6903637936077556,2.5666591030318577,0.06202805842514512,2.440735449848995,2.6925827562147204,0,0,0,11.172578460509966,0.5344
460,1030340,2.0,2.50065229754994,0.018933944161364877,2.463542448908372,2.5377621461915076,2.4921765470784156,0.06459618581960673,2.3615184285520896,2.6228346656047417,2.4921765470784156,0.06379961908998996,2.362656434544475,2.6216966596123563,0,0,0,11.354133274029966,0.5731
461,1031340,2.0,2.61149673831924,0.018617786292564924,2.575006547713949,2.6479869289245306,2.5869515365486424,0.06432886217501546,2.4568341311309423,2.7170689419663425,2.5869515365486424,0.057598878088231505,2.4700195974833985,2.7038834756138863,0,0,0,9.571322877020181,0.6055
462,1032340,2.0,2.6534903279459874,0.01855382954242996,2.6171254902675294,2.6898551656244454,2.6471917457470555,0.05742613943488665,2.5310364149393454,2.7633470765547656,2.6471917457470555,0.053308186063385735,2.5389703745791317,2.7554131169149794,0,0,0,8.255068571088648,0.4941
463,1033340,2.0,2.5404183189528835,0.01882152596577955,2.5035288059258702,2.5773078319798968,2.5258176132488126,0.06495105870792889,2.3944416965535105,2.6571935299441147,2.5258176132488126,0.062152692499352714,2.399640939443771,2.651994287053854,0,0,0,10.904612373016086,0.5438
464,1034340,2.0,2.4865348503605067,0.019120576527359254,2.4490592090032406,2.524010491717773,2.4548915840273438,0.0807905108985623,2.291477351207691,2.6183058168469966,2.4548915840273438,0.07037913467390171,2.3120143447424573,2.5977688233122302,0,0,0,13.548333529041942,0.5585
465,1035340,2.0,2.5738427444205922,0.019245133876070547,2.536122975145842,2.6115625136953424,2.5451947921049576,0.08464039419462646,2.3739934352991545,2.7163961489107606,2.5451947921049576,0.08155421295387924,2.3796309378050706,2.7107586464048445,0,0,0,17.957708959051736,0.5089
466,1036340,2.0,2.621291990673186,0.018845851184586607,2.5843548010933945,2.6582291802529774,2.5988645327032383,0.06794740826020607,2.4614279269752886,2.736301138431188,2.5988645327032383,0.05644436427873303,2.484276381275932,2.7134526841305444,0,0,0,8.970355552485886,0.5779
467,1037340,2.0,2.5309491297445943,0.018949483299113345,2.493808824952689,2.5680894345364997,2.5156950137479317,0.05925752680223092,2.395835352341224,2.6355546751546393,2.5156950137479317,0.05446187620448144,2.4051315270778253,2.626258500418038,0,0,0,8.260197900771534,0.5129
468,1038340,2.0,2.528061075993261,0.018597432968432456,2.491610777170236,2.5645113748162864,2.5255402589204166,0.06098841667339676,2.4021795422877186,2.6489009755531145,2.5255402589204166,0.06272063229379941,2.3982106060359,2.6528699118049333,0,0,0,11.374042630269889,0.6301
469,1039340,2.0,2.5482403281794603,0.019121030427607762,2.5107637971940546,2.585716859164866,2.5345407198980614,0.07514214968132246,2.3825513760256074,2.6865300637705154,2.5345407198980614,0.07525999633905898,2.381754804650046,2.6873266351460767,0,0,0,15.491939794075273,0.5705
470,1040340,2.0,2.4930120829199494,0.018866197451943827,2.456035015388918,2.5299891504509806,2.4894764625937293,0.0708856783609396,2.3460966446124107,2.632856280575048,2.4894764625937293,0.06946073657530695,2.3484636705700903,2.6304892546173684,0,0,0,13.555327598487464,0.5508
471,1041340,2.0,2.6039081699006905,0.018955118520139386,2.5667568202785294,2.6410595195228517,2.586454355344368,0.06859920398126652,2.447699368329711,2.725209342359025,2.586454355344368,0.06624602502438083,2.4519677747273017,2.7209409359614343,0,0,0,12.21424536643132,0.5375
472,1042340,2.0,2.5227760107312203,0.01911166212567591,2.4853178412801973,2.5602341801822432,2.5095438031793305,0.07014234966637616,2.3676675093991078,2.651420096959553,2.5095438031793305,0.07189203823638822,2.363595206377562,2.655492399981099,0,0,0,14.15026832856126,0.5077
473,1043340,2.0,2.6310162143284197,0.018841838032747135,2.5940868903816985,2.667945538275141,2.6249532981744963,0.0620601493595923,2.499424797568724,2.7504817987802688,2.6249532981744963,0.06148325154285381,2.5001356617627386,2.749770934586254,0,0,0,10.647977426820969,0.4836
474,1044340,2.0,2.564320802592673,0.019206384020230338,2.5266769816397763,2.60196462354557,2.5631308926516074,0.08566968750396298,2.389847593614955,2.73641419168826,2.5631308926516074,0.0867938422719867,2.3869300253319374,2.7393317599712774,0,0,0,20.421451766311918,0.5117
475,1045340,2.0,2.4752392703687764,0.01869428460705856,2.4385991458222,2.511879394915353,2.467078789312282,0.05897308774552188,2.3477944602028837,2.5863631184216804,2.467078789312282,0.0587205067227697,2.34786982306351,2.586287755561054,0,0,0,9.866472024015893,0.5679
476,1046340,2.0,2.566200961679612,0.0192043125280712,2.5285612007767413,2.603840722582483,2.562621082934797,0.0776621633984537,2.4055345301983335,2.71970763567126,2.562621082934797,0.08013073588288366,2.3999470407224206,2.725295125147173,0,0,0,17.41007861750112,0.4664
477,1047340,2.0,2.6444393723557447,0.018706290657497508,2.6077757163827116,2.681103028328778,2.642392848889224,0.069514901708838,2.5017856883955094,2.7830000093829383,2.642392848889224,0.06826728890691622,2.5038028844391365,2.7809828133393113,0,0,0,13.318335654349857,0.553
478,1048340,2.0,2.484609176193179,0.018668161134679465,2.448020252711617,2.521198099674741,2.4662902413963477,0.06006818219639282,2.3447908746845902,2.587789608108105,2.4662902413963477,0.057674697065507805,2.3492043816242236,2.5833761011684717,0,0,0,9.544816038470922,0.506
479,1049340,2.0,2.576420536955516,0.019228415747720082,2.538733534610222,2.6141075393008104,2.5762941212456747,0.07507909705101297,2.424432313356032,2.7281559291353172,2.5762941212456747,0.07549699945243747,2.4230270640981697,2.7295611783931797,0,0,0,15.416023918386621,0.6105
480,1050340,2.0,2.525119329337005,0.01914585676997968,2.4875941396146826,2.562644519059327,2.520022311260182,0.0762859430839985,2.365719426857737,2.674325195662627,2.520022311260182,0.0787576948691141,2.3601356904956723,2.679908932024692,0,0,0,16.92140350140154,0.5206
481,1051340,2.0,2.518450042860019,0.018827292195876217,2.4815492282296896,2.5553508574903487,2.4920425322423134,0.06243284710011365,2.36576017930087,2.618324885183757,2.4920425322423134,0.05594856142877932,2.3784609141115474,2.6056241503730795,0,0,0,8.830842170048104,0.5866
482,1052340,2.0,2.6474853155560147,0.019480871139375733,2.6093035097353727,2.6856671213766568,2.623482345189753,0.08347908105097046,2.454629965934942,2.7923347244445638,2.623482345189753,0.08308797773400338,2.454804782849665,2.792159907529841,0,0,0,18.19112803183811,0.541
483,1053340,2.0,2.5764463633686905,0.01882491181147003,2.5395502142060664,2.6133425125313146,2.5470193099825127,0.06412018074433021,2.41732400259984,2.6767146173651852,2.5470193099825127,0.05782785891799158,2.429622515119356,2.6644161048456696,0,0,0,9.436443086498603,0.5553
484,1054340,2.0,2.5962262990084666,0.018847554175267026,2.5592857716282755,2.6331668263886576,2.5698445199876847,0.06982648003126685,2.428607132850313,2.7110819071250565,2.5698445199876847,0.06899347768880917,2.42978031393407,2.7099087260412995,0,0,0,13.400039313018318,0.567
485,1055340,2.0,2.53732525416942,0.01934884614222068,2.4994022125882607,2.575248295750579,2.505365816356553,0.07596084570000883,2.3517205034808315,2.6590111292322742,2.505365816356553,0.07089848740273594,2.361434234979302,2.649297397733804,0,0,0,13.426530324379938,0.4654
486,1056340,2.0,2.4415561397294523,0.019229768056009584,2.4038664869086146,2.47924579255029,2.423927719102405,0.0725393351995225,2.277203064448828,2.570652373755982,2.423927719102405,0.07292806878937394,2.2758758684611107,2.5719795697436996,0,0,0,14.382730221878923,0.5504
487,1057340,2.0,2.521582612578447,0.018764034218686883,2.4848057813051434,2.5583594438517507,2.50397177050455,0.0678694433427321,2.3666928637072564,2.6412506773018434,2.50397177050455,0.06279165238280185,2.376497939174284,2.6314456018348156,0,0,0,11.198281772892507,0.6009
488,1058340,2.0,2.638832876817111,0.01896902655714802,2.6016542679433172,2.676011485690905,2.620032317014812,0.06725622340817668,2.483993764611129,2.7560708694184948,2.620032317014812,0.06444117095749137,2.489209784948273,2.750854849081351,0,0,0,11.54082239542369,0.5751
489,1059340,2.0,2.6591145408424275,0.019004576695473327,2.6218662549778706,2.6963628267069844,2.657265068909896,0.06873503340293866,2.518235340957349,2.7962947968624436,2.657265068909896,0.07095623485275822,2.5132162539765184,2.801313883843274,0,0,0,13.940062588581908,0.609
490,1060340,2.0,2.6322101111948384,0.01873735871060457,2.595485562956646,2.668934659433031,2.6231003736569782,0.05963349060859288,2.50248025367288,2.7437204936410766,2.6231003736569782,0.05927328042206193,2.5027692171387446,2.743431530175212,0,0,0,10.006937443751427,0.541
491,1061340,2.0,2.573576174930183,0.019042440961095135,2.5362536764687063,2.6108986733916595,2.5873622544738124,0.07612012420806827,2.4333947704060823,2.7413297385415425,2.5873622544738124,0.07359382307770049,2.4379588507735197,2.736765658174105,0,0,0,14.936109649586754,0.4554
492,1062340,2.0,2.461923939676627,0.019486187678018883,2.423731713631722,2.500116165721532,2.4499602977703425,0.07883627534589653,2.2904988794586796,2.6094217160820055,2.4499602977703425,0.07666660854965543,2.2943188079216217,2.6056017876190634,0,0,0,15.479564638571384,0.5263
493,1063340,2.0,2.6640776180546117,0.018754007995069072,2.6273204378185,2.7008347982907233,2.669317484340083,0.06747033431367885,2.53284585175196,2.805789116928206,2.669317484340083,0.06689681714986635,2.533509725469426,2.8051252432107403,0,0,0,12.723972351126365,0.5215
494,1064340,2.0,2.647783273771971,0.018400864214099755,2.6117182426279233,2.6838483049160184,2.6363528188824956,0.05942594010466013,2.516152509418151,2.75655312834684,2.6363528188824956,0.0592497970738508,2.516069336095647,2.756636301669344,0,0,0,10.36805502562982,0.5501
495,1065340,2.0,2.560807674869772,0.018689763741003507,2.5241764110578426,2.5974389386817016,2.571115946470004,0.054415790458842005,2.461049621202281,2.6811822717377267,2.571115946470004,0.05293797635878802,2.4636461409584993,2.6785857519815086,0,0,0,8.022819998670954,0.5224
496,1066340,2.0,2.5620705030112942,0.018638428549163057,2.5255398543265115,2.598601151696077,2.5465432792195335,0.06283001616147223,2.4194575760239605,2.6736289824151065,2.5465432792195335,0.06332635818002987,2.417983937411034,2.675102621028033,0,0,0,11.543843748185765,0.5653
497,1067340,2.0,2.5137916444416226,0.018725472675005638,2.4770903924051226,2.5504928964781226,2.5165391352398077,0.06156527875968851,2.3920116049030535,2.641066665576562,2.5165391352398077,0.06272017703853862,2.389210406572605,2.64386786390701,0,0,0,11.218866312093775,0.5013
498,1068340,2.0,2.6093654683956746,0.01858117713257267,2.572947030425473,2.6457839063658763,2.601434291308438,0.057537858989006097,2.4850529863730197,2.7178155962438564,2.601434291308438,0.057816868075471976,2.4840598090418182,2.718808773575058,0,0,0,9.681946485022278,0.4908
499,1069340,2.0,2.599974308155618,0.018911827114110796,2.5629078081301127,2.637040808181123,2.6030449477715454,0.07347461733579298,2.454428506433261,2.7516613891098296,2.6030449477715454,0.07018900852825928,2.4605536850822953,2.7455362104607954,0,0,0,13.774353912477025,0.5207
500,1070340,2.0,2.6306020635242837,0.01873471247947694,2.5938827018037958,2.6673214252447717,2.606734602990009,0.05309918555490562,2.499331362506754,2.7141378434732637,2.606734602990009,0.05196965439509967,2.501230595574087,2.712238610405931,0,0,0,7.69494628671,0.547
501,1071340,2.0,2.6401755897393073,0.018787662408425453,2.6033524480650962,2.6769987314135184,2.6405894321214536,0.054303974174724635,2.5307492766363273,2.75042958760658,2.6405894321214536,0.04955456520064667,2.5399883164266224,2.741190547816285,0,0,0,6.956997450088103,0.5547
502,1072340,2.0,2.4780779142575575,0.01878734354354584,2.4412553975470264,2.5149004309680887,2.4619996533080815,0.05284705532413036,2.3551063943532826,2.5688929122628803,2.4619996533080815,0.05226590825802578,2.355894218576258,2.568105088039905,0,0,0,7.739381407033883,0.4921
503,1073340,2.0,2.6272312056233855,0.018917493992818467,2.5901535987197084,2.6643088125270626,2.599915664517261,0.0680724872940187,2.4622260625633317,2.7376052664711903,2.599915664517261,0.05470836867320695,2.4888517715321408,2.710979557502381,0,0,0,8.363350930274516,0.5031
504,1074340,2.0,2.6012412053695972,0.018991851286120087,2.564017860849061,2.6384645498901333,2.5768357985699692,0.057807660180729595,2.459908769213837,2.6937628279261014,2.5768357985699692,0.05312635088075264,2.468983572447944,2.6846880246919946,0,0,0,7.82501846011073,0.5061
505,1075340,2.0,2.5570324429898195,0.018615729759931733,2.520546283114423,2.593518602865216,2.5486956149681532,0.07149878712409205,2.404075667458611,2.6933155624776957,2.5486956149681532,0.06837567793803181,2.409885609086663,2.6875056208496435,0,0,0,13.490969459573922,0.5508
506,1076340,2.0,2.5610409432836625,0.01922125977831454,2.5233679663806776,2.5987139201866474,2.546277866523527,0.06107419036105151,2.4227436562316313,2.6698120768154228,2.546277866523527,0.05852733898943794,2.4274610516216737,2.6650946814253804,0,0,0,9.271582373193237,0.5262
507,1077340,2.0,2.604725788646906,0.01871460811802141,2.5680458307508034,2.641405746543009,2.599383819745867,0.06117185360698974,2.475652066893191,2.723115572598543,2.599383819745867,0.05971088117943276,2.4781642864606868,2.7206033530310476,0,0,0,10.179946267320146,0.4893
508,1078340,2.0,2.489856358291232,0.019115801307077237,2.452390076193737,2.527322640388727,2.484824615554192,0.06390943825014012,2.3555555751009836,2.614093656007401,2.484824615554192,0.06431034953516247,2.354267665094308,2.6153815660140762,0,0,0,11.318183338010558,0.5173
509,1079340,2.0,2.566419963658668,0.01884042620298646,2.52949340684743,2.6033465204699064,2.554950588305058,0.06232284440643277,2.4288907368133024,2.6810104397968133,2.554950588305058,0.05757295748594432,2.4380712708600223,2.6718299057500934,0,0,0,9.338037911622118,0.5399
510,1080340,2.0,2.5299958152729034,0.019045224446508573,2.492667861280265,2.567323769265542,2.506599496964243,0.06914879413242152,2.366732858941103,2.6464661349873833,2.506599496964243,0.06732763693895502,2.36991712742411,2.6432818665043762,0,0,0,12.497252755948557,0.4833
511,1081340,2.0,2.6543892486158516,0.01907123995539809,2.6170103051627502,2.691768192068953,2.6162748212337825,0.07882023952629803,2.456845838428817,2.775703804038748,2.6162748212337825,0.06784834223064214,2.478535363752713,2.754014278714852,0,0,0,12.656703917328665,0.5628
512,1082340,2.0,2.450275494823155,0.01889443939864884,2.4132430740937285,2.4873079155525812,2.434294034965766,0.06532420004352589,2.302163368679061,2.566424701252471,2.434294034965766,0.06621525538345428,2.299869920040694,2.5687181498908376,0,0,0,12.28140618542648,0.5008
513,1083340,2.0,2.6401475670566463,0.018885397728262455,2.603132867675537,2.6771622664377555,2.618082437385241,0.06833877447791079,2.479854218762331,2.7563106560081514,2.618082437385241,0.0654548178881377,2.4852020926483505,2.750962782122132,0,0,0,12.012432676227823,0.5208
514,1084340,2.0,2.558098628985081,0.01880733316549714,2.521236933335461,2.5949603246347013,2.5378778259641095,0.07105160449253946,2.394162390703007,2.681593261225212,2.5378778259641095,0.06795420304944953,2.3999234595954886,2.6758321923327304,0,0,0,13.05504012760692,0.4969
515,1085340,2.0,2.6408853188936323,0.018961924808764772,2.6037206291908968,2.678050008596368,2.631247537042575,0.06154877616214916,2.5067533863600207,2.7557416877251293,2.631247537042575,0.06091396226007207,2.5075856193172603,2.7549094547678896,0,0,0,10.319742470551098,0.5462
516,1086340,2.0,2.57804338031247,0.01942284937087427,2.5399752950684102,2.61611146555653,2.5525529766440425,0.07893580251228359,2.3928902456366314,2.7122157076514535,2.5525529766440425,0.07654301146954198,2.3971624022075684,2.7079435510805165,0,0,0,15.530491689425835,0.4738
517,1087340,2.0,2.6997934840135613,0.019077638763596805,2.662401999126846,2.7371849689002765,2.6753647159335117,0.07679217184870103,2.5200378872052416,2.8306915446617817,2.6753647159335117,0.07374447375064869,2.5256554751076705,2.825073956759353,0,0,0,14.942033966417902,0.51
518,1088340,2.0,2.6022548267044874,0.019084078296809835,2.5648507205645976,2.639658932844377,2.5938158683582437,0.07403538750220845,2.444065162296124,2.7435665744203637,2.5938158683582437,0.07222706288990817,2.447187135351205,2.7404446013652826,0,0,0,14.323776303182782,0.5185
519,1089340,2.0,2.654585357851266,0.019003999254842894,2.6173382037495476,2.6918325119529842,2.6506334348016156,0.07120492432676472,2.506607880903964,2.7946589886992674,2.6506334348016156,0.06816647651934973,2.5122481303787927,2.7890187392244385,0,0,0,12.86624102760054,0.6116
520,1090340,2.0,2.610364538024284,0.018966278288700213,2.5731913156576676,2.6475377603909003,2.6138002459356713,0.07771605882729397,2.456604679404661,2.7709958124666816,2.6138002459356713,0.06282074079853799,2.4862673619819997,2.741333129889343,0,0,0,10.970890227756229,0.4275
521,1091340,2.0,2.5467483989403097,0.01927303094270901,2.508973952419674,2.5845228454609455,2.520293376743901,0.07831659867685652,2.3618831037120604,2.6787036497757417,2.520293376743901,0.0772338326878636,2.3635003606751086,2.6770863928126936,0,0,0,16.058875704786686,0.5534
522,1092340,2.0,2.67511412759378,0.01852865770111179,2.6387986258177305,2.71142962936983,2.6620329304897696,0.049132436393397386,2.562653197517561,2.7614126634619782,2.6620329304897696,0.04889089647172417,2.5627791339432555,2.7612867270362838,0,0,0,6.962546117731585,0.5037
523,1093340,2.0,2.739392248051,0.019136099362904647,2.701886182495127,2.7768983136068726,2.723009888262498,0.06446676490861275,2.5926135482377024,2.8534062282872936,2.723009888262498,0.06301916406104471,2.5950741836704623,2.8509455928545337,0,0,0,10.845221874186052,0.5085
524,1094340,2.0,2.606037837998477,0.019103684886684215,2.5685953036485736,2.6434803723483804,2.614022333259337,0.0771304726300435,2.458011226612404,2.77003343990627,2.614022333259337,0.07557062174273031,2.4606058149166126,2.767438851602061,0,0,0,15.648463415446967,0.5304
525,1095340,2.0,2.666579004526933,0.01877856014037103,2.6297737029702866,2.7033843060835796,2.657727872083802,0.06739600172879157,2.5214065913401935,2.7940491528274105,2.657727872083802,0.06753547424461742,2.5206235703816575,2.7948321737859465,0,0,0,12.93419276154316,0.5549
526,1096340,2.0,2.7243488950422354,0.018926213118629964,2.687254198965991,2.76144359111848,2.721699701213089,0.06803130140183937,2.5840934055893046,2.8593059968368735,2.721699701213089,0.06834190744328233,2.5829582530807302,2.860441149345448,0,0,0,13.039073683812399,0.5681
527,1097340,2.0,2.7181624910331093,0.019139358647806318,2.6806500373962137,2.755674944670005,2.68196804589973,0.08156754542006114,2.5169821124088863,2.846953979390574,2.68196804589973,0.06860790918857282,2.542686585515329,2.8212495062841314,0,0,0,12.849718323893716,0.5671
528,1098340,2.0,2.5413886918155177,0.019171102346206656,2.5038140216730214,2.578963361958014,2.532942563412901,0.065987649882383,2.39946994316124,2.666415183664562,2.532942563412901,0.06659947272909673,2.3977384458082693,2.6681466810175327,0,0,0,12.068336479050437,0.5498
529,1099340,2.0,2.4617613656459723,0.01843900192399825,2.425621585964071,2.4979011453278734,2.4606638146728317,0.06564831158013502,2.3278775709239485,2.593450058421715,2.4606638146728317,0.06129704786670622,2.336224191820291,2.5851034375253725,0,0,0,11.051069204471615,0.518
530,1100340,2.0,2.5164114065902257,0.01877581249742293,2.4796114903147997,2.5532113228656517,2.5004866765899467,0.05903251909004959,2.381082136239607,2.6198912169402866,2.5004866765899467,0.05956905310545576,2.3795550696021954,2.621418283577698,0,0,0,10.06569841980291,0.4778
531,1101340,2.0,2.6147184749526287,0.01883238272496203,2.5778076830686287,2.6516292668366286,2.6010724664771803,0.07463452405109762,2.45010989235776,2.7520350405966005,2.6010724664771803,0.07511936410950207,2.448572049833356,2.7535728831210045,0,0,0,15.91084564736527,0.5456
532,1102340,2.0,2.6841549463647363,0.019438689739503006,2.646055814568662,2.7222540781608107,2.6688884702924502,0.09412732895406303,2.478497976689754,2.8592789638951466,2.6688884702924502,0.09134365446325404,2.4834509931712385,2.854325947413662,0,0,0,22.081206006039896,0.5351
533,1103340,2.0,2.64076729332901,0.019100507005247208,2.6033309875122703,2.6782035991457493,2.651928236455219,0.06790567807784906,2.5145760379882143,2.7892804349222233,2.651928236455219,0.06783270921857766,2.514220515675884,2.7896359572345535,0,0,0,12.612132808698036,0.5005
534,1104340,2.0,2.6015866539493078,0.018811922779179015,2.5647159628221683,2.6384573450764472,2.594886745199999,0.0711556747399584,2.450960807994396,2.7388126824056016,2.594886745199999,0.07301544313759971,2.4466575152016454,2.7431159751983523,0,0,0,15.064789787766511,0.5861
535,1105340,2.0,2.607596954163726,0.018866807234010533,2.570618691481805,2.6445752168456464,2.6016160290359425,0.07350593280411165,2.4529362461842337,2.7502958118876513,2.6016160290359425,0.07244914079920792,2.454536453904545,2.74869560416734,0,0,0,14.745844654930442,0.5469
536,1106340,2.0,2.447496743823861,0.01885306606577454,2.4105454133367883,2.4844480743109334,2.437595621082872,0.06122769847360859,2.3137509113255557,2.5614403308401887,2.437595621082872,0.05972865236067644,2.3163400103817544,2.55885123178399,0,0,0,10.036942893896216,0.4825
537,1107340,2.0,2.5142216760118257,0.01907232897166601,2.4768405981260604,2.551602753897591,2.4955600599074748,0.07565883257092988,2.3425256262456733,2.6485944935692762,2.4955600599074748,0.07337256486629515,2.3466058342563465,2.644514285558603,0,0,0,14.799939617080392,0.5002
538,1108340,2.0,2.6917711046302366,0.019348704509291697,2.653848340644517,2.729693868615956,2.6972932224002943,0.06830571311379378,2.559131876698388,2.8354545681022008,2.6972932224002943,0.06814845001533415,2.558944513726192,2.8356419310743965,0,0,0,12.405325977403269,0.5522
539,1109340,2.0,2.6829642878665902,0.018871361823144143,2.6459770983540034,2.719951477379177,2.6677790544241677,0.07372324343018882,2.5186597193422653,2.81689838950607,2.6677790544241677,0.07111532704367217,2.523407265172693,2.8121508436756426,0,0,0,14.201033117219755,0.4946
540,1110340,2.0,2.612116590260797,0.019060949618187967,2.574757815498016,2.649475365023578,2.599442890561996,0.07186949600268407,2.4540731135697484,2.7448126675542435,2.599442890561996,0.07351128144590874,2.450207055282814,2.748678725841178,0,0,0,14.873696656931294,0.5109
541,1111340,2.0,2.489183795471244,0.018768972942487326,2.452397284477162,2.525970306465326,2.4814948178180556,0.05847873315444456,2.363210415251308,2.599779220384803,2.4814948178180556,0.058345254009336316,2.363047655077922,2.599941980558189,0,0,0,9.66340214857845,0.5763
542,1112340,2.0,2.6802725913324545,0.019134163799335205,2.6427703194114676,2.7177748632534415,2.6452982798467546,0.08777639840728087,2.4677537557948184,2.822842803898691,2.6452982798467546,0.07869324000268985,2.485542509417587,2.8050540502759223,0,0,0,16.914372024797753,0.5122
543,1113340,2.0,2.6048096174504782,0.01880880538559847,2.5679450363024823,2.641674198598474,2.6067720230053077,0.06198948918915913,2.4813864460846786,2.732157599925937,2.6067720230053077,0.06299092112981476,2.4788936546118787,2.734650391398737,0,0,0,11.215883579681432,0.5091
544,1114340,2.0,2.6090633060741344,0.01897037435447556,2.57188205556612,2.6462445565821486,2.6234103460839298,0.07102184174402693,2.479755111663999,2.7670655805038606,2.6234103460839298,0.06772254463956859,2.4859262712898538,2.7608944208780057,0,0,0,12.744263252243313,0.4224
545,1115340,2.0,2.48144472438367,0.01897049981502156,2.4442632279775043,2.518626220789836,2.4790798436570185,0.07402535107574722,2.3293494381835713,2.6288102491304657,2.4790798436570185,0.07032693958355135,2.336308566038868,2.621851121275169,0,0,0,13.743137464748184,0.5367
546,1116340,2.0,2.61511586903792,0.019292233040398066,2.577303787097386,2.6529279509784542,2.600452004940948,0.08030436946605571,2.4380210859826796,2.762882923899216,2.600452004940948,0.0815802756861429,2.4348352404816604,2.7660687694002353,0,0,0,17.881557293265868,0.4845
547,1117340,2.0,2.6263039025474972,0.019050639295432947,2.588965335645985,2.6636424694490093,2.6170353649639315,0.06632197285518981,2.4828865126708144,2.7511842172570486,2.6170353649639315,0.06635472388536114,2.4823281139273976,2.7517426160004654,0,0,0,12.1317816252209,0.5027
548,1118340,2.0,2.5375448586200666,0.01895079075736376,2.500401991257079,2.574687725983054,2.5183710469296856,0.06795730889575999,2.3809144152760986,2.6558276785832726,2.5183710469296856,0.06346969536658421,2.389520715162349,2.6472213786970222,0,0,0,11.217037062207972,0.5237
549,1119340,2.0,2.551209586702191,0.019633946641982,2.512727758409525,2.589691414994857,2.5279237740123213,0.08704027405081452,2.3518682020122275,2.703979346012415,2.5279237740123213,0.08558917786306149,2.3541685054600916,2.701679042564551,0,0,0,19.00301436509921,0.5178
550,1120340,2.0,2.5447464735136327,0.018899254925251643,2.5077046145254984,2.581788332501767,2.5288523323311813,0.06218214376170112,2.403077074755968,2.6546275899063945,2.5288523323311813,0.06109926023561759,2.404814239716623,2.6528904249457397,0,0,0,10.45159416704978,0.5241
551,1121340,2.0,2.6450858019236336,0.019032635864238364,2.607782521098861,2.682389082748406,2.631750895615694,0.06405629436619374,2.5021848106299918,2.761316980601396,2.631750895615694,0.06296636808438796,2.5039223725544484,2.7595794186769393,0,0,0,10.945091844674728,0.4468
552,1122340,2.0,2.5833318700043773,0.019094407804912103,2.5459075184006292,2.6207562216081253,2.5617926719015816,0.08947465977525977,2.3808130900007853,2.7427722538023778,2.5617926719015816,0.08965239432572357,2.3797886353943043,2.743796708408859,0,0,0,22.04506572380901,0.5798
553,1123340,2.0,2.5308334174768454,0.019036362361588555,2.493522832851478,2.568144002102213,2.5223146969318355,0.06561233379618148,2.389601225119878,2.655028168743793,2.5223146969318355,0.06178465796375291,2.3968851729553853,2.6477442209082858,0,0,0,10.5340012941369,0.5418
554,1124340,2.0,2.6802015833712503,0.019031506344782224,2.6429005163639316,2.717502650378569,2.6462790577493083,0.06508308982767914,2.5146360829069248,2.777922032591692,2.6462790577493083,0.05238722147754288,2.539927344088742,2.7526307714098746,0,0,0,7.577124122643157,0.4919
555,1125340,2.0,2.5248972208039167,0.018369084748055382,2.488894476268764,2.560899965339069,2.512332520967402,0.06276614959030181,2.3853760001054294,2.6392890418293744,2.512332520967402,0.06284202682421121,2.38475642408425,2.639908617850554,0,0,0,11.703757962299171,0.5058
556,1126340,2.0,2.6959963114246226,0.019146100380799086,2.658470644233868,2.7335219786153773,2.662876970658289,0.08314294358722357,2.4947044935992833,2.831049447717295,2.662876970658289,0.0767120110089048,2.507143308917084,2.818610632399494,0,0,0,16.05336472636265,0.5459
557,1127340,2.0,2.5976335183083825,0.019292322923672563,2.5598212601998678,2.6354457764168973,2.5882285678157695,0.07253653548146932,2.441509576126477,2.734947559505062,2.5882285678157695,0.07093241459002136,2.444228110586627,2.732229025044912,0,0,0,13.518249013764805,0.4849
558,1128340,2.0,2.5611970748850283,0.01903105582212318,2.5238968908858954,2.5984972588841613,2.5399706843779755,0.07444871475539717,2.389383945033827,2.690557423722124,2.5399706843779755,0.07322906324966476,2.3913077824964852,2.6886335862594657,0,0,0,14.8061174812277,0.4986
559,1129340,2.0,2.466105794538904,0.018820879007703854,2.4292175495264186,2.50299403955139,2.4494544891092302,0.06571375844358657,2.316535866583899,2.5823731116345616,2.4494544891092302,0.05401881116076877,2.3397904722970955,2.559118505921365,0,0,0,8.23778093170215,0.5347
560,1130340,2.0,2.5606980222505005,0.01916879524822774,2.5231278739369514,2.5982681705640496,2.540160758187953,0.07951313153963199,2.379330268999051,2.700991247376855,2.540160758187953,0.08090622882012792,2.375912381615375,2.7044091347605312,0,0,0,17.814526349692876,0.4624
561,1131340,2.0,2.549620232972771,0.019108436867511895,2.51216838491159,2.5870720810339516,2.543347695816558,0.06816653785684075,2.405467858643184,2.681227532989932,2.543347695816558,0.06959441876536515,2.402063514519016,2.6846318771141,0,0,0,13.264732629176505,0.5247
562,1132340,2.0,2.579756066290187,0.019536996663934426,2.5414642564627963,2.6180478761175774,2.586845963435334,0.08559680096979473,2.4137100913295364,2.7599818355411316,2.586845963435334,0.08841067622347357,2.407362748692086,2.766329178178582,0,0,0,20.47829618284916,0.4867
563,1133340,2.0,2.575065025997393,0.019109475011577934,2.5376111432112323,2.612518908783554,2.5669456215507096,0.08191631705488955,2.401254230840932,2.7326370122604873,2.5669456215507096,0.07717840706716533,2.410265125473925,2.7236261176274943,0,0,0,16.311507845520502,0.471
564,1134340,2.0,2.683764850976673,0.018452626329790174,2.647598367950109,2.7199313340032374,2.668812718511633,0.04882669868058474,2.570051398435043,2.7675740385882226,2.668812718511633,0.04623744692778089,2.5749457109214906,2.762679726101775,0,0,0,6.278722906563191,0.5229
565,1135340,2.0,2.526830310080049,0.01851957661402048,2.490532606907639,2.5631280132524594,2.509755495457446,0.06680180724146095,2.374636086508097,2.644874904406795,2.509755495457446,0.06660891667739748,2.374532205618495,2.644978785296397,0,0,0,12.936078225511135,0.577
566,1136340,2.0,2.595111091341381,0.01930382204502056,2.5572762953691703,2.6329458873135914,2.588933365517975,0.07358591005525693,2.440091813406565,2.737774917629385,2.588933365517975,0.0752718316111922,2.436123423390169,2.741743307645781,0,0,0,15.204717564905085,0.5395
567,1137340,2.0,2.4658354397704234,0.018871538770380978,2.4288479034476254,2.5028229760932215,2.440638722143754,0.06753169195053142,2.3040429820206945,2.5772344622668135,2.440638722143754,0.06468227420327047,2.309326724466432,2.571950719821076,0,0,0,11.747783518046502,0.4821
568,1138340,2.0,2.6272112016780245,0.018489606217399344,2.5909722394035937,2.6634501639524553,2.621215119302745,0.06539135025811262,2.488948628886717,2.7534816097187726,2.621215119302745,0.06664934875428472,2.4859097479839494,2.7565204906215404,0,0,0,12.993809538071462,0.5904
569,1139340,2.0,2.4718352205655663,0.019338396364652847,2.4339326601720863,2.509737780959046,2.4651614527611003,0.07470118212626602,2.3140640499582896,2.616258855563911,2.4651614527611003,0.06589135434103738,2.331394891910208,2.5989280136119928,0,0,0,11.609565165163536,0.5274
570,1140340,2.0,2.484314028624153,0.019061277550194808,2.4469546111264493,2.521673446121857,2.46063554022957,0.06216443209475421,2.334896107882269,2.5863749725768708,2.46063554022957,0.04687545099023438,2.365473315533985,2.555797764925155,0,0,0,6.047653606289763,0.5332
571,1141340,2.0,2.473526735410811,0.01917159632529915,2.4359510970870843,2.5111023737345377,2.453501953901189,0.06875663645388547,2.314428529653646,2.5925753781487315,2.453501953901189,0.0649225077647356,2.3217022561661045,2.5853016516362732,0,0,0,11.467639240345054,0.5257
572,1142340,2.0,2.619951503332242,0.01883068427955205,2.5830440403400754,2.6568589663244087,2.6075423289709643,0.06026113185813369,2.4856526847303795,2.729431973211549,2.6075423289709643,0.060734330102951845,2.4842450839119885,2.73083957402994,0,0,0,10.402465577153468,0.5662
573,1143340,2.0,2.482476760099849,0.018978394300732945,2.445279790786012,2.519673729413686,2.4922174752931046,0.06741192445952097,2.3558639877866274,2.6285709627995817,2.4922174752931046,0.06117070037432325,2.368034351486565,2.616400599099644,0,0,0,10.388861946047376,0.5784
574,1144340,2.0,2.601244527626183,0.018854146887305315,2.5642910787678366,2.6381979764845296,2.5890919838369486,0.06205925397442112,2.4635652943186317,2.7146186733552655,2.5890919838369486,0.06200411996629785,2.463216928309182,2.714967039364715,0,0,0,10.815019910081634,0.5137
575,1145340,2.0,2.4570159521778505,0.019418024715665356,2.418957323084238,2.495074581271463,2.443104269039295,0.07585220030610203,2.289678712215333,2.5965298258632568,2.443104269039295,0.0710079528540493,2.298950460981463,2.5872580770971267,0,0,0,13.372231464606001,0.4672
576,1146340,2.0,2.5159715039172283,0.019446003500150362,2.477858037413694,2.554084970420763,2.4815519788658444,0.0757846919502833,2.3282629705802234,2.6348409871514655,2.4815519788658444,0.06350186946122255,2.3526363302138984,2.6104676275177905,0,0,0,10.663807644087287,0.5769
577,1147340,2.0,2.571356347696328,0.01896273317799173,2.5341900736190213,2.6085226217736346,2.556061363156605,0.07336867566803842,2.4076592090677416,2.7044635172454683,2.556061363156605,0.072171835982765,2.4095447467316102,2.7025779795815996,0,0,0,14.485504939958659,0.4924
578,1148340,2.0,2.496065014944857,0.019099362212868783,2.458630952879949,2.533499077009765,2.4676265082792437,0.07175007675312824,2.3224982795187508,2.6127547370397366,2.4676265082792437,0.06755893124643633,2.3304745863317335,2.604778430226754,0,0,0,12.512030981998214,0.5031
579,1149340,2.0,2.5899749701504073,0.018620098604396937,2.553480247497205,2.6264696928036098,2.5895638474425295,0.06040214184245318,2.467388983587027,2.711738711298032,2.5895638474425295,0.06140075991969703,2.4649136779289567,2.7142140169561024,0,0,0,10.873855046296375,0.5786
580,1150340,2.0,2.500950070456696,0.019077151118506313,2.4635595413367954,2.5383405995765966,2.5028923085855563,0.08121433899194411,2.3386208025297637,2.667163814641349,2.5028923085855563,0.07757807332806148,2.3454004468638723,2.6603841703072404,0,0,0,16.536779639243225,0.5632
581,1151340,2.0,2.5376940331110966,0.01898630335896933,2.500481562327965,2.5749065038942285,2.5218853095760623,0.06626991383031967,2.387841756599856,2.6559288625522686,2.5218853095760623,0.06587298375191594,2.3881560430037916,2.655614576148333,0,0,0,12.037431802523262,0.4987
582,1152340,2.0,2.570589763824631,0.018761529993729976,2.5338178407420524,2.60736168690721,2.5403645793753133,0.07623640917983862,2.386161886751047,2.69456727199958,2.5403645793753133,0.06865792926067872,2.4009815728459585,2.679747585904668,0,0,0,13.391983258769873,0.5221
583,1153340,2.0,2.688037214312536,0.018793471696240488,2.651202686643432,2.7248717419816404,2.6840531083177055,0.06991769268617294,2.542631226171463,2.825474990463948,2.6840531083177055,0.07066051437667673,2.5406046378673666,2.8275015787680444,0,0,0,14.136423935587233,0.5024
584,1154340,2.0,2.6755438431337644,0.018942092011445904,2.6384180249994866,2.712669661268042,2.6632048220312283,0.07229932721305911,2.516965629352607,2.80944401470985,2.6632048220312283,0.07202127140444133,2.5169938679504025,2.809415776112054,0,0,0,14.456583993231984,0.532
585,1155340,2.0,2.4883626260744895,0.01888921726405964,2.4513404405407804,2.5253848116081987,2.484199582772234,0.04988019979763378,2.3833073555519406,2.585091809992527,2.484199582772234,0.048455406886590086,2.385829877085171,2.582569288459297,0,0,0,6.580464729664648,0.4559
586,1156340,2.0,2.6185651119886066,0.01913107155129741,2.581068900762405,2.6560613232148085,2.61813666960031,0.06265556496890226,2.491403827247938,2.744869511952682,2.61813666960031,0.06408870922133783,2.488029672898741,2.748243666301879,0,0,0,11.222366751931107,0.5596
587,1157340,2.0,2.560229804298635,0.019390094369622024,2.5222259176773427,2.598233690919927,2.558726304047874,0.09247185927283459,2.3716843139377946,2.7457682941579535,2.558726304047874,0.08977452727883606,2.376474324464182,2.740978283631566,0,0,0,21.43613129571364,0.5663
588,1158340,2.0,2.562689259277587,0.01899798106883971,2.525453900603688,2.5999246179514865,2.5553493085997587,0.068101288132916,2.417601451450502,2.6930971657490153,2.5553493085997587,0.0688222036989592,2.4156328072308417,2.6950658099686757,0,0,0,13.123275562625746,0.4506
589,1159340,2.0,2.650974516668224,0.01946547297066445,2.6128228907036837,2.689126142632764,2.60775498565331,0.08447578532729108,2.4368865817088237,2.7786233895977963,2.60775498565331,0.06384289534534723,2.478147017650264,2.737362953656356,0,0,0,10.757100540906356,0.5439
590,1160340,2.0,2.572321185112134,0.01895958196352951,2.535161087301681,2.6094812829225873,2.5479927158432476,0.07719658426852526,2.391847885785449,2.7041375459010464,2.5479927158432476,0.07251370927961887,2.400782059727853,2.6952033719586423,0,0,0,14.62792507868768,0.439
591,1161340,2.0,2.609814282427612,0.01890694416359484,2.572757352809256,2.646871212045968,2.6096231060012736,0.06490882757180579,2.47833260984155,2.740913602160997,2.6096231060012736,0.06084646757439182,2.4860982097724733,2.733148002230074,0,0,0,10.356858854342091,0.537
592,1162340,2.0,2.5528175255392163,0.018924009639278972,2.5157271482031405,2.589907902875292,2.559700643520448,0.0651399203532933,2.427942718089924,2.691458568950972,2.559700643520448,0.06418918032463711,2.429389679635511,2.690011607405385,0,0,0,11.505283874276481,0.3779
593,1163340,2.0,2.577336695978908,0.018768585534101448,2.5405509442913097,2.6141224476665066,2.572236340264359,0.06839540531473694,2.4338935749620068,2.7105791055667114,2.572236340264359,0.06445088952427248,2.4413940784583468,2.7030786020703714,0,0,0,11.792197479452925,0.5182
594,1164340,2.0,2.5334331521306113,0.019250666891056978,2.495702538345762,2.5711637659154607,2.5211747824321034,0.07602077519810467,2.367408250704741,2.6749413141594656,2.5211747824321034,0.06394658002839317,2.3913563233319675,2.6509932415322393,0,0,0,11.034256797446853,0.505
595,1165340,2.0,2.6073405164907246,0.019049585442534895,2.5700040151029375,2.6446770178785117,2.5878851731480994,0.0758590433546256,2.434445774952023,2.7413245713441756,2.5878851731480994,0.07155253378291253,2.442625807029008,2.7331445392671907,0,0,0,14.108439390864367,0.4603
596,1166340,2.0,2.6685759431241225,0.0189344436951466,2.6314651154143336,2.7056867708339114,2.6753965743282224,0.064353400229223,2.5452295360110813,2.8055636126453636,2.6753965743282224,0.06567011773469074,2.5420791476658935,2.8087140009905514,0,0,0,12.029026735891028,0.5373
597,1167340,2.0,2.474203992914704,0.01929893154219438,2.4363787821518987,2.512029203677509,2.462449342350496,0.07384478056797447,2.3130841752035467,2.611814509497445,2.462449342350496,0.07171652534820017,2.3168570556545482,2.6080416290464434,0,0,0,13.809309034566805,0.5378
598,1168340,2.0,2.644961363122024,0.018743576815775494,2.608224627621644,2.681698098622404,2.619646735462752,0.06289315112217164,2.4924333297554355,2.7468601411700684,2.619646735462752,0.05721861486644749,2.503486771778874,2.73580669914663,0,0,0,9.319009186097595,0.4961
599,1169340,2.0,2.604066546418162,0.019186631042541043,2.5664614405901234,2.6416716522462003,2.5805235202003236,0.07362986108502027,2.431593068740085,2.729453971660562,2.5805235202003236,0.06838053016749175,2.441703663769337,2.7193433766313104,0,0,0,12.701864600138233,0.5078
600,1170340,2.0,2.5977379448934874,0.019441493560625533,2.559633317708994,2.635842572077981,2.5839552275716438,0.08931127064922723,2.4033061313725064,2.764604323770781,2.5839552275716438,0.09094369248352896,2.3993297164364704,2.768580738706817,0,0,0,21.881944648567504,0.4714
601,1171340,2.0,2.589552718922509,0.018993018253492273,2.5523270871879524,2.6267783506570654,2.5812915319031964,0.04737855603068156,2.485459356815484,2.677123706990909,2.5812915319031964,0.047080417269609515,2.4857132035388276,2.676869860267565,0,0,0,6.144586117965377,0.4511
602,1172340,2.0,2.6141820279702785,0.018870824339522783,2.577195891906232,2.651168164034325,2.6134173120868884,0.0626925301963039,2.4866097005046943,2.7402249236690825,2.6134173120868884,0.0640795763159455,2.4833288561689644,2.7435057680048125,0,0,0,11.530749017360236,0.4853
603,1173340,2.0,2.6483167575237645,0.01882221001141286,2.611425903791946,2.685207611255583,2.6330877733260274,0.05847301340926715,2.514814940035915,2.7513606066161396,2.6330877733260274,0.05874604137214715,2.5138269689831088,2.752348577668946,0,0,0,9.741279041230746,0.4874
604,1174340,2.0,2.574426738446217,0.01883589011090848,2.537509072212082,2.611344404680352,2.5751271445968054,0.0606872378216536,2.4523756196928352,2.6978786695007755,2.5751271445968054,0.05973887641938448,2.4538507779530456,2.696403511240565,0,0,0,10.058698804239507,0.5128
605,1175340,2.0,2.7113486255272967,0.01907102055677238,2.6739701120876,2.7487271389669936,2.701218104748711,0.06915008142937845,2.5613488629217045,2.8410873465757174,2.701218104748711,0.06325096817925806,2.572811812778489,2.8296243967189327,0,0,0,10.999843003488747,0.523
606,1176340,2.0,2.475292590648353,0.018935392094975294,2.438179904109057,2.512405277187649,2.477156743868937,0.05887457705516167,2.358071671438457,2.596241816299417,2.477156743868937,0.05369101949136082,2.368158179523682,2.586155308214192,0,0,0,8.039974956695723,0.4541
607,1177340,2.0,2.4863221310166224,0.01864918324351146,2.449770403518252,2.5228738585149926,2.483411096847638,0.054293584136287355,2.3735919571989177,2.5932302364963586,2.483411096847638,0.05462940415909611,2.372507510348665,2.5943146833466115,0,0,0,8.580908971074301,0.4657
608,1178340,2.0,2.5520666532237835,0.019099117159302577,2.5146330714550396,2.5895002349925273,2.565182415145021,0.0679764406305499,2.42768708590519,2.7026777443848524,2.565182415145021,0.06415083468260074,2.4349492970519964,2.695415533238046,0,0,0,11.281790670748922,0.458
609,1179340,2.0,2.577545359508223,0.019410415467302763,2.53950164426735,2.6155890747490957,2.5761671610101105,0.08027308529858901,2.4137995202533182,2.7385348017669027,2.5761671610101105,0.08288793533130139,2.407895706337734,2.744438615682487,0,0,0,18.235302880989472,0.451
610,1180340,2.0,2.678629733576831,0.01888644432792791,2.6416129828980717,2.7156464842555907,2.654415070024713,0.07428096196609135,2.504167642724304,2.804662497325122,2.654415070024713,0.069039330253515,2.5142577783159585,2.7945723617334672,0,0,0,13.362654319054005,0.4605
611,1181340,2.0,2.6505253934601214,0.018764027362259007,2.6137485756251695,2.6873022112950733,2.6385665762446857,0.06799038311237803,2.501043045673458,2.7760901068159134,2.6385665762446857,0.06817566514012512,2.5001626179299774,2.776970534559394,0,0,0,13.20099456652418,0.4668
612,1182340,2.0,2.5851874911281643,0.01874023112954767,2.5484573130522943,2.6219176692040342,2.571610721678891,0.06538667279729733,2.439353692320383,2.703867751037399,2.571610721678891,0.06613219450869988,2.4373552292941856,2.7058662140635965,0,0,0,12.453057204557325,0.521
613,1183340,2.0,2.59586199570462,0.018875607836316356,2.5588664841591378,2.632857507250102,2.5940170985443776,0.07046559393749366,2.4514869815120117,2.7365472155767434,2.5940170985443776,0.07208840952815283,2.447669846826317,2.740364350262438,0,0,0,14.585757749499743,0.4645
614,1184340,2.0,2.6424456907794633,0.019094574668587504,2.605021012128921,2.679870369430006,2.634187427273416,0.06369719266890402,2.505347694030192,2.76302716051664,2.634187427273416,0.0631957617667406,2.505893210278936,2.762481644267896,0,0,0,10.953576069398324,0.4506
615,1185340,2.0,2.46255533021158,0.019108478855584088,2.4251033998552898,2.50000726056787,2.4364983583044904,0.06956295702369174,2.2957939967617618,2.577202719847219,2.4364983583044904,0.06252509496779353,2.309565667295767,2.5634310493132135,0,0,0,10.70672105119581,0.4653
616,1186340,2.0,2.5243542726277184,0.018853007881487006,2.487403056179754,2.5613054890756826,2.5162934590970214,0.05741970131774525,2.4001511506103954,2.6324357675836474,2.5162934590970214,0.055221331675412336,2.404188195854225,2.628398722339818,0,0,0,8.579311822443378,0.5321
617,1187340,2.0,2.534607786083686,0.019373829284345844,2.4966357784437405,2.5725797937236314,2.522278386276158,0.08060937993797002,2.359230525405833,2.6853262471464836,2.522278386276158,0.0773102428038108,2.365330249425183,2.6792265231271335,0,0,0,15.923668848908584,0.4959
618,1188340,2.0,2.5223279146225335,0.019028599126071154,2.4850325456591835,2.5596232835858834,2.521028329796423,0.06195690050749729,2.3957086697062873,2.6463479898865585,2.521028329796423,0.06223426936575667,2.394686046148133,2.647370613444713,0,0,0,10.696595097815576,0.4818
619,1189340,2.0,2.4616832114437783,0.018831287310894996,2.424774566531898,2.4985918563556586,2.4578267970216023,0.06702459574695213,2.3222567557851077,2.593396838258097,2.4578267970216023,0.06327385855010989,2.3293740351280334,2.5862795589151713,0,0,0,11.289861640908716,0.444
620,1190340,2.0,2.5493704525452032,0.01900775507533124,2.5121159371705954,2.586624967919811,2.5654427999964646,0.07588315383366571,2.411954633753356,2.718930966239573,2.5654427999964646,0.0732169072767373,2.41680457605199,2.714081023940939,0,0,0,14.837512769288002,0.5255
621,1191340,2.0,2.4255870996141655,0.019055454203879947,2.3882390956655084,2.4629351035628226,2.405065469749431,0.07581624638018568,2.2517126366049593,2.5584183028939025,2.405065469749431,0.07300236168651768,2.2568627965086323,2.5532681429902295,0,0,0,14.676929570290447,0.4622
622,1192340,2.0,2.577413535589344,0.018987837692466637,2.5401980575678174,2.6146290136108705,2.549545969526161,0.07229522936489009,2.403315065527823,2.695776873524499,2.549545969526161,0.06959999337447356,2.408250471170471,2.690841467881851,0,0,0,13.435918941364198,0.4579
623,1193340,2.0,2.513941833938301,0.018683669236332343,2.4773225151360307,2.5505611527405714,2.498828636061061,0.06417051401631542,2.3690315200261685,2.628625752095954,2.498828636061061,0.06217652683324926,2.3726035759858117,2.6250536961363107,0,0,0,11.0746134673475,0.4619
624,1194340,2.0,2.579096956864426,0.019377791222007897,2.5411171839693543,2.617076729759498,2.5634023111963176,0.06835728589911895,2.425136649689813,2.7016679727028223,2.5634023111963176,0.06947296782525045,2.4223646884151955,2.7044399339774396,0,0,0,12.853552003368666,0.4799
625,1195340,2.0,2.6483507651263474,0.01855014344507891,2.6119931520659407,2.684708378186754,2.6246642786150463,0.05592395352790701,2.511547405601591,2.7377811516285013,2.6246642786150463,0.04723923674632747,2.528763529571832,2.7205650276582607,0,0,0,6.485018202982166,0.4456
626,1196340,2.0,2.631294894148552,0.018980580835434416,2.5940936393054495,2.6684961489916548,2.622389327612224,0.07381489291911977,2.473084613941235,2.7716940412832134,2.622389327612224,0.06930455030350573,2.4816936105772522,2.763085044647196,0,0,0,13.332282362752887,0.4573
627,1197340,2.0,2.5108377193225446,0.01886001339479793,2.4738727723207976,2.5478026663242916,2.4891448551716593,0.06724834266312257,2.3531222430794405,2.625167467263878,2.4891448551716593,0.06538894810369632,2.356398233206395,2.6218914771369235,0,0,0,12.020560216250772,0.5156
628,1198340,2.0,2.623152794089233,0.01897760126077188,2.5859573791051584,2.660348209073308,2.602683030668073,0.07567408004585593,2.4496177560771852,2.7557483052589604,2.602683030668073,0.07537519533583545,2.449663249023375,2.7557028123127707,0,0,0,15.775177931107478,0.4778
629,1199340,2.0,2.57501657260462,0.01913244405790496,2.537517671314899,2.612515473894341,2.5732493462560666,0.07413458824420001,2.4232979877538594,2.723200704758274,2.5732493462560666,0.06918274777497771,2.4328009014999408,2.7136977910121924,0,0,0,13.075391763928351,0.4908
630,1200340,2.0,2.76387597815777,0.018889911845716333,2.7268524312690294,2.8008995250465105,2.748128263237218,0.06187767476330463,2.622968852340494,2.8732876741339424,2.748128263237218,0.05778082320371745,2.63082695595052,2.8654295705239163,0,0,0,9.356374303599893,0.4512
631,1201340,2.0,2.517557294004035,0.018464377277917745,2.4813677795423565,2.5537468084657133,2.512434009851386,0.054166484473357146,2.4028719535368146,2.621996066165958,2.512434009851386,0.05230541832442773,2.406248365420515,2.6186196542822575,0,0,0,8.024611740093189,0.4749
632,1202340,2.0,2.6568762719298316,0.018677495730370624,2.6202690529769046,2.6934834908827585,2.658176019502779,0.0633978311546665,2.5299418020762117,2.7864102369293464,2.658176019502779,0.06377124297045147,2.5287135135540866,2.7876385254514715,0,0,0,11.657689190577624,0.453
633,1203340,2.0,2.5130790904581257,0.018707943584385434,2.476412194807923,2.5497459861083285,2.5263645258039036,0.05847731808245376,2.408082985490423,2.6446460661173843,2.5263645258039036,0.05590811193861156,2.412865024503821,2.6398640271039864,0,0,0,8.930947757222956,0.5056
634,1204340,2.0,2.5681311878388726,0.018752362126551934,2.531377233445778,2.6048851422319674,2.5555480472123704,0.06386653541421322,2.426365785935835,2.6847303084889056,2.5555480472123704,0.0627829856139994,2.428091810358163,2.6830042840665778,0,0,0,11.209131571315599,0.4724
635,1205340,2.0,2.66104842623727,0.018883499660600697,2.6240374470004184,2.6980594054741216,2.6397182208323935,0.07135137188452766,2.495396448789393,2.784039992875394,2.6397182208323935,0.06969140409467975,2.4982371488488857,2.7811992928159013,0,0,0,13.620512821418922,0.4604
636,1206340,2.0,2.5475695822900675,0.019134105202813775,2.510067425216152,2.585071739363983,2.517704526105145,0.06239693920435898,2.3914948037384023,2.6439142484718876,2.517704526105145,0.05916956848006803,2.397583916022607,2.6378251361876828,0,0,0,9.562699069372547,0.4829
637,1207340,2.0,2.6160492824261077,0.01879257327514705,2.5792165156299895,2.652882049222226,2.6138686284413404,0.05915919205843563,2.494207867828032,2.733529389054649,2.6138686284413404,0.059094211575875154,2.493901001007453,2.733836255875228,0,0,0,9.888203163851397,0.4696
638,1208340,2.0,2.56022682559657,0.018818981699818892,2.5233422992392063,2.5971113519539335,2.544938647746104,0.060078904815348416,2.423417592490346,2.666459703001862,2.544938647746104,0.055657573455008005,2.4319477666079163,2.6579295288842917,0,0,0,8.746942999971331,0.416
639,1209340,2.0,2.5626436974201874,0.018831775148824902,2.525734096363534,2.599553298476841,2.545279842139578,0.06533260551105514,2.413132174190023,2.677427510089133,2.545279842139578,0.06369865419173833,2.415964699246053,2.674594985033103,0,0,0,11.441369026399569,0.4779
640,1210340,2.0,2.5613128020808325,0.01887324839151714,2.5243219149621803,2.5983036891994846,2.5391976643792176,0.06141921058571651,2.414965584811663,2.663429743946772,2.5391976643792176,0.050388090724016586,2.436904401910994,2.641490926847441,0,0,0,7.127914700206704,0.438
641,1211340,2.0,2.6247639746208664,0.018572100395775223,2.588363326727885,2.661164622513848,2.615027403955988,0.05811081866295264,2.4974871786905313,2.732567629221445,2.615027403955988,0.0584890173704081,2.496288386076751,2.7337664218352256,0,0,0,9.918057116308285,0.5275
642,1212340,2.0,2.466377973772842,0.019087398920796046,2.428967359329533,2.503788588216151,2.472384662042,0.07118598057469118,2.328397425499659,2.6163718985843407,2.472384662042,0.06978499077098331,2.3307135990049495,2.61405572507905,0,0,0,13.36689542385884,0.4097
643,1213340,2.0,2.6344919664941964,0.01947669500058108,2.596318345755186,2.672665587233207,2.623592937178793,0.07456546459142271,2.4727700490014,2.7744158253561864,2.623592937178793,0.06859042086446948,2.484346979979806,2.76283889437778,0,0,0,12.402133689677427,0.5022
644,1214340,2.0,2.593484308172432,0.01883768054246833,2.5565631327569234,2.630405483587941,2.585183112757457,0.062002895893873665,2.459770418216934,2.7105958072979797,2.585183112757457,0.06209806649326307,2.4591173356404665,2.7112488898744473,0,0,0,10.866790658566506,0.5174
645,1215340,2.0,2.517830682857986,0.018739207137391408,2.4811025117698633,2.554558853946109,2.518921868604693,0.05075390227303173,2.4162624113205986,2.621581325888787,2.518921868604693,0.05059682233251973,2.4162048584431703,2.6216388787662153,0,0,0,7.2902775241180775,0.459
646,1216340,2.0,2.603912078644036,0.018961943270915837,2.566747352756149,2.641076804531923,2.619127473712254,0.06709572175332564,2.4834135665484895,2.7548413808760186,2.619127473712254,0.06585748288255391,2.48542967557777,2.752825271846738,0,0,0,12.062701177749611,0.5258
647,1217340,2.0,2.5546348561183043,0.018465338854197093,2.5184434570017498,2.590826255234859,2.545106162544316,0.049770961092132145,2.444434891461757,2.6457774336268747,2.545106162544316,0.05025773414926011,2.443077537992005,2.647134787096627,0,0,0,7.407834070722036,0.4417
648,1218340,2.0,2.462346275995853,0.018844757196708098,2.425411230592903,2.499281321398803,2.4595093242672097,0.07772001252242658,2.302305760632954,2.6167128879014654,2.4595093242672097,0.07818166391380463,2.3007921085119913,2.618226540022428,0,0,0,17.21189649960673,0.5244
649,1219340,2.0,2.650834822441812,0.019313956434114744,2.6129801634319714,2.688689481451653,2.645008820498876,0.06710399479022834,2.5092781795384873,2.780739461459265,2.645008820498876,0.06693325824057567,2.509127082281056,2.7808905587166963,0,0,0,12.009956603636297,0.6263
650,1220340,2.0,2.4655887949049253,0.019245764421301634,2.427867789784232,2.503309800025619,2.459039741796847,0.07418692029458031,2.3089825317315085,2.609096951862185,2.459039741796847,0.07631223215437964,2.30411767427776,2.6139618093159336,0,0,0,15.722368932538432,0.5034
651,1221340,2.0,2.6219279585290325,0.019360889224869927,2.583981312939618,2.659874604118447,2.609534365237261,0.06485926261382562,2.478344123667996,2.7407246068065256,2.609534365237261,0.06487168561680666,2.477837841947618,2.741230888526904,0,0,0,11.2268976967655,0.5293
652,1222340,2.0,2.571229770525623,0.01914748996195521,2.5337013798058488,2.6087581612453974,2.557828070226516,0.08025304670057153,2.395500961359984,2.720155179093048,2.557828070226516,0.08200836518503729,2.3913422378815223,2.7243139025715095,0,0,0,18.343939434883904,0.5253
653,1223340,2.0,2.6332679794628744,0.019254411459125195,2.595530026459474,2.671005932466275,2.6119311040726703,0.06303612020806015,2.484428516093481,2.7394336920518594,2.6119311040726703,0.06366166740080587,2.4826910483566578,2.7411711597886828,0,0,0,10.931896771255744,0.4371
654,1224340,2.0,2.5907764946571996,0.018665485841383153,2.5541928146541464,2.627360174660253,2.5862414952703316,0.057496715214952455,2.469943411473108,2.7025395790675555,2.5862414952703316,0.05810603103575821,2.4682799809854785,2.7042030095551848,0,0,0,9.690893621073307,0.5183
655,1225340,2.0,2.5680972880057342,0.018521638518606682,2.5317955435745954,2.604399032436873,2.5534787263169028,0.048298082723691196,2.4557866329365083,2.651170819697297,2.5534787263169028,0.04773168871582957,2.45657824662612,2.6503792060076856,0,0,0,6.641325888198748,0.4674
656,1226340,2.0,2.6510108675342554,0.01907541286267363,2.613623745333183,2.6883979897353276,2.627220036465382,0.07024332673640915,2.485139497282472,2.7693005756482925,2.627220036465382,0.06712416102874118,2.490950744983782,2.7634893279469823,0,0,0,12.382543097537491,0.4736
657,1227340,2.0,2.6006422261171074,0.01890331320471066,2.563592413047394,2.637692039186821,2.58721389790027,0.058658492988538015,2.4685658967493143,2.7058618990512255,2.58721389790027,0.05567057881004874,2.4741966144877043,2.7002311813128355,0,0,0,8.673125150807454,0.5162
658,1228340,2.0,2.461236388595496,0.019247281457987018,2.423512410137536,2.4989603670534564,2.447834560046999,0.06771409687107252,2.310869871147391,2.5847992489466067,2.447834560046999,0.06677554966278881,2.312272987263297,2.5833961328307007,0,0,0,12.036387164498217,0.3861
659,1229340,2.0,2.681700024390287,0.018753354673154407,2.644944124641598,2.7184559241389756,2.6724991467148076,0.05146856034944938,2.5683941570286124,2.776604136401003,2.6724991467148076,0.047976367304770264,2.575101943080743,2.7698963503488723,0,0,0,6.544806138036986,0.5161
660,1230340,2.0,2.552967404196736,0.018920803295266058,2.5158833111794476,2.590051497214024,2.5418176755192667,0.0670815390762001,2.4061324555277457,2.677502895510788,2.5418176755192667,0.06820057725997149,2.4033631429125486,2.680272208125985,0,0,0,12.992626674813158,0.5952
661,1231340,2.0,2.666252166229497,0.018500803311147264,2.6299912580545888,2.702513074404405,2.6525906381482445,0.052416049644609296,2.546569170467897,2.758612105828592,2.6525906381482445,0.05221745197949654,2.546583574891637,2.758597701404852,0,0,0,7.9661811867666525,0.4201
662,1232340,2.0,2.50450983668976,0.018675785674165862,2.4679059693854057,2.541113703994114,2.49765316977824,0.06454874167216733,2.367091016098149,2.628215323458331,2.49765316977824,0.0646562652132406,2.3663939731577837,2.6289123663986964,0,0,0,11.985701748456037,0.4807
663,1233340,2.0,2.6368241979332017,0.019685138239649576,2.5982420359527962,2.675406359913607,2.600841100678034,0.08470581267856084,2.4295074224987743,2.7721747788572935,2.600841100678034,0.08146282255513458,2.435462778751204,2.7662194226048635,0,0,0,17.125449097739278,0.5923
664,1234340,2.0,2.597430655159549,0.019490698938898134,2.5592295872057957,2.635631723113302,2.5807262610586728,0.0728536511038673,2.433365842479354,2.7280866796379915,2.5807262610586728,0.06939882442222385,2.439839157387863,2.7216133647294827,0,0,0,12.67796069800518,0.4976
665,1235340,2.0,2.565264628914381,0.019010266067627582,2.528005192085307,2.602524065743455,2.5556895559648836,0.08521952176638144,2.3833168030781486,2.7280623088516185,2.5556895559648836,0.08314922517360478,2.3868876547120754,2.7244914572176917,0,0,0,19.13110355953287,0.4361
666,1236340,2.0,2.579703411743651,0.019216498071371994,2.5420397676147783,2.6173670558725237,2.561265059724594,0.08002082667788021,2.3994076601894103,2.7231224592597774,2.561265059724594,0.08174603561057817,2.3953117847285244,2.7272183347206633,0,0,0,18.096096641405687,0.4448
667,1237340,2.0,2.56366685021638,0.019111446095327153,2.52620910417706,2.6011245962557,2.5483512996683824,0.06725089225949306,2.412323530530735,2.6843790688060296,2.5483512996683824,0.06779060716514519,2.4107290506015167,2.685973548735248,0,0,0,12.582065673695045,0.4732
668,1238340,2.0,2.696384320260684,0.01890995524743672,2.6593214890264436,2.733447151494924,2.6742589488077715,0.0595646372545268,2.553778097877757,2.794739799737786,2.6742589488077715,0.05303130068543744,2.566599684840837,2.781918212774706,0,0,0,7.864725262811894,0.4448
669,1239340,2.0,2.579876408668877,0.018735497994120495,2.5431555073679784,2.6165973099697757,2.5780899558613823,0.0634200289220277,2.4498108392123283,2.7063690725104363,2.5780899558613823,0.06497768264181566,2.4461782471708977,2.710001664551867,0,0,0,12.028125610523004,0.5138
670,1240340,2.0,2.653511003979652,0.019014785089847223,2.6162427100297823,2.690779297929522,2.6584920998487878,0.06152305349454649,2.534049978172433,2.7829342215251427,2.6584920998487878,0.062063008620254656,2.5324974939977394,2.784486705699836,0,0,0,10.653266894443057,0.4254
671,1241340,2.0,2.641667096669214,0.01851034948244668,2.6053874783423687,2.677946714996059,2.633582977777358,0.05447753907703164,2.523391754140298,2.7437742014144177,2.633582977777358,0.055010490586109774,2.5219057447015554,2.7452602108531603,0,0,0,8.832055695858836,0.4852
672,1242340,2.0,2.7478467469348495,0.01888140087333009,2.7108398812454593,2.78485361262424,2.719882124145546,0.07445302239206093,2.5692866717838307,2.870477576507261,2.719882124145546,0.06694264289498436,2.5839813340664066,2.8557829142246853,0,0,0,12.570058035550257,0.5265
673,1243340,2.0,2.522071971815048,0.018827082203523852,2.485171568762166,2.55897237486793,2.521048111322446,0.06331879969512483,2.3929737501114907,2.649122472533401,2.521048111322446,0.06258991637259649,2.3939838258659116,2.64811239677898,0,0,0,11.052046535659393,0.4607
674,1244340,2.0,2.550789590803602,0.018919368576220508,2.513708309783971,2.587870871823233,2.5285215727672554,0.07373025799053244,2.3793880493978374,2.6776550961366734,2.5285215727672554,0.07185243782957089,2.382653369065329,2.674389776469182,0,0,0,14.423469457890622,0.4892
675,1245340,2.0,2.4791778981687336,0.01882839644913932,2.4422749192417785,2.5160808770956886,2.483149330971067,0.06784808328088611,2.3459136289769207,2.6203850329652134,2.483149330971067,0.06507308662252835,2.351043941902951,2.615254720039183,0,0,0,11.944724736195596,0.4167
676,1246340,2.0,2.4747690306975563,0.019117716890491375,2.4372989941255603,2.5122390672695523,2.4727102891324444,0.07067078329698552,2.3297651374457464,2.6156554408191424,2.4727102891324444,0.06697571484947944,2.336742359416282,2.6086782188486066,0,0,0,12.27333711800956,0.4747
677,1247340,2.0,2.6314009881622993,0.019413752903173574,2.593350731667319,2.6694512446572793,2.6173737286150023,0.07513225367757637,2.46540440129947,2.7693430559305345,2.6173737286150023,0.07157015531998452,2.472078588873793,2.7626688683562115,0,0,0,13.59079695198119,0.606
678,1248340,2.0,2.5256486018087667,0.019250917779899235,2.4879174962908226,2.563379707326711,2.5145981716198764,0.06457298924514521,2.38398697259409,2.645209370645663,2.5145981716198764,0.06571619060699667,2.381187212054202,2.648009131185551,0,0,0,11.653110989171426,0.434
679,1249340,2.0,2.63162827946011,0.01925541545546066,2.593888358660051,2.6693682002601684,2.6509092001987886,0.06819901949082144,2.512963662719294,2.788854737678283,2.6509092001987886,0.0662175001150088,2.516480528226391,2.785337872171186,0,0,0,11.826051749921833,0.5393
680,1250340,2.0,2.6498410328378115,0.01901096291049812,2.612580230221808,2.6871018354538148,2.6131870932801196,0.06944552824913021,2.4727202538534474,2.7536539327067917,2.6131870932801196,0.06325842130699573,2.484765670656187,2.741608515904052,0,0,0,11.072060994548824,0.4313
681,1251340,2.0,2.662752475695071,0.019108504493526926,2.6253004950893364,2.700204456300806,2.6290028281591176,0.06057605250813326,2.5064761967792464,2.7515294595389888,2.6290028281591176,0.05269401533110065,2.522028289864105,2.7359773664541303,0,0,0,7.604474174547669,0.5217
682,1252340,2.0,2.6817091208049564,0.01890185207737382,2.6446621714922003,2.7187560701177125,2.668816928082329,0.057413959868023924,2.552686232773922,2.7849476233907358,2.668816928082329,0.0587199927717242,2.549609005209649,2.7880248509550087,0,0,0,9.65079891328035,0.4222
683,1253340,2.0,2.556729096910298,0.019080290023500875,2.5193324156496573,2.5941257781709384,2.528434957577468,0.08638332966489189,2.353708181021749,2.703161734133187,2.528434957577468,0.08057702738030466,2.3648548954578663,2.6920150196970694,0,0,0,17.834155107861616,0.3966
684,1254340,2.0,2.6081286808229147,0.018966917729873745,2.570954205174628,2.6453031564712015,2.6016630310016033,0.05686480353605278,2.486643109219555,2.7166829527836516,2.6016630310016033,0.05785232201664774,2.484216573407915,2.719109488595292,0,0,0,9.303536567205393,0.3603
685,1255340,2.0,2.6963080301053006,0.01887752155441987,2.6593087677412592,2.733307292469342,2.676524891643969,0.0738091678874773,2.5272317579425,2.825818025345438,2.676524891643969,0.07005946778011199,2.534296610654564,2.818753172633374,0,0,0,13.773481117017436,0.3748
686,1256340,2.0,2.683840478221219,0.018953534358356533,2.6466922334990977,2.7209887229433405,2.663348734010562,0.06725917499529731,2.5273042114584108,2.7993932565627135,2.663348734010562,0.06344683046758051,2.5345448204559715,2.792152647565153,0,0,0,11.205711814477604,0.5028
687,1257340,2.0,2.6115462710295514,0.01889777811503992,2.574507306536244,2.6485852355228587,2.592477079253054,0.05969521604673143,2.4717321077856975,2.7132220507204106,2.592477079253054,0.05790713327251952,2.474919348894263,2.710034809611845,0,0,0,9.389503754376097,0.3744
688,1258340,2.0,2.617515184619666,0.018811850783297553,2.580644634601861,2.6543857346374704,2.60473699345511,0.07385516066057496,2.455350830589109,2.754123156321111,2.60473699345511,0.07048596489862657,2.461642877284033,2.7478311096261874,0,0,0,14.039196350731267,0.3719
689,1259340,2.0,2.665952659192114,0.01885097419201003,2.6290054287022806,2.7028998896819476,2.647638457081117,0.05880330827760012,2.528697539359893,2.7665793748023413,2.647638457081117,0.05518557335730829,2.5356057870834046,2.7596711270788297,0,0,0,8.570053250113341,0.4273
690,1260340,2.0,2.6366770709194634,0.018652717872570404,2.6001184156754387,2.673235726163488,2.6241423360290526,0.06538764775390253,2.491883334634672,2.756401337423433,2.6241423360290526,0.06472069442783628,2.4927523411492345,2.7555323309088706,0,0,0,12.039323770067892,0.3413
691,1261340,2.0,2.594370606330404,0.019232594505788923,2.556675413769795,2.632065798891013,2.562137088715237,0.0837010493555687,2.3928357361861794,2.7314384412442942,2.562137088715237,0.0757094322828649,2.4084387699944605,2.715835407436013,0,0,0,15.496164886431206,0.3768
692,1262340,2.0,2.6657444954148524,0.01841625634772216,2.62964929624326,2.701839694586445,2.6433972456135963,0.06498761695840068,2.5119473828770125,2.7748471083501802,2.6433972456135963,0.05425216690915026,2.5332594914465694,2.7535349997806233,0,0,0,8.678236378761516,0.3851
693,1263340,2.0,2.6106688038735353,0.01915728790407788,2.5731212095400777,2.648216398206993,2.5945914591763786,0.06894784720486896,2.455131274679008,2.734051643673749,2.5945914591763786,0.06980548708227036,2.4528787864152846,2.7363041319374726,0,0,0,13.277339844659542,0.4094
694,1264340,2.0,2.5369689258542625,0.019399197520254388,2.498947197385585,2.57499065432294,2.529549978987386,0.07856329696416033,2.3706407115698274,2.688459246404945,2.529549978987386,0.07625357907645462,2.374746983546811,2.684352974427961,0,0,0,15.450869894815334,0.3717
695,1265340,2.0,2.486285963838566,0.018548661741500765,2.4499312548638086,2.5226406728133233,2.4612133697188696,0.0507887938007436,2.358483337658486,2.563943401779253,2.4612133697188696,0.04212358588298512,2.3756979440514874,2.546728795386252,0,0,0,5.157336947682447,0.3983
696,1266340,2.0,2.549691159142672,0.019666480432610954,2.5111455657920927,2.5882367524932515,2.542871233200937,0.08160115974543793,2.3778173083193708,2.7079251580825034,2.542871233200937,0.08350196808094706,2.3733532257752996,2.7123892406265746,0,0,0,18.027692204527202,0.3568
697,1267340,2.0,2.712221191476737,0.018958667478766837,2.6750628860234835,2.7493794969299907,2.7139694719824314,0.05149324737945587,2.6098145480647994,2.8181243959000635,2.7139694719824314,0.05214797363045273,2.6081034572730597,2.819835486691803,0,0,0,7.565876634745784,0.3958
698,1268340,2.0,2.705179395303471,0.01850690572382019,2.668906526619505,2.741452263987437,2.6967328682137826,0.06134058697572004,2.5726598199082686,2.8208059165192965,2.6967328682137826,0.06198495412881571,2.57089672140464,2.8225690150229252,0,0,0,11.21772897436366,0.3653
699,1269340,2.0,2.5635436291175355,0.018437210901830443,2.5274073597745788,2.5996798984604923,2.5623767593110154,0.043680441992446195,2.474024725909702,2.6507287927123286,2.5623767593110154,0.045097484970711664,2.470823997527823,2.653929521094208,0,0,0,5.982933805138526,0.3708
700,1270340,2.0,2.536285337713375,0.01889114193583913,2.499259379892296,2.5733112955344537,2.5224954383118354,0.06581052643335633,2.3893810840522463,2.6556097925714246,2.5224954383118354,0.06434971129428425,2.3918585792326885,2.6531322973909823,0,0,0,11.603173426718968,0.3707
701,1271340,2.0,2.5485794768085217,0.018976976637643344,2.5113852860632826,2.585773667553761,2.525106530858197,0.0548090040056462,2.414244856119718,2.635968205596676,2.525106530858197,0.050220756752542506,2.4231529744121287,2.6270600873042653,0,0,0,7.003456884243079,0.3593
702,1272340,2.0,2.4995936050642733,0.01922233725924275,2.4619185163374753,2.5372686937910713,2.494357770885692,0.0755357418517233,2.341572311703971,2.6471432300674134,2.494357770885692,0.0761980007234532,2.3396676055001846,2.6490479362711996,0,0,0,15.713566488714367,0.3811
703,1273340,2.0,2.6180684328862642,0.018602524079861862,2.581608155668196,2.6545287101043327,2.619801659598491,0.07014681081686101,2.47791634228969,2.7616869769072925,2.619801659598491,0.07121061404318733,2.4752364274538414,2.764366891743141,0,0,0,14.653646501374544,0.4077
704,1274340,2.0,2.6160032003687657,0.01933064332892831,2.5781158356460767,2.6538905650914546,2.6140898606341616,0.07645784141744406,2.459439279033487,2.768740442234836,2.6140898606341616,0.07704531964324837,2.4576795463918213,2.770500174876502,0,0,0,15.88546409061423,0.367
705,1275340,2.0,2.4456342684321046,0.019124204747241847,2.4081515158945406,2.4831170209696687,2.441698192711037,0.08348031681121007,2.27284331389521,2.610553071526864,2.441698192711037,0.08439690318360912,2.270363370438216,2.6130330149838583,0,0,0,19.475394018622413,0.3713
706,1276340,2.0,2.5558640273883713,0.018583665950998425,2.519440711423691,2.5922873433530516,2.539371561019303,0.06013026436763915,2.4177466212634693,2.660996500775137,2.539371561019303,0.06112453723186471,2.415282153374261,2.663460968664345,0,0,0,10.81853333995272,0.3768
707,1277340,2.0,2.591620444375258,0.019327986858317076,2.553738286239293,2.629502602511223,2.566967240268607,0.06814913527313352,2.429122603143283,2.7048118773939307,2.566967240268607,0.0639239224533253,2.437194778491251,2.6967397020459627,0,0,0,10.938394657380817,0.3942
708,1278340,2.0,2.581511154358743,0.019301671036448833,2.5436805742858635,2.6193417344316225,2.5761771162923224,0.07975486981912099,2.4148576652804725,2.7374965673041722,2.5761771162923224,0.08096620948576161,2.4118069724948996,2.740547260089745,0,0,0,17.59615571424642,0.361
709,1279340,2.0,2.658177089137265,0.01918879462442785,2.6205677427666507,2.695786435507879,2.673754238808686,0.06785859845117512,2.5364972678750735,2.8110112097422983,2.673754238808686,0.0686381635692608,2.5344113587661856,2.813097118851186,0,0,0,12.794871286394061,0.364
710,1280340,2.0,2.5871684645308766,0.018790247859175147,2.5503402554663124,2.6239966735954408,2.578242524825823,0.06709505941780382,2.4425299573621047,2.7139550922895417,2.578242524825823,0.06469189364734822,2.446910998638814,2.7095740510128326,0,0,0,11.8531753751882,0.3725
711,1281340,2.0,2.662777155285382,0.0188126272176427,2.6259050834842244,2.6996492270865398,2.649510902944716,0.063760894256025,2.5205423210796303,2.778479484809802,2.649510902944716,0.062314821484045706,2.5230050898024503,2.776016716086982,0,0,0,10.9719497728408,0.3785
712,1282340,2.0,2.661759507027586,0.018761391681154975,2.624987855032673,2.698531159022499,2.653023096020483,0.06210038009764134,2.527413221066152,2.7786329709748134,2.653023096020483,0.06261503806026372,2.5259078108266446,2.780138381214321,0,0,0,11.138512516186637,0.3848
713,1283340,2.0,2.552499559753218,0.018852476082378486,2.5155493856123536,2.5894497338940825,2.5576128170347237,0.062435959332246056,2.431324169009605,2.6839014650598423,2.5576128170347237,0.053897893166585976,2.4481942768012477,2.6670313572681996,0,0,0,8.173475807378429,0.3766
714,1284340,2.0,2.6824087367379863,0.01850999713448099,2.646129809000464,2.7186876644755085,2.6709160852896745,0.05803626849536852,2.553526651971277,2.788305518608072,2.6709160852896745,0.056341775737887276,2.556536199672487,2.785295970906862,0,0,0,9.265062604763042,0.3769
715,1285340,2.0,2.652277774686475,0.019016332431252742,2.6150064480031787,2.6895491013697717,2.635229888110354,0.06977036356061742,2.4941060072486296,2.7763537689720783,2.635229888110354,0.06608838765256071,2.5010633283716084,2.7693964478490996,0,0,0,12.078049119814708,0.3794
716,1286340,2.0,2.6095325972167744,0.019467629776242543,2.5713767439909794,2.6476884504425695,2.57736504455837,0.09283159424307509,2.389595421790365,2.7651346673263744,2.57736504455837,0.0812254346836697,2.4124686456314715,2.742261443485268,0,0,0,17.40836289284333,0.4214
717,1287340,2.0,2.641681598439419,0.018857052786274118,2.6047224541237513,2.678640742755087,2.6282376236222227,0.061684860880711304,2.503468215615077,2.753007031629368,2.6282376236222227,0.06230601253860373,2.501749693589938,2.754725553654507,0,0,0,10.917225545395064,0.3924
718,1288340,2.0,2.6173903586802605,0.018847961461868065,2.580449033033,2.654331684327521,2.616593597090848,0.06812003341717826,2.4788078240253206,2.754379370156375,2.616593597090848,0.06852547081162336,2.4774794955090838,2.755707698672612,0,0,0,13.218290310361322,0.3715
719,1289340,2.0,2.651495024015298,0.01915070097392761,2.613960339827704,2.689029708202892,2.619989295507118,0.0701088954737563,2.4781806692185446,2.761797921795691,2.619989295507118,0.06262996459424443,2.492843707838304,2.7471348831759315,0,0,0,10.695349531452948,0.3915
720,1290340,2.0,2.475958916559435,0.019070465028668323,2.4385814919348143,2.5133363411840555,2.455946810631172,0.06411119711254946,2.3262696743589313,2.5856239469034126,2.455946810631172,0.06329008687952214,2.327461103477401,2.584432517784943,0,0,0,11.01409497236874,0.3822
721,1291340,2.0,2.4610901534560816,0.018621032562927253,2.4245936002777966,2.4975867066343667,2.456430372092015,0.07704375390513465,2.3005946706225524,2.6122660735614778,2.456430372092015,0.0709286209148196,2.3124376164329767,2.6004231277510534,0,0,0,14.508934246390039,0.39
722,1292340,2.0,2.6591668760996225,0.019296972545276164,2.6213455049002232,2.696988247299022,2.6440239533384884,0.08450411773122798,2.4730982416978162,2.8149496649791605,2.6440239533384884,0.08081836481153525,2.479953950186362,2.8080939564906147,0,0,0,17.540491577075777,0.3692
723,1293340,2.0,2.5488630839852955,0.018582360309292268,2.512442327031336,2.585283840939255,2.5277941811216613,0.054479583012193515,2.4175988232355086,2.637989539007814,2.5277941811216613,0.04897882454727089,2.428361881091864,2.6272264811514585,0,0,0,6.947282560951025,0.379
724,1294340,2.0,2.5638575541833712,0.01881425765696726,2.5269822867798584,2.600732821586884,2.5575207249853373,0.06640401461971353,2.4232059275600544,2.6918355224106203,2.5575207249853373,0.06658412561634183,2.422347763675985,2.6926936862946897,0,0,0,12.5246969769619,0.3776
725,1295340,2.0,2.525569541390086,0.019019102486703812,2.4882927854978703,2.562846297282302,2.523360183953561,0.06377664666490654,2.3943597398340617,2.6523606280730605,2.523360183953561,0.06144543566938616,2.398619317846344,2.6481010500607782,0,0,0,10.437565607943126,0.3625
726,1296340,2.0,2.590098728702561,0.019030851611084258,2.55279894494971,2.6273985124554122,2.5861052983174,0.07209776379688611,2.4402738061304836,2.7319367905043164,2.5861052983174,0.069389133346246,2.4452378685767657,2.7269727280580343,0,0,0,13.29433078899994,0.3667
727,1297340,2.0,2.5956401741075528,0.0187258076159108,2.558938265598942,2.6323420826161636,2.58336457611542,0.06787387439769524,2.446076706663486,2.7206524455673535,2.58336457611542,0.06948531479342214,2.4423018876563227,2.724427264574517,0,0,0,13.769080665861921,0.4122
728,1298340,2.0,2.6179091013339026,0.01924928556061473,2.580181194906971,2.6556370077608342,2.606778616997349,0.07365445396513925,2.4577984217417965,2.7557588122529015,2.606778616997349,0.05983430367132315,2.4853085227328573,2.7282487112618408,0,0,0,9.662093859053847,0.3555
729,1299340,2.0,2.570252314473717,0.019208834458234916,2.5326036907505842,2.6079009381968494,2.5491177276981656,0.07593185379340985,2.3955310564886765,2.7027043989076547,2.5491177276981656,0.0725216554523097,2.401890939994592,2.6963445154017394,0,0,0,14.253889599594608,0.4039
730,1300340,2.0,2.413959126495462,0.01893948058034913,2.376838426672082,2.451079826318842,2.4105890202069746,0.06327866153080591,2.282595846096534,2.5385821943174154,2.4105890202069746,0.06317933004237515,2.282328161386404,2.5388498790275453,0,0,0,11.127917678793338,0.3628
731,1301340,2.0,2.589995800121569,0.01885201823568562,2.553046523343733,2.626945076899405,2.587180197982676,0.06795530637628563,2.449727616807047,2.724632779158305,2.587180197982676,0.07004069572664338,2.4449900262878472,2.729370369677505,0,0,0,13.803372254116105,0.3781
732,1302340,2.0,2.5873117056337427,0.01868859261389118,2.5506827371887746,2.623940674078711,2.5757781975905276,0.05595749371470812,2.462593483145773,2.688962912035282,2.5757781975905276,0.05738157047581469,2.4592874164321206,2.6922689787489347,0,0,0,9.427394182017974,0.3699
733,1303340,2.0,2.639100824472823,0.02020383927608531,2.5995020271422598,2.678699621803386,2.5891460531121364,0.09646142484673388,2.3940344049408395,2.7842577012834333,2.5891460531121364,0.08902247484589608,2.408420821135016,2.769871285089257,0,0,0,19.414737243024295,0.3869
734,1304340,2.0,2.4880660844576785,0.018835886233812126,2.451148425822513,2.524983743092844,2.4767521433128556,0.07310022812080964,2.328892975640278,2.624611310985433,2.4767521433128556,0.07509637610230763,2.3242983948046914,2.62920589182102,0,0,0,15.895194352273771,0.3781
735,1305340,2.0,2.513982928706006,0.01868388003263093,2.477363196750582,2.5506026606614296,2.4975635295671723,0.05945768853418369,2.377299002842705,2.6178280562916396,2.4975635295671723,0.05992801186835163,2.375903197548951,2.6192238615853936,0,0,0,10.287873132938033,0.3835
736,1306340,2.0,2.509229843269499,0.018699592741721796,2.4725793149701576,2.5458803715688405,2.5029832491537514,0.06226600505993367,2.3770383660920604,2.6289281322154423,2.5029832491537514,0.0641493651391347,2.3727531143925678,2.633213383914935,0,0,0,11.768481503482366,0.3596
737,1307340,2.0,2.6004259597799426,0.018848077171990545,2.5634844073450096,2.6373675122148756,2.5862165122324003,0.06053768480746956,2.4637674868522845,2.708665537612516,2.5862165122324003,0.061279080578200036,2.461813364914705,2.7106196595500958,0,0,0,10.570374604462138,0.3567
738,1308340,2.0,2.5005192886456156,0.018924642661189376,2.463427670609394,2.537610906681837,2.482349211259506,0.06864590636356328,2.343499759760233,2.621198662758779,2.482349211259506,0.0688264221661676,2.342624145946864,2.622074276572148,0,0,0,13.226806873948892,0.3717
739,1309340,2.0,2.5505123721196306,0.018296178237618897,2.514652521719172,2.586372222520089,2.545704243193399,0.05456260680257879,2.435340953840287,2.656067532546511,2.545704243193399,0.052483995573911875,2.4391560676725446,2.6522524187142533,0,0,0,8.22873384612959,0.3788
740,1310340,2.0,2.6539041665366403,0.018279151176944612,2.6180776885618657,2.689730644511415,2.6300454457406084,0.05359552427127985,2.5216382654424807,2.738452626038736,2.6300454457406084,0.04707544308761172,2.53447721550255,2.725613675978667,0,0,0,6.632492743173841,0.3889
741,1311340,2.0,2.4654186116450654,0.019260774818497944,2.4276681866864736,2.503169036603657,2.4738940907966596,0.07048906850725102,2.3313164919651936,2.6164716896281255,2.4738940907966596,0.07213798954253837,2.327446186298312,2.620341995295007,0,0,0,14.027509172884441,0.3791
742,1312340,2.0,2.4688232808782766,0.019256950168790518,2.4310803520953645,2.5065662096611887,2.4835834097897185,0.07619910732009785,2.3294561672984497,2.6377106522809872,2.4835834097897185,0.07323185582457445,2.334914838679764,2.632251980899673,0,0,0,14.46189043580732,0.3863
743,1313340,2.0,2.519159016328461,0.019076884105878437,2.4817690105436947,2.556549022113227,2.498508142215211,0.07485606651859958,2.3470974561583717,2.64991882827205,2.498508142215211,0.06448560030592962,2.3675954137761606,2.629420870654261,0,0,0,11.426431266310338,0.3616
744,1314340,2.0,2.601156837916094,0.018678612907746712,2.5645474293357453,2.6377662464964424,2.582977892394562,0.06759051027488365,2.4462631809809032,2.7196926038082205,2.582977892394562,0.06531260376155587,2.450386257683554,2.7155695271055698,0,0,0,12.22657318001829,0.3835
745,1315340,2.0,2.576373987400061,0.01948528225164118,2.5381835359582468,2.6145644388418754,2.567384612510731,0.07737705435348116,2.410874747250754,2.7238944777707084,2.567384612510731,0.0762382750222538,2.4126126859519235,2.722156539069539,0,0,0,15.308502888623087,0.3925
746,1316340,2.0,2.5606425066626737,0.019237892165262182,2.5229369308802947,2.5983480824450527,2.551660920934038,0.07375753087455246,2.4024722329497497,2.7008496089183263,2.551660920934038,0.06870432950120357,2.4121837169085207,2.691138124959555,0,0,0,12.754200475990311,0.3717
747,1317340,2.0,2.464083804848542,0.01911765686248884,2.4266138859292687,2.5015537237678154,2.4545523429727822,0.07524262358081708,2.3023597714561195,2.606744914489445,2.4545523429727822,0.06676836773718425,2.31900535027319,2.5900993356723743,0,0,0,12.197538399880715,0.383
748,1318340,2.0,2.5571712570941747,0.018681948742094688,2.5205553103986458,2.5937872037897036,2.545863674368392,0.05741129304629141,2.4297383732160887,2.6619889755206954,2.545863674368392,0.05698428839881239,2.430179418704259,2.661547930032525,0,0,0,9.30391869014179,0.3778
749,1319340,2.0,2.617162820419828,0.019148250946912533,2.5796329381969447,2.6546927026427114,2.6070693605924427,0.08280734422244408,2.4395756973213465,2.774563023863539,2.6070693605924427,0.08406296819328062,2.4364124623910075,2.777726258793878,0,0,0,19.27308425854657,0.3643
750,1320340,2.0,2.6944996259770617,0.018676335379932817,2.657894681269202,2.7311045706849213,2.692784508453086,0.04752139702914232,2.596663410174778,2.7889056067313938,2.692784508453086,0.047692276322741776,2.595964040173982,2.78960497673219,0,0,0,6.520978596446671,0.3933
751,1321340,2.0,2.5134247886146714,0.019285755639573673,2.4756254021464668,2.551224175082876,2.4981477428352132,0.07991169451128381,2.336511083942488,2.6597844017279386,2.4981477428352132,0.07946308871052422,2.336829096440718,2.6594663892297086,0,0,0,16.976867709765855,0.3742
752,1322340,2.0,2.581856229644806,0.018623873842335676,2.5453541076612103,2.6183583516284017,2.5558619750870872,0.06419972535413769,2.426005773544419,2.6857181766297553,2.5558619750870872,0.05809194367123242,2.437929059672646,2.6737948905015285,0,0,0,9.729528016971374,0.3638
753,1323340,2.0,2.5210917389959047,0.018919724796876546,2.484009759796617,2.5581737181951922,2.527421297644035,0.06830317919906248,2.3892650772684476,2.6655775180196226,2.527421297644035,0.06597798578349354,2.3934788656149766,2.6613637296730936,0,0,0,12.1609772529677,0.3379
754,1324340,2.0,2.490361749617054,0.01877021557576513,2.4535728031065016,2.527150696127606,2.488862813485814,0.07333430573207164,2.340530179154353,2.637195447817275,2.488862813485814,0.07215508791113485,2.3423801974538185,2.6353454295178094,0,0,0,14.777310516378655,0.381
755,1325340,2.0,2.5309533561331508,0.018927353386032603,2.4938564251738646,2.568050287092437,2.51037401822752,0.08343461839198968,2.3416115731893106,2.6791364632657295,2.51037401822752,0.07870121525031601,2.3506020571849167,2.6701459792701234,0,0,0,17.289526334055083,0.3719
756,1326340,2.0,2.5509853348015397,0.018742002783546815,2.5142516843476383,2.587718985255441,2.5552741542423663,0.06690356110495393,2.4199489286772513,2.690599379807481,2.5552741542423663,0.06705239137489569,2.4191505629040457,2.691397745580687,0,0,0,12.799604382552317,0.3754
757,1327340,2.0,2.581785506755361,0.019180820364870146,2.5441917896462827,2.619379223864439,2.570061542927526,0.07035608570130039,2.4277529272101774,2.7123701586448745,2.570061542927526,0.06510612295299802,2.437889086543003,2.7022339993120488,0,0,0,11.521507635881637,0.3853
758,1328340,2.0,2.5887174836477063,0.018718140669278304,2.5520306020783665,2.625404365217046,2.572850770218169,0.05715219830012471,2.4572495376563666,2.6884520027799717,2.572850770218169,0.0552058177699198,2.4607770018779114,2.684924538558427,0,0,0,8.6984982727663,0.3534
759,1329340,2.0,2.5509453476435446,0.019180016744356054,2.5133532056017316,2.5885374896853577,2.5614709342311364,0.08690914746193117,2.385680590791752,2.7372612776705205,2.5614709342311364,0.08904798699537582,2.3806939098370905,2.7422479586251822,0,0,0,21.555110257753242,0.395
760,1330340,2.0,2.6616449441230814,0.018797490184896928,2.624802540360938,2.6984873478852247,2.647667425435059,0.06873214257732947,2.508643544729223,2.786691306140895,2.647667425435059,0.0652029022623401,2.51529849660735,2.780036354262768,0,0,0,12.03189742628322,0.3908
761,1331340,2.0,2.6079880405578755,0.019165045609455204,2.5704252414012756,2.6455508397144754,2.5678567174307982,0.08850347017564278,2.388841551914781,2.7468718829468153,2.5678567174307982,0.08100068796055165,2.40341657860835,2.7322968562532464,0,0,0,17.863135833725224,0.3894
762,1332340,2.0,2.661734364215323,0.018799008216502315,2.6248889851659056,2.69857974326474,2.6564905087783854,0.06461998421901968,2.5257842534456554,2.7871967641111155,2.6564905087783854,0.059160841691003566,2.5363876150195157,2.776593402537255,0,0,0,9.903730478862103,0.3971
763,1333340,2.0,2.555145762356784,0.01952861265101514,2.516870384892761,2.5934211398208067,2.562061777414583,0.07837763084224077,2.403528055175989,2.7205954996531765,2.562061777414583,0.07842332340934373,2.4028539668015334,2.7212695880276323,0,0,0,16.12678154611197,0.3366
764,1334340,2.0,2.593037418262527,0.01934867954471825,2.5551147032064723,2.630960133318582,2.597243594281657,0.08577476002401375,2.4237477660127524,2.7707394225505615,2.597243594281657,0.0775668331281396,2.4397745513789495,2.7547126371843644,0,0,0,16.07124262038348,0.3493
765,1335340,2.0,2.4492200417719974,0.018876447815422807,2.412222883897719,2.486217199646276,2.4241264421245257,0.06269723361209541,2.297309316985917,2.5509435672631344,2.4241264421245257,0.05476879075069284,2.3129398858008603,2.535312998448191,0,0,0,8.418326406725365,0.3897
766,1336340,2.0,2.565726943850751,0.019400989477593354,2.5277017032102274,2.6037521844912748,2.546649479482607,0.07823016934918335,2.3884140262670757,2.704884932698138,2.546649479482607,0.07553153492603056,2.393312311596355,2.699986647368859,0,0,0,15.156846784631163,0.3667
767,1337340,2.0,2.689981096251553,0.01913316914557829,2.6524807738161065,2.7274814186869993,2.668576831162538,0.07065099754165038,2.5256716999435023,2.811481962381574,2.668576831162538,0.06833460291960582,2.5298502120016075,2.807303450323469,0,0,0,12.755794927417979,0.4183
768,1338340,2.0,2.61104400338582,0.018771146895834805,2.5742532315214732,2.647834775250167,2.5866311257304235,0.0675133479287596,2.450072489893639,2.723189761567208,2.5866311257304235,0.06714677160398626,2.450315932340756,2.722946319120091,0,0,0,12.795835753061288,0.3814
769,1339340,2.0,2.610355703923425,0.019167497707459652,2.5727880987430503,2.6479233091038,2.5940878813434276,0.07272154312765514,2.4469946763680577,2.7411810863187975,2.5940878813434276,0.0709328507374521,2.450086538687928,2.7380892239989274,0,0,0,13.695061547112983,0.3611
770,1340340,2.0,2.632678826631392,0.018823413463375134,2.5957856141770703,2.669572039085714,2.6121734652198962,0.07155408329248457,2.467441670652634,2.7569052597871586,2.6121734652198962,0.06738453962666291,2.4753755770823087,2.7489713533574838,0,0,0,12.815152175029334,0.3738
771,1341340,2.0,2.50167993894216,0.018932562617856398,2.464572798076112,2.5387870798082077,2.4689295199958377,0.06515097685643643,2.3371492306767987,2.6007098093148766,2.4689295199958377,0.06296492635261235,2.3411039238057003,2.596755116185975,0,0,0,11.060597683661593,0.3965
772,1342340,2.0,2.709329981854445,0.018933437207680807,2.6722211268238403,2.74643883688505,2.688337662838318,0.06209031081966707,2.5627481549211173,2.813927170755519,2.688337662838318,0.052992746073655644,2.580756668894433,2.7959186567822036,0,0,0,7.833826034852318,0.3791
773,1343340,2.0,2.7242800428966816,0.019144314061202213,2.6867578768280014,2.7618022089653618,2.7039894611622035,0.06989033173420028,2.5626229217650796,2.8453560005593275,2.7039894611622035,0.06573752734215589,2.5705351857213192,2.837443736603088,0,0,0,11.790904136568635,0.3696
774,1344340,2.0,2.6166581033980565,0.019000056340670313,2.5794186772661107,2.6538975295300022,2.6153718059199917,0.06094351572634908,2.492101910025188,2.7386417018147955,2.6153718059199917,0.06126032978807004,2.49100672473,2.7397368871099834,0,0,0,10.395583793163583,0.3547
775,1345340,2.0,2.604532860010778,0.01925522872743517,2.566793305190924,2.642272414830632,2.5858236600477533,0.0769100919251488,2.4302583154515625,2.741389004643944,2.5858236600477533,0.06553679937111971,2.452776884052291,2.7188704360432157,0,0,0,11.584387918991004,0.3596
776,1346340,2.0,2.7136793272606,0.0192666327244748,2.6759174210172683,2.7514412335039315,2.6962368428532537,0.0681362826873492,2.5584182025364948,2.8340554831700127,2.6962368428532537,0.06770209733766731,2.558794278288879,2.8336794074176286,0,0,0,12.347885922099406,0.3741
777,1347340,2.0,2.5458803552157296,0.019145072975278888,2.508356701702792,2.5834040087286674,2.5431490451573224,0.06324046582414358,2.415233129155932,2.671064961158713,2.5431490451573224,0.06263989039127733,2.415983307049258,2.670314783265387,0,0,0,10.70503092044126,0.3666
778,1348340,2.0,2.534611948271181,0.018802335004922052,2.4977600488362772,2.571463847706085,2.551305985021747,0.06262898984193889,2.424626895937383,2.677985074106111,2.551305985021747,0.05665488642331716,2.436290450919648,2.666321519123846,0,0,0,9.07927506909871,0.3755
779,1349340,2.0,2.598065111675605,0.01942068737798701,2.5600012638597387,2.636128959491471,2.604859648450291,0.07401272327291053,2.4551547851189817,2.7545645117816004,2.604859648450291,0.06564916847546352,2.47158475104521,2.738134545855372,0,0,0,11.426922044350063,0.3809
780,1350340,2.0,2.61311699208851,0.01889382735484193,2.576085770942902,2.6501482132341176,2.575490199624882,0.0697254747839257,2.434457114884183,2.7165232843655804,2.575490199624882,0.06087367311643058,2.4519100732094965,2.699070326040267,0,0,0,10.380520501563458,0.3648
781,1351340,2.0,2.582260428560876,0.018999567283900235,2.545021960962586,2.6194988961591656,2.567638872278448,0.0679145398719822,2.430268749140915,2.7050089954159806,2.567638872278448,0.06243594355617949,2.440887168257257,2.6943905762996385,0,0,0,10.798960153233578,0.3721
782,1352340,2.0,2.5466605532591142,0.018902759578353263,2.5096118252771222,2.583709281241106,2.5405929158159495,0.0795354260809599,2.379717331660737,2.701468499971162,2.5405929158159495,0.08161153036103021,2.3749127009933786,2.7062731306385204,0,0,0,18.6402881750994,0.383
783,1353340,2.0,2.6043114703078123,0.018904392751774152,2.5672595413647348,2.64136339925089,2.5853629639583935,0.06906125002006201,2.4456734006164256,2.7250525273003614,2.5853629639583935,0.04995190396072492,2.483955207696526,2.686770720220261,0,0,0,6.981980472345888,0.388
784,1354340,2.0,2.463033710732337,0.018754857360667666,2.4262748657702424,2.499792555694431,2.4532189991302236,0.057730088281810844,2.336448873749684,2.569989124510763,2.4532189991302236,0.05387069197022026,2.3438556802611474,2.5625823179992997,0,0,0,8.250448870317243,0.3482
785,1355340,2.0,2.728829442219349,0.019092543306027634,2.6914087449662634,2.7662501394724344,2.722077065007675,0.06331261425702316,2.594015215026204,2.8501389149891456,2.722077065007675,0.06307765468733553,2.594022618131478,2.850131511883872,0,0,0,10.914994115297707,0.352
786,1356340,2.0,2.6668248720789807,0.019201281736830906,2.629191051417785,2.704458692740176,2.6340975786737433,0.06891518639476589,2.4947034569004094,2.773491700447077,2.6340975786737433,0.05914856271173675,2.514019612568034,2.7541755447794527,0,0,0,9.489163983869465,0.4063
787,1357340,2.0,2.5377511388077245,0.019332272085819602,2.499860581780189,2.57564169583526,2.5391891267161286,0.07100868847558028,2.3955604972928533,2.682817756139404,2.5391891267161286,0.06892787216117151,2.399258106964308,2.679120146467949,0,0,0,12.712294514624366,0.4229
788,1358340,2.0,2.729626340685697,0.01901722153653779,2.6923532713880634,2.766899409983331,2.728079283470493,0.07827193504393447,2.5697593511634196,2.8863992157775664,2.728079283470493,0.07880818215064028,2.568090168075481,2.888068398865505,0,0,0,17.17309167228158,0.3735
789,1359340,2.0,2.5663926833571407,0.018879834767838798,2.5293888871781096,2.6033964795361717,2.5524200662839367,0.064160496243353,2.422643213107454,2.6821969194604196,2.5524200662839367,0.05700036505799095,2.4367031732665456,2.6681369593013278,0,0,0,9.115046656145289,0.3849
790,1360340,2.0,2.466436038038581,0.018909741459091276,2.4293736258217984,2.5034984502553637,2.446411634812412,0.06400772207883784,2.31694379655131,2.5758794730735137,2.446411634812412,0.059609146300002705,2.325398634312542,2.567424635312282,0,0,0,9.936984720571237,0.3587
791,1361340,2.0,2.60651069375298,0.018191252959269752,2.5708564931191535,2.6421648943868066,2.594011921440975,0.0494743848710845,2.4939405323878283,2.694083310494122,2.594011921440975,0.04646022372394118,2.4996926529107175,2.6883311899712328,0,0,0,6.522849638921034,0.4017
792,1362340,2.0,2.5905346048940032,0.019292807524149556,2.5527213969860068,2.6283478128019997,2.5692676954482465,0.07470222076822904,2.418168191793768,2.720367199102725,2.5692676954482465,0.07320555628685504,2.4206525152383254,2.7178828756581677,0,0,0,14.39783616063292,0.3997
793,1363340,2.0,2.608636168124298,0.018352678792608365,2.5726655786709536,2.644606757577643,2.596327713351399,0.05872184838850607,2.477551563808192,2.7151038628946056,2.596327713351399,0.05929945090051405,2.4759434279373735,2.7167119987654242,0,0,0,10.440046102124896,0.3675
794,1364340,2.0,2.714156896936863,0.018729249334912833,2.677448242782963,2.750865551090763,2.7116280011133878,0.0569736746457145,2.5963878667263725,2.826868135500403,2.7116280011133878,0.05882960058849967,2.5921975625428737,2.831058439683902,0,0,0,9.866225949130223,0.4234
795,1365340,2.0,2.5251194723196067,0.018876656073489425,2.488121906267018,2.5621170383721954,2.5154666939361086,0.0646019522541918,2.3847969116949064,2.6461364761773107,2.5154666939361086,0.06166728475577769,2.390275450239733,2.640657937632484,0,0,0,10.672336910986893,0.3515
796,1366340,2.0,2.489400115106314,0.01887065655796629,2.4524143078880756,2.5263859223245526,2.496323785060178,0.06453869214193952,2.365781958473629,2.626865611646727,2.496323785060178,0.06210826382667952,2.3702373062557722,2.622410263864584,0,0,0,10.832401709447156,0.4202
797,1367340,2.0,2.575753631413518,0.01856468415621923,2.539367519082967,2.612139743744069,2.567581137996012,0.06679560719848725,2.43247426981729,2.7026880061747343,2.567581137996012,0.059371928775482925,2.4470497146733896,2.6881125613186345,0,0,0,10.227916781105515,0.397
798,1368340,2.0,2.7241197961982087,0.018951381765256625,2.6869757704810366,2.7612638219153807,2.7031003555767916,0.06326513350879953,2.5751345444736295,2.8310661666799537,2.7031003555767916,0.06009137105396379,2.5811083867807065,2.8250923243728767,0,0,0,10.054082983689463,0.3448
799,1369340,2.0,2.637330131502118,0.01912486745953311,2.5998460800723313,2.6748141829319048,2.6503502364068683,0.07866230094018328,2.4912407145459605,2.809459758267776,2.6503502364068683,0.08036974461178702,2.487190980679024,2.8135094921347124,0,0,0,17.659902782235093,0.3765
800,1370340,2.0,2.55807024814307,0.01889003005129835,2.521046469575646,2.595094026710494,2.541696924978345,0.06556941511786141,2.4090702643873256,2.6743235855693643,2.541696924978345,0.0600630711298353,2.419762408082602,2.663631441874088,0,0,0,10.109967784028953,0.3658
801,1371340,2.0,2.533215958974943,0.01864386460411703,2.4966746558182322,2.5697572621316533,2.5183236253165924,0.07375096376198091,2.3691482205712733,2.6674990300619115,2.5183236253165924,0.06594060069928488,2.384457089043384,2.6521901615898007,0,0,0,12.509326200365999,0.3811
802,1372340,2.0,2.616475610281973,0.018669186394351153,2.5798846773283794,2.6530665432355662,2.5876299016653674,0.052074587523728885,2.4822991063164617,2.692960697014273,2.5876299016653674,0.04823781136693951,2.489701938367899,2.6855578649628358,0,0,0,6.676124180725659,0.374
803,1373340,2.0,2.6927736816830934,0.01919095328764804,2.655160104410313,2.730387258955874,2.6661192196110335,0.07340777226458149,2.517637985191338,2.814600454030729,2.6661192196110335,0.06934141873775487,2.5253486556753906,2.8068897835466764,0,0,0,13.055465145174928,0.4053
804,1374340,2.0,2.4943430944049907,0.01869970798487006,2.4576923402332294,2.530993848576752,2.4912019054871535,0.06358800713997699,2.3625830208218894,2.6198207901524175,2.4912019054871535,0.06088836313557996,2.3675919567474266,2.6148118542268803,0,0,0,10.602272171693494,0.3848
805,1375340,2.0,2.492429979278393,0.019153503763241635,2.454889801724687,2.529970156832099,2.481148518312101,0.0695501982739651,2.3404699637765956,2.6218270728476063,2.481148518312101,0.06815000068728065,2.3427966616065863,2.6195003750176156,0,0,0,12.660045496086909,0.3847
806,1376340,2.0,2.5445911686152143,0.019004156964621034,2.507343705408011,2.5818386318224174,2.535595822186836,0.06994413208071902,2.394120461317314,2.6770711830563583,2.535595822186836,0.06821686252574582,2.397108228732956,2.6740834156407165,0,0,0,12.885054645370513,0.3639
807,1377340,2.0,2.5916348319847655,0.018742307692635296,2.5549005839200323,2.6283690800494988,2.5778475065281943,0.059605178670508914,2.457284652844187,2.6984103602122014,2.5778475065281943,0.05245082970391931,2.4713666613029592,2.6843283517534293,0,0,0,7.8317460782620945,0.3971
808,1378340,2.0,2.629029136814413,0.018546684858229873,2.5926783024596682,2.665379971169158,2.609141821792014,0.06234956989441087,2.483027912898392,2.7352557306856364,2.609141821792014,0.060497410521566264,2.486325549053567,2.7319580945304613,0,0,0,10.639984287443786,0.3798
809,1379340,2.0,2.4344836242268273,0.019242052361298247,2.3967698946100486,2.472197353843606,2.42854243287431,0.07252208193153682,2.2818526762492284,2.5752321894993915,2.42854243287431,0.07300515320738592,2.280334092544865,2.576750773203755,0,0,0,14.39475405987343,0.3888
810,1380340,2.0,2.4821331837294127,0.01901110275018391,2.444872107032662,2.5193942604261634,2.4649331902603846,0.0756203844505117,2.3119765252626454,2.617889855258124,2.4649331902603846,0.06360174586711935,2.335814781724982,2.594051598795787,0,0,0,11.19240601413975,0.3814
811,1381340,2.0,2.6028272515208033,0.01871896975829041,2.56613874496686,2.639515758074747,2.592518992487531,0.06502023251579454,2.4610031585591545,2.7240348264159073,2.592518992487531,0.0631180755072946,2.4643824869842685,2.7206554979907933,0,0,0,11.369558795887416,0.3977
812,1382340,2.0,2.618864328826918,0.018822689991829084,2.5819725343507707,2.6557561233030653,2.616964051361014,0.074491893433392,2.466289974896946,2.767638127825082,2.616964051361014,0.07396868237851448,2.4667996428221604,2.7671284598998676,0,0,0,15.443025414391913,0.3724
813,1383340,2.0,2.615635391111476,0.01888771907834374,2.578616141967812,2.6526546402551396,2.612005263985597,0.05879380506508059,2.493083568326047,2.7309269596451466,2.612005263985597,0.059930835050820315,2.490339200602263,2.733671327368931,0,0,0,10.067963410064973,0.3799
814,1384340,2.0,2.558057121953082,0.01897291445167339,2.520870892946043,2.5952433509601214,2.535148539813616,0.06363227825479632,2.406440108366387,2.663856971260845,2.535148539813616,0.050566763027685126,2.4324925532851562,2.6378045263420757,0,0,0,7.10333358430532,0.39
815,1385340,2.0,2.4064752631193476,0.018594608923854648,2.3700304993219854,2.4429200269167097,2.4028809299757783,0.061681185195517504,2.278118956743699,2.5276429032078576,2.4028809299757783,0.06270416361291764,2.2755847102908877,2.530177149660669,0,0,0,11.371523703906613,0.3971
816,1386340,2.0,2.6401481478322872,0.019030875665521415,2.6028483169336054,2.677447978730969,2.603615381154816,0.07814692677052172,2.445548301947304,2.7616824603623282,2.603615381154816,0.06910067055976248,2.4633335620040273,2.743897200305605,0,0,0,13.1839934892996,0.3575
817,1387340,2.0,2.5715044242169762,0.019471545884732558,2.533340895559581,2.6096679528743714,2.5465453112097625,0.08946912085675628,2.36557693282913,2.727513689590395,2.5465453112097625,0.08731770532486186,2.3692809453531334,2.7238096770663915,0,0,0,20.109615339694464,0.3567
818,1388340,2.0,2.6506543109126706,0.019037945039308408,2.613340624295973,2.687967997529368,2.6390036542326576,0.074297192043709,2.48872339850162,2.7892839099636952,2.6390036542326576,0.07228587843365629,2.4922555193239515,2.7857517891413637,0,0,0,14.41673078537426,0.4047
819,1389340,2.0,2.651307998919378,0.019422351642945902,2.6132408892041314,2.6893751086346245,2.624303389809358,0.08583328722230925,2.4506891791078855,2.7979176005108304,2.624303389809358,0.08425382472264828,2.453259032254495,2.7953477473642208,0,0,0,18.818093593806463,0.3797
820,1390340,2.0,2.4678025662123604,0.018978206728257715,2.4306059645338194,2.5049991678909014,2.4401669795162833,0.05870821597018476,2.3214184041418333,2.558915554890733,2.4401669795162833,0.05511802906208726,2.3282714317278073,2.5520625273047592,0,0,0,8.43484318313789,0.3761
821,1391340,2.0,2.562168558325875,0.01877255599898881,2.5253750246700957,2.5989620919816545,2.5665430438069965,0.07135408400810761,2.422215785976257,2.710870301637736,2.5665430438069965,0.07301021108824741,2.4183244354335143,2.7147616521804787,0,0,0,15.125870962160512,0.3726
822,1392340,2.0,2.6512247444875587,0.019095555189150504,2.613798144052027,2.6886513449230907,2.6228094259704187,0.07793393849851844,2.4651731562067623,2.780445695734075,2.6228094259704187,0.07003629497976936,2.480628188266709,2.764990663674128,0,0,0,13.451841673203548,0.3686
823,1393340,2.0,2.5762520559530335,0.018799447752482414,2.5394058154289256,2.6130982964771414,2.57586687603136,0.07532763337051616,2.423502355984959,2.728231396077761,2.57586687603136,0.07707831238439873,2.4193895829636354,2.7323441690990844,0,0,0,16.810251503733408,0.38
824,1394340,2.0,2.517155768618112,0.01928891161601453,2.4793501965497473,2.554961340686477,2.5204536027872404,0.08908979060894316,2.340252492254555,2.700654713319926,2.5204536027872404,0.08347826130504728,2.35098372267531,2.6899234828991707,0,0,0,18.729722533679524,0.3491
825,1395340,2.0,2.417214160371801,0.01901618270195031,2.379943127152545,2.4544851935910574,2.4098783960875254,0.08121122677907006,2.2456131850764542,2.5741436070985966,2.4098783960875254,0.0812367182257574,2.2449590903523764,2.5747977018226744,0,0,0,18.24979786519582,0.4011
826,1396340,2.0,2.5275616587438465,0.018637607746588368,2.4910326188025484,2.5640906986851446,2.518160005310528,0.06627829990676878,2.3840994898936336,2.6522205207274223,2.518160005310528,0.06688701477532057,2.382372146318152,2.653947864302904,0,0,0,12.879627198610574,0.3862
827,1397340,2.0,2.606105616065164,0.018933176621484107,2.5689972717741196,2.6432139603562086,2.591757968762411,0.06278518416942619,2.464762946830077,2.718752990694745,2.591757968762411,0.06334883311465206,2.463153000410948,2.7203629371138742,0,0,0,11.195159013195985,0.3717
828,1398340,2.0,2.5641004801825913,0.018705029512145886,2.5274392960090264,2.600761664356156,2.556539009803354,0.06276465997693556,2.4295855019688117,2.6834925176378963,2.556539009803354,0.06426116298561954,2.4260819133476605,2.6869961062590475,0,0,0,11.802672774871537,0.3713
829,1399340,2.0,2.4597312137265597,0.01883010531370892,2.4228248854865937,2.4966375419665257,2.4547806818542774,0.06773279690230477,2.3177781685712917,2.591783195137263,2.4547806818542774,0.0669739328391586,2.3188163698113957,2.590744993897159,0,0,0,12.650453851587601,0.3767
830,1400340,2.0,2.590076483246859,0.018486673362584062,2.553843269262238,2.6263096972314797,2.573195284004892,0.06706363559175423,2.4375462772287966,2.7088442907809878,2.573195284004892,0.06643969111957954,2.43831554031253,2.7080750276972543,0,0,0,12.916286623462389,0.3961
831,1401340,2.0,2.751355324233586,0.019027450320287173,2.714062206888198,2.788648441578974,2.734234761817021,0.06808226988955181,2.596525372695932,2.8719441509381096,2.734234761817021,0.06719595342680887,2.5978197240189154,2.8706497996151263,0,0,0,12.47168253581642,0.4067
832,1402340,2.0,2.6020190642900234,0.01867406933982742,2.565418560939158,2.638619567640889,2.6050928025634117,0.06186744745335576,2.4799540783536576,2.730231526773166,2.6050928025634117,0.06183295509592884,2.479565230196019,2.7306203749308042,0,0,0,10.963824398993967,0.3658
833,1403340,2.0,2.5264095398421005,0.01912956164629033,2.4889162879753326,2.5639027917088684,2.5128284465745043,0.08322189833220102,2.344496268469739,2.68116062467927,2.5128284465745043,0.08151380322664681,2.34734662838225,2.6783102647667585,0,0,0,18.157342127627757,0.3842
834,1404340,2.0,2.67526307537911,0.01920147983191434,2.6376288664586856,2.712897284299534,2.658657146431328,0.07505505631758846,2.506843965514894,2.8104703273477623,2.658657146431328,0.07120098427735305,2.5141114637506456,2.803202829112011,0,0,0,13.749996692952143,0.3714
835,1405340,2.0,2.480333964073597,0.018394816504438596,2.444280786222674,2.5163871419245196,2.4781135297540646,0.04996170702266545,2.3770564386097823,2.579170620898347,2.4781135297540646,0.05051278331099607,2.37556712787642,2.5806599316317094,0,0,0,7.540700270777104,0.3785
836,1406340,2.0,2.4819666691332483,0.018896151514934553,2.4449308927175646,2.519002445548932,2.479735982358957,0.06950490690730397,2.3391490382595532,2.620322926458361,2.479735982358957,0.06034919621189114,2.3572206006656615,2.6022513640522527,0,0,0,10.199908011735971,0.4263
837,1407340,2.0,2.497169654144671,0.018513283269366496,2.4608842857011246,2.533455022588217,2.4880435684141746,0.0508939824312553,2.385100772265964,2.590986364562385,2.4880435684141746,0.051582328046945174,2.3833258752884614,2.592761261539888,0,0,0,7.763096516586489,0.3556
838,1408340,2.0,2.6725436945956753,0.01913977391077812,2.635030427058311,2.7100569621330397,2.649375500336821,0.06749139088130292,2.5128612768205576,2.785889723853084,2.649375500336821,0.0627500709965191,2.5219860837085157,2.776764916965126,0,0,0,10.748672641468646,0.4055
839,1409340,2.0,2.5276101600412573,0.019081720037491583,2.4902106760046974,2.565009644077817,2.5322406400878763,0.06222333548348623,2.4063820643910274,2.658099215784725,2.5322406400878763,0.06345744050850019,2.4034151870050957,2.661066093170657,0,0,0,11.059361729518587,0.4027
840,1410340,2.0,2.5477424334207175,0.018541111523155074,2.511402522601993,2.584082344239442,2.5435337733367316,0.06800339324162956,2.4059839272951984,2.681083619378265,2.5435337733367316,0.06907937624163085,2.4032951839500085,2.6837723627234547,0,0,0,13.88114473483226,0.3504
841,1411340,2.0,2.641095574452278,0.018692289029719866,2.604459361165414,2.6777317877391424,2.611509844809318,0.06102899801951992,2.4880670446562934,2.7349526449623425,2.611509844809318,0.0533711648751472,2.503160619856325,2.7198590697623106,0,0,0,8.15245458584073,0.3955
842,1412340,2.0,2.638122397822936,0.018580009526178044,2.601706248319216,2.674538547326656,2.640537260819659,0.06155732491781576,2.51602581864664,2.7650487029926776,2.640537260819659,0.06249980370155515,2.513655913811042,2.767418607828276,0,0,0,11.315283564753175,0.3522
843,1413340,2.0,2.5481797273580558,0.018797987693529906,2.51133634849691,2.5850231062192015,2.5563513532509776,0.05269883984815933,2.449757888393634,2.662944818108321,2.5563513532509776,0.05271461069377137,2.449335004146922,2.6633677023550333,0,0,0,7.863923592764091,0.3997
844,1414340,2.0,2.616805147181754,0.018807928175713837,2.579942285333539,2.6536680090299694,2.6082374166520954,0.054861177615018165,2.4972702108276743,2.7192046224765165,2.6082374166520954,0.054604770960481164,2.4973838382049287,2.719090995099262,0,0,0,8.429062311437468,0.376
845,1415340,2.0,2.500483451419789,0.01921827293267783,2.4628163286266798,2.5381505742128985,2.479742211523828,0.07384392999034113,2.3303787648325347,2.6291056582151215,2.479742211523828,0.07401146791329351,2.329490943731605,2.629993479316051,0,0,0,14.830962001100835,0.3645
846,1416340,2.0,2.5818646470832554,0.018641853555723637,2.545327285508967,2.6184020086575437,2.5729518975724956,0.0630815610090624,2.44535739689772,2.7005463982472713,2.5729518975724956,0.06310742232757997,2.444837019173833,2.7010667759711584,0,0,0,11.459949369836599,0.5101
847,1417340,2.0,2.4739556489241297,0.018770674857594618,2.4371658022377325,2.510745495610527,2.460271322713237,0.07723068792146959,2.304057511506288,2.6164851339201864,2.460271322713237,0.07473382522430569,2.308553591616899,2.6119890538095754,0,0,0,15.851656402963451,0.3881
848,1418340,2.0,2.6481219370777027,0.018819215073919527,2.6112369533155073,2.685006920839898,2.6424767242892058,0.061298878440733916,2.5184880394586964,2.766465409119715,2.6424767242892058,0.06303845332452021,2.514501860410458,2.7704515881679534,0,0,0,11.220393472220072,0.3644
849,1419340,2.0,2.5480897959936453,0.01916027029801111,2.510536356275491,2.5856432357117995,2.5431777199986096,0.08380018214550859,2.3736758524754626,2.7126795875217566,2.5431777199986096,0.08390611448571053,2.3728392517524877,2.7135161882447316,0,0,0,19.17714524995957,0.3695
850,1420340,2.0,2.499420807794104,0.018886903441200996,2.4624031572698644,2.5364384583183432,2.4921004919438428,0.06945184660939305,2.3516208724272376,2.632580111460448,2.4921004919438428,0.07088295973279217,2.3482004334124515,2.636000550475234,0,0,0,14.085172386253474,0.3934
851,1421340,2.0,2.5394520286640043,0.019132753818350993,2.501952520254965,2.5769515370730436,2.538051740394378,0.07206513037071145,2.392286255542275,2.6838172252464814,2.538051740394378,0.07195755162383582,2.3919701443453456,2.6841333364434106,0,0,0,14.14483184639148,0.3857
852,1422340,2.0,2.537635760906589,0.018923216279818557,2.5005469385264827,2.5747245832866956,2.5154837202845863,0.07448021191803857,2.364833271915556,2.666134168653617,2.5154837202845863,0.07414435312447022,2.3649626811716065,2.666004759397566,0,0,0,15.352045710523214,0.4623
853,1423340,2.0,2.753191430493472,0.018756648313024232,2.716429075329261,2.7899537856576835,2.735323057659027,0.05150336273341308,2.631147673506793,2.839498441811261,2.735323057659027,0.0483119295837329,2.6372446263820186,2.8334014889360355,0,0,0,6.63434873130525,0.4108
854,1424340,2.0,2.6194268027388516,0.018863151880607325,2.5824557044179524,2.656397901059751,2.6318890019436347,0.0722294896074782,2.485791069155699,2.7779869347315707,2.6318890019436347,0.07251594217843105,2.4846738128026584,2.779104191084611,0,0,0,14.778775939735757,0.4179
855,1425340,2.0,2.7010542361431673,0.01920609750028505,2.6634109767590437,2.738697495527291,2.694523564639007,0.07313723008056154,2.5465895534384155,2.8424575758395982,2.694523564639007,0.07340965743490277,2.5454940370702692,2.8435530922077445,0,0,0,14.609257246788328,0.4173
856,1426340,2.0,2.622184471108606,0.019084324207241515,2.5847798829931268,2.6595890592240856,2.6136367007558894,0.07745753067368648,2.4569640567737547,2.770309344738024,2.6136367007558894,0.07495803319523493,2.4614638032801905,2.7658095982315882,0,0,0,15.427046684395492,0.4593
857,1427340,2.0,2.5956769843439536,0.01917428906088744,2.5580960683554537,2.6332579003324534,2.5749320423546602,0.07757354750090392,2.4180247321895414,2.731839352519779,2.5749320423546602,0.0742944162937161,2.4241063588120557,2.7257577258972647,0,0,0,15.013218640389626,0.3632
858,1428340,2.0,2.5382287099005625,0.019218406846096794,2.500561324641975,2.57589609515915,2.524237509894381,0.0676593717129758,2.3873835130751524,2.661091506713609,2.524237509894381,0.06677216203221445,2.3886828143663656,2.659792205422396,0,0,0,12.071357478177557,0.374
859,1429340,2.0,2.554553345265588,0.018731595984141636,2.5178400917637154,2.5912665987674606,2.552822692424732,0.06300064579236414,2.425391858224065,2.6802535266253993,2.552822692424732,0.06467311871917701,2.4215292813682554,2.684116103481209,0,0,0,11.920598058964373,0.4043
860,1430340,2.0,2.6046410927014096,0.01888887947134255,2.5676195692292603,2.641662616173559,2.5983057214176744,0.06430909068542245,2.4682283076124496,2.728383135222899,2.5983057214176744,0.06464867454551686,2.4670619346719445,2.7295495081634042,0,0,0,11.71404423292378,0.3989
861,1431340,2.0,2.587025907041083,0.018624073128769878,2.5505233944632537,2.623528419618912,2.5687985960537363,0.0515826879395884,2.464462761527241,2.6731344305802316,2.5687985960537363,0.04837885765499264,2.470584293568641,2.6670128985388315,0,0,0,6.74779503268905,0.3835
862,1432340,2.0,2.5198550581676527,0.018399991738134724,2.483791737045074,2.5559183792902314,2.505112179988249,0.05956452959127477,2.3846315468277166,2.625592813148782,2.505112179988249,0.05467915999588538,2.3941075837705332,2.616116776205965,0,0,0,8.830970057873088,0.3529
863,1433340,2.0,2.538549688695387,0.018708740451471615,2.501881231214395,2.575218146176379,2.5476229778417974,0.05345780996210677,2.439494351026393,2.6557516046572016,2.5476229778417974,0.05045889792822226,2.4451859691069386,2.650059986576656,0,0,0,7.274219833867863,0.3403
864,1434340,2.0,2.6234567297016937,0.019110654230334773,2.5860005356892395,2.660912923714148,2.601726653051991,0.06430416568721693,2.471659200995918,2.731794105108064,2.601726653051991,0.060615967328704445,2.4786696971994244,2.7247836089045574,0,0,0,10.060578882453196,0.4172
865,1435340,2.0,2.440511792030289,0.019152985393297274,2.4029726304630046,2.478050953597573,2.4249774600482628,0.0632379057761313,2.2970667222327417,2.552888197863784,2.4249774600482628,0.06315574534675968,2.2967644807052463,2.553190439391279,0,0,0,10.873084795062951,0.3768
866,1436340,2.0,2.523347544097173,0.018843968864301966,2.486414043797347,2.5602810443969988,2.5130954044873173,0.05059770807356551,2.4107518797922456,2.615438929182389,2.5130954044873173,0.04933529546078294,2.412939430029809,2.6132513789448257,0,0,0,6.85441998326247,0.3913
867,1437340,2.0,2.5417525646108245,0.01870912609768307,2.5050833512771473,2.578421777944502,2.5491155076501064,0.06935716323102373,2.4088274033432073,2.6894036119570055,2.5491155076501064,0.06334495905782404,2.4205184040521246,2.6777126112480882,0,0,0,11.463496833754657,0.3834
868,1438340,2.0,2.6834224399862663,0.018804006465639206,2.646567264548555,2.7202776154239774,2.6620033288039155,0.06260672865398774,2.5353692672222894,2.7886373903855417,2.6620033288039155,0.05710210341404173,2.5460798959432984,2.7779267616645327,0,0,0,9.221539454848282,0.3484
869,1439340,2.0,2.6706054487295865,0.01907119910113858,2.6332265853493624,2.7079843121098106,2.667567357766703,0.0754824624176726,2.5148896664124605,2.8202450491209454,2.667567357766703,0.07480913106418842,2.515696747687775,2.819437967845631,0,0,0,15.386974010781403,0.3731
870,1440340,2.0,2.5996101552828037,0.01843313059582249,2.5634818831926682,2.635738427372939,2.60710668587946,0.047361963587935096,2.511308072175032,2.702905299583888,2.60710668587946,0.04777858235538963,2.5101110070392214,2.7041023647196982,0,0,0,6.71843808471334,0.4049
871,1441340,2.0,2.4875270848095674,0.019149407484590562,2.4499949358144884,2.5250592338046465,2.4677258926079464,0.07280292027897617,2.320468086807501,2.6149836984083916,2.4677258926079464,0.07051405099446313,2.3245747586310377,2.610877026584855,0,0,0,13.559405520772591,0.3811
872,1442340,2.0,2.4691177186296485,0.019518018186291484,2.4308631059349195,2.5073723313243774,2.4628946188895706,0.07374430644310366,2.3137326798426967,2.6120565579364445,2.4628946188895706,0.07011373026299672,2.320556179203455,2.605233058575686,0,0,0,12.904307706391386,0.3313
873,1443340,2.0,2.580478145136936,0.019012241126810596,2.543214837262996,2.617741453010876,2.555641780761463,0.08083013286899486,2.392147404941982,2.719136156580944,2.555641780761463,0.07208083542233928,2.409309905295664,2.701973656227262,0,0,0,14.373846267268645,0.3861
874,1444340,2.0,2.550541048027272,0.018741784848587646,2.5138078247180418,2.587274271336502,2.5408007341778385,0.07209127885762495,2.3949823590186825,2.6866191093369944,2.5408007341778385,0.06730758106577626,2.4041590802248534,2.6774423881308236,0,0,0,12.897515840553398,0.4063
875,1445340,2.0,2.4925265635608027,0.018501166644036754,2.456264943266517,2.5287881838550885,2.485237383994703,0.060769554017182585,2.362319358869464,2.6081554091199415,2.485237383994703,0.06124441267883989,2.3609046162543543,2.6095701517350514,0,0,0,10.958086353764186,0.3446
876,1446340,2.0,2.57531550583842,0.019301053088430106,2.5374861369214012,2.6131448747554384,2.5626480356370704,0.08183951001954229,2.3971120018202847,2.728184069453856,2.5626480356370704,0.07670888824158435,2.4069207134505604,2.7183753578235805,0,0,0,15.795354100843777,0.3824
877,1447340,2.0,2.6475383323387076,0.01901547090417641,2.6102686942174524,2.684807970459963,2.6370870418455254,0.07388809058246344,2.487634271925523,2.786539811765528,2.6370870418455254,0.07024152751192173,2.4944891599511587,2.779684923739892,0,0,0,13.645005815368195,0.4002
878,1448340,2.0,2.568510128101471,0.019161422031439525,2.5309544310272774,2.6060658251756648,2.558426312295687,0.07054039925079988,2.415744887235326,2.7011077373560477,2.558426312295687,0.07135422435042045,2.4135695357277447,2.7032830888636292,0,0,0,13.867044409647963,0.373
879,1449340,2.0,2.5243535922183513,0.019577668464590116,2.485982067126489,2.5627251173102135,2.5107056381746884,0.07680331823742917,2.355356263747147,2.66605501260223,2.5107056381746884,0.07214726490927545,2.3642389036807905,2.6571723726685863,0,0,0,13.580563919155782,0.3499
880,1450340,2.0,2.4978972508508677,0.018855788703768257,2.4609405840913845,2.534853917610351,2.504473779256589,0.07052213072508333,2.3618293057773174,2.6471182527358605,2.504473779256589,0.06838793112426012,2.3656388980845904,2.6433086604285876,0,0,0,13.154354012580985,0.4204
881,1451340,2.0,2.5165656221349546,0.018951536499555513,2.4794212931441297,2.5537099511257795,2.5216968594230575,0.057626084066686706,2.4051371024240953,2.63825661642202,2.5216968594230575,0.05828816737497685,2.4033655887119343,2.640028130134181,0,0,0,9.459582070875618,0.3796
882,1452340,2.0,2.6029795849083075,0.018945239935385418,2.5658475969564822,2.6401115728601328,2.595807605079423,0.06844441343021661,2.457365711506882,2.7342494986519643,2.595807605079423,0.06936959755684358,2.4549798350997394,2.736635375059107,0,0,0,13.40720130601261,0.3716
883,1453340,2.0,2.5450201451414722,0.0187820328472893,2.5082080372043367,2.5818322530786078,2.554157922734774,0.06644533195652103,2.4197595531074905,2.6885562923620574,2.554157922734774,0.06407137097766237,2.4240861245391527,2.684229720930395,0,0,0,11.637048450266729,0.3787
884,1454340,2.0,2.5809347214239193,0.01872730396987327,2.544229880115434,2.6176395627324047,2.5735395580066687,0.061474234517102,2.449196182032716,2.697882933980621,2.5735395580066687,0.062374781598239615,2.446912019361199,2.7001670966521383,0,0,0,11.093473658410176,0.3558
885,1455340,2.0,2.578045261587206,0.018989053769635944,2.540827400098225,2.615263123076187,2.552796892722335,0.0638239063800091,2.423700856806214,2.681892928638456,2.552796892722335,0.05933434804605578,2.432341762336472,2.673252023108198,0,0,0,9.76350383254317,0.421
886,1456340,2.0,2.4649936709807405,0.019206105933955418,2.427350395066927,2.502636946894554,2.4279699329393605,0.0671776958999256,2.29209021741359,2.5638496484651307,2.4279699329393605,0.05943072492402453,2.307319147089433,2.5486207187892878,0,0,0,9.575102143733314,0.4477
887,1457340,2.0,2.5755776635621497,0.019094252290883774,2.538153616760296,2.6130017103640033,2.566127523264713,0.07448166063767571,2.415474144583627,2.7167809019457994,2.566127523264713,0.07273851146448808,2.4184604944515273,2.713794552077899,0,0,0,14.511874219087828,0.4054
888,1458340,2.0,2.676148673572569,0.018734815543812112,2.639429109849696,2.712868237295442,2.6597522340962585,0.07338189296040326,2.5113233455101414,2.8081811226823756,2.6597522340962585,0.07374793838380035,2.5100359596911876,2.8094685085013293,0,0,0,15.495333407456318,0.3913
889,1459340,2.0,2.5356559417488236,0.018327564226613892,2.4997345759403156,2.5715773075573316,2.5344092181345443,0.056688921746042904,2.419745050852149,2.6490733854169397,2.5344092181345443,0.05753420772987259,2.417608566876528,2.6512098693925608,0,0,0,9.854685613857677,0.3695
890,1460340,2.0,2.589062982165801,0.01910857138567457,2.551610870453866,2.6265150938777357,2.558345316840912,0.08213299775280852,2.3922156480509065,2.724474985630917,2.558345316840912,0.07293742933176126,2.4102744632883044,2.7064161703935192,0,0,0,14.569493934961944,0.3335
891,1461340,2.0,2.4376353557601798,0.019112051304780057,2.400176423532129,2.4750942879882305,2.424188809710528,0.0710758573497095,2.2804243184154425,2.5679533010056135,2.424188809710528,0.07147740949167565,2.279081954010681,2.569295665410375,0,0,0,13.98694938856356,0.4405
892,1462340,2.0,2.5132812052184526,0.018629258423785395,2.476768529649144,2.549793880787761,2.4924083367317826,0.0682056214016272,2.3544494456272465,2.630367227836319,2.4924083367317826,0.06785016031814178,2.3546651883368663,2.630151485126699,0,0,0,13.26510285668927,0.5191
893,1463340,2.0,2.7025497607513103,0.01892646574837895,2.6654545695298566,2.739644951972764,2.66427591540379,0.07170264364166411,2.5192436291671645,2.8093082016404156,2.66427591540379,0.062303172213097995,2.5377937515388336,2.7907580792687465,0,0,0,10.83630631709024,0.3712
894,1464340,2.0,2.616144926139688,0.01894874165566379,2.579006074942233,2.6532837773371427,2.594158895185176,0.08006671686928277,2.4322086739765236,2.7561091163938283,2.594158895185176,0.07517763013684345,2.4415401922172983,2.7467775981530536,0,0,0,15.7404271168212,0.4282
895,1465340,2.0,2.5496086732066825,0.01915023722443299,2.5120748979513956,2.5871424484619694,2.53207418318922,0.062030920831284586,2.4066048028622613,2.6575435635161786,2.53207418318922,0.06176309617791751,2.4066884319651414,2.6574599344132985,0,0,0,10.40183119667726,0.4148
896,1466340,2.0,2.5880791705857105,0.01916032236457012,2.5505256288189755,2.6256327123524454,2.5675113886214342,0.07014736853474064,2.425624943221742,2.7093978340211264,2.5675113886214342,0.06321406809144507,2.4391800078120345,2.695842769430834,0,0,0,10.884835162028445,0.3345
897,1467340,2.0,2.6672620883233424,0.01894785384594622,2.630124977200959,2.7043991994457257,2.651219457873589,0.0615865361353315,2.526648930436138,2.77578998531104,2.651219457873589,0.0589144394618694,2.5316167872336233,2.770822128513555,0,0,0,9.667706285658534,0.3894
898,1468340,2.0,2.585091760346365,0.018635945770035394,2.548565977819254,2.6216175428734756,2.555371998595314,0.06438572665127257,2.425139573917816,2.685604423272812,2.555371998595314,0.059572766384348226,2.434432853250643,2.676311143939985,0,0,0,10.218629659410867,0.3918
899,1469340,2.0,2.628008559254108,0.01926514735065891,2.5902495642899592,2.6657675542182564,2.626729570024101,0.07299750123668687,2.479078187087282,2.77438095296092,2.626729570024101,0.06920965477522924,2.486226501153439,2.767232638894763,0,0,0,12.905911886895234,0.3684
900,1470340,2.0,2.4946141958758496,0.01888947770575922,2.4575914998857895,2.53163689186591,2.4737059999095794,0.06418248165974097,2.3438846770309953,2.6035273227881635,2.4737059999095794,0.055066754961532405,2.361914544079154,2.585497455740005,0,0,0,8.498437201101348,0.3313
901,1471340,2.0,2.586460528573267,0.01961213751720227,2.548021445379704,2.62489961176683,2.5587399244339117,0.09286760801056855,2.3708974569454018,2.7465823919224217,2.5587399244339117,0.09223713422555083,2.37148858696353,2.7459912619042934,0,0,0,22.118809216113007,0.3753
902,1472340,2.0,2.4780605311844504,0.01896781346985707,2.4408842999180567,2.515236762450844,2.4613057248060164,0.07627736896693632,2.3070201831923005,2.6155912664197323,2.4613057248060164,0.0764411273397725,2.3061219861491504,2.6164894634628824,0,0,0,16.241256542439118,0.3836
903,1473340,2.0,2.7046296135872385,0.019084728955026473,2.667224232180678,2.742034994993799,2.7209267877299483,0.07905283063999904,2.5610273449912184,2.8808262304686783,2.7209267877299483,0.07666053881160259,2.565297620104571,2.8765559553553257,0,0,0,16.135102995123162,0.3754
904,1474340,2.0,2.555465929177693,0.018699190618586346,2.5188161890252143,2.5921156693301715,2.5502763131001744,0.06566899571941871,2.417448231730573,2.6831043944697757,2.5502763131001744,0.06356169007835723,2.42123922213911,2.6793134040612387,0,0,0,11.554342983794324,0.398
905,1475340,2.0,2.521522428622953,0.018629744467192504,2.4850088004260718,2.5580360568198346,2.5202597788542875,0.06035363956775133,2.3981830201094256,2.6423365375991494,2.5202597788542875,0.05890122643724695,2.400683932080364,2.639835625628211,0,0,0,9.996198682454137,0.3942
906,1476340,2.0,2.6567184015300698,0.018938738744976775,2.619599155677302,2.6938376473828374,2.6394586164748643,0.06829127880047939,2.501326466927436,2.7775907660222927,2.6394586164748643,0.06698257074329353,2.503476768554315,2.775440464395414,0,0,0,12.508969011912134,0.3767
907,1477340,2.0,2.5105286121425285,0.01898324741514766,2.473322130899226,2.547735093385831,2.504840089181134,0.07536833639928964,2.352393239488015,2.6572869388742535,2.504840089181134,0.06739706465595627,2.3680167738822764,2.641663404479992,0,0,0,12.60494479819889,0.3962
908,1478340,2.0,2.612221638575366,0.01934289539130665,2.574310260251679,2.6501330168990527,2.607624014341388,0.08058702710568001,2.444621366341973,2.770626662340803,2.607624014341388,0.0832279936430752,2.438662204594212,2.776585824088564,0,0,0,18.5138134966532,0.4288
909,1479340,2.0,2.547621304427335,0.01852984187604427,2.511303481711066,2.5839391271436036,2.5447017055810264,0.06227922580074179,2.418730081046947,2.6706733301151058,2.5447017055810264,0.059676247986570674,2.4235524814152556,2.665850929746797,0,0,0,10.371930390946906,0.3773
910,1480340,2.0,2.656919524061321,0.019534517663536973,2.618632572985427,2.6952064751372147,2.630361763391712,0.09804752688750189,2.4320419210243016,2.828681605759122,2.630361763391712,0.09414451607069246,2.4392382349153072,2.8214852918681164,0,0,0,23.226548091405594,0.393
911,1481340,2.0,2.652476171795378,0.019207974772778028,2.6148292330247793,2.6901231105659766,2.6434698437562423,0.07174759087645514,2.4983466431559243,2.7885930443565603,2.6434698437562423,0.06923763137907582,2.5029099793603056,2.784029708152179,0,0,0,12.993353411103177,0.3941
912,1482340,2.0,2.6618036434712984,0.018764814025178028,2.6250252838053574,2.6985820031372394,2.644660085789723,0.07273130472166986,2.4975471361267747,2.791773035452671,2.644660085789723,0.07149831787008147,2.4995107838251074,2.7898093877543384,0,0,0,14.517877233118263,0.3965
913,1483340,2.0,2.5819687246266647,0.019121224673481606,2.544491812926342,2.6194456363269873,2.5717228261318503,0.058263057586389055,2.4538746685782824,2.6895709836854182,2.5717228261318503,0.058455612819811556,2.4530516230956185,2.690394029168082,0,0,0,9.345897780534811,0.3967
914,1484340,2.0,2.5343125537817266,0.01883394701106743,2.4973986959532986,2.5712264116101546,2.5289397795296678,0.06542542318737163,2.3966043701090087,2.6612751889503268,2.5289397795296678,0.06688281052233658,2.393160455624607,2.6647191034347286,0,0,0,12.610907515175846,0.397
915,1485340,2.0,2.5540053825194335,0.018994866096919617,2.5167761290783104,2.5912346359605567,2.546068930213989,0.06575303028337023,2.413070872894914,2.679066987533064,2.546068930213989,0.0674068892149789,2.4092256699999677,2.68291219042801,0,0,0,12.593199911077408,0.4847
916,1486340,2.0,2.5648726238073225,0.019507286746697966,2.526639044347699,2.603106203266946,2.5402872760417505,0.0865830221449619,2.3651565833197945,2.7154179687637066,2.5402872760417505,0.0878363473747923,2.3619700108476334,2.7186045412358677,0,0,0,20.27471692646167,0.353
917,1487340,2.0,2.5245246512192954,0.018842607744380967,2.487593818665493,2.5614554837730976,2.5118260574171827,0.05979241274680431,2.3908844870671313,2.632767627767234,2.5118260574171827,0.058754171835336565,2.392548747356483,2.6311033674778823,0,0,0,9.722890698071799,0.3573
918,1488340,2.0,2.544950352784041,0.018718504036275247,2.508262759028474,2.581637946539608,2.5363949765466822,0.053211811284321626,2.4287639290231753,2.644026024070189,2.5363949765466822,0.052210111228179416,2.430402815807523,2.6423871372858416,0,0,0,7.779773659142904,0.4202
919,1489340,2.0,2.497709303341017,0.019873977755366645,2.4587570227109485,2.5366615839710858,2.4767844723954267,0.08945354044132564,2.295847608379616,2.657721336411237,2.4767844723954267,0.0873541375658509,2.2994461451575217,2.6541227996333316,0,0,0,19.319565815284605,0.392
920,1490340,2.0,2.588670725570099,0.019337035588665757,2.550770832248545,2.626570618891653,2.572349754390095,0.07154631865208087,2.427633665290474,2.7170658434897157,2.572349754390095,0.0697318059591175,2.430786662261276,2.7139128465189137,0,0,0,13.00415187406336,0.3968
921,1491340,2.0,2.5114670494537896,0.01845500914997818,2.475295896185475,2.547638202722104,2.4992798681301243,0.0667423570563419,2.3642807085304103,2.6342790277298382,2.4992798681301243,0.0682223010749485,2.3607812338343894,2.637778502425859,0,0,0,13.665458185858423,0.357
922,1492340,2.0,2.537280386960663,0.019314632641759373,2.499424402608193,2.575136371313133,2.5224244672036957,0.07308533715525378,2.3745954193519387,2.6702535150554527,2.5224244672036957,0.06804646555699866,2.384282797987019,2.6605661364203725,0,0,0,12.4118991883941,0.3438
923,1493340,2.0,2.563457943852426,0.019049509270451136,2.52612159175918,2.600794295945672,2.5673967944663936,0.0722926608260379,2.4211710858282696,2.7136225031045176,2.5673967944663936,0.06314466227601999,2.439206314953155,2.695587273979632,0,0,0,10.98767246181849,0.3565
924,1494340,2.0,2.609527679853905,0.019215288914469875,2.5718664056290126,2.6471889540787976,2.5941766990102435,0.07087865229118566,2.4508110925964197,2.7375423054240673,2.5941766990102435,0.06770146180384438,2.4567354246481212,2.731617973372366,0,0,0,12.413728838487494,0.4135
925,1495340,2.0,2.484828339580371,0.018654252728524928,2.4482666760739544,2.521390003086788,2.479013257462762,0.05777600605006487,2.3621502546293067,2.595876260296217,2.479013257462762,0.05662297327504983,2.364062510495976,2.593964004429548,0,0,0,9.213605822809345,0.3624
926,1496340,2.0,2.5687558016733956,0.01906932090466761,2.5313806194906103,2.606130983856181,2.5572418312506535,0.07137430967016005,2.4128736631569287,2.7016099993443783,2.5572418312506535,0.07235185345407659,2.410359759929926,2.7041239025713812,0,0,0,14.395570061573029,0.3788
927,1497340,2.0,2.5461401261978853,0.018681560857213148,2.509524939742754,2.5827553126530165,2.5330193084484836,0.05995182084880324,2.4117553047779388,2.6542833121190283,2.5330193084484836,0.05834786069236338,2.41456685386047,2.651471763036497,0,0,0,9.754916510752935,0.4238
928,1498340,2.0,2.5680030737126143,0.018618620966730188,2.5315112471760206,2.604494900249208,2.5672382098429574,0.07117769212214244,2.423267738278328,2.711208681407587,2.5672382098429574,0.07035147354027317,2.4244171256447546,2.71005929404116,0,0,0,14.277473907597074,0.3727
929,1499340,2.0,2.569601052130229,0.019111679203232285,2.5321428492078106,2.6070592550526475,2.5529791650334976,0.0811182457306151,2.388902025944872,2.7170563041221234,2.5529791650334976,0.08155518438182525,2.3874133386300356,2.7185449914369597,0,0,0,18.209811652601985,0.3666
930,1500340,2.0,2.419807750150494,0.019069108137337493,2.382432984984013,2.4571825153169753,2.413529734213086,0.07043444579644546,2.271062620242794,2.5559968481833777,2.413529734213086,0.07094380061943965,2.26950616211535,2.557553306310822,0,0,0,13.841021353856153,0.3442
931,1501340,2.0,2.666089182737763,0.018753883162250264,2.62933224716948,2.702846118306046,2.672014920095427,0.05195434338428698,2.566927341475558,2.777102498715296,2.672014920095427,0.05284903030504437,2.5647256846728137,2.77930415551804,0,0,0,7.941300575257848,0.4115
932,1502340,2.0,2.631229802713831,0.01909909954237409,2.5937962554736322,2.6686633499540293,2.597409177093302,0.07649302299457993,2.442687434036002,2.752130920150602,2.597409177093302,0.06751311441143636,2.4603502682657727,2.7344680859208315,0,0,0,12.495409714706934,0.3529
933,1503340,2.0,2.577661654111207,0.018912035495415126,2.54059474566585,2.614728562556564,2.5705038942494305,0.0723454629484573,2.42417138323773,2.716836405261131,2.5705038942494305,0.07301024945257194,2.422285207992229,2.718722580506632,0,0,0,14.903597597684035,0.4143
934,1504340,2.0,2.7132551342618743,0.019127822544587218,2.67576529097181,2.7507449775519386,2.685217605602723,0.06974335327807664,2.5441483581942412,2.8262868530112044,2.685217605602723,0.06794562875895553,2.5472806459692126,2.823154565236233,0,0,0,12.618042205804663,0.3766
935,1505340,2.0,2.4635747422140253,0.01849929397932996,2.42731679227512,2.4998326921529306,2.438676018323532,0.053458066806075545,2.3305468719921647,2.5468051646548995,2.438676018323532,0.049447755570550166,2.338291737705573,2.539060298941491,0,0,0,7.144681274600281,0.3468
936,1506340,2.0,2.6317657787960678,0.019390178656665272,2.5937617269752065,2.669769830616929,2.6157593019198355,0.07615737528592995,2.461716470435153,2.769802133404518,2.6157593019198355,0.06733825210727828,2.4790553824423296,2.7524632213973415,0,0,0,12.0603540493068,0.4029
937,1507340,2.0,2.497445247990332,0.018918651609229523,2.4603653722001817,2.5345251237804827,2.4842155758200213,0.07306865383785825,2.3364202731628763,2.6320108784771663,2.4842155758200213,0.07041199636712359,2.3412716237511892,2.6271595278888533,0,0,0,13.852015105507599,0.3732
938,1508340,2.0,2.787468912625248,0.01904720190996699,2.75013708287545,2.8248007423750456,2.7685183802270896,0.07422422559676703,2.6183857130657486,2.9186510473884306,2.7685183802270896,0.0709316578180478,2.6245194593267303,2.912517301127449,0,0,0,13.868128257537967,0.388
939,1509340,2.0,2.5075042570203547,0.019089823767332717,2.470088889965166,2.5449196240755434,2.4955201436920786,0.05977069426987998,2.374622503108099,2.616417784276058,2.4955201436920786,0.06016639652613134,2.3733758650901255,2.6176644222940317,0,0,0,9.933542745747882,0.3979
940,1510340,2.0,2.4994332218464965,0.018756221127715803,2.4626717039501043,2.536194739742889,2.4786534865252885,0.07501468821699817,2.3269219577993776,2.6303850152511994,2.4786534865252885,0.0702706443378052,2.3359964943318503,2.6213104787187267,0,0,0,14.036446770074985,0.3663
941,1511340,2.0,2.5319603576356613,0.019224048015049965,2.4942819158890948,2.569638799382228,2.511579889199591,0.07330923226055903,2.3632979707512924,2.6598618076478897,2.511579889199591,0.0737390364160595,2.361881686749808,2.661278091649374,0,0,0,14.71313538826872,0.4026
942,1512340,2.0,2.476346234216132,0.019337470071388755,2.438445489324089,2.5142469791081754,2.454862547130964,0.07974297033273983,2.2935671651021705,2.6161579291597574,2.454862547130964,0.07711205646713845,2.298316749933338,2.61140834432859,0,0,0,15.901762451851475,0.3642
943,1513340,2.0,2.58228531751658,0.018481895094823442,2.5460614687646785,2.618509166268481,2.5708353115180613,0.07255559214447704,2.424077774089537,2.7175928489465857,2.5708353115180613,0.06849196768935686,2.431789224890432,2.709881398145691,0,0,0,13.733659783013263,0.3909
944,1514340,2.0,2.5391969114789887,0.019173222034486594,2.501618086823805,2.5767757361341723,2.521594721544516,0.07720721484964874,2.365428389106804,2.677761053982228,2.521594721544516,0.07789629360213794,2.3634568383214996,2.6797326047675325,0,0,0,16.506058675271625,0.3701
945,1515340,2.0,2.6850567161581087,0.018876405253764612,2.6480596417031474,2.72205379061307,2.6853420375739523,0.0613021250653895,2.561346785825231,2.8093372893226736,2.6853420375739523,0.06039251487236694,2.5627387143245834,2.807945360823321,0,0,0,10.23593795496049,0.4357
946,1516340,2.0,2.5420939519405406,0.019707340033894263,2.5034682752430233,2.580719628638058,2.5376944732308258,0.0752308292136839,2.385525758073471,2.6898631883881805,2.5376944732308258,0.07373244174626571,2.388009658672475,2.6873792877891765,0,0,0,13.997846045862737,0.4101
947,1517340,2.0,2.627039516022316,0.018841499526145968,2.5901108555363415,2.6639681765082903,2.6080531731216303,0.07840352886160117,2.4494670671944294,2.7666392790488312,2.6080531731216303,0.06744863681390058,2.4711251607760527,2.744981185467208,0,0,0,12.81490602942309,0.36
948,1518340,2.0,2.615687974953038,0.018703535781873226,2.5790297184370106,2.652346231469066,2.612963980876737,0.06825962664316611,2.4748958538605055,2.7510321078929683,2.612963980876737,0.06766684910059285,2.475592974037904,2.75033498771557,0,0,0,13.088940047314578,0.357
949,1519340,2.0,2.597658516590445,0.019620572281931408,2.5592029015617945,2.6361141316190957,2.5604035347124987,0.09430643096002606,2.3696507731085803,2.751156296316417,2.5604035347124987,0.07656456040946034,2.404969213602251,2.7158378558227465,0,0,0,15.227627545379786,0.3722
950,1520340,2.0,2.5698123746160455,0.01898867465000235,2.5325952561878924,2.6070294930441986,2.565706717582505,0.06000294205493619,2.444339311512494,2.687074123652516,2.565706717582505,0.05968436136330618,2.4445410223862987,2.6868724127787114,0,0,0,9.879427887429532,0.3855
951,1521340,2.0,2.611388099249933,0.018857515015242805,2.5744280489821336,2.6483481495177323,2.575441821873473,0.07964456978555508,2.4143454737379964,2.7365381700089495,2.575441821873473,0.06831087160980141,2.436763379832724,2.714120263914222,0,0,0,13.122323168139586,0.3624
952,1522340,2.0,2.5844093267199115,0.019265534776199005,2.5466495724156575,2.6221690810241656,2.5605806584791697,0.07554588255297871,2.407774687793096,2.7133866291652433,2.5605806584791697,0.06424485938487681,2.430156660092603,2.6910046568657364,0,0,0,11.12025198083193,0.3907
953,1523340,2.0,2.553319603036333,0.018822205638600487,2.5164287578750693,2.5902104481975967,2.535774745736362,0.05920363837491177,2.416024083962288,2.655525407510436,2.535774745736362,0.0586457633188244,2.4167175166645234,2.6548319748082005,0,0,0,9.708055686503345,0.3833
954,1524340,2.0,2.667969836777404,0.01922220880191493,2.630294999822342,2.705644673732466,2.654239489132686,0.06832155151020713,2.5160461072501663,2.7924328710152055,2.654239489132686,0.06977203751322077,2.512594722606916,2.7958842556584558,0,0,0,13.17517007984366,0.3802
955,1525340,2.0,2.605780713792288,0.01902875383133947,2.5684850416121843,2.643076385972392,2.6151187307101895,0.06258757619226521,2.4885234086389856,2.7417140527813935,2.6151187307101895,0.06152604826375472,2.490214212336028,2.7400232490843512,0,0,0,10.454357517516662,0.3598
956,1526340,2.0,2.6952820921054945,0.019177383706839378,2.657695110722384,2.732869073488605,2.687702119239617,0.07498253901028923,2.536035618422203,2.8393686200570314,2.687702119239617,0.0752396677744155,2.5349574731718545,2.8404467653073797,0,0,0,15.392707713509257,0.3982
957,1527340,2.0,2.6385583685951137,0.018975345466609384,2.6013673748863537,2.6757493623038737,2.6271209596050697,0.07766307110967936,2.470032570849352,2.7842093483607875,2.6271209596050697,0.0791135718172372,2.4665118702266935,2.787730048983446,0,0,0,17.382914821033545,0.3594
958,1528340,2.0,2.5958687845155883,0.01918352586790745,2.558269764717997,2.6334678043131796,2.594817227998777,0.07726740072653245,2.438529158134378,2.7511052978631763,2.594817227998777,0.07560596722073276,2.441328954520932,2.7483055014766222,0,0,0,15.532997889212853,0.4074
959,1529340,2.0,2.5970712022593156,0.018915423698436712,2.559997653058064,2.634144751460567,2.585138131302924,0.07335574245780259,2.4367621371009713,2.7335141255048763,2.585138131302924,0.07439383414173588,2.4341106187988446,2.736165643807003,0,0,0,15.468269737365997,0.3956
960,1530340,2.0,2.5192866890179726,0.0192489686415511,2.4815594037409916,2.5570139742949536,2.5170439869220296,0.07670210071477561,2.3618993442585077,2.6721886295855515,2.5170439869220296,0.07558930748868554,2.363589534498296,2.670498439345763,0,0,0,15.420760889186575,0.4139
961,1531340,2.0,2.527027563110935,0.018949811717711786,2.489886614630405,2.564168511591465,2.501931492079585,0.06644875124792822,2.3675262062826192,2.6363367778765507,2.501931492079585,0.06508256243025813,2.36980686609907,2.6340561180601,0,0,0,11.795585116146677,0.4088
962,1532340,2.0,2.4552437152276116,0.019240424931613917,2.417533175314402,2.4929542551408215,2.435557850529771,0.07597383942511449,2.281886255364261,2.5892294456952807,2.435557850529771,0.07558845314280417,2.2821051325203845,2.589010568539157,0,0,0,15.434110213344596,0.4026
963,1533340,2.0,2.54006458263734,0.018803473240396,2.503210452301901,2.5769187129727786,2.514632383516497,0.06286353735368444,2.3874788773098077,2.6417858897231863,2.514632383516497,0.06074326802112846,2.3913169935189686,2.6379477735140253,0,0,0,10.435665601982572,0.3907
964,1534340,2.0,2.479055208998897,0.018796668721776384,2.442214415274885,2.515896002722909,2.462146999766846,0.07617328847980717,2.308071980809399,2.616222018724293,2.462146999766846,0.07189384235342026,2.3161947404127874,2.6080992591209045,0,0,0,14.629234965884086,0.3809
965,1535340,2.0,2.7200261233533825,0.01935893111305231,2.682083315592608,2.757968931114157,2.6960863182613855,0.07051926898090895,2.553447633206071,2.8387250033167,2.6960863182613855,0.062107032114336366,2.5700023399659724,2.8221702965567985,0,0,0,10.292450895259172,0.4401
966,1536340,2.0,2.6769111390969798,0.018962826268850236,2.639744682564943,2.7140775956290164,2.6781455531866394,0.07708161355031798,2.522233273356629,2.83405783301665,2.6781455531866394,0.07289874648322636,2.5301532299915297,2.826137876381749,0,0,0,14.778623619206003,0.3923
967,1537340,2.0,2.6078831762038424,0.01887943999919952,2.5708801537571264,2.6448861986505583,2.5968418292417583,0.06907766971585633,2.4571190539301972,2.7365646045533194,2.5968418292417583,0.06425403156125521,2.4663992103472063,2.7272844481363103,0,0,0,11.58303979111675,0.3912
968,1538340,2.0,2.5015867277218145,0.019013172020469184,2.4643215953298303,2.5388518601137986,2.5048353851486516,0.0715865934043895,2.3600378326732296,2.6496329376240735,2.5048353851486516,0.07183341330170241,2.359005803291582,2.650664967005721,0,0,0,14.273939496763855,0.4173
969,1539340,2.0,2.568282528533922,0.019039581273815078,2.5309656349565213,2.6055994221113226,2.542661446795372,0.06224232039433779,2.416764470491726,2.668558423099018,2.542661446795372,0.06073320685481441,2.419366482051345,2.665956411539399,0,0,0,10.175075514430764,0.419
970,1540340,2.0,2.6809035862608233,0.019877075765054368,2.6419452336433427,2.719861938878304,2.6625067742585804,0.09240382910874219,2.4756023881436993,2.8494111603734615,2.6625067742585804,0.09223360353364343,2.475262604473832,2.8497509440433286,0,0,0,21.53145443793286,0.3496
971,1541340,2.0,2.5632655218736713,0.018863688659963438,2.526293371484566,2.6002376722627765,2.555458645778958,0.060828809950794725,2.432420764214844,2.6784965273430723,2.555458645778958,0.062451278230677476,2.4286758107134916,2.6822414808444246,0,0,0,10.960476210585815,0.4251
972,1542340,2.0,2.7017700030888085,0.01842073740142275,2.66566602121335,2.737873984964267,2.6767450966325876,0.060025460982579264,2.5553321417321038,2.7981580515330715,2.6767450966325876,0.05246999629333909,2.570225341162214,2.7832648521029615,0,0,0,8.113496330752453,0.3727
973,1543340,2.0,2.6314085087767785,0.01848884166223311,2.595171045002938,2.667645972550619,2.640339335683563,0.055399786775288944,2.5282826900012134,2.752395981365913,2.640339335683563,0.05590231810378458,2.5268515964934974,2.753827074873629,0,0,0,9.141979181623222,0.357
974,1544340,2.0,2.4141212462972117,0.019214117631923218,2.376462267743926,2.451780224850497,2.407860202094896,0.07255373650801088,2.2611064180454026,2.554613986144389,2.407860202094896,0.06585558727308753,2.2741662522522184,2.5415541519375733,0,0,0,11.747470511824153,0.3555
975,1545340,2.0,2.6035186360792952,0.018862940167230908,2.5665479527089885,2.640489319449602,2.6142417722325235,0.05820544348752244,2.496510150193599,2.731973394271448,2.6142417722325235,0.057705639355608455,2.4970930962719478,2.7313904481930993,0,0,0,9.358747713882964,0.353
976,1546340,2.0,2.481413930934875,0.018993700661682687,2.444186961704842,2.5186409001649075,2.4744760411132636,0.07423381426966917,2.3243239790303085,2.6246281031962186,2.4744760411132636,0.07513929270081525,2.3219351672782156,2.6270169149483116,0,0,0,15.650024678572064,0.3372
977,1547340,2.0,2.595181529696839,0.018737552160449783,2.5584566023039166,2.6319064570897615,2.5705159582257,0.07477586179342408,2.4192675015382172,2.7217644149131828,2.5705159582257,0.06582446955743936,2.436885180704269,2.704146735747131,0,0,0,12.340962324654354,0.3835
978,1548340,2.0,2.5620412034452067,0.01910105689381703,2.524603819866675,2.5994785870237385,2.5579614422401007,0.0884124951147446,2.379130291153712,2.736792593326489,2.5579614422401007,0.09063674077843284,2.373959076195033,2.7419638082851683,0,0,0,22.516130868926034,0.3916
979,1549340,2.0,2.551797115719466,0.01907519765690711,2.5144104153139453,2.589183816124987,2.5376056232169066,0.06437223597176182,2.4074004860143603,2.667810760419453,2.5376056232169066,0.060411267920149225,2.4149642292565563,2.660247017177257,0,0,0,10.029927830699352,0.3467
980,1550340,2.0,2.591080968107296,0.019179158278805123,2.5534905086270445,2.6286714275875473,2.580475756962494,0.07319788842840112,2.432419052672503,2.7285324612524846,2.580475756962494,0.07493273578701284,2.4283542159557907,2.732597297969197,0,0,0,15.264553008290187,0.3321
981,1551340,2.0,2.6489058984851965,0.018748971428951516,2.612158589737281,2.685653207233112,2.6227244739799644,0.0735419694828436,2.4739718000653963,2.7714771478945326,2.6227244739799644,0.07080770967562386,2.478977181186232,2.766471766773697,0,0,0,14.262846215306427,0.3321
982,1552340,2.0,2.5758747866162457,0.018806593304604456,2.539014541067329,2.6127350321651623,2.5721320292877663,0.06273366083841575,2.445241223129237,2.6990228354462955,2.5721320292877663,0.060877826132149586,2.4485434718022434,2.695720586773289,0,0,0,10.47847317530336,0.3636
983,1553340,2.0,2.6422501525928523,0.019346882273041256,2.604330960124555,2.6801693450611497,2.633761970366652,0.0773861084177704,2.4772337915330476,2.7902901492002568,2.633761970366652,0.07578610218082003,2.4799080034781786,2.7876159372551257,0,0,0,15.344656263887572,0.4174
984,1554340,2.0,2.507078739776068,0.018887680153992618,2.4700595669227305,2.544097912629405,2.4805666381574594,0.07233163856011027,2.3342620896105437,2.626871186704375,2.4805666381574594,0.0685774327121482,2.3413470483094727,2.619786228005446,0,0,0,13.182725406031794,0.352
985,1555340,2.0,2.555635104823443,0.018878960155065152,2.5186330228539484,2.5926371867929374,2.5493494475675877,0.05967575181420108,2.428643846226636,2.6700550489085395,2.5493494475675877,0.061365883234477434,2.42477008148919,2.6739288136459853,0,0,0,10.565689386094503,0.3762
986,1556340,2.0,2.5535655213481046,0.019315600837592126,2.5157076393666724,2.5914234033295367,2.5433840845194293,0.07311303722357099,2.3954990079910026,2.691269161047856,2.5433840845194293,0.07499159346368464,2.3911430560766767,2.695625112962182,0,0,0,15.073313076991562,0.3576
987,1557340,2.0,2.546648163776998,0.019140321727082125,2.5091338225394075,2.5841625050145884,2.549125352334098,0.07232418400413194,2.4028358820498723,2.6954148226183237,2.549125352334098,0.06474176748049029,2.4176925768830144,2.6805581277851815,0,0,0,11.441175207612726,0.3641
988,1558340,2.0,2.504347600869824,0.019589918924176265,2.4659520653183793,2.542743136421269,2.4953150383440588,0.09412616108011812,2.3049269069893863,2.6857031696987312,2.4953150383440588,0.08595186313889157,2.3208234795379066,2.669806597150211,0,0,0,19.250646230302593,0.4002
989,1559340,2.0,2.532016704628432,0.019337958541675207,2.49411500235222,2.569918406904644,2.524236621243496,0.07989075564786091,2.3626423151996923,2.6858309272872996,2.524236621243496,0.08201357106824364,2.3577402203937314,2.6907330220932604,0,0,0,17.986646337664816,0.3284
990,1560340,2.0,2.6609646790056707,0.01929018267239322,2.623156615712581,2.69877274229876,2.661015460118568,0.08927513082195411,2.4804394636199074,2.8415914566172287,2.661015460118568,0.08837201115958628,2.481610739628064,2.840420180609072,0,0,0,20.987310936902755,0.3519
991,1561340,2.0,2.5484959317681937,0.018856787641598486,2.5115373071265408,2.5854545564098466,2.5251630368124123,0.06853039553826035,2.3865472280106452,2.6637788456141793,2.5251630368124123,0.059004352400350964,2.4053778332031825,2.644948240421642,0,0,0,9.791126820329374,0.3482
992,1562340,2.0,2.5799628552533544,0.019050199079549822,2.5426251511591187,2.61730055934759,2.537339756369773,0.09083892806278537,2.3536006813913044,2.7210788313482412,2.537339756369773,0.08244467712502489,2.36996816369622,2.7047113490433254,0,0,0,18.729500963861287,0.3744
993,1563340,2.0,2.5350137792190823,0.018854770725274902,2.4980591076607834,2.5719684507773812,2.5250154535264295,0.06489916068573617,2.3937445104893844,2.6562863965634746,2.5250154535264295,0.06443227692668703,2.3942109773023406,2.6558199297505185,0,0,0,11.677891777928608,0.3765
994,1564340,2.0,2.5923132969795075,0.01879042689122675,2.55548473701857,2.629141856940445,2.59904673649422,0.051909052346049644,2.494050767646152,2.7040427053422875,2.59904673649422,0.046726126550240984,2.504187656528147,2.6939058164602927,0,0,0,6.183669478991331,0.336
995,1565340,2.0,2.601456890827209,0.019061085401316607,2.5640978499343863,2.638815931720032,2.5849850147098623,0.07889462829925914,2.4254055664092755,2.744564463010449,2.5849850147098623,0.07723209624129669,2.4281955238150124,2.7417745056047123,0,0,0,16.417249219668772,0.3668
996,1566340,2.0,2.5882860566696135,0.018449566442496627,2.5521255709119415,2.6244465424272856,2.571429453859891,0.05279747612907579,2.464636478292752,2.6782224294270303,2.571429453859891,0.05285056666754256,2.4641370994555896,2.678721808264193,0,0,0,8.20591410457532,0.3864
997,1567340,2.0,2.6256430797524994,0.018746688153643363,2.5889002461419546,2.6623859133630443,2.6245489131157496,0.05814719999810153,2.506935099654028,2.742162726577471,2.6245489131157496,0.05945531831924427,2.503848200019204,2.745249626212295,0,0,0,10.05847885152185,0.3324
998,1568340,2.0,2.577885979065901,0.019055034854851084,2.5405387970262376,2.6152331611055644,2.557027703940448,0.0626399112133335,2.4303265242973295,2.683728883583566,2.557027703940448,0.06175321071848931,2.431662021265929,2.682393386614967,0,0,0,10.502666866553001,0.3581
999,1569340,2.0,2.662324943221676,0.018886649266824884,2.625307790870059,2.6993420955732925,2.640746829024915,0.06620517229075382,2.506834228172938,2.774659429876892,2.640746829024915,0.06118613323962726,2.516532374836166,2.764961283213664,0,0,0,10.495332102725204,0.3429
1000,1570340,2.0,2.619306377599682,0.018836538465638798,2.5823874406136267,2.6562253145857375,2.596557548828509,0.07065004198821784,2.453654350398725,2.7394607472582932,2.596557548828509,0.06805781156259036,2.4583928459959266,2.7347222516610916,0,0,0,13.054305333941533,0.3923
1001,1571340,2.0,2.6037862526653432,0.01843773301536757,2.5676489599986576,2.639923545332029,2.594981883573563,0.06171709721855797,2.47014727141856,2.719816495728566,2.594981883573563,0.06182335834766656,2.469473793640903,2.720489973506223,0,0,0,11.243205328675538,0.3881
1002,1572340,2.0,2.665473135369875,0.01920836031782303,2.6278254409448736,2.703120829794876,2.6548478744774093,0.07534651944582126,2.5024451537379733,2.8072505952168454,2.6548478744774093,0.072340454548556,2.5079889441651524,2.8017068047896663,0,0,0,14.18344990239437,0.421
1003,1573340,2.0,2.449503237439469,0.019311429047733912,2.41165353201591,2.487352942863028,2.4437754062799875,0.08083872681884684,2.2802636475561737,2.607287165003801,2.4437754062799875,0.08174786283164369,2.2778184218279462,2.6097323907320287,0,0,0,17.919421682502595,0.3371
1004,1574340,2.0,2.4754534867029725,0.01858989309544978,2.439017965759441,2.511889007646504,2.4779079182184174,0.06070877169185569,2.355112836950716,2.600702999486119,2.4779079182184174,0.058473592784258725,2.3592002139138115,2.5966156225230232,0,0,0,9.893860286923392,0.3311
1005,1575340,2.0,2.5909998139813846,0.019552630532321858,2.5526773623350154,2.6293222656277537,2.5753553818344903,0.08571914363841655,2.401972048323738,2.7487387153452425,2.5753553818344903,0.08660438506495154,2.399539133092887,2.751171630576094,0,0,0,19.61866163238833,0.3552
1006,1576340,2.0,2.5846436793682823,0.01884984042975332,2.5476986710116387,2.621588687724926,2.5509752365534144,0.06720191715230579,2.415046528920383,2.686903944186446,2.5509752365534144,0.06260695732639755,2.423876356121464,2.678074116985365,0,0,0,11.031379853357564,0.3241
1007,1577340,2.0,2.4980130644201313,0.018821904266391836,2.4611228099375424,2.53490331890272,2.494954112857903,0.06533717332249966,2.362797205637615,2.627111020078191,2.494954112857903,0.06052280559751436,2.3720862853744347,2.617821940341371,0,0,0,10.339772508660426,0.3397
1008,1578340,2.0,2.591016734562002,0.019132676380985952,2.5535173779274096,2.6285160911965946,2.5835923347589964,0.06540323714879961,2.4513018008371086,2.7158828686808842,2.5835923347589964,0.06672209217437904,2.4481392864463394,2.7190453830716534,0,0,0,12.161520052198084,0.3789
1009,1579340,2.0,2.564980699077751,0.01882599616290954,2.5280824246253593,2.601878973530143,2.5694924061408857,0.06556813737778924,2.4368683300231084,2.702116482258663,2.5694924061408857,0.0660656216059839,2.435372063933791,2.7036127483479806,0,0,0,12.315019943798434,0.3867
1010,1580340,2.0,2.724390737465523,0.019200725479520616,2.686758007048622,2.762023467882424,2.7060080899275842,0.06787090664203144,2.5687262233280848,2.8432899565270837,2.7060080899275842,0.06422724402939327,2.5756198526138436,2.836396327241325,0,0,0,11.18930976915884,0.3637
1011,1581340,2.0,2.6272614790962003,0.01900489761547815,2.590012564239992,2.664510393952409,2.5900428490799032,0.06866455105125058,2.451155685140138,2.7289300130196685,2.5900428490799032,0.05834562716548748,2.4715949287925087,2.7084907693672977,0,0,0,9.425091095071139,0.3239
1012,1582340,2.0,2.5982217250836572,0.019052310321227433,2.5608798830317707,2.6355635671355437,2.581453148583714,0.07252544921327246,2.4347565809884406,2.7281497161789874,2.581453148583714,0.07291589277824988,2.433426016559137,2.729480280608291,0,0,0,14.647014181062694,0.3578
1013,1583340,2.0,2.6946849112858184,0.018999905135406787,2.6574457815107437,2.731924041060893,2.677655166286847,0.06730868109131674,2.5415105082037908,2.8137998243699034,2.677655166286847,0.06691326946737577,2.541814007435976,2.8134963251377183,0,0,0,12.402854130712116,0.3575
1014,1584340,2.0,2.7179773830657634,0.01911339111860741,2.680515824850865,2.7554389412806617,2.7110483761520343,0.0670669443383877,2.575392676804167,2.846704075499902,2.7110483761520343,0.06653483306264539,2.575975484046745,2.8461212682573236,0,0,0,12.11776844265799,0.3294
1015,1585340,2.0,2.5458449414460107,0.018717104414102247,2.5091600908994947,2.5825297919925267,2.5492236251384206,0.05915174012228076,2.429577937488709,2.668869312788132,2.5492236251384206,0.06036755192451444,2.4266709793673997,2.6717762709094415,0,0,0,10.402310249824337,0.3058
1016,1586340,2.0,2.5682568657165534,0.019181772190783174,2.5306612830629662,2.6058524483701406,2.5439236715897464,0.07158820737352332,2.399122854553612,2.6887244886258808,2.5439236715897464,0.06968648473568911,2.4024525864359276,2.685394756743565,0,0,0,13.19835049640515,0.3168
1017,1587340,2.0,2.5900033037822774,0.01874617848099287,2.5532614691117717,2.626745138452783,2.5693131004471184,0.07046443947731006,2.4267853185308836,2.711840882363353,2.5693131004471184,0.0699449113747301,2.427317381324511,2.7113088195697257,0,0,0,13.921523129189152,0.3037
1018,1588340,2.0,2.543962541477951,0.018665824536032348,2.5073781976455836,2.5805468853103184,2.5458192028774786,0.06531562699189215,2.4137058772244706,2.6779325285304867,2.5458192028774786,0.06682855084084321,2.4101500319820017,2.6814883737729556,0,0,0,12.818279270800161,0.3212
1019,1589340,2.0,2.6347561416435714,0.019005250112563994,2.59750653590577,2.6720057473813728,2.6109986604593285,0.07077840220300484,2.467835828988601,2.754161491930056,2.6109986604593285,0.059554274841648054,2.490097054942099,2.731900265976558,0,0,0,9.819258717850996,0.32
1020,1590340,2.0,2.680082005407574,0.018861773939745023,2.6431136078011375,2.7170504030140106,2.6659863470428093,0.0552574830408622,2.5542175378319723,2.7777551562536464,2.6659863470428093,0.05552034331730653,2.5532740578951643,2.7786986361904544,0,0,0,8.664414390073963,0.3049
1021,1591340,2.0,2.561161191084685,0.0187411397498633,2.5244292321457213,2.597893150023649,2.5409396990818385,0.06400769512463444,2.4114719153407593,2.6704074828229176,2.5409396990818385,0.05056766352405667,2.438281884448555,2.6435975137151217,0,0,0,7.280375454660358,0.319
1022,1592340,2.0,2.5642868276803594,0.018572033347492408,2.5278863111995973,2.6006873441611216,2.5415195659906673,0.06452597258101803,2.4110034671445013,2.6720356648368333,2.5415195659906673,0.06220442843923173,2.415237862643902,2.6678012693374327,0,0,0,11.21821342907707,0.3233
1023,1593340,2.0,2.6058366886418716,0.0189036492048396,2.5687862170240066,2.6428871602597366,2.602250767311371,0.06401989839432982,2.472758300127484,2.731743234495258,2.602250767311371,0.06357488996879676,2.4731868791480736,2.7313146554746686,0,0,0,11.310451333711852,0.3131
1024,1594340,2.0,2.6486479596035246,0.018973734182852416,2.6114601239528974,2.685835795254152,2.643661658709772,0.0701504172014099,2.5017690467996894,2.7855542706198544,2.643661658709772,0.07096701543004783,2.4995909580409674,2.7877323593785763,0,0,0,13.989669616696613,0.3156
1025,1595340,2.0,2.62259756277814,0.0187267449528764,2.585893817122835,2.6593013084334447,2.616479794419796,0.06778085293051532,2.479380078644896,2.7535795101946965,2.616479794419796,0.0628665420713267,2.488853928939112,2.7441056599004803,0,0,0,11.269757069631579,0.3221
1026,1596340,2.0,2.526341429475633,0.01893275766747314,2.489233906319361,2.5634489526319046,2.5073821727918113,0.0700644200322977,2.3656635065748413,2.6491008390087813,2.5073821727918113,0.0651743741790966,2.375071159052073,2.6396931865315496,0,0,0,11.850208374867353,0.3182
1027,1597340,2.0,2.666951417568536,0.018630770310627324,2.630435778755468,2.7034670563816037,2.641393901718723,0.05116021269233961,2.5379126040387785,2.7448751993986678,2.641393901718723,0.04265686424905944,2.554795863412409,2.727991940025037,0,0,0,5.242231917757807,0.3183
1028,1598340,2.0,2.547651258922378,0.019008368525174672,2.5103955412081707,2.584906976636585,2.5146763170781514,0.07351880255849363,2.365970502691111,2.663382131465192,2.5146763170781514,0.061504188319422205,2.38981617675029,2.6395364574060127,0,0,0,10.46934945454091,0.2938
1029,1599340,2.0,2.5819780955480187,0.018794375040482775,2.545141797356734,2.6188143937393034,2.5874942184790815,0.062128799296008654,2.4618268602702584,2.7131615766879045,2.5874942184790815,0.06400383172209449,2.457559532261657,2.717428904696506,0,0,0,11.597280770145757,0.3053
1030,1600340,2.0,2.6529576642089374,0.019232445539469026,2.61526276361695,2.6906525648009247,2.6273339744951767,0.07393372327391426,2.47778890374452,2.7768790452458334,2.6273339744951767,0.07223370042990547,2.4806917665655654,2.773976182424788,0,0,0,14.106221689038684,0.3286
1031,1601340,2.0,2.561303303250852,0.01888581421801765,2.524287787564823,2.5983188189368813,2.5518675995023354,0.06547913418384611,2.419423549336801,2.68431164966787,2.5518675995023354,0.06672555728873428,2.4164075166335537,2.687327682371117,0,0,0,12.482828189488282,0.3182
1032,1602340,2.0,2.6366110787250787,0.018895914788272267,2.599575766285127,2.6736463911650303,2.6214762065279853,0.07087861102439523,2.4781106835841236,2.764841729471847,2.6214762065279853,0.07177584491588258,2.475763494707385,2.7671889183485856,0,0,0,14.428486699658034,0.3451
1033,1603340,2.0,2.5305645870423294,0.018960055510923807,2.493403561096039,2.56772561298862,2.5170294992924895,0.07165312179895189,2.3720973804374617,2.6619616181475174,2.5170294992924895,0.07137117764873845,2.372138305699222,2.661920692885757,0,0,0,14.169891231340417,0.3153
1034,1604340,2.0,2.564130771938561,0.018963551812588145,2.526962893366929,2.601298650510193,2.542155741646918,0.07078192158877829,2.3989857915465422,2.6853256917472934,2.542155741646918,0.06661206965976153,2.406926050913472,2.6773854323803636,0,0,0,12.338617179115943,0.3485
1035,1605340,2.0,2.5737329892426435,0.018762961982638455,2.5369582595133777,2.6105077189719093,2.558173075888406,0.06568234114164742,2.4253180008544386,2.691028150922373,2.558173075888406,0.06393324172686317,2.4283816949799553,2.6879644567968564,0,0,0,11.610492826312282,0.2964
1036,1606340,2.0,2.6191814254923553,0.01874398156915305,2.5824438966899326,2.655918954294778,2.626977947587379,0.06886267727882411,2.4876900355260796,2.766265859648678,2.626977947587379,0.06792285922734008,2.489087212560524,2.764868682614234,0,0,0,13.13131506252017,0.3144
1037,1607340,2.0,2.529850754602887,0.01935649627223575,2.4919127190424213,2.5677887901633527,2.526527798332825,0.07979527893968179,2.36512661215973,2.6879289845059198,2.526527798332825,0.07265239718823094,2.3790355907946044,2.6740200058710455,0,0,0,14.087904553435694,0.3091
1038,1608340,2.0,2.593104480448954,0.018766429067405548,2.5563229553584135,2.629886005539494,2.5867961235458816,0.07565130763616058,2.433776910501312,2.739815336590451,2.5867961235458816,0.07393750377317436,2.436695010940921,2.7368972361508423,0,0,0,15.522665003541237,0.3256
1039,1609340,2.0,2.6358836423583174,0.018778845379878634,2.599077781742509,2.672689502974126,2.6341490598538644,0.0617598385722146,2.5092279951509098,2.759070124556819,2.6341490598538644,0.06263383278734817,2.5069956193355627,2.761302500372166,0,0,0,11.124492431794563,0.3043
1040,1610340,2.0,2.5520768968981447,0.01918376844088122,2.5144774016662614,2.589676392130028,2.574219933820773,0.06886559077495034,2.4349261286573136,2.7135137389842323,2.574219933820773,0.06566922671918368,2.440904316016089,2.707535551625457,0,0,0,11.718066477272945,0.3028
1041,1611340,2.0,2.638721867371363,0.0190419504304861,2.6014003303322135,2.6760434044105126,2.634827414137075,0.07089864525775516,2.491421368131306,2.7782334601428436,2.634827414137075,0.07287759293704181,2.486878034923785,2.7827767933503647,0,0,0,14.647556414597178,0.3132
1042,1612340,2.0,2.495204453045525,0.01906422059093261,2.45783926729397,2.5325696387970797,2.5006204421714333,0.06762834402727944,2.363829204770333,2.6374116795725335,2.5006204421714333,0.06649405469029293,2.365630334563158,2.6356105497797087,0,0,0,12.165431660580454,0.3081
1043,1613340,2.0,2.492606440611716,0.019219565858036032,2.4549367837314695,2.5302760974919623,2.487776472820333,0.07329116239173548,2.33953110413163,2.6360218415090357,2.487776472820333,0.07326770781750687,2.3390351182952824,2.6365178273453833,0,0,0,14.53242408469061,0.3012
1044,1614340,2.0,2.6558196744392415,0.01855993305979168,2.6194428740865754,2.6921964747919076,2.6508795843239064,0.04867452058901973,2.552426073491354,2.7493330951564587,2.6508795843239064,0.04660728872868858,2.556261757961543,2.7454974106862697,0,0,0,6.306013093374643,0.3148
1045,1615340,2.0,2.6046048444448875,0.018737361124508498,2.56788029147553,2.641329397414245,2.588287491603004,0.05796926403940033,2.4710335875892953,2.7055413956167125,2.588287491603004,0.05651554977385226,2.4735548259376796,2.703020157268328,0,0,0,9.097437054688635,0.3309
1046,1616340,2.0,2.588455691179773,0.019115989394655933,2.550989040437398,2.6259223419221485,2.5900067626799226,0.07083581672506678,2.446727799376742,2.7332857259831034,2.5900067626799226,0.06839001402051235,2.4511676530037283,2.728845872356117,0,0,0,12.799465194623318,0.3161
1047,1617340,2.0,2.647655816863741,0.018693183344345617,2.6110178507524195,2.6842937829750624,2.6428154188973716,0.05845981931663676,2.5245692731786207,2.7610615646161225,2.6428154188973716,0.05946174477995185,2.5221016593919927,2.7635291784027505,0,0,0,10.118328285863143,0.3101
1048,1618340,2.0,2.438437991696225,0.018827975987743096,2.401535836858464,2.4753401465339864,2.4452024545879576,0.06710347872121891,2.309472857475668,2.580932051700247,2.4452024545879576,0.06594696773731779,2.3113229925403593,2.579081916635556,0,0,0,12.268243610168332,0.3131
1049,1619340,2.0,2.651777114844527,0.01888291467577317,2.6147672821568686,2.688786947532185,2.641662298404516,0.07042071584646833,2.4992229558793757,2.784101640929656,2.641662298404516,0.06972962898378211,2.500103625770585,2.783220971038447,0,0,0,13.636303145579886,0.3134
1050,1620340,2.0,2.541396260216247,0.018810117299584664,2.504529107764087,2.5782634126684068,2.5289461328652787,0.05906987234695236,2.4094660384213675,2.64842622730919,2.5289461328652787,0.059413737797769,2.4083298327150406,2.6495624330155167,0,0,0,9.976787979097809,0.3241
1051,1621340,2.0,2.564675876102187,0.019103854891329798,2.527233008549301,2.602118743655073,2.5566705982566136,0.07750702795408017,2.39989783657486,2.713443359938367,2.5566705982566136,0.07911532295866633,2.3960579538721385,2.7172832426410887,0,0,0,17.150594910861642,0.3428
1052,1622340,2.0,2.6972007046789406,0.018653556537815315,2.660640405681241,2.73376100367664,2.6959642264341257,0.07065883316899033,2.5530432461628165,2.838885206705435,2.6959642264341257,0.06746559428769267,2.55900178858656,2.8329266642816915,0,0,0,13.081013835334359,0.3262
1053,1623340,2.0,2.552994142287168,0.019287172403466384,2.515191979012759,2.5907963055615766,2.5563868731631385,0.07073704729659164,2.413307689886112,2.699466056440165,2.5563868731631385,0.06846064121264096,2.417404382664254,2.695369363662023,0,0,0,12.599253086238635,0.3174
1054,1624340,2.0,2.5431976077672336,0.019458800153919112,2.5050590602831897,2.5813361552512775,2.523689889696872,0.09478689001685257,2.331965307921261,2.7154144714724824,2.523689889696872,0.08502929655724438,2.3510712406224603,2.6963085387712833,0,0,0,19.094357820541255,0.3215
1055,1625340,2.0,2.6562300254733193,0.019447781847301004,2.6181130734734177,2.694346977473221,2.6584679651226266,0.07275715627610181,2.51130272575526,2.805633204489993,2.6584679651226266,0.06814280965696064,2.520130706984777,2.7968052232604763,0,0,0,12.27721678070916,0.3187
1056,1626340,2.0,2.5836534681947354,0.018247914829646845,2.5478882123356734,2.6194187240537974,2.5491564009170906,0.05794956148646294,2.43194234907831,2.666370452755871,2.5491564009170906,0.050044283355633275,2.4475611045132126,2.6507516973209686,0,0,0,7.521118968960484,0.3319
1057,1627340,2.0,2.653685404834361,0.018932489157336314,2.6165784079482868,2.690792401720435,2.6308651775807514,0.06346281285407346,2.502499522260825,2.759230832900678,2.6308651775807514,0.06251795549238319,2.503946980477662,2.7577833746838407,0,0,0,10.90420732756387,0.3105
1058,1628340,2.0,2.6736535465426927,0.018824553546953435,2.6367580995656184,2.710548993519767,2.653575845635479,0.06138072032940544,2.5294216199598747,2.7777300713110833,2.653575845635479,0.05506076656997236,2.5417965468862365,2.7653551443847215,0,0,0,8.555297906605682,0.3032
1059,1629340,2.0,2.6155254733100333,0.019196681878793993,2.5779006682049244,2.653150278415142,2.593089046343154,0.07308649935021691,2.4452576477301977,2.7409204449561106,2.593089046343154,0.07077580447610464,2.449406524547918,2.73677156813839,0,0,0,13.593061852131468,0.3159
1060,1630340,2.0,2.5424704953891837,0.018603366286569816,2.5060085674763,2.578932423302067,2.535752385672878,0.06090392136269829,2.4125625769379155,2.6589421944078406,2.535752385672878,0.0614033383313699,2.411096981705326,2.66040778964043,0,0,0,10.894339177322058,0.3057
1061,1631340,2.0,2.504811771688688,0.018691157028707363,2.468177777083039,2.5414457662943373,2.505882060779073,0.06241437087129946,2.379637079537889,2.632127042020257,2.505882060779073,0.06219621034565981,2.3796170410492232,2.632147080508923,0,0,0,11.072749504181937,0.3223
1062,1632340,2.0,2.7029444592892817,0.01871486258284254,2.6662640026512943,2.739624915927269,2.6907588462709255,0.06187007604860681,2.5656148052254246,2.8159028873164265,2.6907588462709255,0.05860554626546661,2.5717832621579597,2.8097344303838914,0,0,0,9.806276885144593,0.3287
1063,1633340,2.0,2.664074118612248,0.019133256096414315,2.6265736257562944,2.7015746114682013,2.6368010764580574,0.08399607471048666,2.466902978822427,2.806699174093688,2.6368010764580574,0.08062638854165449,2.473120805853452,2.8004813470626626,0,0,0,17.757288273912437,0.3074
1064,1634340,2.0,2.603672347084577,0.01876958235478705,2.566884641664336,2.6404600525048183,2.597514197202867,0.06619132281197691,2.463629609565859,2.7313987848398744,2.597514197202867,0.06717902393374849,2.4611335281028444,2.7338948663028892,0,0,0,12.810266382393937,0.3185
1065,1635340,2.0,2.53133332263484,0.019012727209525206,2.4940690620562855,2.568597583213394,2.502499988637315,0.06966967951588295,2.3615797604786675,2.6434202167959624,2.502499988637315,0.06778040284814532,2.364898455435293,2.6401015218393367,0,0,0,12.709236380185821,0.325
1066,1636340,2.0,2.4770291140638725,0.019241818227981565,2.4393158433399624,2.5147423847877826,2.4830415483270145,0.0623527279937179,2.356921251574599,2.60916184507943,2.4830415483270145,0.062160587250581795,2.3568488473249114,2.6092342493291176,0,0,0,10.436094477835818,0.3087
1067,1637340,2.0,2.690233087794428,0.01825075940786147,2.6544622566645137,2.726003918924342,2.6930237701626383,0.059796223781106245,2.5720744912681086,2.813973049057168,2.6930237701626383,0.06178614704417997,2.567591223192207,2.8184563171330694,0,0,0,11.460942859393013,0.3152
1068,1638340,2.0,2.6261896688738657,0.01857905969447708,2.589775381006071,2.6626039567416604,2.6137761599700977,0.06506672282563512,2.482166290514137,2.7453860294260584,2.6137761599700977,0.06419454683919919,2.4834543014814017,2.7440980184587938,0,0,0,11.938473909535455,0.3065
1069,1639340,2.0,2.6346303139015967,0.018643712744028967,2.5980893083851897,2.671171319418004,2.6468377386407913,0.05336385529711783,2.5388991530731553,2.7547763242084273,2.6468377386407913,0.05128883577616545,2.5427158665008682,2.7509596107807144,0,0,0,7.567995693086638,0.2944
1070,1640340,2.0,2.719593948347165,0.01905680810890325,2.6822432907934237,2.756944605900906,2.708100877685071,0.07401570007064172,2.5583899932120198,2.857811762158122,2.708100877685071,0.07495517015747583,2.5559337924850256,2.860267962885116,0,0,0,15.470447167602568,0.2988
1071,1641340,2.0,2.5583358506286937,0.018747328755085748,2.5215917614623935,2.595079939794994,2.5452730021887677,0.06477856760287767,2.41424598168544,2.6763000226920957,2.5452730021887677,0.06416897702273058,2.4150030531872084,2.675542951190327,0,0,0,11.71578629288058,0.3269
1072,1642340,2.0,2.617502638009969,0.01937627928693969,2.5795258284531775,2.6554794475667602,2.6168951129455245,0.06393915926799904,2.4875659560593584,2.7462242698316905,2.6168951129455245,0.06253840825863147,2.48993539451952,2.7438548313715287,0,0,0,10.417244924446926,0.317
1073,1643340,2.0,2.519843400858795,0.019012121928443884,2.4825803266093605,2.5571064751082293,2.5088661357794404,0.07055592479531732,2.3661533073411554,2.6515789642177254,2.5088661357794404,0.06934972043221825,2.368078718508049,2.6496535530508316,0,0,0,13.30540956911786,0.3138
1074,1644340,2.0,2.673633381375744,0.01910676179558341,2.6361848163952146,2.7110819463562734,2.6779120073265874,0.07089561233931999,2.534512095977399,2.821311918675776,2.6779120073265874,0.06955649567291242,2.5367048139996973,2.8191192006534775,0,0,0,13.252603626570302,0.3142
1075,1645340,2.0,2.538345235297498,0.019179888997299444,2.500753343635315,2.575937126959681,2.518210030321517,0.07056355053754157,2.3754817773636767,2.6609382832793576,2.518210030321517,0.06868898936605629,2.3787639684259827,2.6576560922170516,0,0,0,12.825729445165685,0.3289
1076,1646340,2.0,2.5318183177910614,0.01908342636572889,2.4944154894126105,2.5692211461695122,2.518193660529309,0.08503137090906066,2.346201478673274,2.690185842385344,2.518193660529309,0.08662239136924849,2.342340857046594,2.6940464640120245,0,0,0,20.603814495896795,0.3044
1077,1647340,2.0,2.5778383859259306,0.019116328296986597,2.540371070947193,2.6153057009046683,2.556204567562069,0.0863055841027402,2.3816350462489875,2.7307740888751506,2.556204567562069,0.08450156578158369,2.384657268919308,2.72775186620483,0,0,0,19.539819698916972,0.3223
1078,1648340,2.0,2.5354290395530854,0.019501735812849304,2.4972063397238857,2.573651739382285,2.5224384476989727,0.0924021005007278,2.3355375580238262,2.7093393373741192,2.5224384476989727,0.0897919080746667,2.340151183223866,2.7047257121740795,0,0,0,21.199609594160087,0.3124
1079,1649340,2.0,2.4930543309974493,0.018663380777945604,2.456474776842919,2.5296338851519797,2.4929716560756665,0.059901846418810356,2.371808735230902,2.614134576920431,2.4929716560756665,0.05753102771865353,2.3761774605836377,2.6097658515676954,0,0,0,9.502188266164028,0.3236
1080,1650340,2.0,2.6279493852621942,0.018705335357959714,2.5912876016418496,2.664611168882539,2.620520879132549,0.06509218490496864,2.488859507759915,2.7521822505051827,2.620520879132549,0.06593875433683422,2.48665809117439,2.754383667090708,0,0,0,12.426547361455672,0.321
1081,1651340,2.0,2.491065637661956,0.01920129746985814,2.453431786164594,2.528699489159318,2.4570495449320218,0.08028308825177485,2.294661671292647,2.6194374185713967,2.4570495449320218,0.07078082385014502,2.3133568332657513,2.6007422565982923,0,0,0,13.588454824720069,0.2945
1082,1652340,2.0,2.639997212094174,0.01901223683730296,2.6027339126275146,2.6772605115608332,2.6185148967100353,0.07267122771497492,2.471523464263032,2.7655063291570388,2.6185148967100353,0.06547504927358312,2.4855934800771524,2.7514363133429183,0,0,0,11.860014949224915,0.3125
1083,1653340,2.0,2.650461818844358,0.019057021394797376,2.613110743257946,2.68781289443077,2.6421004752637134,0.07343284512120525,2.493568526204586,2.790632424322841,2.6421004752637134,0.0644778370835009,2.511203507004064,2.7729974435233626,0,0,0,11.447505953875584,0.3255
1084,1654340,2.0,2.513427453074473,0.01870941136845381,2.4767576806203593,2.550097225528587,2.505805166502367,0.05649854552346434,2.3915260714767723,2.620084261527962,2.505805166502367,0.05484133438781468,2.3944713387658365,2.6171389942388976,0,0,0,8.592029881383624,0.3169
1085,1655340,2.0,2.550030889731986,0.018564681615394235,2.5136447823813604,2.5864169970826114,2.538897484722246,0.047791500340015676,2.4422300509295622,2.6355649185149295,2.538897484722246,0.046809312704418266,2.443869527885057,2.633925441559435,0,0,0,6.3575460999551145,0.3465
1086,1656340,2.0,2.49222785992459,0.019167249100445795,2.4546607420050086,2.5297949778441713,2.4978434758721106,0.06737488313038459,2.3615649115257438,2.6341220402184775,2.4978434758721106,0.06691066362675663,2.36200760715894,2.633679344585281,0,0,0,12.18627853881606,0.3146
1087,1657340,2.0,2.6964756470565163,0.018907511539700463,2.659417605401428,2.7335336887116046,2.6777001664770648,0.0818332864511161,2.512176721015625,2.8432236119385044,2.6777001664770648,0.07935676820050672,2.5165973621928917,2.838802970761238,0,0,0,17.61567128165451,0.3154
1088,1658340,2.0,2.5629070049389107,0.018888973802319596,2.5258852965814436,2.5999287132963778,2.569942650109551,0.06964367226656519,2.4290750265779533,2.7108102736411483,2.569942650109551,0.07076019930479617,2.42629180849631,2.7135934917227917,0,0,0,14.03335030771158,0.3113
1089,1659340,2.0,2.6516868142865686,0.018947567089387767,2.614550265196712,2.688823363376425,2.6457851853799306,0.0660033767042236,2.5122807546285317,2.7792896161313294,2.6457851853799306,0.06792408190142325,2.507891968192726,2.7836784025671353,0,0,0,12.85111017721434,0.3234
1090,1660340,2.0,2.582426615137447,0.01906502009096721,2.545059862394619,2.619793367880275,2.5805805078893402,0.06735864333389435,2.4443347916318774,2.716826224146803,2.5805805078893402,0.06353694001017428,2.451593662237919,2.7095673535407614,0,0,0,11.10652134273062,0.3056
1091,1661340,2.0,2.536708173772424,0.019037689570806145,2.49939498786479,2.574021359680058,2.528248900103366,0.07215836607358025,2.3822948282416467,2.6742029719650855,2.528248900103366,0.07336059731695743,2.37931896986903,2.677178830337702,0,0,0,14.849000974077443,0.314
1092,1662340,2.0,2.57182743440451,0.01907234608839524,2.534446322970572,2.609208545838448,2.554088296401478,0.0618483196280661,2.4289882618702574,2.679188330932699,2.554088296401478,0.06041827825792436,2.4314326706988307,2.6767439221041256,0,0,0,10.035255917218976,0.314
1093,1663340,2.0,2.5030744859951146,0.019019020139716476,2.4657978915000283,2.540351080490201,2.4780737782342706,0.07757861903474139,2.321156209923708,2.634991346544833,2.4780737782342706,0.06509592575754308,2.3459220232570868,2.6102255332114543,0,0,0,11.714704515848252,0.3259
1094,1664340,2.0,2.4539465169550874,0.018740461290756787,2.417215887771537,2.490677146138638,2.429051683589743,0.06308629901417187,2.3014475993950536,2.556655767784432,2.429051683589743,0.06299636279662102,2.301162268025388,2.556941099154098,0,0,0,11.299790650672247,0.3168
1095,1665340,2.0,2.634817670308822,0.019060882432002872,2.5974590272285445,2.6721763133891,2.646327167572256,0.06750918826838086,2.50977694544275,2.782877389701762,2.646327167572256,0.06731215970599048,2.5096762184854713,2.7829781166590406,0,0,0,12.47099327209281,0.2932
1096,1666340,2.0,2.6413451035335895,0.01895579346199887,2.604192431049692,2.6784977760174873,2.627780794858931,0.06855508999464482,2.48911503680446,2.7664465529134024,2.627780794858931,0.06689141986281832,2.491983993063501,2.763577596654361,0,0,0,12.452509821587828,0.3
1097,1667340,2.0,2.4601229765322405,0.01901712653302726,2.422850093438066,2.497395859626415,2.471886517271959,0.06017729896984,2.350166441053326,2.593606593490592,2.471886517271959,0.056516764028373606,2.357151386538904,2.586621648005014,0,0,0,8.832116374993603,0.3107
1098,1668340,2.0,2.6254145217224094,0.01923881055658156,2.5877071459261205,2.6631218975186983,2.609728077842525,0.09559768380643159,2.4163635108307107,2.803092644854339,2.609728077842525,0.09592885894561715,2.414982140749019,2.804474014936031,0,0,0,24.86234685093663,0.3149
1099,1669340,2.0,2.62056213878919,0.01923331821006251,2.582865527794269,2.658258749784111,2.6187220766117294,0.06887865191884086,2.4794018527911175,2.7580423004323413,2.6187220766117294,0.07043080569286822,2.4757399395815782,2.7617042136418806,0,0,0,13.409632601361798,0.3121
1100,1670340,2.0,2.4977939304180667,0.019152154158005936,2.460256398042016,2.5353314627941175,2.495479556934607,0.06654916030634475,2.3608711746468924,2.6300879392223213,2.495479556934607,0.06098790191518562,2.371667533729234,2.6192915801399796,0,0,0,10.140330938368438,0.2959
1101,1671340,2.0,2.5728585936191046,0.0194415997800317,2.5347537582484008,2.6109634289898085,2.5565424263285634,0.09398220931943456,2.366445464893149,2.746639387763978,2.5565424263285634,0.08675349757307221,2.380423463102023,2.732661389555104,0,0,0,19.911775571874006,0.3132
1102,1672340,2.0,2.42689400329372,0.01878759851543001,2.390070986847479,2.4637170197399607,2.4301500463213714,0.06101928241882405,2.306726897825657,2.5535731948170857,2.4301500463213714,0.052292519683577,2.3239905875235545,2.5363095051191884,0,0,0,7.747054216790082,0.3044
1103,1673340,2.0,2.565627475294648,0.019780519875720874,2.5268583687427566,2.6043965818465398,2.536077033673399,0.09147446045777705,2.3510524730901916,2.721101594256606,2.536077033673399,0.08396865761144255,2.365611596131871,2.706542471214927,0,0,0,18.02017554105812,0.321
1104,1674340,2.0,2.4974496775956267,0.018943609773963112,2.460320884701478,2.5345784704897754,2.4817872609206084,0.0677412258591977,2.3447676984630497,2.618806823378167,2.4817872609206084,0.06753971146443431,2.34467435720492,2.618900164636297,0,0,0,12.71138650056652,0.3206
1105,1675340,2.0,2.5672387148532594,0.01922009668392862,2.5295680175733817,2.604909412133137,2.5416550729692142,0.06756541303375674,2.404991125517301,2.6783190204211276,2.5416550729692142,0.06722084846369906,2.405189495559344,2.6781206503790846,0,0,0,12.231982292588519,0.3152
1106,1676340,2.0,2.5022883215043885,0.019156459019730714,2.4647423517543987,2.5398342912543783,2.4739486916688356,0.06795551937243316,2.336495679667833,2.6114017036698383,2.4739486916688356,0.0650435155705717,2.341903335027743,2.605994048309928,0,0,0,11.528625814096143,0.321
1107,1677340,2.0,2.5536557804113635,0.01877973971215082,2.5168481669365113,2.590463393886216,2.52901747474756,0.06379958060521562,2.399970642355237,2.658064307139883,2.52901747474756,0.05882521538164954,2.4095959386202392,2.6484390108748808,0,0,0,9.811782548157469,0.3094
1108,1678340,2.0,2.5478209101556666,0.01895389883993988,2.510671951062769,2.5849698692485643,2.5467115864817496,0.07164796252061671,2.401789903252164,2.691633269711335,2.5467115864817496,0.07202850197483687,2.400485953562638,2.692937219400861,0,0,0,14.441478177577366,0.3307
1109,1679340,2.0,2.6425207548268315,0.019119418643300464,2.605047382880619,2.679994126773044,2.6198346988822006,0.07586068557739159,2.4663919789770468,2.7732774187873543,2.6198346988822006,0.07245221829861648,2.4727488760948546,2.7669205216695465,0,0,0,14.359985736231762,0.3142
1110,1680340,2.0,2.566380950403313,0.018889446351526933,2.5293583158664186,2.6034035849402075,2.566825754810675,0.08050422138087529,2.4039905971989493,2.7296609124224007,2.566825754810675,0.07923025321608562,2.4059797895994173,2.7276717200219327,0,0,0,17.59315098726958,0.2903
1111,1681340,2.0,2.557056047073787,0.018680599343674876,2.5204427451505613,2.5936693489970124,2.5510697932173705,0.06499882975128005,2.419597250466441,2.6825423359683,2.5510697932173705,0.06303685548474536,2.4230981731258177,2.6790414133089233,0,0,0,11.386951469989667,0.3
1112,1682340,2.0,2.556615537369314,0.01862756117969527,2.520106188337295,2.5931248864013328,2.550335885066745,0.05692531411559059,2.435193569084899,2.6654782010485905,2.550335885066745,0.0575187623098538,2.433566589678364,2.667105180455126,0,0,0,9.534700763558787,0.3152
1113,1683340,2.0,2.616656309433035,0.01927703018991078,2.5788740245319186,2.6544385943341515,2.587053733366667,0.08036383102141742,2.4245025420602775,2.7496049246730565,2.587053733366667,0.07872831268175019,2.427226761613674,2.74688070511966,0,0,0,16.67944640900367,0.3106
1114,1684340,2.0,2.4913563322952346,0.0188618983902894,2.454387690770213,2.528324973820256,2.495661776749635,0.0715234009544744,2.350992043068871,2.640331510430399,2.495661776749635,0.06864273230602602,2.3563096216784056,2.6350139318208643,0,0,0,13.243974088594353,0.3196
1115,1685340,2.0,2.718360814345985,0.01899995356364262,2.681121589653312,2.755600039038658,2.7148383209872295,0.07136579966186621,2.5704873660100103,2.859189275964449,2.7148383209872295,0.07316992268558954,2.5662954808337495,2.8633811611407096,0,0,0,14.830647522633287,0.3392
1116,1686340,2.0,2.630346603764487,0.018430603950802434,2.594223283807593,2.6664699237213814,2.626354400940832,0.05633749555607922,2.5124010602219395,2.740307741659725,2.626354400940832,0.056394502917869,2.5118674734575293,2.740841328424135,0,0,0,9.362555654766457,0.3165
1117,1687340,2.0,2.5497245658496235,0.01909018162194917,2.5123084974122745,2.5871406342869725,2.5341108071037444,0.06397277144636349,2.404713663169598,2.6635079510378907,2.5341108071037444,0.06283498779072798,2.406549000218274,2.661672613989215,0,0,0,10.833853275400294,0.3062
1118,1688340,2.0,2.5557306215061932,0.018921864203218727,2.518644449147527,2.5928167938648596,2.5385757100519593,0.0754002666578761,2.3860642753147228,2.6910871447891958,2.5385757100519593,0.07169444941741283,2.3930282398781264,2.684123180225792,0,0,0,14.356323139618931,0.3183
1119,1689340,2.0,2.507228377589142,0.01862117476687784,2.4707315456962355,2.543725209482049,2.5136502394243174,0.06350991674375503,2.3851893074944335,2.6421111713542014,2.5136502394243174,0.06266592962123445,2.3864316388690714,2.6408688399795635,0,0,0,11.32527668484131,0.3191
1120,1690340,2.0,2.58582985304425,0.018707601666755926,2.549163627540287,2.6224960785482128,2.5937753509014985,0.05824934768454575,2.4759549242419037,2.7115957775610933,2.5937753509014985,0.057207133396839166,2.4776386958401004,2.7099120059628965,0,0,0,9.351131066695366,0.3439
1121,1691340,2.0,2.5895948285487864,0.01883082171263855,2.55268709619272,2.6265025609048527,2.5930005211362506,0.05812906389031409,2.4754233914150756,2.7105776508574255,2.5930005211362506,0.05765912330260851,2.475946277783661,2.71005476448884,0,0,0,9.37556666769292,0.3086
1122,1692340,2.0,2.577864038862766,0.019134860718535904,2.540360401005245,2.6153676767202865,2.5667905031339044,0.06587891114563409,2.4335378277377218,2.700043178530087,2.5667905031339044,0.06741793162677649,2.429924825632146,2.703656180635663,0,0,0,12.413671193418189,0.3165
1123,1693340,2.0,2.732709385501305,0.01905567519416626,2.695360948419646,2.770057822582964,2.7136837161578358,0.07181944012129357,2.5684151867423717,2.8589522455733,2.7136837161578358,0.07178031299030199,2.5679619336639328,2.8594054986517388,0,0,0,14.189334018588974,0.3055
1124,1694340,2.0,2.553288453594644,0.018838013783170147,2.5163666250393613,2.5902102821499264,2.53612681733342,0.07557678779035742,2.383258334904319,2.688995299762521,2.53612681733342,0.07490772456473214,2.3840560518073644,2.6881975828594755,0,0,0,15.811861048701623,0.3008
1125,1695340,2.0,2.6127515144479476,0.018936310262871892,2.5756370283326424,2.649866000563253,2.607003253645471,0.07044080518804725,2.4645232765915295,2.7494832306994126,2.607003253645471,0.07275060027095309,2.4593116832504376,2.7546948240405045,0,0,0,14.759866885629474,0.3143
1126,1696340,2.0,2.6978384266180075,0.01845291930764006,2.661671369365409,2.734005483870606,2.7057439877147105,0.06583812562587797,2.5725738088190075,2.8389141666104134,2.7057439877147105,0.06607748239805078,2.571599566819605,2.839888408609816,0,0,0,12.822621122343218,0.3023
1127,1697340,2.0,2.5802784866210073,0.018972143482460572,2.5430937686858583,2.6174632045561563,2.5352736812042753,0.08335386912783813,2.366674566969465,2.7038727954390858,2.5352736812042753,0.06645745216685715,2.400357880669021,2.6701894817395297,0,0,0,12.27028284270945,0.3315
1128,1698340,2.0,2.5019633429771395,0.018577758945428503,2.4655516045306327,2.5383750814236463,2.510248479930063,0.051051483639758956,2.4069871075175175,2.6135098523426086,2.510248479930063,0.04890589065221267,2.410964243578862,2.6095327162812643,0,0,0,6.930039310527952,0.3169
1129,1699340,2.0,2.5646395824005395,0.018721243436063843,2.5279466195200473,2.6013325452810316,2.578153231214655,0.06545809960098489,2.4457517275088807,2.710554734920429,2.578153231214655,0.06482906979837524,2.4465432226358783,2.7097632397934315,0,0,0,11.9914085368402,0.3262
1130,1700340,2.0,2.6470326393747157,0.019348811949845633,2.60910966480938,2.6849556139400512,2.6072206848646675,0.07614327747038406,2.453206368903482,2.761235000825853,2.6072206848646675,0.06559424177628899,2.4740572945870536,2.7403840751422814,0,0,0,11.492719975397515,0.361
1131,1701340,2.0,2.5522424670485675,0.019280491768295924,2.5144533975784866,2.5900315365186484,2.5375829524793927,0.08278119666531876,2.370142177634675,2.7050237273241104,2.5375829524793927,0.08406050377222747,2.3669310573186757,2.7082348476401097,0,0,0,19.008496323042255,0.3211
1132,1702340,2.0,2.5881430160566716,0.019072843249279388,2.550760930205306,2.6255251019080372,2.579815605148166,0.07396961576569536,2.4301979349802862,2.729433275316046,2.579815605148166,0.07106009408340941,2.4355559447672217,2.7240752655291107,0,0,0,13.880997540184351,0.3667
1133,1703340,2.0,2.640694719703056,0.019337104876055992,2.6027946905807124,2.6785947488254,2.633185678743218,0.07921495587678648,2.4729583067601295,2.793413050726307,2.633185678743218,0.07869017931869832,2.4734361218328877,2.7929352356535486,0,0,0,16.559917339842944,0.3326
1134,1704340,2.0,2.7147570970004167,0.018714941583216082,2.6780764855245422,2.751437708476291,2.7105212645812107,0.07397112518574904,2.5609005413230936,2.8601419878393277,2.7105212645812107,0.07511113045885795,2.5580375631368373,2.863004966025584,0,0,0,16.10762999824907,0.3163
1135,1705340,2.0,2.5420407015892765,0.018815392401938844,2.505163210126488,2.5789181930520653,2.5364777053343355,0.058069711099046864,2.4190206279651356,2.6539347827035353,2.5364777053343355,0.05788814027042292,2.418958532819682,2.653996877848989,0,0,0,9.46569779276741,0.3492
1136,1706340,2.0,2.5024393761787707,0.01904568657136014,2.4651105164380667,2.5397682359194746,2.487140140000972,0.06991791518829293,2.3457178078017114,2.6285624722002323,2.487140140000972,0.06713233339974298,2.350854257724208,2.6234260222777355,0,0,0,12.424251081824274,0.3059
1137,1707340,2.0,2.717863136538366,0.019428065396563783,2.679784828071812,2.7559414450049196,2.693678195162096,0.07917265235994911,2.5335363901184,2.853820000205792,2.693678195162096,0.07061761380861142,2.550316817495113,2.837039572829079,0,0,0,13.21195128522044,0.3143
1138,1708340,2.0,2.614491340331298,0.018912129560229758,2.577424247522292,2.6515584331403037,2.6117297681632614,0.07741492493472626,2.455143302422463,2.7683162339040597,2.6117297681632614,0.07864478980729574,2.4520723568598886,2.7713871794666343,0,0,0,17.292550126750903,0.3107
1139,1709340,2.0,2.682212921885054,0.01864732096518044,2.6456648443851414,2.7187609993849664,2.6825291172013217,0.0682157233399601,2.5445497929978447,2.8205084414047987,2.6825291172013217,0.0642805507383901,2.5520326615150175,2.813025572887626,0,0,0,11.883005161738797,0.3351
1140,1710340,2.0,2.6248422351793,0.019086202304264478,2.5874339660612966,2.6622505042973037,2.618810761153796,0.07234023218752869,2.4724888303547305,2.765132691952861,2.618810761153796,0.06761927600231274,2.4815363328389526,2.756085189468639,0,0,0,12.551683721080169,0.3221
1141,1711340,2.0,2.6410464988878712,0.018824401790554637,2.6041513493478727,2.6779416484278697,2.6188425679665652,0.05862139438197388,2.5002696058302525,2.737415530102878,2.6188425679665652,0.05138390242772481,2.5145277002635993,2.723157435669531,0,0,0,7.450952604289671,0.353
1142,1712340,2.0,2.5782892621935973,0.018449290345297038,2.5421293175764927,2.614449206810702,2.57289346410792,0.06142186241190858,2.4486560207156054,2.697130907500235,2.57289346410792,0.06260434335401593,2.445799890322026,2.6999870378938144,0,0,0,11.514619680515212,0.331
1143,1713340,2.0,2.5507607731223114,0.01886374430024533,2.513788513680258,2.587733032564365,2.5415179810568818,0.05866021732248434,2.4228664921113094,2.660169470002454,2.5415179810568818,0.05971453131246145,2.4202910376077003,2.6627449245060633,0,0,0,10.020842912321276,0.3364
1144,1714340,2.0,2.4937700848870485,0.01895386660248541,2.4566211889784006,2.5309189807956964,2.473270490341166,0.0698682843529679,2.3319485459818714,2.614592434700461,2.473270490341166,0.066571203542528,2.3381237622363127,2.6084172184460197,0,0,0,12.336080019685841,0.3692
1145,1715340,2.0,2.715295970116078,0.019150238178434958,2.6777621929909814,2.7528297472411745,2.687417525277576,0.0812978873174401,2.522977026782418,2.851858023772734,2.687417525277576,0.0773336545346874,2.5304218600861343,2.8444131904690177,0,0,0,16.30754960898447,0.3246
1146,1716340,2.0,2.5088125767716942,0.018978609728432388,2.4716151852273254,2.546009968316063,2.47739866695007,0.060181200569429445,2.3556706990013736,2.599126634898766,2.47739866695007,0.056804105620756,2.362080201772203,2.5927171321279365,0,0,0,8.958404374523367,0.3218
1147,1717340,2.0,2.5826150992588874,0.019460501122977758,2.54447321793675,2.620756980581025,2.579011650941203,0.06463862798701997,2.448267685028224,2.7097556168541823,2.579011650941203,0.06172573028928901,2.4537017565038752,2.704321545378531,0,0,0,10.060612799392452,0.3306
1148,1718340,2.0,2.6003399225512642,0.018715160747220433,2.5636588815218344,2.637020963580694,2.6073355761037984,0.05722772925438572,2.49158156776663,2.7230895844409666,2.6073355761037984,0.056926484797587266,2.491768667988794,2.7229024842188028,0,0,0,9.252127535775813,0.3554
1149,1719340,2.0,2.5323464032618093,0.01907445027083579,2.494961167706071,2.5697316388175477,2.5125132918586877,0.07009419710978625,2.3707343958174563,2.654292187899919,2.5125132918586877,0.06593532472091855,2.3786574663909903,2.646369117326385,0,0,0,11.949018623151279,0.3353
1150,1720340,2.0,2.6752319036044154,0.018509036913983815,2.638954857864485,2.711508949344346,2.652727772533602,0.06497709177591388,2.521299198988066,2.784156346079138,2.652727772533602,0.060732203791382694,2.5294348441166004,2.7760207009506037,0,0,0,10.766398195991504,0.3073
1151,1721340,2.0,2.631413883172494,0.019201577340272655,2.5937794831391994,2.6690482832057887,2.610678840273051,0.07617305694309666,2.4566042896428066,2.7647533909032957,2.610678840273051,0.07607445037016111,2.4562394954393,2.7651181851068025,0,0,0,15.696536520583752,0.3129
1152,1722340,2.0,2.5166543104717523,0.01942767401630707,2.4785767690964056,2.554731851847099,2.4804588244694443,0.08532487611813867,2.307872972292024,2.6530446766468647,2.4804588244694443,0.07491388029867062,2.328375562139116,2.6325420867997726,0,0,0,14.869041379261871,0.3559
1153,1723340,2.0,2.6185645060137515,0.018882237393461128,2.581556000775032,2.655573011252471,2.6106318952687806,0.07508501537586262,2.4587581164372025,2.7625056741003586,2.6106318952687806,0.07000287818389148,2.4685184972673198,2.7527452932702414,0,0,0,13.744371527062523,0.3595
1154,1724340,2.0,2.6132914348061758,0.01882811846657939,2.5763890007150265,2.650193868897325,2.6180667697566116,0.06929224418008537,2.477909976624583,2.7582235628886402,2.6180667697566116,0.07045685317109404,2.4750317535344033,2.76110178597882,0,0,0,14.003372455527824,0.347
1155,1725340,2.0,2.6487642296467575,0.019329459128198712,2.610879185914849,2.686649273378666,2.653351450734314,0.08632349246510253,2.4787457063392897,2.8279571951293385,2.653351450734314,0.08420195809958857,2.4824123880221363,2.824290513446492,0,0,0,18.976013398311,0.3299
1156,1726340,2.0,2.671064412433188,0.018736193194026345,2.6343421485655116,2.7077866763008642,2.668256106530914,0.06170591949469208,2.5434441034564808,2.793068109605347,2.668256106530914,0.06182375162908569,2.5427472181945268,2.793764994867301,0,0,0,10.88799717647953,0.3187
1157,1727340,2.0,2.647632343171653,0.019479188882662177,2.609453834513582,2.685810851829724,2.616751255328257,0.08034608966431141,2.454235949303795,2.779266561352719,2.616751255328257,0.06584341407343192,2.483082018394713,2.750420492261801,0,0,0,11.425703386834149,0.3442
1158,1728340,2.0,2.524229275631662,0.019442555966688,2.486122566169549,2.562335985093775,2.4920337530164516,0.08374723454804173,2.3226389821179385,2.6614285239149647,2.4920337530164516,0.06389177786972715,2.3623265482131086,2.6217409578197945,0,0,0,10.798992278426272,0.334
1159,1729340,2.0,2.5783670751486683,0.019026317359371832,2.5410761783658704,2.615657971931466,2.5777951868827023,0.06593912259818853,2.4444207223281555,2.711169651437249,2.5777951868827023,0.06442044067880534,2.4470147395192785,2.708575634246126,0,0,0,11.46404572738614,0.325
1160,1730340,2.0,2.7940300385189607,0.018943291466105957,2.756901869496748,2.8311582075411734,2.7781205880628246,0.06115199234219142,2.6544290084101165,2.9018121677155326,2.7781205880628246,0.05382744099136449,2.668845073348828,2.887396102776821,0,0,0,8.074145737196314,0.2982
1161,1731340,2.0,2.6296098464516304,0.018961495283051105,2.592445998603824,2.6667736942994367,2.61121694436119,0.06661198650034397,2.476481484101333,2.745952404621047,2.61121694436119,0.06588690707207617,2.4774594119462745,2.7449744767761053,0,0,0,12.074052980850363,0.3067
1162,1732340,2.0,2.646780603816908,0.018929060115017174,2.6096803277302807,2.6838808799035356,2.64391492533425,0.07819875758323787,2.4857430084124794,2.802086842256021,2.64391492533425,0.07897515800667576,2.4835868309300744,2.804243019738426,0,0,0,17.406958985106378,0.2999
1163,1733340,2.0,2.5021731424853124,0.019086334458543224,2.464764614349682,2.539581670620943,2.4927950447154705,0.07588076976608948,2.3393117007042012,2.64627838872674,2.4927950447154705,0.06820752338350666,2.354326410728293,2.631263678702648,0,0,0,12.77084110279549,0.3208
1164,1734340,2.0,2.7038304985346615,0.01891088657472622,2.666765841932476,2.740895155136847,2.692933247532902,0.06764310055729245,2.5561121622325333,2.829754332833271,2.692933247532902,0.06561788488044432,2.559721859202094,2.8261446358637103,0,0,0,12.039838875617786,0.3152
1165,1735340,2.0,2.5835880973702388,0.019099274938009055,2.5461542063609124,2.621021988379565,2.5887891643888814,0.06727806258650752,2.4527064380774877,2.724871890700275,2.5887891643888814,0.06168153365907125,2.4635689938809606,2.714009334896802,0,0,0,10.429814060609095,0.3285
1166,1736340,2.0,2.560240524104616,0.019111482922576962,2.522782705885213,2.597698342324019,2.5518798307346247,0.0652601802892034,2.419878656623691,2.683881004845558,2.5518798307346247,0.06608875911782726,2.4177125168812963,2.686047144587953,0,0,0,11.958216774095431,0.3347
1167,1737340,2.0,2.627727281439451,0.01870536235661474,2.5910654449027146,2.6643891179761874,2.622148869362962,0.06482675216290817,2.4910243863875743,2.75327335233835,2.622148869362962,0.05505983593965631,2.510371459893703,2.7339262788322216,0,0,0,8.664381664607804,0.3073
1168,1738340,2.0,2.586501092474377,0.018729116748824434,2.549792698184435,2.623209486764319,2.545140103848253,0.07545655716173708,2.3925148108199727,2.6977653968765334,2.545140103848253,0.06212284510608195,2.419024023472928,2.6712561842235782,0,0,0,11.001909824753572,0.2995
1169,1739340,2.0,2.5201332876702116,0.018723527737508544,2.483435847641158,2.556830727699265,2.505931327051693,0.06871340313371493,2.3669453504483027,2.6449173036550837,2.505931327051693,0.06394458386458586,2.3761169203795287,2.6357457337238577,0,0,0,11.66358809802655,0.3209
1170,1740340,2.0,2.592437662841915,0.01893335441437707,2.5553289700832034,2.6295463556006267,2.5897616228154376,0.06307602432800824,2.4621783211351578,2.7173449244957175,2.5897616228154376,0.06075569736442302,2.466420999909544,2.7131022457213314,0,0,0,10.297193910165454,0.3402
1171,1741340,2.0,2.6182330038069246,0.01935627814662137,2.580295395764807,2.656170611849042,2.6101533666276047,0.07216570214627763,2.4641844561582515,2.756122277096958,2.6101533666276047,0.07197617181111367,2.464033969588754,2.7562727636664555,0,0,0,13.827185202719022,0.3083
1172,1742340,2.0,2.5427518209435327,0.018911264589487536,2.5056864234460297,2.5798172184410357,2.5453784810816904,0.06819670344594049,2.407437628245147,2.683319333918234,2.5453784810816904,0.06875088766797695,2.4058067589526817,2.684950203210699,0,0,0,13.216470103073771,0.3256
1173,1743340,2.0,2.593158188086271,0.018723272028421695,2.556461249237818,2.6298551269347237,2.584534313510693,0.07220893673217263,2.4384779528370184,2.7305906741843677,2.584534313510693,0.07059919140366021,2.441210335314059,2.727858291707327,0,0,0,14.217916508030083,0.3286
1174,1744340,2.0,2.5126915351929475,0.019064917397576302,2.475324983725467,2.550058086660428,2.5040387942429723,0.072528884734424,2.35733527765026,2.6507423108356845,2.5040387942429723,0.07092499867660361,2.3600533921184543,2.64802419636749,0,0,0,13.839768218328873,0.3052
1175,1745340,2.0,2.6378606908123587,0.01882985253106083,2.600954858017279,2.6747665236074383,2.639791569343568,0.06295856880260407,2.512445843888031,2.767137294799105,2.639791569343568,0.06473758339512714,2.508367288037353,2.7712158506497833,0,0,0,11.82004498514779,0.3308
1176,1746340,2.0,2.530176779334892,0.018597294513022854,2.493726751879483,2.5666268067903015,2.517334220714972,0.058205686979393954,2.39960210616725,2.635066335262694,2.517334220714972,0.05553111024076155,2.4046000735506583,2.6300683678792858,0,0,0,8.91606396311947,0.2969
1177,1747340,2.0,2.491601414952246,0.018658907597738833,2.4550306280698173,2.528172201834675,2.4906504883043703,0.06796343975881312,2.3531814558097537,2.628119520798987,2.4906504883043703,0.06373432250096374,2.3612629348934995,2.620038041715241,0,0,0,11.66740623037459,0.3234
1178,1748340,2.0,2.579764054653575,0.018883416695065207,2.542753238026185,2.616774871280965,2.576426222593142,0.06736296331277644,2.4401717683536193,2.7126806768326643,2.576426222593142,0.06507728078197245,2.4443123189286857,2.708540126257598,0,0,0,11.87675075238036,0.3155
1179,1749340,2.0,2.6955522670092975,0.018640904066164952,2.659016766400348,2.732087767618247,2.695335052938014,0.060308228205842876,2.5733501473425506,2.8173199585334774,2.695335052938014,0.06128470616746351,2.570920485066954,2.819749620809074,0,0,0,10.808620622722163,0.3194
1180,1750340,2.0,2.489758405990623,0.018878079081712767,2.4527580508931672,2.526758761088079,2.4771485443030263,0.06163148937553241,2.3524870903547948,2.601809998251258,2.4771485443030263,0.06213979307210817,2.350998057727504,2.603299030878549,0,0,0,10.834877444928747,0.3265
1181,1751340,2.0,2.5305556017204442,0.018868808272486156,2.4935734170751798,2.5675377863657087,2.5292002964151803,0.06054867951628996,2.4067290321373647,2.651671560692996,2.5292002964151803,0.06202215375506309,2.403288630349865,2.6551119624804955,0,0,0,10.80450173022092,0.3095
1182,1752340,2.0,2.637712562031658,0.01900603237531334,2.600461423087042,2.6749637009762743,2.6145836683337595,0.0759417686092632,2.46097694251627,2.768190394151249,2.6145836683337595,0.0757701603603878,2.4607620650613367,2.7684052716061824,0,0,0,15.893278122944412,0.3047
1183,1753340,2.0,2.475913346433546,0.019254657706263174,2.438174910794624,2.5136517820724684,2.442094153168219,0.05917230011782139,2.3224068790022114,2.5617814273342265,2.442094153168219,0.05490533467921529,2.3306303979327057,2.5535579084037323,0,0,0,8.131253134821316,0.3132
1184,1754340,2.0,2.5935837548876006,0.0198230551815855,2.554731280668143,2.6324362291070584,2.5910943214608397,0.08368058399088468,2.421834364039104,2.7603542788825757,2.5910943214608397,0.08421186122197684,2.420135154341387,2.7620534885802925,0,0,0,18.047013879513823,0.3082
1185,1755340,2.0,2.56736385675708,0.01902681596517808,2.5300719827248592,2.6046557307893003,2.5518779826599065,0.06942301944573306,2.4114566715854866,2.6922992937343264,2.5518779826599065,0.07051606265667865,2.408722764791585,2.695033200528228,0,0,0,13.735481076304506,0.31
1186,1756340,2.0,2.534566346128247,0.01942352102777169,2.496496944460858,2.5726357477956356,2.523535105552833,0.08008626158503568,2.3615453514250926,2.6855248596805734,2.523535105552833,0.08141087888831026,2.3582622348758457,2.6888079762298203,0,0,0,17.5674597186216,0.3016
1187,1757340,2.0,2.589710776672557,0.018546163950071904,2.553360963279041,2.626060590066073,2.6007928851016664,0.0651904037936744,2.4689328472746714,2.7326529229286614,2.6007928851016664,0.06509131320065933,2.4686504941127816,2.732935276090551,0,0,0,12.317934132789697,0.3005
1188,1758340,2.0,2.540465270949547,0.018894531570561403,2.5034326695664917,2.5774978723326023,2.5257896738730468,0.06406916595038616,2.396197553650872,2.6553817940952213,2.5257896738730468,0.06456263799100649,2.394720550618748,2.6568587971273456,0,0,0,11.675897541139328,0.3071
1189,1759340,2.0,2.588369514367265,0.019274438408676504,2.5505923092640232,2.6261467194705066,2.5681047162539214,0.0707212346818303,2.4250575170091944,2.7111519154986485,2.5681047162539214,0.0657092817240794,2.4347077824662327,2.7015016500416102,0,0,0,11.622243593550888,0.338
1190,1760340,2.0,2.4631561946217118,0.01961347466259875,2.424714490671329,2.5015978985720944,2.4589311560745153,0.07636148111711179,2.3044754815783746,2.613386830570656,2.4589311560745153,0.0759540421136094,2.3047362529970163,2.6131260591520142,0,0,0,14.996596435583239,0.3186
1191,1761340,2.0,2.581250046262509,0.018731260105130838,2.5445374510714007,2.6179626414536177,2.5547041233050516,0.05912839481820859,2.4351056559899122,2.674302590620191,2.5547041233050516,0.04553951279152851,2.4622539973383115,2.6471542492717917,0,0,0,5.910752448029514,0.3095
1192,1762340,2.0,2.4504405043197717,0.018859207507478104,2.4134771368281474,2.487403871811396,2.43941073205321,0.06276620495880784,2.312454099197863,2.566367364908557,2.43941073205321,0.058140385596899706,2.3213794743014122,2.557441989805008,0,0,0,9.504054922666697,0.3183
1193,1763340,2.0,2.517293708077555,0.018734915336996956,2.4805739487636336,2.554013467391476,2.501896003637108,0.060701928269866666,2.3791147644969257,2.62467724277729,2.501896003637108,0.05728920533097156,2.385592733691541,2.618199273582675,0,0,0,9.350656999404714,0.3179
1194,1764340,2.0,2.5388856380619176,0.01954160802463473,2.5005847901336344,2.5771864859902007,2.5090599159413505,0.08585297236658687,2.3354058882772883,2.6827139436054126,2.5090599159413505,0.07774177214976137,2.3512357279438882,2.6668841039388127,0,0,0,15.826623721388888,0.3024
1195,1765340,2.0,2.4972229017417193,0.019362486516718975,2.4592731255178077,2.535172677965631,2.4767750264079527,0.07259447932819031,2.3299388322260257,2.6236112205898796,2.4767750264079527,0.07062905564514836,2.3333904205779024,2.620159632238003,0,0,0,13.305908796726602,0.3263
1196,1766340,2.0,2.6237073593721636,0.019226844733543403,2.586023436158075,2.6613912825862522,2.5915494684581772,0.07544021309411408,2.4389572344270745,2.74414170248928,2.5915494684581772,0.06764940436780482,2.4542138763096832,2.7288850606066712,0,0,0,12.379751179749904,0.316
1197,1767340,2.0,2.6420541345542223,0.019110024373443654,2.60459917503859,2.6795090940698545,2.6438276637074076,0.08167998648499841,2.478614296695476,2.809041030719339,2.6438276637074076,0.08032119296693586,2.4807669730587056,2.8068883543561096,0,0,0,17.665983417552326,0.3037
1198,1768340,2.0,2.4929615607694386,0.019017491796759815,2.4556879617715035,2.530235159767374,2.4820261636320966,0.056690691263854134,2.3673584171620914,2.596693910102102,2.4820261636320966,0.05228351653787193,2.3758849821917547,2.5881673450724385,0,0,0,7.558282236608304,0.3169
1199,1769340,2.0,2.572571500666848,0.018910565658597715,2.5355074730487166,2.6096355282849792,2.57575145985605,0.058690717951404174,2.457038277565306,2.694464642146794,2.57575145985605,0.05777225865603839,2.458467539525497,2.693035380186603,0,0,0,9.333180272401274,0.3126
1200,1770340,2.0,2.4877477591460253,0.019192626999868182,2.4501309014575727,2.525364616834478,2.473848421860827,0.07681733937170639,2.318470687012294,2.6292261567093598,2.473848421860827,0.07168460300856833,2.328320940959654,2.619375902762,0,0,0,13.950279942795035,0.3218
1201,1771340,2.0,2.5719979936872033,0.01885435877572971,2.5350441295351764,2.60895185783923,2.554596831461933,0.07202267727970649,2.408917216091533,2.7002764468323335,2.554596831461933,0.0701316660230621,2.4122219802471094,2.696971682676757,0,0,0,13.835816009814925,0.3132
1202,1772340,2.0,2.4782225764512793,0.01898516493472365,2.4410123369386683,2.5154328159638903,2.4727982558833794,0.06959864291990168,2.3320217128024137,2.613574798964345,2.4727982558833794,0.05875133457510044,2.3535267057671794,2.5920698059995795,0,0,0,9.57649803257105,0.3232
1203,1773340,2.0,2.5218732948180316,0.018882704903397707,2.4848638732766744,2.558882716359389,2.523777998445239,0.06440392225563252,2.3935087696840176,2.65404722720646,2.523777998445239,0.0631029453253191,2.3956722088443607,2.651883788046117,0,0,0,11.167882823922339,0.3035
1204,1774340,2.0,2.607032183996525,0.019210841716717622,2.569379626119059,2.644684741873991,2.5739916651981876,0.08648858548599538,2.3990519886488415,2.7489313417475336,2.5739916651981876,0.06633362340184992,2.4393272504205195,2.7086560799758557,0,0,0,11.922701037271542,0.315
1205,1775340,2.0,2.5904847235035695,0.018459153186984205,2.5543054480719727,2.6266639989351663,2.575272382833432,0.052634071405741466,2.4688099245164725,2.6817348411503916,2.575272382833432,0.05179897137488698,2.4701148803700614,2.6804298852968027,0,0,0,7.8744226879548425,0.3143
1206,1776340,2.0,2.565742978138722,0.018819280919807987,2.5288578653209566,2.602628090956488,2.541961516975137,0.06359162221082006,2.4133353201389034,2.6705877138113707,2.541961516975137,0.056383629757257865,2.427496663181396,2.656426370768878,0,0,0,8.976354816148385,0.3175
1207,1777340,2.0,2.6260322862492957,0.019026671673659862,2.588740695023254,2.6633238774753374,2.594348610203223,0.06239154576971095,2.468149797087771,2.7205474233186755,2.594348610203223,0.05675874921874244,2.479122223416681,2.7095749969897653,0,0,0,8.89897496179547,0.3026
1208,1778340,2.0,2.5044881789304423,0.018870081518746654,2.467503498768364,2.5414728590925204,2.48072111091115,0.07310455347219467,2.3328531943896,2.6285890274327,2.48072111091115,0.07081916116230388,2.336950570363518,2.624491651458782,0,0,0,14.08490765667163,0.3398
1209,1779340,2.0,2.644389788103094,0.018490891014141732,2.608148307673321,2.6806312685328675,2.631113635262854,0.05317799067864735,2.5235509963713545,2.7386762741543533,2.631113635262854,0.053324063372293395,2.5228600314442375,2.7393672390814703,0,0,0,8.316312379420022,0.2933
1210,1780340,2.0,2.5622672621354368,0.01919151039955344,2.524652592943386,2.5998819313274875,2.555817527504874,0.07354774815031336,2.4070531651320843,2.7045818898776632,2.555817527504874,0.0731244334454126,2.407367035418527,2.7042680195912205,0,0,0,14.517997496410212,0.3152
1211,1781340,2.0,2.50727810812822,0.019637833173213895,2.468788662374315,2.545767553882125,2.4856825687351094,0.09144477069983467,2.30071806135571,2.6706470761145087,2.4856825687351094,0.07531508147407924,2.3327848247177605,2.6385803127524583,0,0,0,14.708783916163073,0.3282
1212,1782340,2.0,2.468768513639048,0.018836383825407803,2.431849879742276,2.50568714753582,2.4525278508694273,0.07247632878276675,2.305930638722926,2.5991250630159284,2.4525278508694273,0.07115610372141788,2.3080732805611732,2.5969824211776813,0,0,0,14.27017359221829,0.3043
1213,1783340,2.0,2.535811241986609,0.018494583404368024,2.499562524604975,2.5720599593682425,2.5267342186432487,0.06210213196948668,2.4011208001936435,2.652347637092854,2.5267342186432487,0.0558847539950527,2.4132821364895722,2.640186300796925,0,0,0,9.130563489563105,0.3199
1214,1784340,2.0,2.6714053240174955,0.01884075884031473,2.634478115249074,2.708332532785917,2.6536005312145816,0.06634714245276398,2.5194007686049904,2.787800293824173,2.6536005312145816,0.06191886721644932,2.527898547970188,2.7793025144589754,0,0,0,10.800633357692451,0.3092
1215,1785340,2.0,2.5901607242462625,0.018662476534704986,2.553582942375917,2.626738506116608,2.5691010492460413,0.06459903448232704,2.4384371687554967,2.699764929736586,2.5691010492460413,0.060095327876535785,2.4471010476730823,2.6911010508190003,0,0,0,10.369143115120648,0.3043
1216,1786340,2.0,2.652260591299645,0.01884530203744468,2.615324478028474,2.689196704570816,2.634832593145002,0.06816033666003814,2.496965299076094,2.7726998872139097,2.634832593145002,0.06437332701792814,2.504147791598054,2.76551739469195,0,0,0,11.668249476731773,0.3127
1217,1787340,2.0,2.673462421958558,0.019117797849656074,2.635992226709515,2.710932617207601,2.652307003046828,0.06857610930056333,2.5135987294331303,2.791015276660526,2.652307003046828,0.0585796070477782,2.533384078345344,2.7712299277483123,0,0,0,9.388953280776672,0.3291
1218,1788340,2.0,2.566055487472997,0.019016136472418142,2.528784544861959,2.603326430084035,2.5397590272378383,0.07010240050780354,2.397963538257924,2.6815545162177528,2.5397590272378383,0.05338568168251113,2.4313803315991236,2.648137722876553,0,0,0,7.881429846072109,0.3219
1219,1789340,2.0,2.521570767891297,0.018591781700465958,2.4851315453499527,2.558009990432641,2.523815587005433,0.059877557913927376,2.402701794298957,2.6449293797119093,2.523815587005433,0.061037778806025525,2.39990230832853,2.6477288656823363,0,0,0,10.77842786034137,0.3459
1220,1790340,2.0,2.708553522840119,0.018814029621963217,2.6716787023770014,2.7454283433032365,2.6808518471222094,0.06717579528474091,2.5449759759535158,2.816727718290903,2.6808518471222094,0.052955418395369686,2.5733466323939553,2.7883570618504634,0,0,0,7.922407195129716,0.3389
1221,1791340,2.0,2.5937309129095496,0.01914133648931031,2.556214582774539,2.63124724304456,2.5864471245492884,0.06269232212954434,2.4596399338218395,2.713254315276737,2.5864471245492884,0.06327418640938394,2.457993697066008,2.7149005520325686,0,0,0,10.927193244151466,0.3221
1222,1792340,2.0,2.6403203692666652,0.018621439053588908,2.6038230193813234,2.676817719152007,2.6213166736667755,0.059821750223818214,2.500315762668351,2.7423175846651997,2.6213166736667755,0.059510384227811214,2.500504170832672,2.742129176500879,0,0,0,10.213133967466144,0.312
1223,1793340,2.0,2.6182672322699134,0.018783283424939425,2.581452673245624,2.6550817912942026,2.6218824632796336,0.06732753811554576,2.4856996632648904,2.7580652632943767,2.6218824632796336,0.06733940291768425,2.4851762075327986,2.7585887190264686,0,0,0,12.852733397910562,0.3255
1224,1794340,2.0,2.627756361606281,0.0188515469661332,2.5908080084997946,2.6647047147127676,2.6006372548786447,0.0748264512125129,2.4492864714325213,2.751988038324768,2.6006372548786447,0.07030708273358133,2.4579062888090486,2.743368220948241,0,0,0,13.909264547680921,0.3119
1225,1795340,2.0,2.466742463597011,0.018809713071313825,2.4298761034177034,2.5036088237763185,2.456818536316135,0.06532074354605068,2.3246948614554883,2.5889422111767812,2.456818536316135,0.06429487572687277,2.3262929993571397,2.58734407327513,0,0,0,11.683914787803939,0.3139
1226,1796340,2.0,2.5688421036338163,0.018620192333062148,2.5323471972758056,2.605337009991827,2.5623677333328336,0.05992938859868089,2.441149103170927,2.68358636349474,2.5623677333328336,0.05938756072289125,2.4418045754698436,2.6829308911958236,0,0,0,10.17238174284812,0.3191
1227,1797340,2.0,2.5767700144918093,0.01914698687394422,2.5392426098064176,2.614297419177201,2.555912774892647,0.07721471972166002,2.399731262418462,2.712094287366832,2.555912774892647,0.07717400261322349,2.3992412203327294,2.712584329452565,0,0,0,16.245802594027392,0.3147
1228,1798340,2.0,2.5088149213421316,0.019122453888371655,2.4713356004248954,2.5462942422593677,2.519398782453543,0.07204252766951975,2.3736790158799086,2.6651185490271776,2.519398782453543,0.06896529196254454,2.379391796466282,2.6594057684408043,0,0,0,13.006903361890494,0.3082
1229,1799340,2.0,2.6119220030272055,0.01883162653469598,2.5750126932488926,2.6488313128055183,2.6216830932837603,0.06537576509342655,2.48944812683883,2.7539180597286905,2.6216830932837603,0.058772727035255115,2.5023681141645957,2.740998072402925,0,0,0,9.740382665714971,0.355
1230,1800340,2.0,2.4789090002689207,0.019077688316138878,2.4415174182610078,2.5163005822768336,2.4642209016033605,0.06513893853675766,2.332464962084228,2.595976841122493,2.4642209016033605,0.06595580017867618,2.3303235087465346,2.5981182944601864,0,0,0,11.952382660841899,0.3332
1231,1801340,2.0,2.5506613420593736,0.01925363361212487,2.512924913608079,2.588397770510668,2.539870169810266,0.08662244672123844,2.364659733355849,2.715080606264683,2.539870169810266,0.08156792805134273,2.3742784723822816,2.70546186723825,0,0,0,17.94789231499133,0.3015
1232,1802340,2.0,2.628639990867915,0.018595705788016156,2.5921930772563004,2.6650869044795296,2.617204324758812,0.059283667158948505,2.497291789489925,2.7371168600276987,2.617204324758812,0.056614945110984236,2.5022698758315447,2.732138773686079,0,0,0,9.26908465143585,0.3096
1233,1803340,2.0,2.6257172076315745,0.019031495102926704,2.5884161626578877,2.6630182526052613,2.6035127901500816,0.07403677797909734,2.453759271582984,2.7532663087171794,2.6035127901500816,0.07217833460517176,2.4569829808202166,2.7500425994799467,0,0,0,14.383610011415993,0.3314
1234,1804340,2.0,2.6159286743259327,0.019123783182418877,2.578446748040239,2.6534106006116263,2.6057187698316766,0.07383007306365562,2.4563833514201696,2.7550541882431836,2.6057187698316766,0.07399444754420223,2.4555020552256877,2.7559354844376656,0,0,0,14.970994183137082,0.3105
1235,1805340,2.0,2.6743139239987066,0.01908603848653139,2.6369059759575597,2.7117218720398535,2.6362534306854597,0.07306917652959373,2.488457070784487,2.7840497905864323,2.6362534306854597,0.059786934413606586,2.5148795011266136,2.7576273602443058,0,0,0,9.812529613989684,0.2996
1236,1806340,2.0,2.517982064805996,0.01880491990505857,2.4811250990599207,2.5548390305520714,2.517370763518825,0.051779284586270034,2.4126372747401774,2.622104252297473,2.517370763518825,0.05198446685978149,2.4118366852009157,2.6229048418367347,0,0,0,7.641950365880727,0.3128
1237,1807340,2.0,2.6539814002999824,0.01865524503840593,2.6174177919019375,2.6905450086980274,2.6354000078162354,0.06695967182190848,2.4999612876134196,2.770838728019051,2.6354000078162354,0.06634318040239542,2.50071619129599,2.770083824336481,0,0,0,12.647091438483768,0.3038
1238,1808340,2.0,2.601203106084197,0.019339129582632668,2.563299108609884,2.63910710355851,2.5945343917836565,0.0686211745759807,2.455734965046563,2.73333381852075,2.5945343917836565,0.06957000297626958,2.4532997771731315,2.7357690063941815,0,0,0,12.941070317780476,0.3111
1239,1809340,2.0,2.5843074008908165,0.019092249898261998,2.5468872787063845,2.6217275230752484,2.576613816894317,0.06065870521440727,2.453920004635949,2.699307629152685,2.576613816894317,0.06115798102373059,2.4524565147422575,2.700771119046377,0,0,0,10.261056034910638,0.3282
1240,1810340,2.0,2.6974629569748343,0.018811139807189257,2.6605938004445955,2.734332113505073,2.6841145480776745,0.07732193191016215,2.527716178483289,2.84051291767206,2.6841145480776745,0.06789085824210198,2.546288778504663,2.821940317650686,0,0,0,13.025439178722014,0.3239
1241,1811340,2.0,2.614962992030083,0.01895506267256322,2.5778117518671597,2.6521142321930067,2.5899653147811232,0.05078966299159234,2.487233524616302,2.6926971049459443,2.5899653147811232,0.04790476316532804,2.4927134752782356,2.687217154284011,0,0,0,6.387147498109872,0.3074
1242,1812340,2.0,2.549381051368916,0.018653403476234894,2.5128210523664016,2.5859410503714306,2.536044478493781,0.056851709989774214,2.4210510409089014,2.6510379160786606,2.536044478493781,0.056396245100658236,2.4215540141913854,2.6505349427961766,0,0,0,9.14080007496779,0.322
1243,1813340,2.0,2.6043703111229335,0.01888701893950743,2.567352434226173,2.641388188019694,2.5803493010752123,0.07155004104526655,2.435625682724694,2.7250729194257306,2.5803493010752123,0.06978364844658735,2.4386809631015605,2.722017639048864,0,0,0,13.651504342177583,0.3065
1244,1814340,2.0,2.5394008457402095,0.018685756878769676,2.5027774352339494,2.5760242562464697,2.512682107761508,0.0628985674883889,2.385457746419424,2.639906469103592,2.512682107761508,0.06059778730712168,2.3896620593148925,2.6357021562081235,0,0,0,10.517006565677988,0.3106
1245,1815340,2.0,2.6077014213771643,0.019409051564869478,2.5696603793359394,2.6457424634183893,2.5912841130416457,0.08146716400027947,2.4265012201371348,2.7560670059461567,2.5912841130416457,0.07810959187301575,2.432713211307838,2.7498550147754535,0,0,0,16.195714393491706,0.35
1246,1816340,2.0,2.511962142428853,0.01921337560270712,2.474304618226107,2.5496196666315996,2.5026878285144702,0.07296643208009393,2.355099288878585,2.6502763681503554,2.5026878285144702,0.0727306397589227,2.3550367801131618,2.6503388769157787,0,0,0,14.32938230720341,0.3107
1247,1817340,2.0,2.6300588024263813,0.01853204013834766,2.593736671195169,2.6663809336575937,2.6123296243918364,0.056879359078740505,2.4972802612457574,2.7273789875379153,2.6123296243918364,0.052515943500190024,2.5057165911325536,2.718942657651119,0,0,0,8.030376002100668,0.3227
1248,1818340,2.0,2.66906409273696,0.018867852952590535,2.632083780484285,2.706044404989635,2.6439523625853276,0.07477679119289117,2.4927020260099817,2.7952026991606735,2.6439523625853276,0.07240374889407078,2.4969649379204277,2.7909397872502275,0,0,0,14.72574044100397,0.3155
1249,1819340,2.0,2.509642903431764,0.018872187817760972,2.472654094999477,2.546631711864051,2.4842563057716474,0.07482138748606511,2.3329157646790315,2.635596846864263,2.4842563057716474,0.06836009893825738,2.345477926941113,2.6230346846021817,0,0,0,13.120816602482618,0.3053
1250,1820340,2.0,2.566256997431995,0.018935408035938302,2.5291442796489854,2.6033697152150044,2.552860426296083,0.06612704158249637,2.419105859718274,2.6866149928738916,2.552860426296083,0.06625927036698807,2.4183469562039774,2.687373896388188,0,0,0,12.244581951182942,0.3025
1251,1821340,2.0,2.58447415078381,0.018871962209816795,2.547485784534968,2.621462517032652,2.570498862047907,0.06742573766319758,2.4341174346997767,2.7068802893960373,2.570498862047907,0.06542863728443118,2.437671666762167,2.703326057333647,0,0,0,12.019921566853169,0.316
1252,1822340,2.0,2.605432167195775,0.01867771272797151,2.5688245229353655,2.6420398114561845,2.613446666666177,0.05687713454572728,2.4984018030628254,2.7284915302695287,2.613446666666177,0.0535771512160359,2.5046792672094353,2.722214066122919,0,0,0,8.228332873429478,0.3365
1253,1823340,2.0,2.6032562240471417,0.019485276782101265,2.5650657833254287,2.641446664768855,2.604980019338725,0.08392736457336829,2.435220901073558,2.774739137603892,2.604980019338725,0.08426191010233616,2.4339192475904547,2.7760407910869955,0,0,0,18.700337348808215,0.3068
1254,1824340,2.0,2.518078116382525,0.019498960857414933,2.4798608553660353,2.5562953773990147,2.5089621837580487,0.08449583683930098,2.338053221802287,2.6798711457138102,2.5089621837580487,0.0852621647074249,2.3358707872057187,2.6820535803103787,0,0,0,19.12008305367145,0.316
1255,1825340,2.0,2.558274059826901,0.018372677349879362,2.5222642739215626,2.5942838457322397,2.561487178221753,0.055777672254797885,2.4486661870111868,2.674308169432319,2.561487178221753,0.05451268142547211,2.450820551469717,2.672153804973789,0,0,0,8.80339509959492,0.3139
1256,1826340,2.0,2.6498816079769583,0.019042233300544876,2.612559516522681,2.6872036994312354,2.649255323804433,0.0732874886799426,2.5010173858992166,2.7974932617096497,2.649255323804433,0.07325256147693766,2.5005447179854565,2.79796592962341,0,0,0,14.798233227823223,0.3183
1257,1827340,2.0,2.7061695819390827,0.019419354528974243,2.6681083464592783,2.744230817418887,2.681854683922244,0.07889828779772942,2.5222678335873296,2.8414415342571586,2.681854683922244,0.0747096739428682,2.5301859825338293,2.833523385310659,0,0,0,14.800762883162239,0.3138
1258,1828340,2.0,2.600045397248919,0.018629373946123542,2.563532495259988,2.6365582992378496,2.5852210683449046,0.06499607607549165,2.453754095428989,2.71668804126082,2.5852210683449046,0.053614262789047996,2.476378328389561,2.6940638083002484,0,0,0,8.282551723622761,0.3102
1259,1829340,2.0,2.5752087360850715,0.01877475819894795,2.5384108861966856,2.6120065859734574,2.5606679085072734,0.07898099526529079,2.4009137665287033,2.7204220504858436,2.5606679085072734,0.07625799744250968,2.40585594330674,2.7154798737078067,0,0,0,16.497650083677684,0.3657
1260,1830340,2.0,2.5528515057898797,0.01939415661258643,2.514839657318681,2.5908633542610784,2.5540343953431925,0.0700749668777983,2.412294396117593,2.695774394568792,2.5540343953431925,0.07072941021254245,2.410446058910239,2.697622731776146,0,0,0,13.300203216577684,0.3092
1261,1831340,2.0,2.5809768670095026,0.019009825097257543,2.5437182944664722,2.618235439552533,2.569374746512647,0.0648120632841004,2.438279974599049,2.700469518426245,2.569374746512647,0.06505468142428701,2.437306721983402,2.7014427710418922,0,0,0,11.711185679361733,0.3059
1262,1832340,2.0,2.5089165096670043,0.018887829827662957,2.4718970434586636,2.545935975875345,2.5059049013692634,0.06597318147746123,2.372461546228865,2.6393482565096615,2.5059049013692634,0.06564635020898033,2.3726357253493138,2.639174077389213,0,0,0,12.079725015722284,0.3105
1263,1833340,2.0,2.719698247912446,0.018647710853001674,2.683149406246446,2.7562470895784457,2.7194764810070655,0.06108249334747791,2.595925476339916,2.843027485674215,2.7194764810070655,0.06034646532139804,2.596966643316211,2.84198631869792,0,0,0,10.472554313983283,0.3147
1264,1834340,2.0,2.548901638597836,0.018760364700722027,2.512131999447584,2.5856712777480877,2.543106678280714,0.07324186415529162,2.3949610246872397,2.6912523318741886,2.543106678280714,0.07130445517987666,2.3983509385004753,2.687862418060953,0,0,0,14.446105367166906,0.3241
1265,1835340,2.0,2.559543609563697,0.018724256044005384,2.52284474208014,2.596242477047254,2.5529672261355056,0.07287380567989331,2.405566041078262,2.7003684111927493,2.5529672261355056,0.06949195724181952,2.411891052789254,2.694043399481757,0,0,0,13.773995762759617,0.3179
1266,1836340,2.0,2.5567162884523618,0.01876608028813134,2.5199354469566373,2.5934971299480862,2.5551439090789265,0.06407546545847026,2.4255390468989497,2.6847487712589033,2.5551439090789265,0.06551495968638942,2.422141470000586,2.688146348157267,0,0,0,12.188038463416257,0.3305
1267,1837340,2.0,2.50444391107495,0.01900257517819309,2.4671995481121765,2.5416882740377233,2.4914345521911914,0.06383151799564114,2.362323120329245,2.6205459840531375,2.4914345521911914,0.06452414168798226,2.36044358058687,2.6224255237955125,0,0,0,11.529741055060486,0.309
1268,1838340,2.0,2.5913189300763197,0.018537687451736125,2.554985730314257,2.6276521298383826,2.5811601493302216,0.06732614833396373,2.4449801604140653,2.717340138246378,2.5811601493302216,0.06552035058959486,2.448146766136543,2.7141735325239003,0,0,0,12.492268612299771,0.3268
1269,1839340,2.0,2.4864612798787924,0.018831556628980475,2.4495521071131643,2.5233704526444205,2.5020535387395166,0.06947701853629909,2.3615230041949187,2.6425840732841146,2.5020535387395166,0.06262127126842955,2.3749255994603624,2.629181478018671,0,0,0,11.057865896040298,0.3077
1270,1840340,2.0,2.6410682850951983,0.01935407640617512,2.603134992385059,2.6790015778053378,2.63172500252814,0.07374142284612782,2.482568896106686,2.7808811089495937,2.63172500252814,0.07384432807978321,2.4818130466370527,2.781636958419227,0,0,0,14.557586650461047,0.3062
1271,1841340,2.0,2.657037364302548,0.019280122789597606,2.6192490180174266,2.6948257105876694,2.616249035996981,0.07030659226447619,2.4740405302048987,2.7584575417890638,2.616249035996981,0.06317241583017347,2.488002213773419,2.7444958582205436,0,0,0,10.735823919490993,0.3131
1272,1842340,2.0,2.5975494879693195,0.018832095119391587,2.5606392597818797,2.6344597161567593,2.602286513467346,0.07142534910270697,2.4578151083768445,2.7467579185578472,2.602286513467346,0.07298610344228643,2.4541168462170604,2.7504561807176313,0,0,0,15.020454650405947,0.3222
1273,1843340,2.0,2.5740337234969566,0.01937788802183012,2.5360537608777194,2.612013686116194,2.5792365273803743,0.08806903781988383,2.401100084245721,2.7573729705150276,2.5792365273803743,0.08700918556698667,2.4025984899302295,2.755874564830519,0,0,0,20.161243885656578,0.3
1274,1844340,2.0,2.5694888698387293,0.01872632152024935,2.532785954096123,2.6061917855813355,2.561668997410994,0.06520761583749701,2.4297741449392434,2.6935638498827443,2.561668997410994,0.06218416197664984,2.4354284371705934,2.6879095576513943,0,0,0,11.026930072265788,0.3013
1275,1845340,2.0,2.4902840426657784,0.019386583987643945,2.4522870362667355,2.5282810490648213,2.498734899575197,0.0819245120531244,2.3330269329169,2.6644428662334936,2.498734899575197,0.07981579307215757,2.336700225259821,2.6607695738905726,0,0,0,16.950210056618058,0.3082
1276,1846340,2.0,2.5277549710127407,0.01901891914722742,2.4904785744592957,2.5650313675661858,2.536618568940722,0.06202331724051924,2.4111645683277643,2.6620725695536795,2.536618568940722,0.061782920380848205,2.411192572445102,2.6620445654363416,0,0,0,10.552739108743447,0.3124
1277,1847340,2.0,2.4865619033799753,0.019227364186760163,2.44887696205629,2.5242468447036606,2.4710369420579377,0.061437257595844855,2.346768358966863,2.5953055251490125,2.4710369420579377,0.06095124904273957,2.347299328139511,2.594774555976364,0,0,0,10.049066377019258,0.3119
1278,1848340,2.0,2.534501785354593,0.018848183867255244,2.497560023800784,2.571443546908402,2.522677954920127,0.07152872850847566,2.3779974452442585,2.667358464595995,2.522677954920127,0.07314477777753285,2.374186161643848,2.6711697481964056,0,0,0,15.06009218082804,0.332
1279,1849340,2.0,2.603216019970195,0.018970583677798535,2.5660343591960064,2.6403976807443836,2.590988467692169,0.06138262279409734,2.4668303939185066,2.715146541465831,2.590988467692169,0.05128700319199131,2.4868703158959065,2.695106619488431,0,0,0,7.30892086304662,0.3089
1280,1850340,2.0,2.5526085815334327,0.01926329001923767,2.514853226871977,2.5903639361948883,2.546121026757699,0.06615501859023613,2.4123098713403652,2.679932182175033,2.546121026757699,0.06521620560216258,2.4137250907143444,2.6785169628010537,0,0,0,11.461728790068197,0.3471
1281,1851340,2.0,2.6888496212680373,0.019241671067313934,2.6511366389737354,2.726562603562339,2.6649104650760878,0.07798530275128888,2.507170301304738,2.8226506288474376,2.6649104650760878,0.07454219253661355,2.5135817690183453,2.81623916113383,0,0,0,15.007859418888136,0.3118
1282,1852340,2.0,2.58871147815794,0.019140979172393408,2.5511958483512176,2.626227107964662,2.5856780147684937,0.06545761398820446,2.453277493307281,2.718078536229706,2.5856780147684937,0.06759186210533406,2.448459239623251,2.722896789913736,0,0,0,12.469829654743915,0.3064
1283,1853340,2.0,2.618273814757229,0.018761150993439727,2.5815026345015695,2.6550449950128887,2.6168441713588315,0.06638511827993653,2.4825675953884376,2.7511207473292254,2.6168441713588315,0.06863155183055737,2.4775147138594926,2.7561736288581704,0,0,0,13.382235866304592,0.3709
1284,1854340,2.0,2.5458379009462204,0.019098137520073038,2.508406239235084,2.5832695626573567,2.5433718937314413,0.0645899887337312,2.4127263099944467,2.674017477468436,2.5433718937314413,0.06571486729914718,2.4099636206235235,2.676780166839359,0,0,0,11.839823765403525,0.3016
1285,1855340,2.0,2.560725206095356,0.01909034669767457,2.5233088141155307,2.5981415980751814,2.5520572731591504,0.06960887265273966,2.411260038490459,2.692854507827842,2.5520572731591504,0.06908285559917489,2.411811620301092,2.692302926017209,0,0,0,13.09522398455722,0.34
1286,1856340,2.0,2.594591090667039,0.01893493169105391,2.5574793065028474,2.6317028748312308,2.589411455778256,0.06530184832024025,2.4573260001192883,2.721496911437224,2.589411455778256,0.06303101605492348,2.4614516903594814,2.717371221197031,0,0,0,11.081055511510042,0.3134
1287,1857340,2.0,2.65653491594219,0.018902117497674124,2.6194874464152043,2.6935823854691754,2.6241452218591883,0.07130243140536158,2.4799224412790197,2.768368002439357,2.6241452218591883,0.06142555233276778,2.49944472107128,2.7488457226470966,0,0,0,10.560323531893616,0.3435
1288,1858340,2.0,2.6059166351707477,0.01954213239291413,2.5676147594995222,2.644218510841973,2.602171196123877,0.0833660940344578,2.4335473546814486,2.7707950375663053,2.602171196123877,0.08426911422106823,2.4310957992370525,2.7732465930107013,0,0,0,18.594861822989657,0.3042
1289,1859340,2.0,2.671615536625739,0.019207426629257954,2.633969672196698,2.70926140105478,2.6527517534946714,0.07910966947299294,2.4927373433645394,2.8127661636248034,2.6527517534946714,0.07300292436988527,2.5045479379459072,2.8009555690434356,0,0,0,14.44581834388944,0.3149
1290,1860340,2.0,2.680137280856845,0.019376526926040017,2.642159985936336,2.718114575777354,2.693863739154206,0.06651779853840714,2.5593187920297353,2.828408686278677,2.693863739154206,0.06794575642099948,2.5559265203529686,2.8318009579554437,0,0,0,12.296253369436949,0.3005
1291,1861340,2.0,2.508712904685662,0.019357818120921123,2.4707722783493797,2.5466535310219443,2.504079719937878,0.07363749092046691,2.3551338356787603,2.653025604196996,2.504079719937878,0.07458480445311653,2.352664517090605,2.6554949227851514,0,0,0,14.845263161544867,0.2982
1292,1862340,2.0,2.498571179059979,0.01903340510995828,2.4612663905413,2.535875967578658,2.493640916915867,0.06256712898585311,2.367086953223413,2.6201948806083206,2.493640916915867,0.05907407206095835,2.373714174870883,2.6135676589608505,0,0,0,9.632983896742585,0.3109
1293,1863340,2.0,2.582535898137513,0.019150365473872714,2.5450018715179428,2.620069924757083,2.5512379703593355,0.0790065291494157,2.3914321812251926,2.7110437594934784,2.5512379703593355,0.07014336312981355,2.408839372755358,2.693636567963313,0,0,0,13.41587603335168,0.314
1294,1864340,2.0,2.658537200783862,0.018941159465133865,2.62141321040677,2.695661191160954,2.6467871861442456,0.062448768554960586,2.5204726290206496,2.7731017432678415,2.6467871861442456,0.06223393012259098,2.5204455911961956,2.7731287810922955,0,0,0,10.795464534160935,0.3168
1295,1865340,2.0,2.478857288948707,0.018920372214143638,2.441774040834893,2.5159405370625207,2.4694757871833453,0.06439667279553042,2.3392212218392476,2.599730352527443,2.4694757871833453,0.06339368924661717,2.3407797560427492,2.5981718183239413,0,0,0,11.226198096861294,0.3128
1296,1866340,2.0,2.530910702941706,0.019228409369069673,2.4932237130983372,2.568597692785075,2.516061391176456,0.08014604826127993,2.3539507070815375,2.678172075271375,2.516061391176456,0.08132988672393343,2.3509529433344967,2.6811698390184158,0,0,0,17.890134911120256,0.309
1297,1867340,2.0,2.6582134328048377,0.01885317985664562,2.6212618792917564,2.695164986317919,2.662303389489508,0.06707705111738635,2.526627247251529,2.7979795317274867,2.662303389489508,0.0660218682788901,2.5282718712586334,2.7963349077203823,0,0,0,12.263273050703479,0.3231
1298,1868340,2.0,2.6966790886989416,0.01886015919461912,2.659713855934796,2.7336443214630872,2.6840176815270116,0.07229320174168213,2.5377908787837256,2.8302444842702976,2.6840176815270116,0.06997220553182909,2.541966552319683,2.8260688107343404,0,0,0,13.76449929458685,0.3332
1299,1869340,2.0,2.433839664278083,0.018659452056311768,2.39726781027646,2.470411518279706,2.4172169617460315,0.0648740667114475,2.2859967760629276,2.5484371474291354,2.4172169617460315,0.06301599908350851,2.2892876823999844,2.5451462410920787,0,0,0,11.405225584338256,0.3183
1300,1870340,2.0,2.5199067642858197,0.018528913494001875,2.4835907611649177,2.5562227674067217,2.5120918662640004,0.05331219339046496,2.404257776765863,2.6199259557621377,2.5120918662640004,0.0516558390411711,2.4072249378860953,2.6169587946419055,0,0,0,7.7721098965195035,0.3162
1301,1871340,2.0,2.6449426496708894,0.018646780168825837,2.608395632112355,2.6814896672294237,2.6380238269037624,0.05840441696644767,2.5198897430156877,2.756157910791837,2.6380238269037624,0.055451640496852146,2.525451011896615,2.7505966419109096,0,0,0,8.843437202277439,0.3353
1302,1872340,2.0,2.642472001024774,0.018843326956323615,2.6055397588414673,2.679404243208081,2.6184090541623983,0.06514171768082147,2.4866474932938027,2.750170615030994,2.6184090541623983,0.06465574204474822,2.4871509196304458,2.749667188694351,0,0,0,11.77332230269218,0.329
1303,1873340,2.0,2.6428022429439304,0.01867604121871266,2.606197874781468,2.6794066111063928,2.636407802596574,0.048027309120887075,2.5392634005239567,2.733552204669191,2.636407802596574,0.047310490552534015,2.540362400636462,2.732453204556686,0,0,0,6.417195271695983,0.3218
1304,1874340,2.0,2.627814286913306,0.019189417190651203,2.5902037203353157,2.665424853491296,2.622104854698371,0.07612531114476248,2.4681268790608866,2.7760828303358553,2.622104854698371,0.07831018233599729,2.4631267326753328,2.781082976721409,0,0,0,16.653782971601807,0.3016
1305,1875340,2.0,2.5569183722773334,0.018694132842826037,2.520278545183187,2.59355819937148,2.541410307805127,0.06220075118217124,2.4155974131694835,2.6672232024407707,2.541410307805127,0.05688840165929692,2.4259207125710986,2.6568999030391556,0,0,0,9.260550724230255,0.3367
1306,1876340,2.0,2.7009551311450033,0.019272927535337596,2.663180887299091,2.7387293749909154,2.664754173090362,0.08224056483435281,2.498406929341222,2.831101416839502,2.664754173090362,0.07015577726031316,2.522330373461635,2.8071779727190886,0,0,0,13.250476742267193,0.3048
1307,1877340,2.0,2.567028903811711,0.01917795068317081,2.529440811175411,2.604616996448011,2.5672370775987576,0.06152634423568876,2.4427882997701738,2.6916858554273415,2.5672370775987576,0.06276510150828937,2.4398171474093417,2.6946570077881735,0,0,0,10.711050726478195,0.3175
1308,1878340,2.0,2.68908189881479,0.019350263626771155,2.6511560790149633,2.7270077186146167,2.649668119052334,0.07433024119102531,2.4993210151111045,2.8000152229935633,2.649668119052334,0.06527710959725147,2.517148541325687,2.7821876967789807,0,0,0,11.38015191987381,0.3245
1309,1879340,2.0,2.549716623910886,0.01889117015275056,2.5126906107856772,2.586742637036095,2.534874575866262,0.07323700138804992,2.386738758147934,2.68301039358459,2.534874575866262,0.06872209536925145,2.3953613052111686,2.6743878465213555,0,0,0,13.233510499418989,0.312
1310,1880340,2.0,2.476417911878402,0.01936295248824862,2.4384672223670747,2.5143686013897297,2.4601654938159685,0.06955341003725966,2.3194804428760096,2.6008505447559274,2.4601654938159685,0.06981907913889764,2.3184252277129542,2.6019057599189828,0,0,0,13.001847665464108,0.3096
1311,1881340,2.0,2.610032914087058,0.01880625118292146,2.573173339084318,2.646892489089798,2.602143463574041,0.052012244452132886,2.4969387689899794,2.7073481581581023,2.602143463574041,0.051344462866437096,2.4979086624371316,2.70637826471095,0,0,0,7.4538863200182695,0.3161
1312,1882340,2.0,2.4844845823836588,0.019329143608352344,2.4466001570592857,2.522369007708032,2.476476837129056,0.06591595441879104,2.3431492346406104,2.609804439617502,2.476476837129056,0.060551713550367196,2.353550323381312,2.5994033508768,0,0,0,9.813584131584332,0.3095
1313,1883340,2.0,2.4369516175409762,0.018954206447220293,2.3998020555488875,2.474101179533065,2.419696223981138,0.06837569127472747,2.28139333408851,2.557999113873766,2.419696223981138,0.0672213452822464,2.283229637975996,2.5561628099862803,0,0,0,12.577756596894108,0.3331
1314,1884340,2.0,2.4782528542204463,0.01882054049485801,2.441365272680947,2.5151404357599456,2.4615356580081396,0.07481396953286346,2.3102101211421098,2.6128611948741693,2.4615356580081396,0.07350604984084116,2.3123104434518833,2.610760872564396,0,0,0,15.253938337389924,0.3409
1315,1885340,2.0,2.492561455941691,0.018806303287553935,2.455701778815748,2.529421133067634,2.50698952075775,0.0650731511475237,2.375366648793474,2.638612392722026,2.50698952075775,0.06134028940484392,2.382462112915806,2.6315169285996944,0,0,0,10.638607099573749,0.3186
1316,1886340,2.0,2.509602576271422,0.01870410874481842,2.472943196768657,2.546261955774187,2.5159752697130586,0.06881991715114669,2.376773848173752,2.655176691252365,2.5159752697130586,0.06671186917797804,2.3805429751864455,2.6514075642396717,0,0,0,12.721320102518899,0.3078
1317,1887340,2.0,2.6109303385029885,0.019137279824429206,2.5734219592850422,2.6484387177209348,2.5829771782448554,0.07729604685032485,2.426631166125967,2.7393231903637436,2.5829771782448554,0.07173719460065199,2.437342930735634,2.728611425754077,0,0,0,14.051683638407638,0.3473
1318,1888340,2.0,2.4999788848462954,0.018908403785179346,2.462919094422203,2.537038675270388,2.5017616871786617,0.06847028555354673,2.3632674622971783,2.640255912060145,2.5017616871786617,0.06356252361574598,2.372722904046736,2.630800470310587,0,0,0,11.30036645424024,0.3157
1319,1889340,2.0,2.636760676970524,0.019152847503073306,2.5992217856631123,2.6742995682779354,2.615708515122011,0.06521351881076326,2.4838017227598335,2.7476153074841885,2.615708515122011,0.060076123469938444,2.4937475005671423,2.7376695296768796,0,0,0,9.838686010607853,0.3045
1320,1890340,2.0,2.497473325313485,0.019227921142364244,2.4597872923768747,2.535159358250095,2.475285244586195,0.08590926740817302,2.301517349452673,2.6490531397197166,2.475285244586195,0.07881996766699888,2.3152722033209847,2.635298285851405,0,0,0,16.803813008291876,0.302
1321,1891340,2.0,2.5782250610907465,0.018605970004822135,2.5417580299838627,2.61469209219763,2.5767453836269967,0.06290192258145617,2.44951423596863,2.703976531285363,2.5767453836269967,0.06421436623550075,2.4463832896247357,2.7071074776292576,0,0,0,11.911316601697958,0.3079
1322,1892340,2.0,2.552373565246242,0.018483197052731614,2.5161471647037312,2.588599965788753,2.541015484257419,0.05676493366817532,2.426197568350312,2.655833400164526,2.541015484257419,0.05595497682718298,2.4274208421754904,2.6546101263393473,0,0,0,9.164805512540703,0.325
1323,1893340,2.0,2.5341344562877195,0.01909203617676037,2.4967147529897336,2.5715541595857054,2.5056712061260256,0.08242346936989847,2.338954003033604,2.6723884092184473,2.5056712061260256,0.07433779007671033,2.3547574691226862,2.656584943129365,0,0,0,15.16054434684852,0.3035
1324,1894340,2.0,2.5672499539083646,0.018561477783529103,2.530870125952807,2.6036297818639222,2.5675685481263053,0.05345779069720226,2.4594399602778485,2.675697135974762,2.5675685481263053,0.05396699461541858,2.4580097244937007,2.67712737175891,0,0,0,8.453398969950788,0.316
1325,1895340,2.0,2.553392525953522,0.018655544234085334,2.516828331142721,2.5899567207643233,2.5443253172398546,0.057510072849906405,2.4280002150756963,2.660650419404013,2.5443253172398546,0.05800445439301841,2.4265700145027527,2.6620806199769564,0,0,0,9.667336724049846,0.3087
1326,1896340,2.0,2.56300182156352,0.018772251520036976,2.5262088846755204,2.59979475845152,2.562955230849354,0.06142245808230335,2.4387165825999406,2.6871938790987673,2.562955230849354,0.061691067726466396,2.4377157051556257,2.688194756543082,0,0,0,10.799703812284,0.3183
1327,1897340,2.0,2.5084812562980354,0.01892285994923879,2.471393132313032,2.545569380283039,2.502637128717348,0.06337372207868895,2.3744516764998504,2.6308225809348453,2.502637128717348,0.060270793516847096,2.380280912956857,2.6249933444778386,0,0,0,10.144724759638825,0.3417
1328,1898340,2.0,2.604266826629062,0.019037390059387205,2.566954227753022,2.641579425505102,2.5915351151330612,0.07269892978856955,2.4444876499533317,2.738582580312791,2.5915351151330612,0.07374722662697487,2.441820285671165,2.7412499445949576,0,0,0,15.006401735163536,0.3182
1329,1899340,2.0,2.5551870167437927,0.018949291020685103,2.5180470888106816,2.5923269446769037,2.538038427729278,0.05837642734384019,2.419960958196707,2.656115897261849,2.538038427729278,0.0557214640041131,2.424917841880812,2.651159013577744,0,0,0,8.646873498900545,0.3179
1330,1900340,2.0,2.596679520554008,0.018964613528859055,2.559509561056723,2.6338494800512926,2.5704349571940623,0.07073129340095885,2.427367412269487,2.713502502118638,2.5704349571940623,0.06783411847502951,2.432724375472032,2.7081455389160927,0,0,0,12.7940598350125,0.3132
1331,1901340,2.0,2.626335879630253,0.019123465554297784,2.588854575884237,2.663817183376269,2.611148268390133,0.06948335562760116,2.4706049158684986,2.751691620911767,2.611148268390133,0.06675785226549855,2.475622623232979,2.7466739135472866,0,0,0,12.186290209293478,0.3198
1332,1902340,2.0,2.688211335236805,0.018675845894625502,2.651607349902519,2.724815320571091,2.6843981689271073,0.06593499927081453,2.5510320445894004,2.817764293264814,2.6843981689271073,0.06500688122824928,2.55242718395481,2.8163691538994047,0,0,0,12.1159674614226,0.3245
1333,1903340,2.0,2.590971502536136,0.018909133928944586,2.5539102810565604,2.6280327240157115,2.5713477682754866,0.06380779207494103,2.44228432661791,2.7004112099330633,2.5713477682754866,0.06195911208885333,2.4455640835965538,2.6971314529544195,0,0,0,10.736607952866741,0.3315
1334,1904340,2.0,2.653519347478478,0.01882521521437566,2.6166226036570865,2.69041609129987,2.636499507400359,0.06408013367656952,2.50688520285802,2.7661138119426982,2.636499507400359,0.0641253387917034,2.506318148717583,2.7666808660831355,0,0,0,11.603244549830789,0.3179
1335,1905340,2.0,2.527345032112481,0.018645241876818847,2.490801029550878,2.563889034674084,2.516541833963053,0.0599143494410577,2.395353623368716,2.63773004455739,2.516541833963053,0.057228654729279356,2.4003614882740414,2.6327221796520646,0,0,0,9.420870432560692,0.3457
1336,1906340,2.0,2.5590972761228237,0.018798331911449185,2.5222532226069534,2.595941329638694,2.54256247330257,0.06568463825983606,2.4097027519085,2.6754221946966394,2.54256247330257,0.06287516255425167,2.4149191073111544,2.670205839293985,0,0,0,11.187153957786855,0.3241
1337,1907340,2.0,2.4663807975796885,0.018902947638814754,2.429331701005965,2.503429894153412,2.463327189115038,0.06440982532407741,2.333046020270873,2.593608357959203,2.463327189115038,0.06437623045578067,2.3326364932758863,2.5940178849541895,0,0,0,11.598238186385379,0.3255
1338,1908340,2.0,2.4968348454546425,0.018861707983239228,2.459866577120582,2.533803113788703,2.4770189985226914,0.07472863218321107,2.3258660727389433,2.6281719243064394,2.4770189985226914,0.06961242170125004,2.3356982693222776,2.618339727723105,0,0,0,13.621077099171616,0.2995
1339,1909340,2.0,2.543093183696529,0.018743684287732383,2.506356237554984,2.579830129838074,2.5523281438304095,0.053505865256687574,2.444102316006997,2.660553971653822,2.5523281438304095,0.05113903574472711,2.4485103819219614,2.6561459057388577,0,0,0,7.443807759728915,0.3037
1340,1910340,2.0,2.556288453680079,0.01864271674520588,2.5197494002854937,2.5928275070746647,2.55638139374411,0.05544911087361478,2.444224980655938,2.6685378068322825,2.55638139374411,0.04494329990964215,2.4651416442758127,2.6476211432124077,0,0,0,5.811811388175151,0.3358
1341,1911340,2.0,2.6390077049955876,0.018803353241818997,2.602153809853038,2.6758616001381372,2.640515827319976,0.06172419448724867,2.515666859584035,2.7653647950559166,2.640515827319976,0.06071345280641429,2.517260965426221,2.7637706892137306,0,0,0,10.425556701367016,0.3132
1342,1912340,2.0,2.6197566924695246,0.019114894652842024,2.582292187381677,2.657221197557372,2.5930742148952937,0.06208568888604479,2.4674940557212635,2.718654374069324,2.5930742148952937,0.06005491110050017,2.4711562637397986,2.7149921660507887,0,0,0,9.870820153651527,0.2987
1343,1913340,2.0,2.6547170504208255,0.01939559408090773,2.6167023845634882,2.6927317162781628,2.6036080652684555,0.0799519355048809,2.4418900112833684,2.7653261192535425,2.6036080652684555,0.05935603261854056,2.4831089128600703,2.7241072176768406,0,0,0,9.365340174668043,0.3489
1344,1914340,2.0,2.467933310860932,0.019089977026245764,2.4305176434237934,2.5053489782980707,2.467228140916611,0.05772460162751167,2.350469113341904,2.583987168491318,2.467228140916611,0.05747973585664957,2.350538073440291,2.5839182083929306,0,0,0,9.066062650857354,0.3116
1345,1915340,2.0,2.5123317790761366,0.018983513694002252,2.4751247759358694,2.5495387822164037,2.512519767298521,0.06885811752275112,2.373241078214428,2.651798456382614,2.512519767298521,0.06769222885044458,2.3750972368282968,2.649942297768745,0,0,0,12.715236086243069,0.3113
1346,1916340,2.0,2.5107599762665167,0.01859551418730984,2.4743134381853857,2.5472065143476477,2.507829715323285,0.055687508607867156,2.3951910973026833,2.620468333343887,2.507829715323285,0.05458003072739789,2.397026362219447,2.618633068427123,0,0,0,8.614918405345428,0.2968
1347,1917340,2.0,2.512487629546661,0.019575277607111755,2.4741207904493487,2.5508544686439736,2.510253604310198,0.0787131160838433,2.3510412991196086,2.6694659095007873,2.510253604310198,0.06733042604078913,2.3735655725923186,2.6469416360280773,0,0,0,11.830602581136318,0.2986
1348,1918340,2.0,2.536321939938319,0.018399656071651404,2.5002592767099583,2.5723846031666793,2.5320457981518483,0.059877697043093966,2.4109317240300703,2.6531598722736263,2.5320457981518483,0.06061860761995183,2.4089834822230873,2.655108114080609,0,0,0,10.854067118633514,0.3226
1349,1919340,2.0,2.581217580319016,0.0189477155492807,2.5440807402531163,2.618354420384916,2.5702622947358607,0.07320821977804483,2.4221846933187536,2.7183398961529677,2.5702622947358607,0.06404134130991468,2.4402514600068166,2.7002731294649047,0,0,0,11.423708856559504,0.3008
1350,1920340,2.0,2.6344508467895857,0.018803424696583783,2.5975968115982706,2.671304881980901,2.6335526580217077,0.0630551288466346,2.5060116214418717,2.7610936946015436,2.6335526580217077,0.062764519639525,2.5061339090886836,2.7609714069547318,0,0,0,11.141778190975657,0.3208
1351,1921340,2.0,2.5216806921511417,0.01928093315591348,2.483890757577227,2.5594706267250564,2.5026559575670624,0.0716129743054308,2.3578050446826415,2.6475068704514833,2.5026559575670624,0.0702801993047003,2.3599795677595763,2.6453323473745485,0,0,0,13.286477941775907,0.3346
1352,1922340,2.0,2.57461425564351,0.019192584987301718,2.5369974802981745,2.6122310309888452,2.5735161899095775,0.0642483830429375,2.443561568901584,2.703470810917571,2.5735161899095775,0.05798651843836231,2.4557972990962234,2.6912350807229317,0,0,0,9.128241542275996,0.3003
1353,1923340,2.0,2.5358469840344573,0.018866792362287815,2.498868750500578,2.5728252175683366,2.5168456035506876,0.0633517539522175,2.388704586063134,2.644986621038241,2.5168456035506876,0.061291039150389415,2.39241817904078,2.641273028060595,0,0,0,10.553531954821223,0.3156
1354,1924340,2.0,2.6563258645357735,0.01929116402370098,2.6185158778294646,2.6941358512420823,2.6528915359918845,0.07768797644306517,2.495752771444467,2.810030300539302,2.6528915359918845,0.07765421803157453,2.4952450923039042,2.810537979679865,0,0,0,16.20366419351841,0.3229
1355,1925340,2.0,2.5283954381834595,0.018649250615575277,2.4918435786382704,2.5649472977286485,2.5203038117713294,0.07716333890484467,2.364226226808781,2.676381396733878,2.5203038117713294,0.07848864763057867,2.3609633859388444,2.6796442376038145,0,0,0,17.712951031140108,0.3048
1356,1926340,2.0,2.6656186339984584,0.018948316080045973,2.6284806169138872,2.7027566510830296,2.656777825633875,0.07583138026464983,2.503394381318713,2.810161269949037,2.656777825633875,0.07772224791028486,2.498993273949767,2.814562377317983,0,0,0,16.824782728275444,0.3247
1357,1927340,2.0,2.535445708307451,0.018824858170334243,2.4985496642795213,2.572341752335381,2.513532807145964,0.06720774155334908,2.3775923185498273,2.6494732957421006,2.513532807145964,0.06321430830047035,2.3852009386863178,2.64186467560561,0,0,0,11.276319036766097,0.3173
1358,1928340,2.0,2.695819106366891,0.01887029546247835,2.658834006882804,2.7328042058509783,2.6791558939955653,0.0635639825175786,2.550585603715884,2.807726184275247,2.6791558939955653,0.06227350696064671,2.5527339537948035,2.805577834196327,0,0,0,10.890535809938745,0.3107
1359,1929340,2.0,2.650352269358273,0.019017238306367895,2.6130791671923763,2.6876253715241694,2.6383453347797783,0.07250457264855736,2.4916909940223957,2.784999675537161,2.6383453347797783,0.07128454342878063,2.493630018003305,2.7830606515562515,0,0,0,14.050631609600886,0.3185
1360,1930340,2.0,2.574521306920076,0.01906318717416558,2.5371581466281654,2.6118844672119863,2.5728410797655132,0.0729681821420448,2.425249000295211,2.7204331592358155,2.5728410797655132,0.07447841650065339,2.4216418559440056,2.724040303587021,0,0,0,15.264052278030272,0.3213
1361,1931340,2.0,2.5110455953015354,0.019405024590594542,2.473012445984856,2.549078744618215,2.4900983953677556,0.08500111038780672,2.3181674211932966,2.6620293695422146,2.4900983953677556,0.08370249734294473,2.32017329189749,2.660023498838021,0,0,0,18.605803788132103,0.3127
1362,1932340,2.0,2.4765124741015985,0.01939964081677967,2.4384898767876972,2.5145350714154997,2.4419803305980032,0.07685141820117483,2.286533664810539,2.5974269963854675,2.4419803305980032,0.07175880885498342,2.2963022038197005,2.587658457376306,0,0,0,13.682424617434052,0.3129
1363,1933340,2.0,2.675222553782307,0.018796392030614655,2.6383823023630066,2.712062805201607,2.6606420103643327,0.06447381328090587,2.530231413660899,2.7910526070677664,2.6606420103643327,0.06409856105978894,2.5305150133674164,2.790769007361249,0,0,0,11.62913926976021,0.3192
1364,1934340,2.0,2.6553974748951483,0.01949967650761202,2.617178811230047,2.6936161385602495,2.663643286760096,0.08577102347277178,2.4901550163794606,2.8371315571407316,2.663643286760096,0.08582755157120717,2.4894040938530733,2.837882479667119,0,0,0,19.37307829420624,0.3035
1365,1935340,2.0,2.6693202991681595,0.01920616758877225,2.6316769024131252,2.7069636959231937,2.6304917311843097,0.09042537642937437,2.447589143339708,2.8133943190289115,2.6304917311843097,0.07711110185273615,2.4739478719569505,2.787035590411669,0,0,0,16.119530545145906,0.312
1366,1936340,2.0,2.5815706868861112,0.018902587631458877,2.5445222959138394,2.618619077858383,2.562805249744363,0.06943594194622325,2.4223578004455377,2.703252699043188,2.562805249744363,0.06332891083388861,2.4342407257730265,2.6913697737156994,0,0,0,11.224358192829797,0.3033
1367,1937340,2.0,2.631940591456842,0.018553128498623686,2.595577127798996,2.668304055114688,2.6316934288201628,0.05948358932762513,2.5113765127959797,2.752010344844346,2.6316934288201628,0.059621213900411266,2.5106559297890283,2.7527309278512972,0,0,0,10.326837026189663,0.3051
1368,1938340,2.0,2.5633963044307437,0.019101280256307415,2.525958483069775,2.6008341257917125,2.538535474163212,0.05912840109569232,2.418936994150663,2.6581339541757605,2.538535474163212,0.05256519705291432,2.431822450876049,2.6452484974503747,0,0,0,7.573064230977644,0.3132
1369,1939340,2.0,2.6913870387216328,0.01882705058598405,2.6544866976379904,2.728287379805275,2.6802282730778586,0.07627582967805205,2.5259458449697925,2.8345107011859247,2.6802282730778586,0.07371018345950164,2.5305886452439372,2.82986790091178,0,0,0,15.32817341879303,0.3214
1370,1940340,2.0,2.5368225215914215,0.019065816812279174,2.499454207303516,2.574190835879327,2.519461428908713,0.06224193764587477,2.393565226786908,2.6453576310305182,2.519461428908713,0.062437613750134804,2.392706334213532,2.6462165236038944,0,0,0,10.72461626384191,0.319
1371,1941340,2.0,2.5512183361891387,0.0192921046209229,2.513406505946151,2.5890301664321265,2.543667685491315,0.07261682565353676,2.3967862916000136,2.6905490793826163,2.543667685491315,0.07119592076060398,2.39913228229613,2.6882030886865,0,0,0,13.619181422140132,0.3262
1372,1942340,2.0,2.6226619044046275,0.01887220721839087,2.5856730579478047,2.6596507508614504,2.61996676188508,0.058171161608976556,2.5023044814906124,2.737629042279548,2.61996676188508,0.05785815289055485,2.5025084669880444,2.737425056782116,0,0,0,9.399045166049888,0.3228
1373,1943340,2.0,2.5789843796171468,0.0188924744033993,2.5419558102076394,2.616012949026654,2.5640730374172573,0.059417346529185934,2.443890110099995,2.6842559647345197,2.5640730374172573,0.05863732423409929,2.4450329405982263,2.6831131342362884,0,0,0,9.633200584378363,0.331
1374,1944340,2.0,2.5438812421669375,0.018790464811196256,2.5070526078842255,2.5807098764496494,2.5410520617687395,0.058157899913990535,2.423416605684304,2.658687517853175,2.5410520617687395,0.05487941685287899,2.4296409225179545,2.6524632010195246,0,0,0,8.52989979822616,0.3005
1375,1945340,2.0,2.5886872045991103,0.018801879649344534,2.5518361976447386,2.625538211553482,2.599042625497736,0.07450381209439244,2.4483444412662836,2.7497408097291887,2.599042625497736,0.06785950065789766,2.4612805152050288,2.7368047357904435,0,0,0,13.026231204819231,0.3029
1376,1946340,2.0,2.7299027594189615,0.019403760468581197,2.6918720877359004,2.7679334311020227,2.694469482106429,0.08398332037556672,2.5245971825482316,2.864341781664626,2.694469482106429,0.07667766379616521,2.5388055489141195,2.850133415298738,0,0,0,15.615861020746436,0.2991
1377,1947340,2.0,2.5365410811075986,0.018807118114070674,2.499679806951029,2.573402355264168,2.5279973983315327,0.06115758010791912,2.404294516355824,2.6517002803072414,2.5279973983315327,0.06225525764895505,2.4016125062031213,2.654382290459944,0,0,0,10.957401253249392,0.3041
1378,1948340,2.0,2.614150576550636,0.019608499354592145,2.5757186240247587,2.6525825290765135,2.602131649865136,0.07803136226469337,2.4442983219342413,2.7599649777960304,2.602131649865136,0.0778911912068542,2.444004125055238,2.760259174675034,0,0,0,15.779308780901992,0.2944
1379,1949340,2.0,2.487077809891582,0.01947622681262463,2.4489051067841046,2.5252505129990594,2.4853897387140775,0.0886081814400771,2.306162774674264,2.664616702753891,2.4853897387140775,0.08325445036456147,2.316374218966857,2.6544052584612983,0,0,0,18.27280707470471,0.3023
1380,1950340,2.0,2.6618876031732333,0.01834414526986725,2.6259337391171225,2.697841467229344,2.6543766311367767,0.057657634937393135,2.537753056478117,2.771000205795436,2.6543766311367767,0.052754976039118884,2.5472783360251046,2.761474926248449,0,0,0,8.270502519601099,0.2905
1381,1951340,2.0,2.5792128461340127,0.01898718261174493,2.5419986520471074,2.616427040220918,2.5699966180801406,0.06002694360562766,2.448580664291479,2.6914125718688022,2.5699966180801406,0.0596187127856167,2.44896419658198,2.691029039578301,0,0,0,9.859255820089308,0.288
1382,1952340,2.0,2.614297040387764,0.019162650505191108,2.576738935549261,2.651855145226267,2.5928641085106787,0.07706076699259197,2.4369939948236943,2.748734222197663,2.5928641085106787,0.07246231111331417,2.445757796220197,2.7399704208011606,0,0,0,14.299248212373918,0.3048
1383,1953340,2.0,2.6125211644336397,0.0188916560118334,2.5754941990421267,2.6495481298251526,2.5834317766304347,0.06660254650682894,2.4487154105597457,2.7181481427011236,2.5834317766304347,0.0621927137340374,2.4571738553995615,2.709689697861308,0,0,0,10.837745701083533,0.3132
1384,1954340,2.0,2.6386673990885483,0.01891440832952136,2.601595839973802,2.6757389582032944,2.620834291231873,0.06730168980476657,2.484703774360641,2.7569648081031053,2.620834291231873,0.06555536602306414,2.4877498229290977,2.7539187595346486,0,0,0,12.01243282946773,0.2902
1385,1955340,2.0,2.569064331865978,0.01897541523054835,2.5318732014224103,2.6062554623095453,2.559971271266209,0.08319295553552088,2.391697635493489,2.728244907038929,2.559971271266209,0.07777816574096269,2.4020732003507117,2.7178693421817064,0,0,0,16.80091046751094,0.3237
1386,1956340,2.0,2.5332518231467294,0.018610735632035275,2.496775451582144,2.5697281947113146,2.550959144573956,0.0579490354252719,2.43374615679437,2.668172132353542,2.550959144573956,0.0526538377106913,2.4440661711846747,2.6578521179632375,0,0,0,8.004477369975064,0.2959
1387,1957340,2.0,2.6786220736957764,0.01889469591967226,2.641589150194383,2.71565499719717,2.658274551856561,0.07944933519282665,2.4975731029590733,2.8189760007540485,2.658274551856561,0.07088145582026881,2.5143775464299067,2.802171557283215,0,0,0,14.072959689227595,0.3017
1388,1958340,2.0,2.589247555589842,0.01891195950218514,2.552180796088479,2.626314315091205,2.577447224975296,0.062033049791909364,2.4519735384190127,2.7029209115315793,2.577447224975296,0.05707488459445715,2.461579049256115,2.693315400694477,0,0,0,9.107874246265311,0.3101
1389,1959340,2.0,2.646478019446555,0.01869403107573103,2.6098383918122496,2.6831176470808606,2.6117532493266205,0.07432065445249122,2.4614255363943767,2.7620809622588642,2.6117532493266205,0.0576170583136321,2.4947844024416534,2.7287220962115875,0,0,0,9.499401456852054,0.2954
1390,1960340,2.0,2.4777021860470234,0.018827341362629382,2.4408012750516286,2.5146030970424182,2.476242840446814,0.06814317104260352,2.3384102671164277,2.6140754137772,2.476242840446814,0.06955719179707547,2.3350342339127415,2.6174514469808865,0,0,0,13.649165076491522,0.3006
1391,1961340,2.0,2.6912249950529343,0.018669957997327756,2.6546325497852963,2.7278174403205724,2.673329312582715,0.05770432728969944,2.5566112937270105,2.7900473314384198,2.673329312582715,0.05050914268139032,2.5707903015760967,2.7758683235893336,0,0,0,7.319026377307683,0.3239
1392,1962340,2.0,2.585527689759444,0.01885437716261609,2.548573789569782,2.622481589949106,2.5830643825716715,0.06584718364163246,2.4498758821097484,2.7162528830335946,2.5830643825716715,0.06711769744134256,2.4468082128700943,2.7193205522732486,0,0,0,12.672132848205854,0.2933
1393,1963340,2.0,2.581459516134005,0.01868902488547663,2.544829700452298,2.618089331815712,2.5674105855626017,0.06090479141242454,2.444219016985958,2.6906021541392455,2.5674105855626017,0.05987466338288484,2.445858556727687,2.6889626143975165,0,0,0,10.26391117606009,0.3358
1394,1964340,2.0,2.5578894225783406,0.0184397690708715,2.521748139316197,2.5940307058404843,2.564572614502358,0.06952511101485077,2.4239448037380713,2.7052004252666446,2.564572614502358,0.06924181023462182,2.4240042665786463,2.7051409624260696,0,0,0,14.100219421487852,0.3018
1395,1965340,2.0,2.4420836408434847,0.01896539641541053,2.404912146916755,2.4792551347702143,2.4223960512122638,0.07822192850008379,2.2641772666873794,2.580614835737148,2.4223960512122638,0.07804135600000943,2.263963675665237,2.5808284267592905,0,0,0,16.93268246084304,0.3599
1396,1966340,2.0,2.4631890505504352,0.018299178821139562,2.4273233191143437,2.4990547819865268,2.444940531925602,0.05171419265216036,2.3403387040110455,2.5495423598401588,2.444940531925602,0.0507611926444692,2.3418898322906223,2.547991231560582,0,0,0,7.694854858277248,0.301
1397,1967340,2.0,2.5856556949891902,0.01930282828505826,2.547822846750715,2.6234885432276656,2.5691874416990528,0.07223452923478317,2.423079315302727,2.7152955680953785,2.5691874416990528,0.07340240480918304,2.4201726377432893,2.7182022456548163,0,0,0,14.460345926225306,0.3674
1398,1968340,2.0,2.6096102326174204,0.018795178630156503,2.5727723594193166,2.6464481058155243,2.6164812309537657,0.06790979565874443,2.4791207038932717,2.75384175801426,2.6164812309537657,0.0661521822027959,2.4821851613928088,2.7507773005147227,0,0,0,12.387835651055768,0.3786
1399,1969340,2.0,2.6247989732950234,0.019286488712562746,2.586998150030162,2.662599796559885,2.6190130343821068,0.07208542546146,2.473206498834225,2.7648195699299887,2.6190130343821068,0.07224749718981623,2.4723428175408166,2.765683251223397,0,0,0,14.032636605954954,0.349
1400,1970340,2.0,2.6282501203197652,0.018896583994738484,2.591213496259242,2.6652867443802886,2.607406822976096,0.0627596708576353,2.480463406587861,2.7343502393643306,2.607406822976096,0.05541608455516191,2.4949061903680705,2.719907455584121,0,0,0,8.600131068513674,0.3298
1401,1971340,2.0,2.697360413289037,0.01900791514190701,2.6601055841897057,2.7346152423883683,2.6972017542279554,0.08301404180697651,2.529290005629432,2.8651135028264787,2.6972017542279554,0.08487590516885253,2.524894506227244,2.869509002228667,0,0,0,19.938839105033733,0.3413
1402,1972340,2.0,2.619090241900624,0.019805909249989206,2.5802713730895763,2.6579091107116715,2.581248405717529,0.08092858417491533,2.417554893335497,2.7449419180995607,2.581248405717529,0.0774074042508016,2.4241030206426974,2.7383937907923603,0,0,0,15.274796706480943,0.3643
1403,1973340,2.0,2.488489440554422,0.01885802677420065,2.4515283872574964,2.525450493851347,2.4754378452488357,0.0705496158763138,2.3327377778037346,2.618137912693937,2.4754378452488357,0.06486796391049118,2.3437488774246904,2.607126813072981,0,0,0,11.83226906221318,0.3459
1404,1974340,2.0,2.5476070153712342,0.019146248225183512,2.5100810584108104,2.585132972331658,2.554748043407365,0.0741100331446715,2.4048463522820143,2.7046497345327154,2.554748043407365,0.07518493629814381,2.402114508143506,2.7073815786712236,0,0,0,15.420352515697084,0.3292
1405,1975340,2.0,2.560575563490833,0.018954528698729163,2.523425369897393,2.597725757084273,2.5680511028909536,0.0710387962502242,2.4243615747452836,2.7117406310366237,2.5680511028909536,0.07219904038952124,2.42147925858412,2.714622947197787,0,0,0,14.508979603251252,0.2971
1406,1976340,2.0,2.518755285924118,0.018864362605811324,2.4817818146254234,2.5557287572228122,2.502434278409159,0.06949937600483831,2.3618585216159516,2.643010035202366,2.502434278409159,0.07002231092590754,2.3602814298440635,2.6445871269742542,0,0,0,13.778077004837927,0.3112
1407,1977340,2.0,2.5449389338077695,0.018908898928805134,2.5078781729200035,2.5819996946955355,2.559039970619851,0.07283376441445417,2.411719776666638,2.706360164573064,2.559039970619851,0.07220601039586622,2.4124539764478765,2.7056259647918255,0,0,0,14.581903443395294,0.3694
1408,1978340,2.0,2.651839190645543,0.019209849758030997,2.614188576971377,2.6894898043197095,2.623449648769166,0.07305678889730438,2.4756783452195457,2.771220952318786,2.623449648769166,0.06864667216797957,2.4840894953529484,2.7628098021853833,0,0,0,12.770004213003382,0.3155
1409,1979340,2.0,2.5692814977715646,0.019509562815223157,2.5310434572996052,2.607519538243524,2.557737562496959,0.08704220557363145,2.3816780836232017,2.7337970413707167,2.557737562496959,0.0888234192225789,2.377416434918898,2.7380586900750203,0,0,0,20.72811928742816,0.3202
1410,1980340,2.0,2.4401439013404755,0.018768947374400127,2.4033574404589237,2.4769303622220273,2.4310501368530772,0.05726020274917125,2.3152304446728644,2.54686982903329,2.4310501368530772,0.05602838308275589,2.317306472149727,2.5447938015564273,0,0,0,8.911203172584983,0.3415
1411,1981340,2.0,2.5110364538156063,0.018587359840724405,2.4746058979601004,2.547467009671112,2.4975008851268314,0.056498059782139474,2.3832227726058037,2.611778997647859,2.4975008851268314,0.054491349475514005,2.3868775645355305,2.6081242057181324,0,0,0,8.59448213570888,0.3293
1412,1982340,2.0,2.4925829629546534,0.018527291166916076,2.456270139536411,2.528895786372896,2.4926110496825475,0.055612911552184424,2.3801233184491366,2.6050987809159585,2.4926110496825475,0.053175764000083885,2.384658509595208,2.600563589769887,0,0,0,8.237655450741359,0.361
1413,1983340,2.0,2.5547628881162643,0.018363028955102875,2.5187720127171964,2.590753763515332,2.536415660306525,0.06287384684908695,2.409241301177095,2.6635900194359547,2.536415660306525,0.06072058689003411,2.413146315453053,2.659685005159997,0,0,0,10.934106081421291,0.3283
1414,1984340,2.0,2.6030053058291673,0.018882527604487057,2.5659962317872895,2.640014379871045,2.5814215436120365,0.06423244558951056,2.451499159146378,2.711343928077695,2.5814215436120365,0.05924773006025742,2.461142257085872,2.701700830138201,0,0,0,9.845168998823002,0.3476
1415,1985340,2.0,2.5883619999531207,0.019497821350028297,2.550146972330069,2.626577027576172,2.5768914978122215,0.0969961287475773,2.3806983089157803,2.7730846867086627,2.5768914978122215,0.09150839789705159,2.39111957373993,2.762663421884513,0,0,0,22.026714878903682,0.3389
1416,1986340,2.0,2.620600117632969,0.018799006527367774,2.583754741894195,2.6574454933717435,2.6017385060219627,0.06843449707256354,2.463316670176006,2.7401603418679192,2.6017385060219627,0.06854701961473514,2.462580658044157,2.7408963539997684,0,0,0,13.295582095137188,0.3067
1417,1987340,2.0,2.49978825253636,0.01855964588219649,2.463412015041438,2.536164490031282,2.487902916872029,0.06608423622950385,2.354234932293047,2.621570901451011,2.487902916872029,0.06336960868838382,2.3592557718636193,2.6165500618804387,0,0,0,11.657963182280847,0.3376
1418,1988340,2.0,2.5617942854306257,0.018932613722193837,2.524687044401917,2.5989015264593345,2.559212846549202,0.06686183992635295,2.4239720100332165,2.6944536830651873,2.559212846549202,0.0668242936300082,2.4235523182511933,2.6948733748472105,0,0,0,12.45797930483712,0.3148
1419,1989340,2.0,2.6559522022338635,0.018856705164944206,2.6189937392434826,2.6929106652242445,2.6476281078105037,0.06230517021532333,2.5216040057446243,2.773652209876383,2.6476281078105037,0.057414638561554425,2.531070194869064,2.7641860207519433,0,0,0,9.27072393954469,0.339
1420,1990340,2.0,2.487856897284887,0.01863278775382542,2.4513373043558104,2.524376490213964,2.4796074705676445,0.05885889251425,2.3605541231156515,2.5986608180196376,2.4796074705676445,0.059615120891607074,2.3585823410019904,2.6006326001332987,0,0,0,10.236634194592,0.3095
1421,1991340,2.0,2.576473025610494,0.019040855302071794,2.539153634983595,2.6137924162373936,2.5535714021205766,0.07654186264468225,2.398750871546477,2.7083919326946764,2.5535714021205766,0.06553048488824041,2.4205374452068704,2.686605359034283,0,0,0,11.844421599600919,0.3287
1422,1992340,2.0,2.610917923372642,0.01870870963973475,2.5742495262815446,2.6475863204637395,2.5979435806738853,0.06428829042142836,2.467908239373776,2.7279789219739947,2.5979435806738853,0.06132380992769317,2.4734496279491585,2.722437533398612,0,0,0,10.744113517210694,0.3179
1423,1993340,2.0,2.4971451739048867,0.019267145642457035,2.459382262360783,2.5349080854489903,2.4957301696351184,0.0709028357469515,2.3523156475649016,2.639144691705335,2.4957301696351184,0.06415107577605227,2.365496562096366,2.6259637771738706,0,0,0,11.085955391859805,0.3497
1424,1994340,2.0,2.471477342375373,0.018614521292416315,2.434993551052783,2.5079611336979633,2.4758686001557586,0.06634799774699454,2.3416671075502933,2.610070092761224,2.4758686001557586,0.06480437444171532,2.3443087258163287,2.6074284744951886,0,0,0,12.12006367403476,0.3693
1425,1995340,2.0,2.5043526921036223,0.018851177587223284,2.467405062966496,2.541300321240749,2.4909547606967903,0.054424094770824924,2.3808716383726227,2.601037883020958,2.4909547606967903,0.05373025809257855,2.3818765377561095,2.600032983637471,0,0,0,8.123831070754084,0.3609
1426,1996340,2.0,2.6952677490351875,0.01923820192313266,2.657561566138538,2.732973931931837,2.6867809008701915,0.07342148833351646,2.538271923082403,2.83528987865798,2.6867809008701915,0.06973594147888798,2.545209413189899,2.828352388550484,0,0,0,13.13966762181142,0.3295
1427,1997340,2.0,2.5531965020995644,0.018550074079568196,2.5168390249930606,2.5895539792060682,2.547983602302249,0.05382602049488657,2.4391101993855293,2.6568570052189684,2.547983602302249,0.04904278453405621,2.448421456596188,2.6475457480083096,0,0,0,6.989706568948543,0.3138
1428,1998340,2.0,2.6566104439189138,0.0187661838008796,2.619829399541931,2.6933914882958967,2.651346648679796,0.07006907188350793,2.5096185732056213,2.7930747241539704,2.651346648679796,0.06242582485551648,2.5246154867130444,2.7780778106465474,0,0,0,11.065642822052551,0.3418
1429,1999340,2.0,2.4808270648170745,0.019485254972383,2.442636666841624,2.519017462792525,2.4687062322538074,0.07979586795507235,2.3073038546846303,2.6301086098229844,2.4687062322538074,0.07721953438459846,2.311942243283834,2.6254702212237806,0,0,0,15.705152977478154,0.3032
1430,2000340,2.0,2.5600322608852295,0.018620628594997145,2.5235364994695386,2.5965280223009204,2.5505199191068004,0.058464581308028195,2.432264141351301,2.6687756968623,2.5505199191068004,0.05404918506006494,2.440794240000893,2.660245598212708,0,0,0,8.425382468697482,0.2952
1431,2001340,2.0,2.6083344162450137,0.018577060632419557,2.5719240464668545,2.644744786023173,2.598404332824035,0.06131777256289209,2.4743774310241937,2.722431234623876,2.598404332824035,0.05724989188244651,2.4821808734220054,2.7146277922260644,0,0,0,9.497194767205563,0.3143
1432,2002340,2.0,2.533288971769027,0.019202369310911193,2.4956530195018036,2.57092492403625,2.5224900891801587,0.07113535268315833,2.3786052572143217,2.6663749211459957,2.5224900891801587,0.0670938003140437,2.386282433226173,2.6586977451341443,0,0,0,12.20829872569807,0.2953
1433,2003340,2.0,2.5241082159045383,0.019505874070789526,2.485877405238817,2.5623390265702595,2.5125945395912845,0.08069774810142992,2.3493679372391085,2.6758211419434605,2.5125945395912845,0.08031372697567106,2.3495490057106414,2.6756400734719277,0,0,0,16.953084535525495,0.3085
1434,2004340,2.0,2.567451329648933,0.018718963897855143,2.5307628345812314,2.604139824716635,2.562788296520315,0.05078981460042607,2.4600561996976826,2.665520393342947,2.562788296520315,0.05113607420588724,2.4589765468553453,2.6666000461852843,0,0,0,7.462617009188135,0.3061
1435,2005340,2.0,2.5170195924088157,0.018972472933758002,2.479834228760989,2.554204956056642,2.4947429322103427,0.06920742996031874,2.354757692030526,2.6347281723901594,2.4947429322103427,0.06440212911476347,2.3639996592982593,2.625486205122426,0,0,0,11.522655205773281,0.3152
1436,2006340,2.0,2.607067604967578,0.018997776872081706,2.56983264651197,2.644302563423186,2.6001380125876015,0.0647814251823506,2.4691052120842203,2.7311708130909826,2.6001380125876015,0.06577120462692684,2.4666153686239016,2.7336606565513013,0,0,0,11.985772418949386,0.3223
1437,2007340,2.0,2.5061194129522026,0.01884668594730212,2.4691805872675534,2.543058238636852,2.480960032724293,0.05291123885023701,2.3739369503340226,2.5879831151145636,2.480960032724293,0.05020731963320648,2.3790337550807217,2.5828863103678645,0,0,0,7.0968248354331065,0.3164
1438,2008340,2.0,2.610456169770334,0.018447386676441694,2.574299956275624,2.646612383265044,2.6171122083312333,0.045007489718787104,2.526075967543395,2.7081484491190717,2.6171122083312333,0.045193107870828524,2.5253653217403915,2.708859094922075,0,0,0,6.001705958035182,0.3407
1439,2009340,2.0,2.618382226019778,0.018717878866760036,2.581695857573945,2.655068594465611,2.6211838344551475,0.061739281912069316,2.496304349522015,2.7460633193882797,2.6211838344551475,0.06322464263600537,2.4928309861789986,2.7495366827312964,0,0,0,11.409313186943992,0.3324
1440,2010340,2.0,2.5702028629582188,0.018495807644971343,2.533951746109094,2.6064539798073434,2.5684331586505476,0.053925224103489454,2.4593590974954718,2.6775072198056233,2.5684331586505476,0.05472626047811257,2.457332943370438,2.6795333739306573,0,0,0,8.754774134510768,0.312
1441,2011340,2.0,2.6164635227711632,0.01874969947380906,2.579714787081548,2.6532122584607785,2.611359058233869,0.05501375126505435,2.5000832430728828,2.7226348733948553,2.611359058233869,0.05582597364544014,2.4980263065339665,2.7246918099337716,0,0,0,8.865107171681032,0.3117
1442,2012340,2.0,2.575467792658414,0.01929325181790893,2.5376537139506508,2.6132818713661776,2.545006214270657,0.08221469267732416,2.378711301898621,2.7113011266426934,2.545006214270657,0.07351463124299512,2.3957635785418523,2.694248849999462,0,0,0,14.518999844883384,0.2944
1443,2013340,2.0,2.646885524626581,0.0189437992930526,2.6097563602818425,2.6840146889713195,2.6315378115900767,0.07049190827623229,2.4889544687836773,2.774121154396476,2.6315378115900767,0.06897499032613104,2.4915111368780076,2.771564486302146,0,0,0,13.257118214465484,0.308
1444,2014340,2.0,2.5218028902887504,0.019031713671872588,2.4845014169278015,2.5591043636496993,2.5145622407592665,0.06900228055457752,2.3749919544196936,2.6541325270988394,2.5145622407592665,0.0696437570683862,2.373177897381595,2.655946584136938,0,0,0,13.390863820267874,0.332
1445,2015340,2.0,2.5396910370032586,0.01913099096808288,2.502194983717255,2.577187090289262,2.530911558263856,0.07938567997480608,2.3703388641978718,2.6914842523298406,2.530911558263856,0.07612866879150426,2.376362144183079,2.685460972344633,0,0,0,15.835126531238002,0.2989
1446,2016340,2.0,2.4921720762226625,0.018928948731046082,2.455072018444607,2.529272134000718,2.478530009770956,0.06467996830660462,2.3477024251689214,2.609357594372991,2.478530009770956,0.059106602974868507,2.35853722645973,2.598522793082182,0,0,0,9.750323159281423,0.2962
1447,2017340,2.0,2.5516078334891965,0.018493856771455763,2.515360540281901,2.587855126696492,2.5419261362542644,0.0634024240380823,2.413682628844115,2.670169643664414,2.5419261362542644,0.06484725204728299,2.4102792157478268,2.673573056760702,0,0,0,12.294989857086309,0.3037
1448,2018340,2.0,2.5314031499331078,0.018780623751520828,2.4945938037729296,2.568212496093286,2.5096072777296436,0.0633892610110411,2.381390395054771,2.6378241604045165,2.5096072777296436,0.06221822223139107,2.3832975714960547,2.6359169839632326,0,0,0,10.975268944451068,0.3022
1449,2019340,2.0,2.620289090350639,0.01901120954257976,2.5830278043446384,2.6575503763566397,2.6065787213128604,0.06466340803218908,2.4757846330275193,2.7373728095982015,2.6065787213128604,0.06457201215400336,2.4754905674959407,2.73766687512978,0,0,0,11.536369091542443,0.2927
1450,2020340,2.0,2.523309451112279,0.01860063719050725,2.4868528721293885,2.5597660300951692,2.5096088658081843,0.056096972654927565,2.3961420285775117,2.623075703038857,2.5096088658081843,0.05412394104986752,2.399731423974694,2.6194863076416746,0,0,0,8.466875641277298,0.2867
1451,2021340,2.0,2.5678556852697523,0.018732466342027,2.5311407258977705,2.604570644641734,2.573039101592564,0.0618627432306717,2.447909892571319,2.6981683106138092,2.573039101592564,0.06144595080434762,2.4482971897057775,2.697781013479351,0,0,0,10.759612126983523,0.3178
1452,2022340,2.0,2.5333529569011395,0.019257485409798512,2.495608979065129,2.57109693473715,2.52196688731487,0.07013858920098037,2.3800981997938586,2.6638355748358813,2.52196688731487,0.07024338720276344,2.379365230047381,2.664568544582359,0,0,0,13.30490371514914,0.3384
1453,2023340,2.0,2.54091665024017,0.018788047289860686,2.504092754212208,2.577740546268132,2.5325518864842924,0.06199209052994495,2.407161047855276,2.6579427251133088,2.5325518864842924,0.06254623770908689,2.4055762734288444,2.6595274995397404,0,0,0,11.082534523444172,0.3127
1454,2024340,2.0,2.553492579332777,0.01883185740279271,2.5165828170613094,2.590402341604245,2.549423651613824,0.06353301806912541,2.4209159928428723,2.6779313103847753,2.549423651613824,0.0644720976020286,2.4185383351210157,2.680308968106632,0,0,0,11.720800840743866,0.3102
1455,2025340,2.0,2.5815603354048706,0.018649972096711633,2.545007061782639,2.618113609027102,2.5669392531217317,0.05945952786684039,2.446671005995801,2.6872075002476623,2.5669392531217317,0.056264440900312185,2.452716365571435,2.6811621406720283,0,0,0,9.101472108799651,0.3122
1456,2026340,2.0,2.653772310255701,0.019380273760856267,2.615787671673896,2.691756948837506,2.6370669018100155,0.07124104591190432,2.4929682851100847,2.781165518509946,2.6370669018100155,0.06754549246752455,2.49994226203412,2.774191541585911,0,0,0,12.14710903634681,0.3343
1457,2027340,2.0,2.5330776674448883,0.018835691507197393,2.4961603904668745,2.569994944422902,2.5312727774652335,0.07150946027921239,2.386631241461741,2.6759143134687258,2.5312727774652335,0.07367747871641561,2.3816995437895425,2.6808460111409245,0,0,0,15.300526432163966,0.2872
1458,2028340,2.0,2.4480715215499442,0.018923483688487293,2.410982175058478,2.4851608680414103,2.4438632077259625,0.07831461827533309,2.2854569404343015,2.6022694750176236,2.4438632077259625,0.07249803926306907,2.2966843634354013,2.591042052016524,0,0,0,14.677440949501754,0.3463
1459,2029340,2.0,2.702202911161435,0.01975130066031646,2.6634910732193924,2.7409147491034775,2.6737820794160436,0.09369797199467561,2.4842600422365546,2.8633041165955326,2.6737820794160436,0.08718532537053576,2.496786459154233,2.850777699677854,0,0,0,19.48477455694491,0.3591
1460,2030340,2.0,2.6044522364465426,0.01876584205055077,2.567671861887896,2.641232611005189,2.599391932763274,0.06359154046657352,2.4707659012703855,2.7280179642561624,2.599391932763274,0.06511500675340581,2.4672014413051104,2.7315824242214375,0,0,0,12.03998834890346,0.314
1461,2031340,2.0,2.533015187223872,0.019054053303595817,2.495669928989318,2.5703604454584266,2.5228367198604698,0.07280216275862053,2.3755804462895695,2.67009299343137,2.5228367198604698,0.06559117195139787,2.3896795616587054,2.655993878062234,0,0,0,11.849936683478623,0.3489
1462,2032340,2.0,2.6589870401383133,0.018783014756018155,2.6221730076954333,2.6958010725811934,2.6489351180776013,0.05307234659709148,2.5415861645106204,2.7562840716445822,2.6489351180776013,0.05218940008251779,2.542985003199453,2.7548852329557496,0,0,0,7.720297035197163,0.314
1463,2033340,2.0,2.6671486022137834,0.019254545616272788,2.629410386267205,2.704886818160362,2.648368011253585,0.06365029339273881,2.5196231407504164,2.777112881756753,2.648368011253585,0.059836193419244635,2.5268940805968554,2.769841941910314,0,0,0,9.657425491690182,0.3048
1464,2034340,2.0,2.4422026582333825,0.019005332233268283,2.4049528915419582,2.4794524249248067,2.4455863875823285,0.05873031240328604,2.3267931179532795,2.5643796572113775,2.4455863875823285,0.05196440314403841,2.340093040772819,2.551079734391838,0,0,0,7.47585647411211,0.3229
1465,2035340,2.0,2.497141592582063,0.019092263116808873,2.4597214444897553,2.534561740674371,2.502557651404405,0.07773439882393943,2.3453249887287066,2.6597903140801034,2.502557651404405,0.07855716986543651,2.3430781180396734,2.6620371847691366,0,0,0,16.929995246737164,0.3008
1466,2036340,2.0,2.528692222317114,0.018777346334638217,2.491889299775988,2.56549514485824,2.5185179551864842,0.059220152562246754,2.398733890315636,2.6383020200573326,2.5185179551864842,0.057238151770547446,2.4023183294786996,2.634717580894269,0,0,0,9.291862414893645,0.3223
1467,2037340,2.0,2.5443552037943076,0.018929177869819853,2.5072546969125082,2.581455710676107,2.5251450640039006,0.06302778713860167,2.3976593312486414,2.65263079675916,2.5251450640039006,0.06158090951674518,2.4001291713650894,2.650160956642712,0,0,0,10.583484876453776,0.3334
1468,2038340,2.0,2.603470719193303,0.018728445155777117,2.566763641201546,2.6401777971850597,2.5896876980787966,0.058323223137118574,2.471717844212069,2.707657551945524,2.5896876980787966,0.05533107323265328,2.477359647630587,2.7020157485270064,0,0,0,8.728402020217503,0.3331
1469,2039340,2.0,2.752232780771262,0.018918528824599937,2.7151531456345634,2.7893124159079608,2.756343197624769,0.06515055941799297,2.6245637526546792,2.888122642594859,2.756343197624769,0.06392780478990004,2.6265628542851527,2.8861235409643857,0,0,0,11.418389698146736,0.3352
1470,2040340,2.0,2.5480503637127705,0.018836416732054686,2.5111316653201556,2.5849690621053854,2.523831633522185,0.07002106887439222,2.3822006532986832,2.6654626137456865,2.523831633522185,0.061893894242193034,2.3981803481108206,2.649482918933549,0,0,0,10.796898951637893,0.308
1471,2041340,2.0,2.51864171708508,0.018929152561671547,2.4815412598063395,2.5557421743638202,2.515964880539634,0.06995197072517775,2.37447366451514,2.657456096564128,2.515964880539634,0.0670091323010912,2.3799291097900124,2.6520006512892556,0,0,0,12.531574653291193,0.305
1472,2042340,2.0,2.537024676718851,0.01872800815480931,2.500318455233252,2.57373089820445,2.520737655445699,0.06500423265527756,2.389254184289912,2.652221126601486,2.520737655445699,0.0636442323124602,2.391532994840767,2.6499423160506312,0,0,0,11.548748535648716,0.3122
1473,2043340,2.0,2.499688281355426,0.018571772533689804,2.463288276060324,2.536088286650528,2.4876557319023362,0.06750284139915595,2.351118347527582,2.6241931162770906,2.4876557319023362,0.06686125947620433,2.3519201589468905,2.623391304857782,0,0,0,12.961115919414643,0.2937
1474,2044340,2.0,2.5230491539153674,0.019182305277856877,2.4854525264303153,2.5606457814004195,2.509367149631455,0.06262885168383645,2.38268833999823,2.63604595926468,2.509367149631455,0.05986264761846601,2.3878395140951505,2.6308947851677593,0,0,0,9.738907599678303,0.309
1475,2045340,2.0,2.5278412996168775,0.01874425138762703,2.4911032419799635,2.5645793572537916,2.50794436679267,0.061825630895344576,2.3828902245551125,2.632998509030228,2.50794436679267,0.053999587122953704,2.398319376852117,2.6175693567332234,0,0,0,8.299361431117235,0.343
1476,2046340,2.0,2.629883426979191,0.018749380973272462,2.5931353155391563,2.666631538419226,2.629121275164825,0.050255746183854415,2.527469433679071,2.7307731166505795,2.629121275164825,0.05173578774825933,2.524092042282807,2.7341505080468433,0,0,0,7.61391922274585,0.314
1477,2047340,2.0,2.564236373962334,0.018605304238966794,2.527770647732549,2.6007021001921196,2.5533195809658396,0.06238853559236058,2.4271268565087816,2.6795123054228975,2.5533195809658396,0.06365882515269225,2.4240852953202565,2.6825538666114226,0,0,0,11.706947920369796,0.3261
1478,2048340,2.0,2.5412776815861013,0.01955535122343414,2.502949897483139,2.5796054656890637,2.5393610503583095,0.08524572202910831,2.3669353024380544,2.7117867982785646,2.5393610503583095,0.08697119837443455,2.3628001310089366,2.7159219697076824,0,0,0,19.77969850501501,0.3234
1479,2049340,2.0,2.554121770921272,0.018906351758894404,2.5170660023947935,2.5911775394477505,2.5457426579219353,0.06370902095171696,2.416878999718466,2.674606316125405,2.5457426579219353,0.06276589127828856,2.4183211244141827,2.673164191429688,0,0,0,11.021277381186149,0.305
1480,2050340,2.0,2.6444248471399487,0.018833298220802586,2.6075122609170736,2.681337433362824,2.637531735587521,0.05405229720475761,2.5282006448243295,2.746862826350713,2.637531735587521,0.05242709747287653,2.531099069352681,2.7439644018223612,0,0,0,7.749235550187338,0.2909
1481,2051340,2.0,2.5339853676249153,0.018934726095570537,2.4968739864204665,2.571096748829364,2.5222593100043333,0.0732907777391302,2.3740147193489625,2.670503900659704,2.5222593100043333,0.06533837716344454,2.3896153525058135,2.654903267502853,0,0,0,11.907446332497456,0.2912
1482,2052340,2.0,2.627510871698019,0.018948991776933658,2.5903715302718835,2.6646502131241547,2.6165464023835066,0.06112409603340173,2.49291124834129,2.740181556425723,2.6165464023835066,0.06029003962243227,2.4941511149514795,2.7389416898155337,0,0,0,10.123225799285247,0.3047
1483,2053340,2.0,2.6464562366353266,0.018906687796839183,2.609399809486579,2.6835126637840743,2.6224892652014145,0.0677326796581102,2.4854869890671965,2.7594915413356325,2.6224892652014145,0.06607977637922885,2.488340187276932,2.7566383431258967,0,0,0,12.215358676780907,0.2895
1484,2054340,2.0,2.5448827795566507,0.01900383309169402,2.50763595112872,2.5821296079845815,2.5253384628010247,0.06915254317282545,2.3854642416279006,2.665212683974149,2.5253384628010247,0.06753502499753622,2.3882350731189415,2.662441852483108,0,0,0,12.629196340425533,0.294
1485,2055340,2.0,2.4691844192801624,0.018533908461646115,2.4328586262025738,2.505510212357751,2.4752334548832664,0.06187842068285522,2.35007253522184,2.6003943745446927,2.4752334548832664,0.059591805767686475,2.3542556575355316,2.5962112522310012,0,0,0,10.338060372083607,0.2893
1486,2056340,2.0,2.7068818029343484,0.019366842380947293,2.668923489373428,2.744840116495269,2.6756812962944196,0.07676612824787629,2.520407145721063,2.8309554468677764,2.6756812962944196,0.06739165563184024,2.538868961898304,2.8124936306905353,0,0,0,12.108619045005394,0.3021
1487,2057340,2.0,2.4695430652312442,0.01872684076294189,2.4328391317916616,2.506246998670827,2.461745968375863,0.06129815112041903,2.3377587546895504,2.585733182062176,2.461745968375863,0.06058516329180785,2.3387515480428225,2.5847403887089038,0,0,0,10.466549464510788,0.2934
1488,2058340,2.0,2.748122214420805,0.01904222202156446,2.7108001450729233,2.785444283768687,2.715832068367261,0.07269518097863185,2.568792185871353,2.862871950863169,2.715832068367261,0.06286374107139601,2.5882118892187433,2.8434522475157786,0,0,0,10.898461550765836,0.3125
1489,2059340,2.0,2.6899983247676635,0.018754271076992304,2.6532406289004573,2.7267560206348698,2.670883092122684,0.06589238119695329,2.5376031709760056,2.8041630132693625,2.670883092122684,0.061671569102850536,2.5456831507393485,2.7960830335060196,0,0,0,10.813583009096321,0.2921
1490,2060340,2.0,2.619989354083484,0.019008380103667597,2.582733613675848,2.6572450944911203,2.6145540361228705,0.06943125632255522,2.474116064392493,2.754992007853248,2.6145540361228705,0.06964417035094714,2.473168853736995,2.755939218508746,0,0,0,13.423918990350998,0.3134
1491,2061340,2.0,2.5598912096614943,0.01880611321476748,2.523031905071367,2.5967505142516214,2.5541347138524895,0.0715728825012562,2.4093648942963406,2.6989045334086383,2.5541347138524895,0.07370721525961305,2.404501111784694,2.7037683159202848,0,0,0,15.361085774346659,0.2936
1492,2062340,2.0,2.559605585014082,0.018847820576504346,2.5226645354970607,2.5965466345311032,2.538552835592087,0.05600021980943675,2.425281699463477,2.6518239717206975,2.538552835592087,0.05427174227847922,2.428375341312587,2.6487303298715874,0,0,0,8.291350036225674,0.3091
1493,2063340,2.0,2.5037387192548675,0.018611949233619623,2.467259969074885,2.54021746943485,2.4875405538571753,0.0739126316000203,2.338038145043792,2.6370429626705585,2.4875405538571753,0.06966365843227289,2.346115808562894,2.6289652991514565,0,0,0,14.009700061125745,0.3068
1494,2064340,2.0,2.666569902497953,0.018980040117741268,2.6293697074420543,2.7037700975538512,2.6430232872184676,0.06525457359978656,2.511033453707309,2.7750131207296262,2.6430232872184676,0.0605763985525158,2.5200466602521527,2.7659999141847824,0,0,0,10.186210511946904,0.2974
1495,2065340,2.0,2.6315396654572685,0.018923457205368387,2.5944503708717614,2.6686289600427755,2.6206722889128695,0.06433558582810701,2.490541283623112,2.750803294202627,2.6206722889128695,0.06484507287901636,2.489029792353207,2.752314785472532,0,0,0,11.742295370771087,0.3194
1496,2066340,2.0,2.532182121557347,0.01872233033595712,2.4954870283922093,2.5688772147224848,2.504157758521389,0.06613178951745924,2.3703935883386418,2.637921928704136,2.504157758521389,0.0609862274222958,2.380349134717308,2.62796638232547,0,0,0,10.610692544632478,0.3222
1497,2067340,2.0,2.5162700756111707,0.019164490561570467,2.4787083643284347,2.5538317868939067,2.5053845000436272,0.06502573205913517,2.3738575422388712,2.636911457848383,2.5053845000436272,0.06490229446185687,2.3736258374949735,2.637143162592281,0,0,0,11.46899973451853,0.3132
1498,2068340,2.0,2.648651417785176,0.019575292995093283,2.6102845485279738,2.687018287042378,2.621763735551348,0.08918513341709035,2.441369775986332,2.802157695116364,2.621763735551348,0.07840243062016741,2.4625983395552486,2.780929131547447,0,0,0,16.041408979523062,0.2962
1499,2069340,2.0,2.684304626154182,0.018895053369653164,2.6472710020636994,2.7213382502446644,2.670271802927604,0.08525801305342896,2.497821194064058,2.8427224117911503,2.670271802927604,0.0855919877444429,2.4965108300129044,2.8440327758423036,0,0,0,20.519651415905305,0.3058
1500,2070340,2.0,2.600846341607814,0.01904625444688751,2.5635163688515283,2.6381763143640993,2.5832851969420063,0.07372184970410163,2.4341686809372054,2.7324017129468072,2.5832851969420063,0.0729489714100428,2.4351909117247708,2.731379482159242,0,0,0,14.669630719123155,0.3194
1501,2071340,2.0,2.579378091368744,0.019001557196181157,2.542135723614051,2.6166204591234368,2.5766121661871293,0.06708132410402858,2.4409273810178678,2.712296951356391,2.5766121661871293,0.06470364455564334,2.4452567843880257,2.707967547986233,0,0,0,11.595222884398956,0.3019
1502,2072340,2.0,2.532330657099923,0.019209402597769553,2.4946809198437645,2.5699803943560813,2.5234695902986113,0.06894531951102123,2.3840145185446353,2.6629246620525873,2.5234695902986113,0.06934132063413359,2.3826992255239077,2.664239955073315,0,0,0,13.03036256450677,0.3148
1503,2073340,2.0,2.656079235945648,0.019483244739581955,2.6178927779540877,2.6942656939372083,2.6552281005521228,0.09394448264130492,2.4652074485260043,2.8452487525782413,2.6552281005521228,0.09656181185195103,2.459197200745259,2.8512590003589864,0,0,0,24.56338641353151,0.3125
1504,2074340,2.0,2.597473705141931,0.018792736359302904,2.5606406187067408,2.634306791577121,2.6022742212723005,0.06271712057005689,2.4754168709643958,2.729131571580205,2.6022742212723005,0.06251779917704628,2.475356341506216,2.729192101038385,0,0,0,11.066933998344389,0.304
1505,2075340,2.0,2.512575207417864,0.018860928738446747,2.4756084663755322,2.549541948460196,2.5048124449091524,0.07733889839836768,2.3483797573531286,2.6612451324651762,2.5048124449091524,0.07848749701955267,2.3454743549412336,2.6641505348770713,0,0,0,17.317085881059928,0.2951
1506,2076340,2.0,2.5912065935348325,0.018878959107774353,2.5542045136179903,2.6282086734516747,2.5739070921950886,0.0754974568950962,2.4211990716475107,2.7266151127426665,2.5739070921950886,0.07375344378559835,2.4241796412301793,2.723634543159998,0,0,0,15.26189691774477,0.3078
1507,2077340,2.0,2.695070617263892,0.01899564761825536,2.6578398320690972,2.7323014024586865,2.6908742960073777,0.07201893161027752,2.545202256968521,2.8365463350462345,2.6908742960073777,0.07069664023088992,2.547352486173986,2.8343961058407694,0,0,0,13.851261896859423,0.3162
1508,2078340,2.0,2.5243410127480232,0.01956084694629537,2.486002457226184,2.5626795682698624,2.5234151331914774,0.06930012781605413,2.3832423939005576,2.663587872482397,2.5234151331914774,0.06923485492762797,2.3828609052916376,2.663969361091317,0,0,0,12.527784182914516,0.2894
1509,2079340,2.0,2.709457633366702,0.018755536561496935,2.672697457195444,2.7462178095379604,2.695023008006302,0.07041356929543482,2.5525981207450466,2.837447895267557,2.695023008006302,0.06380129333566183,2.565499496572949,2.8245465194396546,0,0,0,11.571774954524995,0.3023
1510,2080340,2.0,2.461450779451366,0.019241087048309558,2.423738941813279,2.4991626170894525,2.4471313222132416,0.0707364858617892,2.304053274545292,2.590209369881191,2.4471313222132416,0.07016650090922975,2.304685752419829,2.589576892006654,0,0,0,13.298431795429732,0.2945
1511,2081340,2.0,2.620291692916417,0.01878197056785615,2.5834797070447277,2.6571036787881064,2.6142680725175462,0.06343189419459408,2.485964956089408,2.7425711889456843,2.6142680725175462,0.06536807193609133,2.4815638314256487,2.7469723136094437,0,0,0,12.112925316363294,0.3002
1512,2082340,2.0,2.6257004389778755,0.01902948930996412,2.588403325286156,2.6629975526695953,2.5937707182263194,0.08141542795142499,2.429092471358065,2.758448965094574,2.5937707182263194,0.06065839971757026,2.4706276200447017,2.716913816407937,0,0,0,10.160793623691227,0.3071
1513,2083340,2.0,2.731646927710074,0.01921588253156373,2.6939844900170566,2.7693093654030916,2.720551981350542,0.08219401991500538,2.55429888358714,2.886805079113944,2.720551981350542,0.06630937113357811,2.5859368012949706,2.8551671614061136,0,0,0,11.907734639352253,0.2941
1514,2084340,2.0,2.6547403822821503,0.019322605228619744,2.6168687719465704,2.69261199261773,2.627225249348765,0.07528110094272439,2.4749548500215455,2.7794956486759843,2.627225249348765,0.07287615950172577,2.4792787801638747,2.775171718533655,0,0,0,14.22458462105596,0.3245
1515,2085340,2.0,2.508040509832794,0.01898363192164136,2.470833274970612,2.545247744694976,2.4935948218410875,0.06588707421862805,2.3603256350712805,2.6268640086108945,2.4935948218410875,0.06566174595607538,2.360294390792899,2.626895252889276,0,0,0,11.963720096554713,0.2959
1516,2086340,2.0,2.4806124712857005,0.01898994519231285,2.4433928626403776,2.5178320799310234,2.488764213885286,0.05909464768589333,2.3692340065882584,2.608294421182314,2.488764213885286,0.05420294648090393,2.378726382499874,2.5988020452706984,0,0,0,8.147012232471221,0.2934
1517,2087340,2.0,2.6023316029589196,0.01916157710455362,2.5647756019470074,2.639887603970832,2.606824732628213,0.07336893460435742,2.458422054791208,2.7552274104652175,2.606824732628213,0.07248568258918114,2.4596709737192786,2.753978491537147,0,0,0,14.310076774626888,0.3161
1518,2088340,2.0,2.579611017242896,0.018804617965211514,2.5427546432880463,2.6164673911977454,2.580839413987511,0.06849494920699674,2.4422953021581395,2.7193835258168826,2.580839413987511,0.06893444593075657,2.4408950487739376,2.7207837792010845,0,0,0,13.438275768382267,0.3029
1519,2089340,2.0,2.669713380933791,0.018867537221254217,2.6327336875031637,2.706693074364418,2.6733349424297868,0.05772513441684739,2.556574837186928,2.7900950476726454,2.6733349424297868,0.05904486564780181,2.553467492555708,2.7932023923038654,0,0,0,9.793407971463544,0.2924
1520,2090340,2.0,2.5164161752928305,0.01856163858113924,2.4800360321797483,2.5527963184059126,2.5241788330632287,0.06299963758704817,2.3967500381502997,2.6516076279761576,2.5241788330632287,0.062318406426369474,2.397665742101129,2.6506919240253284,0,0,0,11.271975968853702,0.2894
1521,2091340,2.0,2.6088153071396083,0.018829527466591545,2.5719101114591814,2.6457205028200352,2.6029381050928655,0.056365813985510174,2.488927484943893,2.716948725241838,2.6029381050928655,0.05510948730120977,2.491059898000868,2.714816312184863,0,0,0,8.565917722634104,0.2952
1522,2092340,2.0,2.5786641275950197,0.019107916354062896,2.5412132997214525,2.616114955468587,2.586786096499179,0.07533674725590864,2.434403141879548,2.7391690511188096,2.586786096499179,0.07661216405426137,2.431255134852207,2.742317058146151,0,0,0,16.07565943439951,0.293
1523,2093340,2.0,2.6585379288640825,0.018781651661881855,2.621726568036617,2.695349289691548,2.6676153699085905,0.05097368924555479,2.5645113515108315,2.7707193883063495,2.6676153699085905,0.05240641940993003,2.561224682373279,2.774006057443902,0,0,0,7.785767189973929,0.2992
1524,2094340,2.0,2.628098260483089,0.018759540215194877,2.591330237294776,2.664866283671402,2.624936725624549,0.06898737170790323,2.485396595273772,2.7644768559753254,2.624936725624549,0.06949830818324469,2.483847659181758,2.7660257920673397,0,0,0,13.724738716827085,0.2882
1525,2095340,2.0,2.5896642269582593,0.0191703719977382,2.5520909882724574,2.627237465644061,2.595063249891469,0.0791564411568155,2.434954235101154,2.755172264681784,2.595063249891469,0.07444434627317188,2.4439331923088887,2.746193307474049,0,0,0,15.080035376736145,0.2941
1526,2096340,2.0,2.595060827661115,0.019280927615758583,2.5572709039457044,2.6328507513765254,2.559962808268971,0.08693796185954404,2.384114182209169,2.735811434328773,2.559962808268971,0.07588439216601131,2.4059093021022933,2.7140163144356486,0,0,0,15.489916303234274,0.2924
1527,2097340,2.0,2.6592486005561757,0.019355679131975667,2.62131216656119,2.6971850345511617,2.6292250777475967,0.07164145460381549,2.4843165580222335,2.77413359747296,2.6292250777475967,0.07001299607400484,2.4870911393371995,2.771359016157994,0,0,0,13.083998863575244,0.3013
1528,2098340,2.0,2.541656063011621,0.018702503850964787,2.504999829043008,2.5783122969802337,2.523454537860224,0.06394260250422268,2.394118416371413,2.652790659349035,2.523454537860224,0.06274096088999767,2.396083615731395,2.650825459989053,0,0,0,11.253894143069148,0.3009
1529,2099340,2.0,2.5727795391943156,0.018827811320254337,2.5358777070989014,2.6096813712897298,2.550215747924021,0.07364365518823214,2.401257395256466,2.699174100591576,2.550215747924021,0.06418840396182897,2.419906360139376,2.680525135708666,0,0,0,11.6228726508795,0.2916
1530,2100340,2.0,2.4114559399611495,0.019014957525862384,2.3741873080429006,2.4487245718793984,2.407720846955812,0.06718042952150698,2.2718356021584905,2.5436060917531336,2.407720846955812,0.06356720128463939,2.27867256765118,2.536769126260444,0,0,0,11.175718717393362,0.2994
1531,2101340,2.0,2.5866975524037565,0.018439720819581704,2.550556363712403,2.62283874109511,2.5783743365888503,0.05783331328694837,2.4613954189276983,2.6953532542500023,2.5783743365888503,0.0542354588961855,2.4682705014914084,2.688478171686292,0,0,0,8.650833539660308,0.3112
1532,2102340,2.0,2.557482496290218,0.01876480572996565,2.5207041528825944,2.5942608396978417,2.5563036920936195,0.07210093804054697,2.4104657793928723,2.7021416047943667,2.5563036920936195,0.0720684343674568,2.409996992107656,2.702610392079583,0,0,0,14.750339955552969,0.295
1533,2103340,2.0,2.6373208648058566,0.019118375456025374,2.599849537469132,2.674792192142581,2.6322307479972733,0.05401567970435391,2.5229737231196627,2.741487772874884,2.6322307479972733,0.0546789019541343,2.521226675632162,2.7432348203623844,0,0,0,8.179704162813538,0.2985
1534,2104340,2.0,2.551038998517512,0.018788121218742668,2.5142149575916033,2.5878630394434206,2.576242675700482,0.059698755826021105,2.4554905443536974,2.6969948070472665,2.576242675700482,0.05627740383631019,2.4619934719910423,2.6904918794099215,0,0,0,8.97225074159705,0.3163
1535,2105340,2.0,2.5362329998064994,0.019143808214971733,2.498711825178213,2.573754174434786,2.519566915962477,0.074649705914994,2.368573633624804,2.67056019830015,2.519566915962477,0.0756207338743984,2.3660486645839516,2.6730851673410028,0,0,0,15.603610679636084,0.3363
1536,2106340,2.0,2.5682538368299554,0.019108083050863423,2.5308026822366627,2.605704991423248,2.576048556858341,0.0730060798605306,2.428379822016967,2.7237172916997148,2.576048556858341,0.07324335028647626,2.4273566507501485,2.7247404629665333,0,0,0,14.692718656630303,0.3144
1537,2107340,2.0,2.647442314636479,0.01948333921427475,2.6092556714779236,2.6856289577950343,2.63594457907539,0.06652532077154585,2.5013844167982513,2.770504741352529,2.63594457907539,0.06681543954741845,2.5003020255206443,2.771587132630136,0,0,0,11.760529504872464,0.3005
1538,2108340,2.0,2.5425800707753954,0.018769057127419966,2.5057933947818776,2.579366746768913,2.525056829211705,0.07845085392376341,2.3663749993109784,2.6837386591124313,2.525056829211705,0.07814213924784102,2.3664198527942206,2.683693805629189,0,0,0,17.333476681652165,0.2924
1539,2109340,2.0,2.5477534752634465,0.01882565866926923,2.5108558622864345,2.5846510882404585,2.5425302055128842,0.06885068066011424,2.4032665589033204,2.681793852122448,2.5425302055128842,0.07038408140039173,2.3996429238393313,2.685417487186437,0,0,0,13.978112563927885,0.3146
1540,2110340,2.0,2.5743577992910587,0.018767186314720623,2.5375747900230534,2.611140808559064,2.5582135484984234,0.06872315669689733,2.4192078434513458,2.697219253545501,2.5582135484984234,0.06790051793123583,2.420368168713917,2.69605892828293,0,0,0,13.090247046868058,0.3035
1541,2111340,2.0,2.736748708641648,0.01842374199066137,2.7006388378794934,2.7728585794038025,2.7493151760106223,0.0494507376691076,2.6492916179381987,2.849338734083046,2.7493151760106223,0.0490644184639596,2.6497091110919455,2.848921240929299,0,0,0,7.092145312066288,0.2918
1542,2112340,2.0,2.4431622643025137,0.018917124419838113,2.406085381748568,2.4802391468564595,2.419775883783756,0.07344664081745429,2.27121603029509,2.568335737272422,2.419775883783756,0.06490452151685303,2.288012700073098,2.551539067494414,0,0,0,11.771712985005541,0.3026
1543,2113340,2.0,2.6537193090139075,0.018707303229241804,2.6170536684367236,2.6903849495910914,2.649075539063286,0.06584630294148427,2.515888819985556,2.782262258141016,2.649075539063286,0.06347343433212085,2.5202176167923698,2.777933461334202,0,0,0,11.512287388251714,0.3089
1544,2114340,2.0,2.483631477563201,0.018594727347864916,2.4471864816590436,2.520076473467358,2.479073291037296,0.06159886392570689,2.354477828290189,2.603668753784403,2.479073291037296,0.06099018184849626,2.355256639321234,2.6028899427533583,0,0,0,10.758215191823895,0.2878
1545,2115340,2.0,2.4842061864652885,0.018708687661601244,2.447537832450541,2.520874540480036,2.454413655450585,0.05897371599112947,2.3351280555945007,2.5736992553066695,2.454413655450585,0.055410940992023344,2.3419234648308667,2.5669038460703035,0,0,0,8.772116720953237,0.3142
1546,2116340,2.0,2.582262702659174,0.018656974959843087,2.545695703677416,2.618829701640932,2.584175221793528,0.06579783691471917,2.451086534508066,2.7172639090789903,2.584175221793528,0.06614033952447228,2.4499031941477276,2.7184472494393286,0,0,0,12.567543081773856,0.2955
1547,2117340,2.0,2.5678115796811305,0.019167542637037707,2.5302438864404007,2.6053792729218603,2.56356596938484,0.07042659337957037,2.421114738426862,2.706017200342818,2.56356596938484,0.07209458823837132,2.4172061742181787,2.7099257645515014,0,0,0,14.147263921407585,0.2988
1548,2118340,2.0,2.564073364376288,0.01904183614815446,2.526752051326392,2.6013946774261836,2.532144592697744,0.06945617132222813,2.3916562256237555,2.6726329597717324,2.532144592697744,0.06654981181804225,2.397041292102368,2.66724789329312,0,0,0,12.214509058192464,0.2972
1549,2119340,2.0,2.5742315057629783,0.018447793865940896,2.538074494191515,2.6103885173344414,2.5660973044473847,0.07006874094060844,2.424369898368408,2.7078247105263613,2.5660973044473847,0.06941899600425029,2.4251692502879774,2.707025358606792,0,0,0,14.16014765817237,0.2915
1550,2120340,2.0,2.6012148202861134,0.019316374439778166,2.563355422072258,2.6390742184999687,2.5997360343208182,0.07261832890923103,2.4528515998078735,2.746620468833763,2.5997360343208182,0.07095483078633698,2.455690069793814,2.7437819988478225,0,0,0,13.493130059088523,0.3042
1551,2121340,2.0,2.573913746250405,0.019092457053976518,2.5364932180482334,2.611334274452577,2.53941955320073,0.0792068856326158,2.379208504827248,2.699630601574212,2.53941955320073,0.07227339946035462,2.3926967519546603,2.6861423544468,0,0,0,14.329575356525043,0.2883
1552,2122340,2.0,2.6326467520423638,0.018967994459496505,2.5954701660427952,2.6698233380419323,2.6128926467538296,0.06365684505059929,2.4841345242717954,2.741650769235864,2.6128926467538296,0.06428187607359806,2.482393500494012,2.743391793013647,0,0,0,11.4850861761512,0.314
1553,2123340,2.0,2.639584486682966,0.01892545335604178,2.6024912797140316,2.6766776936519006,2.606727100117193,0.06520895546961238,2.4748295379837266,2.7386246622506594,2.606727100117193,0.06124297247873742,2.4823972561384906,2.7310569440958954,0,0,0,10.471766247792461,0.3091
1554,2124340,2.0,2.6537214258501396,0.019115556560850178,2.6162556234464347,2.6911872282538445,2.658269107471008,0.06867870546046681,2.5193533135362425,2.7971849014057732,2.658269107471008,0.0650230269961287,2.526265344847331,2.7902728700946846,0,0,0,11.570722334552507,0.2952
1555,2125340,2.0,2.692769878124389,0.01877630333238438,2.655968999830116,2.7295707564186618,2.672633454925817,0.06446074901193848,2.5422492832006003,2.8030176266510334,2.672633454925817,0.06332472220588596,2.544077434321397,2.8011894755302365,0,0,0,11.374345112696101,0.3098
1556,2126340,2.0,2.4913497765196766,0.018615064255923356,2.454864921008168,2.527834632031185,2.4854699120298216,0.06558344931455927,2.3528148645965716,2.6181249594630716,2.4854699120298216,0.06584267299984954,2.3518021795556323,2.619137644504011,0,0,0,12.510821497845958,0.3136
1557,2127340,2.0,2.4811524323160565,0.018865150331629794,2.4441774171031283,2.5181274475289848,2.473252068158157,0.07702608424883797,2.3174521069420457,2.629052029374268,2.473252068158157,0.07747621053960099,2.31596699889092,2.6305371374253936,0,0,0,16.866159407578724,0.3064
1558,2128340,2.0,2.7499760697713347,0.01873964520729783,2.7132470400819724,2.786705099460697,2.7308483072530936,0.06393845125057791,2.6015205824673364,2.8601760320388507,2.7308483072530936,0.05930530391504612,2.6104521395878626,2.8512444749183246,0,0,0,10.015308772492114,0.3368
1559,2129340,2.0,2.493313171323989,0.01888544275713876,2.456298383687904,2.530327958960074,2.4809818615513253,0.06924339879890147,2.340923867528303,2.6210398555743475,2.4809818615513253,0.07062795754420738,2.3375994849847013,2.6243642381179493,0,0,0,13.986174822758326,0.3144
1560,2130340,2.0,2.559759043689034,0.01863456139996336,2.5232359744774056,2.596282112900662,2.5437405125551438,0.05167627074045228,2.4392153889470696,2.648265636163218,2.5437405125551438,0.05035541031077145,2.441513594852948,2.6459674302573397,0,0,0,7.302203429489615,0.2917
1561,2131340,2.0,2.6322221135236035,0.01873597318097549,2.595500280873583,2.668943946173624,2.6435268187724685,0.059713680315840026,2.522744499795641,2.764309137749296,2.6435268187724685,0.060547202881514196,2.5206094621693245,2.7664441753756126,0,0,0,10.443249581497353,0.2919
1562,2132340,2.0,2.6516053933095582,0.019096381906451843,2.6141771725378904,2.689033614081226,2.6456964821754463,0.06570100986307967,2.5128036460881495,2.778589318262743,2.6456964821754463,0.06269607931741937,2.518416674482941,2.7729762898679517,0,0,0,10.77900276663052,0.29
1563,2133340,2.0,2.6464790671578595,0.01851342629581065,2.610193418387634,2.682764715928085,2.6287831915810513,0.05815288782595132,2.5111578734015834,2.7464085097605193,2.6287831915810513,0.05194007386995016,2.523339235823757,2.7342271473383457,0,0,0,7.871029190330133,0.3057
1564,2134340,2.0,2.5194174207195896,0.01897091755861926,2.4822351055510175,2.556599735888162,2.513179093804421,0.06336716722435885,2.3850069000312595,2.641351287577583,2.513179093804421,0.06496803013080459,2.3812869807530674,2.645071206855775,0,0,0,11.727966703760998,0.2957
1565,2135340,2.0,2.5979947940874673,0.019015275609392628,2.5607255387369547,2.6352640494379798,2.5812391351129316,0.05796487117614337,2.4639941165038457,2.6984841537220174,2.5812391351129316,0.05534730928990351,2.4688781237161748,2.6936001465096884,0,0,0,8.47203567710932,0.3057
1566,2136340,2.0,2.4404550922736754,0.018871259631069753,2.403468103053874,2.4774420814934768,2.4397868412013994,0.06424544157123406,2.309838169881512,2.569735512521287,2.4397868412013994,0.05845155517229,2.3211238756275714,2.5584498067752275,0,0,0,9.593793398320324,0.2862
1567,2137340,2.0,2.520113380521374,0.018842437398546477,2.483182881839272,2.5570438792034755,2.522474249155217,0.04984270219210183,2.421657868001156,2.6232906303092776,2.522474249155217,0.05117907660413644,2.4185751999806278,2.626373298329806,0,0,0,7.377525675990068,0.2901
1568,2138340,2.0,2.4554528202057124,0.01831112778203068,2.4195636692366214,2.4913419711748035,2.457809262810363,0.05463480943173449,2.347299929854855,2.568318595765871,2.457809262810363,0.053290849033916156,2.3496230876834177,2.565995437937308,0,0,0,8.469837777601228,0.3198
1569,2139340,2.0,2.5830631627388154,0.01854644519847125,2.5467127981085658,2.619413527369065,2.5787862711322003,0.06783368032149961,2.4415797018732266,2.715992840391174,2.5787862711322003,0.06724922150658987,2.4422630933830085,2.715309448881392,0,0,0,13.147802182464357,0.2955
1570,2140340,2.0,2.5162954429391933,0.0183825510453891,2.4802663049462614,2.552324580932125,2.5115301728169666,0.05830294664630135,2.393601332024105,2.629459013609828,2.5115301728169666,0.05971263236804817,2.390307084429894,2.632753261204039,0,0,0,10.551662042386859,0.3193
1571,2141340,2.0,2.6065251583835156,0.019131276531715258,2.5690285454030772,2.644021771363954,2.6039322533644285,0.08331969713596271,2.435402258507304,2.772462248221553,2.6039322533644285,0.08570106676106437,2.42994983827328,2.777914668455577,0,0,0,20.067097333525304,0.3235
1572,2142340,2.0,2.58766468753817,0.018716166635511677,2.550981675003917,2.6243477000724234,2.559116048726552,0.06572441209315884,2.4261758771609654,2.6920562202921388,2.559116048726552,0.05821518749294918,2.440932935052536,2.677299162400568,0,0,0,9.67472868560674,0.3038
1573,2143340,2.0,2.6304833171182556,0.018873112853009178,2.593492695650198,2.6674739385863133,2.6080192999540057,0.06922364926557867,2.4680012531327105,2.748037346775301,2.6080192999540057,0.0641448469646138,2.4777983375747383,2.738240262333273,0,0,0,11.551449214036088,0.3147
1574,2144340,2.0,2.584288547609903,0.01907302597509609,2.546906103622518,2.6216709915972882,2.5675219020311175,0.08107105710859434,2.403540210939782,2.731503593122453,2.5675219020311175,0.07491135417577904,2.4154437680028993,2.7196000360593358,0,0,0,15.426098329931593,0.2989
1575,2145340,2.0,2.580419455015396,0.01889294863856639,2.543389956122041,2.617448953908751,2.5602941969155992,0.06302239760338449,2.432819365524287,2.6877690283069113,2.5602941969155992,0.0634688742864487,2.4314455320295556,2.689142861801643,0,0,0,11.285533732862703,0.3108
1576,2146340,2.0,2.603246978801487,0.01881565808385059,2.5663689666117198,2.640124990991254,2.6009598227355744,0.0707607921176174,2.457832611024661,2.744087034446488,2.6009598227355744,0.07154525018195318,2.455715243112537,2.746204402358612,0,0,0,14.458484985087496,0.3032
1577,2147340,2.0,2.623965549181951,0.019093497445180182,2.5865429818504904,2.661388116513412,2.594389213377183,0.07086423046738617,2.4510527778554088,2.7377256488989574,2.594389213377183,0.06574433040339665,2.4609211269877376,2.7278572997666286,0,0,0,11.856203314742706,0.2992
1578,2148340,2.0,2.5658238376642983,0.019054824386868254,2.528477068134301,2.6031706071942957,2.5644791730753114,0.07130410098533319,2.4202530154508937,2.708705330699729,2.5644791730753114,0.07110112506144915,2.4201362153805444,2.7088221307700784,0,0,0,13.923327687350557,0.2903
1579,2149340,2.0,2.5790514998091156,0.01869828008976503,2.542403544260334,2.6156994553578974,2.5938228898131643,0.06262830440633174,2.4671451871531787,2.72050059247315,2.5938228898131643,0.06189256122708393,2.4681743105663414,2.7194714690599873,0,0,0,10.9565440207561,0.2981
1580,2150340,2.0,2.7044687397377025,0.018947434688963212,2.6673324501479097,2.7416050293274954,2.6872412991006644,0.07487889572866088,2.5357844366079227,2.838698161593406,2.6872412991006644,0.06853006426604936,2.548117872310652,2.8263647258906768,0,0,0,13.081617327189504,0.2859
1581,2151340,2.0,2.6967426230073075,0.018799858353763913,2.659895577719476,2.733589668295139,2.685154987886096,0.0675047322220795,2.548613778960983,2.821696196811209,2.685154987886096,0.06514862404641127,2.5528962496948755,2.817413726077316,0,0,0,12.008847818028514,0.2901
1582,2152340,2.0,2.591958481032895,0.01891786223272313,2.554880152392267,2.6290368096735226,2.58021144776962,0.06794323161567378,2.442783290102642,2.717639605436598,2.58021144776962,0.06852998352865607,2.44108818488523,2.71933471065401,0,0,0,13.122516816418896,0.304
1583,2153340,2.0,2.6332229020253832,0.01918592616955869,2.5956191777230035,2.670826626327763,2.636919581078279,0.07476044696364594,2.4857023038270225,2.7881368583295356,2.636919581078279,0.07471606874585451,2.4852378975496223,2.788601264606936,0,0,0,15.165700959936764,0.2981
1584,2154340,2.0,2.577825501901753,0.01892832573291378,2.540726665177599,2.6149243386259067,2.5741018105321434,0.06740665621110764,2.4377589790638963,2.7104446420003905,2.5741018105321434,0.06789533655970548,2.43626694949106,2.711936671573227,0,0,0,12.866353782990494,0.3011
1585,2155340,2.0,2.4985879165898517,0.018881155578160443,2.4615815316701597,2.5355943015095437,2.5162511428938403,0.062452666051884716,2.389928702338605,2.642573583449076,2.5162511428938403,0.060524998412486514,2.393378863759312,2.639123422028369,0,0,0,10.275724024391776,0.2962
1586,2156340,2.0,2.522496614859762,0.018796728583172554,2.4856557038095692,2.559337525909955,2.518888135982148,0.07462611327685809,2.3679425742594122,2.6698336977048833,2.518888135982148,0.07524743362965083,2.366127724390102,2.6716485475741933,0,0,0,16.025767740690384,0.2985
1587,2157340,2.0,2.5837944749968687,0.018838083723816595,2.546872509360438,2.6207164406332994,2.573617391875805,0.07477281225754909,2.4223751034568473,2.724859680294763,2.573617391875805,0.07671473958936281,2.4178781908217792,2.729356592929831,0,0,0,16.58380508947109,0.2977
1588,2158340,2.0,2.5573055196464596,0.018839423456853376,2.520380928181528,2.5942301111113912,2.5366214190209027,0.07081235992552139,2.3933899015731757,2.6798529364686297,2.5366214190209027,0.06977874272185332,2.3949630401979274,2.678279797843878,0,0,0,13.71864014378731,0.3066
1589,2159340,2.0,2.4075226181637204,0.018731430211929793,2.3708096895694126,2.444235546758028,2.4039426325328273,0.06608326824157203,2.270276605894246,2.5376086591714087,2.4039426325328273,0.0648914764453057,2.272205931725342,2.5356793333403127,0,0,0,12.00144209227996,0.2973
1590,2160340,2.0,2.5238601921414996,0.01899952803814754,2.4866218014634716,2.5610985828195276,2.531157064943929,0.06436879183193518,2.4009588941717372,2.6613552357161203,2.531157064943929,0.0618941032598992,2.405505355204062,2.6568087746837956,0,0,0,10.612383225221402,0.297
1591,2161340,2.0,2.6213738513687526,0.01887064783349443,2.5843880612501646,2.6583596414873405,2.6133295527314355,0.0664439212375831,2.4789340365525385,2.7477250689103325,2.6133295527314355,0.06631317068135419,2.4787066591838003,2.7479524462790708,0,0,0,12.34883442611289,0.2916
1592,2162340,2.0,2.605857316411892,0.01890147203722586,2.5688111119641386,2.6429035208596456,2.591738813567919,0.05628835043893857,2.477884878231231,2.7055927489046074,2.591738813567919,0.053822757185838295,2.4824728074846556,2.7010048196511827,0,0,0,8.108501979457266,0.2927
1593,2163340,2.0,2.659891876044533,0.01881379625240454,2.6230175129773454,2.6967662391117204,2.6493693807941616,0.07634893026673108,2.494939092789125,2.8037996687991984,2.6493693807941616,0.0714064881976359,2.5044065029756264,2.794332258612697,0,0,0,14.405305623941976,0.2934
1594,2164340,2.0,2.6930971368702084,0.018356653408644757,2.6571187573125803,2.7290755164278364,2.6633259759218944,0.054500114802645806,2.553089088569622,2.773562863274167,2.6633259759218944,0.048957827790108474,2.5639363015752803,2.7627156502685084,0,0,0,7.113072979066234,0.3017
1595,2165340,2.0,2.556065893288663,0.018937696374119323,2.5189486904452343,2.5931830961320914,2.5548781713594,0.06887394371272543,2.415567470784547,2.694188871934253,2.5548781713594,0.0676550572631343,2.41753110322328,2.69222523949552,0,0,0,12.762807926153128,0.2921
1596,2166340,2.0,2.6367043198723734,0.018704695096447798,2.6000437911415326,2.673364848603214,2.6175665945590323,0.06822236441751882,2.479573837508278,2.7555593516097865,2.6175665945590323,0.06650461045327766,2.4825550576126325,2.752578131505432,0,0,0,12.641605735924394,0.2996
1597,2167340,2.0,2.5838593757021484,0.01901382666410236,2.5465929602322204,2.6211257911720764,2.582042427161055,0.060181252808023715,2.4603143535498284,2.7037705007722814,2.582042427161055,0.06191461482453993,2.45634907673119,2.7077357775909197,0,0,0,10.603452375386663,0.2948
1598,2168340,2.0,2.623786264548313,0.01866238822286075,2.5872086557660015,2.6603638733306245,2.6183620822810587,0.06135259379293825,2.4942647478953788,2.7424594166667386,2.6183620822810587,0.058356201028400785,2.4998926959107317,2.7368314686513857,0,0,0,9.777764754683687,0.288
1599,2169340,2.0,2.5095891791167855,0.019240353894138758,2.4718787784344687,2.5472995797991023,2.511514934731053,0.07377444818908441,2.3622920282482696,2.6607378412138365,2.511514934731053,0.06718678561820611,2.375118508573877,2.647911360888229,0,0,0,12.19387155221999,0.308
1600,2170340,2.0,2.5564089304790416,0.018886792399738155,2.51939149759207,2.5934263633660133,2.528375053781698,0.06578019001101627,2.3953220607281223,2.6614280468352733,2.528375053781698,0.06147393600531694,2.4035763289165497,2.653173778646846,0,0,0,10.594138055064775,0.3092
1601,2171340,2.0,2.6144976172219137,0.0196066835313397,2.5760692236442133,2.652926010799614,2.5964978681975364,0.08427979323518153,2.4260258956781593,2.7669698407169134,2.5964978681975364,0.08314805660984616,2.4276983392552793,2.7652973971397934,0,0,0,17.984398954373628,0.2967
1602,2172340,2.0,2.545493155668234,0.018875721079447592,2.508497422170293,2.5824888891661746,2.5240783855829343,0.06220621118348556,2.3982544470522087,2.64990232411366,2.5240783855829343,0.056331662074877505,2.4097190317932062,2.6384377393726623,0,0,0,8.906314525668257,0.3032
1603,2173340,2.0,2.5371338941562636,0.019152807335258044,2.4995950815763233,2.574672706736204,2.53871778817028,0.07117484173107402,2.3947530820657827,2.682682494274777,2.53871778817028,0.0725883051958703,2.391355694293888,2.6860798820466716,0,0,0,14.363769695017357,0.3096
1604,2174340,2.0,2.6052135475709086,0.0189650887958333,2.568042656567471,2.642384438574346,2.5961924997257753,0.057833064207348274,2.479214085875669,2.7131709135758815,2.5961924997257753,0.057524758203535566,2.4794110320260936,2.712973967425457,0,0,0,9.200254536922156,0.2869
1605,2175340,2.0,2.624533446374622,0.019240803566216602,2.586822164351228,2.6622447283980164,2.6056434159483186,0.08414866538913088,2.435436674532512,2.7758501573641254,2.6056434159483186,0.08231479981884621,2.438535488223739,2.772751343672898,0,0,0,18.302458935636576,0.3142
1606,2176340,2.0,2.532781567934721,0.018500980525815596,2.4965203124254454,2.5690428234439966,2.5263128964485366,0.06366581326388979,2.3975366340429107,2.6550891588541625,2.5263128964485366,0.05724906799031851,2.410091109636448,2.6425346832606253,0,0,0,9.57518887923586,0.289
1607,2177340,2.0,2.6640872848252735,0.019167515735001715,2.6265196443115655,2.7016549253389814,2.662437628132108,0.06759553873312142,2.52571274570163,2.7991625105625855,2.662437628132108,0.06971088602645865,2.520917005724438,2.8039582505397775,0,0,0,13.227249587944844,0.3034
1608,2178340,2.0,2.614098460472781,0.019208345130048855,2.57645079581527,2.651746125130292,2.5918693083199824,0.07195389697626155,2.4463288142448376,2.737409802395127,2.5918693083199824,0.07006154240868992,2.4496368156106536,2.734101801029311,0,0,0,13.303915794643517,0.2994
1609,2179340,2.0,2.6870384399580622,0.018436968582620412,2.65090264555203,2.7231742343640946,2.6678330637272305,0.06302022036592671,2.540362636214355,2.795303491240106,2.6678330637272305,0.05654714226285783,2.5530362618995026,2.7826298655549584,0,0,0,9.406808269339832,0.3055
1610,2180340,2.0,2.6149750840525847,0.018815042876226658,2.5780982776476034,2.651851890457566,2.5900594254843603,0.06681226977160973,2.4549188540702787,2.725199996898442,2.5900594254843603,0.06558899200354242,2.4569066928120207,2.7232121581567,0,0,0,12.152104301635077,0.2889
1611,2181340,2.0,2.592844117838186,0.019281450942992513,2.5550531684202444,2.630635067256127,2.563169108170723,0.07207590240278867,2.4173818348271463,2.7089563815142994,2.563169108170723,0.06477723094651147,2.4316643380561063,2.6946738782853394,0,0,0,11.286657198987802,0.3027
1612,2182340,2.0,2.572633011163551,0.018600901807270975,2.536175913541334,2.609090108785768,2.5574129184471466,0.05803925851128465,2.4400174372507046,2.6748083996435885,2.5574129184471466,0.056592803608912126,2.4425234191587797,2.6723024177355135,0,0,0,9.256662265598207,0.2938
1613,2183340,2.0,2.576659324700954,0.01870301761231307,2.540002083778602,2.6133165656233057,2.5743592163517905,0.05697443077299822,2.4591175525529843,2.689600880150597,2.5743592163517905,0.0569189505358979,2.458807603601175,2.689910829102406,0,0,0,9.261693451581978,0.3123
1614,2184340,2.0,2.5762233181884815,0.019121101728318622,2.5387466474562506,2.6136999889207124,2.567741860647266,0.0614448958217762,2.443457827785955,2.6920258935085775,2.567741860647266,0.05951257286210151,2.4469249146493377,2.6885588066451946,0,0,0,9.687051939440904,0.2967
1615,2185340,2.0,2.7413484536425123,0.019068960869543083,2.7039739771156044,2.7787229301694203,2.7097045725815687,0.06660052319302777,2.5749922990493337,2.8444168461138037,2.7097045725815687,0.054640595051516305,2.598778267363169,2.8206308777999682,0,0,0,8.210635742439058,0.2896
1616,2186340,2.0,2.559039286435095,0.018970896282893085,2.52185701296618,2.59622155990401,2.535706480186361,0.06113966035662525,2.4120398443288837,2.6593731160438385,2.535706480186361,0.05978001291556201,2.414346602015571,2.6570663583571514,0,0,0,9.92970416315414,0.3041
1617,2187340,2.0,2.5285467724715924,0.01870152642745392,2.491892454217859,2.565201090725326,2.5185408691615123,0.06631153049575551,2.384413138534007,2.652668599789018,2.5185408691615123,0.06589493653399862,2.3847670360722883,2.6523147022507363,0,0,0,12.415093008839895,0.3097
1618,2188340,2.0,2.550082332668447,0.018905424852158074,2.513028380845789,2.5871362844911054,2.5369345383922743,0.06804025089285916,2.399310140714265,2.6745589360702837,2.5369345383922743,0.06876625934732221,2.3973316100951565,2.676537466689392,0,0,0,13.2305506182258,0.3081
1619,2189340,2.0,2.7326990433776004,0.018850028924020767,2.6957536655789816,2.7696444211762192,2.732684879941576,0.055352814371772016,2.620723244913312,2.8446465149698397,2.732684879941576,0.05698591645369568,2.616997319150317,2.848372440732835,0,0,0,9.139259991375841,0.3157
1620,2190340,2.0,2.482355571107991,0.019515202568711917,2.4441064769223124,2.52060466529367,2.4788139451847653,0.07897362841598435,2.3190747040653967,2.638553186304134,2.4788139451847653,0.07849031356871025,2.319470137318071,2.6381577530514595,0,0,0,16.176553593390423,0.3037
1621,2191340,2.0,2.600093538355197,0.019618224563505874,2.5616425247701065,2.6385445519402877,2.595302782907539,0.0810375117968669,2.4313889436136447,2.7592166222014334,2.595302782907539,0.08201526519934857,2.428802942788787,2.761802623026291,0,0,0,17.47712466836122,0.2963
1622,2192340,2.0,2.607025414610262,0.01878080302033743,2.5702157170896593,2.6438351121308643,2.616246438072824,0.06632930356131805,2.482082758026984,2.750410118118664,2.616246438072824,0.06592921178383099,2.4824030225271727,2.7500898536184755,0,0,0,12.323312220080922,0.2836
1623,2193340,2.0,2.5479426674424794,0.018770099018316593,2.5111539493803283,2.5847313855046306,2.548275144657865,0.08136617589390616,2.3836965194791473,2.712853769836583,2.548275144657865,0.08314228797883076,2.3794873266591674,2.7170629626565628,0,0,0,19.62053367260383,0.2903
1624,2194340,2.0,2.484375392585922,0.018925342238771105,2.447282403402836,2.521468381769008,2.5005289402124213,0.07004208087163712,2.3588554592128803,2.6422024212119624,2.5005289402124213,0.06950708322626824,2.359422059485218,2.6416358209396247,0,0,0,13.488717056290005,0.3195
1625,2195340,2.0,2.549021682870801,0.018755206712724966,2.5122621531912563,2.5857812125503457,2.5357969285048245,0.06946349494372667,2.3952937480081293,2.6763001090015197,2.5357969285048245,0.06850581612697552,2.396722728054191,2.674871128955458,0,0,0,13.34170024253279,0.2905
1626,2196340,2.0,2.6450789173056553,0.01930074565271037,2.607250150951575,2.6829076836597356,2.6272540473118373,0.0759919788637342,2.473545761668537,2.780962332955138,2.6272540473118373,0.07374875981085395,2.4775361053211924,2.7769719893024822,0,0,0,14.60028279239834,0.2988
1627,2197340,2.0,2.6736453759380785,0.018664625921113155,2.637063381347784,2.710227370528373,2.667288303133646,0.0598586939302023,2.5462126664357663,2.7883639398315254,2.667288303133646,0.060864321437394835,2.5437271616360135,2.790849444631278,0,0,0,10.633763293453905,0.294
1628,2198340,2.0,2.5448318673146946,0.018779234361551538,2.5080252443088167,2.5816384903205725,2.5553610624718592,0.05717625016956071,2.4397111804121385,2.67101094453158,2.5553610624718592,0.05744537311867386,2.4387407550623403,2.671981369881378,0,0,0,9.357381703058401,0.3071
1629,2199340,2.0,2.5630045241544623,0.01878325200209525,2.5261900267178157,2.599819021591109,2.567833578018032,0.057568969647799687,2.4513893458355556,2.6842778102005083,2.567833578018032,0.05938006789298112,2.4472856314084472,2.6883815246276166,0,0,0,9.994010681561189,0.2984
1630,2200340,2.0,2.5631133351117317,0.01901163223267087,2.525851220648376,2.6003754495750875,2.5769446329917107,0.07054581291543734,2.4342522577610435,2.719637008222378,2.5769446329917107,0.07097229361778024,2.432863217032144,2.7210260489512774,0,0,0,13.936023565356647,0.3122
1631,2201340,2.0,2.641816243065841,0.01871268474642534,2.6051400549087953,2.678492431222887,2.616874291165608,0.06368710663116986,2.488054958859328,2.7456936234718885,2.616874291165608,0.05458389137299221,2.5060631005345413,2.727685481796675,0,0,0,8.50857410803347,0.2894
1632,2202340,2.0,2.4930624366552863,0.019152786647391423,2.4555236646228193,2.530601208687753,2.495993441929588,0.07092259551762446,2.352538951950649,2.639447931908527,2.495993441929588,0.06833018610652207,2.357275789375916,2.6347110944832597,0,0,0,12.728032202873676,0.2993
1633,2203340,2.0,2.761882442901368,0.019390065433875364,2.723878612993097,2.7998862728096388,2.7362923249047952,0.08638670433165221,2.561558722441262,2.9110259273683283,2.7362923249047952,0.08507191161644757,2.5635871626608324,2.908997487148758,0,0,0,19.24925094315651,0.2916
1634,2204340,2.0,2.4315563328635355,0.01913442720091526,2.394053544684938,2.469059121042133,2.4265419251510694,0.0698989331398599,2.285157987768818,2.5679258625333206,2.4265419251510694,0.06787650772648497,2.2887452886735864,2.5643385616285523,0,0,0,12.583691056731064,0.2982
1635,2205340,2.0,2.568386035930992,0.01898631678164307,2.531173538839903,2.6055985330220808,2.557630055925389,0.08158805710416511,2.3926026336373534,2.7226574782134243,2.557630055925389,0.08160684995608626,2.391959342830002,2.7233007690207756,0,0,0,18.474461285621945,0.3042
1636,2206340,2.0,2.555025507361628,0.0190054372582856,2.5177755348249526,2.592275479898303,2.5300473716984246,0.06150759652521421,2.4056365146935894,2.65445822870326,2.5300473716984246,0.061053576652946404,2.406102021687238,2.6539927217096113,0,0,0,10.319686168037839,0.2895
1637,2207340,2.0,2.489273765445507,0.019176589332356907,2.451688341007772,2.5268591898832415,2.4831807655178135,0.06726544299851721,2.3471235647324624,2.6192379663031646,2.4831807655178135,0.06312127448268802,2.3550377657492425,2.6113237652863845,0,0,0,10.834497718254065,0.2898
1638,2208340,2.0,2.654895892341493,0.019376015724947723,2.616919599356714,2.692872185326272,2.6025412779831947,0.08109217743631841,2.4385168669967436,2.7665656889696457,2.6025412779831947,0.06541543853110314,2.4697408775912293,2.73534167837516,0,0,0,11.398076245721949,0.3068
1639,2209340,2.0,2.599953895381032,0.01885871259038856,2.5629914979090787,2.6369162928529857,2.578440352207804,0.06762773767299984,2.441650341273999,2.715230363141609,2.578440352207804,0.06491031090663138,2.446665415411057,2.7102152890045508,0,0,0,11.846861055937865,0.2917
1640,2210340,2.0,2.6236482539085886,0.018379493235027595,2.587625109113837,2.65967139870334,2.6128751060699487,0.06344096481818232,2.48455364257384,2.7411965695660574,2.6128751060699487,0.06201104310521766,2.4869859958229728,2.7387642163169246,0,0,0,11.383374088169441,0.2969
1641,2211340,2.0,2.612407967307956,0.01936631577225981,2.574450685881097,2.6503652487348153,2.609202236341805,0.07070099014873256,2.466195985530355,2.752208487153255,2.609202236341805,0.05920639031704719,2.4890068739560833,2.7293975987275267,0,0,0,9.346373883297925,0.3077
1642,2212340,2.0,2.491440083653409,0.01900400149781846,2.4541929251555397,2.5286872421512783,2.475094829643793,0.0775429968796608,2.3182493139428644,2.631940345344722,2.475094829643793,0.07665137174293786,2.3194842721571907,2.6307053871303956,0,0,0,16.268583874991958,0.3048
1643,2213340,2.0,2.518650241836095,0.01904539196612744,2.4813219595110367,2.5559785241611537,2.492762772867241,0.07300880282184492,2.345088530316741,2.640437015417741,2.492762772867241,0.07287955970329363,2.34480940090619,2.6407161448282914,0,0,0,14.643053534429676,0.2855
1644,2214340,2.0,2.5703850904803165,0.019050198885589884,2.5330473867662353,2.6077227941943977,2.54082348445143,0.08263837331782471,2.373671597094858,2.7079753718080024,2.54082348445143,0.07070346838249918,2.397287812733321,2.6843591561695392,0,0,0,13.77470825456971,0.2904
1645,2215340,2.0,2.4221021106143477,0.018993607882607594,2.384875323227961,2.4593288980007344,2.428279723800099,0.06775801345804018,2.291226205218792,2.5653332423814055,2.428279723800099,0.06698968708810292,2.2922834289315315,2.564276018668666,0,0,0,12.439443807565093,0.31
1646,2216340,2.0,2.520026285905669,0.018305179811775443,2.4841487927440595,2.5559037790672785,2.5045941831822693,0.04316294015551063,2.4172888960476278,2.591899470316911,2.5045941831822693,0.04085900696382504,2.4216459892045723,2.5875423771599664,0,0,0,4.982274093986969,0.2943
1647,2217340,2.0,2.667908293215149,0.019230440304486635,2.6302173228115078,2.7055992636187907,2.6320309263478503,0.07355015828518867,2.483261689017133,2.7808001636785677,2.6320309263478503,0.0647170475108329,2.500648335103154,2.7634135175925465,0,0,0,11.325540453506806,0.2959
1648,2218340,2.0,2.619743899059809,0.019649783355063462,2.58123103137987,2.658256766739748,2.5974592495038538,0.08505701011962837,2.4254152074494066,2.769503291558301,2.5974592495038538,0.08391450820693781,2.4271037410977208,2.7678147579099868,0,0,0,18.23721736259254,0.3035
1649,2219340,2.0,2.5400729257700423,0.0185819575883853,2.5036529581345563,2.5764928934055282,2.5460555846732325,0.06847823390134335,2.407545282740832,2.684565886605633,2.5460555846732325,0.07037606138675775,2.403184584492943,2.688926584853522,0,0,0,14.343891337540914,0.2944
1650,2220340,2.0,2.578849478401125,0.01913154691455773,2.5413523354800533,2.6163466213221964,2.5700197508736076,0.07008018162977357,2.4282692038165377,2.7117702979306775,2.5700197508736076,0.06672797332991545,2.434554763180469,2.705484738566746,0,0,0,12.165100329412692,0.3069
1651,2221340,2.0,2.601051438398576,0.018794342547615694,2.5642152038921404,2.637887672905012,2.594460251406496,0.07188984546067784,2.449049313750337,2.739871189062655,2.594460251406496,0.06995587438185094,2.4524422761962152,2.7364782266167764,0,0,0,13.854603528903123,0.3082
1652,2222340,2.0,2.4737348913544506,0.019294453946661797,2.435918456517627,2.5115513261912743,2.4682756972763364,0.07225832895278865,2.3221194314065015,2.6144319631461714,2.4682756972763364,0.07344352412881232,2.319177416663789,2.617373977888884,0,0,0,14.489120749125194,0.2926
1653,2223340,2.0,2.5316346573171944,0.018704597581917663,2.494974319711321,2.568294994923068,2.53197006022925,0.06308241924289948,2.404373823612685,2.659566296845815,2.53197006022925,0.06428685869373654,2.401460798712786,2.662479321745714,0,0,0,11.812659125031807,0.2999
1654,2224340,2.0,2.67294511578792,0.018963975248908894,2.6357764072963494,2.7101138242794907,2.659990403910402,0.07452489195196688,2.509249581642438,2.8107312261783663,2.659990403910402,0.07010223776364156,2.5176752952383428,2.8023055125824614,0,0,0,13.664854233830168,0.2828
1655,2225340,2.0,2.5015178236001407,0.01980125092705118,2.46270808493428,2.5403275622660013,2.4852663720162025,0.08357925097772569,2.3162113799600834,2.6543213640723216,2.4852663720162025,0.0798667582747848,2.3231282328389082,2.6474045111934967,0,0,0,16.268475576698695,0.2908
1656,2226340,2.0,2.5548681640793096,0.018888850428918448,2.5178466975292655,2.5918896306293537,2.5326878564429984,0.06069808123581005,2.409914398663672,2.655461314222325,2.5326878564429984,0.059427054910040474,2.412044521117557,2.65333119176844,0,0,0,9.898225888378064,0.2936
1657,2227340,2.0,2.538496446323524,0.01884110152694825,2.5015685659016427,2.575424326745405,2.518610013213118,0.06140856735997487,2.394399461601631,2.642820564824605,2.518610013213118,0.05876683114557527,2.3993070033863364,2.6379130230398995,0,0,0,9.728636272236963,0.3195
1658,2228340,2.0,2.6402310442915256,0.018568014082298398,2.603838405425788,2.676623683157263,2.638396640387413,0.05620459687935217,2.5247121126152208,2.7520811681596054,2.638396640387413,0.05761428671045658,2.521433420156027,2.7553598606187992,0,0,0,9.627853323629928,0.2966
1659,2229340,2.0,2.658284888600543,0.018835426985474798,2.6213681300755787,2.6952016471255074,2.64931488465015,0.05449029860595429,2.5390978524297947,2.7595319168705053,2.64931488465015,0.05502018032656235,2.5376179803554324,2.7610117889448675,0,0,0,8.53282972586824,0.3102
1660,2230340,2.0,2.5635063221414827,0.018294046485557783,2.527650649898288,2.5993619943846773,2.5521964037936025,0.05340057114640883,2.4441835534109844,2.6602092541762206,2.5521964037936025,0.04579986431842352,2.459217736127981,2.645175071459224,0,0,0,6.267709022758698,0.2909
1661,2231340,2.0,2.638637145695097,0.01888918939889412,2.6016150147761086,2.6756592766140854,2.6158670798386283,0.06732442705881632,2.4796905725300835,2.752043587147173,2.6158670798386283,0.06499891883919749,2.4839122593754728,2.747821900301784,0,0,0,11.840924807498514,0.3006
1662,2232340,2.0,2.4684177204704763,0.0190306551678817,2.431118321739227,2.5057171192017256,2.4480729132708214,0.07562148680151429,2.295114018557719,2.601031807983924,2.4480729132708214,0.075174860954701,2.295459832041566,2.600685994500077,0,0,0,15.604066303218385,0.3033
1663,2233340,2.0,2.5260759762477587,0.01884210637749113,2.4891461263550037,2.5630058261405138,2.4916129665057323,0.07401814664217995,2.3418971333746454,2.641328799636819,2.4916129665057323,0.07207904712055864,2.345284721485556,2.6379412115259084,0,0,0,14.633869256297059,0.2866
1664,2234340,2.0,2.537546400062261,0.019015682193449752,2.50027634782164,2.574816452302882,2.525739269056665,0.0749093274436479,2.374220852610338,2.677257685502992,2.525739269056665,0.07620260110537062,2.3710397643993537,2.6804387737139765,0,0,0,16.058899149153028,0.2944
1665,2235340,2.0,2.5980980541102516,0.01898603526645926,2.560886108778784,2.635309999441719,2.5799721057540186,0.07093373985206496,2.436495074230997,2.72344913727704,2.5799721057540186,0.06936360710370316,2.439156497040749,2.720787714467288,0,0,0,13.34734151272586,0.3096
1666,2236340,2.0,2.460193254317937,0.018391290986068936,2.4241469863560456,2.496239522279828,2.4545091477678316,0.059994465930005604,2.3331588862787545,2.5758594092569087,2.4545091477678316,0.05925681442418811,2.334211419002428,2.574806876533235,0,0,0,10.381310232184028,0.2972
1667,2237340,2.0,2.5893397825171904,0.018415348528809435,2.5532463626379713,2.6254332023964095,2.5910797010561684,0.05584322718908283,2.4781261124752607,2.704033289637076,2.5910797010561684,0.05666741892596272,2.476038724621088,2.7061206774912487,0,0,0,9.46906239874622,0.2944
1668,2238340,2.0,2.5517852085435027,0.018891728417710443,2.5147581012390785,2.588812315847927,2.5590773964631257,0.052511378313250576,2.4528631083502983,2.665291684575953,2.5590773964631257,0.05012475591870626,2.457318732070947,2.6608360608553046,0,0,0,7.0398135081575965,0.2981
1669,2239340,2.0,2.5805929106286465,0.01865996222816475,2.544020056708566,2.617165764548727,2.5847683434318673,0.056527962417343466,2.4704297471221275,2.699106939741607,2.5847683434318673,0.0574422981499912,2.4681542785406503,2.7013824083230844,0,0,0,9.476371829678788,0.2971
1670,2240340,2.0,2.665974388580128,0.018662293778548705,2.6293969649052666,2.702551812254989,2.658734983574423,0.06426794819392669,2.5287407883131747,2.7887291788356716,2.658734983574423,0.0592304082023006,2.5384908622894287,2.7789791048594177,0,0,0,10.073013313322251,0.2847
1671,2241340,2.0,2.6010964898814017,0.018886202689870405,2.5640802128045324,2.638112766958271,2.603051450789026,0.06001106120627105,2.481667622185331,2.7244352793927207,2.603051450789026,0.06110993488625339,2.4789916874815807,2.727111214096471,0,0,0,10.469702695653217,0.3081
1672,2242340,2.0,2.6019189899004216,0.01890093748625294,2.5648738331533227,2.6389641466475204,2.5911424905410154,0.06013867259424719,2.4695005435415682,2.7127844375404626,2.5911424905410154,0.06135295177819877,2.4665893767145333,2.7156956043674976,0,0,0,10.53669072572205,0.2882
1673,2243340,2.0,2.535759121517329,0.018910787653393785,2.4986946587973926,2.5728235842372658,2.5162314695955725,0.07912188929823544,2.356192342535878,2.676270596655267,2.5162314695955725,0.07764864886985434,2.3585963319069543,2.673866607284191,0,0,0,16.859650608777148,0.2994
1674,2244340,2.0,2.609360875978491,0.019279605191231567,2.571573544167526,2.6471482077894564,2.591832668735071,0.08117970632997511,2.4276312138501797,2.7560341236199624,2.591832668735071,0.07962720972995087,2.430180838957845,2.753484498512297,0,0,0,17.057945514440533,0.3073
1675,2245340,2.0,2.6205208081180618,0.01933671298175387,2.582621547094436,2.6584200691416875,2.603806571515218,0.08198408141019807,2.4379781144592556,2.76963502857118,2.603806571515218,0.07812755867308795,2.4451991952381382,2.7624139477922975,0,0,0,16.32462469101504,0.3065
1676,2246340,2.0,2.6159956845807826,0.018676101726253433,2.5793911978257196,2.6526001713358456,2.6196890898102874,0.06162981403308119,2.49503102456202,2.7443471550585548,2.6196890898102874,0.06093953290005647,2.49597526092601,2.7434029186945645,0,0,0,10.64696387384145,0.2898
1677,2247340,2.0,2.68012420928466,0.018913873376799593,2.643053698657982,2.717194719911338,2.670254986830269,0.05991258308145254,2.5490703490354667,2.7914396246250712,2.670254986830269,0.05452056999351259,2.559572345433711,2.7809376282268268,0,0,0,8.309211637952378,0.2922
1678,2248340,2.0,2.556070175430367,0.019026389442620646,2.5187791373669977,2.5933612134937367,2.549701121705608,0.0775620054584173,2.392817157525026,2.70658508588619,2.549701121705608,0.07669119851296317,2.3940097115774206,2.7053925318337955,0,0,0,16.247190999477837,0.292
1679,2249340,2.0,2.583779074719857,0.018977001427244244,2.546584835387893,2.6209733140518208,2.5832391564236543,0.07815333588264628,2.4251591135632427,2.741319199284066,2.5832391564236543,0.07849485716020153,2.423886124575851,2.7425921882714577,0,0,0,17.10910243384678,0.3007
1680,2250340,2.0,2.64531996329744,0.019042323459445617,2.6079976951349644,2.682642231459915,2.6450151850622037,0.06328000020119037,2.5170193032353314,2.773011066889076,2.6450151850622037,0.06428059790412578,2.5145186336243657,2.7755117365000417,0,0,0,11.395147194352196,0.2852
1681,2251340,2.0,2.661592734476073,0.018598010290368755,2.625141304122845,2.698044164829301,2.6569313131636854,0.06719966301429835,2.521007164955134,2.7928554613722367,2.6569313131636854,0.0613472301699399,2.5323898148194917,2.781472811507879,0,0,0,10.880702871977721,0.29
1682,2252340,2.0,2.4832226019071157,0.018860229308907545,2.44625723172149,2.5201879720927414,2.467620338381287,0.06514326747677533,2.335855642754488,2.5993850340080864,2.467620338381287,0.057335466323745976,2.35122315362752,2.584017523135054,0,0,0,9.241719027884926,0.2839
1683,2253340,2.0,2.6147553253463363,0.019193198659045112,2.5771373472264854,2.652373303466187,2.614349015882164,0.08068915413341804,2.4511397964710526,2.777558235293275,2.614349015882164,0.0800416595163142,2.45185580830778,2.7768422234565477,0,0,0,17.391516444048662,0.3066
1684,2254340,2.0,2.5506804470943565,0.01892989643044967,2.513578531859602,2.587782362329111,2.5547984255146936,0.06178365596858401,2.4298291855803638,2.6797676654490235,2.5547984255146936,0.06284395722250591,2.427218409714659,2.6823784413147282,0,0,0,11.021242872822265,0.302
1685,2255340,2.0,2.5899076297073647,0.018910043169229836,2.5528446261495765,2.626970633265153,2.5685049752133695,0.05907886114852157,2.449006699202142,2.688003251224597,2.5685049752133695,0.05754186781909175,2.451688773147498,2.685321177279241,0,0,0,9.25940050755944,0.2924
1686,2256340,2.0,2.584421002301826,0.01882764914338744,2.5475194880672305,2.621322516536422,2.5594956215466853,0.0697053879820028,2.4185031661978487,2.700488076895522,2.5594956215466853,0.0655122094270971,2.4264987657915387,2.692492477301832,0,0,0,12.107439282401858,0.2889
1687,2257340,2.0,2.55353534374954,0.018696254522029818,2.5168913582405676,2.5901793292585125,2.5335186901881546,0.05899950607231822,2.4141809249690227,2.6528564554072864,2.5335186901881546,0.05688186357927538,2.4180423679622134,2.6489950124140957,0,0,0,9.256321049958595,0.3038
1688,2258340,2.0,2.4076777823572426,0.018450252637517085,2.371515951682044,2.4438396130324413,2.3957377899974714,0.06391501871427585,2.266457461990126,2.525018118004817,2.3957377899974714,0.05879576947466381,2.276376032239377,2.515099547755566,0,0,0,10.155177584213002,0.3016
1689,2259340,2.0,2.5928930469660414,0.019152923717018582,2.555354006282042,2.630432087650041,2.571789525059603,0.07875842721853514,2.412485569448296,2.7310934806709097,2.571789525059603,0.07877968288620511,2.41185826624727,2.7317207838719355,0,0,0,16.91836143305367,0.3188
1690,2260340,2.0,2.688203516869583,0.019489966843295143,2.6500038837968445,2.726403149942321,2.6622233438648975,0.08298445391113338,2.494371442434639,2.830075245295156,2.6622233438648975,0.07219644913438976,2.5156567600856503,2.8087899276441446,0,0,0,13.721749144623393,0.2944
1691,2261340,2.0,2.5695673964363848,0.018979095766577078,2.532369052274757,2.6067657405980125,2.5598891801897143,0.06870615671393664,2.420917860853812,2.6988604995256167,2.5598891801897143,0.06695245895261648,2.423968462454152,2.6958098979252765,0,0,0,12.444631162598624,0.287
1692,2262340,2.0,2.6272814199631624,0.019262500182791877,2.5895276133526943,2.6650352265736306,2.609917769383141,0.06822006011344205,2.47192967322732,2.747905865538962,2.609917769383141,0.06829452210225732,2.47127251860728,2.748563020159002,0,0,0,12.570322762590264,0.2938
1693,2263340,2.0,2.5799399505192304,0.018728057690576633,2.543233631945312,2.616646269093149,2.5794995978658544,0.06604961257829142,2.4459016462317984,2.7130975494999103,2.5794995978658544,0.06694508881487134,2.443593842305361,2.715405353426348,0,0,0,12.77767880890814,0.3029
1694,2264340,2.0,2.6097633356553605,0.019561839015848546,2.571422835712927,2.648103835597794,2.5857341105608307,0.079961448700967,2.4239968143203994,2.747471406801262,2.5857341105608307,0.07525119038367628,2.4329660723526536,2.7385021487690078,0,0,0,14.79814871774864,0.2918
1695,2265340,2.0,2.630724628678875,0.018933738503495043,2.5936151831193253,2.667834074238425,2.628509552034864,0.06085469622758641,2.5054193105337297,2.751599793535998,2.628509552034864,0.06275892475080322,2.5011021613297917,2.755916942739936,0,0,0,10.986977597115233,0.2898
1696,2266340,2.0,2.566408223820908,0.01875536239901779,2.5296483890018364,2.6031680586399797,2.541986783844155,0.06699290586951587,2.406480841435008,2.677492726253302,2.541986783844155,0.05036580016780937,2.439738773610813,2.644234794077497,0,0,0,7.211416108877907,0.3119
1697,2267340,2.0,2.552888861590184,0.018921797483667187,2.515802819999436,2.589974903180932,2.5310987299985848,0.07367304816558921,2.3820809244226164,2.680116535574553,2.5310987299985848,0.07090571026713302,2.3871524854270563,2.6750449745701133,0,0,0,14.042280483271057,0.282
1698,2268340,2.0,2.6258524965258325,0.018969009727956024,2.5886739206366487,2.6630310724150164,2.6186152272531142,0.07379503931408236,2.469350671288764,2.7678797832174644,2.6186152272531142,0.07393434958573532,2.4685205179890803,2.768709936517148,0,0,0,15.191588738187175,0.2858
1699,2269340,2.0,2.5972031053654705,0.01933005345071069,2.5593168967828435,2.6350893139480975,2.5696264929479185,0.07562493701851765,2.416660619512211,2.722592366383626,2.5696264929479185,0.06734643158911821,2.4329059682394805,2.7063470176563564,0,0,0,12.138445382323455,0.2987
1700,2270340,2.0,2.530690553571977,0.018996481096669692,2.4934581347895084,2.5679229723544457,2.532853468700512,0.05655422146265022,2.4184617584582613,2.6472451789427627,2.532853468700512,0.0567066118795386,2.4177329263396454,2.6479740110613785,0,0,0,8.910889944064627,0.2934
1701,2271340,2.0,2.622715268257382,0.01925518336976022,2.5849758023369374,2.6604547341778266,2.618450742720192,0.0776261242754453,2.461437085990604,2.7754643994497803,2.618450742720192,0.07963012665991924,2.4567929912603113,2.780108494180073,0,0,0,17.1024959158322,0.2935
1702,2272340,2.0,2.5586311841395104,0.01852819493563853,2.5223165893671213,2.5949457789118995,2.5479756816224906,0.05459951164608503,2.437537745177513,2.6584136180674682,2.5479756816224906,0.055743075083921366,2.4348112229495675,2.6611401402954136,0,0,0,9.051397202588078,0.2932
1703,2273340,2.0,2.6000759488842133,0.01923632021263665,2.5623734540723655,2.637778443696061,2.5748171484115008,0.06512326565775334,2.4430929102824215,2.70654138654058,2.5748171484115008,0.06189015930425419,2.449173445327258,2.7004608514957438,0,0,0,10.351402728627626,0.3119
1704,2274340,2.0,2.73002954070708,0.018862219848179564,2.6930602691361716,2.7669988122779885,2.721613228245681,0.06322903775549191,2.593720427694986,2.8495060287963763,2.721613228245681,0.05780457330449103,2.6042637056911055,2.8389627508002566,0,0,0,9.391582858950418,0.2894
1705,2275340,2.0,2.5735906810263756,0.019251458902515953,2.5358585149275914,2.6113228471251597,2.5691150898782538,0.07091364390003824,2.425678706254926,2.7125514735015814,2.5691150898782538,0.066656397544533,2.4337954087544906,2.704434771002017,0,0,0,11.988266363133384,0.2989
1706,2276340,2.0,2.614773739200123,0.01920312447976217,2.5771363068291495,2.6524111715710963,2.60276876024149,0.07528805635996523,2.4504842922549726,2.7550532282280074,2.60276876024149,0.07152829010637991,2.4575586114023373,2.7479789090806426,0,0,0,13.874325922728444,0.2949
1707,2277340,2.0,2.552621395600706,0.018931245412197782,2.515516836410309,2.5897259547911027,2.522417823167603,0.08219624633551141,2.356160222043659,2.6886754242915467,2.522417823167603,0.06359162795018755,2.3933199550955813,2.6515156912396245,0,0,0,11.283439778086237,0.299
1708,2278340,2.0,2.60295436887694,0.019354845277133607,2.565019569207413,2.640889168546467,2.5512707475799674,0.08073503252865939,2.3879687303553756,2.7145727648045592,2.5512707475799674,0.06532863186859798,2.418646574081779,2.683894921078156,0,0,0,11.39272773039194,0.2941
1709,2279340,2.0,2.605523282506431,0.019198210672356036,2.567895481021001,2.643151083991861,2.602894987809536,0.06408255803918961,2.4732757795309386,2.7325141960881334,2.602894987809536,0.06490197668707767,2.4711369703779806,2.7346530052410913,0,0,0,11.428634453252204,0.2917
1710,2280340,2.0,2.6511599009826057,0.018952716148837208,2.614013259921674,2.6883065420435375,2.633651661643466,0.0649284172829027,2.502321541552981,2.7649817817339515,2.633651661643466,0.062000699281218895,2.5077835504755983,2.759519772811334,0,0,0,10.70163806697328,0.2965
1711,2281340,2.0,2.575704220416197,0.01910954131848838,2.5382502076708797,2.613158233161514,2.556630641982404,0.07591989234943616,2.403068165077031,2.710193118887777,2.556630641982404,0.0758867206209245,2.402572408800946,2.7106888751638616,0,0,0,15.769976469097216,0.2862
1712,2282340,2.0,2.4908151508196408,0.019472373318100505,2.4526500004226452,2.5289803012166363,2.480235027251776,0.09361867460048916,2.2908733841914906,2.6695966703120613,2.480235027251776,0.0855706854570697,2.3065173002795625,2.6539527542239894,0,0,0,19.311332766295447,0.3125
1713,2283340,2.0,2.565955885635564,0.018454207703520843,2.5297863031734416,2.602125468097687,2.5619777100046073,0.04039596057934434,2.4802691673346047,2.64368625267461,2.5619777100046073,0.04144395597582958,2.4778420064000173,2.6461134136091973,0,0,0,5.043495048087307,0.295
1714,2284340,2.0,2.5723029860992974,0.018907859774544507,2.5352442619164566,2.6093617102821383,2.56896275333194,0.07121128868860888,2.4249243262973743,2.7130011803665055,2.56896275333194,0.07259914382091742,2.4215786558769086,2.7163468507869712,0,0,0,14.742741558085825,0.2955
1715,2285340,2.0,2.49973439516605,0.01840722809808661,2.4636568910385863,2.5358118992935132,2.505395134535092,0.05798707931310501,2.388105195729023,2.622685073341161,2.505395134535092,0.056494484614126685,2.3907052334175365,2.6200850356526475,0,0,0,9.419661879871786,0.2941
1716,2286340,2.0,2.6765560651700393,0.01914333493908045,2.6390358181454543,2.7140763121946243,2.6782801066452744,0.0650135227593435,2.546777844480347,2.8097823688102017,2.6782801066452744,0.06637773469900235,2.543526141173532,2.813034072117017,0,0,0,12.022911712235539,0.3065
1717,2287340,2.0,2.5730864375506055,0.01880411719075831,2.536231045095649,2.609941830005562,2.558564049574778,0.07412835884420825,2.4086252912233714,2.708502807926185,2.558564049574778,0.0736101302215932,2.4091275406123818,2.7080005585371745,0,0,0,15.323898750289272,0.3013
1718,2288340,2.0,2.520038360755543,0.018722647211257264,2.48334264652623,2.5567340749848566,2.494856057242393,0.05721245207995359,2.3791329499072327,2.6105791645775533,2.494856057242393,0.054533211529439636,2.384147752163525,2.605564362321261,0,0,0,8.483745681819201,0.2955
1719,2289340,2.0,2.564985414835964,0.019279283812981603,2.5271987129147937,2.602772116757134,2.540304304706029,0.07883872978915818,2.3808379218142672,2.699770687597791,2.540304304706029,0.07888276958436714,2.3801637687704607,2.7004448406415977,0,0,0,16.741042822259978,0.2969
1720,2290340,2.0,2.6386675479278914,0.019205107496716466,2.601026228915107,2.676308866940676,2.6413745735895864,0.06932368516000229,2.501154185072963,2.78159496210621,2.6413745735895864,0.06860487065122885,2.5020992817639374,2.7806498654152354,0,0,0,12.760756304754011,0.2971
1721,2291340,2.0,2.564090285866331,0.018659466383545372,2.527518403783846,2.6006621679488156,2.5449080030902693,0.05810875009567728,2.4273719618970575,2.662444044283481,2.5449080030902693,0.05561988818270838,2.4319936271221554,2.6578223790583833,0,0,0,8.885089017837725,0.3187
1722,2292340,2.0,2.5711257448144003,0.018992837489624735,2.5339004673705134,2.608351022258287,2.5711559468728664,0.07933219638749839,2.4106914335733003,2.7316204601724325,2.5711559468728664,0.07345142263603711,2.422041631438181,2.720270262307552,0,0,0,14.956181231317593,0.295
1723,2293340,2.0,2.627560817826585,0.01908593012412342,2.590153082171855,2.664968553481315,2.64392389223456,0.07951789514198696,2.483083767750428,2.8047640167186922,2.64392389223456,0.07830799682069879,2.4849502070434566,2.8028975774256635,0,0,0,16.83393205938171,0.2966
1724,2294340,2.0,2.5727547366466803,0.019437504365555486,2.5346579281408514,2.610851545152509,2.550277997947588,0.08954365220944216,2.36915886567662,2.7313971302185562,2.550277997947588,0.08230996218146167,2.383179891149017,2.717376104746159,0,0,0,17.93179628787169,0.303
1725,2295340,2.0,2.5788076644708675,0.019052637006950777,2.541465182126729,2.616150146815006,2.5739251207046214,0.07287493099806418,2.4265216594765318,2.721328581932711,2.5739251207046214,0.07317852970774137,2.4253648073672323,2.7224854340420106,0,0,0,14.752212931265216,0.3034
1726,2296340,2.0,2.436129199634456,0.018815591030838533,2.3992513188661775,2.473007080402734,2.4159499879763637,0.07637823462833437,2.2614604263051947,2.5704395496475327,2.4159499879763637,0.07135414343184025,2.2710933756818728,2.5608066002708547,0,0,0,14.38144962641282,0.3096
1727,2297340,2.0,2.593605032580072,0.019192018531839633,2.555989367467041,2.631220697693103,2.575866145345705,0.07525825020098317,2.4236419660063215,2.728090324685088,2.575866145345705,0.07234632653213224,2.428995294273035,2.7227369964183747,0,0,0,14.209920879612195,0.2973
1728,2298340,2.0,2.509627816854588,0.019130461642702906,2.472132801027265,2.547122832681911,2.4973807103053405,0.07462369621816188,2.3464400375452827,2.648321383065398,2.4973807103053405,0.07531057313754802,2.344492118697727,2.650269301912954,0,0,0,15.497477160809527,0.2912
1729,2299340,2.0,2.653210385012733,0.01937867258872636,2.6152288846706355,2.6911918853548302,2.613563182291986,0.09746569881507212,2.416420198283702,2.81070616630027,2.613563182291986,0.07425118597414779,2.462825260963878,2.764301103620094,0,0,0,14.681104812418102,0.3205
1730,2300340,2.0,2.6368489410421265,0.018601014631306586,2.6003916222888632,2.67330625979539,2.6208940726119603,0.06989973973001873,2.4795085037471187,2.762279641476802,2.6208940726119603,0.06935647362275044,2.480092945634929,2.7616951995889916,0,0,0,13.902750808438586,0.3007
1731,2301340,2.0,2.589216441721281,0.018859541868614157,2.5522524188938718,2.62618046454869,2.577819951066038,0.06518864480771125,2.445963471123979,2.7096764310080967,2.577819951066038,0.0651517859604479,2.4455547938480633,2.7100851082840123,0,0,0,11.934119244033713,0.2912
1732,2302340,2.0,2.5394094016602926,0.018737749773334943,2.5026840869532325,2.5761347163673527,2.5363940698946803,0.06476534492825484,2.40539379477525,2.6673943450141104,2.5363940698946803,0.06027160744035592,2.4140362017816215,2.658751938007739,0,0,0,10.346433683036196,0.2891
1733,2303340,2.0,2.460460154617228,0.019166324938177746,2.4228948480224077,2.498025461212048,2.4302423438007277,0.07574304407704593,2.2770375762901427,2.5834471113113127,2.4302423438007277,0.0686258673657629,2.290924426378436,2.5695602612230193,0,0,0,12.820294441588677,0.3108
1734,2304340,2.0,2.5032204175045747,0.018888437887852053,2.466199759520163,2.5402410754889866,2.4938050423632077,0.06241089331391759,2.3675670951457635,2.620042989580652,2.4938050423632077,0.06365067732044587,2.3645872976964664,2.623022787029949,0,0,0,11.35570166055515,0.2961
1735,2305340,2.0,2.643161352363478,0.01946653870037767,2.6050076376070828,2.6813150671198733,2.6449493179392793,0.06448268053082262,2.514520785529953,2.7753778503486055,2.6449493179392793,0.06622760407615184,2.510500133835259,2.7793985020433,0,0,0,11.574456647838048,0.3054
1736,2306340,2.0,2.5356939106120775,0.018961753342830283,2.4985295569763983,2.5728582642477567,2.5265056353053663,0.06413459514407,2.396781172047222,2.6562300985635106,2.5265056353053663,0.06358155336642472,2.397428219725715,2.6555830508850176,0,0,0,11.243597290004185,0.2948
1737,2307340,2.0,2.688447173050961,0.018675322327702366,2.651844213888988,2.7250501322129344,2.67952954948235,0.07006954637448669,2.537800514259581,2.821258584705119,2.67952954948235,0.0690043458738379,2.539443279840143,2.819615819124557,0,0,0,13.652641114347366,0.2983
1738,2308340,2.0,2.479939723689623,0.01860594233433906,2.443472746815889,2.5164067005633566,2.485784355176427,0.05908978439912463,2.366263984805388,2.6053047255474664,2.485784355176427,0.05899754842674832,2.3660129643679517,2.6055557459849026,0,0,0,10.054595179854822,0.2947
1739,2309340,2.0,2.647572531942259,0.01903364063713243,2.6102672817988015,2.6848777820857164,2.626392812873678,0.0672041402851586,2.4904596085300112,2.762326017217345,2.626392812873678,0.0670976096640043,2.490177423528136,2.76260820221922,0,0,0,12.427116417222352,0.2797
1740,2310340,2.0,2.5284306369929137,0.018850615563820686,2.491484109401415,2.5653771645844126,2.5279638166847764,0.0748563915029147,2.376552473285114,2.679375160084439,2.5279638166847764,0.07060963899159368,2.3846186287570474,2.6713090046125054,0,0,0,14.030621500176542,0.3022
1741,2311340,2.0,2.6025415003484538,0.019037018722009157,2.565229629280301,2.6398533714166064,2.583302794305203,0.07625386277852733,2.4290647984453466,2.7375407901650597,2.583302794305203,0.07547246262391746,2.430085549567811,2.7365200390425954,0,0,0,15.717344342542303,0.3048
1742,2312340,2.0,2.585244799756396,0.018621095961451003,2.548748122319288,2.6217414771935044,2.5636411477542755,0.052033760851393294,2.458392932144798,2.668889363363753,2.5636411477542755,0.05026054303308214,2.461606820864648,2.665675474643903,0,0,0,7.2852402228442985,0.2958
1743,2313340,2.0,2.659980261381897,0.018698946578933583,2.6233309995383487,2.6966295232254454,2.6446034769784963,0.06907531332521082,2.504885467916898,2.7843214860400947,2.6446034769784963,0.06706544013970579,2.5084533952392807,2.780753558717712,0,0,0,12.86362220016241,0.3136
1744,2314340,2.0,2.4908454673364937,0.019510506981801626,2.4526055763320453,2.529085358340942,2.4682827251983697,0.07405658684743593,2.3184891394131473,2.618076310983592,2.4682827251983697,0.07452624980365849,2.316986394609197,2.6195790557875425,0,0,0,14.590878005301319,0.3012
1745,2315340,2.0,2.583623011987869,0.019585381733007858,2.545236369167705,2.6220096548080334,2.545633060639515,0.08821971099537654,2.3671918522409,2.7240742690381303,2.545633060639515,0.08204504948601998,2.3790727552042545,2.712193366074776,0,0,0,17.548527525854567,0.2886
1746,2316340,2.0,2.603628504160104,0.018933797162543797,2.5665189436309315,2.6407380646892764,2.589843151157871,0.06579551595811628,2.456759158450255,2.7229271438654865,2.589843151157871,0.046194928660271854,2.4960624602396937,2.683623842076048,0,0,0,5.952688558357206,0.295
1747,2317340,2.0,2.479877036633019,0.018925106411423077,2.4427845096630416,2.5169695636029963,2.478956550599755,0.06967385856761055,2.3380278695111234,2.6198852316883863,2.478956550599755,0.06786419548645813,2.341184909298365,2.6167281919011445,0,0,0,12.858927560697776,0.2933
1748,2318340,2.0,2.758172697582645,0.019302603525518394,2.7203402898647733,2.796005105300517,2.7322800604394093,0.07369142645558391,2.583225081263143,2.8813350396156756,2.7322800604394093,0.0672306440037101,2.595794597026101,2.8687655238527174,0,0,0,12.131172046570555,0.3034
1749,2319340,2.0,2.5876963549732444,0.018759728621913694,2.5509279625145482,2.6244647474319405,2.585390376539159,0.06109090497850352,2.461822357742311,2.7089583953360066,2.585390376539159,0.05938176457727283,2.464838985477342,2.705941767600976,0,0,0,10.019662533462533,0.2941
1750,2320340,2.0,2.638260785104297,0.019614743918885815,2.5998165934573048,2.676704976751289,2.6184132089429344,0.07988646278887586,2.4568275860260207,2.779998831859848,2.6184132089429344,0.0726699774714975,2.4708853115322738,2.765941106353595,0,0,0,13.726024382052168,0.2931
1751,2321340,2.0,2.59120745240616,0.01899134678413036,2.553985096691354,2.628429808120966,2.5682078003943687,0.05753012633045504,2.4518421362371896,2.6845734645515478,2.5682078003943687,0.05574886162956569,2.455031594409256,2.6813840063794814,0,0,0,8.61708702853611,0.2905
1752,2322340,2.0,2.5047733189184305,0.018679857463489855,2.468161471053649,2.541385166783212,2.4810145299082693,0.06664415523972596,2.3462140022313553,2.6158150575851833,2.4810145299082693,0.06476053273851423,2.349543658958096,2.612485400858443,0,0,0,12.019148731338893,0.3195
1753,2323340,2.0,2.60958875715533,0.019368185985155512,2.5716278101785517,2.6475497041321083,2.5954670956919044,0.08364140567362562,2.4262863838967506,2.764647807487058,2.5954670956919044,0.08037182344368957,2.4323036197109333,2.7586305716728754,0,0,0,17.219865281172908,0.299
1754,2324340,2.0,2.5910806774674695,0.018707070249416452,2.5544154935223524,2.6277458614125866,2.574317131301779,0.07496998185330764,2.422676029731773,2.725958232871785,2.574317131301779,0.07316023962423421,2.425793948807926,2.722840313795632,0,0,0,15.294619754308957,0.3031
1755,2325340,2.0,2.6565264893642095,0.019041661566655183,2.6192055184877647,2.6938474602406544,2.6596988557879357,0.06631729742982186,2.525559460435258,2.7938382511406137,2.6596988557879357,0.06322052141385699,2.531354374037544,2.7880433375383276,0,0,0,11.023168921278119,0.2882
1756,2326340,2.0,2.564072467825361,0.01921889522350885,2.526404125364635,2.601740810286087,2.536671232534936,0.06781288848527763,2.3995067187342993,2.6738357463355724,2.536671232534936,0.05372665488847134,2.42760032448748,2.6457421405823918,0,0,0,7.814888117255087,0.3024
1757,2327340,2.0,2.4806445044147196,0.018645059694050878,2.4441008589247804,2.517188149904659,2.483310556625155,0.06551010013278412,2.3508038719158737,2.6158172413344367,2.483310556625155,0.06355384647563224,2.354289389024169,2.6123317242261415,0,0,0,11.618662187750944,0.3018
1758,2328340,2.0,2.5256021900901726,0.018719687210512446,2.488912277355713,2.562292102824632,2.5298373162421126,0.07025904020436055,2.387724993570255,2.6719496389139703,2.5298373162421126,0.0686908748033353,2.39038742670541,2.669287205778815,0,0,0,13.464831378052926,0.287
1759,2329340,2.0,2.4287187982598457,0.01905662990531141,2.3913684899787264,2.466069106540965,2.4381898907441806,0.07613812991607408,2.284185986694358,2.592193794794003,2.4381898907441806,0.0759512068469641,2.284000743563977,2.5923790379243843,0,0,0,15.884632028968205,0.2879
1760,2330340,2.0,2.4817538567438286,0.019129979501918457,2.444259785895079,2.5192479275925783,2.4770640521387555,0.07040636612965485,2.334653734655519,2.619474369621992,2.4770640521387555,0.0685929032568654,2.3378130554152845,2.6163150488622264,0,0,0,12.856695583957176,0.2889
1761,2331340,2.0,2.6156832060830024,0.019251673002830236,2.5779506203553133,2.6534157918106915,2.612354171742033,0.072138902037993,2.466439469608363,2.7582688738757026,2.612354171742033,0.07358995936356628,2.4629586117984363,2.7617497316856294,0,0,0,14.611680704286023,0.3021
1762,2332340,2.0,2.5677913931783816,0.019013601358928905,2.530525419298479,2.605057367058284,2.5644058344973777,0.07432325327689539,2.414072864946609,2.7147388040481464,2.5644058344973777,0.07262252030066003,2.416974280265486,2.7118373887292693,0,0,0,14.588608337499164,0.2935
1763,2333340,2.0,2.587825242284362,0.018844825331780158,2.550890063339125,2.624760421229599,2.5807788023026945,0.0705547155423042,2.4380684198094995,2.7234891847958895,2.5807788023026945,0.07178136820233488,2.4350548776144776,2.7265027269909115,0,0,0,14.509058480798062,0.2891
1764,2334340,2.0,2.6666193352041385,0.019019585217780948,2.6293416331763977,2.7038970372318794,2.6608014022272726,0.06707203386198256,2.5251354083462423,2.796467396108303,2.6608014022272726,0.06904102162411462,2.5206406768536542,2.800962127600891,0,0,0,13.176872243295563,0.2929
1765,2335340,2.0,2.53971566128723,0.01884410380480546,2.502781896508877,2.576649426065583,2.517485069213311,0.06728440596135107,2.3813895122152187,2.653580626211403,2.517485069213311,0.062354250344441184,2.390899211228954,2.6440709271976677,0,0,0,10.94916873659466,0.3164
1766,2336340,2.0,2.540878883707655,0.018892777009707755,2.503849721200681,2.5779080462146284,2.5125432033685837,0.07264553441098863,2.365603740534259,2.6594826662029085,2.5125432033685837,0.06451633147034422,2.381568087349011,2.6435183193881566,0,0,0,11.661320503521278,0.2837
1767,2337340,2.0,2.6140077268998607,0.018841305695976706,2.577079446314037,2.6509360074856843,2.5857203894652065,0.06433899877267715,2.4555824808434563,2.715858298086957,2.5857203894652065,0.06161288661880305,2.460639579857985,2.710801199072428,0,0,0,10.693530705184122,0.3
1768,2338340,2.0,2.5672741243812944,0.01884130859553371,2.5303458381124435,2.6042024106501453,2.5503580550503386,0.07167059592756472,2.40539059143403,2.6953255186666474,2.5503580550503386,0.07147987439985808,2.405246195320848,2.6954699147798293,0,0,0,14.39280481539818,0.2886
1769,2339340,2.0,2.54995556070731,0.018783196776729204,2.513141171510392,2.586769949904228,2.5331198894338183,0.07525148414187492,2.3809093957407574,2.685330383126879,2.5331198894338183,0.07161125095074247,2.387741321126791,2.6784984577408455,0,0,0,14.535283409191953,0.2897
1770,2340340,2.0,2.609967787450034,0.018899666042058578,2.5729251226877645,2.647010452212304,2.597406474868576,0.07234018667578342,2.4510846361257044,2.7437283136114474,2.597406474868576,0.07309236442043597,2.4490210863640858,2.745791863373066,0,0,0,14.95669925937919,0.2879
1771,2341340,2.0,2.6053774556205904,0.018651025991883705,2.568822116401778,2.641932794839403,2.596554997171659,0.06228841391229841,2.4705647879277612,2.7225452064155564,2.596554997171659,0.06081691225368397,2.4730901014337494,2.7200198929095682,0,0,0,10.632693103695333,0.2899
1772,2342340,2.0,2.5525628555377624,0.01901074549735451,2.5153024790436906,2.589823232031834,2.539510448860859,0.061405564040638315,2.415305972036124,2.663714925685594,2.539510448860859,0.057458517860140286,2.4228634562074745,2.6561574415142437,0,0,0,9.13504187895533,0.3084
1773,2343340,2.0,2.6403374382202465,0.018692420093772165,2.6037009680525602,2.6769739083879327,2.6385923457478393,0.047894045911580314,2.541717493958662,2.7354671975370164,2.6385923457478393,0.048808335678288434,2.5395061565226418,2.737678534973037,0,0,0,6.817998982563996,0.299
1774,2344340,2.0,2.646229194537264,0.01891155431730425,2.609163229183675,2.683295159890853,2.6216313865055287,0.06488540585080035,2.4903882652482148,2.7528745077628427,2.6216313865055287,0.058354578659052324,2.5031652937200786,2.740097479290979,0,0,0,9.52128196034507,0.303
1775,2345340,2.0,2.5231027793226732,0.018783931744052896,2.4862869496162707,2.5599186090290758,2.5189444153799916,0.06387201661885102,2.3897510673206046,2.6481377634393786,2.5189444153799916,0.0637834628347517,2.389457101787901,2.6484317289720822,0,0,0,11.530368423588147,0.3014
1776,2346340,2.0,2.698586151120394,0.018684229305304178,2.6619657346031103,2.735206567637678,2.687354675086376,0.06129785698128291,2.563368056352623,2.811341293820129,2.687354675086376,0.061275924233549085,2.562957935488981,2.8117514146837714,0,0,0,10.755469270899175,0.2947
1777,2347340,2.0,2.5638662291315333,0.019028238426160044,2.5265715671270184,2.601160891136048,2.5563507622267796,0.07232131418525518,2.410067096699138,2.702634427754421,2.5563507622267796,0.07096591074071698,2.4122823041965438,2.7004192202570154,0,0,0,13.909207697574882,0.3107
1778,2348340,2.0,2.6112652784942165,0.018665464983960017,2.5746816393709615,2.6478489176174715,2.613688201096533,0.06616012932166175,2.47986670824915,2.747509693943916,2.613688201096533,0.06698047544848287,2.4777106068505903,2.7496657953424757,0,0,0,12.877122446028922,0.3097
1779,2349340,2.0,2.652817464896493,0.019211273387126346,2.6151640609605726,2.6904708688324135,2.6416589497314145,0.0892284439243707,2.4611773863965807,2.8221405130662482,2.6416589497314145,0.0902725348621784,2.4583959610044506,2.8249219384583784,0,0,0,22.07999500105115,0.2997
1780,2350340,2.0,2.4671246346570603,0.01872021010251114,2.4304336970731155,2.503815572241005,2.4577340658493916,0.06294784884488776,2.3304100235549905,2.5850581081437927,2.4577340658493916,0.06151476800841336,2.3328524476110313,2.582615684087752,0,0,0,10.797851331884905,0.2872
1781,2351340,2.0,2.6835410011469283,0.018881012133161745,2.6465348973742673,2.7205471049195893,2.6757741661010654,0.07268440517871809,2.5287560797177995,2.8227922524843314,2.6757741661010654,0.07198135469378655,2.5296442472510092,2.8219040849511217,0,0,0,14.53414501421725,0.3003
1782,2352340,2.0,2.5442226914846544,0.019322840395070696,2.5063506202313,2.582094762738009,2.5437686465327065,0.08155563815259174,2.3788067977636556,2.7087304953017575,2.5437686465327065,0.08005496979808834,2.3812484176497657,2.7062888754156473,0,0,0,17.16463855621098,0.2848
1783,2353340,2.0,2.510157556402184,0.019462777817152752,2.4720112128414593,2.5483038999629084,2.5103347171170927,0.06910322896156633,2.3705602433513113,2.650109190882874,2.5103347171170927,0.07022283688439632,2.3677747792138493,2.652894655020336,0,0,0,13.018084636936722,0.3093
1784,2354340,2.0,2.532750011754673,0.01940001456286176,2.4947266819119114,2.5707733415974343,2.523235911109594,0.07667943393857671,2.3681371163284766,2.6783347058907117,2.523235911109594,0.07838482009375079,2.3641062663827936,2.6823655558363946,0,0,0,16.325249220754404,0.2886
1785,2355340,2.0,2.537477763414657,0.018994556522704403,2.5002491167278458,2.574706410101468,2.532447293967519,0.07631822308065378,2.378079117108941,2.6868154708260974,2.532447293967519,0.07825750452713118,2.373576113581903,2.6913184743531353,0,0,0,16.974370350759187,0.2887
1786,2356340,2.0,2.475115429305106,0.019368264620611433,2.4371543282056662,2.5130765304045455,2.468126289129208,0.06754647542651504,2.33150064660351,2.604751931654906,2.468126289129208,0.058691374809853813,2.348976463807811,2.5872761144506047,0,0,0,9.182631265978898,0.3003
1787,2357340,2.0,2.452741257137471,0.019279798487999534,2.414953546471802,2.4905289678031397,2.446476630912253,0.08028008507052226,2.284094831780329,2.6088584300441773,2.446476630912253,0.07170267851467987,2.300912454782816,2.5920408070416903,0,0,0,13.831388437304492,0.3176
1788,2358340,2.0,2.6213573017636014,0.01915048936110943,2.5838230323295095,2.6588915711976933,2.6091845040069113,0.07929289408597887,2.4487994871157652,2.7695695208980573,2.6091845040069113,0.07896740546983824,2.448872148089233,2.7694968599245895,0,0,0,17.003408396445906,0.3019
1789,2359340,2.0,2.58372873319316,0.018897923136020192,2.5466894844639545,2.620767981922366,2.5758096532301167,0.058052507319402494,2.458387373789794,2.6932319326704395,2.5758096532301167,0.05939157495334356,2.4552383460460594,2.696380960414174,0,0,0,9.876919808945495,0.2881
1790,2360340,2.0,2.657671645978779,0.019030988531284505,2.6203715938672665,2.6949716980902916,2.6546371747568323,0.07178144527206003,2.509445497177921,2.7998288523357435,2.6546371747568323,0.07322737419802776,2.5059777018324616,2.803296647681203,0,0,0,14.805539173445512,0.2948
1791,2361340,2.0,2.585610003538703,0.018326862045828885,2.5496900139792444,2.6215299930981617,2.586808090099227,0.05476799585600371,2.4760293621726777,2.6975868180257767,2.586808090099227,0.05291936612645131,2.4793760653679358,2.6942401148305186,0,0,0,8.337830182574306,0.3049
1792,2362340,2.0,2.553172895011461,0.018454830603856533,2.5170020916871145,2.5893436983358074,2.5355375769256163,0.05841514852908318,2.417381786403241,2.6536933674479917,2.5355375769256163,0.05887580189915402,2.416013344708047,2.6550618091431857,0,0,0,10.177791372756438,0.3123
1793,2363340,2.0,2.464570523609104,0.0188822168801418,2.427562058575752,2.5015789886424558,2.460810826508978,0.0675760465459784,2.324125370748446,2.59749628226951,2.460810826508978,0.06675629883320874,2.325288334987032,2.5963333180309243,0,0,0,12.499094080163466,0.3075
1794,2364340,2.0,2.6204519873663106,0.019060058918464202,2.5830949583429095,2.6578090163897117,2.5964225578110276,0.07127013851406053,2.452265095768875,2.74058001985318,2.5964225578110276,0.06548895564098879,2.463472909751421,2.729372205870634,0,0,0,11.805588790372747,0.2861
1795,2365340,2.0,2.4843823598084556,0.018756730452459597,2.447619843653909,2.521144875963002,2.4640353349669786,0.06296888694224415,2.33666873910408,2.591401930829877,2.4640353349669786,0.06124365389850749,2.3397041076325986,2.5883665623013585,0,0,0,10.661244721402719,0.2911
1796,2366340,2.0,2.7137191161145653,0.01926452164860373,2.6759613475039097,2.751476884725221,2.713883319394704,0.07357427321478835,2.5650653050148478,2.8627013337745604,2.713883319394704,0.07461225368342232,2.5624123916473627,2.8653542471420455,0,0,0,15.000435125285014,0.2984
1797,2367340,2.0,2.6317875179088692,0.01888672963089728,2.594770208046565,2.6688048277711736,2.6108926698649046,0.06133394600205561,2.486833054196522,2.7349522855332875,2.6108926698649046,0.05856934488082744,2.4919905784699083,2.729794761259901,0,0,0,9.616725196580093,0.3144
1798,2368340,2.0,2.661040255194107,0.01888693805548792,2.6240225368271117,2.6980579735611023,2.639755025499844,0.06617103126608036,2.5059114813884746,2.7735985696112135,2.639755025499844,0.05919040068741154,2.5195921237880152,2.759917927211673,0,0,0,9.821536793972307,0.2937
1799,2369340,2.0,2.662630779447734,0.019113722469962506,2.6251685717961135,2.7000929870993544,2.6348931411806884,0.07567291752964123,2.4818302180007925,2.7879560643605843,2.6348931411806884,0.07054028267430557,2.4916887540625603,2.7780975282988165,0,0,0,13.620211131176207,0.298
1800,2370340,2.0,2.5689391521850298,0.01848261864379098,2.532713885303211,2.6051644190668486,2.551198251384968,0.05972018325688465,2.430402778968336,2.6719937238015996,2.551198251384968,0.05014874009700309,2.449390896522276,2.6530056062476595,0,0,0,7.361953122517329,0.2862
1801,2371340,2.0,2.6163528041213793,0.019243762738925026,2.5786357222260525,2.654069886016706,2.5979707380188493,0.07160017066484686,2.453145722941981,2.7427957530957174,2.5979707380188493,0.0698700818803063,2.4561269308461386,2.73981454519156,0,0,0,13.182643784414132,0.3018
1802,2372340,2.0,2.68279321479581,0.018955967267413006,2.6456402016595604,2.719946227932059,2.685798205694985,0.06517688449153812,2.5539655132376664,2.817630898152304,2.685798205694985,0.06684674740815093,2.5500920938039497,2.8215043175860206,0,0,0,12.435654877246858,0.2966
1803,2373340,2.0,2.586303755708043,0.018782632405037678,2.549490472659314,2.6231170387567717,2.5577825245160613,0.06639995258254404,2.423475943336478,2.6920891056956444,2.5577825245160613,0.05956618359883318,2.4368567429364547,2.678708306095668,0,0,0,10.05742108360195,0.2941
1804,2374340,2.0,2.5072556846316556,0.01875336324579733,2.4704997680808956,2.5440116011824156,2.5152728221104725,0.06293494564483643,2.387974879001655,2.6425707652192902,2.5152728221104725,0.058661081483840735,2.396184495510388,2.634361148710557,0,0,0,9.784571230574263,0.2817
1805,2375340,2.0,2.5533097941430754,0.018972250948945807,2.5161248655774857,2.590494722708665,2.542627568524731,0.07188498608474561,2.397226459884147,2.6880286771653146,2.542627568524731,0.0727944887332459,2.3948468998144383,2.6904082372350233,0,0,0,14.721744606284286,0.2911
1806,2376340,2.0,2.514500109611793,0.018950246631278526,2.4773583087163353,2.5516419105072505,2.512575199718612,0.0679134926007591,2.3752071948870728,2.649943204550151,2.512575199718612,0.06358965602401162,2.3834813348695536,2.64166906456767,0,0,0,11.260125174601997,0.2958
1807,2377340,2.0,2.6411524702045055,0.019150062425860367,2.6036190375481256,2.6786859028608854,2.622039842529065,0.0653091350372088,2.4899396480938485,2.754140036964282,2.622039842529065,0.06496467892075218,2.4901545327958083,2.753925152262322,0,0,0,11.508380292250536,0.2885
1808,2378340,2.0,2.5177876172318916,0.018997588490089836,2.480553027998203,2.5550222064655803,2.5302545737147057,0.07310946176489265,2.3823767292340827,2.6781324181953288,2.5302545737147057,0.0706742953583454,2.3867781263842223,2.6737310210451892,0,0,0,13.83967915735851,0.301
1809,2379340,2.0,2.6880545557023465,0.018724316310276257,2.651355570099069,2.724753541305624,2.6642621723856417,0.059396530006318164,2.5441213504601707,2.7844029943111126,2.6642621723856417,0.057469840431327114,2.5475921936907224,2.780932151080561,0,0,0,9.420371815938768,0.3047
1810,2380340,2.0,2.641953738538107,0.018788184567215312,2.6051295734514737,2.6787779036247406,2.6294153087173076,0.06630136530975642,2.495308139119223,2.763522478315392,2.6294153087173076,0.06688370705909549,2.493634164745864,2.765196452688751,0,0,0,12.672754929704842,0.2915
1811,2381340,2.0,2.6133793007237704,0.018563142055480878,2.576996210855127,2.649762390592414,2.589322111006264,0.05832911696754882,2.4713403357422408,2.707303886270287,2.589322111006264,0.05384431931278952,2.480012331478127,2.6986318905344007,0,0,0,8.413502069161977,0.2887
1812,2382340,2.0,2.493558224172175,0.019189424939183717,2.4559476424073403,2.53116880593701,2.4759969027183706,0.061063825071120424,2.352483658204302,2.599510147232439,2.4759969027183706,0.05869433881925824,2.356841060137983,2.5951527452987584,0,0,0,9.355532442614765,0.2982
1813,2383340,2.0,2.6155605993490525,0.018527092315331607,2.579248165672754,2.651873033025351,2.6117260918759952,0.06262185634739974,2.4850614316462636,2.738390752105727,2.6117260918759952,0.06456423622663339,2.480653724030879,2.7427984597211115,0,0,0,12.144216604123228,0.304
1814,2384340,2.0,2.6341202818338383,0.018751687773435537,2.5973676491485644,2.670872914519112,2.6140575641479358,0.06719205965879649,2.47814879517752,2.7499663331183517,2.6140575641479358,0.05793535904848839,2.496442532417569,2.7316725958783024,0,0,0,9.545675778021156,0.3097
1815,2385340,2.0,2.6079557919040024,0.01923537996339419,2.5702551399468065,2.6456564438611982,2.5930912737242218,0.059961156788237546,2.471808386333753,2.7143741611146903,2.5930912737242218,0.058316627035655356,2.4747022268303196,2.711480320618124,0,0,0,9.191433616142081,0.2969
1816,2386340,2.0,2.6086566466284986,0.019376730321069537,2.570678953061057,2.64663434019594,2.583336932639723,0.08172417282713015,2.418034190314772,2.7486396749646738,2.583336932639723,0.08217172514523066,2.416519461944382,2.750154403335064,0,0,0,17.983897547313155,0.3026
1817,2387340,2.0,2.621384922101947,0.01874184596927539,2.58465157899837,2.658118265205524,2.6167627381129455,0.07006232757878066,2.475048304282705,2.758477171943186,2.6167627381129455,0.0679885710331115,2.478738601028214,2.7547868751976767,0,0,0,13.159733614550758,0.2961
1818,2388340,2.0,2.6174418531770054,0.018454276457148044,2.58127213596025,2.653611570393761,2.6176609223577167,0.06577916391484935,2.484610004779541,2.7507118399358923,2.6176609223577167,0.06652365199498578,2.4826107290265296,2.752711115688904,0,0,0,12.994456548867724,0.3006
1819,2389340,2.0,2.621798087757238,0.018761163765975808,2.5850268824678677,2.6585692930466083,2.615546318590391,0.06802003152699687,2.4779628184401203,2.753129818740662,2.615546318590391,0.06216041537354953,2.4893539665172137,2.7417386706635685,0,0,0,10.977621863027055,0.2877
1820,2390340,2.0,2.670014997258374,0.019096099740647826,2.63258732952152,2.7074426649952286,2.675156267911285,0.06883639158103401,2.535921523692233,2.8143910121303373,2.675156267911285,0.06855051008966367,2.5359913338926536,2.8143212019299164,0,0,0,12.886412606408074,0.3074
1821,2391340,2.0,2.6476514106823394,0.018780170950619863,2.610842951995619,2.68445986936906,2.6326956957935668,0.08189567555842674,2.4670460564512604,2.798345335135873,2.6326956957935668,0.08286589617411881,2.4644689829889184,2.800922408598215,0,0,0,19.46940057283961,0.2934
1822,2392340,2.0,2.609858090668536,0.018929110797409294,2.5727577152462455,2.646958466090826,2.6052663862656096,0.07626592609314076,2.451003990048819,2.7595287824824,2.6052663862656096,0.07779902746573245,2.44732596379726,2.763206808733959,0,0,0,16.892265922965525,0.2865
1823,2393340,2.0,2.6906613421273575,0.01898392592792966,2.6534535310234393,2.7278691532312758,2.6868262339416233,0.06966861376896681,2.545908161459586,2.8277443064236607,2.6868262339416233,0.07195311409154463,2.5407536465620773,2.8328988213211694,0,0,0,14.365711090816156,0.3077
1824,2394340,2.0,2.534611404990759,0.018721724877656668,2.4979174985020847,2.5713053114794335,2.524433331877528,0.06663175492709536,2.3896578862003772,2.6592087775546784,2.524433331877528,0.068105396217697,2.3861720270593505,2.662694636695705,0,0,0,13.233396652661549,0.2933
1825,2395340,2.0,2.671230363837095,0.019018396721422658,2.633954991219412,2.708505736454778,2.650488485492896,0.06984090706362132,2.509221916928178,2.7917550540576137,2.650488485492896,0.06377817876453011,2.5210118991336556,2.779965071852136,0,0,0,11.24595708681129,0.2899
1826,2396340,2.0,2.612618716706239,0.01849888348742585,2.576361571316682,2.6488758620957964,2.598626068422566,0.05574627425345657,2.4858685856642206,2.7113835511809117,2.598626068422566,0.053295895896849896,2.490429647619166,2.7068224892259662,0,0,0,8.300351803200853,0.3045
1827,2397340,2.0,2.656622193588075,0.01863969945209608,2.620089053979316,2.693155333196834,2.641891446506244,0.06638083943932543,2.5076235253079027,2.7761593677045857,2.641891446506244,0.0664532199733044,2.506984237780675,2.7767986552318136,0,0,0,12.710254536994364,0.2994
1828,2398340,2.0,2.600712027962986,0.01866085234988581,2.56413742943639,2.6372866264895816,2.5836793794079993,0.05247347232063094,2.4775417634022587,2.68981699541374,2.5836793794079993,0.05059259187112835,2.4809709575396877,2.686387801276311,0,0,0,7.350398835979735,0.2858
1829,2399340,2.0,2.6494312178423742,0.01889721867430432,2.61239334983276,2.6864690858519884,2.6424897537675363,0.07477149884439294,2.4912501219774437,2.793729385557629,2.6424897537675363,0.07090647004116356,2.498541966772725,2.7864375407623476,0,0,0,14.079134352519306,0.301
1830,2400340,2.0,2.6757289579555525,0.018990876581133433,2.6385075238216857,2.7129503920894193,2.672900109023545,0.07417025851274979,2.522876600593027,2.8229236174540633,2.672900109023545,0.06698789033031298,2.5369074617672123,2.808892756279878,0,0,0,12.44235472069009,0.2934
1831,2401340,2.0,2.5618020522858345,0.0195529654603592,2.5234789441925747,2.6001251603790942,2.5200888279472164,0.09447584109776876,2.3289934019959238,2.711184253898509,2.5200888279472164,0.09029743463429328,2.3367752899954706,2.7034023658989623,0,0,0,21.326793212961725,0.2969
1832,2402340,2.0,2.648891079279971,0.01932000408210286,2.6110245670978824,2.6867575914620594,2.628549335257079,0.09299154847710829,2.4404561745122737,2.8166424960018843,2.628549335257079,0.09051527035147149,2.4447935672888335,2.8123051032253246,0,0,0,21.949734836978102,0.3083
1833,2403340,2.0,2.623539316716956,0.018685478052806057,2.5869164526995423,2.6601621807343694,2.6168459753460125,0.0682021134179889,2.478894179808129,2.7547977708838958,2.6168459753460125,0.06983376342768018,2.4750758985519203,2.7586160521401046,0,0,0,13.967621822678375,0.2952
1834,2404340,2.0,2.4487772654692037,0.019044548959111122,2.4114506354075362,2.486103895530871,2.430410444820731,0.07471594506150181,2.279283181162866,2.581537708478596,2.430410444820731,0.07512610255744295,2.2778963484003176,2.5829245412411446,0,0,0,15.561101466993055,0.3033
1835,2405340,2.0,2.659794849066841,0.018955402294905145,2.622642943256359,2.696946754877323,2.6389941479784467,0.06817987580533892,2.501087332257754,2.7769009636991395,2.6389941479784467,0.06397942327889154,2.5091090135350846,2.7688792824218087,0,0,0,11.392384387054479,0.3053
1836,2406340,2.0,2.5572499706415384,0.018677356245604106,2.52064302507373,2.5938569162093468,2.556585397321737,0.05706836158546709,2.441153740521438,2.672017054122036,2.556585397321737,0.05835008974847016,2.438128417509249,2.675042377134225,0,0,0,9.760054703937575,0.289
1837,2407340,2.0,2.47175871002038,0.01877218793011795,2.4349658977663315,2.508551522274429,2.4650847340809223,0.07303283412160161,2.3173618836386076,2.612807584523237,2.4650847340809223,0.06667695389677812,2.3297233213434905,2.600446146818354,0,0,0,12.616001022443289,0.301
1838,2408340,2.0,2.593474416655192,0.01871290169617842,2.556797803284444,2.6301510300259405,2.599635371946397,0.06341016942779076,2.471376198006812,2.727894545885982,2.599635371946397,0.064242600448922,2.4692159594436216,2.7300547844491723,0,0,0,11.785932574371856,0.2924
1839,2409340,2.0,2.4924780837318847,0.018859755731737853,2.4555136417404557,2.5294425257233137,2.476729404273245,0.07353793081654277,2.3279848993323324,2.6254739092141572,2.476729404273245,0.06484959453242645,2.3450777282691457,2.608381080277344,0,0,0,11.823400556956152,0.3017
1840,2410340,2.0,2.7282405839159503,0.018756083990951234,2.6914793348026778,2.7650018330292228,2.7219141522306134,0.06374595483581696,2.592975788195133,2.8508525162660936,2.7219141522306134,0.061384333841621216,2.5972973294283723,2.8465309750328545,0,0,0,10.711018181826043,0.3161
1841,2411340,2.0,2.5944837193791868,0.018860692790313067,2.557517440786699,2.6314499979716746,2.571565611180367,0.07701620216609713,2.4157856383632867,2.727345583997447,2.571565611180367,0.07639874872825597,2.416467905678729,2.726663316682005,0,0,0,16.408059000178298,0.2953
1842,2412340,2.0,2.594020679294404,0.01938940915054409,2.556018135677826,2.6320232229109815,2.587722171266911,0.07771835782926452,2.43052195456549,2.7449223879683324,2.587722171266911,0.06873788254565634,2.4481768509398334,2.727267491593989,0,0,0,12.567912520200073,0.294
1843,2413340,2.0,2.5953498881945425,0.01910825309688747,2.557898400317167,2.6328013760719178,2.5720535500403487,0.06551854158901846,2.4395297908741904,2.704577309206507,2.5720535500403487,0.061320837041451984,2.4475656325955497,2.696541467485148,0,0,0,10.298504870649188,0.3031
1844,2414340,2.0,2.705345628037387,0.01952248852488663,2.6670822536400127,2.743609002434761,2.6874259097726614,0.07562846272765512,2.534452904917095,2.840398914628228,2.6874259097726614,0.07021002288279092,2.5448919856756698,2.829959833869653,0,0,0,12.933851691089856,0.3043
1845,2415340,2.0,2.517714120825164,0.019297611110670923,2.479891498060589,2.5555367435897387,2.4896291661851113,0.06779361224161244,2.352503642267509,2.6267546901027137,2.4896291661851113,0.06597551164493883,2.3556917569243483,2.6235665754458743,0,0,0,11.68849064140119,0.294
1846,2416340,2.0,2.5109870365881637,0.019080734067636936,2.473589485017009,2.5483845881593186,2.5034537036786078,0.08589957288473032,2.329705417569628,2.6772019897875876,2.5034537036786078,0.08472145237678642,2.3314600115156097,2.675447395841606,0,0,0,19.71499299377855,0.3057
1847,2417340,2.0,2.6569208427723128,0.018747782850772117,2.6201758635948216,2.693665821949804,2.6594132782962614,0.060688525209541155,2.5366591494045005,2.7821674071880222,2.6594132782962614,0.062009473084167196,2.5335273553614672,2.7852992012310556,0,0,0,10.939973067745802,0.3054
1848,2418340,2.0,2.6491641836612767,0.01911052255203211,2.6117082477335534,2.686620119589,2.6292625288327423,0.08808131527465,2.4511012522018123,2.807423805463672,2.6292625288327423,0.08538887755855729,2.455913891516717,2.8026111661487674,0,0,0,19.964456176254924,0.2848
1849,2419340,2.0,2.6075159473739156,0.018492012825091345,2.571272268235084,2.643759626512747,2.5983114471159587,0.0478062378606925,2.5016142038740186,2.695008690357899,2.5983114471159587,0.046863433681439456,2.5031736188542344,2.693449275377683,0,0,0,6.4224368162589665,0.2873
1850,2420340,2.0,2.5090884548341243,0.01905047311166562,2.471750213646811,2.5464266960214377,2.510292321874393,0.07680955771836517,2.3549303269054165,2.6656543168433697,2.510292321874393,0.0784746157692797,2.3509803822347792,2.669604261514007,0,0,0,16.96863330319905,0.2782
1851,2421340,2.0,2.6299235925104196,0.019120371567169298,2.592448352867744,2.6673988321530953,2.613688263772707,0.06907865009087395,2.4739635054654996,2.7534130220799145,2.613688263772707,0.065950795440489,2.4798010310745537,2.7475754964708603,0,0,0,11.89727281907771,0.2771
1852,2422340,2.0,2.678961119333256,0.01912388865772192,2.641478986319767,2.7164432523467448,2.6727203840378873,0.0635435865002623,2.544191348597236,2.8012494194785384,2.6727203840378873,0.06430027815686672,2.5421838795629297,2.803256888512845,0,0,0,11.305070897687221,0.2783
1853,2423340,2.0,2.659958392331196,0.01891166705412501,2.6228922060174984,2.6970245786448936,2.632682936640924,0.06655622433606918,2.498060266004427,2.7673056072774207,2.632682936640924,0.06498389049158866,2.500758625345398,2.76460724793645,0,0,0,11.807332408626275,0.2813
1854,2424340,2.0,2.5978686040372594,0.019398463491895453,2.5598483142377293,2.6358888938367895,2.581633457640217,0.06619645616711642,2.447738486812379,2.7155284284680548,2.581633457640217,0.0665402293761921,2.446549610436013,2.716717304844421,0,0,0,11.766137617630633,0.277
1855,2425340,2.0,2.5629218401907723,0.018797767791686123,2.5260788923293203,2.5997647880522243,2.5617245376162847,0.06447745990734774,2.4313065649146584,2.692142510317911,2.5617245376162847,0.06168357624612673,2.4365002204361885,2.686948854796381,0,0,0,10.767788808544664,0.2788
1856,2426340,2.0,2.5017097627124505,0.018962779922528743,2.4645433970175348,2.538876128407366,2.4925686115611576,0.055364803216423786,2.380582726805675,2.60455449631664,2.4925686115611576,0.05628328929844438,2.378307459728378,2.6068297633939372,0,0,0,8.809574475728343,0.2803
1857,2427340,2.0,2.487540432768292,0.01899803350130054,2.4503049713286575,2.5247758942079264,2.490024081466434,0.06865548770381694,2.351155249877228,2.62889291305564,2.490024081466434,0.06835057245160239,2.3512650424319865,2.6287831205008816,0,0,0,12.943955586524579,0.2874
1858,2428340,2.0,2.6429497891230542,0.019181902552588972,2.6053539509650228,2.6805456272810857,2.6248379932653694,0.07517976995723837,2.472772555202411,2.7769034313283276,2.6248379932653694,0.06182145287097004,2.499333771656058,2.7503422148746806,0,0,0,10.387117722646492,0.2773
1859,2429340,2.0,2.49698865714423,0.019117208402843488,2.4595196171897102,2.53445769709875,2.4779435628751347,0.061145773087399456,2.3542645628526238,2.6016225628976457,2.4779435628751347,0.0598712361704005,2.356398491651456,2.5994886340988135,0,0,0,9.808159082643435,0.2803
1860,2430340,2.0,2.469726153362721,0.01878108066414229,2.4329159116702606,2.506536395055181,2.445427863177692,0.06875099816340535,2.306365843449108,2.584489882906276,2.445427863177692,0.06218551239725315,2.3191845614377185,2.5716711649176656,0,0,0,10.963198522750606,0.2761
1861,2431340,2.0,2.6077579056826403,0.01882577938790496,2.5708600561014503,2.6446557552638303,2.6048194698102556,0.07357889189286082,2.4559921132722,2.7536468263483114,2.6048194698102556,0.07496323307333123,2.4526360160208074,2.757002923599704,0,0,0,15.855892315191916,0.278
1862,2432340,2.0,2.567763269304674,0.019048177218934318,2.530429527984426,2.6050970106249216,2.5565081920539554,0.06926693896737336,2.4164025835459086,2.696613800562002,2.5565081920539554,0.06737468210385454,2.4197303157515737,2.693286068356337,0,0,0,12.510844096170915,0.2757
1863,2433340,2.0,2.518991707681183,0.019358909303276304,2.481048942666784,2.5569344726955823,2.4969747623759924,0.07842222209406678,2.3383508458172173,2.6555986789347674,2.4969747623759924,0.06612990660461937,2.3627239146835,2.6312256100684848,0,0,0,11.669010977106902,0.2783
1864,2434340,2.0,2.593685532982723,0.019120540880652348,2.5562099614917186,2.6311611044737275,2.6113418898133323,0.07153923404252736,2.4666401306891275,2.756043648937537,2.6113418898133323,0.06970396973180641,2.46983530823027,2.7528484713963945,0,0,0,13.289684721538698,0.2812
1865,2435340,2.0,2.509349961166137,0.01943322350886338,2.471261542985248,2.5474383793470263,2.4827480723678974,0.08081263350906102,2.319289092344861,2.646207052390934,2.4827480723678974,0.07657807048547385,2.3272863243452235,2.6382098203905713,0,0,0,15.52812960988905,0.2803
1866,2436340,2.0,2.54424644013664,0.01913717110287882,2.5067382740090167,2.581754606264263,2.5382424884234402,0.07251895883616133,2.391559048855017,2.6849259279918636,2.5382424884234402,0.07001701473116097,2.396100391705289,2.6803845851415913,0,0,0,13.3860271181439,0.2779
1867,2437340,2.0,2.5196602587923773,0.0192651046951614,2.4819013474314673,2.5574191701532873,2.484504239740467,0.066823348604063,2.3493412592725775,2.619667220208356,2.484504239740467,0.06186232207828419,2.358917049229366,2.610091430251568,0,0,0,10.311211344342409,0.2777
1868,2438340,2.0,2.616075572774752,0.018989044373052426,2.578857729702736,2.653293415846768,2.6065019957664908,0.06245361971410231,2.480177626247347,2.7328263652856344,2.6065019957664908,0.06200775625708562,2.4806195581759667,2.732384433357015,0,0,0,10.663157274142272,0.2796
1869,2439340,2.0,2.5631224991852926,0.01863786648314995,2.5265929521296524,2.5996520462409327,2.552234974653395,0.060209514827647935,2.430449735711693,2.6740202135950972,2.552234974653395,0.05707463269953005,2.436367310308103,2.6681026389986875,0,0,0,9.37764651257713,0.2756
1870,2440340,2.0,2.5425861784600277,0.018958116563646918,2.5054289527805675,2.5797434041394878,2.515276929057726,0.07224792961048936,2.3691416978431343,2.6614121602723175,2.515276929057726,0.0683983336670395,2.376420929601157,2.654132928514295,0,0,0,13.01669307484887,0.2763
1871,2441340,2.0,2.562455056723665,0.018909262608568064,2.5253935830366614,2.599516530410668,2.5361475846184107,0.06628597113712177,2.4020715526735357,2.6702236165632858,2.5361475846184107,0.06224177713789851,2.409790059382372,2.6625051098544494,0,0,0,10.834647387870547,0.2815
1872,2442340,2.0,2.6067065422589355,0.01954691803701953,2.568395286897621,2.64501779762025,2.621819589370856,0.07973329392458288,2.46054377972498,2.783095399016732,2.621819589370856,0.0807347857373715,2.4579192607598257,2.7857199179818863,0,0,0,17.059441552064396,0.2753
1873,2443340,2.0,2.473013559687695,0.018633887347393442,2.4364918115948275,2.509535307780563,2.4701389813281143,0.0542003237707615,2.3605084785739425,2.579769484082286,2.4701389813281143,0.055548012518722316,2.357370520715307,2.5829074419409217,0,0,0,8.886487170153476,0.28
1874,2444340,2.0,2.6034507266127322,0.018732293682050795,2.5667361056480855,2.640165347577379,2.6097225365590955,0.0626907885705232,2.482918447747554,2.736526625370637,2.6097225365590955,0.060867942465726375,2.486154043983139,2.733291029135052,0,0,0,10.558332314783021,0.2763
1875,2445340,2.0,2.5324454841504043,0.01935979509277705,2.494500983020486,2.5703899852803227,2.5030600853285017,0.08108063172453923,2.3390590277484318,2.6670611429085715,2.5030600853285017,0.06450444390121608,2.3721091023572636,2.6340110682997397,0,0,0,11.101400180606978,0.2794
1876,2446340,2.0,2.5427530616072143,0.018759603930763893,2.505984913538681,2.5795212096757476,2.5281376658482406,0.05214426145229746,2.4226659416766556,2.6336093900198256,2.5281376658482406,0.05171635287860539,2.423147887849191,2.63312744384729,0,0,0,7.599910019474728,0.2761
1877,2447340,2.0,2.7176186959852187,0.019336646900419373,2.6797195644786287,2.7555178274918086,2.7183315464178617,0.08220139913814216,2.552063522766824,2.8845995700688993,2.7183315464178617,0.08296479182306798,2.549904064772212,2.886759028063511,0,0,0,18.40879332596794,0.2774
1878,2448340,2.0,2.619973343350321,0.019116524583700566,2.582505643656693,2.657441043043949,2.600180529691646,0.07624756533761744,2.4459552716083377,2.7544057877749544,2.600180529691646,0.06826291185812725,2.4615994511230075,2.7387616082602846,0,0,0,12.751220045630987,0.2779
1879,2449340,2.0,2.5264435860554624,0.01900351387437556,2.489197383281979,2.563689788828946,2.493384763501853,0.07657606182754756,2.338495058551099,2.648274468452607,2.493384763501853,0.06673117977499674,2.3579132663791333,2.628856260624573,0,0,0,12.330758199365699,0.2771
1880,2450340,2.0,2.5453529577666685,0.018437808249546946,2.509215517643701,2.581490397889636,2.5348500075330156,0.05241804683963223,2.42882450014443,2.640875514921601,2.5348500075330156,0.05306877134058808,2.427114674091983,2.642585340974048,0,0,0,8.284369815126492,0.276
1881,2451340,2.0,2.4896556142790947,0.01856473208202346,2.4532694080156934,2.526041820542496,2.4912151387252877,0.050878536294519,2.3883035853376033,2.594126692112972,2.4912151387252877,0.04916563609847667,2.391403591084299,2.5910266863662765,0,0,0,7.013680086794031,0.278
1882,2452340,2.0,2.491004751933508,0.018905149884804323,2.4539513390369603,2.528058164830056,2.476067576645818,0.0672624029562771,2.3400165249263023,2.6121186283653333,2.476067576645818,0.06513007814474234,2.343846488636612,2.6082886646550234,0,0,0,11.868694429896173,0.2782
1883,2453340,2.0,2.539712542314468,0.018719533029749012,2.503022931768752,2.5764021528601844,2.5408347851985082,0.057153956551917955,2.4252299962367685,2.656439574160248,2.5408347851985082,0.057398451816391596,2.4243097330967562,2.6573598373002603,0,0,0,9.401785431408388,0.2778
1884,2454340,2.0,2.574812443059253,0.018958228673581875,2.537654997648358,2.611969888470148,2.5856474950471626,0.06588517441729196,2.4523821509882677,2.7189128391060575,2.5856474950471626,0.0628072098093022,2.4581420804620153,2.71315290963231,0,0,0,10.975479073838336,0.275
1885,2455340,2.0,2.5351313361148513,0.018623864383537095,2.4986292326701602,2.5716334395595424,2.5242581632547743,0.048391691039277686,2.426376729184403,2.6221395973251456,2.5242581632547743,0.04849614030102531,2.425805764340122,2.6227105621694267,0,0,0,6.780703429861344,0.2778
1886,2456340,2.0,2.666805440013861,0.019050885535577256,2.6294663904905344,2.7041444895371876,2.6427518281630387,0.07273853354996401,2.4956242568147373,2.78987939951134,2.6427518281630387,0.06544016499352408,2.509901230383675,2.7756024259424024,0,0,0,11.799359573575206,0.2758
1887,2457340,2.0,2.493581463523142,0.018864280948000172,2.4566081522708165,2.5305547747754673,2.4853005273369426,0.0631532748628289,2.3575609717013126,2.6130400829725726,2.4853005273369426,0.06437764646531975,2.354606956845599,2.615994097828286,0,0,0,11.646345764307256,0.2924
1888,2458340,2.0,2.639909254951912,0.019203136439057578,2.60227179914115,2.6775467107626736,2.6143793159813127,0.06509798957340597,2.4827062035585366,2.746052428404089,2.6143793159813127,0.06145125117700343,2.4896266437659746,2.7391319881966507,0,0,0,10.240404795214962,0.2775
1889,2459340,2.0,2.6630541904237837,0.018719824115331917,2.6263640093608087,2.6997443714867586,2.670753652153442,0.06617727865974979,2.5368974714956236,2.80460983281126,2.670753652153442,0.06691608033463314,2.534906786938666,2.8066005173682176,0,0,0,12.777840415301164,0.281
1890,2460340,2.0,2.6244385967640116,0.01904144162893686,2.5871180569575736,2.6617591365704496,2.605428823009378,0.07929617639279853,2.445037167026031,2.7658204789927248,2.605428823009378,0.06834279554122168,2.4666855719423517,2.744172074076404,0,0,0,12.882075124286667,0.2791
1891,2461340,2.0,2.5389898463613703,0.018673434241522097,2.50239058778031,2.5755891049424307,2.5407072692997157,0.062098290474400686,2.41510162100734,2.666312917592091,2.5407072692997157,0.05973692828191035,2.4194348575852875,2.661979681014144,0,0,0,10.233810737144717,0.28
1892,2462340,2.0,2.6468486999891656,0.01884676844842768,2.6099097126052815,2.6837876873730497,2.628884419602629,0.07145666910882678,2.484349663820134,2.773419175385124,2.628884419602629,0.06559566625709363,2.4957181374752397,2.762050701730018,0,0,0,12.11369139332833,0.2778
1893,2463340,2.0,2.541771184130203,0.01923333609979617,2.5040745380720484,2.5794678301883573,2.525281953560793,0.07376508664578854,2.3760779825866316,2.6744859245349546,2.525281953560793,0.07253490338170965,2.3780282711307117,2.6725356359908745,0,0,0,14.22279112227365,0.2769
1894,2464340,2.0,2.571189822977434,0.01852403557431648,2.534883380403435,2.607496265551433,2.563631419275582,0.05079642204649343,2.4608859576317843,2.6663768809193793,2.563631419275582,0.049360040201912106,2.4634252103229244,2.663837628228239,0,0,0,7.1003506489068915,0.2754
1895,2465340,2.0,2.678724562427306,0.01875260132719116,2.6419701392095734,2.7154789856450385,2.665417019975714,0.06118022167236637,2.5416683411131826,2.7891656988382456,2.665417019975714,0.061345941278158136,2.5408781382209455,2.7899559017304827,0,0,0,10.701597868030403,0.2808
1896,2466340,2.0,2.5017839790232053,0.01861691867984242,2.465295488907603,2.5382724691388074,2.4891087125952143,0.05341408265184021,2.381068532613244,2.5971488925771844,2.4891087125952143,0.05112374435268166,2.3853219938629917,2.592895431327437,0,0,0,7.541013278073373,0.2779
1897,2467340,2.0,2.589483467499288,0.019113924689109843,2.552020863505422,2.6269460714931543,2.572513459814384,0.08074948464516733,2.4091822104249565,2.735844709203812,2.572513459814384,0.07600996304646951,2.418205031207731,2.7268218884210373,0,0,0,15.813984244236902,0.2777
1898,2468340,2.0,2.5477120260385018,0.018696186480041187,2.5110681738893765,2.584355878187627,2.539095421239963,0.06923572041450461,2.3990529582153406,2.6791378842645854,2.539095421239963,0.06762430059159377,2.401810792466584,2.676380050013342,0,0,0,13.08276409942408,0.2774
1899,2469340,2.0,2.567016847913399,0.019280480083905274,2.5292278013443026,2.604805894482495,2.5401895335617395,0.06993050210968735,2.398741741910863,2.6816373252126158,2.5401895335617395,0.05290642827348297,2.4327837740683336,2.6475952930551454,0,0,0,7.529761130245996,0.2781
1900,2470340,2.0,2.4593718755894396,0.019268653562623975,2.4216060085761173,2.497137742602762,2.45949414236529,0.07060424383161593,2.316683579451019,2.602304705279561,2.45949414236529,0.06924501087100085,2.31891929680429,2.60006898792629,0,0,0,12.914400144035135,0.2779
1901,2471340,2.0,2.5638773507359547,0.018678578006404812,2.5272680105609795,2.60048669091093,2.5437932856385714,0.06390391012813616,2.414535426867545,2.6730511444095977,2.5437932856385714,0.06289267617691739,2.41611436510293,2.671472206174213,0,0,0,11.337375450957065,0.2788
1902,2472340,2.0,2.496101244379016,0.019171048391458022,2.4585266799858836,2.5336758087721485,2.471099396816414,0.0759405646123876,2.3174951063124727,2.6247036873203555,2.471099396816414,0.07535067834789547,2.31812938730331,2.624069406329518,0,0,0,15.448367986848831,0.2784
1903,2473340,2.0,2.628806140391294,0.018822005889715575,2.5919156867306508,2.6656965940519375,2.611621835883537,0.06347715332299236,2.483227174227339,2.740016497539735,2.611621835883537,0.043624440115414276,2.523059514139752,2.700184157627322,0,0,0,5.371900035810336,0.2782
1904,2474340,2.0,2.4817494217163154,0.019197662803906307,2.444122694033315,2.519376149399316,2.483062437945916,0.07790134445253014,2.325492095863127,2.640632780028705,2.483062437945916,0.0697533612471574,2.341455586255951,2.6246692896358805,0,0,0,13.201812537407514,0.279
1905,2475340,2.0,2.5590209158592794,0.01910355331808186,2.5215786393790984,2.5964631923394603,2.5568529718263013,0.059679370583790005,2.4361400508329605,2.677565892819642,2.5568529718263013,0.05656869428626264,2.4420124170649897,2.671693526587613,0,0,0,8.768473612083955,0.2776
1906,2476340,2.0,2.6098939859788315,0.01892994425388101,2.5727919770118737,2.6469959949457893,2.6092210158428117,0.06316439427809041,2.4814589690668964,2.736983062618727,2.6092210158428117,0.0646407260644291,2.477993365371556,2.7404486663140677,0,0,0,11.660408941089589,0.278
1907,2477340,2.0,2.6116193867259074,0.019167235146151537,2.57405229615624,2.649186477295575,2.6020534920866774,0.06976998842179673,2.460930370014839,2.7431766141585157,2.6020534920866774,0.06967230363112104,2.4606111961056736,2.743495788067681,0,0,0,13.212998894816176,0.2772
1908,2478340,2.0,2.5547616935192794,0.018577148018647665,2.51835115246726,2.5911722345712986,2.5409277696271553,0.06862708371158693,2.4021163905351255,2.679739148719185,2.5409277696271553,0.06954159385072,2.3997508286076434,2.682104710646667,0,0,0,14.013002435839114,0.2786
1909,2479340,2.0,2.7312149097449643,0.019165371547056,2.6936514717624056,2.768778347727523,2.706649113547684,0.07385125229151618,2.55727085610429,2.8560273709910775,2.706649113547684,0.06927173233829874,2.5660200205240677,2.8472782065713,0,0,0,13.06404329381153,0.2783
1910,2480340,2.0,2.5368654220817297,0.018796503673092,2.5000249518471946,2.573705892316265,2.5325372099931047,0.06078004906299648,2.409597956633993,2.6554764633522163,2.5325372099931047,0.06234295806952874,2.405974276545576,2.6591001434406336,0,0,0,11.00070863612163,0.2763
1911,2481340,2.0,2.489654713177531,0.01866434492670269,2.4530732693261608,2.5262361570289014,2.4667014924305666,0.06616230179244482,2.3328756053462567,2.6005273795148764,2.4667014924305666,0.06351685333831332,2.3377554248909425,2.5956475599701907,0,0,0,11.581170243832485,0.2791
1912,2482340,2.0,2.5907501080574695,0.01881018252578809,2.5538828277643004,2.6276173883506386,2.580740703978973,0.06394719038115806,2.4513953026331423,2.7100861053248035,2.580740703978973,0.0643034946522472,2.450197669671242,2.7112837382867037,0,0,0,11.686464176140861,0.2794
1913,2483340,2.0,2.523396886370845,0.019249689639996067,2.485668187962879,2.5611255847788112,2.516654160676578,0.07078060469896397,2.3734868742372726,2.659821447115884,2.516654160676578,0.07116311556195175,2.3721853555752648,2.6611229657778916,0,0,0,13.666661672987278,0.283
1914,2484340,2.0,2.5535965751929903,0.019401335947245957,2.515570655484426,2.5916224949015545,2.5389994797219995,0.0678864556248963,2.401686162336043,2.676312797107956,2.5389994797219995,0.06785950580260991,2.401237358984971,2.676761600459028,0,0,0,12.233708084551195,0.275
1915,2485340,2.0,2.589376565147379,0.019005927191580473,2.5521256323590906,2.626627497935667,2.566732483185965,0.07185638613563303,2.4213892234027647,2.7120757429691653,2.566732483185965,0.07035093486281101,2.423912492561149,2.7095524738107812,0,0,0,13.701295199623825,0.2779
1916,2486340,2.0,2.6359719684501663,0.018870434266295744,2.598986596915596,2.6729573399847366,2.6040384894254793,0.06195060360559591,2.478731566021644,2.7293454128293146,2.6040384894254793,0.049437576456886206,2.5036748735068723,2.7044021053440863,0,0,0,6.863577715992074,0.2844
1917,2487340,2.0,2.6080342592648518,0.018560757858989866,2.571655842335463,2.6444126761942406,2.6082503161360817,0.05449710023801085,2.498019526316324,2.7184811059558394,2.6082503161360817,0.05357792101801776,2.4994813538982332,2.71701927837393,0,0,0,8.332595605390804,0.2764
1918,2488340,2.0,2.6246109627508742,0.019467006056732863,2.5864563319928546,2.662765593508894,2.6027263285765483,0.07385873743879459,2.4533329309937195,2.752119726159377,2.6027263285765483,0.060509388390442745,2.4798857394715315,2.725566917681565,0,0,0,9.661558736942787,0.278
1919,2489340,2.0,2.702030359849414,0.018941767770526464,2.6649051772156604,2.7391555424831675,2.691146158070544,0.06510666234728207,2.5594555033067974,2.8228368128342907,2.691146158070544,0.06568618634560547,2.557796110393801,2.824496205747287,0,0,0,12.025609038315586,0.2769
1920,2490340,2.0,2.6257682433034586,0.0186931812449525,2.589130281306872,2.6624062053000452,2.61762745186955,0.05388047124727508,2.5086439119103847,2.726610991828715,2.61762745186955,0.05079870360549942,2.5145006009351865,2.7207543028039134,0,0,0,7.384801473696222,0.2731
1921,2491340,2.0,2.615241585164738,0.019129422903224978,2.5777486052293814,2.652734565100095,2.5768435883702443,0.09111932448710963,2.3925373580902844,2.761149818650204,2.5768435883702443,0.0815739851420466,2.4112395943944,2.7424475823460885,0,0,0,18.18442705412551,0.2798
1922,2492340,2.0,2.649893527974822,0.01872218687718822,2.613198715983705,2.6865883399659394,2.6364629388858014,0.056598380690241375,2.5219819081748662,2.7509439695967366,2.6364629388858014,0.05242196226196905,2.530040697683338,2.742885180088265,0,0,0,7.839951845053887,0.2749
1923,2493340,2.0,2.522748226086127,0.018936882360870023,2.4856326186793503,2.559863833492904,2.4953096553093643,0.05970437517301198,2.3745461577604448,2.616073152858284,2.4953096553093643,0.054095959257671695,2.3854890195340577,2.605130291084671,0,0,0,8.160423355019901,0.2788
1924,2494340,2.0,2.674749084984039,0.018907952618579856,2.637690178830233,2.7118079911378454,2.6659422709854987,0.0667591805824594,2.5309090825922635,2.800975459378734,2.6659422709854987,0.06817315943244967,2.527543399527808,2.8043411424431897,0,0,0,12.999834768731738,0.2808
1925,2495340,2.0,2.663294618604222,0.019123245673439287,2.6258137458167696,2.7007754913916746,2.6527298181821086,0.06285661629578014,2.5255903111363995,2.7798693252278177,2.6527298181821086,0.06209393551129752,2.526672427404358,2.778787208959859,0,0,0,10.543266004058731,0.2781
1926,2496340,2.0,2.636079767412329,0.018998945273573528,2.5988425189318773,2.6733170158927804,2.6318071689170175,0.06575810418734461,2.4987988486584443,2.7648154891755907,2.6318071689170175,0.06703514152109548,2.4957185966436577,2.7678957411903773,0,0,0,12.449332823369124,0.2766
1927,2497340,2.0,2.586297656283801,0.019075441080242284,2.5489104787773105,2.623684833790292,2.5815490036542323,0.06330686173098675,2.453498789254943,2.7095992180535218,2.5815490036542323,0.0628712507529115,2.4539135790417315,2.7091844282667332,0,0,0,10.863131146919777,0.2806
1928,2498340,2.0,2.4782983597291732,0.018715267797795233,2.4416171088844725,2.514979610573874,2.460201569023315,0.06797334747897224,2.3227124962730943,2.597690641773536,2.460201569023315,0.06324100848776866,2.331815496301749,2.5885876417448817,0,0,0,11.418406029501636,0.277
1929,2499340,2.0,2.6069768787981444,0.018849785997063533,2.5700319771276123,2.6439217804686765,2.5889016800276217,0.06275835740163278,2.461960920354917,2.7158424397003262,2.5889016800276217,0.06183505362025418,2.463369847429359,2.7144335126258845,0,0,0,10.761099213571956,0.2769
1930,2500340,2.0,2.582712114217325,0.019437678033694148,2.544614965328199,2.620809263106451,2.5715698682216424,0.0809954898154601,2.4077410264079813,2.7353987100353034,2.5715698682216424,0.08079411762418463,2.4075490894767944,2.7355906469664903,0,0,0,17.277094796133344,0.2765
1931,2501340,2.0,2.5764028420839145,0.01904610020080649,2.5390731716443926,2.6137325125234363,2.5866139515810747,0.06764560143134889,2.4497878077854596,2.7234400953766897,2.5866139515810747,0.06916782576633186,2.446195800113006,2.7270321030491433,0,0,0,13.188521716452623,0.2793
1932,2502340,2.0,2.515214004470085,0.018752522442504735,2.4784597358634968,2.5519682730766733,2.5032702666109956,0.05874362378842857,2.3844500721640856,2.6220904610579057,2.5032702666109956,0.05845520654895671,2.3845998883484474,2.621940644873544,0,0,0,9.716883840924147,0.2776
1933,2503340,2.0,2.575325516171544,0.01911900626141367,2.5378529524789775,2.6127980798641106,2.5622424521676233,0.05805676624020331,2.4448115582468675,2.679673346088379,2.5622424521676233,0.057874088481831704,2.444751806300395,2.6797330980348515,0,0,0,9.163000220273553,0.2794
1934,2504340,2.0,2.6536899385002974,0.01918562345239135,2.6160868075126635,2.6912930694879313,2.620929906888534,0.06705594778318982,2.4852964501730166,2.756563363604051,2.620929906888534,0.06131209649792677,2.496459733690443,2.745400080086625,0,0,0,10.212698249006486,0.278
1935,2505340,2.0,2.5565031968894028,0.019205354526444802,2.5188613937072475,2.594145000071558,2.533601240940972,0.07668078871549933,2.3784997058648742,2.68870277601707,2.533601240940972,0.06856710205045946,2.394402623451184,2.67279985843076,0,0,0,12.746382068946472,0.2787
1936,2506340,2.0,2.6259195548985197,0.01884553546223433,2.588982984123168,2.6628561256738714,2.617885412041632,0.06266086384188763,2.4911418517069865,2.744628972376278,2.617885412041632,0.06266840992491252,2.490661776202225,2.7451090478810394,0,0,0,11.058096811685676,0.2769
1937,2507340,2.0,2.622098896479521,0.01894822622232182,2.584961055512853,2.6592367374461894,2.6154604323155013,0.0687720367527505,2.4763558580232785,2.754565006607724,2.6154604323155013,0.06847028695556934,2.476458359917424,2.7544625047135787,0,0,0,13.05771464941567,0.2777
1938,2508340,2.0,2.6117882196582602,0.018960569065226945,2.5746261871640312,2.6489502521524892,2.580061195428838,0.0776351245797722,2.42302933386541,2.7370930569922662,2.580061195428838,0.06294928560681295,2.452267351640752,2.7078550392169243,0,0,0,11.022468748050288,0.2773
1939,2509340,2.0,2.6324457361307187,0.018944994937061976,2.595314228366784,2.6695772438946537,2.625676717168136,0.07273162121316389,2.478563127340716,2.7727903069955557,2.625676717168136,0.07418181846031412,2.475079619379825,2.776273814956447,0,0,0,15.332252518105193,0.2789
1940,2510340,2.0,2.6203695700901575,0.01921225396321885,2.5827142442604116,2.6580248959199033,2.6298147233808833,0.08513346413835628,2.4576160384769548,2.802013408284812,2.6298147233808833,0.08677938317446485,2.453643209589728,2.8059862371720388,0,0,0,20.40217554314256,0.2776
1941,2511340,2.0,2.611853967313566,0.019568729206051558,2.573499962846488,2.6502079717806444,2.582452842059894,0.08009445814366677,2.4204465088274345,2.744459175292353,2.582452842059894,0.07632783519292279,2.4274990986885556,2.737406585431232,0,0,0,15.213903010513077,0.2806
1942,2512340,2.0,2.630107132281468,0.019001212324317975,2.5928654404632065,2.66734882409973,2.620961825034037,0.06653338808247776,2.4863853450803273,2.7555383049877467,2.620961825034037,0.06652651586705781,2.4859058177334505,2.7560178323346234,0,0,0,12.258206593793899,0.275
1943,2513340,2.0,2.616992274314425,0.01894796238330231,2.579854950462733,2.6541295981661173,2.5947521749154068,0.07539937984157741,2.4422425339334453,2.7472618158973683,2.5947521749154068,0.07441645912811537,2.443678731247102,2.7458256185837113,0,0,0,15.424566795481994,0.2778
1944,2514340,2.0,2.629003444488353,0.019038735726127166,2.591688208153968,2.6663186808227386,2.626988008796042,0.07625030904000799,2.472757201050821,2.781218816541263,2.626988008796042,0.07690530739253051,2.470861934533936,2.783114083058148,0,0,0,16.31685347933809,0.2742
1945,2515340,2.0,2.555527544635896,0.01845123224771446,2.5193637939599918,2.5916912953118003,2.5253004181509358,0.06657434223258105,2.3906411006096744,2.659959735692197,2.5253004181509358,0.05263221665967611,2.4184513378287376,2.632149498473134,0,0,0,8.136779956827844,0.2777
1946,2516340,2.0,2.5985519059289843,0.01921818585308979,2.5608849538087313,2.6362188580492374,2.576376849027705,0.08112996166957502,2.412276012215725,2.7404776858396844,2.576376849027705,0.07603346157635679,2.422020715869225,2.7307329821861845,0,0,0,15.652537327506666,0.2905
1947,2517340,2.0,2.692982636382111,0.018813758951483184,2.656108346423386,2.7298569263408363,2.6653418068296606,0.06848931235166487,2.5268090966163865,2.8038745170429347,2.6653418068296606,0.056242922756115483,2.551162603434499,2.7795210102248222,0,0,0,8.936852952188556,0.2766
1948,2518340,2.0,2.62565893611042,0.0184755427707332,2.5894475376849533,2.6618703345358865,2.634779020134348,0.056276280297114796,2.52094949896393,2.748608541304766,2.634779020134348,0.05309047277532732,2.526999630438597,2.742558409830099,0,0,0,8.257313506791752,0.2751
1949,2519340,2.0,2.553577347852297,0.019147016496719335,2.516049885107333,2.591104810597261,2.545945654222495,0.07851957935605147,2.387124814013904,2.704766494431086,2.545945654222495,0.07434449430151001,2.395018306919237,2.696873001525753,0,0,0,15.076321857924516,0.2783
1950,2520340,2.0,2.6052174548287605,0.01856724673450857,2.5688263199370547,2.6416085897204664,2.60313831565204,0.04665950053794947,2.508760567580479,2.697516063723601,2.60313831565204,0.047533014799532765,2.5066411654538676,2.6996354658502124,0,0,0,6.553838022106723,0.2764
1951,2521340,2.0,2.60423793833971,0.018833498439226024,2.5673249596959353,2.6411509169834844,2.5903392781061108,0.06301394828597226,2.4628815370724086,2.717797019139813,2.5903392781061108,0.05323181911050809,2.4822729400946804,2.698405616117541,0,0,0,7.98878281808113,0.278
1952,2522340,2.0,2.6377916651271134,0.019064224984702574,2.6004264707639275,2.6751568594902992,2.6090246723902935,0.07261607463915341,2.4621447975689663,2.7559045472116206,2.6090246723902935,0.06524146505145086,2.4765774569386756,2.7414718878419113,0,0,0,11.71140771464035,0.2757
1953,2523340,2.0,2.5840220187832825,0.018863613640222376,2.5470500154301683,2.6209940221363968,2.5770733525521217,0.08399301726748676,2.4071814391786854,2.746965265925558,2.5770733525521217,0.082162302000782,2.4102750118570353,2.743871693247208,0,0,0,18.971226621166224,0.279
1954,2524340,2.0,2.525050269236879,0.01882152808214903,2.4881607520618574,2.5619397864119002,2.5119609516885752,0.060842741026820864,2.3888948918634765,2.635027011513674,2.5119609516885752,0.05926410477884322,2.391648422716387,2.6322734806607637,0,0,0,9.914565744180502,0.2765
1955,2525340,2.0,2.6017881711064446,0.01886595469660029,2.5648115793671438,2.6387647628457453,2.5885434872550754,0.056401666799267,2.4744603479452594,2.7026266265648915,2.5885434872550754,0.05552366321665873,2.4758244583534346,2.7012625161567163,0,0,0,8.661610458752511,0.2775
1956,2526340,2.0,2.5457149488818063,0.01886866135769249,2.5087330521842466,2.582696845579366,2.5513943730001722,0.06082747707317771,2.4283591874355115,2.674429558564833,2.5513943730001722,0.05338826011507777,2.443010442865061,2.6597783031352833,0,0,0,8.005885144400137,0.2768
1957,2527340,2.0,2.515070623408174,0.01882255461058724,2.4781790942743847,2.5519621525419636,2.5153845031070956,0.06116233149594192,2.3916720105419755,2.6390969956722157,2.5153845031070956,0.05983803912727371,2.393906825463863,2.6368621807503283,0,0,0,10.106425411228646,0.2792
1958,2528340,2.0,2.5348721868220667,0.01894355910675185,2.4977434932338274,2.572000880410306,2.5507128445890985,0.06255340177498007,2.424186646801435,2.6772390423767622,2.5507128445890985,0.056957267738019485,2.4350834437826676,2.6663422453955294,0,0,0,9.040139682481358,0.2771
1959,2529340,2.0,2.50322116410374,0.018784144832505702,2.4664049167516446,2.540037411455835,2.494798797547789,0.07400057532558664,2.3451185057592285,2.6444790893363495,2.494798797547789,0.0730225597723574,2.3465551200127917,2.6430424750827863,0,0,0,15.112323770487516,0.2799
1960,2530340,2.0,2.58684077870772,0.018345320986616537,2.550884610289125,2.6227969471263153,2.5882967430435055,0.06372904989318702,2.4593925724819865,2.7172009136050246,2.5882967430435055,0.06514779139111428,2.456039695232405,2.720553790854606,0,0,0,12.610977886939965,0.2769
1961,2531340,2.0,2.5962372457169174,0.018654580903657958,2.559674938999059,2.6327995524347756,2.5776705244615914,0.06154786534036642,2.453178216089987,2.7021628328331957,2.5776705244615914,0.05866405771142141,2.458576155798299,2.6967648931248838,0,0,0,9.889474280281922,0.28
1962,2532340,2.0,2.57221002464701,0.018969993736982025,2.535029520135575,2.609390529158445,2.552404062155788,0.07147148824976873,2.407839331831467,2.6969687924801096,2.552404062155788,0.07234397645632769,2.405537981990641,2.6992701423209353,0,0,0,14.543548313626475,0.2783
1963,2533340,2.0,2.5538644022001544,0.01887409849314338,2.5168718489129316,2.5908569554873773,2.548396065800386,0.07250284356545102,2.4017452224437026,2.6950469091570692,2.548396065800386,0.07428723092648912,2.397584969328756,2.6992071622720157,0,0,0,15.491586857473754,0.278
1964,2534340,2.0,2.650759770904975,0.018885853478705014,2.6137441782694126,2.687775363540537,2.641174710856738,0.06489680402093029,2.509908534624197,2.7724408870892785,2.641174710856738,0.06253411396585035,2.5142237103085545,2.768125711404921,0,0,0,10.963791542435601,0.2755
1965,2535340,2.0,2.504063091158899,0.019061994838746887,2.466702267801467,2.541423914516331,2.4926283579688544,0.08272729679741683,2.3252966058975333,2.6599601100401755,2.4926283579688544,0.08156378650671495,2.327045068323454,2.6582116476142548,0,0,0,18.308723381872376,0.2776
1966,2536340,2.0,2.5645153856679457,0.01965664258968669,2.525989074135184,2.6030416972007075,2.5482223392256316,0.07405016087258723,2.398441751201388,2.6980029272498753,2.5482223392256316,0.07465069696106477,2.39667336747556,2.699771310975703,0,0,0,14.422782403496262,0.2787
1967,2537340,2.0,2.685681292100946,0.018636157707717104,2.649155094183612,2.7222074900182798,2.6648370965050647,0.06353278969174248,2.536329899670972,2.7933442933391572,2.6648370965050647,0.059203864178278415,2.544646862453685,2.7850273305564444,0,0,0,10.092234968774692,0.276
1968,2538340,2.0,2.6217762985171134,0.018897641750388276,2.584737601293612,2.658814995740615,2.629566918402474,0.06252260128453517,2.503103020487166,2.7560308163177822,2.629566918402474,0.061713840394564554,2.5042811617346925,2.7548526750702558,0,0,0,10.6647314203623,0.2778
1969,2539340,2.0,2.558627056757497,0.01904878752442055,2.521292119260477,2.595961994254517,2.553725708772008,0.06659132627598138,2.4190320377603753,2.688419379783641,2.553725708772008,0.06487271768668318,2.4220270902691263,2.68542432727489,0,0,0,11.598171035534767,0.2796
1970,2540340,2.0,2.562469267830425,0.019280624767735358,2.524679937686233,2.600258597974617,2.552558279857865,0.07476776875616462,2.4013261928833627,2.7037903668323677,2.552558279857865,0.07171056900467321,2.4069780851821347,2.6981384745335957,0,0,0,13.833247006911195,0.2786
1971,2541340,2.0,2.590631165853602,0.019006003411171174,2.553380083677661,2.627882248029543,2.5730961303362396,0.06538111309985631,2.440850346527264,2.7053419141452153,2.5730961303362396,0.0636104001831204,2.44396015260531,2.7022321080671694,0,0,0,11.201460450911156,0.2797
1972,2542340,2.0,2.6093403241931665,0.018501003249520205,2.5730790241462485,2.6456016242400846,2.60025915418077,0.06130385113932904,2.4762604111179636,2.724257897243576,2.60025915418077,0.06305739238364062,2.4722458419679483,2.7282724663935913,0,0,0,11.616664745767212,0.2881
1973,2543340,2.0,2.5679570167306633,0.01872847448645452,2.5312498812518354,2.6046641522094913,2.5310110568800073,0.07567350733118722,2.37794694071388,2.6840751730461347,2.5310110568800073,0.06969803564201267,2.3895165221396826,2.672505591620332,0,0,0,13.849569340173845,0.2789
1974,2544340,2.0,2.6747311755974104,0.01876885558669658,2.6379448946164517,2.711517456578369,2.6823145599175904,0.06248166436199318,2.555933464743802,2.8086956550913786,2.6823145599175904,0.06289933625020004,2.554622118714375,2.810007001120806,0,0,0,11.23095118570386,0.2762
1975,2545340,2.0,2.570015461204099,0.019189514591655875,2.532404703723648,2.6076262186845502,2.563568998374217,0.08024256868785153,2.4012630832888737,2.7258749134595606,2.563568998374217,0.06908048838471303,2.4233281512170057,2.7038098455314286,0,0,0,12.959338092501351,0.2809
1976,2546340,2.0,2.4616008891908536,0.019067208598431355,2.424229847052216,2.4989719313294914,2.463937373387924,0.06328946173015476,2.335922353812326,2.591952392963522,2.463937373387924,0.06137660547933393,2.339336239995235,2.5885385067806133,0,0,0,10.36171148015012,0.2803
1977,2547340,2.0,2.5467728581944753,0.018903741683064367,2.5097222053226207,2.58382351106633,2.5389808214246097,0.07124689660855485,2.394870370573688,2.6830912722755316,2.5389808214246097,0.07324566255964751,2.39028422115232,2.6876774216968995,0,0,0,15.013027341868407,0.2791
1978,2548340,2.0,2.5282471042907613,0.019431191223205992,2.490162669316567,2.5663315392649557,2.5136844888310965,0.06761617082140706,2.3769178740629817,2.6504511035992113,2.5136844888310965,0.06837995384523823,2.374865802396486,2.652503175265707,0,0,0,12.383937605885695,0.2801
1979,2549340,2.0,2.6183085276904405,0.019039481857223855,2.580991828965978,2.655625226414903,2.618887262809946,0.06975096673320065,2.477802615734915,2.7599719098849773,2.618887262809946,0.07131712619217266,2.4741057995071865,2.763668726112706,0,0,0,14.030637957390766,0.2766
1980,2550340,2.0,2.7212236596808808,0.019153380840115804,2.6836837230520745,2.758763596309687,2.710049769871788,0.06662092047697842,2.5752962389385123,2.8448033008050633,2.710049769871788,0.05521170925465793,2.597964041181654,2.822135498561922,0,0,0,8.309435027502607,0.2761
1981,2551340,2.0,2.599679594172783,0.01897229717502919,2.5624945750057346,2.6368646133398315,2.5820366080046906,0.07536326896742013,2.4296000081600018,2.7344732078493794,2.5820366080046906,0.0704621346107969,2.438990869889869,2.725082346119512,0,0,0,13.793413451272775,0.2779
1982,2552340,2.0,2.639020195068835,0.019117526011032435,2.6015505326137034,2.676489857523966,2.6339352473512316,0.07586598372129069,2.48048181093852,2.787388683763943,2.6339352473512316,0.07521845853963638,2.4812336583191463,2.786636836383317,0,0,0,15.480517645477166,0.277
1983,2553340,2.0,2.5660724188485426,0.01902643154709276,2.528781298261924,2.6033635394351613,2.5773136573110724,0.07241437633401523,2.430841755820135,2.72378555880201,2.5773136573110724,0.0738524727842458,2.4273851667908826,2.7272421478312623,0,0,0,15.066604794453891,0.279
1984,2554340,2.0,2.5091127871201384,0.01860885579905407,2.472640099960493,2.545585474279784,2.5182745271683094,0.05583275804681324,2.4053421144264107,2.631206939910208,2.5182745271683094,0.05127295381773798,2.4141848971181057,2.622364157218513,0,0,0,7.591670223249179,0.2779
1985,2555340,2.0,2.4327441992791625,0.01883371249075866,2.3958308011020932,2.469657597456232,2.4357962085640477,0.07222548937853455,2.289706367002874,2.581886050125221,2.4357962085640477,0.06799863892174421,2.2977516325787826,2.5738407845493128,0,0,0,13.035526204686395,0.2808
1986,2556340,2.0,2.591891885628285,0.019368850134012773,2.553929636943666,2.629854134312904,2.6069320592269616,0.08198830618250624,2.4410950567624123,2.772769061691511,2.6069320592269616,0.07581918147454349,2.4530109378020395,2.7608531806518837,0,0,0,15.323236533050592,0.2792
1987,2557340,2.0,2.6477217173372543,0.019395906372440822,2.6097064393997593,2.685736995274749,2.624164493178398,0.06566801870912077,2.4913383879986553,2.756990598358141,2.624164493178398,0.06440079486165626,2.4934239289441256,2.7549050574126706,0,0,0,11.024586192476011,0.2776
1988,2558340,2.0,2.5709226799908773,0.018838537427771987,2.5339998251110343,2.6078455348707203,2.543132193942805,0.07119041381362873,2.3991359903283183,2.6871283975572915,2.543132193942805,0.06360541250687476,2.414006341732965,2.6722580461526446,0,0,0,11.399709450118404,0.2778
1989,2559340,2.0,2.5662688570606145,0.018787376224287552,2.5294462762970067,2.6030914378242223,2.5554115816523906,0.06510834012931531,2.4237175332541594,2.6871056300506218,2.5554115816523906,0.062467799019505686,2.428595207602543,2.682227955702238,0,0,0,11.055544677084958,0.2786
1990,2560340,2.0,2.533317277602002,0.01860434546268104,2.4968534305392063,2.569781124664798,2.522136349349453,0.06286468711195589,2.394980517537148,2.649292181161758,2.522136349349453,0.06176871967133315,2.3967391818268067,2.6475335168720995,0,0,0,11.023218305837224,0.2774
1991,2561340,2.0,2.5581249421326535,0.018831377408295047,2.521216120633114,2.595033763632193,2.564195378098837,0.05377000899460654,2.4554352691351515,2.6729554870625223,2.564195378098837,0.05411580552018059,2.4543344522686645,2.6740563039290093,0,0,0,8.258174965425164,0.2795
1992,2562340,2.0,2.5435043912467536,0.019037529432482752,2.5061915192044664,2.580817263289041,2.5414219516779113,0.0756830646411975,2.388338504027606,2.6945053993282166,2.5414219516779113,0.07752747461206641,2.3840328108107283,2.6988110925450943,0,0,0,16.584030940632573,0.2763
1993,2563340,2.0,2.5553412024789246,0.01917306736750052,2.5177626809654634,2.592919723992386,2.5419256413856286,0.07288156044618256,2.394508770833025,2.689342511938232,2.5419256413856286,0.07372302225780827,2.3922599494054757,2.6915913333657815,0,0,0,14.785059103372195,0.2806
1994,2564340,2.0,2.513518657721599,0.01945334402773999,2.475390804048361,2.5516465113948366,2.5202864046456352,0.08123786028698765,2.3559673222799304,2.68460548701134,2.5202864046456352,0.07837028124100257,2.3611862753590667,2.679386533932204,0,0,0,16.229841407476474,0.2786
1995,2565340,2.0,2.5302871024470246,0.018964609169000078,2.493117151494906,2.567457053399143,2.5218978312566973,0.0513211939063869,2.4180909183368025,2.625704744176592,2.5218978312566973,0.0478870322744787,2.424681987375898,2.6191136751374966,0,0,0,6.375996240046496,0.2778
1996,2566340,2.0,2.481097440611277,0.018859062056975878,2.4441343581973984,2.5180605230251554,2.4674038240568263,0.057922910807516735,2.350243678304363,2.5845639698092895,2.4674038240568263,0.05690113233521392,2.3518883841766867,2.582919263936966,0,0,0,9.103358346918423,0.2764
1997,2567340,2.0,2.552892325117676,0.01889624149028028,2.515856372353555,2.5899282778817967,2.5260026198890015,0.06785815599792366,2.388746543901563,2.66325869587644,2.5260026198890015,0.06355767833919268,2.3969736731914213,2.655031566586582,0,0,0,11.313192800365265,0.279
1998,2568340,2.0,2.580942096655293,0.01903411593160458,2.5436359149517878,2.618248278358798,2.565753712867438,0.07335353887498336,2.4173821758324454,2.7141252499024304,2.565753712867438,0.07388980778061717,2.415749428275113,2.7157579974597628,0,0,0,15.069666916173432,0.2772
1999,2569340,2.0,2.5489416928749287,0.01878414144561872,2.5121254521610097,2.5857579335888476,2.546790674982664,0.07887886167570728,2.3872431176883753,2.706338232276953,2.546790674982664,0.08065235685911759,2.3830576858908934,2.710523664074435,0,0,0,18.435351664686202,0.2774
