rep,seed,true_att,att_naive,se_naive,ci_lo_naive,ci_hi_naive,att_cluster_psu,se_cluster_psu,ci_lo_cluster_psu,ci_hi_cluster_psu,att_survey,se_survey,ci_lo_survey,ci_hi_survey,covers_naive,covers_cluster_psu,covers_survey,deff_ratio,elapsed_s
0,463177,2.0,2.054549599157414,0.029074626117998423,1.9975643791021696,2.1115348192126584,2.0326216053574124,0.06931422453262087,1.892420352765891,2.172822857948934,2.0326216053574124,0.06518289304721644,1.9002932973959643,2.1649499133188606,1,1,1,5.026190984319351,0.353
1,464177,2.0,1.9290147978032857,0.03267291613997869,1.86497705889903,1.9930525367075413,1.9211745642469467,0.06339939329733811,1.7929371870885813,2.049411941405312,1.9211745642469467,0.06434051217957615,1.7905563803635014,2.051792748130392,0,1,1,3.87786987024802,0.3353
2,465177,2.0,1.9625008197289822,0.028791989147861775,1.906069557955905,2.0189320815020593,1.9737296434533205,0.049825489612156736,1.8729480780284251,2.074511208878216,1.9737296434533205,0.0456306904789167,1.8810944169405344,2.066364869966107,1,1,1,2.511717208861834,0.3298
3,466177,2.0,1.827629234901813,0.02943047804711234,1.7699465578816762,1.88531191192195,1.8469419394140572,0.0501371017970921,1.7455300788521202,1.9483537999759941,1.8469419394140572,0.04576704412257573,1.754029900288233,1.9398539785398814,0,0,0,2.418305121179466,0.3038
4,467177,2.0,1.9653997208884613,0.030892172981813265,1.904852174439926,2.0259472673369965,1.9783110468549319,0.06060889924173931,1.855717976685243,2.100904117024621,1.9783110468549319,0.06054074968065365,1.8554067909460175,2.1012153027638463,1,1,1,3.8405964227936042,0.3101
5,468177,2.0,2.0254888294931637,0.03299627227316813,1.9608173242136766,2.090160334772651,2.0294690899362213,0.06942209849597644,1.889049641658512,2.1698885382139306,2.0294690899362213,0.06474518199726001,1.8980293826475725,2.16090879722487,1,1,1,3.8502165353701425,0.3895
6,469177,2.0,2.1608345497871073,0.03164413852012553,2.0988131779658645,2.22285592160835,2.14602501957057,0.06313009490393758,2.0183323498273165,2.2737176893138233,2.14602501957057,0.06047419718711648,2.02325587240643,2.26879416673471,0,0,0,3.652192577366801,0.3434
7,470177,2.0,1.9073842618932528,0.03835917413888308,1.8322016621043418,1.982566861682164,1.9209561229569956,0.06052726286817809,1.7985281779388536,2.0433840679751376,1.9209561229569956,0.055478532596633975,1.8083287140848738,2.0335835318291173,0,1,1,2.0917579788334044,0.303
8,471177,2.0,2.150940704803303,0.029944815310591087,2.092249945270841,2.2096314643357653,2.153552725557429,0.07136186276320579,2.0092097337093833,2.297895717405475,2.153552725557429,0.072997245661095,2.0053604384004022,2.301745012714456,0,0,0,5.942506555342512,0.3711
9,472177,2.0,2.063835921170175,0.028673252304674175,2.0076373793333833,2.1200344630069665,2.0510833058682247,0.0520690121124654,1.945763787853057,2.1564028238833925,2.0510833058682247,0.0507181211363634,1.948120046043332,2.1540465656931174,0,1,1,3.128761081801484,0.3743
10,473177,2.0,1.9941172938890128,0.03582281461487666,1.9239058674189995,2.0643287203590264,2.0039876673878476,0.07661092208884088,1.8490274509031055,2.1589478838725897,2.0039876673878476,0.07816451210936518,1.8453052716468055,2.16267006312889,1,1,1,4.7610180911105875,0.3049
11,474177,2.0,2.1056525926432137,0.035093179997344334,2.0368712237454374,2.17443396154099,2.0891806083722715,0.06328292953268895,1.9611788014131755,2.2171824153313677,2.0891806083722715,0.061871508149265224,1.9635747691456424,2.2147864475989003,0,1,1,3.108393246361103,0.4182
12,475177,2.0,2.0994763632452877,0.03361000020764509,2.0336019733179196,2.165350753172656,2.085030426249541,0.07836453670128947,1.9265231894109556,2.243537663088127,2.085030426249541,0.07566008298201819,1.9314322919356672,2.238628560563415,0,1,1,5.067533125265954,0.2919
13,476177,2.0,1.975386218728243,0.0305508905029176,1.9155075736468976,2.035264863809588,1.9860244934714497,0.061615027617767375,1.8613963365711774,2.110652650371722,1.9860244934714497,0.05944910764443666,1.865336388715071,2.1067125982278285,1,1,1,3.786543346795429,0.2799
14,477177,2.0,2.061283095320427,0.02861182906785249,2.00520494081562,2.117361249825234,2.0802277583259374,0.07123022761697613,1.936151023692928,2.2243044929589466,2.0802277583259374,0.0692832952723479,1.9395751912982344,2.22088032535364,0,1,1,5.8636201341642336,0.4557
15,478177,2.0,1.9524442514946487,0.03352087532441237,1.886744543128543,2.0181439598607542,1.945034951218363,0.05912177567698956,1.8254498723800658,2.06462003005666,1.945034951218363,0.0609699985914462,1.8212592736924558,2.06881062874427,1,1,1,3.3082754981842792,0.2891
16,479177,2.0,2.044284738670302,0.03962861449885505,1.9666140814953244,2.12195539584528,2.0423254119399936,0.07668110228073909,1.8872232426183326,2.1974275812616546,2.0423254119399936,0.07734385565563598,1.885309037372037,2.1993417865079503,1,1,1,3.80920073069477,0.351
17,480177,2.0,1.9391327538380245,0.029386094714530592,1.8815370665512616,1.9967284411247874,1.9381490381893438,0.057322959644066036,1.8222024082076578,2.05409566817103,1.9381490381893438,0.05536074534838296,1.8257607501437434,2.0505373262349442,0,1,1,3.5491153052172,0.3022
18,481177,2.0,1.9854869033966116,0.031273376460513896,1.9241922118590415,2.0467815949341817,1.9762400956887503,0.062259511366848375,1.8503083473611006,2.1021718440164,1.9762400956887503,0.06258783687295699,1.849180031840921,2.1033001595365795,1,1,1,4.005256540817269,0.3531
19,482177,2.0,1.9874304859728542,0.03254619930362808,1.9236411075040807,2.0512198644416277,1.992777306957612,0.07032177487994964,1.8505380914270688,2.135016522488155,1.992777306957612,0.0689465650062822,1.852808338712731,2.1327462752024933,1,1,1,4.487709216627803,0.4018
20,483177,2.0,2.044524751328189,0.030853006388279522,1.984053969992377,2.104995532664001,2.0368294071930575,0.05494520981053177,1.92569223020978,2.1479665841763347,2.0368294071930575,0.05388617605615127,1.927434653958371,2.146224160427744,1,1,1,3.0504207971860455,0.3561
21,484177,2.0,2.022373465567507,0.0383367258838539,1.947234863549969,2.097512067585045,2.017658213331353,0.07267798147660512,1.870653120112024,2.164663306550682,2.017658213331353,0.07280146330586904,1.869863385485882,2.165453041176824,1,1,1,3.606203065840013,0.1889
22,485177,2.0,1.9640648302920103,0.030775524884272792,1.9037459099135194,2.024383750670501,1.9647917877829169,0.06737458470739867,1.828513827054014,2.1010697485118195,1.9647917877829169,0.06909887900949949,1.8245136056725209,2.105069969893313,1,1,1,5.041166788255013,0.3687
23,486177,2.0,1.9824121552803808,0.030109139088077847,1.9233993270622411,2.0414249834985205,1.9775137597017718,0.052254680206155174,1.8718186925193572,2.0832088268841864,1.9775137597017718,0.05294457095609348,1.8700305664459935,2.08499695295755,1,1,1,3.092047741161527,0.3621
24,487177,2.0,2.048571359620997,0.03047737272695283,1.988836806732766,2.108305912509228,2.0314647613771997,0.07013255539168814,1.889608278387457,2.1733212443669423,2.0314647613771997,0.06685071875351531,1.8957505872264544,2.1671789355279447,1,1,1,4.811240973494169,0.3504
25,488177,2.0,2.049451139004471,0.03409110863803538,1.9826337938808793,2.116268484128063,2.07346255941207,0.07520320859812431,1.9213497122230137,2.2255754066011266,2.07346255941207,0.07475349102600964,1.921704904615777,2.2252202142083632,1,1,1,4.808179906375175,0.2339
26,489177,2.0,1.9690139828056492,0.027633815193438892,1.9148527002710731,2.023175265340225,1.9666343488473115,0.05881369306328461,1.8476724259143766,2.085596271780246,1.9666343488473115,0.060313407850104146,1.8441916213910186,2.0890770763036044,1,1,1,4.763717929202244,0.3641
27,490177,2.0,2.056838711624338,0.030091194116999596,1.9978610549032152,2.115816368345461,2.0573435585111364,0.06254266972727897,1.9308390683389112,2.1838480486833616,2.0573435585111364,0.0642301324200777,1.9269494574525672,2.1877376595697053,1,1,1,4.556158145420724,0.1806
28,491177,2.0,1.9554689067339255,0.0417179626349469,1.8737032024610418,2.037234611006809,1.9644665246372088,0.08758834524018763,1.7873023740188363,2.1416306752555814,1.9644665246372088,0.08912097166103873,1.78354133349476,2.145391715779658,1,1,1,4.563663812371316,0.3238
29,492177,2.0,1.9946483084689983,0.03142673275603534,1.933053044115404,2.0562435728225927,1.9903362837324294,0.07993337656474145,1.8286557687470477,2.152016798717811,1.9903362837324294,0.07953978141486008,1.8288619428708228,2.1518106245940363,1,1,1,6.405754958502456,0.2982
30,493177,2.0,1.9715334273764828,0.02732420594075936,1.9179789678264392,2.0250878869265265,1.9816911967460298,0.05860528112094981,1.863150826756483,2.1002315667355766,1.9816911967460298,0.058972479564604295,1.8619706984333453,2.1014116950587143,1,1,1,4.658044972867278,0.3358
31,494177,2.0,1.946022102768588,0.0327668692767837,1.8818002190999599,2.010243986437216,1.9306432105471316,0.0827868208658326,1.7631910596831022,2.0980953614111613,1.9306432105471316,0.08233864728019874,1.7634868699021917,2.0977995511920717,1,1,1,6.314479513298174,0.285
32,495177,2.0,1.9551788346621384,0.03202004749366077,1.8924206947913012,2.0179369745329754,1.9704336816662842,0.08743067108797604,1.7935884571239145,2.147278906208654,1.9704336816662842,0.07501609909441345,1.8181429041483022,2.1227244591842664,1,1,1,5.4886433307947025,0.2913
33,496177,2.0,1.9114789969258177,0.03659531286365546,1.8397535017100777,1.9832044921415577,1.9174595003327826,0.07854238805729129,1.7585925251712957,2.076326475494269,1.9174595003327826,0.07631695241560024,1.7625278501739683,2.0723911504915966,0,1,1,4.349017043778931,0.286
34,497177,2.0,1.8218894551524019,0.030574998542897056,1.761963559180959,1.8818153511238447,1.8285273266674051,0.0618070924097446,1.7035106820563417,1.9535439712784686,1.8285273266674051,0.053091735633488506,1.720745373233289,1.9363092801015214,0,0,0,3.0152335469744576,0.3124
35,498177,2.0,2.1284415019370195,0.044149617688573124,2.041909841336204,2.2149731625378353,2.122528503150087,0.07766552785695946,1.965435145153953,2.2796218611462207,2.122528503150087,0.07647836456984947,1.9672691688972155,2.2777878374029585,0,1,1,3.000704919491714,0.3032
36,499177,2.0,2.0453177561205322,0.027667006139890194,1.9910914205262988,2.0995440917147654,2.059018487204074,0.05681050273407887,1.944108399161129,2.173928575247019,2.059018487204074,0.055601428133884565,1.9461415871274332,2.1718953872807147,1,1,1,4.038755480909635,0.282
37,500177,2.0,2.0949987990985366,0.034786816100532005,2.026817892404676,2.1631797057923974,2.107389324263464,0.07721432577718716,1.9512086086171871,2.263570039909741,2.107389324263464,0.07574816219918315,1.9536123796325093,2.2611662688944185,0,1,1,4.741489992731234,0.3263
38,501177,2.0,2.101455149931357,0.04089551361538959,2.021301416115926,2.1816088837467884,2.1241458605557293,0.0814929455959818,1.9593108194516873,2.2889809016597713,2.1241458605557293,0.08181924658507639,1.958043959379896,2.2902477617315626,0,1,1,4.002760617964248,0.2808
39,502177,2.0,2.0247833406954943,0.029943262761041964,1.9660956241042327,2.083471057286756,2.0249232048960586,0.07431995192804025,1.874596912953643,2.1752494968384744,2.0249232048960586,0.075633048286374,1.8713799539321498,2.1784664558599673,1,1,1,6.380062982686732,0.2704
40,503177,2.0,2.0110814830285073,0.031475695205676585,1.9493902540370212,2.0727727120199937,1.985470389915883,0.06871893721870596,1.8464732195690303,2.124467560262736,1.985470389915883,0.0656232958844678,1.852248016662907,2.118692763168859,1,1,1,4.346757529874624,0.2963
41,504177,2.0,2.0156000117587705,0.032522895410286294,1.9518563080816462,2.0793437154358947,2.008862050864895,0.07485224663095237,1.8574590912601154,2.160265010469675,2.008862050864895,0.07650989689184241,1.8535387025951495,2.1641853991346407,1,1,1,5.5342252101002725,0.2866
42,505177,2.0,2.0268740884916996,0.032002629945512395,1.9641500863879322,2.0895980905954668,2.005152602193394,0.053947893711143585,1.8960326874287556,2.1142725169580325,2.005152602193394,0.04901449849142219,1.9056478802067434,2.1046573241800446,1,1,1,2.3457287317002447,0.3412
43,506177,2.0,1.8497889618406043,0.03531692736263611,1.7805690561652203,1.9190088675159882,1.8799716870762992,0.07290817942847133,1.7325009745499194,2.027442399602679,1.8799716870762992,0.06581673478169911,1.7463566119844218,2.0135867621681767,0,1,1,3.4730164579961595,0.3155
44,507177,2.0,1.8784237873715979,0.02861896110868209,1.8223316543236285,1.9345159204195672,1.8743003315648197,0.056792048121466,1.7594275714992396,1.9891730916303998,1.8743003315648197,0.054961247624701705,1.7627230670153824,1.985877596114257,0,0,0,3.688123339269676,0.3116
45,508177,2.0,2.021491586205499,0.03257313009081633,1.957649424363761,2.085333748047237,2.0188046767172256,0.08031903819206665,1.8563440874600468,2.1812652659744045,2.0188046767172256,0.08126725875478444,1.8538233704119658,2.1837859830224855,1,1,1,6.224611257850701,0.2327
46,509177,2.0,2.0012454449362784,0.03502775698366287,1.932592302789078,2.069898587083479,2.0039056406349434,0.07093617314582952,1.8604236873107185,2.1473875939591682,2.0039056406349434,0.07243065095943936,1.8568636018738522,2.1509476793960345,1,1,1,4.275826955078396,0.3757
47,510177,2.0,1.935019854123645,0.033652250241747575,1.8690626556510903,2.0009770525961996,1.924764200502299,0.06140875271668487,1.8005532739714776,2.04897512703312,1.924764200502299,0.06251731974397046,1.7978472940371029,2.051681106967495,1,1,1,3.451218706288801,0.2807
48,511177,2.0,2.0949230757751742,0.03297512532311178,2.0302930177561804,2.159553133794168,2.0943226849838426,0.08719605228776535,1.917952021758329,2.270693348209356,2.0943226849838426,0.08769218850667697,1.916298077850814,2.272347292116871,0,1,1,7.072108386000016,0.3026
49,512177,2.0,2.097782506868834,0.03296210308802126,2.033177971961616,2.1623870417760522,2.09289917403683,0.07284815668896714,1.945549868960641,2.240248479113019,2.09289917403683,0.07054074477472398,1.9496938488049789,2.236104499268681,0,1,1,4.5798394609097235,0.2204
50,513177,2.0,1.987464412148389,0.041877174334756115,1.905386658677962,2.069542165618816,1.9941604374735888,0.06798258835189258,1.8566526732936188,2.1316682016535586,1.9941604374735888,0.06804581869568713,1.856020081455189,2.1323007934919884,1,1,1,2.6402688228777396,0.3726
51,514177,2.0,2.005902388316512,0.031792499097711535,1.9435902351064753,2.0682145415265487,1.9942077665044413,0.06954789577536923,1.853533869211939,2.1348816637969437,1.9942077665044413,0.06877058982207931,1.8545960468761857,2.1338194861326967,1,1,1,4.6790335911846865,0.2859
52,515177,2.0,1.9912332808017754,0.037731201092510686,1.9172814855670162,2.065185076036535,1.9865585498252105,0.08132324525314026,1.8220667600637612,2.15105033958666,1.9865585498252105,0.08205925633255723,1.819969402958159,2.1531476966922622,1,1,1,4.7299210652992185,0.3633
53,516177,2.0,2.1023012556896727,0.03363725405260514,2.0363734492077428,2.1682290621716027,2.0727396934902433,0.08242455298307126,1.9060202985832961,2.2394590883971905,2.0727396934902433,0.0741834063879218,1.9221393720375062,2.2233400149429805,0,1,1,4.863763760498255,0.2603
54,517177,2.0,1.9804528872423317,0.038292362050398175,1.905401236740583,2.0555045377440804,1.9730753996867756,0.08105928225456781,1.8091175254857643,2.137033273887787,1.9730753996867756,0.0836519737068369,1.8032528646507369,2.1428979347228143,1,1,1,4.772303679041531,0.3673
55,518177,2.0,1.992402835650906,0.031048837961799615,1.9315482314839587,2.053257439817853,2.008148287063027,0.08522189475836936,1.835770734346945,2.180525839779109,2.008148287063027,0.08690877139247791,1.831714101224661,2.184582472901393,1,1,1,7.834955230271701,0.3836
56,519177,2.0,1.9809333136473342,0.032875326725252826,1.9164988572858515,2.045367770008817,1.9704378666262494,0.049232367785502516,1.8708560033346031,2.0700197299178957,1.9704378666262494,0.04903345468044048,1.8708946615299833,2.0699810717225153,1,1,1,2.2245636181973483,0.4104
57,520177,2.0,2.021471501376717,0.03549539434727443,1.9519018068390126,2.0910411959144217,2.0150963833450932,0.08430552132292343,1.8445723708562505,2.185620395833936,2.0150963833450932,0.0865142470570966,1.8394631244878725,2.1907296422023137,1,1,1,5.9406128992209455,0.2231
58,521177,2.0,1.8607740020205665,0.034627428019004085,1.7929054902260653,1.9286425138150678,1.8724179795196338,0.07081755912313052,1.7291759457021114,2.0156600133371563,1.8724179795196338,0.07055439350139366,1.72918494589956,2.0156510131397076,0,1,1,4.151524980982141,0.4014
59,522177,2.0,1.8907822495949795,0.03658520542014356,1.8190765646044986,1.9624879345854604,1.8985553361800092,0.08851475138264428,1.7195173522690232,2.077593320090995,1.8985553361800092,0.09054391286350642,1.7147414208209966,2.0823692515390215,0,1,1,6.125020146681803,0.2177
60,523177,2.0,2.004595606103634,0.03384175015397833,1.9382669946280338,2.0709242175792344,1.9735741598921703,0.06644709599946852,1.8391722221512343,2.1079760976331063,1.9735741598921703,0.06042243581635973,1.850910093897181,2.0962382258871597,1,1,1,3.187798253926587,0.3721
61,524177,2.0,2.002810219638646,0.03533531294867778,1.9335542788767859,2.0720661604005066,1.9954595545196732,0.06664417380352979,1.8606589892939218,2.1302601197454245,1.9954595545196732,0.06507110407940422,1.8633581902280714,2.127560918811275,1,1,1,3.391239539419193,0.2776
62,525177,2.0,1.9557492910939702,0.031470838405041814,1.8940675812568084,2.0174310009311323,1.967758016107416,0.08250450879605789,1.8008768953035366,2.134639136911295,1.967758016107416,0.07941885938292514,1.8065291600215405,2.128986872193291,1,1,1,6.368404856748554,0.3327
63,526177,2.0,1.969790454112664,0.0326497735242089,1.9057980739018252,2.0337828343235027,1.9695264329238038,0.09644950540161432,1.7744388941059221,2.1646139717416855,1.9695264329238038,0.0967741848234245,1.7730643930638057,2.165988472783802,1,1,1,8.785342497994584,0.2437
64,527177,2.0,1.9779776008460748,0.03220634530798139,1.9148543239687708,2.041100877723379,1.9895627105757543,0.07120387361559549,1.8455392819420442,2.133586139209464,1.9895627105757543,0.07219879640028476,1.842991361593404,2.136134059558105,1,1,1,5.025473940553558,0.3303
65,528177,2.0,1.9522631967317752,0.032566738253438456,1.8884335626610929,2.0160928308024575,1.946421776197921,0.05961423623580859,1.8258406018588245,2.0670029505370175,1.946421776197921,0.06046397358299386,1.823673384053566,2.0691701683422763,1,1,1,3.4470282475630953,0.3398
66,529177,2.0,1.9497679092567637,0.03628849106861558,1.8786437737089736,2.0208920448045538,1.9468982932299554,0.0623969302124854,1.8206885890509938,2.073107997408917,1.9468982932299554,0.06144490834988641,1.8221584976382355,2.0716380888216754,1,1,1,2.867041515359817,0.2758
67,530177,2.0,2.146949055014542,0.03264130853950213,2.082973265868858,2.210924844160226,2.1206951002760133,0.08179510499488744,1.955248884099401,2.2861413164526256,2.1206951002760133,0.08043897319548048,1.9573953030515516,2.283994897500475,0,1,1,6.072924964477745,0.2968
68,531177,2.0,2.024621900268612,0.034027809990052824,1.9579286182153361,2.0913151823218876,2.016358920649675,0.065341623938226,1.8841930112093688,2.1485248300899813,2.016358920649675,0.06694485837258149,1.880453632911901,2.1522642083874493,1,1,1,3.8704945129379595,0.3569
69,532177,2.0,1.9361830466577379,0.034035540409921246,1.8694746132599347,2.002891480055541,1.9407209364454243,0.07043485570114298,1.798252993364623,2.083188879526226,1.9407209364454243,0.06833813275575391,1.8019871513361438,2.0794547215547046,1,1,1,4.0314466317130355,0.3541
70,533177,2.0,1.9841247684523997,0.03318188335688218,1.9190894721337015,2.049160064771098,1.993778315593311,0.07342661426409622,1.845258969632282,2.1422976615543403,1.993778315593311,0.07478600288485573,1.8419546582146125,2.1456019729720097,1,1,1,5.079706023874606,0.3365
71,534177,2.0,1.989782391355776,0.03758450757078206,1.9161181101403701,2.0634466725711818,1.9984673484794233,0.09528486590730217,1.8057355153918029,2.1911991815670437,1.9984673484794233,0.08580075219899426,1.824282561190402,2.1726521357684447,1,1,1,5.2115206318463585,0.2515
72,535177,2.0,2.021002525075726,0.03275143623229665,1.9568108896184646,2.085194160532988,1.9965860383673963,0.06506304846707993,1.864983601003122,2.1281884757316707,1.9965860383673963,0.06100592454322192,1.8727374272819595,2.120434649452833,1,1,1,3.4696313015263596,0.213
73,536177,2.0,1.9084742459933,0.028431594535350106,1.852749344680968,1.964199147305632,1.8966324043398997,0.05995041858157788,1.775371237022539,2.01789357165726,1.8966324043398997,0.056684768895183445,1.7815562055947494,2.01170860308505,0,1,1,3.9749377039061966,0.2652
74,537177,2.0,2.0806020315561855,0.03208720015483569,2.0177122748879794,2.1434917882243916,2.0825750615304326,0.05200748282556391,1.9773799982451967,2.1877701248156685,2.0825750615304326,0.052886394802512955,1.9752099721452734,2.189940150915592,0,1,1,2.7165911327110774,0.3522
75,538177,2.0,1.9852334777067557,0.03024303929156369,1.9259582099122612,2.0445087455012505,1.9984449153332309,0.06849824328463028,1.8598941406029401,2.1369956900635216,1.9984449153332309,0.06370322265078121,1.869120497974783,2.1277693326916784,1,1,1,4.436821318772604,0.345
76,539177,2.0,1.9899461092956892,0.02843229674581209,1.934219831676142,2.0456723869152365,1.9867031674135895,0.05355131762369559,1.878385403500136,2.0950209313270434,1.9867031674135895,0.053479316651627785,1.8781343826817094,2.0952719521454695,1,1,1,3.537918402248687,0.2678
77,540177,2.0,1.9857515951950564,0.031331602196777775,1.924342783311436,2.047160407078677,1.9770840988765945,0.06176469060749466,1.8521532200059352,2.102014977747254,1.9770840988765945,0.06098395303183504,1.8532800923306196,2.100888105422569,1,1,1,3.788488182038922,0.2642
78,541177,2.0,2.010474347139635,0.03330081958067451,1.9452059401058468,2.0757427541734232,2.010311116890971,0.06588550666319895,1.877045100801297,2.143577132980645,2.010311116890971,0.0665647622564941,1.875177465291963,2.1454447684899787,1,1,1,3.995571677086021,0.2061
79,542177,2.0,2.0883640005103707,0.03715116840153497,2.01554904845978,2.1611789525609617,2.1020421376182834,0.08136938297567033,1.9374570255044012,2.2666272497321653,2.1020421376182834,0.08067920156905525,1.938254650868037,2.26582962436853,0,1,1,4.7160481397174445,0.4414
80,543177,2.0,1.6985666880811088,0.03094414745650988,1.6379172735340526,1.759216102628165,1.7041346720484516,0.07370189932293951,1.5550585094984783,1.8532108345984248,1.7041346720484516,0.0669182304588719,1.5682834418494123,1.839985902247491,0,0,0,4.6766175234041345,0.2789
81,544177,2.0,2.162721765270887,0.02926944852715659,2.1053547003103112,2.2200888302314628,2.138191841437581,0.06630809411109372,2.0040710615541286,2.272312621321033,2.138191841437581,0.06154830821206412,2.013242132965874,2.263141549909288,0,0,0,4.421841385689563,0.3073
82,545177,2.0,1.9196816292344494,0.03474537350221824,1.8515819485407092,1.9877813099281896,1.902724739706096,0.06886473592620193,1.763432663637438,2.042016815774754,1.902724739706096,0.06846921956420032,1.7637248342276994,2.0417246451844924,0,1,1,3.883262833302541,0.3039
83,546177,2.0,2.0842643361361657,0.031092453221482082,2.023324247631064,2.145204424641267,2.06436292296052,0.06917021177190405,1.9244529636724699,2.20427288224857,2.06436292296052,0.06628001261740545,1.9298073438613925,2.1989185020596476,0,1,1,4.544176439354383,0.3312
84,547177,2.0,2.024378072669464,0.03592349420619459,1.9539693178264892,2.0947868275124386,2.0218677743598783,0.07368303895365978,1.8728297605075956,2.1709057882121607,2.0218677743598783,0.07051628905582072,1.8787120968768638,2.1650234518428926,1,1,1,3.853201783712421,0.3646
85,548177,2.0,2.0678041387527126,0.032737371610095996,2.00364006944842,2.131968208057005,2.078664127011202,0.06771079122906037,1.9417061244036766,2.215622129618727,2.078664127011202,0.063724855110569,1.9492957934246313,2.208032460597772,0,1,1,3.7890479125677503,0.3338
86,549177,2.0,1.9056454635151787,0.030553707465361988,1.8457612972888966,1.9655296297414608,1.8965173933551163,0.06707664590027335,1.7608420707461123,2.03219271596412,1.8965173933551163,0.05845221707137944,1.7778530840546989,2.015181702655534,0,1,1,3.659941506482561,0.2691
87,550177,2.0,1.9911926064120375,0.02977594306689258,1.932832830395213,2.049552382428862,2.001801866661777,0.06442538394944756,1.8714892275273474,2.1321145057962068,2.001801866661777,0.0639450811228933,1.87198645050158,2.131617282821974,1,1,1,4.611935602773616,0.2921
88,551177,2.0,1.9089102949264922,0.03138280768858204,1.8474011221231248,1.9704194677298597,1.8960263597225793,0.0705454384206713,1.753334741979075,2.0387179774660837,1.8960263597225793,0.06965022556145115,1.7546288846058526,2.0374238348393057,0,1,1,4.9256263449988325,0.3851
89,552177,2.0,2.067126015855019,0.03282868405832751,2.002782977440853,2.131469054269185,2.0597626192661886,0.07136744073933307,1.915408344896478,2.2041168936358995,2.0597626192661886,0.07313452917388037,1.9112916317614381,2.208233606770939,0,1,1,4.962928186399156,0.2189
90,553177,2.0,2.0728601558977338,0.030974966629446914,2.012150336881688,2.1335699749137795,2.071043083846589,0.06829562047064572,1.9329021524423373,2.209184015250841,2.071043083846589,0.06917670858063736,1.9306068993067738,2.2114792683864044,0,1,1,4.987674400746687,0.3523
91,554177,2.0,1.9608148855379233,0.03046595294747144,1.9011027150061874,2.020527056069659,1.9635753153452327,0.07399945495538059,1.813897289719315,2.1132533409711503,1.9635753153452327,0.06931120988718134,1.8228660786366424,2.104284552053823,1,1,1,5.175799279264046,0.3243
92,555177,2.0,2.0046081553715847,0.031163324985463533,1.943529160761559,2.0656871499816103,2.003237625723938,0.05661332967759924,1.8887263578320104,2.1177488936158655,2.003237625723938,0.05759550784408152,1.8863125286180633,2.1201627228298126,1,1,1,3.4157780746015747,0.3172
93,556177,2.0,2.0203502501750457,0.026784692561389652,1.967853217417744,2.072847282932347,2.0273289288511935,0.063890048440394,1.8980991079900997,2.1565587497122873,2.0273289288511935,0.06205000478315968,1.9013607221929294,2.1532971355094577,1,1,1,5.366736925617965,0.196
94,557177,2.0,1.9663674201266403,0.06457835285909605,1.839796174341893,2.092938665911388,1.9383029379293581,0.08666562031003415,1.7630051746488986,2.1136007012098177,1.9383029379293581,0.08556941325887693,1.7645877936567822,2.112018082201934,1,1,1,1.7557520365000119,0.3854
95,558177,2.0,1.8690127770811475,0.035175267704165625,1.800070519234428,1.9379550349278671,1.8619224040300064,0.06911167912161775,1.722130838202216,2.001713969857797,1.8619224040300064,0.06839117019156209,1.7230809472017978,2.000763860858215,0,1,1,3.780291124919786,0.311
96,559177,2.0,2.035520971883906,0.03047246943423753,1.9757960292728025,2.095245914495009,2.018540967789089,0.05833000561740321,1.9005573950610744,2.1365245405171036,2.018540967789089,0.056369556698791776,1.9041046838229148,2.1329772517552636,1,1,1,3.4219521998339557,0.2818
97,560177,2.0,1.9749121227659805,0.02987096231935622,1.9163661124364892,2.0334581330954715,1.9918852948760482,0.06171957301894542,1.8670456749420814,2.116724914810015,1.9918852948760482,0.05955794553566427,1.870976237453794,2.112794352298302,1,1,1,3.97540141983534,0.3907
98,561177,2.0,1.9836895295135313,0.03837392156590592,1.9084780252987907,2.058901033728272,1.997707316264349,0.07081800858450345,1.8544643733253885,2.1409502592033096,1.997707316264349,0.06790575896354821,1.8598512966185932,2.135563335910105,1,1,1,3.1314165895367716,0.2766
99,562177,2.0,1.8854141320507023,0.03390081068806914,1.8189697640553764,1.9518585000460282,1.8874653552461604,0.07571914380007866,1.7343089306087835,2.040621779883537,1.8874653552461604,0.07638155382454231,1.732402557254877,2.042528153237444,0,1,1,5.076411394030777,0.3082
100,563177,2.0,2.1043949572610234,0.027168139814794767,2.051146381697077,2.1576435328249697,2.087229408133498,0.06040440417517602,1.9650499682781388,2.209408847988857,2.087229408133498,0.05234493397420988,1.9809635426687138,2.1934952735982822,0,1,1,3.7121840940069952,0.3352
101,564177,2.0,1.9587280382557668,0.029198169917439527,1.9015006768031044,2.015955399708429,1.979286005359138,0.07194648473972695,1.8337605039475289,2.124811506770747,1.979286005359138,0.06701604657814837,1.8432361978808447,2.115335812837431,1,1,1,5.268007024262866,0.2779
102,565177,2.0,1.9947834841923526,0.028753398115308727,1.9384278594532056,2.0511391089314994,2.0126525106709763,0.06405173615205716,1.8830956455436199,2.1422093757983327,2.0126525106709763,0.0602320271814861,1.8903749947552513,2.1349300265867015,1,1,1,4.388100899245541,0.298
103,566177,2.0,2.045173569140013,0.035377374176207614,1.9758351898870488,2.1145119483929773,2.0318961186964275,0.06697326607214013,1.8964299015271036,2.1673623358657514,2.0318961186964275,0.06563802937023973,1.898643834877175,2.16514840251568,1,1,1,3.442388464434782,0.3215
104,567177,2.0,1.9495486033077878,0.033643309271780844,1.883608928814355,2.0154882778012206,1.9516429057754185,0.06735122832609529,1.815412187786903,2.087873623763934,1.9516429057754185,0.06698607832424804,1.8156539370869642,2.087631874463873,1,1,1,3.9643472614049093,0.3695
105,568177,2.0,1.9170852327918435,0.03016229189242678,1.8579682269915025,1.9762022385921845,1.9418413055054438,0.05963214639580507,1.821223904448346,2.0624587065625417,1.9418413055054438,0.052895121534609874,1.8344584999122668,2.0492241110986207,0,1,1,3.075406739213801,0.2518
106,569177,2.0,2.027972748355735,0.03059761053866186,1.9680025336869744,2.0879429630244952,2.0232805891747634,0.06331059618314255,1.8952228211330069,2.15133835721652,2.0232805891747634,0.061839279164520485,1.897740178265584,2.1488210000839425,1,1,1,4.0846402470963294,0.2877
107,570177,2.0,1.8869691420931909,0.02884539470320087,1.8304332073550746,1.9435050768313071,1.8960942933083484,0.07409916298744383,1.7462145891513219,2.0459739974653752,1.8960942933083484,0.0750256884791166,1.7437840483044535,2.0484045383122433,0,1,1,6.7649876326272,0.3168
108,571177,2.0,1.992750749084417,0.05338693252422012,1.8881142840918754,2.0973872140769583,2.0016550475523722,0.09002468913801295,1.8195629262537814,2.183747168850963,2.0016550475523722,0.09002954611427992,1.8188853522089927,2.1844247428957515,1,1,1,2.843807433064537,0.2755
109,572177,2.0,2.012191534659043,0.033288804833591826,1.94694667609682,2.077436393221266,2.0031684392385363,0.06930433693775523,1.8629871861953706,2.143349692281702,2.0031684392385363,0.06773984149219986,1.8656492499667998,2.140687628510273,1,1,1,4.140873336062078,0.2922
110,573177,2.0,1.9966357433000375,0.029485033004725245,1.9388461405278012,2.0544253460722737,1.9823265855063286,0.05568960503666462,1.8696837270582336,2.0949694439544233,1.9823265855063286,0.05242838692869427,1.8758913015370098,2.0887618694756473,1,1,1,3.1617662211318986,0.3507
111,574177,2.0,2.05675623737135,0.029199875666015777,1.9995255327129118,2.1139869420297885,2.0445020007093,0.06625356982046948,1.9104915066134152,2.1785124948051853,2.0445020007093,0.067364471381854,1.907744853274605,2.181259148143995,1,1,1,5.322305604114835,0.3076
112,575177,2.0,2.029827973489698,0.03298841571652525,1.9651718667782732,2.094484080201122,2.03085110679596,0.062162483367501076,1.9051156161215792,2.15658659747034,2.03085110679596,0.055060540849895645,1.9190722662828348,2.142629947309085,1,1,1,2.7858519222473523,0.3023
113,576177,2.0,2.2030932814167996,0.030534404307541424,2.143246948684634,2.2629396141489653,2.1965697474556665,0.05920729711026109,2.0768116851908225,2.3163278097205104,2.1965697474556665,0.054721562917000574,2.0854790687316136,2.3076604261797193,0,0,0,3.211723002463903,0.3371
114,577177,2.0,1.9940943670112259,0.02991430722838471,1.9354634022211257,2.052725331801326,1.9877968602556753,0.06577775588041797,1.8547487906959592,2.1208449298153913,1.9877968602556753,0.06758533719551639,1.8505913313815847,2.125002389129766,1,1,1,5.104427861101995,0.2463
115,578177,2.0,1.9955240534221397,0.033097376663762786,1.930654387178408,2.0603937196658713,1.9956260164009703,0.08235353923651466,1.829050260354381,2.1622017724475597,1.9956260164009703,0.08293673592030658,1.8272554912659509,2.1639965415359894,1,1,1,6.279234950715479,0.2749
116,579177,2.0,2.106551790324167,0.03096406979798456,2.045863328705333,2.167240251943001,2.0955096022588307,0.07892395177260625,1.9358708416349608,2.2551483628827005,2.0955096022588307,0.07851944412120412,1.9361066562265643,2.254912548291097,0,1,1,6.430405453835232,0.2525
117,580177,2.0,2.0510635549576297,0.034323987470190866,1.9837897757102516,2.118337334205008,2.040387380081036,0.06590924688203553,1.9070733448662816,2.1737014152957905,2.040387380081036,0.06699608214264392,1.9043781025615434,2.1763966576005287,1,1,1,3.8098102265636777,0.2688
118,581177,2.0,1.9212936463693007,0.030921137154964203,1.8606893311845476,1.9818979615540537,1.9117581055630926,0.06756959746862344,1.775085694292769,2.0484305168334163,1.9117581055630926,0.0686816403486884,1.7723269629659817,2.0511892481602034,0,1,1,4.93367348120647,0.2323
119,582177,2.0,1.9976325490807836,0.03264077403721028,1.9336578075403414,2.0616072906212257,1.991205434644957,0.05919643319598552,1.8714693467208745,2.1109415225690396,1.991205434644957,0.06057611815491961,1.8682293769160252,2.1141814923738886,1,1,1,3.444149390706506,0.4233
120,583177,2.0,1.8744596522314794,0.030696368119461432,1.8142958762611514,1.9346234282018073,1.8813528861515734,0.07453592715854429,1.7305897430714645,2.032116029231682,1.8813528861515734,0.0758825630805025,1.7273030932258886,2.0354026790772584,0,1,1,6.1109677868040455,0.3632
121,584177,2.0,1.9199774656930013,0.03124602267097913,1.8587363865977602,1.9812185447882424,1.9138886462016587,0.07538405199551326,1.7614100087147548,2.0663672836885625,1.9138886462016587,0.07443784627447628,1.7627717843179642,2.065005508085353,0,1,1,5.675421370198862,0.2891
122,585177,2.0,1.9681513723035815,0.031815651803122375,1.9057938406247947,2.0305089039823683,1.9540937119475115,0.06835992904294662,1.8158227041779862,2.092364719717037,1.9540937119475115,0.06324115558343567,1.8257073406058653,2.0824800832891577,1,1,1,3.951099295234769,0.3305
123,586177,2.0,2.028145273677173,0.029783963906839083,1.9697697771029272,2.0865207702514184,2.0282128760037845,0.06498535446643249,1.8967675895891611,2.159658162418408,2.0282128760037845,0.06544024614145424,1.8953621134853644,2.161063638522205,1,1,1,4.827528590647397,0.3255
124,587177,2.0,1.9408954142049775,0.03032223387138582,1.8814649278862607,2.0003259005236944,1.9237817267257131,0.07186716591576414,1.7784166627791216,2.0691467906723044,1.9237817267257131,0.06742414371035678,1.7869034380238273,2.0606600154275987,1,1,1,4.944341883753446,0.2705
125,588177,2.0,2.0625530520123143,0.03442878667887549,1.995073870090306,2.1300322339343225,2.0433638107651215,0.08025526913834272,1.8810322065938894,2.2056954149363537,2.0433638107651215,0.07724517194274565,1.8865477747850927,2.2001798467451503,1,1,1,5.03383820828744,0.3434
126,589177,2.0,1.8826716920489643,0.03551221962442309,1.8130690205740185,1.9522743635239102,1.8786041351251266,0.08881815727255693,1.6989524548755288,2.0582558153747246,1.8786041351251266,0.08876125271122061,1.6984092122746455,2.058799057975608,0,1,1,6.24728343468509,0.3708
127,590177,2.0,1.956592226812793,0.03417359743506253,1.8896132066179,2.023571247007686,1.9562963857894244,0.07670979499045687,1.801136179984346,2.1114565915945027,1.9562963857894244,0.07180007630312495,1.8105344816374709,2.102058289941378,1,1,1,4.414366763526095,0.2294
128,591177,2.0,2.0299034733914536,0.03173878767766346,1.9676965926302696,2.092110354152638,2.032653202132383,0.06309816004278201,1.9050251267428215,2.1602812775219444,2.032653202132383,0.06416663107737999,1.9023880156530792,2.162918388611687,1,1,1,4.087312170214939,0.3623
129,592177,2.0,2.0901986545206808,0.035473144629704745,2.020672568628079,2.1597247404132824,2.069780181824332,0.08728022282004155,1.893239267627449,2.2463210960212154,2.069780181824332,0.07048206391893319,1.9266939850630584,2.212866378585606,0,1,1,3.9478245806129735,0.338
130,593177,2.0,2.067091082141873,0.03595162029385074,1.996627201180066,2.1375549631036797,2.0546453695961384,0.06735411548393962,1.9184088117796665,2.1908819274126103,2.0546453695961384,0.06591875183398418,1.9208231888776004,2.1884675503146767,1,1,1,3.3618707635681124,0.304
131,594177,2.0,1.9708638581642937,0.042589914473216695,1.8873891596921477,2.0543385566364396,1.9941303076136228,0.0988236583189479,1.7942405912470716,2.194020023980174,1.9941303076136228,0.09804493811755895,1.7950885014163522,2.1931721138108933,1,1,1,5.2995234424356035,0.24
132,595177,2.0,1.8878722734583984,0.03266754989639705,1.823845052198295,1.9518994947185018,1.8786564041799114,0.06855221412715456,1.7399964631165001,2.017316345243323,1.8786564041799114,0.06685963284206581,1.7429241334673267,2.0143886748924964,0,1,1,4.188850382222344,0.3222
133,596177,2.0,2.0702840060855277,0.03305897584000729,2.0054896040733334,2.135078408097722,2.046356068769183,0.0630302287182222,1.9188653974529948,2.1738467400853714,2.046356068769183,0.05817484589260458,1.9282548528978647,2.1644572846405015,0,1,1,3.0966469408876853,0.3931
134,597177,2.0,1.9890561230969437,0.03708863325995473,1.916363737671618,2.0617485085222693,1.9903972466999775,0.06590071122945347,1.8571004764721974,2.123694016927758,1.9903972466999775,0.05912705866297393,1.8703629361341512,2.110431557265804,1,1,1,2.5415045469600557,0.2896
135,598177,2.0,1.9788417136520673,0.027601300769053788,1.9247441582182643,2.0329392690858703,1.9826796290200133,0.05784981709386924,1.8656673292584567,2.09969192878157,1.9826796290200133,0.059258895370105764,1.862377675709804,2.1029815823302225,1,1,1,4.609438279400642,0.3278
136,599177,2.0,1.998449322529984,0.03314425091772277,1.9334877844366887,2.063410860623279,2.005399256398742,0.06605501306151836,1.8717903812562993,2.1390081315411846,2.005399256398742,0.06404744881964006,1.8753760227657827,2.135422490031701,1,1,1,3.734111264670225,0.3424
137,600177,2.0,2.219753945377888,0.033181406682093545,2.154719583324608,2.284788307431168,2.2210933527017804,0.07841475579912086,2.0624845381499988,2.379702167253562,2.2210933527017804,0.07539311674061791,2.0680371886711484,2.3741495167324125,0,0,0,5.162663369332289,0.1988
138,601177,2.0,2.042762564639529,0.036843814140500364,1.9705500158710607,2.1149751134079975,2.0395793507695514,0.06901466244492142,1.8999840196928068,2.179174681846296,2.0395793507695514,0.07075502688274685,1.895939009731321,2.183219691807782,1,1,1,3.6879534863783228,0.4273
139,602177,2.0,1.873746425948912,0.03149641369232874,1.8120145894697735,1.9354782624280507,1.877050613882582,0.049166705032462454,1.7776015660452944,1.9764996617198696,1.877050613882582,0.04387275281553806,1.7879841905575906,1.9661170372075734,0,0,0,1.9402940787351703,0.2943
140,603177,2.0,2.011864643467977,0.030008710769453016,1.9530486511373701,2.0706806357985843,2.001840011091159,0.07154887042884711,1.8571187605358435,2.146561261646475,2.001840011091159,0.0681631308158925,1.8634614988074505,2.140218523374868,1,1,1,5.159461598120476,0.3065
141,604177,2.0,2.089018146359402,0.031204410833251043,2.027858624967439,2.1501776677513655,2.08799574347207,0.06520489948290845,1.9561063853460814,2.2198851015980585,2.08799574347207,0.06509050319017157,1.9558549968918983,2.2201364900522416,0,1,1,4.351142268578662,0.2338
142,605177,2.0,1.995258908864935,0.028080842766088233,1.94022146838787,2.050296349342,1.98204983254317,0.057793437533187206,1.8651515712070805,2.0989480938792595,1.98204983254317,0.05863677930716757,1.8630108419846234,2.1010888231017164,1,1,1,4.36033584199231,0.3268
143,606177,2.0,1.9999722104869728,0.030572603403370667,1.9400510089027396,2.059893412071206,1.9905415007349798,0.06016829741088399,1.8688396318879135,2.112243369582046,1.9905415007349798,0.0606422903350653,1.8674311063385047,2.113651895131455,1,1,1,3.9344709728751033,0.2878
144,607177,2.0,2.0070347007172904,0.035344488599510976,1.9377607760102624,2.0763086254243186,2.0032011260087783,0.07237846051218519,1.8568018711245422,2.1496003808930144,2.0032011260087783,0.07269871466653846,1.8556148889906292,2.1507873630269274,1,1,1,4.23067886111334,0.3491
145,608177,2.0,1.977649783213246,0.036957047511433104,1.9052153011159014,2.0500842653105904,1.9745380783998154,0.07777569930088608,1.8172218776244038,2.131854279175227,1.9745380783998154,0.08002131088166754,1.8120861807499566,2.1369899760496742,1,1,1,4.688315033392363,0.294
146,609177,2.0,1.967376924503943,0.026400122485288974,1.9156336352453305,2.0191202137625552,1.9736589885984268,0.04404878022643093,1.8845619207957303,2.0627560564011236,1.9736589885984268,0.044092014682164025,1.8841474400196352,2.0631705371772187,1,1,1,2.7893820579858235,0.3404
147,610177,2.0,2.1103083711372443,0.03241143768470106,2.0467831205880658,2.173833621686423,2.112239525752045,0.06487542282969645,1.9810165970608726,2.243462454443218,2.112239525752045,0.06547477357374389,1.9793186688195918,2.2451603826844986,0,1,1,4.08085740013747,0.3301
148,611177,2.0,1.9811174277311627,0.032943376538502565,1.916549596186556,2.0456852592757695,1.9716764484327132,0.06820077674329687,1.8337273565745924,2.109625540290834,1.9716764484327132,0.0692057460671108,1.8311813146613916,2.112171582204035,1,1,1,4.4131439055613955,0.3269
149,612177,2.0,1.9419843829502672,0.041054765289609475,1.8615185215888874,2.022450244311647,1.9376015884408313,0.07493131660053501,1.7860386947265294,2.0891644821551334,1.9376015884408313,0.07441032891676481,1.7865405897631914,2.0886625871184714,1,1,1,3.2850297069897563,0.3069
150,613177,2.0,2.098791458239856,0.035399212918302204,2.0294102758389188,2.1681726406407935,2.105929705541384,0.06742066879923728,1.9695585309383612,2.2423008801444073,2.105929705541384,0.0690802753629509,1.9656892908413408,2.2461701202414277,0,1,1,3.808210169361264,0.2388
151,614177,2.0,2.0052350608829403,0.03710314937252092,1.9325142243997895,2.0779558973660914,2.028898716331346,0.07757557272074152,1.8719873097724509,2.1858101228902416,2.028898716331346,0.07708112132635618,1.872415720808284,2.1853817118544083,1,1,1,4.3159310528846015,0.3575
152,615177,2.0,1.966256267174085,0.030302272417151603,1.9068649045867465,2.0256476297614237,1.9846775381470305,0.0697232203175584,1.8436490134949826,2.1257060627990785,1.9846775381470305,0.06866310957683465,1.8452840150167764,2.1240710612772844,1,1,1,5.134480855575702,0.3587
153,616177,2.0,2.030095099500756,0.037254849922085845,1.9570769354040227,2.1031132635974887,2.030742296398962,0.06823560156132949,1.8927227646976146,2.168761828100309,2.030742296398962,0.06810529475059479,1.892481197569953,2.169003395227971,1,1,1,3.341920522083495,0.2903
154,617177,2.0,2.0181665431934923,0.030523391608240354,1.958341794955329,2.0779912914316556,2.006902376797556,0.06329955755212802,1.8788669364945223,2.1349378171005897,2.006902376797556,0.06389215093383964,1.8771944146338007,2.1366103389613116,1,1,1,4.381566834630414,0.2333
155,618177,2.0,1.956139390708034,0.03214370196018903,1.893138892536274,2.0191398888797942,1.9419720036830899,0.07329046741987956,1.7937280407076495,2.0902159666585303,1.9419720036830899,0.0729912425406028,1.7937919035085685,2.090152103857611,1,1,1,5.15643714634204,0.3682
156,619177,2.0,2.0278534097959247,0.03528206963563154,1.9587018240100527,2.0970049955817966,2.027313984608026,0.06695996739364397,1.8918746665549449,2.162753302661107,2.027313984608026,0.06730985929422963,1.8906677056053955,2.1639602636106567,1,1,1,3.6395631550359697,0.2797
157,620177,2.0,1.9734564269057553,0.031420440805353826,1.911873494548889,2.0350393592626217,1.9790907869984498,0.061533542592033544,1.8546274491198482,2.1035541248770513,1.9790907869984498,0.05968143570464346,1.85793103120509,2.1002505427918097,1,1,1,3.607895723372197,0.3011
158,621177,2.0,2.0469792309337675,0.028394004859751514,1.9913280040317993,2.102630457835736,2.047509461664547,0.07161697491204101,1.902650456789461,2.192368466539633,2.047509461664547,0.0734909212600162,1.8983149597601663,2.196703963568927,1,1,1,6.699063254387482,0.3294
159,622177,2.0,2.0548174267172916,0.03491893503682311,1.9863775716666245,2.123257281767959,2.0428471709697607,0.061092320152209695,1.9192762897139073,2.166418052225614,2.0428471709697607,0.060302731801307186,1.920426117044773,2.1652682248947484,1,1,1,2.982304565786292,0.2592
160,623177,2.0,2.025733049947356,0.0337411682743949,1.9596015753332363,2.0918645245614753,2.03608497524511,0.07016231279901435,1.8941683022177644,2.178001648272455,2.03608497524511,0.07059615243409256,1.8927671664846888,2.179402784005531,1,1,1,4.377658030681487,0.3943
161,624177,2.0,1.9650369459223356,0.03084255035475798,1.904586658035647,2.025487233809024,1.9813598921983469,0.07278381771071488,1.8341407249892732,2.1285790594074205,1.9813598921983469,0.07014174490631914,1.8389645797627152,2.1237552046339783,1,1,1,5.171929142243182,0.3609
162,625177,2.0,2.0268977738794467,0.030197605974955192,1.967711553749203,2.0860839940096905,2.0335875972863486,0.06902322589516413,1.893974944996554,2.1732002495761433,2.0335875972863486,0.06770722833730916,1.896134616238921,2.171040578333776,1,1,1,5.027187039047825,0.2621
163,626177,2.0,1.9015198449723782,0.03355929621326307,1.8357448330478712,1.9672948568968853,1.9243275251902423,0.07233463471027449,1.7780169163575943,2.0706381340228903,1.9243275251902423,0.061235385889396074,1.8000130828067102,2.0486419675737744,0,1,1,3.329501608599415,0.2572
164,627177,2.0,2.044573497264785,0.03209847532329936,1.9816616416724706,2.1074853528570996,2.042147395388421,0.054028148565293074,1.9328651498590057,2.1514296409178364,2.042147395388421,0.05450851355582138,1.9314892298616069,2.1528055609152354,1,1,1,2.8837650241372215,0.357
165,628177,2.0,2.0000940283051505,0.0331472853373218,1.9351265428587272,2.0650615137515738,2.0023585483068986,0.06640115917216456,1.8680495265694457,2.1366675700443514,2.0023585483068986,0.06787427337497073,1.8645664478041395,2.1401506488096578,1,1,1,4.192899501363926,0.3203
166,629177,2.0,2.036814455891875,0.03290248576578896,1.9723267687890869,2.1013021429946632,2.032420884280564,0.08692231749531783,1.8566039019342322,2.208237866626896,2.032420884280564,0.08962659947143607,1.8504692141114836,2.2143725544496444,1,1,1,7.42021379297036,0.2665
167,630177,2.0,1.986687721297446,0.030382066923722393,1.9271399643510645,2.0462354782438275,1.9750938630924415,0.06993887875516623,1.8336291280768149,2.1165585981080683,1.9750938630924415,0.07098088399664547,1.8309950077366337,2.1191927184482493,1,1,1,5.458184042904537,0.3126
168,631177,2.0,2.0391953686332966,0.032213747411048856,1.9760575839005705,2.1023331533660228,2.0363900580685748,0.048310987563257635,1.9386718621863648,2.1341082539507847,2.0363900580685748,0.047182782766466404,1.9406039166974578,2.1321761994396917,1,1,1,2.1452830655384583,0.2967
169,632177,2.0,2.019580355034636,0.032795644798877616,1.9553020723790673,2.0838586376902044,2.0167321906773275,0.06862662464701032,1.8779217401310486,2.1555426412236063,2.0167321906773275,0.07012233855480159,1.8743762752297701,2.159088106124885,1,1,1,4.571728533962098,0.2987
170,633177,2.0,2.073845123970855,0.030017710929965805,2.0150114916497874,2.1326787562919223,2.068971958594187,0.0602796136085647,1.9470449314848188,2.190898985703555,2.068971958594187,0.060138050386234626,1.9468852257155735,2.1910586914728007,0,1,1,4.013687418943125,0.2817
171,634177,2.0,1.96805710069048,0.03280266666904583,1.9037650554222776,2.032349145958682,1.9877570708668597,0.05592963428143094,1.8746287074448327,2.100885434288887,1.9877570708668597,0.05546950246148321,1.8751479941437008,2.1003661475900186,1,1,1,2.8595009113974528,0.287
172,635177,2.0,1.953975137921971,0.03371095410660655,1.8879028819885395,2.0200473938554024,1.9818515447528688,0.06733450185120907,1.84565465925323,2.1180484302525078,1.9818515447528688,0.06592267355097389,1.8480214025255777,2.1156816869801602,1,1,1,3.824084989171289,0.2274
173,636177,2.0,2.0400736123525536,0.03888159259614196,1.9638670912025562,2.116280133502551,2.027652536297472,0.07313804624077559,1.8797168742570265,2.1755881983379175,2.027652536297472,0.07397036652782439,1.877484708753752,2.177820363841192,1,1,1,3.6193238990407983,0.3298
174,637177,2.0,1.8932545187310863,0.03316165839242569,1.8282588626143115,1.9582501748478611,1.892894791248727,0.08111106854138889,1.7288321693955804,2.0569574131018737,1.892894791248727,0.08272586328960795,1.72495236031314,2.0608372221843143,0,1,1,6.22314805644511,0.3262
175,638177,2.0,2.0073058258067156,0.03139428462812737,1.9457741586151864,2.0688374929982447,2.0110066120961445,0.0658493411560101,1.8778137476494798,2.144199476542809,2.0110066120961445,0.06552796082985012,1.8779777792933878,2.144035444898901,1,1,1,4.356644507258701,0.3205
176,639177,2.0,2.018702246120619,0.0319946022507005,1.955993978009562,2.0814105142316763,2.0196373221822546,0.06736638301273859,1.8833759509466694,2.1558986934178397,2.0196373221822546,0.0661794069689162,1.8852859834077518,2.1539886609567573,1,1,1,4.27850763480645,0.2445
177,640177,2.0,2.0089899306031778,0.03297954910066213,1.9443512021395097,2.073628659066846,2.015173236468749,0.08323534561682784,1.8468138586634697,2.183532614274028,2.015173236468749,0.0842878286713902,1.8440598472279532,2.1862866257095446,1,1,1,6.531911698039035,0.2896
178,641177,2.0,2.043821576907485,0.029310863863656576,1.9863733393789613,2.1012698144360082,2.0269138599447305,0.0749083304655077,1.8753974600770351,2.178430259812426,2.0269138599447305,0.07384227271561034,1.877006076664746,2.176821643224715,1,1,1,6.346771649842124,0.2611
179,642177,2.0,2.0215872191905753,0.03239983555097706,1.9580847084056399,2.0850897299755107,2.0183923001377786,0.0755924835740461,1.8654920699895277,2.1712925302860295,2.0183923001377786,0.07559067635613576,1.8649350687653816,2.1718495315101753,1,1,1,5.4431568698801405,0.3382
180,643177,2.0,1.9493012691610618,0.028228158030976686,1.8939750960704425,2.004627442251681,1.9518974822009372,0.05435782073568179,1.8419484117658877,2.061846552635987,1.9518974822009372,0.05468712317083168,1.8408767198786289,2.0629182445232455,1,1,1,3.753229104580908,0.3123
181,644177,2.0,2.0032753238276624,0.032635464069505314,1.939310989632681,2.0672396580226438,2.005582666708971,0.07128958530320842,1.8613858698229855,2.1497794635949568,2.005582666708971,0.07292626042717515,1.8575344872381137,2.1536308461798286,1,1,1,4.993307395999349,0.2887
182,645177,2.0,2.011255734901482,0.03349704389669284,1.9456027352754068,2.0769087345275574,2.0109921951342224,0.07793293304359614,1.8533579590951077,2.168626431173337,2.0109921951342224,0.07911277325663722,1.8503847269200515,2.171599663348393,1,1,1,5.57802238423725,0.3654
183,646177,2.0,1.9638612794561492,0.03087463601814364,1.9033481048248044,2.0243744540874937,1.958392090360434,0.08419546911715249,1.7880906794689342,2.128693501251934,1.958392090360434,0.07624453509444074,1.8036074551794483,2.1131767255414196,1,1,1,6.098369693318841,0.2782
184,647177,2.0,2.0562935579493953,0.0319142977263459,1.9937426838138688,2.118844432084922,2.0703922707874844,0.06309138399158448,1.9427779012551538,2.198006640319815,2.0703922707874844,0.06164813251746248,1.9452399082019562,2.1955446333730126,1,1,1,3.7313781663092325,0.3253
185,648177,2.0,2.104700386354161,0.039168339590536366,2.0279318514224753,2.1814689212858465,2.110124753464393,0.07243278830712169,1.9636156102426332,2.2566338966861528,2.110124753464393,0.07429838899428468,1.9592910049108676,2.2609585020179184,0,1,1,3.598226280477726,0.2224
186,649177,2.0,2.0094474373586886,0.030492818884759267,1.9496826105574576,2.0692122641599195,2.0220015453098337,0.07153350874940945,1.877311366684033,2.1666917239356343,2.0220015453098337,0.07058277229361073,1.8787108996786859,2.1652921909409812,1,1,1,5.357994654501338,0.3499
187,650177,2.0,1.9893692217175154,0.03555988072566763,1.9196731362006667,2.059065307234364,2.008930368605617,0.09778527898272889,1.8111409726939898,2.2067197645172443,2.008930368605617,0.09443594005085719,1.8172152179965977,2.2006455192146364,1,1,1,7.052677487671526,0.2691
188,651177,2.0,2.1133202706102456,0.029372047648266425,2.055752115067449,2.1708884261530423,2.1342904796533015,0.06903666682407841,1.994650640518635,2.273930318787968,2.1342904796533015,0.06468769047889207,2.0029674863518987,2.2656134729547044,0,1,0,4.850369717558486,0.3221
189,652177,2.0,1.9561593037578735,0.029909485329481438,1.8975377897159609,2.014780817799786,1.961189048682673,0.07686465863333188,1.8057156015933076,2.116662495772039,1.961189048682673,0.07686570766116962,1.8051433661491596,2.1172347312161865,1,1,1,6.604613073171487,0.3021
190,653177,2.0,1.8750500931872427,0.03874476889311825,1.7991117415674032,1.9509884448070822,1.8665314549492678,0.06279809030299222,1.7395103278977568,1.9935525820007787,1.8665314549492678,0.06426732861008888,1.7360618416104563,1.9970010682880792,0,0,0,2.7514038877448104,0.3659
191,654177,2.0,1.8524104730000637,0.040084228366381404,1.7738468290538774,1.93097411694625,1.854780516462122,0.07948360228563346,1.694009755827158,2.015551277097086,1.854780516462122,0.08049912706874877,1.6913586003826233,2.018202432541621,0,1,1,4.033065602750161,0.248
192,655177,2.0,2.139464778180436,0.0336835233398664,2.0734462855618836,2.205483270798988,2.129028804615057,0.07410354747420086,1.9791402319964781,2.278917377233636,2.129028804615057,0.07318537173962571,1.9804546012144946,2.2776030080156198,0,1,1,4.720777593835287,0.354
193,656177,2.0,1.9457405203835372,0.03112193794411133,1.8847426428839884,2.006738397883086,1.9376243509762854,0.07330708475744546,1.7893467762630353,2.0859019256895355,1.9376243509762854,0.07505922040035345,1.785246032553238,2.0900026693993325,1,1,1,5.8166754692705815,0.4345
194,657177,2.0,2.000948451341309,0.031931937614727915,1.9383630036598625,2.0635338990227554,1.9769867484212753,0.06179811238739337,1.8519882676198836,2.101985229222667,1.9769867484212753,0.056657308705827435,1.8619662968242479,2.0920072000183025,1,1,1,3.148192920965271,0.2735
195,658177,2.0,1.9765475691268286,0.029376454961052546,1.9189707754097025,2.0341243628439547,1.9756048144517706,0.06093290806769447,1.8523563745718103,2.098853254331731,1.9756048144517706,0.06122933926748897,1.8513026473633112,2.09990698154023,1,1,1,4.344305665852535,0.3661
196,659177,2.0,2.007866173356524,0.03459561788596935,1.9400600082771144,2.075672338435934,1.996913814439148,0.07999907797800658,1.8351004058017213,2.158727223076575,1.996913814439148,0.07791840268013092,1.8387310474016116,2.1550965814766845,1,1,1,5.072685047485359,0.3191
197,660177,2.0,1.8446839357485267,0.03079444843550914,1.784327925891153,1.9050399456059004,1.8329915004780721,0.06900234073080137,1.6934210924205975,1.9725619085355468,1.8329915004780721,0.06683690452938557,1.6973053706932553,1.968677630262889,0,0,0,4.710725479315827,0.2943
198,661177,2.0,2.0634214506994364,0.035661399859533115,1.9935263913364698,2.133316510062403,2.0576203698382796,0.0759449558845427,1.9040071971480228,2.2112335425285363,2.0576203698382796,0.07825023018517031,1.898763957151951,2.216476782524608,1,1,1,4.814758110628545,0.2989
199,662177,2.0,1.9430106772090576,0.030468572610987562,1.8832933722311784,2.002727982186937,1.935159005618773,0.07005991838922015,1.793449444834381,2.076868566403165,1.935159005618773,0.07145610116852784,1.790095408114686,2.08022260312286,1,1,1,5.500148492879287,0.3119
200,663177,2.0,1.9745875400070028,0.030327377260624722,1.9151469728306192,2.0340281071833863,1.9862957623547706,0.05292373795133065,1.8792473981462092,2.093344126563332,1.9862957623547706,0.04895368228855292,1.886914503823731,2.0856770208858104,1,1,1,2.605559663751086,0.2564
201,664177,2.0,2.018888752549162,0.03307980703187837,1.9540535221511457,2.0837239829471788,2.0295493210281017,0.07130607616834135,1.885319168218948,2.1737794738372553,2.0295493210281017,0.07191103708046702,1.8835621545223413,2.1755364875338623,1,1,1,4.72568934933828,0.3039
202,665177,2.0,2.1034565617141996,0.03122131079034927,2.042263917014983,2.164649206413416,2.1199896355436234,0.05907825764525154,2.0004925802329807,2.239486690854266,2.1199896355436234,0.0582830485168434,2.00166875666698,2.2383105144202666,0,0,0,3.4848352760476518,0.3546
203,666177,2.0,1.9980192581049623,0.03345261464662708,1.9324533382088762,2.0635851780010483,1.9922116666191603,0.06766783667963222,1.8553405477887377,2.1290827854495826,1.9922116666191603,0.06809653114847465,1.8539683588482956,2.130454974390025,1,1,1,4.1437146741018065,0.3203
204,667177,2.0,1.971639390067596,0.029581337005758792,1.9136610349217669,2.029617745213425,1.9669755035689658,0.06624204073111024,1.8329883292574438,2.1009626778804877,1.9669755035689658,0.06755720787686927,1.829827080247677,2.1041239268902547,1,1,1,5.215642140506959,0.256
205,668177,2.0,2.121931430732435,0.03550229931508344,2.0523482027065105,2.1915146587583596,2.1388865001667163,0.057298862988967365,2.0229886102705015,2.254784390062931,2.1388865001667163,0.053430487888222356,2.030416843094552,2.2473561572388805,0,0,0,2.264984933230207,0.2313
206,669177,2.0,2.1428688107934963,0.028737526462933056,2.086544293921381,2.1991933276656117,2.1490278730319123,0.06866905075344376,2.0101316075853783,2.2879241384784463,2.1490278730319123,0.07017680052384964,2.0065613939092026,2.291494352154622,0,0,0,5.963323364779179,0.3539
207,670177,2.0,1.9920973554196368,0.03521696332807456,1.9230733756517429,2.0611213351875306,1.9795835611475536,0.06953687242322666,1.8389319606893384,2.120235161605769,1.9795835611475536,0.0614290386733274,1.8548759827120347,2.1042911395830726,1,1,1,3.0425913598747583,0.2708
208,671177,2.0,1.9645988844650186,0.029808103570390824,1.9061760750196128,2.0230216939104246,1.9855511118630633,0.05359555556617629,1.877143868265033,2.0939583554610937,1.9855511118630633,0.04903831742147377,1.8859980348776726,2.085104188848454,1,1,1,2.7064650790469758,0.3265
209,672177,2.0,2.007867070879799,0.02939521166923809,1.9502535146901607,2.0654806270694372,1.9976920046952658,0.06297302045113043,1.870317048021475,2.1250669613690567,1.9976920046952658,0.06285507481584747,1.8700894189808455,2.1252945904096863,1,1,1,4.572224134129136,0.2874
210,673177,2.0,2.0409925408774767,0.03097847012343257,1.9802758551393989,2.101709226615555,2.044220180552335,0.058092161632128755,1.9267176926937204,2.16172266841095,2.044220180552335,0.056169884679394086,1.9301892523357895,2.1582511087688805,1,1,1,3.2876617731350803,0.2483
211,674177,2.0,2.039214052751105,0.03203715105068028,1.9764223905245022,2.102005714977708,2.02034001764268,0.07035119806588848,1.8780412881010995,2.16263874718426,2.02034001764268,0.0692191757240391,1.8798176202183543,2.160862415067005,1,1,1,4.668152862089999,0.3548
212,675177,2.0,1.9580673598866825,0.03238858194025382,1.8945869057734606,2.0215478139999044,1.966426919661526,0.06323096412446276,1.838530222661805,2.094323616661247,1.966426919661526,0.06410255925704662,1.8362918058926583,2.0965620334303936,1,1,1,3.917119943185617,0.2373
213,676177,2.0,1.9156077640507398,0.03209300815341293,1.8527066239145003,1.9785089041869794,1.9129767582068986,0.08890314930484147,1.7331531653453234,2.092800351068474,1.9129767582068986,0.09178525272431844,1.7266427889547984,2.099310727458999,0,1,1,8.179466220622393,0.4009
214,677177,2.0,1.9615815880705192,0.030890183320533983,1.9010379412864327,2.0221252348546055,1.9778617720437284,0.07140964637141117,1.833422128725239,2.1223014153622177,1.9778617720437284,0.07178116485571201,1.8321382601711025,2.1235852839163543,1,1,1,5.399829313054023,0.2234
215,678177,2.0,1.998430517806098,0.03032635638948881,1.9389919515003737,2.057869084111822,2.014145709814824,0.06502414068376022,1.8826219708705891,2.1456694487590586,2.014145709814824,0.06407118107072467,1.8840742971507825,2.144217122478865,1,1,1,4.463597139987435,0.3305
216,679177,2.0,2.0129487553702172,0.03726809594889667,1.9399046295379967,2.0859928812024378,2.013671619098589,0.09359451707017956,1.824358839255511,2.2029843989416666,2.013671619098589,0.09402811403387704,1.8227843993199877,2.20455883887719,1,1,1,6.365624855538968,0.3351
217,680177,2.0,2.0275244468315345,0.030782154402159412,1.967192532836751,2.087856360826318,2.036060911302092,0.06670914266186345,1.9011289341565039,2.17099288844768,2.036060911302092,0.06755623749596727,1.8989144579587658,2.1732073646454184,1,1,1,4.816514622436215,0.3035
218,681177,2.0,1.9660655766911828,0.03142845034729074,1.9044669459205876,2.027664207461778,1.9688988292336398,0.05878600570881984,1.8499929092611807,2.0878047492060987,1.9688988292336398,0.05934090631320143,1.8484303848576489,2.0893672736096307,1,1,1,3.565023645546914,0.315
219,682177,2.0,1.9581491563300357,0.02935679687663342,1.9006108917503763,2.0156874209096953,1.961184249340221,0.052582316138947774,1.854826475931469,2.067542022748973,1.961184249340221,0.05380954393082015,1.8519450675907279,2.070423431089714,1,1,1,3.359706089084238,0.2588
220,683177,2.0,1.882428593650675,0.032378016114487033,1.818968848175423,1.9458883391259272,1.880744940035831,0.07055290270781484,1.738038224346497,2.023451655725165,1.880744940035831,0.07230180121215636,1.733964480168252,2.0275253999034097,0,1,1,4.986522279112102,0.3444
221,684177,2.0,2.0437952984831167,0.03084700037564969,1.9833362887157497,2.1042543082504834,2.04846428315302,0.0633151321233526,1.9203973403061871,2.1765312259998533,2.04846428315302,0.06524737759570375,1.9160050645984383,2.180923501707602,1,1,1,4.474043941060534,0.3254
222,685177,2.0,2.0564521730420524,0.03382332760744425,1.9901596690941623,2.1227446769899423,2.0489256072848274,0.07221235981254297,1.9028623227775694,2.1949888917920855,2.0489256072848274,0.0699850674199895,1.906848367056372,2.191002847513283,1,1,1,4.281324107985929,0.3053
223,686177,2.0,2.0125285984285965,0.034774153137531454,1.9443725106861545,2.080684686171039,2.0134895368680708,0.089997696205016,1.8314520139299582,2.1955270598061833,2.0134895368680708,0.09213265098025117,1.8264503116623412,2.2005287620738003,1,1,1,7.019626590037853,0.3408
224,687177,2.0,1.9396439273704214,0.03371115934852788,1.873571269170216,2.0057165855706267,1.9442507468193195,0.08303063164404559,1.7763054421079916,2.1121960515306473,1.9442507468193195,0.08359775362561918,1.7745382844000313,2.113963209238608,1,1,1,6.149528778371543,0.205
225,688177,2.0,2.02517674466817,0.03492831888330491,1.956718497616362,2.093634991719978,2.0303294660724696,0.06931725001926227,1.89012209385659,2.170536838288349,2.0303294660724696,0.07133906801239508,1.8855034585065158,2.1751554736384233,1,1,1,4.171569619920044,0.4583
226,689177,2.0,1.9557959772546583,0.04158929598719312,1.8742824549773835,2.0373094995319327,1.9617079107556297,0.07971019286728356,1.8004788274085963,2.122936994102663,1.9617079107556297,0.08062643628149105,1.7980275432340036,2.1253882782772555,1,1,1,3.7583030020772625,0.3518
227,690177,2.0,1.9335746451138247,0.030268301573737923,1.8742498641561014,1.992899426071548,1.9306574578489344,0.07891540476461276,1.7710359851805264,2.0902789305173424,1.9306574578489344,0.08154304125897172,1.765116283295451,2.0961986324024178,0,1,1,7.257678155796397,0.3041
228,691177,2.0,1.9409386971088782,0.03316715483300162,1.8759322681665314,2.005945126051225,1.9476804595327135,0.06676416740729155,1.8126371843341706,2.0827237347312564,1.9476804595327135,0.06506369999996038,1.815594126321492,2.0797667927439347,1,1,1,3.8482304992997625,0.2404
229,692177,2.0,1.9960163000564923,0.033560582900249915,1.9302387662718317,2.061793833841153,1.9914870471264643,0.0867454101330237,1.8160278936955325,2.1669462005573963,1.9914870471264643,0.08792432251387428,1.812991182905008,2.1699829113479208,1,1,1,6.863712289353789,0.3173
230,693177,2.0,2.0022923014944842,0.03548171759552701,1.9327494128976301,2.0718351900913383,2.0037171394189484,0.05975565264636607,1.8828499233902731,2.124584355447624,2.0037171394189484,0.06008188194765479,1.8817444345328131,2.1256898443050836,1,1,1,2.8673307047459238,0.3865
231,694177,2.0,2.173175391589357,0.0345005713791239,2.105555514240221,2.240795268938493,2.1889655996948747,0.06828101925511292,2.0508542020367027,2.3270769973530467,2.1889655996948747,0.06589151443007252,2.0551987138459626,2.3227324855437868,0,0,0,3.647593249948969,0.2434
232,695177,2.0,2.0487386044004374,0.028804881281663728,1.9922820745094245,2.10519513429145,2.0351531980447213,0.0667877553144692,1.9000622118005075,2.170244184288935,2.0351531980447213,0.06815681430236319,1.8967875089652075,2.173518887124235,1,1,1,5.5986895552191065,0.3443
233,696177,2.0,1.9860794673580724,0.03072152930177984,1.925866376376592,2.046292558339553,2.003062820592702,0.07918890485670278,1.8428881417713945,2.16323749941401,2.003062820592702,0.08003644530015924,1.840580198439874,2.1655454427455303,1,1,1,6.787188672085634,0.2512
234,697177,2.0,1.9432689182311602,0.03528578524602097,1.8741100499827443,2.0124277864795763,1.9399023163080755,0.05889741474260396,1.8207710502945713,2.0590335823215797,1.9399023163080755,0.05973156200013752,1.8186407987248194,2.0611638338913316,1,1,1,2.8655511858587808,0.2994
235,698177,2.0,1.8723597916644485,0.03914411050864413,1.7956387448606501,1.949080838468247,1.8713450991334686,0.06439059875406067,1.7411028196978997,2.0015873785690372,1.8713450991334686,0.0640252346431319,1.741366962676358,2.0013232355905792,0,1,1,2.675281583491229,0.2667
236,699177,2.0,2.055246420966773,0.033993083936369954,1.9886212007280408,2.121871641205505,2.0374435000007676,0.0714889292648384,1.8928434918936288,2.1820435081079066,2.0374435000007676,0.06922689924324679,1.8969054229988647,2.1779815770026705,1,1,1,4.147330309758969,0.2928
237,700177,2.0,2.0872809496202094,0.036635793605731055,2.0154761136079338,2.159085785632485,2.0826261340226773,0.06947418323866349,1.9421013344088625,2.223150933636492,2.0826261340226773,0.06623739344015663,1.9481570764531781,2.2170951915921764,0,1,1,3.2688520177728653,0.298
238,701177,2.0,2.0535644332622964,0.03720557153542973,1.9806428530286255,2.1264860134959673,2.0818124086920395,0.07663271584313358,1.926808110178376,2.236816707205703,2.0818124086920395,0.07550897421868424,1.928521041476638,2.235103775907441,1,1,1,4.118899355654101,0.3144
239,702177,2.0,2.0657068512018952,0.034310641634451675,1.9984592293119094,2.132954473091881,2.062840487880699,0.07059991866818385,1.9200386734352297,2.205642302326168,2.062840487880699,0.06997804722472421,1.9207774994063094,2.2049034763550885,1,1,1,4.159737818971587,0.3235
240,703177,2.0,1.9363405646025205,0.028348465984683192,1.8807785922555826,1.9919025369494583,1.9303913851005987,0.06234907819036224,1.804278470772291,2.0565042994289064,1.9303913851005987,0.06265985522154661,1.8031851162323183,2.057597653968879,0,1,1,4.8856195883215126,0.3119
241,704177,2.0,2.0543577095893975,0.033334768090870555,1.989022764698296,2.119692654480499,2.041053493452693,0.07644171168319563,1.8864355373190254,2.195671449586361,2.041053493452693,0.07627997862463554,1.886196904080054,2.1959100828253324,1,1,1,5.2363208443282385,0.3155
242,705177,2.0,1.964386231493541,0.03712869562211728,1.891615325281241,2.0371571377058406,1.9717220071147818,0.07790239990786452,1.8141495301720718,2.129294484057492,1.9717220071147818,0.08019005348848578,1.8089275437609877,2.1345164704685757,1,1,1,4.6646774837367415,0.3537
243,706177,2.0,1.9518986974079187,0.03129934179879047,1.8905531147424801,2.013244280073357,1.9401750875374044,0.0847361129421343,1.76878012129014,2.1115700537846687,1.9401750875374044,0.08441195296460252,1.7688097125848699,2.111540462489939,1,1,1,7.273400247972156,0.3417
244,707177,2.0,2.093059483491391,0.03131587262719042,2.0316815009976543,2.154437465985128,2.111804891684366,0.0660431978311902,1.9782199151010262,2.245389868267706,2.111804891684366,0.05846596283619712,1.9931126769978125,2.23049710637092,0,1,1,3.4855970263650335,0.4223
245,708177,2.0,1.944150117172042,0.03350486912740563,1.8784817803755989,2.0098184539684847,1.9445457589536868,0.0897565349202605,1.7629960307565133,2.12609548715086,1.9445457589536868,0.08868377783206997,1.7645081184696094,2.124583399437764,1,1,1,7.006038488542962,0.2804
246,709177,2.0,2.0768644425229064,0.035110560244983574,2.0080490089657146,2.145679876080098,2.081320673786248,0.08774859388788447,1.903832389683231,2.258808957889265,2.081320673786248,0.08796249876153957,1.9027473076617356,2.2598940399107605,0,1,1,6.276529828167109,0.3129
247,710177,2.0,1.9498034777484308,0.03913374568129444,1.8731027456329439,2.026504209863918,1.950519416059572,0.07239394948258525,1.8040888317755468,2.0969500003435972,1.950519416059572,0.07440580358478859,1.799467604294255,2.101571227824889,1,1,1,3.6150206814180845,0.3491
248,711177,2.0,1.8945090441405503,0.03524226681669216,1.8254354704462825,1.9635826178348181,1.8972277555463237,0.07938939089846797,1.7366475554287435,2.057807955663904,1.8972277555463237,0.08009698132369734,1.7346222387321661,2.059833272360481,0,1,1,5.16540796463373,0.2974
249,712177,2.0,1.9995034662497422,0.036003966933573245,1.9289369877593676,2.0700699447401165,1.9852315281961543,0.07057614739635668,1.8424777956863676,2.127985260705941,1.9852315281961543,0.07119321063552823,1.840701626847372,2.1297614295449367,1,1,1,3.9099972289480727,0.34
250,713177,2.0,2.0714620970587796,0.03314187943837057,2.0065052069796048,2.1364189871379544,2.0794021225712473,0.06392222059314898,1.950107227388898,2.2086970177535967,2.0794021225712473,0.06556989160289264,1.9462881657736995,2.2125160793687955,0,1,1,3.9143050233664143,0.2761
251,714177,2.0,1.9679551582289396,0.036227916761926535,1.8969497461406486,2.0389605703172307,1.968061702984176,0.09016746711942993,1.785680785958992,2.1504426200093603,1.968061702984176,0.09315531428595544,1.7789463608936056,2.1571770450747465,1,1,1,6.611934586355439,0.2652
252,715177,2.0,2.062312048509831,0.03366802303848232,1.996323935923741,2.1283001610959214,2.0419290543261295,0.07400448834306686,1.8922408477126418,2.191617260939617,2.0419290543261295,0.075024195100899,1.889621841041194,2.194236267611065,1,1,1,4.965551130443935,0.3169
253,716177,2.0,2.0405895291129164,0.03345324454444318,1.9750223746397966,2.106156683586036,2.0351610331037624,0.06580621867622048,1.9020553921054177,2.168266674102107,2.0351610331037624,0.06782224742059184,1.8974745509034625,2.172847515304062,1,1,1,4.110246452859401,0.3252
254,717177,2.0,1.9291434082645407,0.030588151396549294,1.8691917331736454,1.989095083355436,1.9237919985040552,0.05990837030370406,1.8026158818565532,2.0449681151515575,1.9237919985040552,0.05593868002058492,1.8102304406984069,2.0373535563097036,0,1,1,3.3443980856350657,0.394
255,718177,2.0,1.9933164757509132,0.03952822594935669,1.9158425765174125,2.070790374984414,1.9740527261572627,0.07795982500970028,1.8163640959824872,2.131741356332038,1.9740527261572627,0.07949469655523728,1.8126699124266203,2.1354355398879052,1,1,1,4.044470434716918,0.2168
256,719177,2.0,2.0643722408563017,0.02852579529227346,2.0084627094530836,2.1202817722595197,2.0605285203792074,0.048565279811286645,1.9622959698758733,2.1587610708825413,2.0605285203792074,0.04817405774229665,1.9627299838205812,2.1583270569378334,0,1,1,2.8520092854338004,0.201
257,720177,2.0,1.9802276863184325,0.03008223982440086,1.9212675796883103,2.039187792948555,1.9638723910540576,0.06566472155645507,1.8310529549950738,2.0966918271130415,1.9638723910540576,0.06604384044082626,1.8297962669630357,2.0979485151450796,1,1,1,4.819969615066192,0.3091
258,721177,2.0,2.036701237995871,0.03030107094214716,1.9773122302562693,2.0960902457354726,2.0341698825015784,0.0642763251607924,1.9041587432255132,2.1641810217776434,2.0341698825015784,0.06442182633482826,1.903386622106877,2.16495314289628,1,1,1,4.520121503708432,0.3302
259,722177,2.0,1.9929445245479218,0.030124741697732816,1.9339011157767936,2.05198793331905,1.988160948948368,0.0651823352264751,1.8563172313389846,2.1200046665577514,1.988160948948368,0.06484202781917672,1.8565246341888282,2.119797263707908,1,1,1,4.633044939734221,0.1579
260,723177,2.0,2.0370247762567284,0.03203608310642979,1.9742352071623939,2.0998143453510627,2.043563775014716,0.06299739525275483,1.9161395156510022,2.1709880343784302,2.043563775014716,0.06487493965819922,1.9118606456698435,2.175266904359589,1,1,1,4.100861581619205,0.3701
261,724177,2.0,1.889443017137438,0.031280343289150796,1.8281346708666533,1.9507513634082225,1.8984345678867633,0.07471931308938579,1.7473004917494788,2.0495686440240477,1.8984345678867633,0.07568991594196357,1.7447758694443811,2.0520932663291456,0,1,1,5.855082578389135,0.2623
262,725177,2.0,1.9507625323415572,0.033137164511048714,1.885814883350123,2.0157101813329916,1.9595037452317332,0.07992852495970465,1.797833043543807,2.1211744469196594,1.9595037452317332,0.07662243232064267,1.8039519378957714,2.115055552567695,1,1,1,5.346642924441151,0.3001
263,726177,2.0,1.9474143391778511,0.03543087181957986,1.8779711064706195,2.0168575718850827,1.9138069473623935,0.08615144771222616,1.739549196326852,2.088064698397935,1.9138069473623935,0.08172670036152399,1.7478929250087236,2.0797209697160635,1,1,1,5.320644623188578,0.3248
264,727177,2.0,2.10834071906161,0.03400782218243164,2.0416866123914015,2.1749948257318183,2.1103479236809837,0.07002298760418463,1.9687130624601528,2.2519827849018146,2.1103479236809837,0.06844195805443634,1.9714033620096951,2.249292485352272,0,1,1,4.0503001607281055,0.3605
265,728177,2.0,1.972652348067434,0.02775575778092838,1.9182520624531971,2.027052633681671,1.9653175781683345,0.0588172328159786,1.8463484954097664,2.0842866609269026,1.9653175781683345,0.05768394916998866,1.8482129356255508,2.082422220711118,1,1,1,4.319204762241584,0.3027
266,729177,2.0,2.0600265258214177,0.03186166873941581,1.997578802604817,2.122474249038018,2.0391961885723746,0.07119379427630877,1.8951931473267198,2.1831992298180296,2.0391961885723746,0.06661922305136879,1.9039519756819128,2.1744404014628365,1,1,1,4.371818170375187,0.227
267,730177,2.0,1.9608086100652362,0.03666841384744918,1.888939839554026,2.0326773805764464,1.969943336592375,0.06774370625991918,1.8329187570507992,2.106967916133951,1.969943336592375,0.06681950023328,1.8342925394070677,2.1055941337776822,1,1,1,3.3206430783064182,0.3358
268,731177,2.0,2.108452519724842,0.03152305749698622,2.0466684623481637,2.1702365771015204,2.0992915333355384,0.062107671771871084,1.9736669095779513,2.2249161570931255,2.0992915333355384,0.0605057651561172,1.9764582997872515,2.2221247668838253,0,1,1,3.6841461180275545,0.3381
269,732177,2.0,1.8160179382421222,0.03516046327829944,1.7471046965369121,1.8849311799473323,1.8031288767372418,0.08010175212486312,1.6411077900352458,1.9651499634392378,1.8031288767372418,0.08076486782769039,1.6391674782361565,1.967090275238327,0,0,0,5.276376724212359,0.3331
270,733177,2.0,2.0852046801798467,0.037387832580177804,2.011925874862685,2.1584834854970083,2.089066540849778,0.0938908904681475,1.8991542892256903,2.278978792473866,2.089066540849778,0.09136334323678416,1.9035890933933253,2.274543988306231,0,1,1,5.971499329581684,0.276
271,734177,2.0,2.0427022951387803,0.04947776051430503,1.9457276664950445,2.139676923782516,2.013864976505299,0.08567442732171743,1.840572090282312,2.187157862728286,2.013864976505299,0.08466268738259405,1.8419905836229147,2.1857393693876834,1,1,1,2.927952529894904,0.2869
272,735177,2.0,2.0359104827529086,0.04144716914170344,1.9546755239740299,2.1171454415317874,2.0372348504864,0.0889529198901885,1.8573105871137585,2.217159113859042,2.0372348504864,0.09038301496261383,1.8537475752316286,2.220722125741172,1,1,1,4.755365489551775,0.3232
273,736177,2.0,1.9796487228181456,0.053917902924275535,1.8739715749646386,2.0853258706716526,1.979462961114085,0.08199131066832213,1.8136198815033566,2.1453060407248135,1.979462961114085,0.08354509566140171,1.8098574000454402,2.14906852218273,1,1,1,2.4009103087694816,0.2393
274,737177,2.0,1.9467556007839777,0.031826009599354645,1.8843777681976166,2.009133433370339,1.93103775228103,0.0798710715777369,1.7694832610271354,2.0925922435349245,1.93103775228103,0.07777748914890255,1.773141054920438,2.0889344496416222,1,1,1,5.972325357585572,0.3085
275,738177,2.0,2.0232386000355067,0.030360627685539644,1.9637328632238193,2.082744336847194,2.0078801242667326,0.06001824097522727,1.8864817732095622,2.129278475323903,2.0078801242667326,0.05776178583883488,1.8906174648854155,2.1251427836480494,1,1,1,3.619592934935628,0.2651
276,739177,2.0,2.001631300802271,0.031414421024817535,1.9400601669984505,2.063202434606091,2.000147047195447,0.07134135683197951,1.8558455325082994,2.1444485618825944,2.000147047195447,0.06991218173146527,1.8582177727811204,2.1420763216097733,1,1,1,4.952763501494951,0.2866
277,740177,2.0,1.9528638191436771,0.029359954123226124,1.8953193664744057,2.0104082718129486,1.947108705051912,0.06461754195111741,1.8164073896722923,2.0778100204315315,1.947108705051912,0.062225942587899076,1.8207833256613675,2.0734340844424564,1,1,1,4.4919221684550195,0.3823
278,741177,2.0,1.951226287163264,0.03292760523318893,1.886689366809061,2.015763207517467,1.9556584751668529,0.06821941151613274,1.81767169092292,2.0936452594107857,1.9556584751668529,0.06358607977695314,1.8265718704853016,2.084745079848404,1,1,1,3.729098100604643,0.292
279,742177,2.0,2.061388251720209,0.029717293160977692,2.003143427406674,2.119633076033744,2.0793135024009484,0.07195560146198533,1.9337695606780068,2.2248574441238897,2.0793135024009484,0.07132022847860292,1.9345257411219108,2.224101263679986,0,1,1,5.759794043743366,0.252
280,743177,2.0,1.962181388016759,0.03252785121602552,1.8984279711388714,2.0259348048946464,1.9749029251409387,0.06813912104380096,1.8370785437063568,2.1127273065755205,1.9749029251409387,0.06772306602078151,1.8374177918867287,2.1123880583951484,1,1,1,4.334734214067253,0.2995
281,744177,2.0,1.951104839976578,0.033703649404469266,1.8850469009962534,2.0171627789569024,1.9653825736089359,0.07268842180324421,1.8183563628357118,2.11240878438216,1.9653825736089359,0.07030084446440632,1.8226642718990504,2.1081008753188213,1,1,1,4.350781034839531,0.3385
282,745177,2.0,1.9392209928826203,0.02898253545704696,1.882416267206153,1.9960257185590875,1.945323047442166,0.06669155251133384,1.8104266497343364,2.080219445149996,1.945323047442166,0.0676296149684777,1.8080276299101414,2.082618464974191,0,1,1,5.445040045023551,0.2764
283,746177,2.0,2.086967869717319,0.032635877836591436,2.0230027245537507,2.1509330148808874,2.0817971231102024,0.05985522689738072,1.9607284991481304,2.2028657470722743,2.0817971231102024,0.0573655829409033,1.965338798373172,2.1982554478472327,0,1,1,3.0896709161880467,0.3329
284,747177,2.0,2.0268216616761223,0.028888711916975687,1.970200826759097,2.0834424965931477,2.0264574256399475,0.062332697847614846,1.900377643682182,2.152537207597713,2.0264574256399475,0.0640366339277637,1.8964561474047295,2.1564587038751655,1,1,1,4.913609450412066,0.352
285,748177,2.0,1.9155725735998936,0.035556412953428686,1.84588328479174,1.9852618624080474,1.9005700664748357,0.06684136418094266,1.7653706460631726,2.035769486886499,1.9005700664748357,0.0602015351903368,1.778354452592091,2.0227856803575803,0,1,1,2.8666802186507305,0.2685
286,749177,2.0,1.9820750101770048,0.04125636648765306,1.9012140177282195,2.06293600262579,1.9701506712389278,0.08574722932249605,1.7967105290700052,2.1435908134078505,1.9701506712389278,0.08822056475151152,1.7910534033021617,2.149247939175694,1,1,1,4.572542119095067,0.2971
287,750177,2.0,1.9845193801002226,0.03877435703815045,1.9085230367817505,2.0605157234186944,1.9862612661153822,0.06645698352273934,1.8518393289709048,2.1206832032598597,1.9862612661153822,0.06710128430860272,1.8500384168447075,2.1224841153860567,1,1,1,2.9948319323189994,0.2429
288,751177,2.0,1.9199941982518407,0.028897240740110998,1.8633566471486396,1.9766317493550418,1.9305857862991178,0.05178867874757184,1.8258332960357035,2.0353382765625323,1.9305857862991178,0.05106079473922063,1.8269268620762626,2.034244710521973,0,1,1,3.122211997344431,0.3359
289,752177,2.0,2.0361393262672185,0.03165955197251789,1.9740877446344094,2.0981909079000274,2.0381259538080485,0.08214140109060183,1.8719792876629906,2.2042726199531066,2.0381259538080485,0.08169163432753249,1.872283119287997,2.2039687883281,1,1,1,6.658028348462325,0.2822
290,753177,2.0,1.9319323422481989,0.02996193105256291,1.8732080364779033,1.9906566480184944,1.917766961327522,0.060141317030121426,1.7961196654516431,2.0394142572034006,1.917766961327522,0.0608372041197231,1.7942608709114876,2.041273051743556,0,1,1,4.122862903485762,0.3292
291,754177,2.0,2.0451930824669,0.03589055470961213,1.9748488878508956,2.115537277082904,2.05575030252206,0.08395105334746081,1.8859432691886293,2.2255573358554908,2.05575030252206,0.08563871745881554,1.8818944632437276,2.2296061418003923,1,1,1,5.693508428081538,0.2871
292,755177,2.0,2.1306426301133334,0.029222118802816156,2.073368329707863,2.1879169305188038,2.1167999500684176,0.05597355860478322,2.003582741316377,2.2300171588204583,2.1167999500684176,0.05505426012174166,2.0050338601113133,2.228566040025522,0,0,0,3.549428702373625,0.2468
293,756177,2.0,1.9418625056089165,0.034162855964163304,1.874904538310127,2.008820472907706,1.9394787178917128,0.06142612361874722,1.815232655395017,2.0637247803884082,1.9394787178917128,0.06321219487627207,1.8111511399112872,2.0678062958721384,1,1,1,3.4236818523763537,0.3873
294,757177,2.0,1.945268396482934,0.030556616729758616,1.8853785282032132,2.005158264762655,1.9570107610012801,0.06962293462000384,1.8161850833190853,2.097836438683475,1.9570107610012801,0.0710617098207185,1.8127478204992142,2.101273701503346,1,1,1,5.4082999740324125,0.358
295,758177,2.0,1.9480722373376236,0.030607099338097327,1.888083424963713,2.008061049711534,1.9345594730997173,0.05401272840383323,1.8253084177908723,2.0438105284085624,1.9345594730997173,0.05415751665251259,1.8246138691691016,2.0445050770303332,1,1,1,3.1309284121298453,0.2214
296,759177,2.0,1.9582463131271857,0.033969788465129734,1.8916667511730871,2.024825875081284,1.9563106343377643,0.06596134807033373,1.822891214522516,2.0897300541530126,1.9563106343377643,0.06632305848071904,1.8216676674902454,2.090953601185283,1,1,1,3.811916738002446,0.2897
297,760177,2.0,2.104052330531414,0.03253040985501697,2.0402938988132537,2.1678107622495744,2.1039177057609777,0.06113927842763065,1.9802518424278097,2.2275835690941457,2.1039177057609777,0.060761793594141925,1.9805647068507992,2.227270704671156,0,1,1,3.488848411926407,0.2532
298,761177,2.0,2.0649144609043883,0.03253941999481994,2.0011383696367187,2.128690552172058,2.0521660511804525,0.08395126020893749,1.8823585994301912,2.2219735029307137,2.0521660511804525,0.0837162142768313,1.8822131008539527,2.222119001506952,0,1,1,6.619109212653627,0.3868
299,762177,2.0,1.9244103890055722,0.03109169393928823,1.8634717886662249,1.9853489893449194,1.9274776496721144,0.04765216195787528,1.831092054359799,2.02386324498443,1.9274776496721144,0.04894126719423643,1.8281215951224767,2.0268337042217524,0,1,1,2.4777737752769085,0.2484
300,763177,2.0,1.9292658002513159,0.03080996575334136,1.8688793770098544,1.9896522234927774,1.9150486535900662,0.06915910326083106,1.7751611633864985,2.054936143793634,1.9150486535900662,0.06764597937427709,1.7777200145480871,2.052377292632045,0,1,1,4.820604996187506,0.3646
301,764177,2.0,2.066216039187194,0.029884562561270922,2.007643372873369,2.1247887055010195,2.0825853543806665,0.06662367586530307,1.9478262501484458,2.2173444586128874,2.0825853543806665,0.06151212382424428,1.9577091041215513,2.2074616046397817,0,1,1,4.236699269659722,0.3196
302,765177,2.0,2.0315115186102273,0.03188929443172313,1.9690096500316563,2.0940133871887983,2.0311416422520288,0.0557608184929821,1.918354740992456,2.1439285435116013,2.0311416422520288,0.05597242007360385,1.917511588497247,2.1447716960068104,1,1,1,3.0807634203954555,0.3287
303,766177,2.0,2.0164553696878675,0.032012776026214745,1.9537114816313395,2.0791992577443956,1.9989881615229657,0.0812482976544105,1.8346479675889455,2.163328355456986,1.9989881615229657,0.07953775509320557,1.837517934313015,2.1604583887329163,1,1,1,6.173052719065958,0.3086
304,767177,2.0,2.026654356909633,0.039882356386110776,1.948486374774265,2.1048223390450014,2.022713950441281,0.09381837388747105,1.8329483774464796,2.212479523436083,2.022713950441281,0.09633708761782926,1.827139265083778,2.218288635798784,1,1,1,5.834792363649493,0.2823
305,768177,2.0,2.0233346866732576,0.036270131543112004,1.9522465351342277,2.0944228382122874,2.0106120464808206,0.06290366974413779,1.883377364852362,2.1378467281092792,2.0106120464808206,0.06243481217301423,1.8838626392895634,2.137361453672078,1,1,1,2.963161741805783,0.3333
306,769177,2.0,2.086513598898256,0.0395623781627124,2.008972762556586,2.164054435239926,2.0834688859583346,0.07975947418007547,1.9221401217473895,2.2447976501692795,2.0834688859583346,0.07815151685083131,1.9248128719946718,2.2421248999219974,0,1,1,3.9022046635043073,0.3423
307,770177,2.0,2.0799354313815193,0.043137619680190094,1.9953872504295604,2.1644836123334783,2.087991108351374,0.08457289071247329,1.9169262902259927,2.259055926476755,2.087991108351374,0.08636558981500422,1.9126596397399167,2.263322576962831,1,1,1,4.008382267206737,0.2786
308,771177,2.0,2.0512054203488734,0.032304064246741274,1.9878906178709925,2.1145202228267546,2.036708004762168,0.08302816085861202,1.8687676976861018,2.204648311838234,2.036708004762168,0.08228999412412068,1.8696504352751164,2.2037655742492195,1,1,1,6.489029252583816,0.2216
309,772177,2.0,2.0407823081853724,0.03175415706411867,1.9785453039802716,2.1030193123904732,2.0286112331082875,0.06244182105905,1.902310728621587,2.154911737594988,2.0286112331082875,0.061138341554524175,1.9044938011983705,2.1527286650182043,1,1,1,3.7070302545325458,0.3495
310,773177,2.0,2.025781343446759,0.03266178906105701,1.9617654132164428,2.0897972736770747,2.0249869963055644,0.05823807298872531,1.9071893748708317,2.1427846177402974,2.0249869963055644,0.057848199010971726,1.907548908858387,2.142425083752742,1,1,1,3.136893294284146,0.2752
311,774177,2.0,1.918202129326581,0.03126128040417536,1.8569311456237896,1.9794731130293723,1.9262839573744959,0.07713793176985186,1.7702577631932013,2.0823101515557902,1.9262839573744959,0.07842224453290289,1.7670783369970626,2.085489577751929,0,1,1,6.2931054985727775,0.2293
312,775177,2.0,1.9774135240272377,0.03375339799172423,1.9112580796076115,2.0435689684468636,1.9825100792129635,0.05992052717181041,1.8613093729787267,2.1037107854472006,1.9825100792129635,0.06184762744348898,1.856952720396463,2.108067438029464,1,1,1,3.3574618594311794,0.2959
313,776177,2.0,1.9359731782750595,0.031893226580290535,1.8734636028269145,1.9984827537232046,1.9403240533108803,0.06091451878474861,1.8171128092665607,2.0635352973552,1.9403240533108803,0.061844256433808635,1.8147735380078582,2.0658745686139026,0,1,1,3.760121063829535,0.3653
314,777177,2.0,1.934557414326362,0.047950529557173716,1.8405761033546781,2.028538725298046,1.9466451615192484,0.09366182001605622,1.757196248618654,2.1360940744198427,1.9466451615192484,0.09399780509117708,1.7558194721655194,2.1374708508729774,1,1,1,3.8428073237159786,0.2828
315,778177,2.0,1.9639385328190233,0.028764986385412538,1.9075601954878298,2.020316870150217,1.9613640904032281,0.04908575221531727,1.8620787850941316,2.060649395712325,1.9613640904032281,0.04533496615478974,1.8693292161854285,2.0533989646210276,1,1,1,2.4839236703011704,0.2948
316,779177,2.0,2.019274018884096,0.03187296134129237,1.9568041625745254,2.0817438751936663,2.0237998863690216,0.06030281061270134,1.9018259388900143,2.145773833848029,2.0237998863690216,0.061981787408761514,1.8979701683433676,2.1496296043946757,1,1,1,3.781667665974371,0.339
317,780177,2.0,2.0829166319601184,0.040324766990153804,2.0038815409744473,2.1619517229457896,2.0814297649462543,0.08369430177647871,1.9121420606841544,2.2507174692083542,2.0814297649462543,0.08372799077164488,1.9114529070642665,2.251406622828242,0,1,1,4.311194394546162,0.2706
318,781177,2.0,1.982215816596174,0.03081888677107667,1.921811908481246,2.0426197247111024,1.9887144879531309,0.06263608999257134,1.8620210374585515,2.1154079384477105,1.9887144879531309,0.06161219852237314,1.8636350752559272,2.1137939006503346,1,1,1,3.9966812929851065,0.2942
319,782177,2.0,2.011670808281913,0.04012820728112351,1.9330209672467529,2.090320649317073,2.0088206352712272,0.07415613036932514,1.858825703708131,2.1588155668343236,2.0088206352712272,0.0749768515932976,1.8566095344164244,2.16103173612603,1,1,1,3.491040467318338,0.2935
320,783177,2.0,2.03620484914504,0.03859418544411333,1.960561635661918,2.1118480626281624,2.0443539275926037,0.06172184860623195,1.9195097048488947,2.1691981503363125,2.0443539275926037,0.06067380290542113,1.9211795592772096,2.167528295907998,1,1,1,2.471488957146822,0.3358
321,784177,2.0,1.9816761096685953,0.039466879226101606,1.9043224478032441,2.0590297715339463,1.9563196571225514,0.06539066399607227,1.8240545548025213,2.0885847594425817,1.9563196571225514,0.0637106811715308,1.826980098161997,2.085659216083106,1,1,1,2.6059070660071773,0.4339
322,785177,2.0,2.055250817979878,0.03046789840448583,1.9955348344224604,2.1149668015372955,2.033210314700033,0.08185460482667947,1.8676437487539113,2.1987768806461547,2.033210314700033,0.07957042881512852,1.8716737563081611,2.194746873091905,1,1,1,6.820534335154493,0.1781
323,786177,2.0,1.956153292714109,0.032880078798636615,1.8917095224599423,2.020597062968276,1.9502941288691074,0.0783697219695703,1.791776403835452,2.1088118539027625,1.9502941288691074,0.07586920093631996,1.7962714625382659,2.104316795199949,1,1,1,5.324334360677164,0.3411
324,787177,2.0,1.9822306253991142,0.03815150754007334,1.907455044664662,2.057006206133566,1.991204027084167,0.07350651155612627,1.8425230735960132,2.139884980572321,1.991204027084167,0.07412367556735314,1.8407249656438274,2.141683088524507,1,1,1,3.774769922111275,0.3766
325,788177,2.0,2.0410074302090733,0.03622689574852508,1.970004019270277,2.1120108411478697,2.0563947935341846,0.0746135332009268,1.9054746774168088,2.2073149096515605,2.0563947935341846,0.07464840290903255,1.9048504789573317,2.2079391081110376,1,1,1,4.245988351447612,0.3659
326,789177,2.0,2.1381758375919673,0.03093048267788528,2.077553205518872,2.1987984696650624,2.1388727208020555,0.06005889265008818,2.0173921439712594,2.2603532976328515,2.1388727208020555,0.06177384586381901,2.0134651465554017,2.2642802950487093,0,0,0,3.988741443555351,0.31
327,790177,2.0,2.0726527105564165,0.031585030755915136,2.010747187824233,2.1345582332886,2.072924647251116,0.0729135691514739,1.925443032980957,2.2204062615212745,2.072924647251116,0.07466021753761748,1.9213563477031033,2.224492946799128,0,1,1,5.587478869476847,0.2981
328,791177,2.0,2.0341543309841277,0.03043022608507933,1.974512183815961,2.0937964781522944,2.045004071197477,0.05797564387367483,1.92773726275091,2.1622708796440437,2.045004071197477,0.0541688135138367,1.9350355334191227,2.154972608975831,1,1,1,3.1687522731394013,0.3262
329,792177,2.0,2.024593842852254,0.030062088852528052,1.9656732314012562,2.083514454303252,2.031905173296521,0.06434154526169895,1.9017621139145484,2.1620482326784938,2.031905173296521,0.06398320051684278,1.9020123706524472,2.161797975940595,1,1,1,4.529952126139908,0.201
330,793177,2.0,2.0415516289139597,0.03087820988897862,1.981031449624493,2.1020718082034264,2.0643129998606886,0.07038492679427558,1.9219460475264554,2.206679952194922,2.0643129998606886,0.06791790938294955,1.9264323135521744,2.2021936861692026,1,1,1,4.83798356335685,0.3577
331,794177,2.0,2.053274109246786,0.03627498970229035,1.9821764358907354,2.1243717826028363,2.0363803711269135,0.07255283421386519,1.8896284121395959,2.183132330114231,2.0363803711269135,0.07407306576891454,1.8860040530396311,2.186756689214196,1,1,1,4.169711850686772,0.324
332,795177,2.0,2.0511243934300127,0.02885536419888599,1.9945689188394098,2.107679868020616,2.0424291284433695,0.05657572037066222,1.9279939325550923,2.156864324331647,2.0424291284433695,0.05752954565222565,1.9256379417061462,2.1592203151805927,1,1,1,3.974923437760817,0.2815
333,796177,2.0,2.0816230094437835,0.029911135527267957,2.0229982610736417,2.1402477578139254,2.057090508875688,0.06348155984517677,1.9286869341870787,2.185494083564297,2.057090508875688,0.061170928790662056,1.9329069213593277,2.1812740963920483,0,1,1,4.182388272163595,0.3244
334,797177,2.0,2.0524659544494432,0.03210106717884809,1.9895490189136003,2.1153828899852862,2.0635857358610505,0.06187177135069681,1.9384382657434056,2.1887332059786955,2.0635857358610505,0.06291346646158474,1.9358646088036753,2.1913068629184256,1,1,1,3.8410352165116572,0.2644
335,798177,2.0,1.8501951175392501,0.03157886485202131,1.7883016797566307,1.9120885553218696,1.841170308300584,0.07128727131987236,1.6969781918876812,1.9853624247134867,1.841170308300584,0.06792621928384665,1.7032727519963755,1.9790678646047923,0,0,0,4.626812032914689,0.2672
336,799177,2.0,2.014017044173853,0.030814127873179883,1.9536224633274086,2.0744116250202973,2.020607572506314,0.07154130752569565,1.8759016193665319,2.1653135256460962,2.020607572506314,0.07116050077118366,1.8761440757124694,2.1650710693001587,1,1,1,5.333081619299034,0.2914
337,800177,2.0,1.9231930970029605,0.03645133313795174,1.8517497968641037,1.9946363971418173,1.9197717142905022,0.07318101141596618,1.7717491469803208,2.0677942816006833,1.9197717142905022,0.07419668829886786,1.769144429125051,2.070398999455953,0,1,1,4.143260216111654,0.2325
338,801177,2.0,2.008367954904844,0.03416674199192396,1.9414023711316006,2.075333538678087,1.996696387883669,0.051741201378756575,1.8920399296630646,2.101352846104273,1.996696387883669,0.05122263007906603,1.8927089204543226,2.1006838553130156,1,1,1,2.247587518883548,0.2173
339,802177,2.0,2.0059413332005867,0.03281895905136053,1.9416173554498253,2.0702653109513482,2.0132205855294356,0.07516753741554404,1.8611798901174912,2.16526128094138,2.0132205855294356,0.07673019569465472,1.8574500069135167,2.1689911641453543,1,1,1,5.466168405746582,0.2889
340,803177,2.0,2.0809387508653057,0.03094418649042257,2.0202892598131865,2.141588241917425,2.0790346259670547,0.066567489278171,1.9443891698344538,2.2136800820996556,2.0790346259670547,0.06784150735368544,1.941309044023884,2.2167602079102253,0,1,1,4.8065430689488595,0.3075
341,804177,2.0,2.065353478280296,0.03789098280469378,1.9910885166442696,2.139618439916322,2.033926427956734,0.07779162397827614,1.8765780164809611,2.1912748394325074,2.033926427956734,0.06954135899839746,1.8927499637127843,2.1751028922006843,1,1,1,3.3683297960525507,0.3409
342,805177,2.0,1.8912012253833232,0.036992512349880914,1.8186972334799034,1.963705217286743,1.8934204123817002,0.08500816133081639,1.7214751763288378,2.0653656484345624,1.8934204123817002,0.08128419509011361,1.728404723487813,2.0584361012755874,0,1,1,4.828192355785626,0.258
343,806177,2.0,2.001796177366259,0.032349941166812585,1.938391457777317,2.0652008969552016,2.00464794620097,0.07489792188958876,1.8531525996652762,2.1561432927366635,2.00464794620097,0.07636143030693342,1.8496260011223284,2.1596698912796115,1,1,1,5.571871840186699,0.2614
344,807177,2.0,1.9743343215678373,0.03480869357319599,1.9061105358154822,2.0425581073201924,1.955408093917857,0.05918728754134332,1.835690504826377,2.075125683009337,1.955408093917857,0.05909804247431389,1.835432689346677,2.075383498489037,1,1,1,2.8825094783525476,0.2811
345,808177,2.0,2.034717720278249,0.0319368378455156,1.9721226683209427,2.0973127722355556,2.0376344575070866,0.07576088983978284,1.8843935935342526,2.1908753214799206,2.0376344575070866,0.07424840848305049,1.8869021747856758,2.1883667402284974,1,1,1,5.404934950224336,0.2583
346,809177,2.0,2.0337967576388385,0.03211005686616785,1.9708622026396165,2.0967313126380605,2.025707046039514,0.07818943466129388,1.8675539865073074,2.183860105571721,2.025707046039514,0.08038799108123239,1.8625107480093863,2.188903344069642,1,1,1,6.267584558704707,0.3148
347,810177,2.0,1.9400009986066111,0.03009254575577472,1.881020692722169,1.9989813044910532,1.9294556312313298,0.06734299579105059,1.793241565116698,2.0656696973459616,1.9294556312313298,0.06682861964734442,1.7937863206512292,2.06512494181143,0,1,1,4.931818921964297,0.241
348,811177,2.0,2.017005171549121,0.02991847382994067,1.958366040370033,2.0756443027282088,2.0218940953499076,0.06876992285837884,1.8827937968126363,2.160994393887179,2.0218940953499076,0.0697134874635935,1.8803681917440855,2.1634199989557295,1,1,1,5.4294363517546635,0.1859
349,812177,2.0,2.1062598677616835,0.039321361207376865,2.0291914159721345,2.1833283195512325,2.1035760523063027,0.08839368623900364,1.9247829457620917,2.2823691588505137,2.1035760523063027,0.08940902258217856,1.922066086705108,2.2850860179074974,0,1,1,5.170179331619725,0.352
350,813177,2.0,2.0110549233117676,0.035645174122888215,1.9411916658082475,2.0809181808152877,2.009916517632246,0.07303447934371747,1.8621903394140964,2.1576426958503956,2.009916517632246,0.07399385601181611,1.859701003900844,2.160132031363648,1,1,1,4.309132409828994,0.2852
351,814177,2.0,1.9588171482302572,0.03543610576599949,1.889363657176546,2.0282706392839684,1.9496925122311424,0.06339865317015911,1.8214566321213017,2.077928392340983,1.9496925122311424,0.06143591972693131,1.8249709645141474,2.074414059948137,1,1,1,3.005749268118441,0.2804
352,815177,2.0,1.9598063012125804,0.036493693879841124,1.888279975545262,2.0313326268798986,1.9469641581865191,0.07772509491291234,1.789750314447176,2.1041780019258622,1.9469641581865191,0.07957422384559996,1.7854198954731992,2.108508420899839,1,1,1,4.754547308732468,0.2167
353,816177,2.0,1.9770238530493,0.04537906213650926,1.8880825256095366,2.0659651804890635,1.9758955234474889,0.08305153720193885,1.807907933254032,2.1438831136409457,1.9758955234474889,0.08513469623715206,1.803062901647262,2.148728145247716,1,1,1,3.5196716471868505,0.3396
354,817177,2.0,2.011443515759164,0.04124163507500045,1.9306113963486193,2.0922756351697087,1.9853792373751922,0.07289188373748919,1.8379414859949976,2.132816988755387,1.9853792373751922,0.0711595288045418,1.8409177137785333,2.129840760971851,1,1,1,2.977106542597362,0.2682
355,818177,2.0,1.9526429550334001,0.03428204801714945,1.8854513756035145,2.019834534463286,1.9623532306304978,0.07966259083998015,1.8012204314718665,2.123486029789129,1.9623532306304978,0.07914006274302919,1.8016903618136446,2.123016099447351,1,1,1,5.329166175459309,0.2715
356,819177,2.0,2.065846803607747,0.030934473980278966,2.005216348725709,2.126477258489785,2.075997444724544,0.07215082916370646,1.9300586177019914,2.2219362717470963,2.075997444724544,0.07375351521509463,1.926269848750048,2.22572504069904,0,1,1,5.684339095880597,0.2237
357,820177,2.0,1.9274964299391888,0.0328079495327945,1.863194030448304,1.9917988294300737,1.9133087128600532,0.06409390895600686,1.7836665451850753,2.042950880535031,1.9133087128600532,0.06135139136313728,1.7887587668445586,2.037858658875548,0,1,1,3.4969599325507397,0.3569
358,821177,2.0,2.073351141039789,0.03404655784807604,2.0066211138600005,2.1400811682195773,2.081431960165442,0.06453502232531076,1.9508975564836664,2.2119663638472176,2.081431960165442,0.06532167957210729,1.9488219005794787,2.2140420197514055,0,1,1,3.6810207400694868,0.2625
359,822177,2.0,1.990853600031456,0.03238037105260045,1.927389238962316,2.054317961100596,1.9901515044719462,0.07862690591004733,1.8311135758171089,2.1491894331267836,1.9901515044719462,0.07756220451211726,1.8326918581593226,2.14761115078457,1,1,1,5.737684269558326,0.2476
360,823177,2.0,1.9365596459675165,0.03292503022617731,1.8720277725343164,2.001091519400717,1.9209014539930371,0.07284770670873549,1.7735530590877768,2.068249848898297,1.9209014539930371,0.07409244804459726,1.7704857877942237,2.0713171201918508,1,1,1,5.064021302265036,0.1911
361,824177,2.0,1.9782261036832558,0.03506804597850437,1.9094939965571927,2.046958210809319,1.9889506149119227,0.07471423290185374,1.8378268144238314,2.140074415400014,1.9889506149119227,0.07501537470366493,1.8366613079853424,2.141239921838503,1,1,1,4.575909548821649,0.349
362,825177,2.0,1.9533835179197023,0.03384519696304812,1.8870481508224637,2.019718885016941,1.9633088573664306,0.07046850787022375,1.82077284634879,2.105844868384071,1.9633088573664306,0.06530571465164481,1.830731208292072,2.0958865064407894,1,1,1,3.723130689354712,0.277
363,826177,2.0,2.1332581014942527,0.034294381867029954,2.0660423481628105,2.200473854825695,2.097055300661107,0.0828677017598769,1.9294395527470896,2.2646710485751242,2.097055300661107,0.07661856384374088,1.9415113467507734,2.2525992545714404,0,1,1,4.9913963328660165,0.206
364,827177,2.0,2.0231087123875033,0.03104473517626176,1.9622621495324466,2.0839552752425603,2.0187296857425316,0.057928247692888755,1.9015587451204852,2.1359006263645783,2.0187296857425316,0.05918178660662321,1.898584271544406,2.138875099940657,1,1,1,3.6341280384867383,0.2595
365,828177,2.0,2.0473893127761498,0.035598516584739746,1.977617502367008,2.1171611231852916,2.0637061085642414,0.07036173721953547,1.9213860615722744,2.2060261555562084,2.0637061085642414,0.0690149938050642,1.9235982224724324,2.2038139946560507,1,1,1,3.7585739956247557,0.3023
366,829177,2.0,1.9549559349681236,0.03371517291242816,1.888875410327224,2.0210364596090233,1.9523589218348196,0.06657699238529051,1.817694243853736,2.0870235998159035,1.9523589218348196,0.06766815865452876,1.8149852564601587,2.0897325872094803,1,1,1,4.0282640920785076,0.2543
367,830177,2.0,2.049354067109529,0.035188345051559704,1.980386178132904,2.1183219560861546,2.044903390176122,0.06883717359778628,1.9056670641788858,2.184139716173359,2.044903390176122,0.06975633767548506,1.903290496015412,2.1865162843368324,1,1,1,3.929792855769861,0.2541
368,831177,2.0,2.0912780503645347,0.043137179812476084,2.0067307315374534,2.175825369191616,2.0685781483509733,0.09620824062565957,1.87397861360474,2.2631776830972066,2.0685781483509733,0.09177019426038766,1.8822747494058862,2.25488154729606,0,1,1,4.525846337044395,0.2668
369,832177,2.0,1.9407479286956166,0.028707822473042186,1.8844816305738843,1.997014226817349,1.9328930887139935,0.05993658689015972,1.811659898633273,2.0541262787947137,1.9328930887139935,0.06106380402950025,1.8089269760245799,2.056859201403407,0,1,1,4.524464733092381,0.2599
370,833177,2.0,1.9939179435721108,0.03324170517901892,1.9287653986365352,2.0590704885076865,1.9903379517601916,0.07992798326382386,1.828668345755605,2.152007557764778,1.9903379517601916,0.08090357835589686,1.8260949559160626,2.1545809476043205,1,1,1,5.923370182483759,0.2432
371,834177,2.0,2.023909613267671,0.03313480428391062,1.9589665902364228,2.0888526362989195,2.0213568966772586,0.06575895757149883,1.8883468502863052,2.154366943068212,2.0213568966772586,0.06541456556826994,1.8885582684940618,2.1541555248604554,1,1,1,3.897445972500287,0.3134
372,835177,2.0,2.112271523665433,0.02821593715395349,2.0569693030536387,2.1675737442772274,2.11058222898746,0.0632829042644871,1.9825804731381265,2.2385839848367937,2.11058222898746,0.06437947136129075,1.9798849537603378,2.241279504214582,0,1,1,5.206020258806249,0.2781
373,836177,2.0,2.049938771453367,0.030448721854554675,1.9902603732431623,2.1096171696635717,2.056393086855263,0.07097136512155537,1.9128399510412792,2.1999462226692468,2.056393086855263,0.0689930461169834,1.9163297569390334,2.1964564167714924,1,1,1,5.134196731725726,0.2454
374,837177,2.0,2.1121664424461786,0.02919862851288706,2.0549381821629558,2.1693947027294014,2.0998846147379693,0.06972452325431207,1.9588534546475804,2.240915774828358,2.0998846147379693,0.0671499130495198,1.963563043874818,2.2362061856011204,0,1,1,5.2889078941645105,0.2742
375,838177,2.0,1.7614773205901415,0.035871010204200596,1.6911714325008396,1.8317832086794434,1.772388117867104,0.08011629915336944,1.6103376070226347,1.9344386287115731,1.772388117867104,0.07348181717715453,1.6232120982335203,1.9215641375006876,0,0,0,4.196358277556466,0.3481
376,839177,2.0,2.0099100720302507,0.03273960621627518,1.9457416229783278,2.074078521082174,2.0101695592950115,0.06825284926550959,1.8721151408190275,2.1482239777709955,2.0101695592950115,0.0678663713580051,1.8723935007395434,2.1479456178504797,1,1,1,4.296970333858274,0.25
377,840177,2.0,2.0669076644598965,0.02690840421483828,2.0141681613173676,2.1196471676024253,2.0533947361075597,0.06602274794162247,1.9198511233301643,2.186938348884955,2.0533947361075597,0.06737636160005735,1.9166134502466214,2.1901760219684983,0,1,1,6.2695911945672185,0.3135
378,841177,2.0,1.9928954061834114,0.031152586873713563,1.9318374578856776,2.0539533544811452,2.000754043674662,0.07987630514490236,1.8391889665319823,2.1623191208173416,2.000754043674662,0.08187438873180987,1.8345401979895641,2.1669678893597597,1,1,1,6.907293491747154,0.2424
379,842177,2.0,1.9050121889333156,0.03741495382681288,1.8316802269495334,1.9783441509170978,1.9259849513427107,0.07401817304209504,1.7762690648127555,2.0757008378726662,1.9259849513427107,0.0710528088848715,1.7817400807010768,2.070229821984345,0,1,1,3.6063848949761623,0.2982
380,843177,2.0,2.0063186216270243,0.03483504332728928,1.938043191305645,2.0745940519484036,1.9933948129869177,0.06316357748385527,1.8656344183332854,2.12115520764055,1.9933948129869177,0.0641758408930329,1.863110929587839,2.1236786963859964,1,1,1,3.3939889635628386,0.2948
381,844177,2.0,2.0101671557470926,0.029263273590765797,1.9528121934394496,2.0675221180547356,2.007379312903451,0.06104322651915246,1.8839077328934142,2.1308508929134877,2.007379312903451,0.06283583697163576,1.8798157820890873,2.134942843717815,1,1,1,4.610722590284561,0.2814
382,845177,2.0,1.9253646181662065,0.03450019857671617,1.8577454714963628,1.9929837648360502,1.9228772907510208,0.0695139302416289,1.7822720952352091,2.063482486266832,1.9228772907510208,0.07066827686800088,1.779413061605502,2.0663415198965396,0,1,1,4.19571339342897,0.284
383,846177,2.0,1.919519336672431,0.03157123846177001,1.857640846340036,1.981397827004826,1.9329935278498394,0.06238107623610807,1.8068158913649426,2.059171164334736,1.9329935278498394,0.06299455346340214,1.8051077854271966,2.060879270272482,0,1,1,3.9812804061311224,0.262
384,847177,2.0,1.9642738266162907,0.030422994182668067,1.9046458537163897,2.023901799516192,1.9572688216529004,0.05235743423770695,1.8513659148238688,2.063171728481932,1.9572688216529004,0.0526529494227973,1.8503776515839152,2.0641599917218856,1,1,1,2.995308084962496,0.2392
385,848177,2.0,2.022731937758113,0.033066499636782154,1.9579227893752134,2.087541086141013,2.0216428807536664,0.08333172225462877,1.8530885627982034,2.190197198709129,2.0216428807536664,0.08220261040648609,1.854762709644585,2.188523051862748,1,1,1,6.180089589514195,0.2306
386,849177,2.0,2.0030844916695085,0.035554654602815594,1.9333986491652286,2.0727703341737884,2.0062971136828276,0.05965744345581018,1.885628544492154,2.126965682873501,2.0062971136828276,0.061259166796774636,1.8819343934906854,2.13065983387497,1,1,1,2.9685833210852866,0.2464
387,850177,2.0,1.9679147771695567,0.03100160432630142,1.9071527492270448,2.0286768051120685,1.9446266656100313,0.06439875346318061,1.81436789171837,2.0748854395016925,1.9446266656100313,0.06261214608333218,1.81751725144149,2.0717360797785727,1,1,1,4.078954318722914,0.2674
388,851177,2.0,1.8949271257609692,0.030328564452919985,1.8354842317304443,1.9543700197914942,1.8911907419711713,0.06396696987025516,1.761805332832341,2.0205761511100016,1.8911907419711713,0.06582658498994146,1.7575556698934462,2.0248258140488966,0,1,1,4.710846371394627,0.2156
389,852177,2.0,2.0267651115317094,0.03532060203257233,1.9575380036355954,2.0959922194278233,2.011025500618012,0.05325458188841131,1.9033079413819682,2.1187430598540558,2.011025500618012,0.053213503366887925,1.9029963455429164,2.1190546556931076,1,1,1,2.2697995696603646,0.3089
390,853177,2.0,1.9455067419839642,0.04056796665431062,1.8659949884154936,2.025018495552435,1.959137356922842,0.07475727362750927,1.8079264983497756,2.110348215495909,1.959137356922842,0.0754971663571929,1.8058699609406696,2.1124047529050145,1,1,1,3.463337552466941,0.2044
391,854177,2.0,1.9332241338984504,0.035371193898134236,1.8638978677679243,2.0025504000289764,1.9170434694855896,0.08587074215718281,1.743353499027438,2.090733439943741,1.9170434694855896,0.08603944664038389,1.742374106718674,2.0917128322525054,1,1,1,5.916921114129593,0.2965
392,855177,2.0,1.919550038028642,0.02973528291632989,1.8612699544425264,1.9778301216147578,1.938575372128474,0.06806047947726475,1.8009100582764623,2.0762406859804856,1.938575372128474,0.06166737774498187,1.8133839396539775,2.0637668046029702,0,1,1,4.300973959583778,0.3217
393,856177,2.0,2.056709125769507,0.02921093198226208,1.9994567511294241,2.11396150040959,2.051322226954171,0.06059820885306923,1.9287507801365766,2.173893673771765,2.051322226954171,0.06164033903893859,1.9261856859711826,2.1764587679371594,1,1,1,4.452861740144742,0.1872
394,857177,2.0,2.0081289757679324,0.02934855200058558,1.9506068708483837,2.065651080687481,2.010475211318671,0.06165348111964283,1.8857692748693116,2.1351811477680305,2.010475211318671,0.06198030356223039,1.8846485056616242,2.136301916975718,1,1,1,4.459991593838268,0.2578
395,858177,2.0,1.9947834886674005,0.036165201276749555,1.9239009966713294,2.0656659806634714,1.9957809190280063,0.08315356620065437,1.827586955705267,2.1639748823507454,1.9957809190280063,0.08521418709265399,1.8227869222118014,2.168774915844211,1,1,1,5.551905147609862,0.2584
396,859177,2.0,2.0988170387118363,0.03293199692890078,2.034271510792207,2.1633625666314655,2.10351619734611,0.0900116276745313,1.921450495351106,2.285581899341114,2.10351619734611,0.0902437062654731,1.920311733781878,2.2867206609103423,0,1,1,7.5092698989052815,0.2525
397,860177,2.0,2.006196646260457,0.03600021381526606,1.935637523746794,2.0767557687741194,2.016211180119381,0.06783269723790608,1.8790065993346656,2.153415760904096,2.016211180119381,0.06866372472864637,1.8768164081645569,2.1556059520742052,1,1,1,3.637848063170141,0.2935
398,861177,2.0,2.1270670818437445,0.03512960643598525,2.058214318438147,2.195919845249342,2.1091159707377107,0.09751369124011262,1.9118759128870668,2.306356028588355,2.1091159707377107,0.09649927936522561,1.9132120186279216,2.3050199228475,0,1,1,7.545735391892706,0.2733
399,862177,2.0,2.0732749183102106,0.030953504750401796,2.0126071638041334,2.133942672816288,2.0771095820036978,0.08147666491443266,1.9123074716863973,2.2419116923209983,2.0771095820036978,0.0817542646380753,1.9111396011936646,2.243079562813731,0,1,1,6.975914894883886,0.1971
400,863177,2.0,1.9502102449080647,0.03284919569730433,1.88582700442024,2.0145934853958893,1.9664914551337642,0.0771090904734354,1.8105235979808534,2.122459312286675,1.9664914551337642,0.07755124606106194,1.8090540556595092,2.1239288546080193,1,1,1,5.57350095173137,0.3119
401,864177,2.0,1.8564209993041243,0.03519212138208545,1.7874457088556748,1.9253962897525738,1.8547501065135095,0.067513066263803,1.718192040397875,1.991308172629144,1.8547501065135095,0.0690668709893643,1.7145369041385574,1.9949633088884615,0,0,0,3.8516664305200363,0.229
402,865177,2.0,2.128966793310494,0.030275206072830036,2.0696284797832187,2.188305106837769,2.1385749690629647,0.0575580368762525,2.0221528504982276,2.254997087627702,2.1385749690629647,0.05891579588726797,2.018969544733043,2.2581803933928866,0,0,0,3.7869474790337256,0.3084
403,866177,2.0,2.084588352473155,0.029342160836497332,2.0270787740050387,2.1420979309412718,2.0832256542698864,0.0688217076269787,1.9440206111513718,2.222430697388401,2.0832256542698864,0.06882779967919782,1.9434977924571206,2.222953516082652,0,1,1,5.502291383017541,0.2184
404,867177,2.0,2.0427631655868446,0.03028387664421294,1.9834078580519334,2.1021184731217555,2.062798031410369,0.0631986361781197,1.9349667238541794,2.1906293389665583,2.062798031410369,0.05756661372938913,1.945931592475811,2.179664470344927,1,1,1,3.613419883072746,0.2856
405,868177,2.0,1.9164100342287527,0.032765898362947035,1.8521900535162765,1.9806300149412288,1.922259447135391,0.07434903257508389,1.7718743340322516,2.0726445602385306,1.922259447135391,0.07229094798439978,1.775501020491528,2.0690178737792544,0,1,1,4.8676986071840265,0.292
406,869177,2.0,2.065648553742616,0.03276042648878473,2.001439297706426,2.129857809778806,2.060196879822852,0.05455838160642797,1.9498421367356293,2.1705516229100743,2.060196879822852,0.05540318398789435,1.9477224367587151,2.1726713228869885,0,1,1,2.8600284566166954,0.3041
407,870177,2.0,2.1026080686272555,0.03365309224448447,2.0366492198596617,2.168566917394849,2.1106241695031214,0.07680841841169984,1.9552644789993918,2.265983860006851,2.1106241695031214,0.07279650306282094,1.9628394114863883,2.2584089275198544,0,1,1,4.679194342075734,0.2958
408,871177,2.0,2.0144929856209215,0.0322256298052164,1.9513319118235768,2.077654059418266,2.016060197315895,0.061453887168750554,1.8917579777387,2.1403624168930904,2.016060197315895,0.0595884582736317,1.8950891957423808,2.1370311988894097,1,1,1,3.4191761119875244,0.2725
409,872177,2.0,1.881439961267397,0.048955626266009154,1.785488696945416,1.9773912255893782,1.8790906108559757,0.0825030190971887,1.7122125032524727,2.045968718459479,1.8790906108559757,0.08181413675013455,1.7129990831965698,2.0451821385153814,0,1,1,2.792874902600524,0.2679
410,873177,2.0,1.951494417224923,0.032251903716888,1.888281847506969,2.014706986942877,1.9498003809388207,0.0680410148308899,1.812174438050293,2.0874263238273483,1.9498003809388207,0.06667596357957292,1.8144409786521987,2.0851597832254427,1,1,1,4.273934795683876,0.2772
411,874177,2.0,2.0570310931229603,0.03359640854572764,1.9911833423634404,2.12287884388248,2.044199781158757,0.07691546580378494,1.8886235668670435,2.1997759954504708,2.044199781158757,0.0738880910474857,1.8941989817199731,2.194200580597541,1,1,1,4.836856302131398,0.2662
412,875177,2.0,1.9413192581418675,0.03593096037441467,1.8708958698780789,2.011742646405656,1.9350809773446622,0.07809117222221,1.7771266723557713,2.0930352823335534,1.9350809773446622,0.07891654258430969,1.7748718785741493,2.095290076115175,1,1,1,4.82390170288091,0.2678
413,876177,2.0,2.0543213045791173,0.03258208619674553,1.9904615890923165,2.118181020065918,2.0678484126151364,0.06509121902404066,1.9361889949210853,2.1995078303091873,2.0678484126151364,0.06350466266644851,1.9389270934551157,2.196769731775157,1,1,1,3.798861413071508,0.3183
414,877177,2.0,1.9241281973904703,0.034043691027707906,1.8574037890753534,1.990852605705587,1.9151869501524958,0.07573804395230124,1.761992296348831,2.0683816039561607,1.9151869501524958,0.07674050144385604,1.7593954497534168,2.070978450551575,0,1,1,5.0813134353725244,0.2814
415,878177,2.0,2.101039347601534,0.03450034899564887,2.0334199061159994,2.1686587890870683,2.118537299932651,0.07431417252825696,1.9682226979297004,2.2688519019356015,2.118537299932651,0.07454680629797152,1.9671992374413965,2.2698753624239054,0,1,1,4.668862759232302,0.2374
416,879177,2.0,1.9469653001876819,0.03212474469703654,1.8840019575689462,2.009928642806418,1.950670805670296,0.07376700469367799,1.8014629550780843,2.0998786562625074,1.950670805670296,0.07531828944015208,1.7977665491355892,2.1035750622050027,1,1,1,5.4969467070163045,0.2794
417,880177,2.0,1.8765675091670424,0.034602900208735514,1.8087470709972873,1.9443879473367975,1.8837401800211437,0.07083553416599563,1.7404617882476308,2.027018571794657,1.8837401800211437,0.06799645952425966,1.7457000284479907,2.0217803315942966,0,1,1,3.8614249630935595,0.2262
418,881177,2.0,1.8376581372272884,0.036178455648850215,1.7667496671392624,1.9085666073153145,1.835535444850273,0.08088327481225564,1.6719335793046854,1.9991373103958605,1.835535444850273,0.08308445337505337,1.6668650373392313,2.0042058523613147,0,0,1,5.273992228468742,0.2777
419,882177,2.0,2.011098155646043,0.03399547527845605,1.9444682484629476,2.077728062829139,2.0019164633407005,0.08365866950774083,1.8327008321450369,2.171132094536364,2.0019164633407005,0.08460589059794492,1.8301573740611314,2.17367555262027,1,1,1,6.193825536247345,0.265
420,883177,2.0,2.1019617444888685,0.029066938287844856,2.044991592303844,2.158931896673893,2.108462854103525,0.050368707166360036,2.006582527464138,2.210343180742912,2.108462854103525,0.05070697686748947,2.005522218347228,2.2114034898598223,0,0,0,3.0432446031417406,0.2873
421,884177,2.0,2.1241033872942165,0.02833292313122827,2.068571878380267,2.179634896208166,2.12435442844167,0.05289877106364251,2.017356564530137,2.231352292353203,2.12435442844167,0.05406108437432733,2.014604592443537,2.234104264439803,0,0,0,3.640715465315593,0.1797
422,885177,2.0,1.8922070567884433,0.030960714822702205,1.8315251708003315,1.952888942776555,1.8922221585767998,0.05450484544331368,1.7819757026006022,2.0024686145529973,1.8922221585767998,0.05578552515222836,1.7789715216836521,2.0054727954699474,0,1,1,3.246542505630984,0.334
423,886177,2.0,1.9343385774759077,0.034026608115749264,1.8676476510529807,2.0010295038988346,1.951049505531868,0.06001148036038506,1.8296648291089528,2.072434181954783,1.951049505531868,0.05910474071535648,1.831060502808442,2.071038508255294,1,1,1,3.0172223373526053,0.2624
424,887177,2.0,1.9730798261170377,0.02835554196933931,1.9175039850950186,2.0286556671390565,1.9714413097675136,0.06076400105509036,1.8485345165682783,2.094348102966749,1.9714413097675136,0.05713132943400078,1.8554585449320664,2.0874240746029606,1,1,1,4.059501957813671,0.2406
425,888177,2.0,2.1313299605347846,0.03321668260491122,2.0662264589432606,2.1964334621263086,2.1354625471914273,0.07575613052095108,1.9822313098495798,2.2886937845332747,2.1354625471914273,0.07630914902463107,1.9805467387584867,2.2903783556243678,0,1,1,5.277651482194984,0.3877
426,889177,2.0,1.9381643810235403,0.03475809554236107,1.8700397655893104,2.00628899645777,1.9608376777408687,0.06477385882933748,1.829820181631025,2.0918551738507127,1.9608376777408687,0.06057404220324414,1.837865834417892,2.0838095210638454,1,1,1,3.037114507198396,0.2921
427,890177,2.0,2.0507071112667092,0.028987396506473057,1.9938928581084399,2.1075213644249784,2.0324758311599775,0.06543735285773195,1.9001162917034016,2.1648353706165535,2.0324758311599775,0.058659221271583434,1.913391280991545,2.15156038132841,1,1,1,4.095002434283581,0.2399
428,891177,2.0,2.1137715164256483,0.030199779053320466,2.054581037140073,2.1729619957112236,2.1147327190894316,0.059073455261636564,1.9952453775165215,2.2342200606623415,2.1147327190894316,0.06064975821213245,1.9916071640965152,2.237858274082348,0,1,1,4.033207967717755,0.2774
429,892177,2.0,1.8918390686392397,0.03441431195942852,1.8243882566460337,1.9592898806324457,1.8840305968142297,0.0740203467783958,1.7343103134875961,2.0337508801408632,1.8840305968142297,0.07542965012642198,1.7309002660674309,2.0371609275610285,0,1,1,4.804033245424365,0.2845
430,893177,2.0,1.8598093616538784,0.032364747864194264,1.796375621471338,1.923243101836419,1.8611901935326018,0.07671382494870091,1.706021836367575,2.0163585506976287,1.8611901935326018,0.07900097532310338,1.70080968718966,2.021570699875544,0,1,1,5.958273711147565,0.297
431,894177,2.0,2.071005715198603,0.030296049016752712,2.0116265502519077,2.1303848801452983,2.088820784094497,0.07546953231634983,1.9361692463387954,2.241472321850199,2.088820784094497,0.07618776532605478,1.9341513976703966,2.2434901705185974,0,1,1,6.324096398427138,0.2613
432,895177,2.0,2.0545573338967964,0.0295899990429899,1.9965620014699614,2.1125526663236314,2.055038050418509,0.05830612082150923,1.9371027892502761,2.172973311586742,2.055038050418509,0.057112921612312725,1.9390926554478127,2.1709834453892056,1,1,1,3.7254509684492683,0.25
433,896177,2.0,2.0021890346959834,0.03406083347235875,1.935431027806744,2.068947041585223,2.0100023601675288,0.09081365326720062,1.8263144082885954,2.193690312046462,2.0100023601675288,0.09288349146978829,1.8214388477311385,2.1985658726039192,1,1,1,7.436464724362739,0.2206
434,897177,2.0,2.0110264011965633,0.03182357309070234,1.9486533440794087,2.073399458313718,2.0283708277932235,0.07296236208705996,1.880790520495293,2.1759511350911542,2.0283708277932235,0.07243472307365344,1.8813205222007816,2.1754211333856652,1,1,1,5.180786895795415,0.3444
435,898177,2.0,1.9154681194846734,0.03672712581223236,1.8434842756370267,1.9874519633323202,1.92126795641262,0.09712727747640237,1.72480949417321,2.11772641865203,1.92126795641262,0.09861227615851803,1.7210743927604004,2.1214615200648397,0,1,1,7.209216717401083,0.2063
436,899177,2.0,1.9713432288803356,0.03913764611842445,1.8946348520485499,2.0480516057121214,1.9682393747937548,0.06986277124086976,1.8269285817562422,2.109550167831267,1.9682393747937548,0.06995296373057766,1.8262273085197005,2.1102514410678093,1,1,1,3.194646687440303,0.2876
437,900177,2.0,2.022620025423621,0.038940708225420596,1.946297639769314,2.098942411077928,2.023623995571189,0.0654281808887149,1.891283008173063,2.1559649829693157,2.023623995571189,0.06498576414677218,1.89169588055342,2.155552110588958,1,1,1,2.785022885590851,0.2619
438,901177,2.0,2.0003427199725174,0.03197504557218852,1.937672782247001,2.063012657698034,2.0006345446502465,0.06671058732633708,1.865699645394945,2.1355694439055477,2.0006345446502465,0.06764774083998368,1.863302329642771,2.1379667596577216,1,1,1,4.4759399441162975,0.3195
439,902177,2.0,1.9510441403711758,0.031828649258350696,1.8886611341482509,2.0134271465941005,1.96106322234556,0.06917225552216853,1.8211491291824071,2.100977315508713,1.96106322234556,0.07038460923369637,1.8181748691134307,2.1039515755776894,1,1,1,4.8901140792148885,0.2292
440,903177,2.0,2.027629651174793,0.033919122856107,1.961149391989634,2.094109910359952,1.999502433772595,0.07782924559016514,1.842077925404057,2.156926942141133,1.999502433772595,0.07109137563948843,1.8551792684566464,2.1438255990885438,1,1,1,4.392832160189188,0.2676
441,904177,2.0,2.0175012168624917,0.03226315802943262,1.9542665890972795,2.080735844627704,2.0140059184268044,0.06773995091479638,1.87698893478771,2.151022902065899,2.0140059184268044,0.06893803350398792,1.8740542700523708,2.153957566801238,1,1,1,4.565664876456165,0.2546
442,905177,2.0,2.0632979598481276,0.03332518020938384,1.9979818068594284,2.1286141128368268,2.0794265663132983,0.06038367705424085,1.9572890510172531,2.201564081609343,2.0794265663132983,0.06035645346422045,1.9568964516145115,2.201956681012085,1,1,1,3.2802157714041944,0.2884
443,906177,2.0,1.8663603554133363,0.04560270343841318,1.7769806990763857,1.955740011750287,1.8886132755555525,0.08406925531374755,1.718567156178183,2.058659394932922,1.8886132755555525,0.0838190229660277,1.7184516124940221,2.058774938617083,0,1,1,3.3783450884894606,0.2496
444,907177,2.0,2.1092461576524664,0.03197732972373614,2.0465717430721813,2.1719205722327515,2.088728033728245,0.06980133976602897,1.947541497577097,2.2299145698793925,2.088728033728245,0.06821950165522833,1.9502350825566783,2.227220984899811,0,1,1,4.551270991726545,0.2778
445,908177,2.0,1.9874458647025035,0.03186314725877357,1.9249952436412112,2.049896485763796,1.992529484684755,0.060960764596807285,1.8692246996562945,2.1158342697132153,1.992529484684755,0.06101940524917729,1.8686535063112797,2.1164054630582303,1,1,1,3.667402689942949,0.2683
446,909177,2.0,1.9889930804326472,0.030726557073245234,1.928770135200172,2.0492160256651224,2.0006749507136345,0.0750536902698935,1.8488645328894697,2.1524853685377994,2.0006749507136345,0.07587808060966206,1.846634257687541,2.154715643739728,1,1,1,6.098245065134381,0.3165
447,910177,2.0,2.0315648780033784,0.03515859370755317,1.9626553005894976,2.100474455417259,2.0359321687276735,0.0757922093535302,1.8826279550587628,2.1892363823965844,2.0359321687276735,0.07678193579528851,1.8800565521232495,2.1918077853320974,1,1,1,4.769305290193268,0.2657
448,911177,2.0,2.008725211809076,0.033077092040968196,1.943895302695462,2.0735551209226903,1.9877005717326865,0.0720688124175158,1.841927639237945,2.133473504227428,1.9877005717326865,0.06921412947794313,1.8471884187325684,2.1282127247328044,1,1,1,4.378596026548837,0.2395
449,912177,2.0,2.0885761447673463,0.034188302800102564,2.0215683025865956,2.155583986948097,2.090898206941692,0.07928821438418812,1.9305226556408666,2.251273758242517,2.090898206941692,0.07779342517771902,1.9329691577226547,2.248827256160729,0,1,1,5.177626322281377,0.3118
450,913177,2.0,1.919426254911838,0.0314537713963993,1.8577779957969391,1.9810745140267367,1.9227250767130148,0.07264914467592244,1.7757783114285897,2.0696718419974403,1.9227250767130148,0.07475465584007392,1.770965057218455,2.0744850962075745,0,1,1,5.6484727861923325,0.3631
451,914177,2.0,2.057157409854537,0.031997248392080055,1.994443955401678,2.119870864307396,2.0543225272991266,0.07722424655197269,1.8981217449917713,2.210523309606482,2.0543225272991266,0.0767778046283468,1.898455297409464,2.210189757188789,1,1,1,5.757661309422602,0.2182
452,915177,2.0,1.9454937776717998,0.035020086316020084,1.8768556697569165,2.014131885586683,1.9356345642328179,0.07120042846183887,1.7916181040803294,2.0796510243853064,1.9356345642328179,0.07155653653979692,1.7903670720852407,2.080902056380395,1,1,1,4.175074209711527,0.2611
453,916177,2.0,1.9050642556762112,0.03003715907198845,1.8461925056972133,1.963936005655209,1.913809185407709,0.06311922997619111,1.786138492055155,2.041479878760263,1.913809185407709,0.064311953824755,1.783248978066804,2.044369392748614,0,1,1,4.584222608226306,0.3083
454,917177,2.0,2.042291086738394,0.031641353997943315,1.9802751724803425,2.104307000996445,2.0505823206287306,0.07390664885302214,1.9010920130633775,2.200072628194084,2.0505823206287306,0.07400905154021785,1.9003359583346462,2.200828682922815,1,1,1,5.470909843516462,0.235
455,918177,2.0,2.0590166193413926,0.03031978616058491,1.9995909304476902,2.118442308235095,2.0398957662953903,0.06636078395739417,1.905668411138248,2.1741231214525327,2.0398957662953903,0.0638655723317774,1.9102417615624032,2.169549771028377,1,1,1,4.436917453448179,0.2668
456,919177,2.0,1.96576957117964,0.04298544812129646,1.8815196410025838,2.050019501356696,1.9783713868300306,0.06499351004074451,1.8469096042092987,2.1098331694507624,1.9783713868300306,0.06258791993429029,1.8513111543587302,2.105431619301331,1,1,1,2.120011024930284,0.2521
457,920177,2.0,1.9169860309284794,0.031492247064206814,1.8552623608903969,1.978709700966562,1.9261195834964278,0.06745914030329427,1.7896705929314685,2.062568574061387,1.9261195834964278,0.06476726611493491,1.7946350430653986,2.0576041239274567,0,1,1,4.229644154012796,0.2858
458,921177,2.0,1.9962425860636963,0.03358662110951085,1.9304140183266623,2.0620711538007304,2.011332364415942,0.07529454344368676,1.8590347750640837,2.163629953767801,2.011332364415942,0.07566383132076117,1.8577266205698684,2.164938108262016,1,1,1,5.075093256073828,0.2872
459,922177,2.0,1.9073319831554576,0.037416174354089934,1.83399762898217,1.9806663373287452,1.9042940284341312,0.063285433326567,1.7762871570738923,2.03230089979437,1.9042940284341312,0.059066781284847186,1.784382087451534,2.0242059694167285,0,1,1,2.4921136838128333,0.2468
460,923177,2.0,1.9504406665907206,0.03068299890157152,1.8903030938059584,2.0105782393754827,1.963791164587662,0.0705526114999673,1.821085037921797,2.106497291253527,1.963791164587662,0.07044785179836356,1.820774422123599,2.106807907051725,1,1,1,5.271569054988985,0.2651
461,924177,2.0,2.149577728304019,0.038522616754647195,2.0740747868746716,2.2250806697333667,2.12235781653658,0.0778680055553538,1.964854908738394,2.279860724334766,2.12235781653658,0.06791740647194132,1.984478151191691,2.2602374818814694,0,1,1,3.1083550968081357,0.2449
462,925177,2.0,2.1132445941655873,0.02856784027740379,2.057252656105783,2.1692365322253915,2.1195450747260547,0.06507975419084747,1.987908846846003,2.2511813026061063,2.1195450747260547,0.05598965479779605,2.0058800326210493,2.23321011683106,0,1,0,3.841145529943702,0.3023
463,926177,2.0,2.070503202981567,0.030632364941144644,2.0104648709356363,2.130541535027498,2.065416415169944,0.05629219723000873,1.951554698963887,2.1792781313760012,2.065416415169944,0.05614441636863339,1.9514371903729932,2.179395639966895,0,1,1,3.359325514668921,0.261
464,927177,2.0,2.031332150478484,0.03569543031578256,1.9613703926468908,2.101293908310077,2.0351352270296106,0.07805866077987214,1.8772466826399337,2.1930237714192877,2.0351352270296106,0.07961958774620573,1.8734988707020146,2.1967715833572066,1,1,1,4.975246529826452,0.2879
465,928177,2.0,1.9808196363533948,0.02846798529407059,1.9250234104646005,2.036615862242189,1.9920067072948855,0.061997235303571145,1.8666054623789696,2.1174079522108014,1.9920067072948855,0.06215670219335394,1.8658218933782622,2.118191521211509,1,1,1,4.767190017969086,0.2782
466,929177,2.0,1.8699815856731428,0.032553893612560704,1.8061771266359752,1.9337860447103103,1.8697254888774764,0.06806084585006658,1.732059433966525,2.0073915437884278,1.8697254888774764,0.06981272929056229,1.727998113651911,2.011452864103042,0,1,1,4.598999411215629,0.2939
467,930177,2.0,1.9785395176557026,0.04320798132303441,1.8938534304178758,2.063225604893529,2.0000782302166855,0.0800013312627503,1.8382602638806675,2.1618961965527035,2.0000782302166855,0.0775343766461148,1.8426750774754597,2.1574813829579114,1,1,1,3.2200353997612865,0.315
468,931177,2.0,2.029949980646519,0.0346028133593904,1.9621297126983523,2.0977702485946854,2.034811812632651,0.07101794042155118,1.8911644693822676,2.178459155883034,2.034811812632651,0.07286734368207151,1.886883240513135,2.182740384752167,1,1,1,4.434483623817216,0.2396
469,932177,2.0,1.8331788543600736,0.030192494405639748,1.7740026527215926,1.8923550559985545,1.8484829094265631,0.06254850339976967,1.7219666195379606,1.9749991993151657,1.8484829094265631,0.05851537129866448,1.7296903902286318,1.9672754286244944,0,0,0,3.7561414717630788,0.2527
470,933177,2.0,1.998860217199906,0.02831220755447254,1.9433693100703169,2.0543511243294947,2.0129333687271096,0.06839202554629463,1.8745974396516973,2.151269297802522,2.0129333687271096,0.06805260678425804,1.8747792321562844,2.151087505297935,1,1,1,5.7775280751166935,0.3126
471,934177,2.0,2.0746123562613787,0.032851637513320216,2.010224329902106,2.1390003826206514,2.087071422237082,0.07563558908598735,1.934084002961224,2.24005884151294,2.087071422237082,0.07080303772143055,1.9433336140145978,2.2308092304595664,0,1,1,4.645042989019453,0.2589
472,935177,2.0,1.9397973166791187,0.03263672155297421,1.875830517861827,2.00376411549641,1.940162497805786,0.07671310572432918,1.7849955954093655,2.095329400202207,1.940162497805786,0.07777664008085149,1.7822675241449761,2.0980574714665963,1,1,1,5.679175679023191,0.2936
473,936177,2.0,1.9998141469054036,0.02787624337014018,1.9451777138756554,2.054450579935152,1.9918873546299365,0.053888776993155765,1.8828870147139944,2.1008876945458788,1.9918873546299365,0.04929195238597295,1.8918193712922344,2.0919553379676388,1,1,1,3.126680792663171,0.2058
474,937177,2.0,2.072705788515905,0.04590893039600623,1.9827259383709768,2.1626856386608333,2.0740799761527384,0.08782314670841578,1.8964408947365696,2.2517190575689074,2.0740799761527384,0.08978606939309669,1.8918045648313775,2.2563553874740996,1,1,1,3.824930693433579,0.304
475,938177,2.0,2.011499502191672,0.03409648347232236,1.9446716225864549,2.078327381796889,2.0371062920611864,0.07406723063263572,1.8872911771882857,2.186921406934087,2.0371062920611864,0.07274314745757172,1.8894298516816863,2.1847827324406865,1,1,1,4.551609502373601,0.2883
476,939177,2.0,2.0034217161375714,0.030442235569806183,1.943756030811867,2.063087401463276,2.00612031658933,0.06632728929693375,1.8719607107777707,2.1402799224008895,2.00612031658933,0.06501589198500701,1.8741310388082995,2.1381095943703605,1,1,1,4.56127194479093,0.2748
477,940177,2.0,2.0345462809714054,0.027386133057765317,1.9808704465023637,2.0882221154404474,2.0343444602136844,0.05753115256844576,1.9179767202942397,2.150712200133129,2.0343444602136844,0.05740296838021154,1.9178102389999132,2.1508786814274554,1,1,1,4.393466042320965,0.2271
478,941177,2.0,2.018564061684637,0.030607319778576093,1.9585748172553274,2.0785533061139465,2.027741916485807,0.07058224068675563,1.8849758591328571,2.170507973838757,2.027741916485807,0.07165893222381053,1.8822665500482954,2.1732172829233187,1,1,1,5.481381922176094,0.2804
479,942177,2.0,1.9690927670422604,0.029245293859649288,1.9117730443600573,2.0264124897244633,1.96669065836384,0.05923732055100113,1.846871867958023,2.086509448769657,1.96669065836384,0.05949923741120795,1.8459007847704973,2.0874805319571825,1,1,1,4.139146708808634,0.2803
480,943177,2.0,1.762729795402551,0.028447535301535962,1.7069736507626088,1.818485940042493,1.761552055750508,0.06357075661088747,1.632968063573799,1.890136047927217,1.761552055750508,0.06505310136900677,1.629487238904014,1.893616872597002,0,0,0,5.22933810478242,0.2561
481,944177,2.0,2.019134447782676,0.02646437997473335,1.9672652161590156,2.0710036794063362,2.0388189951360163,0.05323249946511653,1.9311461018170633,2.1464918884549693,2.0388189951360163,0.05281926201609951,1.9315901925528005,2.1460477977192323,1,1,1,3.9834668834211295,0.301
482,945177,2.0,1.985769552709308,0.03471262346913703,1.9177340609008995,2.0538050445177163,1.9720748036866094,0.0755880322299193,1.8191835772317055,2.124966030141513,1.9720748036866094,0.0745363045867998,1.8207580608024647,2.123391546570754,1,1,1,4.610636026015362,0.2832
483,946177,2.0,1.9454299595257059,0.030354037838340155,1.885937138577193,2.0049227804742187,1.9422909622107773,0.06482007770226961,1.8111799796063193,2.0734019448152354,1.9422909622107773,0.0584528042221382,1.8236254609309495,2.060956463490605,1,1,1,3.708324747782001,0.2387
484,947177,2.0,1.9938097918854205,0.04018457288824966,1.9150494762903265,2.0725701074805145,1.9728864783452194,0.07707008232649747,1.8169975226169273,2.1287754340735114,1.9728864783452194,0.0774005079735946,1.8157550934574211,2.1300178632330176,1,1,1,3.709957277807244,0.2321
485,948177,2.0,2.093297797599961,0.03460898217566877,2.0254654389940616,2.1611301562058602,2.09346855971165,0.07073178613319235,1.9504000181420598,2.23653710128124,2.09346855971165,0.07060626771179368,1.9501302158457716,2.2368069035775284,0,1,1,4.162064973774171,0.2981
486,949177,2.0,2.1196851380757917,0.03066356864006598,2.0595856479037904,2.179784628247793,2.1164324315320697,0.07292414120448695,1.9689294332662755,2.263935429797864,2.1164324315320697,0.07296468996131104,1.968306235959284,2.2645586271048552,0,1,1,5.662133295829232,0.2297
487,950177,2.0,1.8741333921595569,0.03271149875569632,1.8100200327180653,1.9382467516010484,1.8489059831398449,0.06831749819411113,1.7107207998629885,1.9870911664167012,1.8489059831398449,0.0648388329260995,1.717276154358071,1.9805358119216188,0,0,0,3.9288865881619452,0.2768
488,951177,2.0,1.8588287752551753,0.030477127772811648,1.799094702468239,1.9185628480421115,1.8598493190629748,0.06364948851424843,1.7311060765802204,1.9885925615457292,1.8598493190629748,0.06552219638889722,1.7268321886974987,1.992866449428451,0,0,0,4.621988096268531,0.2237
489,952177,2.0,1.945980950284222,0.03146451682591052,1.884311630514483,2.0076502700539613,1.9707836775199912,0.07323312893003678,1.8226556925873243,2.118911662452658,1.9707836775199912,0.06861470775187394,1.8314884153183317,2.110078939721651,1,1,1,4.755457467550385,0.3029
490,953177,2.0,1.9766260728640366,0.03240889771705993,1.9131058005599568,2.0401463451681163,1.9809417768302247,0.07946445532526383,1.8202097445781467,2.1416738090823024,1.9809417768302247,0.0796802772499836,1.8191822142598475,2.1427013394006016,1,1,1,6.044677747053737,0.2702
491,954177,2.0,1.9522614532239362,0.03303827330230814,1.887507627440021,2.0170152790078513,1.9804075110000434,0.08529733903101788,1.8078773578387064,2.1529376641613807,1.9804075110000434,0.0810525741312866,1.81586203765102,2.144952984349067,1,1,1,6.0186479557019785,0.2879
492,955177,2.0,2.0088635498229253,0.03043213018737233,1.9492176706828412,2.0685094289630093,2.005286500176794,0.059694538710942185,1.8845428987503885,2.1260301016031997,2.005286500176794,0.06165734417366798,1.8801154369349706,2.1304575634186174,1,1,1,4.104922117703945,0.2828
493,956177,2.0,2.0769192983485985,0.0320429716569509,2.014116227943337,2.13972236875386,2.0735078000562686,0.07177312407271168,1.9283329536917229,2.2186826464208145,2.0735078000562686,0.07125659728017986,1.9288492169776337,2.2181663831349034,0,1,1,4.945208282716371,0.1929
494,957177,2.0,2.0162078765529063,0.031427727962710816,1.9546106616300707,2.0778050914757418,2.019917646215698,0.06925141071542198,1.8798434465618774,2.159991845869518,2.019917646215698,0.06519861945277992,1.8875574119536322,2.1522778804777634,1,1,1,4.303787592983293,0.3237
495,958177,2.0,2.1180231494639727,0.033756960007633355,2.0518607236214526,2.184185575306493,2.1181962716510414,0.05397531261583977,2.009020896916837,2.227371646385246,2.1181962716510414,0.05338151536500292,2.0098260340865317,2.226566509215551,0,0,0,2.5006628247739875,0.2922
496,959177,2.0,2.0065420155245333,0.029059277584152922,1.9495868780428414,2.063497153006225,1.9971873294129308,0.0670517814571306,1.8615622998873034,2.132812358938558,1.9971873294129308,0.06899121814440766,1.85712771047832,2.1372469483475416,1,1,1,5.6366101619759625,0.3076
497,960177,2.0,1.9941002677319646,0.0338128987894269,1.9278282038917898,2.060372331572139,2.0111071140051275,0.07785509778121114,1.8536303146444977,2.1685839133657576,2.0111071140051275,0.07709249140093635,1.8546010360035152,2.1676131920067396,1,1,1,5.198276221179513,0.2921
498,961177,2.0,1.9224045303358832,0.02986051579042755,1.8638789948268557,1.9809300658449107,1.9357984771992727,0.06484720085440115,1.8046326328412754,2.06696432155727,1.9357984771992727,0.06466568949506037,1.8045201482695759,2.0670768061289695,0,1,1,4.689788040844489,0.267
499,962177,2.0,1.893964628989,0.034359869736002545,1.8266205217929472,1.9613087361850527,1.8978484139402103,0.08661903150458584,1.7226448854135064,2.0730519424669143,1.8978484139402103,0.08172674970252912,1.7319342914189746,2.063762536461446,0,1,1,5.657511391933157,0.2199
500,963177,2.0,2.094674905775344,0.03251424930375915,2.0309481481556197,2.1584016633950682,2.11025743309187,0.07400166354775263,1.9605749401662156,2.2599399260175246,2.11025743309187,0.06952253271021253,1.969119188244824,2.2513956779389166,0,1,1,4.571973531418789,0.246
501,964177,2.0,1.9653492174681035,0.02950840784201802,1.9075138008566288,2.0231846340795783,1.9514996093051413,0.08110860144892498,1.7874419776175203,2.1155572409927625,1.9514996093051413,0.08324264630812328,1.7825080530664812,2.1204911655438017,1,1,1,7.957931593166141,0.2905
502,965177,2.0,1.9630275923154439,0.03354687437202585,1.8972769267523835,2.0287782578785043,1.9590494157028369,0.06537132025513247,1.8268234397919652,2.0912753916137086,1.9590494157028369,0.06355202680923977,1.830031942221021,2.088066889184653,1,1,1,3.5888448751971405,0.2515
503,966177,2.0,2.089903837711711,0.028795423488471625,2.033465844754728,2.1463418306686943,2.0887341346093513,0.06433189877695308,1.9586105870844843,2.2188576821342183,2.0887341346093513,0.0583335754995628,1.970310680504499,2.2071575887142036,0,1,1,4.103838427625507,0.2382
504,967177,2.0,1.9791886062333381,0.031638023135797916,1.9171792203451292,2.041197992121547,1.9801022467518483,0.06793812276918841,1.8426844227022683,2.1175200708014286,1.9801022467518483,0.0665281453285309,1.8450429314686068,2.11516156203509,1,1,1,4.42172932780325,0.2937
505,968177,2.0,2.005361414070102,0.0321835355581217,1.9422828434810193,2.0684399846591845,2.001613745096874,0.05455467871661546,1.891266491811253,2.1119609983824947,2.001613745096874,0.05072468192214175,1.898637166168757,2.104590324024991,1,1,1,2.48411192814202,0.2377
506,969177,2.0,2.0280905769511848,0.02951023820777656,1.9702515728887449,2.0859295810136245,2.029147617437138,0.06078588872514922,1.9061965522464137,2.1520986826278623,2.029147617437138,0.06032709802798193,1.9066770974421963,2.1516181374320795,1,1,1,4.179068008727975,0.2978
507,970177,2.0,2.0329792633042136,0.03291335799003491,1.9684702670334715,2.0974882595749555,2.045885220796274,0.07774288852161587,1.8886353860861713,2.2031350555063764,2.045885220796274,0.07865079341390738,1.8862156215235206,2.205554820069027,1,1,1,5.710338181614367,0.2417
508,971177,2.0,1.9794866932483215,0.03136095176840195,1.918020357261356,2.040953029235287,1.9940508605033234,0.0726901327393762,1.8470211890351202,2.1410805319715265,1.9940508605033234,0.07019744040407602,1.8515424801961278,2.136559240810519,1,1,1,5.010304081747584,0.3229
509,972177,2.0,1.8937545745558026,0.03528501775916339,1.8245972105539863,1.962911938557619,1.8754495490380738,0.05838181843766899,1.757361174988966,1.9935379230871817,1.8754495490380738,0.0574924653234911,1.7587336393701967,1.992165458705951,0,0,0,2.6548573042692003,0.1925
510,973177,2.0,2.0399439673874697,0.031848151036361905,1.9775227383820084,2.102365196392931,2.0645312665836513,0.07349624559197022,1.9158710779679813,2.213191455199321,2.0645312665836513,0.07226847879693081,1.9178184548154102,2.2112440783518923,1,1,1,5.149076901452943,0.2948
511,974177,2.0,1.9726656173260633,0.03562955140016847,1.9028329797964143,2.0424982548557122,1.9926556159379745,0.06945307401411956,1.8521735137609738,2.133137718114975,1.9926556159379745,0.06928939002823863,1.851990675898017,2.133320555977932,1,1,1,3.781923742647742,0.2187
512,975177,2.0,1.8630816901911862,0.0315309781440157,1.8012821086315958,1.9248812717507766,1.8629726009790888,0.06735259324341351,1.726739122184707,1.9992060797734705,1.8629726009790888,0.06386233143220829,1.7333251756220116,1.992620026336166,0,0,0,4.1021794218295735,0.2588
513,976177,2.0,2.0930875738189307,0.032036659775592814,2.0302968744738057,2.155878273164056,2.1095469377874614,0.07746939516257383,1.9528502956113836,2.266243579963539,2.1095469377874614,0.07660169162681152,1.9540372362984835,2.2650566392764393,0,1,1,5.717185224598914,0.2507
514,977177,2.0,1.9502328514799914,0.04095880367666175,1.8699550714238875,2.030510631536095,1.9421665225308304,0.0688804188179883,1.8028427248193564,2.0814903202423047,1.9421665225308304,0.06975142771048005,1.8005635961290043,2.0837694489326566,1,1,1,2.9000913385117033,0.3493
515,978177,2.0,2.138915560526049,0.029856542508693254,2.080397812506121,2.197433308545977,2.1306741646573455,0.06273832179415571,2.0037739308259623,2.2575743984887287,2.1306741646573455,0.06337392039470481,2.002018266419749,2.259330062894942,0,0,0,4.505490942915436,0.1978
516,979177,2.0,2.0363510053456864,0.03226329440766816,1.9731161102840442,2.0995859004073285,2.0582794939619102,0.07324834449666759,1.910120732640776,2.2064382552830444,2.0582794939619102,0.06993251181198025,1.9163089472899484,2.200250040633872,1,1,1,4.698300953239695,0.283
517,980177,2.0,1.9223521343584264,0.03169270496909393,1.8602355740463488,1.9844686946705041,1.9261501992119585,0.06839415013770281,1.787809972744796,2.064490425679121,1.9261501992119585,0.06985698231358921,1.784332985573497,2.06796741285042,0,1,1,4.858486793223113,0.2465
518,981177,2.0,2.020261104902835,0.028185470899109354,1.9650185970532787,2.075503612752391,2.0274950251188626,0.04693980756991754,1.9325503025589177,2.1224397476788077,2.0274950251188626,0.046536587965854345,1.9330207289356622,2.121969321302063,1,1,1,2.7260793043421288,0.2613
519,982177,2.0,1.9528936218355382,0.03726846257638505,1.8798487774266446,2.0259384662444315,1.9635212058785958,0.054086565926925345,1.8541208000822342,2.0729216116749574,1.9635212058785958,0.04633187784736016,1.8694624933299435,2.057579918427248,1,1,1,1.545527904676376,0.2358
520,983177,2.0,1.9075854722445653,0.029825721941623418,1.8491281314260775,1.9660428130630532,1.9015206059751306,0.05712439278452853,1.7859756153772512,2.0170655965730098,1.9015206059751306,0.05885294111615888,1.782042783614366,2.0209984283358953,0,1,1,3.8936276100922114,0.2704
521,984177,2.0,2.028380968472752,0.029696141589690753,1.970177600477156,2.086584336468348,2.042614054729374,0.05856270944162699,1.9241597940890438,2.161068315369704,2.042614054729374,0.058990815167135925,1.9228563331646207,2.162371776294127,1,1,1,3.9461059774827,0.2558
522,985177,2.0,1.8376544884922643,0.029812567961647534,1.7792229290007824,1.8960860479837462,1.849886500239249,0.06687231229511714,1.714624481358053,1.9851485191204452,1.849886500239249,0.06360247872361428,1.720766603926066,1.979006396552432,0,0,0,4.551445113472171,0.2705
523,986177,2.0,1.9844417844819868,0.03431261405195138,1.9171902967247392,2.0516932722392345,1.9900581680379146,0.0686553921946947,1.851189529634143,2.128926806441686,1.9900581680379146,0.06988396160883262,1.848186183518281,2.131930152557548,1,1,1,4.148082852067994,0.2234
524,987177,2.0,2.011692823831096,0.03615915498771188,1.9408221823437786,2.082563465318413,2.0211527332177606,0.0843063670723435,1.8506270100392452,2.191678456396276,2.0211527332177606,0.08518027131194737,1.848227589096861,2.19407787733866,1,1,1,5.549342022379009,0.2921
525,988177,2.0,2.034122144739952,0.03136729548678445,1.9726433752934287,2.095600914186475,2.0241176719825225,0.06704444022133671,1.8885074915078772,2.1597278524571677,2.0241176719825225,0.06401144415911261,1.894167531696354,2.154067812268691,1,1,1,4.1644830675211075,0.2657
526,989177,2.0,1.9775996694553541,0.03726726232012178,1.9045571775055088,2.0506421614051993,1.9844218321779126,0.06751461432542608,1.8478606348120894,2.1209830295437357,1.9844218321779126,0.06848230559631285,1.845395360641975,2.1234483037138503,1,1,1,3.3767722173143087,0.3257
527,990177,2.0,1.9875061850142082,0.027473776388389208,1.9336585727736584,2.0413537972547577,1.9842897872432084,0.05067062511614528,1.8817987739081947,2.086780800578222,1.9842897872432084,0.05153660455414955,1.8796649177427267,2.08891465674369,1,1,1,3.5188024504491935,0.2661
528,991177,2.0,2.1637220012514335,0.033733799552879126,2.097604969066097,2.22983903343677,2.156221749162862,0.08040548174215342,1.9935863113218266,2.318857187003897,2.156221749162862,0.07587677626331163,2.0021837041006356,2.310259794225088,0,1,0,5.0592625994015314,0.2355
529,992177,2.0,1.9435510648744814,0.0375846205269887,1.8698865622689786,2.017215567479984,1.9630135416326506,0.0668613250100129,1.8277737466332709,2.0982533366320304,1.9630135416326506,0.06321675845470619,1.8346766990954648,2.0913503841698367,1,1,1,2.8290726897249434,0.2441
530,993177,2.0,1.9641731656485686,0.03005377210085295,1.9052688547313221,2.023077476565815,1.9752749651041581,0.06956008434568797,1.8345764141011438,2.1159735161071724,1.9752749651041581,0.06708656302415433,1.8390820016297562,2.11146792857856,1,1,1,4.98279600708734,0.3232
531,994177,2.0,1.9799456335806804,0.029705572522220017,1.9217237812969865,2.038167485864374,1.9661838612433606,0.059004225330846836,1.8468365504228537,2.0855311720638676,1.9661838612433606,0.05821536079314837,1.848000395751236,2.084367326735485,1,1,1,3.840602255591371,0.2384
532,995177,2.0,1.9864564549252008,0.03202238041633917,1.9236937426099354,2.0492191672404663,1.979048724411712,0.06749407248133217,1.8425290768474185,2.1155683719760057,1.979048724411712,0.06934104709030701,1.8382789149604994,2.1198185338629245,1,1,1,4.688928020169946,0.2421
533,996177,2.0,1.9620617882974787,0.03258135024603002,1.8982035152475747,2.025920061347383,1.9689108357051859,0.07502366856398422,1.8171611425129677,2.120660528897404,1.9689108357051859,0.0754690844529086,1.8157004490195414,2.12212122239083,1,1,1,5.365374067054572,0.2657
534,997177,2.0,2.0167657733235793,0.035266945777497984,1.9476438297549563,2.085887716892202,2.0029644001683975,0.06505064895184129,1.8713870431910093,2.1345417571457856,2.0029644001683975,0.06490624241046063,1.8711977228579828,2.134731077478812,1,1,1,3.3871718756924816,0.2872
535,998177,2.0,2.030002652877024,0.03232273515986816,1.9666512560818559,2.0933540496721923,2.0339277401798443,0.06972471661830071,1.8928961889738714,2.1749592913858176,2.0339277401798443,0.0710492710572799,1.8896900517100528,2.1781654286496357,1,1,1,4.8317343155037475,0.2333
536,999177,2.0,2.0415759788771943,0.03419934216747311,1.974546499933985,2.1086054578204037,2.058141245660286,0.0924956441540399,1.871051146086958,2.2452313452336137,2.058141245660286,0.09442441466570688,1.8664494928270365,2.2498329984935355,1,1,1,7.623125995942932,0.2205
537,1000177,2.0,2.0045562370621988,0.03787360000588983,1.9303253450857787,2.0787871290386186,2.0160880815903406,0.052915492014398935,1.909056396363538,2.123119766817143,2.0160880815903406,0.05385532487802635,1.9067559595769614,2.1254202036037197,1,1,1,2.022013839981875,0.2381
538,1001177,2.0,2.10567540907719,0.03221826413994326,2.042528771718503,2.1688220464358774,2.1000577011767754,0.0699227605617011,1.958625568284718,2.2414898340688327,2.1000577011767754,0.06537869061703473,1.9673319030165068,2.2327834993370437,0,1,1,4.117827611436227,0.3562
539,1002177,2.0,1.934776399717677,0.0357627480951509,1.8646827014630027,2.004870097972351,1.949408506779588,0.07510369387004649,1.7974969471274245,2.1013200664317515,1.949408506779588,0.07641035855419057,1.7942872320782746,2.1045297814809016,1,1,1,4.565020245613901,0.2123
540,1003177,2.0,1.9221673996926132,0.03265293304451759,1.8581688269357608,1.9861659724494656,1.9308627014016597,0.06442278028242351,1.8005553286808784,2.0611700741224412,1.9308627014016597,0.06463371685363566,1.799649280384806,2.0620761224185133,0,1,1,3.9180851233049374,0.2819
541,1004177,2.0,2.046076239412757,0.03211572797056825,1.9831305692531576,2.1090219095723564,2.062070652464726,0.08600186715695879,1.888115456660138,2.2360258482693145,2.062070652464726,0.08254253209412127,1.894500403642592,2.22964090128686,1,1,1,6.605718054992951,0.2141
542,1005177,2.0,2.0925357823597808,0.031029488082352945,2.031719103259654,2.1533524614599076,2.1005150887980153,0.0715444977055359,1.955802682910437,2.2452274946855937,2.1005150887980153,0.07296368147617222,1.9523909405589055,2.2486392370371253,0,1,1,5.529224911326038,0.2902
543,1006177,2.0,2.0657254378654932,0.030121258516933785,2.0066888560032825,2.124762019727704,2.0657081866697675,0.06936069825518495,1.9254129321015954,2.20600344123794,2.0657081866697675,0.07162884650504212,1.9202938974884547,2.2111224758510803,0,1,1,5.654961961268698,0.2573
544,1007177,2.0,2.1820252374231246,0.03154606971504537,2.120196076927846,2.2438543979184034,2.17434745926458,0.07356241301633883,2.025553434400438,2.3231414841287226,2.17434745926458,0.06644224686401609,2.0394625271351745,2.309232391393986,0,0,0,4.436067067138298,0.1634
545,1008177,2.0,2.0795904560908207,0.02996608602176717,2.0208580067305277,2.1383229054511137,2.0719729489391963,0.07817567152927452,1.9138477279691564,2.230098169909236,2.0719729489391963,0.07785803860901738,1.9139127274810088,2.230033170397384,0,1,1,6.750669928987201,0.3266
546,1009177,2.0,1.9824115487310494,0.03269293353295156,1.9183345764575026,2.0464885210045964,1.9795080766064974,0.08148060612515433,1.8146979944380561,2.1443181587749387,1.9795080766064974,0.08376089697946534,1.8094644155711246,2.14955173764187,1,1,1,6.56409497092847,0.2015
547,1010177,2.0,2.0626570312886723,0.032512116647827986,1.9989344535977642,2.12637960897958,2.050733969931953,0.08976120961512017,1.8691747862719332,2.2322931535919732,2.050733969931953,0.08990535150761392,1.868216403044212,2.233251536819694,1,1,1,7.646815254126345,0.271
548,1011177,2.0,1.943401373951472,0.03163421390469515,1.8813994540190333,2.005403293883911,1.9248120795875379,0.08480285345541877,1.7532821179100544,2.0963420412650215,1.9248120795875379,0.0844975815293815,1.7532728694067607,2.096351289768315,1,1,1,7.134679419610239,0.2597
549,1012177,2.0,1.9987018960079757,0.044538297004923,1.9114084379455785,2.085995354070373,1.988782566824636,0.08119427622033046,1.8245516415548169,2.153013492094455,1.988782566824636,0.08071316699435058,1.824926126595211,2.152639007054061,1,1,1,3.284139244803845,0.2638
550,1013177,2.0,1.8810268015560956,0.027921613186124117,1.8263014453210336,1.9357521577911576,1.8789279832658585,0.0619163258268092,1.753690393213934,2.004165573317783,1.8789279832658585,0.060428296752385466,1.7562520189381763,2.0016039475935408,0,1,1,4.683814578597044,0.2894
551,1014177,2.0,1.9268711342995304,0.030856074278281572,1.8663943400098058,1.987347928589255,1.9216644140581414,0.06466387959795301,1.7908693719410116,2.052459456175271,1.9216644140581414,0.06330663023777962,1.7931451221016121,2.050183706014671,0,1,1,4.209369513426963,0.2249
552,1015177,2.0,2.0643207685311014,0.033476767828042674,1.9987075092693285,2.129934027792874,2.0402492828822343,0.06934921048181611,1.8999772645289468,2.180521301235522,2.0402492828822343,0.06313690152863888,1.9120745585237833,2.1684240072406853,1,1,1,3.5569641586302763,0.2483
553,1016177,2.0,2.0725401435626947,0.033088489877118765,2.0076878951007235,2.137392392024666,2.0662364703062606,0.06402885377685794,1.9367258891514485,2.1957470514610726,2.0662364703062606,0.05715053407341469,1.9502147179800802,2.182258222632441,0,1,1,2.9832296908379883,0.2442
554,1017177,2.0,1.8399872434806994,0.028922878732976654,1.7832994428348456,1.8966750441265532,1.8431049473483254,0.06784978702728924,1.7058657992017996,1.9803440954948512,1.8431049473483254,0.06921761091869333,1.7025857266477387,1.9836241680489122,0,0,0,5.727303229735189,0.2465
555,1018177,2.0,2.083007657784839,0.029706435321784918,2.024784114445072,2.1412312011246057,2.0786037721859234,0.08180527393975699,1.9131369873768571,2.2440705569949895,2.0786037721859234,0.08077860483417874,1.9146144860790557,2.2425930582927913,0,1,1,7.39420716372738,0.305
556,1019177,2.0,1.9823878040984295,0.036652178954376474,1.9105508533929347,2.0542247548039243,1.957913300194712,0.07824146923989764,1.7996549907928356,2.1161716095965883,1.957913300194712,0.0774478822478644,1.8006857404171235,2.1151408599723003,1,1,1,4.464979784596503,0.232
557,1020177,2.0,1.965486946157349,0.031085670141857712,1.9045601522440156,2.0264137400706823,1.9743847072510303,0.05111666037714581,1.8709915024435746,2.077777912058486,1.9743847072510303,0.05015389730320635,1.8725668827031376,2.076202531798923,1,1,1,2.6030883236365456,0.2296
558,1021177,2.0,2.061556649173248,0.03170588990399411,1.9994142468636273,2.1236990514828684,2.085255478650454,0.07533900584579728,1.9328679556015635,2.2376430016993445,2.085255478650454,0.07096606731080231,1.9411867027660468,2.2293242545348613,1,1,1,5.009813782143538,0.2122
559,1022177,2.0,2.0024111391661688,0.028800053111644946,1.945964072314504,2.0588582060178338,1.986572751816284,0.060663104381451345,1.86387004140268,2.109275462229888,1.986572751816284,0.056508060898563604,1.8718552893760567,2.101290214256511,1,1,1,3.849765105595494,0.3665
560,1023177,2.0,2.271888768806045,0.03500600653838337,2.20327825674824,2.3404992808638503,2.269105954450615,0.08301658950837808,2.1011890526396,2.4370228562616303,2.269105954450615,0.08287759689379873,2.1008554879221784,2.437356420979052,0,0,0,5.605174796600318,0.3217
561,1024177,2.0,1.9783903526693212,0.03146607022135956,1.9167179883004481,2.0400627170381944,1.980271246201197,0.07302429331963547,1.8325656711614693,2.127976821240925,1.980271246201197,0.07474780451651544,1.8285251356329124,2.132017356769482,1,1,1,5.643023608729615,0.2506
562,1025177,2.0,1.9342520572540343,0.03141199017587533,1.8726856878265927,1.9958184266814758,1.9187399382622974,0.06852538190382004,1.7801342704933893,2.0573456060312054,1.9187399382622974,0.06204862589086447,1.792774530904214,2.0447053456203808,0,1,1,3.9018757026109685,0.2534
563,1026177,2.0,1.914617947751288,0.03717141091474205,1.8417633211038544,1.9874725743987214,1.8958219120556796,0.07404862400161505,1.7460444326463969,2.0455993914649624,1.8958219120556796,0.07181434040822277,1.7500310502308776,2.0416127738804817,0,1,1,3.7325381912380164,0.2912
564,1027177,2.0,2.0055711986029707,0.03349380978782876,1.9399245377137913,2.07121785949215,1.977155681121486,0.07502203570169771,1.8254092907049884,2.1289020715379836,1.977155681121486,0.07167625071891144,1.8316451562697647,2.1226662059732075,1,1,1,4.579535823239484,0.2374
565,1028177,2.0,2.0358407282660775,0.028180940102850712,1.9806071006140096,2.0910743559181455,2.0311430371345365,0.0616798885643798,1.9063836865864863,2.1559023876825867,2.0311430371345365,0.05864521664824355,1.9120869178629782,2.1501991564060945,1,1,1,4.330661472195717,0.2843
566,1029177,2.0,1.9961519900364337,0.03546682274440844,1.9266382948113272,2.0656656852615405,1.9903526178845676,0.08331346902706169,1.821835220566766,2.158870015202369,1.9903526178845676,0.07073626418469195,1.8467503671484138,2.1339548686207217,1,1,1,3.9777700204983626,0.151
567,1030177,2.0,1.9226886018491895,0.030357560092101013,1.863188877410161,1.982188326288218,1.9141177301669838,0.06911346856981491,1.774322544838573,2.0539129154953946,1.9141177301669838,0.07045824644056571,1.7710798854573748,2.057155574876593,0,1,1,5.386788618538661,0.2099
568,1031177,2.0,1.9628335702884772,0.03583851774919179,1.8925913662407619,2.0330757743361927,1.9438316136124387,0.07728357656360076,1.7875108250292777,2.1001524021956,1.9438316136124387,0.0744079976157946,1.7927753477273816,2.094887879497496,1,1,1,4.310614210424883,0.2023
569,1032177,2.0,1.9863906625750654,0.031543580868958636,1.9245663801284798,2.048214945021651,1.9751736068669024,0.07300675376271162,1.827503508929706,2.1228437048040987,1.9751736068669024,0.0734199050795793,1.8261232754734609,2.124223938260344,1,1,1,5.417583957951668,0.2907
570,1033177,2.0,2.0473444870995845,0.03003130944207929,1.9884842021845315,2.1062047720146375,2.0437724185456334,0.059644263064069974,1.9231305092136552,2.1644143278776116,2.0437724185456334,0.06026244915101758,1.9214331427483695,2.1661116943428973,1,1,1,4.026660534148327,0.2343
571,1034177,2.0,2.0429474433618178,0.047077740700610146,1.9506767671151064,2.135218119608529,2.0597374090776683,0.09901783697389503,1.8594549293088907,2.260019888846446,2.0597374090776683,0.09586172979028088,1.8651277514146272,2.2543470667407095,1,1,1,4.146286405645031,0.2342
572,1035177,2.0,1.8673381632180908,0.03461992690475607,1.7994843533373597,1.9351919730988218,1.8890243488661402,0.06951489462936808,1.7484172026920053,2.029631495040275,1.8890243488661402,0.06897877537481827,1.7489899900967223,2.029058707635558,0,1,1,3.969891765599969,0.2821
573,1036177,2.0,2.0288549975439256,0.03522763150837064,1.9598101085268707,2.0978998865609806,2.015769733556854,0.0627232664417693,1.888899952050041,2.1426395150636672,2.015769733556854,0.060743349727403716,1.8924541776867685,2.1390852894269394,1,1,1,2.9732442361294598,0.2616
574,1037177,2.0,2.0388941818564303,0.030217562922606286,1.9796688468275492,2.0981195168853115,2.035485209820153,0.05813235572485428,1.917901421735143,2.1530689979051627,2.035485209820153,0.05853267414597178,1.9166575639747216,2.154312855665584,1,1,1,3.7521298670849488,0.2348
575,1038177,2.0,1.9311090466925938,0.03864451052156357,1.85536719787015,2.0068508955150377,1.939079178158689,0.06805089059839196,1.8014332596449065,2.0767250966724715,1.939079178158689,0.06790526052747387,1.8012241703919591,2.0769341859254187,1,1,1,3.087672415518201,0.2413
576,1039177,2.0,2.024697161063241,0.03731816922641184,1.951554893410503,2.097839428715979,2.0179356410584637,0.07442822942435415,1.8673903372074097,2.1684809449095175,2.0179356410584637,0.07450517133872787,1.866682102028062,2.1691891800888654,1,1,1,3.9859530240412635,0.3538
577,1040177,2.0,2.083692522544236,0.03099076289735599,2.022951743411998,2.144433301676474,2.095364857983962,0.06364655755870463,1.9666275439183731,2.224102172049551,2.095364857983962,0.06351973174883487,1.9664129469603175,2.224316769007607,0,1,1,4.20100091337088,0.2549
578,1041177,2.0,1.9565004455903756,0.03143014721564682,1.894898489018916,2.0181024021618352,1.9616604474277732,0.05394944540168725,1.8525373940727614,2.070783500782785,1.9616604474277732,0.05281484184707854,1.854440618264731,2.068880276590815,1,1,1,2.8237037907315785,0.2511
579,1042177,2.0,2.0285696427680553,0.03410145789594409,1.9617320134716958,2.095407272064415,2.0407483669429536,0.07187033501078127,1.8953768928966461,2.186119840989261,2.0407483669429536,0.06947206408587929,1.8997125788502942,2.181784155035613,1,1,1,4.150252428293269,0.2319
580,1043177,2.0,1.9715385680240605,0.031876843826413696,1.9090611021834816,2.0340160338646394,1.9751310789632424,0.07958378958898028,1.814157670379496,2.136104487546989,1.9751310789632424,0.0807716041776505,1.8111560049446955,2.139106152981789,1,1,1,6.420469500516788,0.2487
581,1044177,2.0,2.0502854508671646,0.035247837828178696,1.981200958191026,2.1193699435433033,2.050462718136055,0.08811675904194885,1.872229749718838,2.228695686553272,2.050462718136055,0.09087830190488085,1.8659699569330284,2.234955479339082,1,1,1,6.647455575383497,0.3204
582,1045177,2.0,2.081968900214038,0.033610934103092384,2.0160926798852277,2.147845120542848,2.0895194656597016,0.08298186186909617,1.921672807129336,2.2573661241900673,2.0895194656597016,0.08341053427591623,1.9201870787265671,2.2588518525928363,0,1,1,6.158580765374548,0.2348
583,1046177,2.0,1.9244485464913585,0.03211486339894857,1.8615045708609959,1.9873925221217212,1.9543824332606399,0.06965920341087337,1.8134833950244726,2.0952814714968073,1.9543824332606399,0.06565717885053546,1.8210912739296172,2.0876735925916625,0,1,1,4.179768974851706,0.2468
584,1047177,2.0,1.9598081485266718,0.036839273267622416,1.8876044997055028,2.032011797347841,1.957042446258816,0.08409345806382662,1.7869473721986218,2.1271375203190104,1.957042446258816,0.08612426493888851,1.7822008931916455,2.1318839993259866,1,1,1,5.46548803748053,0.2479
585,1048177,2.0,2.0432416936483753,0.03411629270827185,1.976374988654136,2.1101083986426143,2.047123267026686,0.07615755468783005,1.8930800726674093,2.201166461385963,2.047123267026686,0.07846720965763358,1.8878263625930423,2.20642017146033,1,1,1,5.289964461954416,0.2896
586,1049177,2.0,1.9035857855707004,0.03933161176426305,1.8264972430588329,1.9806743280825678,1.903264897505127,0.08675134061372648,1.7277937485447261,2.0787360464655276,1.903264897505127,0.08519987874251966,1.73029994818397,2.076229846826284,0,1,1,4.692393948358077,0.2437
587,1050177,2.0,2.063569443518157,0.02799443332936698,2.00870136242499,2.1184375246113243,2.062103925846217,0.06623296518893255,1.9281351085514524,2.1960727431409817,2.062103925846217,0.06276896249016373,1.9346761574468874,2.189531694245547,0,1,1,5.027435863212658,0.2227
588,1051177,2.0,1.9848145759571283,0.03225448074368108,1.9215969553594727,2.048032196554784,1.9665312512105828,0.0727160013726585,1.8194492554927257,2.11361324692844,1.9665312512105828,0.07274181707452862,1.818857511652246,2.1142049907689193,1,1,1,5.086138491332982,0.2569
589,1052177,2.0,2.0272903786820855,0.0332045821633598,1.9622105935201992,2.092370163843972,2.0169275147791423,0.05080506772199027,1.91416456560602,2.119690463952265,2.0169275147791423,0.04782738154235791,1.9198327683225473,2.1140222612357373,1,1,1,2.0747089016347067,0.2787
590,1053177,2.0,2.0604794757279317,0.03541328850081988,1.9910707056921984,2.129888245763665,2.064503873766077,0.06804285814701122,1.9268742024187682,2.202133545113386,2.064503873766077,0.06441660237379813,1.9337312185760795,2.1952765289560743,1,1,1,3.3087435966505616,0.2577
591,1054177,2.0,1.9321682877176247,0.0286967578261866,1.8759236759052311,1.9884128995300183,1.9401194124525154,0.0649556775983018,1.808734153169595,2.0715046717354357,1.9401194124525154,0.06573474871313831,1.8066707779284292,2.0735680469766016,0,1,1,5.247160501971357,0.2124
592,1055177,2.0,2.0021394381787783,0.0341665083135302,1.9351743124067706,2.069104563950786,2.0045010030846537,0.060134816775243426,1.8828668552152945,2.126135150954013,2.0045010030846537,0.059769340427401195,1.8831627912166928,2.1258392149526144,1,1,1,3.0602417155270474,0.2541
593,1056177,2.0,2.0328634676196384,0.028889962632938856,1.9762401813443704,2.0894867538949065,2.0258701602052676,0.06352093410282365,1.8973869435632327,2.154353376847302,2.0258701602052676,0.06250332686391195,1.8989816607968173,2.152758659613718,1,1,1,4.6807161802651915,0.2209
594,1057177,2.0,2.022212148872886,0.03228742445927161,1.958929959779156,2.085494337966616,2.0306754540057357,0.061475005995203995,1.9063305175700311,2.15502039044144,2.0306754540057357,0.06286938317708547,1.9030438207737257,2.1583070872377457,1,1,1,3.791504647554185,0.3217
595,1058177,2.0,1.8466677906800615,0.0390140711424638,1.770201616350549,1.923133965009574,1.8417397963110962,0.0772643897320202,1.6854578167579575,1.998021775864235,1.8417397963110962,0.07606198531531776,1.6873257568840085,1.9961538357381838,0,0,0,3.8009553730010537,0.2096
596,1059177,2.0,2.017318711034335,0.03567293643691589,1.9474010403951931,2.0872363816734767,2.0333301318831483,0.07801073975858865,1.8755385169081003,2.191121746858196,2.0333301318831483,0.07849417077611859,1.8739784934691135,2.192681770297183,1,1,1,4.841691253403,0.2609
597,1060177,2.0,2.0057700571972776,0.02749693191940784,1.9518770609498886,2.059663053444667,1.9982865850154363,0.060507167164030665,1.875899287395605,2.1206738826352676,1.9982865850154363,0.058858139203808155,1.878798209975723,2.1177749600551494,1,1,1,4.581889157938568,0.2795
598,1061177,2.0,2.1351178839009046,0.0371073440040476,2.062388826091033,2.2078469417107764,2.12240089787925,0.07979338142822534,1.9610035497853486,2.283798245973151,2.12240089787925,0.08184281097809867,1.9562511584423177,2.2885506373161824,0,1,1,4.864535014421743,0.2875
599,1062177,2.0,1.9058928587370563,0.05604847496400322,1.796039866419215,2.0157458510548976,1.920351393752431,0.08922606918722112,1.7398746337768671,2.100828153727995,1.920351393752431,0.09010825686877058,1.7374219070823216,2.1032808804225405,1,1,1,2.584649016722466,0.1959
600,1063177,2.0,1.9909230867624617,0.036221195834756297,1.919930847449367,2.0619153260755563,1.9826401527043873,0.07245005019382335,1.8360960940211333,2.129184211387641,1.9826401527043873,0.06944707792850037,1.8416550892079193,2.123625216200855,1,1,1,3.6760582564311415,0.3109
601,1064177,2.0,2.132065434986906,0.033134292031451205,2.067123415952029,2.197007454021783,2.1457241503364304,0.0754019878323693,1.9932092341951746,2.298239066477686,2.1457241503364304,0.07468865291741379,1.9940981238984505,2.29735017677441,0,1,1,5.081054601993427,0.2405
602,1065177,2.0,1.9122174964744647,0.03380090160771875,1.845968946678354,1.9784660462705754,1.9097763953469622,0.06105882116321323,1.7862732721919825,2.033279518501942,1.9097763953469622,0.062444199868601453,1.7830079301204653,2.036544860573459,0,1,1,3.412932040848154,0.2851
603,1066177,2.0,2.0789497688449803,0.02865620374338728,2.022784641574299,2.1351148961156614,2.0874307730675197,0.0628741865532938,1.9602557268214749,2.2146058193135643,2.0874307730675197,0.06330446309200013,1.9589158806508191,2.2159456654842202,0,1,1,4.880129501776732,0.173
604,1067177,2.0,2.0255317151438383,0.03524894490316623,1.9564450526405959,2.094618377647081,2.0162731666698557,0.062423426710176796,1.8900098682656008,2.1425364650741106,2.0162731666698557,0.0631860554583637,1.8879986545289658,2.1445476788107456,1,1,1,3.213292385212902,0.2618
605,1068177,2.0,1.8445886533096851,0.032692783119842514,1.7805119758404149,1.9086653307789554,1.8637453659020764,0.06774292033469848,1.7267223760443082,2.0007683557598446,1.8637453659020764,0.06549733967859481,1.7307786973412553,1.9967120344628975,0,1,0,4.013687299013113,0.2648
606,1069177,2.0,1.991861984578303,0.031046443508854077,1.9310120734528917,2.0527118957037143,1.9875281795058155,0.06821527711126485,1.8495497578850686,2.1255066011265624,1.9875281795058155,0.06567507970190735,1.8542006795145003,2.1208556794971307,1,1,1,4.474839907470194,0.2384
607,1070177,2.0,1.9319052105924155,0.03515355641298695,1.863005506094464,2.000804915090367,1.9361218723605025,0.0628225843988953,1.809051201323614,2.063192543397391,1.9361218723605025,0.06374387584793109,1.806714924624212,2.0655288200967927,1,1,1,3.288049875255615,0.2422
608,1071177,2.0,1.9929838862635758,0.028507760864650206,1.937109701688981,2.0488580708381705,1.9984376960504486,0.04877808493956518,1.8997747065464083,2.097100685554489,1.9984376960504486,0.04970943437531076,1.8975221792162902,2.099353212884607,1,1,1,3.0405449542389635,0.2706
609,1072177,2.0,1.9854864000242294,0.03523958823985308,1.916418076244096,2.0545547238043627,1.9895487320675864,0.0643391184197904,1.8594105814367066,2.1196868826984665,1.9895487320675864,0.06602534194471771,1.855510161920175,2.1235873022149976,1,1,1,3.5104247490613214,0.2922
610,1073177,2.0,2.034044832101816,0.02997628650086961,1.9752923901698574,2.092797274033775,2.0057304673102174,0.0709703737068169,1.8621793368218231,2.1492815977986117,2.0057304673102174,0.06392791611428746,1.8759498979700797,2.1355110366503554,1,1,1,4.548052127799653,0.2398
611,1074177,2.0,2.003580729432894,0.04333109670665455,1.918653340477229,2.088508118388559,1.9938836412772665,0.08796094409867332,1.8159658383310189,2.1718014442235143,1.9938836412772665,0.08726553168918946,1.8167251935320614,2.1710420890224715,1,1,1,4.0558895138879665,0.1944
612,1075177,2.0,1.9586224576263687,0.03450357838519604,1.8909966866536299,2.0262482285991075,1.9464764175946025,0.06899954172186297,1.8069116710670927,2.0860411641221126,1.9464764175946025,0.0694746961537415,1.8054352861201084,2.087517549069097,1,1,1,4.054385457835537,0.2717
613,1076177,2.0,1.9494448212591085,0.027718559208720395,1.8951174435066753,2.0037721990115416,1.9655866918216434,0.06563307775758379,1.832831261387312,2.098342122255975,1.9655866918216434,0.0647505235738725,1.8341361405559642,2.0970372430873225,1,1,1,5.456890819121315,0.269
614,1077177,2.0,1.9966861989790456,0.030595526647817017,1.9367200686612889,2.0566523292968024,2.0079963645103778,0.08247544279492747,1.8411740352430668,2.1748186937776888,2.0079963645103778,0.08286174539702083,1.8397780782312245,2.176214650789531,1,1,1,7.334867747445985,0.2585
615,1078177,2.0,1.8753835044303202,0.036412968913547596,1.8040153967895902,1.9467516120710502,1.8726094125460475,0.07237796221592964,1.726211165561123,2.0190076595309723,1.8726094125460475,0.07242740700896444,1.7255739593545343,2.0196448657375607,0,1,1,3.9563407901074568,0.2425
616,1079177,2.0,2.0207029413171202,0.029899005861789705,1.9621019666544606,2.07930391597978,2.0043581637528707,0.07377770128456315,1.8551286772634004,2.153587650242341,2.0043581637528707,0.07477104509921043,1.8525648722933996,2.1561514552123415,1,1,1,6.253935607177958,0.2246
617,1080177,2.0,2.0185778263852896,0.03820741789559868,1.943692663367645,2.093462989402934,2.0161235289759043,0.08982000478753191,1.8344454208545051,2.1978016370973035,2.0161235289759043,0.08933813694270828,1.8347574688733974,2.1974895890784114,1,1,1,5.467369250126688,0.2825
618,1081177,2.0,1.9520302464893977,0.03353259051717459,1.8863075767674062,2.017752916211389,1.9480878985133727,0.07633120712906484,1.793693458937968,2.1024823380887776,1.9480878985133727,0.07565644344011387,1.7944971528623739,2.1016786441643713,1,1,1,5.09046706462143,0.2832
619,1082177,2.0,2.057535526943914,0.03401633133910032,1.990864742633096,2.124206311254732,2.06822666581591,0.08044197263296947,1.9055174181813572,2.230935913450463,2.06822666581591,0.08183314724809887,1.902096544793867,2.2343567868379535,1,1,1,5.787400827497672,0.2153
620,1083177,2.0,1.9090272134688553,0.03190086931565377,1.846502658534655,1.9715517684030557,1.9061481683035104,0.07805728497001996,1.7482624067519292,2.064033929855092,1.9061481683035104,0.07991762242023173,1.7439067694212806,2.06838956718574,0,1,1,6.2759586572607775,0.2411
621,1084177,2.0,1.9658267767764968,0.03505841318056365,1.8971135495874676,2.034540003965526,1.9543836316969865,0.0776058675813905,1.7974109479985327,2.11135631539544,1.9543836316969865,0.0744339674008659,1.803274644345361,2.105492619048612,1,1,1,4.5077292782963685,0.3008
622,1085177,2.0,2.044444697438138,0.03532663132142588,1.9752057723530185,2.1136836225232574,2.05366290078198,0.09062947994674055,1.8703474746060544,2.2369783269579058,2.05366290078198,0.0864425531307937,1.8781751883329545,2.229150613231006,1,1,1,5.987571591940402,0.2793
623,1086177,2.0,1.9301369607635959,0.03140047346688329,1.8685931636709991,1.9916807578561926,1.923809946448844,0.07810784535730238,1.7658219168609932,2.081797976036695,1.923809946448844,0.0723888449323162,1.7768527784348642,2.0707671144628237,0,1,1,5.314603885044297,0.2354
624,1087177,2.0,2.0911180184175793,0.03011726892086733,2.032089256019972,2.1501467808151866,2.072702210611099,0.06422850124127326,1.9427878043428057,2.202616616879392,2.072702210611099,0.06211409563865534,1.9466038925989646,2.198800528623233,0,1,1,4.253526659594645,0.2477
625,1088177,2.0,2.0825199264751544,0.03821264452978857,2.007624519442737,2.1574153335075716,2.0594869496376815,0.09387028203228188,1.8696163825096952,2.249357516765668,2.0594869496376815,0.08735945092913355,1.8821378356988507,2.2368360635765123,0,1,1,5.22643559272381,0.1945
626,1089177,2.0,2.014351963193685,0.03162811571952201,1.9523619954845566,2.0763419309028133,2.0036279367347825,0.07162496145560576,1.8587527775505457,2.1485030959190192,2.0036279367347825,0.06816520957788653,1.8652452043398688,2.142010669129696,1,1,1,4.644927186457693,0.2076
627,1090177,2.0,1.9929680635465035,0.030759802105059575,1.9326799592490074,2.053256167844,1.9991937505699209,0.054890200008100604,1.888167841414534,2.1102196597253076,1.9991937505699209,0.05426747210923202,1.8890249251948645,2.109362575944977,1,1,1,3.112519702818309,0.3653
628,1091177,2.0,2.015218459157904,0.03605743901194326,1.9445471773197458,2.0858897409960626,2.0127290171985455,0.07899066947098002,1.8529553072919693,2.1725027271051216,2.0127290171985455,0.07957676100656501,1.851179603774635,2.1742784306224556,1,1,1,4.870603327724475,0.2064
629,1092177,2.0,1.9140318920083943,0.03469214731830042,1.8460365327181676,1.982027251298621,1.940542987473218,0.06057273442134238,1.8180230675573708,2.0630629073890656,1.940542987473218,0.054589161519526745,1.8297210978758882,2.0513648770705477,0,1,1,2.4759991056185857,0.3081
630,1093177,2.0,1.9524403617489547,0.03065357760561476,1.8923604536446463,2.012520269853263,1.959892364373455,0.07181762755882436,1.814627501211639,2.105157227535271,1.959892364373455,0.07240482124564841,1.8129027627191152,2.1068819660277947,1,1,1,5.579209043168689,0.2588
631,1094177,2.0,2.0520994436180224,0.03311476572067086,1.987195695449026,2.1170031917870187,2.0604973432168014,0.06614903911852199,1.9266982824226107,2.1942964040109922,2.0604973432168014,0.06445269262541116,1.929651420920872,2.191343265512731,1,1,1,3.788251093438006,0.2939
632,1095177,2.0,1.919369855902355,0.03128231893214651,1.8580576374424524,1.9806820743622577,1.8980973621559227,0.08646574917055558,1.723203876414464,2.0729908478973815,1.8980973621559227,0.0795878997364528,1.7365253359081565,2.0596693884036887,0,1,1,6.472859933092018,0.2153
633,1096177,2.0,1.9912352090492753,0.031358277724710636,1.9297741140916378,2.0526963040069126,2.0027336925439374,0.07111327468116081,1.8588935175522734,2.1465738675356016,2.0027336925439374,0.07051430026699004,1.8595820525168958,2.145885332570979,1,1,1,5.056499830646561,0.2903
634,1097177,2.0,2.087281438846012,0.03574719043854144,2.017218233037976,2.1573446446540476,2.093546735871651,0.07696408256233361,1.9378721849038594,2.249221286839443,2.093546735871651,0.07233981094885855,1.9466891121362424,2.2404043596070595,0,1,1,4.095160343507955,0.3269
635,1098177,2.0,1.9650538731897722,0.0367591303476183,1.893007301605427,2.0371004447741172,1.9621962980736802,0.06856790013869005,1.8235046290571646,2.100887967090196,1.9621962980736802,0.0706065446613686,1.818857391970274,2.1055352041770865,1,1,1,3.6894315780887093,0.1915
636,1099177,2.0,2.03295191607387,0.03292034259592559,1.9684292302271358,2.0974746019206036,2.039303345343362,0.07338496595149632,1.8908682410460638,2.1877384496406607,2.039303345343362,0.07343885645174598,1.8902145406190338,2.1883921500676906,1,1,1,4.976489807838369,0.229
637,1100177,2.0,1.9268008381685702,0.03172627990111294,1.8646184721989518,1.9889832041381885,1.9276906810195023,0.059749410591837165,1.806836090737845,2.0485452713011596,1.9276906810195023,0.05867744466207867,1.8085691354015456,2.046812226637459,0,1,1,3.420614105120451,0.2262
638,1101177,2.0,2.0979725057882543,0.02874479309054473,2.041633746587731,2.154311264988778,2.1201769305790075,0.07522628009557841,1.968017416881539,2.272336444276476,2.1201769305790075,0.0759326259971969,1.96602550452923,2.274328356628785,0,1,1,6.978120507565924,0.2976
639,1102177,2.0,2.0756995956199757,0.03155860186340698,2.0138458725652595,2.137553318674692,2.0691273780149393,0.062146240880529925,1.943424740871474,2.1948300151584044,2.0691273780149393,0.06239647540279437,1.942455798604849,2.19579895742503,0,1,1,3.9091704545257047,0.2516
640,1103177,2.0,2.0892107693170088,0.033717091586537386,2.023126484143957,2.1552950544900606,2.0804669872995536,0.0860686748907978,1.906376660098341,2.254557314500766,2.0804669872995536,0.08750415884811832,1.9028241006671112,2.258109873931996,0,1,1,6.735303613423115,0.2329
641,1104177,2.0,2.046541826360399,0.03549415644532173,1.9769745580659384,2.11610909465486,2.025730480393685,0.08403058804339794,1.8557625729529545,2.195698387834416,2.025730480393685,0.08113318994843585,1.8610213482351246,2.190439612552246,1,1,1,5.224964991837776,0.3394
642,1105177,2.0,1.967187860858127,0.029015011250039344,1.9103194837970254,2.0240562379192286,1.963139885653864,0.06450329419654015,1.8326696581700623,2.0936101131376654,1.963139885653864,0.06595018687734232,1.8292538884045797,2.0970258829031483,1,1,1,5.166382712175801,0.3011
643,1106177,2.0,2.0391920974121427,0.033596542232306924,1.9733440846317423,2.1050401101925433,2.0314462986060415,0.06416057599303504,1.901669284120601,2.161223313091482,2.0314462986060415,0.05937180837068594,1.910915119718152,2.151977477493931,1,1,1,3.1229957282502476,0.2364
644,1107177,2.0,1.8929911656116671,0.037574986893135244,1.8193455445815574,1.9666367866417769,1.8848364448963637,0.07575729419919451,1.7316028537930994,2.038070035999628,1.8848364448963637,0.07484840729018012,1.7328860998396582,2.036786789953069,0,1,1,3.967961513915,0.2384
645,1108177,2.0,2.0335147213422733,0.03230158986334966,1.9702047685667239,2.0968246741178227,2.027711838446243,0.07197017338178632,1.8821384222334325,2.1732852546590538,2.027711838446243,0.07298444247688839,1.879545543134981,2.1758781337575055,1,1,1,5.1052003759964135,0.2765
646,1109177,2.0,2.0270944470177836,0.030796184261032575,1.9667350350049004,2.0874538590306666,2.0225671182487135,0.06571074286684782,1.8896545953030701,2.155479641194357,2.0225671182487135,0.0669419137500998,1.8866678084123853,2.158466428085042,1,1,1,4.725006702531657,0.2707
647,1110177,2.0,1.9280273815460487,0.032083505033518464,1.865144867182543,1.9909098959095544,1.9237436436340958,0.06714364598062689,1.787932800570919,2.0595544866972726,1.9237436436340958,0.06377725861040053,1.7942689252870492,2.053218361981142,0,1,1,3.9515554453410515,0.2297
648,1111177,2.0,2.156413032172214,0.03309528159173884,2.0915474721941942,2.2212785921502336,2.138909056698856,0.06824113987145,2.000878322707915,2.2769397906897964,2.138909056698856,0.06672570960430693,2.003448664613022,2.2743694487846895,0,0,0,4.064940947117691,0.208
649,1112177,2.0,1.961745189829462,0.03942156227309436,1.8844803475598941,2.03901003209903,1.9550091483852556,0.08491074037499073,1.7832609648151632,2.126757331955348,1.9550091483852556,0.08566593481268465,1.7810980549410476,2.128920241829464,1,1,1,4.722246507991746,0.241
650,1113177,2.0,1.8441117386405312,0.031597315189422014,1.7821821388611037,1.9060413384199588,1.858194881932781,0.07948748739857217,1.6974162629151526,2.018973500950409,1.858194881932781,0.07129951959241478,1.713449161927779,2.002940601937783,0,1,1,5.091817654593768,0.2882
651,1114177,2.0,2.0403879117996135,0.03850374076532008,1.9649219666295195,2.1158538569697076,2.020351068610267,0.07715249218312939,1.864295423213244,2.17640671400729,2.020351068610267,0.07739925831687862,1.8632222206604756,2.1774799165600585,1,1,1,4.040803658423303,0.2505
652,1115177,2.0,1.9727085008731178,0.030662799838951302,1.9126105175236126,2.032806484222623,1.9753842998614306,0.06852182460472916,1.8367858274090934,2.1139827723137676,1.9753842998614306,0.0684765604067812,1.8363694916803106,2.1143991080425506,1,1,1,4.987239894062267,0.2156
653,1116177,2.0,1.9103215562282174,0.032256086327075675,1.8471007887449342,1.9735423237115006,1.9125574472817939,0.08610138424306948,1.738400959170741,2.0867139353928468,1.9125574472817939,0.08119400503401226,1.7477248539358474,2.0773900406277406,0,1,1,6.33613735075833,0.2443
654,1117177,2.0,1.9538713356997883,0.030538621361707527,1.8940167376933361,2.0137259337062408,1.9354653029401656,0.0653261230609295,1.8033307469836195,2.0675998588967115,1.9354653029401656,0.06445847426481344,1.804607643292247,2.066322962588084,1,1,1,4.455138280349098,0.2424
655,1118177,2.0,2.016314822502072,0.03216808052959102,1.9532665432122895,2.079363101791855,2.007738974005234,0.06263097077737861,1.8810558781007427,2.1344220699097254,2.007738974005234,0.06376206145847572,1.8782951075167968,2.1371828404936712,1,1,1,3.9289310246876332,0.2253
656,1119177,2.0,2.0829808668387955,0.03123607496826151,2.02175928488261,2.144202448794981,2.107844856693651,0.07409145303550348,1.9579807473864081,2.257708966000894,2.107844856693651,0.06872325655600539,1.9683292287041223,2.2473604846831803,0,1,1,4.840548200710805,0.1893
657,1120177,2.0,1.9876796058741388,0.03094741089233396,1.9270237951104017,2.048335416637876,1.9716871373204696,0.07560188522732525,1.8187678905334976,2.124606384107442,1.9716871373204696,0.07548250204063216,1.8184495114836097,2.12492476315733,1,1,1,5.948999501920498,0.3294
658,1121177,2.0,2.1493530828905296,0.03773983932490005,2.075384357031397,2.2233218087496622,2.1490071208653614,0.07380198453173431,1.9997285168723289,2.2982857248583937,2.1490071208653614,0.07297398369118764,2.00086205801787,2.2971521837128526,0,1,0,3.738832566305425,0.2389
659,1122177,2.0,2.0273373570362336,0.03508467438019153,1.9585726588417431,2.096102055230724,2.035139564339748,0.07337525168698703,1.8867241089970672,2.1835550196824283,2.035139564339748,0.07568119337828529,1.8814985736430436,2.1887805550364523,1,1,1,4.653085608088805,0.2391
660,1123177,2.0,1.965346369128607,0.030068419376389294,1.9064133500788376,2.0242793881783765,1.957226999837194,0.06198443691838161,1.8318516420987923,2.082602357575596,1.957226999837194,0.06088708221290312,1.833619651508749,2.0808343481656393,1,1,1,4.100427404752134,0.2566
661,1124177,2.0,1.838092652611699,0.03468401653070874,1.7701132293723179,1.90607207585108,1.8364115259993956,0.08594819116191314,1.6625649001426102,2.0102581518561813,1.8364115259993956,0.08689132777792447,1.660012752581232,2.012810299417559,0,1,1,6.27616132428486,0.2605
662,1125177,2.0,2.094024662798,0.03206524453831428,2.0311779383474344,2.156871387248566,2.085763448323654,0.07236346132158154,1.9393945321660595,2.232132364481248,2.085763448323654,0.07060037843001223,1.9424370603354115,2.2290898363118963,0,1,1,4.847802800913335,0.2688
663,1126177,2.0,1.9610070123040462,0.03418966581259947,1.8939964986678908,2.0280175259402013,1.9520839581739131,0.0682005979767382,1.8141352279052874,2.090032688442539,1.9520839581739131,0.06976566393272936,1.8104521307044303,2.093715785643396,1,1,1,4.163837302712942,0.2305
664,1127177,2.0,2.060185096339334,0.03107990447498806,1.9992696029254122,2.1211005897532558,2.0446818554497135,0.06579498793440731,1.9115989307708596,2.1777647801285673,2.0446818554497135,0.05988752631788355,1.923103713468477,2.16625999743095,1,1,1,3.7129012510532013,0.2043
665,1128177,2.0,2.0528974164986256,0.03659907501463615,1.9811645476024589,2.124630285394792,2.0884780177034017,0.06439467314693768,1.958227497030356,2.2187285383764475,2.0884780177034017,0.05762290001886159,1.971497311526334,2.2054587238804695,1,1,1,2.478848610473948,0.2895
666,1129177,2.0,2.0154930791567534,0.029358533481276216,1.9579514108945386,2.073034747418968,2.020489986941196,0.0664218334793716,1.8861391474702773,2.1548408264121144,2.020489986941196,0.06430215518330586,1.8899496718999829,2.151030301982409,1,1,1,4.797139442145703,0.2742
667,1130177,2.0,2.0130192861438783,0.02963585807121944,1.9549340716733474,2.071104500614409,1.9976917057313237,0.0658385706049039,1.8645206267805854,2.130862784682062,1.9976917057313237,0.06746404398004077,1.860732415175613,2.1346509962870344,1,1,1,5.182147001223855,0.2305
668,1131177,2.0,1.9964983108949363,0.036998633322226644,1.9239823221061685,2.069014299683704,1.9925214191188672,0.053708034507935154,1.8838866653866457,2.1011561728510886,1.9925214191188672,0.0535222466306856,1.8838654818961422,2.101177356341592,1,1,1,2.0926534106808883,0.1724
669,1132177,2.0,1.9208989274629777,0.03803111183175342,1.8463593179807258,1.9954385369452297,1.9503098006979902,0.07597787095844337,1.7966300509866222,2.1039895504093584,1.9503098006979902,0.07030861413782918,1.8075757257124891,2.0930438756834913,0,1,1,3.4177400762276267,0.1766
670,1133177,2.0,1.989503746493381,0.029277545578069178,1.9321208116046353,2.0468866813821265,2.009052622602669,0.07039904329463487,1.8666571169513364,2.151448128254002,2.009052622602669,0.06686951092075161,1.8733002983242284,2.1448049468811097,1,1,1,5.21659309449907,0.2923
671,1134177,2.0,1.9609972249447625,0.030567302407939707,1.9010864131206562,2.0209080367688688,1.932708473561754,0.07041322358021268,1.7902842855755394,2.0751326615479684,1.932708473561754,0.06646274018473484,1.797781937779481,2.0676350093440266,1,1,1,4.727616704450053,0.2231
672,1135177,2.0,1.90347117109028,0.033442684699878995,1.8379247135321886,1.9690176286483716,1.9080228527141465,0.07242939158171262,1.7615205800180294,2.0545251254102634,1.9080228527141465,0.07113109874359629,1.7636190452096137,2.0524266602186794,0,1,1,4.523939264773088,0.2191
673,1136177,2.0,2.024936066532474,0.03155856565746316,1.9630824144401036,2.0867897186248445,2.026299620187643,0.060620678184203546,1.9036827248579837,2.148916515517302,2.026299620187643,0.06165022220587446,1.9011430153091018,2.151456225066184,1,1,1,3.816232098425535,0.2285
674,1137177,2.0,1.9432378244265567,0.03204782210722024,1.8804252473134584,2.006050401539655,1.9376131163028223,0.05529765252660263,1.8257630566379153,2.049463175967729,1.9376131163028223,0.055452632085894744,1.8250382882628982,2.0501879443427464,1,1,1,2.993968918375352,0.284
675,1138177,2.0,2.0075465193342623,0.032989645532514954,1.9428880022277903,2.0722050364407343,1.9961017521305293,0.08137275016851442,1.8315098292262555,2.1606936750348034,1.9961017521305293,0.08338638576754799,1.8268183892756886,2.1653851149853702,1,1,1,6.389031108683363,0.2119
676,1139177,2.0,1.9518651906651048,0.027429689941983346,1.8981039862717168,2.0056263950584925,1.9523700933829753,0.056161724353016085,1.8387722834805222,2.0659679032854283,1.9523700933829753,0.05634327364039428,1.8379871668620322,2.0667530199039184,1,1,1,4.2193189515507195,0.2573
677,1140177,2.0,1.9446879775854027,0.03147121260995498,1.8830055343200882,2.0063704208507174,1.9626636432824798,0.07344695103679222,1.8141031623159756,2.111224124248984,1.9626636432824798,0.06958056402254767,1.8214075886081753,2.1039196979567842,1,1,1,4.888199652212255,0.1977
678,1141177,2.0,2.00082283432132,0.0316377918917693,1.9388139016630788,2.0628317669795613,1.9951894873815363,0.08615096004542924,1.8209327227451968,2.1694462520178757,1.9951894873815363,0.08511218861816827,1.8224025584770545,2.1679764162860184,1,1,1,7.237210200640335,0.2626
679,1142177,2.0,2.0928691612372883,0.029885840930779055,2.0342939893652683,2.1514443331093083,2.0886047508569607,0.07348839941538379,1.9399604326314293,2.2372490690824924,2.0886047508569607,0.07459871584162128,1.937161306389591,2.2400481953243307,0,1,1,6.230626843926403,0.2781
680,1143177,2.0,2.008746124351153,0.04004985929208017,1.930249842552779,2.0872424061495267,1.9866324195254446,0.07922674301463678,1.826381205805653,2.146883633245236,1.9866324195254446,0.07962157554348662,1.8249920277548288,2.1482728112960605,1,1,1,3.952387753848797,0.2276
681,1144177,2.0,1.9342620952957519,0.03449000815529203,1.8666629214848867,2.001861269106617,1.9333966777630156,0.07137848321729012,1.7890200678734065,2.0777732876526245,1.9333966777630156,0.07081535576597109,1.7896338625806492,2.0771594929453823,1,1,1,4.2156863202774,0.1494
682,1145177,2.0,1.9719368453721045,0.029407869553823275,1.9142984801845588,2.02957521055965,1.9797527750544537,0.05104529936458943,1.8765039115191404,2.083001638589767,1.9797527750544537,0.05183168915903592,1.8745288519580876,2.08497669815082,1,1,1,3.1064444957729127,0.2304
683,1146177,2.0,1.9223735772974067,0.028768364608527653,1.8659886187705756,1.9787585358242377,1.9151638368759618,0.0665037756240128,1.780647253773109,2.0496804199788143,1.9151638368759618,0.0662953772993001,1.780577065814305,2.049750607937619,0,1,1,5.31050894362505,0.2552
684,1147177,2.0,1.8837944850550363,0.033154432121443554,1.818812992169129,1.9487759779409437,1.883675373221088,0.06369571248259571,1.7548386339372695,2.0125121125049064,1.883675373221088,0.06574173715389223,1.7502125514080213,2.0171381950341547,0,1,1,3.9318701256075883,0.2498
685,1148177,2.0,1.9496039475553755,0.03227876745673429,1.8863387258748328,2.0128691692359184,1.9430315058467245,0.08126183417584457,1.7786639317137107,2.107399079979738,1.9430315058467245,0.08339847014330655,1.7737236104048484,2.1123394012886005,1,1,1,6.675476660772243,0.1828
686,1149177,2.0,2.015284278314854,0.033469673313508516,1.949684924046056,2.080883632583652,2.00466976128355,0.08039853184302674,1.8420483809403732,2.1672911416267264,2.00466976128355,0.08007717039262095,1.8421044627976364,2.167235059769463,1,1,1,5.7241959264728735,0.2139
687,1150177,2.0,1.9947420145594512,0.04843748282800697,1.8998062927147803,2.089677736404122,2.0025078155570952,0.06930465350283067,1.8623259222006259,2.1426897089135646,2.0025078155570952,0.06925831589772403,1.861905959355859,2.1431096717583316,1,1,1,2.0444699052521322,0.2733
688,1151177,2.0,1.9501390984084532,0.0351750777779935,1.8811972128101908,2.019080984006716,1.9263357664086778,0.05796288596511792,1.8090947632679075,2.043576769549448,1.9263357664086778,0.05112529328608849,1.8225459031744655,2.03012562964289,1,1,1,2.1125232236792035,0.2306
689,1152177,2.0,1.9543948742603388,0.03609381689884745,1.8836522930740145,2.025137455446663,1.9473879424913307,0.05883495183352593,1.8283830196368578,2.066392865345804,1.9473879424913307,0.05917080505612218,1.8272648220259415,2.06751106295672,1,1,1,2.6875053323061002,0.2369
690,1153177,2.0,2.038928674394053,0.03205026042840313,1.9761113182592536,2.1017460305288522,2.026527979918648,0.08247699648444508,1.8597025080176572,2.193353451819639,2.026527979918648,0.0841394188894888,1.8557158785527204,2.197340081284576,1,1,1,6.891851180022463,0.235
691,1154177,2.0,1.9459429799002392,0.03069461261866806,1.885782644648241,2.006103315152237,1.9398181999997388,0.06453932779093964,1.809275087691729,2.0703613123077487,1.9398181999997388,0.062132454122797484,1.8136826122833969,2.0659537877160807,1,1,1,4.097440937595526,0.2642
692,1155177,2.0,1.9453166942690507,0.04002959581549053,1.8668601281549941,2.0237732603831073,1.9329882008253356,0.1010036476247786,1.7286890398841035,2.137287361766568,1.9329882008253356,0.10358581170808072,1.7226978232225139,2.1432785784281574,1,1,1,6.696349879354757,0.227
693,1156177,2.0,2.0225780149315367,0.03136161968047467,1.9611103698609638,2.0840456600021096,2.0275516723835265,0.06163416450310839,1.9028848074790372,2.152218537288016,2.0275516723835265,0.06337646616521495,1.898890605957034,2.156212738810019,1,1,1,4.083749283801777,0.2101
694,1157177,2.0,1.9633148480713327,0.02978506809382091,1.9049371873303707,2.021692508812295,1.9523866364978715,0.05740600997662659,1.8362720213626091,2.068501251633134,1.9523866364978715,0.055507255668998834,1.839700916688818,2.0650723563069247,1,1,1,3.472980279285665,0.1835
695,1158177,2.0,1.9986448283201708,0.03213666623085374,1.9356581199245129,2.0616315367158284,2.0024701774721816,0.06381707027795916,1.8733879688776058,2.1315523860667573,2.0024701774721816,0.06492318230542636,1.8706691103466933,2.13427124459767,1,1,1,4.081294688729865,0.2757
696,1159177,2.0,1.9689668186969318,0.036745302338661835,1.8969473495121192,2.0409862878817444,1.9505255647417241,0.06548848974015611,1.8180625911773898,2.0829885383060582,1.9505255647417241,0.06036947074068929,1.8279690235667738,2.0730821059166744,1,1,1,2.699175272582881,0.23
697,1160177,2.0,1.9185554741488249,0.03099928321988468,1.857797995491294,1.9793129528063558,1.9097515308727764,0.060912924631001834,1.7865435113087655,2.032959550436787,1.9097515308727764,0.06220865297324552,1.7834612512660164,2.0360418104795364,0,1,1,4.027154496254969,0.2606
698,1161177,2.0,2.0426935853766346,0.03572979037887647,1.9726644830588709,2.112722687694398,2.0307446200066055,0.081104220371476,1.8666958498845605,2.1947933901286505,2.0307446200066055,0.07682996338740429,1.8747715022066525,2.1867177378065583,1,1,1,4.6238135774505285,0.2028
699,1162177,2.0,2.0253034263068064,0.02933646921099919,1.9678050032196799,2.082801849393933,2.0252230947349203,0.05737168589180694,1.9091779066143613,2.141268282855479,2.0252230947349203,0.05893369982876782,1.905581323471413,2.1448648659984277,1,1,1,4.035633580669068,0.2908
700,1163177,2.0,2.0726326515211726,0.03068776592494119,2.0124857355422923,2.132779567500053,2.074345724272187,0.07169048871412512,1.9293380236971285,2.2193534248472457,2.074345724272187,0.07252743909305268,1.9271071951536871,2.221584253390687,0,1,1,5.5856554175572,0.255
701,1164177,2.0,1.9237943297084465,0.02947841625941671,1.8660176955187098,1.9815709638981833,1.9382315597521103,0.07477505573224003,1.7869847334772657,2.089478386026955,1.9382315597521103,0.0758211545311126,1.7843064328094043,2.0921566866948162,0,1,1,6.615649560297145,0.2216
702,1165177,2.0,1.982308784855303,0.030243663315008575,1.9230322939973308,2.041585275713275,1.9976095212761318,0.06967613443757213,1.856676236805994,2.1385428057462694,1.9976095212761318,0.06608370299821198,1.8634524718913208,2.1317665706609428,1,1,1,4.774412648490115,0.215
703,1166177,2.0,2.0330636432410554,0.03179279072989551,1.9707509184424412,2.0953763680396693,2.0443587044326024,0.07138660731243085,1.8999656620095187,2.188751746855686,2.0443587044326024,0.07201620839427593,1.898158028808854,2.1905593800563508,1,1,1,5.131014026234946,0.3007
704,1167177,2.0,2.085906973040767,0.03525676488879833,2.016804983647326,2.1550089624342084,2.083701684469135,0.08328539691299534,1.915241068361562,2.2521623005767086,2.083701684469135,0.0835450862631238,1.9140961424800087,2.2533072264582614,0,1,1,5.615092364148328,0.2164
705,1168177,2.0,2.0833743744615005,0.034024806456649855,2.016686979225521,2.15006176969748,2.0606633237417133,0.07308489119215636,1.912835177935464,2.2084914695479627,2.0606633237417133,0.0714263179390506,1.915660189407917,2.20566645807551,0,1,1,4.40681884811426,0.2505
706,1169177,2.0,1.9139366023543662,0.031905598026899476,1.8514027793164312,1.9764704253923013,1.9229356410579839,0.0708016389058489,1.779725808919402,2.066145473196566,1.9229356410579839,0.07014826292754027,1.7805270963357949,2.065344185780173,0,1,1,4.833926733656228,0.2347
707,1170177,2.0,1.9178056327308468,0.030427048459294583,1.8581697135947746,1.977441551866919,1.9145475082749186,0.06508164113837132,1.782907463683244,2.046187552866593,1.9145475082749186,0.05929346019325193,1.7941753846432018,2.0349196319066354,0,1,1,3.797466384610975,0.2465
708,1171177,2.0,1.9479418042759733,0.030962898212765502,1.8872556389219732,2.0086279696299734,1.9471726561251017,0.06780212840781408,1.8100299066354497,2.084315405614754,1.9471726561251017,0.0673757348019105,1.8103926427320507,2.083952669518153,1,1,1,4.735041821009648,0.22
709,1172177,2.0,2.0547725460387216,0.033842102925209325,1.9884432431442138,2.1211018489332294,2.055159085850334,0.07902875308793006,1.895308344557551,2.2150098271431173,2.055159085850334,0.07939444727690223,1.8939797889744412,2.216338382726227,1,1,1,5.503837149668322,0.2314
710,1173177,2.0,2.065995117524542,0.034162693561514315,1.9990374685290957,2.1329527665199888,2.071910407213995,0.06330423947760452,1.9438654968228115,2.1999553176051783,2.071910407213995,0.06463902775277541,1.9406862044986917,2.203134609929298,1,1,1,3.5800197315531346,0.2494
711,1174177,2.0,2.0689174813670124,0.02849738677385524,2.013063629636748,2.124771333097277,2.0760146534698616,0.0654875776628574,1.9435535247559979,2.2084757821837253,2.0760146534698616,0.06563835332831068,1.9427617119807608,2.209267594958962,0,1,1,5.3052430015472085,0.2297
712,1175177,2.0,1.933830665309241,0.03507308080680721,1.8650886901010357,2.002572640517446,1.9260642756471866,0.06316922621504305,1.798292455356271,2.0538360959381023,1.9260642756471866,0.06418385637901096,1.7957641199464751,2.056364431347898,1,1,1,3.3489123661719242,0.2347
713,1176177,2.0,2.078610854308149,0.03193330917611979,2.0160227184157717,2.141198990200526,2.080185299868771,0.0690490347516188,1.9405204442393689,2.219850155498173,2.080185299868771,0.06985871717170836,1.9383645642810874,2.222006035456454,0,1,1,4.785786949284098,0.2156
714,1177177,2.0,2.012228845428279,0.032822208235826836,1.9478984993929842,2.0765591914635735,2.0150791664361596,0.06524925402483751,1.8831000927809487,2.1470582400913703,2.0150791664361596,0.06518776907121544,1.8827409596197326,2.1474173732525865,1,1,1,3.944542537648464,0.2282
715,1178177,2.0,1.9914312931457965,0.03264527796488456,1.9274477240693237,2.0554148622222694,2.002517423271324,0.06826100955715267,1.8644464990475287,2.140588347495119,2.002517423271324,0.06987189228700733,1.8606699407776164,2.1443649057650314,1,1,1,4.581041946895237,0.2778
716,1179177,2.0,2.0331947293069152,0.03111613235336775,1.9722082305561328,2.0941812280576975,2.0354853841318414,0.0627587357298172,1.9085438592181536,2.1624269090455295,2.0354853841318414,0.06370970457324678,1.906147807771206,2.1648229604924767,1,1,1,4.192180391268076,0.2255
717,1180177,2.0,1.9587441262762977,0.03745658292426111,1.8853305727608078,2.0321576797917875,1.9764793173666888,0.06957197550665195,1.8357567142203641,2.1172019205130135,1.9764793173666888,0.06678264727147454,1.8409033356713222,2.1120552990620554,1,1,1,3.178856699707296,0.2463
718,1181177,2.0,2.0491989862628173,0.03577604948248569,1.9790792177680225,2.1193187547576122,2.0640356173345435,0.06828443320078913,1.9259173143194506,2.2021539203496365,2.0640356173345435,0.06442792307233904,1.9332399799046849,2.194831254764402,1,1,1,3.2431235794906628,0.2479
719,1182177,2.0,2.0801892829126727,0.035134559512037374,2.0113268116564003,2.149051754168945,2.056077462822183,0.0657008174185945,1.9231850159905988,2.188969909653767,2.056077462822183,0.05881345950968556,1.9366797923837398,2.175475133260626,0,1,1,2.8021051354025337,0.2335
720,1183177,2.0,1.9804345461150694,0.03206923309179037,1.9175800042433402,2.0432890879867984,1.9990356526098172,0.09026626874902069,1.816454890425575,2.1816164147940595,1.9990356526098172,0.08809663739385445,1.8201899705843576,2.1778813346352766,1,1,1,7.5464294329458275,0.2365
721,1184177,2.0,2.104028138207195,0.03701793119665024,2.0314743262795787,2.1765819501348114,2.098270274480849,0.07388244307682036,1.9488289277192317,2.247711621242466,2.098270274480849,0.06775271701274194,1.9607249465127798,2.2358156024489184,0,1,1,3.349879183485926,0.2085
722,1185177,2.0,2.1410285778759426,0.03508797697419825,2.0722574067161434,2.2097997490357417,2.147762911161701,0.07207315929773997,2.001981186271799,2.2935446360516027,2.147762911161701,0.07337460494588716,1.9988045439288187,2.296721278394583,0,0,1,4.372953842622798,0.2506
723,1186177,2.0,1.9638982796056332,0.029779469667012618,1.9055315915795854,2.022264967631681,1.9649519800520543,0.05992559342647793,1.8437410263505027,2.086162933753606,1.9649519800520543,0.060093916270137444,1.842954844192436,2.0869491159116724,1,1,1,4.072181218379066,0.2582
724,1187177,2.0,1.9230777103085952,0.030477968462461275,1.8633419898002235,1.982813430816967,1.917237278165577,0.0687259096297986,1.7782260047861165,2.0562485515450377,1.917237278165577,0.06931292166928645,1.7765245663545637,2.0579499899765903,0,1,1,5.17197456551902,0.2155
725,1188177,2.0,1.9098376987853305,0.03750818231344655,1.836323012325413,1.983352385245248,1.923072516132394,0.086203739875146,1.7487089942137255,2.097436038051063,1.923072516132394,0.08654077713804982,1.7473853983474932,2.098759633917295,0,1,1,5.323405453050857,0.1716
726,1189177,2.0,1.8458221552202327,0.03147072006700526,1.7841406773213604,1.907503633119105,1.8461226938703215,0.055139912577596824,1.7345916933679957,1.9576536943726472,1.8461226938703215,0.05695202755278372,1.7305039312054833,1.9617414565351596,0,0,0,3.274952612215357,0.2436
727,1190177,2.0,1.8878240911066622,0.032523780740632315,1.8240786522139454,1.951569529999379,1.891900229930896,0.07012611890295985,1.750056765968461,2.033743693893331,1.891900229930896,0.07011346918896423,1.7495623202532435,2.0342381396085485,0,1,1,4.647301657424718,0.2674
728,1191177,2.0,2.0682654415183856,0.02936149906235449,2.0107179608240644,2.125812922212707,2.0667315406863453,0.05965136973470816,1.9460752567561956,2.1873878246164953,2.0667315406863453,0.060496310776716425,1.9439175005486367,2.189545580824054,0,1,1,4.2452310529236845,0.2129
729,1192177,2.0,2.119807223450353,0.02933689798271909,2.062307959986098,2.1773064869146084,2.1310413957624577,0.07413336824768317,1.9810925049361274,2.280990286588788,2.1310413957624577,0.06476038250311375,1.9995708298063617,2.2625119617185536,0,1,1,4.872932877499955,0.1682
730,1193177,2.0,2.1386883274260913,0.031302417197218706,2.0773367170904953,2.2000399377616873,2.142452157801181,0.08390032563873573,1.9727477309435828,2.312156584658779,2.142452157801181,0.08646133567606026,1.9669263147580969,2.317978000844265,0,1,1,7.629360383234157,0.2922
731,1194177,2.0,2.1431176525024096,0.029734491859334983,2.0848391193595135,2.2013961856453057,2.1623000012367815,0.06640146332614628,2.0279903642898316,2.2966096381837313,2.1623000012367815,0.0664863521687415,2.027325530578575,2.297274471894988,0,0,0,4.999700266975213,0.2124
732,1195177,2.0,2.109892763474777,0.039506952991257546,2.0324605584729953,2.1873249684765588,2.122398050330012,0.07776740076422593,1.9650986349293524,2.279697465730672,2.122398050330012,0.0786731517049071,1.9626830613134383,2.282113039346586,0,1,1,3.9655737042953456,0.2111
733,1196177,2.0,2.0031401109130593,0.02687052201806989,1.9504748555118518,2.055805366314267,1.9900295162660495,0.07283817665176728,1.8427003977204863,2.137358634811613,1.9900295162660495,0.07289180453498448,1.8420512859751033,2.1380077465569958,1,1,1,7.358769447561583,0.218
734,1197177,2.0,2.0154179004494917,0.03285948117305993,1.9510145007996222,2.0798213000993613,1.9902352925593463,0.07188238835960747,1.844839438313812,2.1356311468048803,1.9902352925593463,0.07239224060966848,1.843271230953852,2.137199354164841,1,1,1,4.8535849291416495,0.22
735,1198177,2.0,2.0374898009783498,0.0324553121433055,1.9738785580704654,2.101101043886234,2.037620116314199,0.07086652944911809,1.8942790306629502,2.180961201965448,2.037620116314199,0.07222855252957754,1.8909883591778573,2.184251873450541,1,1,1,4.9527481280623595,0.2629
736,1199177,2.0,1.9340729758414112,0.03284543700224517,1.8696971022605315,1.998448849422291,1.9430566121175719,0.08139119327657429,1.778427384506088,2.1076858397290557,1.9430566121175719,0.08325753445480874,1.7740348313342886,2.1120783929008553,0,1,1,6.42535315462641,0.2828
737,1200177,2.0,2.0697210023087886,0.03511779589503281,2.000891387138096,2.1385506174794813,2.0798856010777036,0.079089954066619,1.9199110691210288,2.2398601330343784,2.0798856010777036,0.07872434310571352,1.9200666879924944,2.239704514162913,0,1,1,5.0253184772214325,0.1921
738,1201177,2.0,2.075368997291386,0.029933435011733234,2.0167005427348186,2.1340374518479535,2.0790932375755666,0.061391257435270186,1.9549176985916064,2.203268776559527,2.0790932375755666,0.06318006694826933,1.9508308827564975,2.2073555923946357,0,1,1,4.454993238140207,0.1308
739,1202177,2.0,2.0030341069439888,0.03426112524983587,1.9358835353844945,2.070184678503483,2.006223148511496,0.07615952530018068,1.8521759682125105,2.160270328810481,2.006223148511496,0.07512142870871696,1.8537185405084367,2.158727756514555,1,1,1,4.807556899224857,0.2495
740,1203177,2.0,2.001822880364364,0.033082209449109896,1.9369829413150979,2.06666281941363,2.0295629615158637,0.09077432571238293,1.8459545571249674,2.21317136590676,2.0295629615158637,0.08430974035301382,1.8584050891964825,2.200720833835245,1,1,1,6.49481058502217,0.287
741,1204177,2.0,2.008511640303108,0.03871846432876235,1.9326248446820349,2.084398435924181,2.0013920409724695,0.09129833009571754,1.8167237376733427,2.1860603442715965,2.0013920409724695,0.09299104663579516,1.8126101799408443,2.1901739020040947,1,1,1,5.768275891224891,0.221
742,1205177,2.0,2.0181301979573423,0.03305971722497796,1.953334342857307,2.0829260530573777,2.008060024194499,0.07280870966769018,1.860790508250069,2.1553295401389283,2.008060024194499,0.06852039767571555,1.8689562216261624,2.1471638267628355,1,1,1,4.295774548900125,0.2376
743,1206177,2.0,1.9079204384151551,0.03359059361126241,1.8420840847177595,1.9737567921125507,1.9206394580942623,0.08214793553582528,1.7544795747861834,2.086799341402341,1.9206394580942623,0.08232091052039939,1.7535191249860125,2.087759791202512,0,1,1,6.0059950954781405,0.2
744,1207177,2.0,1.8978129346138393,0.034538265240523294,1.830119178653922,1.9655066905737566,1.9070708008821338,0.07518787391813472,1.7549889710110538,2.0591526307532138,1.9070708008821338,0.07434533604559543,1.7561417447475345,2.057999857016733,0,1,1,4.63347065516133,0.3001
745,1208177,2.0,1.9761810284475656,0.03229303193241028,1.9128878489084395,2.0394742079866917,1.9858207760964854,0.0563002177988571,1.8719428367586453,2.0996987154343256,1.9858207760964854,0.05654858766056724,1.8710210399554084,2.1006205122375623,1,1,1,3.0663793469025697,0.2446
746,1209177,2.0,2.0114325273612974,0.030674585747640745,1.951311444055236,2.071553610667359,1.9928201808178685,0.06249727247395204,1.8664075152577424,2.1192328463779946,1.9928201808178685,0.0632912284623444,1.8643321561277593,2.1213082055079777,1,1,1,4.257254740404336,0.1643
747,1210177,2.0,2.051667082674085,0.042449961555729276,1.9684666868797458,2.1348674784684243,2.0260266769972084,0.09424387495107804,1.835400446864583,2.2166529071298338,2.0260266769972084,0.09263875881317363,1.8379599982673134,2.2140933557271034,1,1,1,4.762454646263,0.296
748,1211177,2.0,2.0960858945560146,0.03101173360368626,2.0353040135946388,2.1568677755173904,2.1044920198989305,0.0715227441798299,1.9598236146702765,2.2491604251275845,2.1044920198989305,0.0692666731938197,1.9638731974846317,2.2451108423132293,0,1,1,4.988805468456634,0.2086
749,1212177,2.0,1.9066310562732256,0.032324964563875506,1.8432752899264961,1.969986822619955,1.9080777399171363,0.06299026009392196,1.7806679127744065,2.035487567059866,1.9080777399171363,0.06012614157300108,1.7860151832146842,2.0301402966195883,0,1,1,3.4597965023465864,0.2706
750,1213177,2.0,1.9275466432503197,0.03247249599167723,1.8639017206185111,1.9911915658821282,1.920293584093765,0.07728998362633992,1.7639598360029773,2.0766273321845525,1.920293584093765,0.07276448357453016,1.7725738290940694,2.0680133390934605,0,1,1,5.021200450188292,0.182
751,1214177,2.0,1.884988995764354,0.027965538002763208,1.830177548470652,1.939800443058056,1.879579591330522,0.045623416098767855,1.7872975218464853,1.9718616608145587,1.879579591330522,0.04347097978196092,1.7913288106263527,1.9678303720346912,0,0,0,2.4163091588511785,0.2902
752,1215177,2.0,1.8468639782892726,0.03232659806490583,1.783505010339355,1.9102229462391902,1.8486617622683443,0.0763314600623544,1.6942668110870716,2.003056713449617,1.8486617622683443,0.07693958855328663,1.6924660935499978,2.0048574309866907,0,1,1,5.664736488159214,0.2666
753,1216177,2.0,2.053223916124698,0.036438374925819035,1.9818060136149251,2.1246418186344704,2.0374803451111636,0.08064150158398843,1.8743675120791001,2.200593178143227,2.0374803451111636,0.0808011787427969,1.8734452315334387,2.2015154586888888,1,1,1,4.917194560668616,0.219
754,1217177,2.0,2.1912871136106604,0.032703277967747045,2.127189866617474,2.255384360603847,2.206095562769117,0.06918895815304632,2.066147685346147,2.346043440192087,2.206095562769117,0.0701553876408022,2.0636725541100485,2.3485185714281855,0,0,0,4.601924463149874,0.1954
755,1218177,2.0,1.9765203915726228,0.02828552183043191,1.9210817875010548,2.031958995644191,1.9824867993008062,0.07077631825254098,1.8393281830177595,2.1256454155838527,1.9824867993008062,0.07055147420167017,1.8392596921742461,2.1257139064273662,1,1,1,6.221337977632504,0.2547
756,1219177,2.0,1.9046748862744551,0.03618060684382071,1.8337621999217633,1.975587572627147,1.9192589777564137,0.07723248419023261,1.7630415332529477,2.07547642225988,1.9192589777564137,0.07566112126672332,1.7656587356125282,2.0728592199002995,0,1,1,4.37314474828974,0.2557
757,1220177,2.0,2.100416250159869,0.02982555559254422,2.041959235379585,2.1588732649401527,2.088746124585362,0.06755553818230763,1.9521021509058116,2.225390098264912,2.088746124585362,0.0670717090171388,1.9525833163483686,2.2249089328223555,0,1,1,5.05710137977556,0.2513
758,1221177,2.0,2.0085566037951126,0.029955756228148677,1.9498444004582798,2.0672688071319456,2.011601096173547,0.07792739689610971,1.8539780580496852,2.169224134297409,2.011601096173547,0.07942298619803018,1.8503638622076086,2.1728383301394856,1,1,1,7.029619989146301,0.1577
759,1222177,2.0,1.9549344631016365,0.04153090812826193,1.8735353789250013,2.0363335472782715,1.960464842479334,0.08228830776707831,1.7940210295336743,2.1269086554249936,1.960464842479334,0.0846196636948503,1.7886777923265407,2.1322518926321274,1,1,1,4.151449264167956,0.1918
760,1223177,2.0,1.9946855080093882,0.03010472180080386,1.9356813375152149,2.0536896785035617,1.9844211530201274,0.06870909955969672,1.845443881216827,2.123398424823428,1.9844211530201274,0.06782530056923211,1.8467284725985669,2.122113833441688,1,1,1,5.075913558882613,0.1333
761,1224177,2.0,1.9180778991551068,0.03419740658400334,1.8510522138857874,1.9851035844244262,1.9189048666979525,0.060387909775727715,1.796758789914589,2.041050943481316,1.9189048666979525,0.06211198376296327,1.7928108360214041,2.0449988973745006,0,1,1,3.2988643421804213,0.2541
762,1225177,2.0,2.0566150565866415,0.03515183268453792,1.987718730534369,2.125511382638914,2.0516798443797213,0.06466446852868636,1.9208836110377445,2.182476077721698,2.0516798443797213,0.06460678754898451,1.9205210927577423,2.1828385960017003,1,1,1,3.378005476646404,0.2503
763,1226177,2.0,2.0890963774510016,0.031201359446049452,2.027942836668056,2.150249918233947,2.0792837774155677,0.06296346004685016,1.9519281584847066,2.206639396346429,2.0792837774155677,0.06296511607411352,1.9514577960703068,2.207109758760829,0,1,1,4.072423953488125,0.179
764,1227177,2.0,1.989843181333645,0.03184183207472256,1.9274343372654166,2.0522520254018737,1.9760103072043504,0.07061868916275964,1.8331705258499382,2.1188500885587627,1.9760103072043504,0.07152575537549084,1.830805304142472,2.121215310266229,1,1,1,5.045785806028559,0.2608
765,1228177,2.0,1.9332345605433623,0.03336508036986281,1.8678402046771467,1.9986289164095778,1.9411172308841869,0.0783492104347861,1.7826409943456956,2.099593467422678,1.9411172308841869,0.07651156650220818,1.7857904931252007,2.096443968643173,0,1,1,5.258596366698946,0.2737
766,1229177,2.0,2.070674527966825,0.0379146457075256,1.9963631878934784,2.144985868040171,2.0841200473508787,0.0807113042025862,1.9208660251959828,2.2473740695057747,2.0841200473508787,0.08096663840428504,1.919749032802561,2.2484910618991965,1,1,1,4.560350392860223,0.2277
767,1230177,2.0,2.0551365986631223,0.03256174419862107,1.9913167527600188,2.1189564445662254,2.031006087951346,0.06878182886891429,1.8918817072346705,2.170130468668021,2.031006087951346,0.06671053525826114,1.895576501425726,2.1664356744769657,1,1,1,4.197334008189047,0.1826
768,1231177,2.0,2.0298404738001876,0.03218711015071709,1.9667548971383586,2.0929260504620166,2.0254737734913935,0.07244237395325283,1.8789452414702414,2.1720023055125455,2.0254737734913935,0.07157372499525488,1.8801713869241168,2.17077616005867,1,1,1,4.944737805361033,0.2071
769,1232177,2.0,1.8669149889964778,0.04042683262696297,1.7876798530386016,1.946150124954354,1.8922936461916482,0.07163166480502887,1.7474049282033994,2.037182364179897,1.8922936461916482,0.07017264321910004,1.7498356068462706,2.034751685537026,0,1,1,3.0129799264740167,0.2552
770,1233177,2.0,2.0526239401851982,0.028154698040643317,1.997441746029937,2.1078061343404597,2.060321694544975,0.06790908823459618,1.9229625983848821,2.1976807907050677,2.060321694544975,0.06961336732351435,1.9189990456293051,2.2016443434606447,1,1,1,6.113410182192876,0.2218
771,1234177,2.0,2.127601160762153,0.029813526245320618,2.069167723069185,2.1860345984551213,2.1066988015590216,0.06319754186033169,1.9788697074694857,2.2345278956485575,2.1066988015590216,0.059989247448628845,1.9849141547037885,2.228483448414255,0,1,1,4.048742306101127,0.2345
772,1235177,2.0,1.842605188025722,0.03907410117181612,1.766021357000688,1.919189019050756,1.844857156824421,0.09339808284752607,1.6559417026998888,2.033772610948953,1.844857156824421,0.09571265996600178,1.6505501269935117,2.0391641866553303,0,1,1,6.000131638315293,0.2649
773,1236177,2.0,1.8589278803993015,0.034790909496390306,1.790738950796984,1.927116810001619,1.8385809878908805,0.08353030159724915,1.6696250053021926,2.0075369704795687,1.8385809878908805,0.08098366444254218,1.6741754086473102,2.002986567134451,0,1,1,5.418302957729918,0.2563
774,1237177,2.0,1.9499877696945416,0.030764945891183056,1.8896895837614993,2.010285955627584,1.9370447194541847,0.06969901774930096,1.7960651491171926,2.078024289791177,1.9370447194541847,0.06851747131603422,1.797946857711838,2.0761425811965313,1,1,1,4.960098969599302,0.2172
775,1238177,2.0,2.016873481356117,0.04326123198824285,1.932083024732329,2.101663937979905,2.000960030020669,0.08933547341790117,1.820261979101095,2.181658080940243,2.000960030020669,0.08603227563032817,1.826305225178121,2.175614834863217,1,1,1,3.9548048212319484,0.2148
776,1239177,2.0,2.0384975203251092,0.03070744749749688,1.9783120291728606,2.0986830114773576,2.0441807025257557,0.06730182589699486,1.9080499103820092,2.180311494669502,2.0441807025257557,0.06282588139515122,1.9166373826061436,2.171724022445368,1,1,1,4.1859086291646,0.2592
777,1240177,2.0,2.0763075721376647,0.03758222897586786,2.002647756886226,2.149967387389103,2.0719261419283272,0.07889577115046344,1.9123443819929866,2.231507901863668,2.0719261419283272,0.08015710346172537,1.9091985706850956,2.234653713171559,0,1,1,4.549031687365373,0.2328
778,1241177,2.0,2.1423843472661344,0.03061624067058211,2.082377618209783,2.2023910763224857,2.150678617799542,0.06311490533000598,2.023016671869559,2.278340563729525,2.150678617799542,0.062028627913232055,2.024753808494399,2.2766034271046847,0,0,0,4.104692452816723,0.212
779,1242177,2.0,1.9254728141794668,0.03602968020704222,1.8548559385991683,1.9960896897597653,1.9068139550718237,0.07683587400742314,1.7513987303839205,2.062229179759727,1.9068139550718237,0.07457206636012591,1.7554246119281214,2.058203298215526,0,1,1,4.283823213597663,0.2415
780,1243177,2.0,1.89021684259752,0.03443984811735189,1.8227159806544808,1.9577177045405594,1.8802806218752368,0.06651357307218952,1.7457442215629175,2.014817022187556,1.8802806218752368,0.06777864876900705,1.7426826496431802,2.017878594107293,0,1,1,3.8731414498721968,0.2541
781,1244177,2.0,2.071974991821049,0.02864340971845634,2.0158349403784497,2.128115043263648,2.0609863716712673,0.0697606160424672,1.9198822070259982,2.2020905363165366,2.0609863716712673,0.0702948935779419,1.9182801509031733,2.2036925924393613,0,1,1,6.022795608669498,0.2
782,1245177,2.0,2.033053878183907,0.03024145454065511,1.9737817164441178,2.0923260399236963,2.042962306591619,0.062477315374383426,1.9165900080755804,2.1693346051076574,2.042962306591619,0.055388043752089826,1.9305185998402246,2.1554060133430135,1,1,1,3.354491544374905,0.2185
783,1246177,2.0,1.9385573575589352,0.036764170873472064,1.8665009067254534,2.0106138083924168,1.9230490582426876,0.07561727183750024,1.7700986890990245,2.0759994273863507,1.9230490582426876,0.07711514618129554,1.7664969885918553,2.0796011278935196,1,1,1,4.399768442947669,0.2432
784,1247177,2.0,2.0686362570792776,0.034831329233987324,2.0003681062470053,2.13690440791155,2.0560932107333656,0.0858299154208263,1.882485820144137,2.229700601322594,2.0560932107333656,0.08394412555903422,1.885677575905928,2.226508845560803,0,1,1,5.808186087952381,0.1962
785,1248177,2.0,1.897134671183238,0.031221476476082064,1.8359417017459525,1.9583276406205234,1.8980774801525302,0.06972683147038358,1.7570416512544518,2.0391133090506086,1.8980774801525302,0.06658192715342288,1.7629089819601798,2.0332459783448806,0,1,1,4.547847027036241,0.236
786,1249177,2.0,2.0325544298620004,0.02893260275853173,1.975847570476274,2.0892612892477267,2.024878327894456,0.06990854978420125,1.8834749390130145,2.166281716775898,2.024878327894456,0.065268851052468,1.8923755159050502,2.1573811398838623,1,1,1,5.089052450505412,0.2132
787,1250177,2.0,2.0406198849498725,0.03893582453878338,1.9643070711454862,2.1169326987542587,2.0550780263030126,0.08676575306378376,1.8795777254107455,2.2305783271952797,2.0550780263030126,0.08796969282696242,1.876490055449249,2.2336659971567765,1,1,1,5.104666792585177,0.2288
788,1251177,2.0,1.9270772657042379,0.03100309446101207,1.866312317151361,1.9878422142571148,1.9308872449976748,0.06474403486172738,1.7999300735563155,2.061844416439034,1.9308872449976748,0.0640066064685804,1.80094692574541,2.0608275642499394,0,1,1,4.262255867808621,0.242
789,1252177,2.0,2.045820289380621,0.030783434359073564,1.9854858667163842,2.1061547120448583,2.0388932113721308,0.05780896113310682,1.9219635505914376,2.155822872152824,2.0388932113721308,0.05816730229487779,1.9208073098183651,2.1569791129258964,1,1,1,3.5704561531913503,0.2281
790,1253177,2.0,1.9156414627801448,0.03091501744072835,1.8550491420148896,1.9762337835454,1.9164401884408704,0.0591890898145488,1.7967189539077422,2.0361614229739984,1.9164401884408704,0.06002433742724621,1.7945843051418442,2.0382960717398966,0,1,1,3.7697778470439323,0.1941
791,1254177,2.0,1.989854760794629,0.030719469632718658,1.9296457066903285,2.0500638148989294,1.987485228920595,0.05545304302025718,1.875320862315113,2.099649595526077,1.987485228920595,0.05238278644563337,1.8811425188534703,2.09382793898772,1,1,1,2.9077011369695573,0.2321
792,1255177,2.0,1.879541983960166,0.03452352208907485,1.8118771240461062,1.9472068438742256,1.89735780171892,0.05875805873095723,1.7785084098448263,2.016207193593014,1.89735780171892,0.056232382146686265,1.7831999968985293,2.011515606539311,0,1,1,2.6530337292117996,0.2256
793,1256177,2.0,1.886502454610308,0.035232384530176075,1.8174482498416966,1.9555566593789193,1.8999085885215874,0.07518337396494848,1.747835860664958,2.051981316378217,1.8999085885215874,0.07630030001167593,1.7450107445400045,2.0548064325031703,0,1,1,4.689952202982501,0.2035
794,1257177,2.0,1.9373811972591808,0.03002543883916305,1.878532418514411,1.9962299760039506,1.9365027379048343,0.08500722800228197,1.764559389687124,2.1084460861225445,1.9365027379048343,0.0855014285207491,1.7629256099881316,2.110079865821537,0,1,1,8.109013331457303,0.1937
795,1258177,2.0,2.1030193584349712,0.03602491129893975,2.032411829742799,2.1736268871271434,2.086346175437894,0.07920647374566356,1.9261359601844101,2.2465563906913775,2.086346175437894,0.07704345626172625,1.929939644061155,2.242752706814633,0,1,1,4.573678936773017,0.1894
796,1259177,2.0,2.046848420878442,0.034725024871715075,1.978788622767623,2.114908218989261,2.0244027351411047,0.06444952215389983,1.8940412718797035,2.154764198402506,2.0244027351411047,0.06097468370935852,1.9006175463201789,2.1481879239620305,1,1,1,3.083287210426621,0.2405
797,1260177,2.0,1.949719281148319,0.03769207629112815,1.875844169115172,2.023594393181466,1.953228488682013,0.08236073834418714,1.7866381710657022,2.1198188062983236,1.953228488682013,0.08145389161490188,1.7878682975277567,2.1185886798362694,1,1,1,4.670071758327543,0.1969
798,1261177,2.0,2.0692896562177596,0.03086049411336079,2.008804199210462,2.1297751132250573,2.078631512643235,0.0701800980860417,1.9366788654773093,2.2205841598091607,2.078631512643235,0.07171068258234979,1.933051087392563,2.224211937893907,0,1,1,5.399604642200671,0.2015
799,1262177,2.0,1.9907381176309196,0.03609768912813931,1.9199879470146435,2.0614882882471957,1.9929187863507598,0.0771309260017109,1.836906762673072,2.148930810028448,1.9929187863507598,0.07907072459532605,1.832396681457289,2.1534408912442307,1,1,1,4.798136913707489,0.2272
800,1263177,2.0,2.0198486796978923,0.03035002481159729,1.9603637241372645,2.07933363525852,2.0310352708741237,0.07376932026043503,1.881822736606058,2.1802478051421894,2.0310352708741237,0.07502578862555663,1.878724822562147,2.1833457191861005,1,1,1,6.110869895721854,0.2215
801,1264177,2.0,1.9194386170230562,0.033662089184362545,1.8534621345773303,1.985415099468782,1.9117784979142742,0.0628547236714331,1.7846428190626469,2.0389141767659016,1.9117784979142742,0.062276812787317976,1.7853498465285778,2.038207149299971,0,1,1,3.422714097193467,0.2082
802,1265177,2.0,2.012651787778127,0.03763994071091518,1.9388788596045103,2.0864247159517437,2.038829222299563,0.0746454407955345,1.8878445669802937,2.1898138776188323,2.038829222299563,0.06644022513499512,1.9039483944982718,2.1737100501008544,1,1,1,3.1157623811980355,0.221
803,1266177,2.0,1.978012545493477,0.02957379824774807,1.920048966041837,2.0359761249451167,1.992178928126846,0.05478060490328361,1.881374695994853,2.102983160258839,1.992178928126846,0.053714317617198595,1.8831330660716141,2.1012247901820778,1,1,1,3.2988754134209035,0.2394
804,1267177,2.0,2.1434565178210203,0.030994081798763853,2.082709233761555,2.2042038018804857,2.128730583008011,0.06895528581840063,1.9892553524945926,2.26820581352143,2.128730583008011,0.06435169345939702,1.9980896999197535,2.259371466096269,0,1,1,4.310845027995375,0.2201
805,1268177,2.0,1.9094524556506127,0.03233367511696085,1.8460796169335505,1.972825294367675,1.9041287996056349,0.06262482255429307,1.777458139656153,2.0307994595551166,1.9041287996056349,0.06169448818417205,1.7788823300136,2.0293752691976694,0,1,1,3.6406806939901517,0.1822
806,1269177,2.0,2.018997997107575,0.031725058616059156,1.9568180248126767,2.081177969402473,2.0203899984918636,0.07064756403093009,1.8774918122037856,2.1632881847799417,2.0203899984918636,0.07261445159806558,1.8729748245970799,2.167805172386647,1,1,1,5.238913854828102,0.2166
807,1270177,2.0,1.7975627525768185,0.038024817513906926,1.7230354797308531,1.872090025422784,1.798066547527164,0.06990013496259896,1.656680179228971,1.939452915825357,1.798066547527164,0.06710526785885795,1.6618356112195336,1.9342974838347944,0,0,0,3.1144327063364425,0.2421
808,1271177,2.0,2.045909024863329,0.040004719414467114,1.9675012155993432,2.124316834127315,2.067823032346325,0.07548053047181137,1.915149248721434,2.2204968159712157,2.067823032346325,0.07354634394307945,1.9185160164136528,2.217130048278997,1,1,1,3.379867845211201,0.236
809,1272177,2.0,1.9595049090447305,0.033453529468943574,1.8939371961298517,2.0250726219596094,1.9560731968716114,0.07777018642287467,1.7987681469444967,2.1133782467987263,1.9560731968716114,0.07937758450030592,1.794928133252179,2.117218260491044,1,1,1,5.630045045429339,0.1914
810,1273177,2.0,1.8917399751774795,0.03494053627296932,1.8232577824819443,1.9602221678730147,1.8882020747970418,0.08145835925277384,1.7234369911753638,2.0529671584187197,1.8882020747970418,0.07331153377774313,1.7393717488426528,2.037032400751431,0,1,1,4.4023592380009475,0.2247
811,1274177,2.0,1.9586596709168833,0.03150590012123453,1.8969092413787476,2.020410100455019,1.9482778459773493,0.06442573535347071,1.817964496061193,2.0785911958935057,1.9482778459773493,0.06014901605729295,1.8261688516029817,2.0703868403517167,1,1,1,3.6447963790654305,0.2262
812,1275177,2.0,1.953895272876504,0.04055927462828579,1.8744005553659946,2.0333899903870134,1.9460435263432372,0.08844886316724683,1.7671388139272732,2.124948238759201,1.9460435263432372,0.08974040553422513,1.7638608175838058,2.1282262351026686,1,1,1,4.895484690985953,0.2411
813,1276177,2.0,1.9140825638485495,0.033628712863749376,1.848171497789162,1.979993629907937,1.9114601431537273,0.0694075793756393,1.7710700625688909,2.0518502237385636,1.9114601431537273,0.06997306245939502,1.769407274290953,2.0535130120165013,0,1,1,4.329535185633727,0.202
814,1277177,2.0,1.9893946043697834,0.03455044226207178,1.921676981886192,2.057112226853375,1.976179371198792,0.08733900074858682,1.7995195674195417,2.1528391749780424,1.976179371198792,0.08773402190137278,1.7980698377595261,2.154288904638058,1,1,1,6.448056817439456,0.2467
815,1278177,2.0,1.9739206397982412,0.035656523162882515,1.9040351385850731,2.0438061410114092,1.9581841918930027,0.0674323403047896,1.821789409441676,2.0945789743443295,1.9581841918930027,0.06734618331540485,1.8214641712069986,2.094904212579007,1,1,1,3.5673686371924522,0.2428
816,1279177,2.0,1.9706036242924527,0.03377374047513825,1.904408309337979,2.0367989392469266,1.9669501726063432,0.06867682906099276,1.8280381740477565,2.10586217116493,1.9669501726063432,0.06535547460858634,1.834271505448888,2.099628839763798,1,1,1,3.7446016297088964,0.1824
817,1280177,2.0,2.031265153249249,0.029453943462171367,1.9735364848607142,2.088993821637784,2.0404370393996563,0.06059338537132047,1.9178753489947982,2.1629987298045146,2.0404370393996563,0.06205384871865185,1.9144610291374737,2.1664130496618386,1,1,1,4.43864638661007,0.2375
818,1281177,2.0,1.8574277924185212,0.03122704524285434,1.7962239083989238,1.9186316764381186,1.8540151990817522,0.0641193860504634,1.7243214991191482,1.983708899044356,1.8540151990817522,0.06540232215110682,1.7212414263568072,1.9867889718066971,0,0,0,4.386564827678483,0.2036
819,1282177,2.0,2.036350077775935,0.027262797112030897,1.982915977318532,2.089784178233338,2.0400418235127122,0.06046815321535153,1.917733439052629,2.1623502079727954,2.0400418235127122,0.06104439998597107,1.9161151031259074,2.163968543899517,1,1,1,5.013613320157618,0.2894
820,1283177,2.0,2.045627439593157,0.030875645055933862,1.9851122872840845,2.1061425919022296,2.0522069297807817,0.08286167885619079,1.8846033643393625,2.219810495222201,2.0522069297807817,0.08377686642910018,1.8821308490390956,2.222283010522468,1,1,1,7.362344663589334,0.1976
821,1284177,2.0,2.007726195362416,0.03419864982990652,1.9406980733759023,2.0747543173489293,1.9961592987566075,0.07228094784503371,1.8499572818588073,2.1423613156544077,1.9961592987566075,0.0739038147465392,1.8461265785117136,2.1461920190015014,1,1,1,4.669988292661856,0.2438
822,1285177,2.0,2.1011714570513806,0.03286775138991076,2.0367518480743394,2.165591066028422,2.08879667815462,0.06787043372847802,1.9515157681130706,2.226077588196169,2.08879667815462,0.06894409182450964,1.9488327307356632,2.2287606255735763,0,1,1,4.400014662018877,0.1698
823,1286177,2.0,1.9461693865412926,0.03614876313402842,1.8753191127129276,2.0170196603696575,1.9478972595092097,0.0803184921312914,1.7854377747642025,2.110356744254217,1.9478972595092097,0.08240629879409223,1.7806035789895565,2.115190940028863,1,1,1,5.196775229034698,0.2737
824,1287177,2.0,1.9775067838596314,0.030817086938545252,1.917106403351643,2.0379071643676197,1.9641582424775508,0.06351180428259229,1.8356934926399995,2.092622992315102,1.9641582424775508,0.06392647967720894,1.8343805892597145,2.093935895695387,1,1,1,4.303070003321468,0.1906
825,1288177,2.0,2.021926904075797,0.030681218926497795,1.9617928199780728,2.0820609881735215,2.0113346583373968,0.05629821964540323,1.8974607606464045,2.125208556028389,2.0113346583373968,0.053489987862160415,1.9027442098964102,2.1199251067783833,1,1,1,3.039483425547937,0.2275
826,1289177,2.0,1.9450095336988082,0.036303827715537376,1.873855338875408,2.0161637285222085,1.9376908983776882,0.0720730732617234,1.791909347512056,2.0834724492433203,1.9376908983776882,0.07317329442503168,1.7891412132292348,2.0862405835261417,1,1,1,4.062565552157442,0.1846
827,1290177,2.0,1.9184419100960053,0.03321174256197038,1.8533480908107274,1.9835357293812832,1.9239025283681914,0.07887286419814739,1.7643671021173062,2.0834379546190767,1.9239025283681914,0.07989854008819922,1.7616998686795105,2.0861051880568726,0,1,1,5.787544750836377,0.2732
828,1291177,2.0,2.040684307528486,0.03185141141813412,1.9782566882921753,2.1031119267647966,2.0607318672791113,0.07611175949091983,1.906781302448806,2.2146824321094165,2.0607318672791113,0.07557287157095105,1.9073107815422787,2.214152953015944,1,1,1,5.62956043215556,0.1814
829,1292177,2.0,2.025811194524766,0.03172328006736195,1.9636347081212593,2.087987680928273,2.0226429043035976,0.058459529031144375,1.9043973457426766,2.1408884628645186,2.0226429043035976,0.05896982849224141,1.9029277879539355,2.1423580206532598,1,1,1,3.4554416095056886,0.2394
830,1293177,2.0,2.0384355918102974,0.03123838616982743,1.9772094799822815,2.099661703638313,2.025451008179955,0.07181892288400725,1.880183524975653,2.1707184913842568,2.025451008179955,0.0707677724187803,1.8817847923279731,2.1691172240319365,1,1,1,5.132085369743277,0.245
831,1294177,2.0,2.02132802523108,0.03498678319425167,1.9527551902354354,2.0899008602267246,2.0383901710594516,0.08489523390467782,1.8666733522860628,2.2101069898328403,2.0383901710594516,0.084819241266081,1.866197956897002,2.210582385221901,1,1,1,5.877338969469554,0.2175
832,1295177,2.0,1.9711944068305414,0.04009545476383211,1.8926087595496754,2.049780054111407,1.9712745688312607,0.07316344136762885,1.823287540298316,2.1192615973642055,1.9712745688312607,0.07495445119671457,1.8191089431991572,2.1234401944633645,1,1,1,3.4946571116872387,0.1599
833,1296177,2.0,2.005956160201909,0.03428667453977419,1.938755512954305,2.0731568074495126,2.013351132242894,0.057953500490008435,1.896129113017408,2.13057315146838,2.013351132242894,0.05813703868333482,1.895326669086859,2.131375595398929,1,1,1,2.875114088963285,0.224
834,1297177,2.0,1.8962442916251394,0.030900256832496618,1.8356809011204083,1.9568076821298706,1.899118616734175,0.05384653396249769,1.7902037214127797,2.00803351205557,1.899118616734175,0.053458172234339685,1.7905927574514695,2.00764447601688,0,1,1,2.9929815074132913,0.2399
835,1298177,2.0,2.0931631206894052,0.030468252372940194,2.0334464433665653,2.152879798012245,2.075936984150227,0.0695758157931349,1.9352066132913028,2.216667355009151,2.075936984150227,0.06810410901488753,1.9376782924926783,2.214195675807776,0,1,1,4.996334917798927,0.1988
836,1299177,2.0,2.056826642694894,0.032820691601031377,1.992499269209176,2.1211540161806117,2.0533223400656433,0.06001777706848735,1.9319249273484234,2.1747197527828632,2.0533223400656433,0.06052154334658072,1.930457075087803,2.1761876050434834,1,1,1,3.400357129094601,0.1994
837,1300177,2.0,2.0337766842336147,0.031726209774340416,1.9715944557099447,2.0959589127572844,2.0395438044649095,0.05891652780474291,1.9203738786341626,2.1587137302956565,2.0395438044649095,0.05971520672367319,1.9183154898580723,2.1607721190717464,1,1,1,3.542692820922269,0.2296
838,1301177,2.0,1.9123243038139428,0.03319052786459924,1.847272064571455,1.9773765430564305,1.9252460390544814,0.07655715688147997,1.770394572966482,2.0800975051424806,1.9252460390544814,0.07489472592765828,1.7732016621646058,2.077290415944357,0,1,1,5.091833014807492,0.2165
839,1302177,2.0,1.9493038685957325,0.03481602939511768,1.881065704896614,2.017542032294851,1.9534098993858837,0.07534376809265178,1.8010127437835215,2.105807054988246,1.9534098993858837,0.07760244688616835,1.7958685567106472,2.11095124206112,1,1,1,4.968123117333894,0.2105
840,1303177,2.0,2.0190602750023725,0.042064351148633924,1.936615661718004,2.101504888286741,2.0293474849744793,0.07184009214624289,1.8840371828956695,2.174657787053289,2.0293474849744793,0.07352555689583909,1.8800826689912147,2.178612300957744,1,1,1,3.0552605807616207,0.1892
841,1304177,2.0,2.0731644086187226,0.03395183069536186,2.006620043246612,2.1397087739908334,2.0669495767047392,0.06355038894954324,1.9384067820116937,2.1954923713977847,2.0669495767047392,0.06435150998962584,1.9363090660799187,2.19759008732956,0,1,1,3.5924529652321455,0.2557
842,1305177,2.0,1.9048470211547024,0.030374171682934784,1.8453147385959139,1.964379303713491,1.9005089736154561,0.06373874935302139,1.7715851840446009,2.0294327631863114,1.9005089736154561,0.06300784155478095,1.772596254933154,2.0284216922977585,0,1,1,4.303088894442872,0.1979
843,1306177,2.0,1.9944901238522759,0.03488215683671395,1.9261223527492388,2.0628578949553127,1.9962957746654424,0.068804281125483,1.8571259799732713,2.1354655693576134,1.9962957746654424,0.06738940703050214,1.8594880051727307,2.1331035441581543,1,1,1,3.732300552378141,0.2294
844,1307177,2.0,1.9640940995512406,0.03013472402863758,1.9050311257710573,2.023157073331424,1.9685611022152403,0.06172012015936237,1.8437203755853202,2.0934018288451606,1.9685611022152403,0.06338627573439602,1.8398801213045806,2.0972420831259,1,1,1,4.424416811537254,0.253
845,1308177,2.0,2.036149688604337,0.03247864594098538,1.9724927122933777,2.0998066649152967,2.029930652936686,0.06919635553851247,1.8899678128893012,2.1698934929840705,2.029930652936686,0.07111888252933578,1.8855516456655765,2.174309660207795,1,1,1,4.794838881423399,0.2239
846,1309177,2.0,1.9801039267678413,0.03803583734166372,1.9055550554563567,2.054652798079326,1.994432144553223,0.06515309622847941,1.8626475683995962,2.1262167207068496,1.994432144553223,0.06312767917319623,1.8662761425716732,2.1225881465347727,1,1,1,2.7545691765020837,0.1872
847,1310177,2.0,1.909670014729667,0.04385462260220304,1.8237165338737529,1.9956234955855812,1.9228315771940712,0.06190672570264582,1.797613405226123,2.0480497491620193,1.9228315771940712,0.061806521001035904,1.797357668892297,2.0483054854958453,0,1,1,1.9862679776078545,0.2285
848,1311177,2.0,1.9804622743404288,0.0321226237143881,1.9175030887712958,2.0434214599095615,1.9720867781730806,0.07861022431474794,1.813082591229587,2.131090965116574,1.9720867781730806,0.0799614773454219,1.8097563490595294,2.134417207286632,1,1,1,6.1964021798065625,0.2637
849,1312177,2.0,1.9231798788093335,0.03476080608243402,1.855049950814182,1.991309806804485,1.9335967415878603,0.06283270961677359,1.806505590364706,2.0606878928110146,1.9335967415878603,0.05981655214048458,1.8121626848468626,2.055030798328858,0,1,1,2.961168187635596,0.2122
850,1313177,2.0,1.9145547031081729,0.031247430175151008,1.8533108653554469,1.975798540860899,1.8978045792471459,0.06127319851821723,1.7738678369627379,2.021741321531554,1.8978045792471459,0.05957540348654414,1.7768600803003995,2.0187490781938924,0,1,1,3.6350080101871334,0.2235
851,1314177,2.0,2.0558007499336837,0.04358516131040595,1.9703754035049195,2.141226096362448,2.074169674263425,0.08650306759932623,1.8992007048749417,2.249138643651908,2.074169674263425,0.08553945974955111,1.9005153388476104,2.2478240096792397,1,1,1,3.8517287096266215,0.2214
852,1315177,2.0,1.901218835840156,0.028697978094739247,1.8449718323453477,1.9574658393349644,1.89463184481255,0.07167478020148976,1.7496559177033661,2.039607771921734,1.89463184481255,0.07218015054043293,1.7480983489381139,2.041165340686986,0,1,1,6.3260550588689926,0.2286
853,1316177,2.0,1.9933504568170073,0.036726777881831874,1.9213672949004146,2.0653336187336,2.011374931446678,0.07244267031232274,1.8648457999827261,2.15790406291063,2.011374931446678,0.06974028891141423,1.8697946180091465,2.1529552448842093,1,1,1,3.605801603221781,0.2315
854,1317177,2.0,1.9859717560272592,0.03326804187763595,1.9207675921109224,2.0511759199435957,1.9909943555035376,0.08608148617651777,1.8168781150310251,2.16511059597605,1.9909943555035376,0.08742653929511365,1.8135090449410374,2.168479666066038,1,1,1,6.906087810962484,0.1835
855,1318177,2.0,2.0562757754040395,0.039923235407621084,1.978027671858788,2.1345238789492913,2.0161037047439905,0.0703656308446352,1.8737757821518883,2.1584316273360926,2.0161037047439905,0.05471299867843928,1.9050304123485404,2.1271769971394408,1,1,1,1.878146982399954,0.2186
856,1319177,2.0,1.9073807646189243,0.031788805672998396,1.845075850388305,1.9696856788495436,1.894375354675988,0.06316817063971489,1.7666056694877041,2.022145039864272,1.894375354675988,0.06402064344551625,1.7644065388455572,2.024344170506419,0,1,1,4.055941164839173,0.2208
857,1320177,2.0,2.0734147833848513,0.03313288252287008,2.0084755269360293,2.1383540398336733,2.073554497906918,0.08584058367948064,1.8999255287277768,2.2471834670860593,2.073554497906918,0.08629787354488815,1.8983605006322952,2.248748495181541,0,1,1,6.7839360858075235,0.2111
858,1321177,2.0,1.9756223799735801,0.028548849691191185,1.919667662778798,2.031577097168362,1.9651020651788262,0.062293907599002975,1.839100743904714,2.0911033864529385,1.9651020651788262,0.06197918202709008,1.8392776363591596,2.090926493998493,1,1,1,4.713184627561204,0.2177
859,1322177,2.0,1.8900461289474226,0.03531041701745015,1.82083898331413,1.9592532745807152,1.9017341932774519,0.06564092846028426,1.7689628832980524,2.0345055032568515,1.9017341932774519,0.06573570886419318,1.768283609543097,2.0351847770118066,0,1,1,3.4657482115796454,0.2131
860,1323177,2.0,1.958388604149127,0.03178143040868699,1.8960981451709344,2.0206790631273197,1.9794804129193713,0.07973164198570974,1.8182079446352544,2.140752881203488,1.9794804129193713,0.0778093014632375,1.8215191331272318,2.1374416927115107,1,1,1,5.993991918471295,0.2807
861,1324177,2.0,1.986444524427795,0.029947517001233943,1.9277484696789755,2.0451405791766146,1.9873137741400186,0.0620996931977594,1.8617052885718421,2.112922259708195,1.9873137741400186,0.06253821565211902,1.8603544467260222,2.1142731015540153,1,1,1,4.3608317520438975,0.2084
862,1325177,2.0,2.0726971956021916,0.031469484355621496,2.011018139653127,2.1343762515512563,2.047165052748914,0.07064401303881991,1.9042740490203343,2.190056056477493,2.047165052748914,0.06374029005165406,1.9177653845660745,2.1765647209317533,0,1,1,4.102502148538984,0.237
863,1326177,2.0,1.9963434362179338,0.03299898843062678,1.9316666073676514,2.0610202650682163,1.981807977347085,0.07558735695141999,1.8289181167718702,2.1346978379222996,1.981807977347085,0.0764728692650626,1.8265597991560294,2.1370561555381404,1,1,1,5.370485106465185,0.2686
864,1327177,2.0,2.0001087807831968,0.03489703322463919,1.9317118524956063,2.068505709070787,2.020993787042453,0.0691713759172284,1.8810814730482255,2.16090610103668,2.020993787042453,0.06609777250351545,1.8868081750433787,2.155179399041527,1,1,1,3.5875390261431113,0.2665
865,1328177,2.0,2.0914431607725694,0.03295322517613267,2.026856026252911,2.156030295292228,2.1012307947417903,0.06850723033676831,1.9626618419827422,2.2397997475008387,2.1012307947417903,0.07046921825812646,1.958170676058364,2.2442909134252167,0,1,1,4.573019523172882,0.2166
866,1329177,2.0,1.892507157612412,0.03426886808094198,1.8253414103828114,1.9596729048420125,1.8943156999865494,0.06641207249465192,1.7599846039707938,2.0286467960023047,1.8943156999865494,0.06491846157257396,1.7625242164582517,2.026107183514847,0,1,1,3.5886980565373086,0.1805
867,1330177,2.0,1.9404470475952715,0.03260160988256519,1.8765490663874187,2.0043450288031246,1.9410537412454143,0.07994100279337227,1.7793578007566269,2.1027496817342017,1.9410537412454143,0.0819720158758596,1.7746417019211687,2.10746578056966,1,1,1,6.321980303978993,0.2539
868,1331177,2.0,1.9805673703937545,0.03025222262374044,1.9212741035989354,2.0398606371885735,1.9798180185675582,0.05654538208996226,1.8654441876441823,2.094191849490934,1.9798180185675582,0.05685162740843783,1.864403079031754,2.095232958103362,1,1,1,3.531597712790111,0.2138
869,1332177,2.0,1.923272807021816,0.03567826740561496,1.8533446878760214,1.9932009261676105,1.9254922167613864,0.06575381782107695,1.7924925664969427,2.05849186702583,1.9254922167613864,0.06624720513189873,1.791003240398692,2.059981193124081,0,1,1,3.447685236892262,0.2204
870,1333177,2.0,1.8878250667134844,0.03120222847824161,1.8266698226587408,1.948980310768228,1.8925714336721091,0.06063144345274288,1.7699327635315238,2.0152101038126946,1.8925714336721091,0.06125781273398783,1.7682114623735656,2.0169314049706526,0,1,1,3.8543553034216513,0.2302
871,1334177,2.0,2.08627813918749,0.031952978955214664,2.023651451236503,2.148904827138477,2.0792858019666265,0.06688603292992204,1.9439960304819934,2.2145755734512598,2.0792858019666265,0.06730085487594675,1.9426578029049413,2.2159138010283117,0,1,1,4.436274949845925,0.1819
872,1335177,2.0,2.0743986160925845,0.03257563359113941,2.010551547480378,2.138245684704791,2.0532871884641457,0.07879234862718788,1.8939146203275619,2.2126597566007296,2.0532871884641457,0.07754904885634226,1.895854249552612,2.210720127375679,0,1,1,5.667182627644399,0.2913
873,1336177,2.0,2.064654418003404,0.026216180941017218,2.0132716475468246,2.116037188459983,2.046910618290974,0.059627580434191835,1.9263024527629726,2.1675187838189753,2.046910618290974,0.05651719453773496,1.9321746135774513,2.1616466230044966,0,1,1,4.64753147618609,0.2706
874,1337177,2.0,2.1393647420898527,0.03038331328182731,2.079814542326474,2.1989149418532317,2.1321513823558513,0.07219910147941545,1.986114915358625,2.2781878493530776,2.1321513823558513,0.07129468371026909,1.9874154797135335,2.2768872849981694,0,1,1,5.506099180540723,0.205
875,1338177,2.0,2.007996426735674,0.04162970455396122,1.9264037051228668,2.0895891483484808,2.022614313020592,0.06673940709793746,1.8876211202749569,2.157607505766227,2.022614313020592,0.06643444476923499,1.8877452199856586,2.1574834060555252,1,1,1,2.5467127465615556,0.2231
876,1339177,2.0,1.9072388062395405,0.0355494905937909,1.8375630850069649,1.976914527472116,1.8998041502441918,0.07943451816366993,1.7391326716170414,2.060475628871342,1.8998041502441918,0.07856857247436946,1.7403014683526628,2.059306832135721,0,1,1,4.884621999441732,0.2173
877,1340177,2.0,1.9016536939185924,0.037576513536610776,1.8280050807222534,1.9753023071149314,1.9006822091093285,0.09325062844387652,1.7120650096681778,2.0892994085504792,1.9006822091093285,0.08842928746945723,1.7211612115280548,2.0802032066906024,0,1,1,5.538080781974633,0.235
878,1341177,2.0,2.0602402567487266,0.030237643521882584,2.000975564468476,2.1195049490289772,2.056156060730225,0.06769435878103791,1.9192312958861089,2.193080825574341,2.056156060730225,0.06710551967477978,1.9199246132090952,2.192387508251355,0,1,1,4.925162934500449,0.2014
879,1342177,2.0,1.9195916449333565,0.032621725841284976,1.8556542371708984,1.9835290526958147,1.9412694284367562,0.08231509425788633,1.7747714346993595,2.107767422174153,1.9412694284367562,0.07908135527309602,1.780725742120062,2.1018131147534507,0,1,1,5.876711083080385,0.2304
880,1343177,2.0,2.0536190222864406,0.030745043804423142,1.9933598437266649,2.1138782008462162,2.0548290793458746,0.07024470394236779,1.9127457545009767,2.196912404190772,2.0548290793458746,0.07091696043486606,1.910859995719637,2.198798162972112,1,1,1,5.32046994031434,0.2076
881,1344177,2.0,1.9217949302192587,0.030787037167964323,1.8614534461793526,1.9821364142591649,1.9220624881010488,0.06784039437476794,1.7848423383874927,2.0592826378146047,1.9220624881010488,0.06765857412923894,1.7847082803471674,2.0594166958549303,0,1,1,4.829585845468652,0.2077
882,1345177,2.0,1.963094005700382,0.0348325618226837,1.8948234390386571,2.031364572362107,1.9517606788470347,0.05718880006000703,1.8360854122378607,2.0674359454562086,1.9517606788470347,0.05736404170069499,1.8353054829939706,2.068215874700099,1,1,1,2.712118446019489,0.213
883,1346177,2.0,1.9640353095184313,0.033107593174600276,1.8991456192814107,2.028924999755452,1.9583760319810228,0.0647548965778784,1.8273968906450286,2.089355173317017,1.9583760319810228,0.06559461617260916,1.8252118816384708,2.0915401823235746,1,1,1,3.925375163976288,0.2114
884,1347177,2.0,1.9445839775665508,0.03180958110895001,1.882238344229703,2.0069296109033985,1.9627379149039905,0.07298242018018855,1.8151170362832154,2.1103587935247656,1.9627379149039905,0.06827375539377817,1.8241348227876568,2.101341007020324,1,1,1,4.606718592438488,0.2316
885,1348177,2.0,2.0936412412181955,0.03299786623126515,2.0289666118382454,2.1583158705981456,2.0985660109251807,0.07173251262653134,1.9534733089640735,2.2436587128862877,2.0985660109251807,0.07116926489485917,1.9540847220143784,2.243047299835983,0,1,1,4.651716565529838,0.1901
886,1349177,2.0,2.032642512292538,0.030323430592830103,1.9732096804428907,2.092075344142185,2.029935183296608,0.0465708426322881,1.9357367627658182,2.1241336038273984,2.029935183296608,0.047179430940331314,1.934155846494302,2.1257145200989145,1,1,1,2.420743256367286,0.2389
887,1350177,2.0,1.9672314588090754,0.03048051732076096,1.9074907426302345,2.026972174987916,1.9741515338593978,0.04525144906364763,1.8826218387198517,2.065681228998944,1.9741515338593978,0.04479199766656641,1.8832189442743306,2.065084123444465,1,1,1,2.1595148578520043,0.1917
888,1351177,2.0,2.017572024824649,0.03296564102304783,1.952960555692199,2.082183493957099,2.0162228212561626,0.05313436935297812,1.9087484148240141,2.123697227688311,2.0162228212561626,0.05097500181750026,1.9127380659238797,2.1197075765884454,1,1,1,2.3910653705277234,0.1905
889,1352177,2.0,1.9384762674339935,0.03192947301056652,1.8758956502879394,2.0010568845800476,1.956841156786263,0.0744747492480271,1.806201757710264,2.107480555862262,1.956841156786263,0.07204437192196084,1.8105833061616738,2.1030990074108518,1,1,1,5.091158499168286,0.227
890,1353177,2.0,2.1535762707985935,0.032176434169890855,2.0905116186746833,2.2166409229225037,2.1481291678203007,0.06897267659733479,2.0086187611362396,2.287639574504362,2.1481291678203007,0.06710022306534175,2.011908472987984,2.2843498626526175,0,0,0,4.348826695824773,0.2551
891,1354177,2.0,2.005781557764223,0.030238736753880096,1.9465147227886304,2.0650483927398158,2.0193177230071475,0.07614581893850209,1.8652982664414761,2.173337179572819,2.0193177230071475,0.07292433237873443,1.8712734576827157,2.1673619883315793,1,1,1,5.815909437057528,0.2811
892,1355177,2.0,2.0494760344981904,0.03710584792510082,1.9767499089491725,2.122202160047208,2.0591663673301728,0.06576763293746346,1.9261387733552549,2.1921939613050907,2.0591663673301728,0.06659035944051572,1.9239807506849418,2.194351983975404,1,1,1,3.220608965628859,0.1584
893,1356177,2.0,2.0767246578227163,0.030252594407823758,2.0174306623444838,2.136018653300949,2.0968476314601445,0.06306173710835285,1.969293228409334,2.224402034510955,2.0968476314601445,0.060981823930210545,1.9730479472202576,2.2206473157000315,0,1,1,4.0632689515871,0.2253
894,1357177,2.0,2.0328301787573824,0.027946548007182097,1.9780559511710858,2.087604406343679,2.020661059387535,0.07217379157469088,1.874675786504782,2.166646332270288,2.020661059387535,0.07272173092849316,1.873028096873513,2.168294021901557,1,1,1,6.7713002735842736,0.2348
895,1358177,2.0,2.053444345009213,0.03189119759759602,1.9909387462940746,2.1159499437243516,2.0518286628747586,0.05805740521941193,1.9343964764965593,2.169260849252958,2.0518286628747586,0.057456270683786094,1.9351862322319067,2.1684710935176104,1,1,1,3.245885611300303,0.2143
896,1359177,2.0,2.0505630123447864,0.03177166217861334,1.9882916987457309,2.112834325943842,2.031270280540905,0.07363156809037325,1.8823363763364385,2.1802041847453713,2.031270280540905,0.07390614305104261,1.8812328335865793,2.1813077274952306,1,1,1,5.411045730364395,0.2126
897,1360177,2.0,2.019209642768788,0.03315363437651021,1.954229713434219,2.084189572103357,2.014455610714377,0.06283370220860451,1.8873624517847392,2.1415487696440154,2.014455610714377,0.06251302946538204,1.887547413977758,2.1413638074509964,1,1,1,3.555320888265073,0.2323
898,1361177,2.0,1.9638300357711747,0.0310426649726126,1.902987530440711,2.0246725411016384,1.97688562513422,0.053486668351602484,1.868698626716416,2.085072623552024,1.97688562513422,0.04950690595739765,1.876381262846963,2.077389987421477,1,1,1,2.5433936014546115,0.1909
899,1362177,2.0,2.007487394033772,0.036310768691464476,1.9363195951475372,2.078655192920007,2.0167061462981737,0.08277905328017796,1.8492697068591184,2.184142585737229,2.0167061462981737,0.08266021336274028,1.8488969917996099,2.1845153007967375,1,1,1,5.18229531790715,0.2554
900,1363177,2.0,2.1817990817840247,0.03209250846073489,2.118898921027437,2.2446992425406123,2.1749440372082653,0.0789518291008564,2.015248889365669,2.334639185050862,2.1749440372082653,0.08104231940175154,2.010419382066973,2.339468692349558,0,0,0,6.376999677419044,0.2091
901,1364177,2.0,2.0589539082989843,0.03254211226112259,1.9951725402863247,2.122735276311644,2.024758868298838,0.08638906068031274,1.8500204996702647,2.1994972369274115,2.024758868298838,0.07964714510451432,1.863066567559658,2.186451169038018,1,1,1,5.990305188712247,0.2262
902,1365177,2.0,2.075335683907112,0.030576788852547703,2.015406278993233,2.1352650888209914,2.067857582904239,0.060267523355890196,1.9459550106391768,2.1897601551693016,2.067857582904239,0.05827501630455333,1.9495530102854475,2.186162155523031,0,1,1,3.6322945485723084,0.2039
903,1366177,2.0,2.015086917596612,0.030310994662961402,1.9556784597216221,2.0744953754716025,2.033325537544945,0.07377502235365402,1.8841014697047,2.18254960538519,2.033325537544945,0.0736316791604841,1.8838452819108609,2.1828057931790292,1,1,1,5.901046448212485,0.1867
904,1367177,2.0,1.9034591216667298,0.033450435343908555,1.8378974731254833,1.9690207702079763,1.9032966712485302,0.05610654937958408,1.7898104632638514,2.016782879233209,1.9032966712485302,0.05679499730662717,1.7879966969313896,2.0185966455656708,0,1,1,2.8828139699181894,0.2025
905,1368177,2.0,2.0219385289954186,0.031140567943680322,1.9609041373676825,2.0829729206231544,2.008980450251539,0.07493729822004302,1.857405457569771,2.160555442933307,2.008980450251539,0.0754074149828225,1.8558952592460474,2.1620656412570307,1,1,1,5.863744630674224,0.2194
906,1369177,2.0,1.9688375483060625,0.032307073151838304,1.9055168484825584,2.0321582481295666,1.9723515086612466,0.056570442619652536,1.8579269880320148,2.0867760292904785,1.9723515086612466,0.05748622716240663,1.8556482631336448,2.0890547541888487,1,1,1,3.1661565403311256,0.2295
907,1370177,2.0,1.9504724933118547,0.028307150109382426,1.894991498592496,2.005953488031213,1.9316160158270888,0.05957654340528028,1.8111110824340524,2.052120949220125,1.9316160158270888,0.05894764568663782,1.8119459329669532,2.0512860986872243,1,1,1,4.3365128046083585,0.1734
908,1371177,2.0,1.959504598732213,0.03781679334171482,1.8853850457716579,2.0336241516927682,1.9673712239991945,0.07750015559061643,1.8106123629846185,2.1241300850137703,1.9673712239991945,0.077201643172472,1.8106435561208052,2.124098891877584,1,1,1,4.167577527334902,0.2187
909,1372177,2.0,1.876503553564232,0.0295361359723833,1.8186137908158828,1.9343933163125813,1.8572895315537732,0.06221710950664842,1.7314435490837425,1.9831355140238038,1.8572895315537732,0.05502358049147691,1.745585724557305,1.9689933385502414,0,0,0,3.470486324425061,0.2631
910,1373177,2.0,1.9217197465279634,0.03651729866808246,1.8501471563258294,1.9932923367300974,1.923993846788026,0.07283043633361518,1.7766803845137071,2.0713073090623446,1.923993846788026,0.0702624424035741,1.7813535054062972,2.066634188169755,0,1,1,3.702108966953345,0.2256
911,1374177,2.0,1.9895266760421886,0.02944315225761901,1.931819158025926,2.047234194058451,1.9808684382995896,0.05789877855849941,1.8637571046280939,2.0979797719710853,1.9808684382995896,0.058014672469785374,1.8630923917638313,2.0986444848353476,1,1,1,3.882460802896566,0.2125
912,1375177,2.0,1.9822183236091784,0.033411590879060656,1.9167328088200326,2.0477038383983244,1.975003959178645,0.06421538786342303,1.8451160772206605,2.1048918411366295,1.975003959178645,0.060607230123507175,1.8519647407956201,2.09804317756167,1,1,1,3.2904444461821596,0.279
913,1376177,2.0,2.0663053355423835,0.03578339935167887,1.996171161568679,2.136439509516088,2.0746128905283636,0.09168057443542611,1.889171425074073,2.2600543559826543,2.0746128905283636,0.09306196649537589,1.8856870545275333,2.2635387265291937,1,1,1,6.763652089778775,0.2197
914,1377177,2.0,1.9267120600425565,0.03692435836091338,1.8543416475029157,1.9990824725821972,1.9445575012579512,0.08815738724763203,1.7662423545380015,2.122872647977901,1.9445575012579512,0.08808856335982419,1.7657282103929894,2.123386792122913,0,1,1,5.691321766340178,0.2082
915,1378177,2.0,1.9759875011554504,0.032583606467163594,1.9121248059933833,2.0398501963175173,1.9708882064824627,0.06470655843871986,1.840006838261636,2.1017695747032894,1.9708882064824627,0.06566858135634654,1.837573898833991,2.104202514130934,1,1,1,4.061785312647503,0.2292
916,1379177,2.0,1.928331657743224,0.030093818270978467,1.8693488577748127,1.987314457711635,1.9249224773243954,0.0632640196325561,1.7969589192485969,2.052886035400194,1.9249224773243954,0.0640852990872837,1.7948224035630063,2.0550225510857842,0,1,1,4.534842863358334,0.2421
917,1380177,2.0,1.974603757978121,0.030133545020164753,1.9155430950120818,2.0336644209441603,1.9840427250900403,0.06566627204696544,1.8512201528679797,2.116865297312101,1.9840427250900403,0.06731324580888022,1.8473895710971684,2.1206958790829122,1,1,1,4.990000759082482,0.2213
918,1381177,2.0,1.8713330214891153,0.03657534912668265,1.7996466544788388,1.9430193884993918,1.8647657137516964,0.08010460162613289,1.7027388633893554,2.026792564114037,1.8647657137516964,0.08183005310066421,1.6986418741828915,2.0308895533205016,0,1,1,5.005514287254923,0.1849
919,1382177,2.0,2.0407882058429756,0.03115021601655443,1.9797349043398862,2.101841507346065,2.0161103503704227,0.07085906298955427,1.8727843670591384,2.159436333681707,2.0161103503704227,0.06461592888915278,1.8849330408412934,2.1472876598995523,1,1,1,4.302858440223834,0.2383
920,1383177,2.0,2.053823296563391,0.031132583254365645,1.9928045546391397,2.1148420384876427,2.059862557022092,0.06198134881991235,1.934493445552424,2.1852316684917596,2.059862557022092,0.06012654522560262,1.937799180861293,2.1819259331828906,1,1,1,3.7299429141406653,0.1885
921,1384177,2.0,2.0699400661345857,0.030794142525954915,2.0095846558489208,2.1302954764202506,2.047405743699974,0.07796336460027006,1.8897099540274924,2.2051015333724555,2.047405743699974,0.0717780565120908,1.9016885421003773,2.1931229452995704,0,1,1,5.4330932504740765,0.2298
922,1385177,2.0,2.096311268973789,0.03059322762598962,2.0363496446560134,2.1562728932915647,2.1103066392168888,0.06447687103136866,1.9798898576293582,2.2407234208044193,2.1103066392168888,0.060702238887308226,1.987074542789218,2.2335387356445593,0,1,1,3.936940243270807,0.2319
923,1386177,2.0,1.9361235288221186,0.031863465542710426,1.8736722839357731,1.998574773708464,1.9405748742555835,0.06036724600483103,1.8184705938939865,2.0626791546171805,1.9405748742555835,0.05828950782818506,1.8222408822797747,2.0589088662313926,0,1,1,3.346530279779664,0.2199
924,1387177,2.0,2.0707089284419458,0.037005159933798076,1.9981801477295569,2.1432377091543344,2.0630104426300897,0.054353836512631176,1.9530694310468282,2.1729514542133512,2.0630104426300897,0.054654383267185365,1.952056145845744,2.1739647394144357,1,1,1,2.181350355080238,0.2174
925,1388177,2.0,1.9556558882170805,0.03489335186712338,1.8872661752576352,2.0240456011765255,1.947561245858421,0.055826364102497424,1.8346417660896335,2.0604807256272086,1.947561245858421,0.05731688495240441,1.831201783293932,2.06392070842291,1,1,1,2.6982350469250136,0.2284
926,1389177,2.0,2.021556453783507,0.03605070823081064,1.9508983640339566,2.0922145435330575,2.0395801823064756,0.08099175417637113,1.8757588965360803,2.203401468076871,2.0395801823064756,0.0775170325320775,1.8822122399886654,2.196948124624286,1,1,1,4.6234554340379,0.227
927,1390177,2.0,1.9485845360707579,0.034687186749328344,1.8805988993170593,2.0165701728244563,1.9790062248330182,0.07249538096120382,1.8323704760181854,2.125641973647851,1.9790062248330182,0.06327860192857573,1.8505438333692192,2.107468616296817,1,1,1,3.327940812066474,0.2524
928,1391177,2.0,2.1342181271207865,0.031788591818358844,2.0719136320375586,2.1965226222040144,2.1329899795174367,0.07658491160108222,1.9780823742101097,2.287897584824764,2.1329899795174367,0.07164160068872484,1.9875497979667112,2.278430161068162,0,1,1,5.0791142479893425,0.2217
929,1392177,2.0,2.0424476229688597,0.030789704324167486,1.9821009113988544,2.1027943345388653,2.0309750352574034,0.07978190785400462,1.8696008946578988,2.1923491758569082,2.0309750352574034,0.08073470309216146,1.867074874425069,2.194875196089738,1,1,1,6.875582035768458,0.2658
930,1393177,2.0,1.875016684253322,0.03451752772531114,1.8073635730763493,1.9426697954302947,1.879573052635925,0.06665715608720309,1.744746228262866,2.0143998770089837,1.879573052635925,0.06871572232272144,1.740072719953119,2.019073385318731,0,1,1,3.963080256941247,0.1787
931,1394177,2.0,2.002921616138457,0.03243955113251039,1.939341264244091,2.066501968032823,1.9871140253828796,0.07973906947873842,1.825826533576055,2.148401517189704,1.9871140253828796,0.07813323347805755,1.82849512863924,2.1457329221265193,1,1,1,5.801254559052717,0.2554
932,1395177,2.0,1.9073749738077121,0.03811670083201395,1.8326676129674768,1.9820823346479475,1.9224705504791253,0.07421284706366757,1.772360898573368,2.0725802023848825,1.9224705504791253,0.07412778121070018,1.771983154139676,2.0729579468185744,0,1,1,3.782085957580686,0.231
933,1396177,2.0,1.8247347915108239,0.03564746032636759,1.754867053130823,1.8946025298908247,1.8469663142446175,0.07151653047806207,1.7023104774141091,1.991622151075126,1.8469663142446175,0.06393724272345082,1.7171668108812734,1.9767658176079617,0,0,0,3.216996721679542,0.2353
934,1397177,2.0,1.926474036256977,0.061851958133400275,1.8052464259422332,2.0477016465717206,1.9158535807715218,0.0889231863009982,1.7359894592597556,2.095717702283288,1.9158535807715218,0.09018003238768307,1.7327783820514138,2.09892877949163,1,1,1,2.125758221423815,0.2334
935,1398177,2.0,1.9655646469596038,0.03174727718792171,1.9033411270640672,2.0277881668551405,1.968201707869737,0.06160779953544789,1.8435881711459414,2.0928152445935324,1.968201707869737,0.061728202629404885,1.8428867943151384,2.0935166214243353,1,1,1,3.780543986574919,0.1854
936,1399177,2.0,2.01918017997501,0.033156867410532344,1.9541939140101967,2.084166445939823,2.010760592024145,0.07022252547221297,1.8687221273694499,2.1527990566788406,2.010760592024145,0.07191291231507764,1.8647696185897344,2.156751565458556,1,1,1,4.703994106444788,0.2214
937,1400177,2.0,1.9857816926027934,0.032680783411983605,1.9217285341287516,2.0498348510768354,1.9815431129887249,0.07342025149554832,1.833036636941864,2.1300495890355857,1.9815431129887249,0.07356176787515996,1.8322047848092513,2.1308814411681984,1,1,1,5.066632426657197,0.2221
938,1401177,2.0,2.071470011233987,0.038796576710851335,1.9954301181572731,2.1475099043107013,2.0906902713088367,0.0661992921310481,1.9567895642025048,2.2245909784151685,2.0906902713088367,0.061510207083664246,1.9658179122399695,2.2155626303777036,1,1,1,2.5136659677165856,0.2041
939,1402177,2.0,1.9890430288824266,0.04261811432894546,1.9055130597086831,2.0725729980561702,1.991507468957562,0.08835004518313903,1.8128026347807893,2.1702123031343348,1.991507468957562,0.09003944669767941,1.808717674361329,2.174297263553795,1,1,1,4.4635168117500585,0.276
940,1403177,2.0,1.977338993362129,0.03593279904684799,1.906912001366592,2.047765985357666,1.9623974003204778,0.07910704485717639,1.8023882989769264,2.122406501664029,1.9623974003204778,0.07570456524026387,1.808708962221473,2.1160858384194827,1,1,1,4.43876386776072,0.2694
941,1404177,2.0,2.010337257498951,0.03472275944582149,1.9422818995412927,2.078392615456609,2.012850031035128,0.0831646051975901,1.8446337392335206,2.1810663228367355,2.012850031035128,0.08504898870953526,1.8401914047662267,2.1855086573040294,1,1,1,5.999427985546462,0.2657
942,1405177,2.0,1.9552722701523166,0.033393260506809,1.8898226822326072,2.020721858072026,1.9552792710292417,0.0662644154070378,1.8212468396638823,2.089311702394601,1.9552792710292417,0.0676749691596083,1.8178917795942235,2.09266676246426,1,1,1,4.107130308232289,0.1737
943,1406177,2.0,1.98830831500522,0.02994002658545082,1.9296269412015647,2.046989688808875,1.9901223596783328,0.051001311239942344,1.8869624705233328,2.093282248833333,1.9901223596783328,0.05112984230186927,1.8863232614511183,2.093921457905547,1,1,1,2.9163829006428696,0.2415
944,1407177,2.0,2.0214792633263463,0.03488085573261741,1.9531140423404787,2.0898444843122137,2.000511612348474,0.08379492829265793,1.8310203717457834,2.1700028529511646,2.000511612348474,0.08223505467079337,1.8335655758811962,2.167457648815752,1,1,1,5.558270892251264,0.2187
945,1408177,2.0,1.9414758386352762,0.0342971601033183,1.8742546400607683,2.008697037209784,1.9565377913339086,0.09499470782620595,1.7643928583622968,2.1486827243055204,1.9565377913339086,0.09658884470653535,1.76045201191463,2.152623570753187,1,1,1,7.931176622937091,0.2248
946,1409177,2.0,1.9015436726331425,0.03187914542279997,1.8390616957465395,1.9640256495197455,1.9122232900538392,0.07239982074937686,1.7657808300117857,2.058665750095893,1.9122232900538392,0.06942383887663191,1.7712854043408144,2.053161175766864,0,1,1,4.742462527545371,0.2197
947,1410177,2.0,1.881222533734726,0.03444838804484617,1.8137049338413673,1.9487401336280845,1.8740600489330677,0.07981203929883565,1.7126249617336957,2.0354951361324396,1.8740600489330677,0.07736862826242542,1.7169933832996642,2.031126714566471,0,1,1,5.044196362297013,0.2535
948,1411177,2.0,2.0003556382483345,0.03378784151140287,1.9341326857706376,2.0665785907260315,2.012350574147022,0.07965782530902926,1.8512274141845741,2.17347373410947,2.012350574147022,0.07810465794201468,1.8537896888256569,2.170911459468387,1,1,1,5.343588084491678,0.2085
949,1412177,2.0,1.9891220069939655,0.027631734808037753,1.9349648019398498,2.0432792120480814,1.981806027545159,0.059440713629291694,1.8615758358066854,2.1020362192836326,1.981806027545159,0.06070773825382754,1.8585627668099172,2.105049288280401,1,1,1,4.826938901267254,0.2452
950,1413177,2.0,2.0695315666442107,0.03361868700999317,2.0036401508970996,2.1354229823913218,2.069094227151764,0.07646351261515826,1.914432174470967,2.2237562798325605,2.069094227151764,0.07796502051307916,1.9108168208819611,2.2273716334215665,0,1,1,5.378214251300849,0.1933
951,1414177,2.0,2.0035687394484327,0.03634482434605003,1.9323341927057403,2.074803286191125,2.01189866563351,0.07705688976718184,1.8560363943751579,2.1677609368918622,2.01189866563351,0.07825818743100407,1.8530260988793275,2.170771232387693,1,1,1,4.636330864115813,0.2209
952,1415177,2.0,2.049950086894352,0.03116728621365579,1.988863328419735,2.1110368453689694,2.040568233904748,0.06919587509355334,1.9006063656490197,2.180530102160476,2.040568233904748,0.07113614551793503,1.896154180903618,2.184982286905878,1,1,1,5.2093397221194,0.1729
953,1416177,2.0,1.9706638029528063,0.03222812267412834,1.907497843222176,2.0338297626834367,1.970726499717034,0.07337610179344492,1.82230932487174,2.119143674562328,1.970726499717034,0.07365559161073074,1.82119769922812,2.120255300205948,1,1,1,5.2232573993468945,0.2097
954,1417177,2.0,2.081760244026765,0.036236708009355835,2.0107376014101335,2.1527828866433967,2.09540152067345,0.07740217772555814,1.9388408385968918,2.251962202750008,2.09540152067345,0.07206229315395364,1.9491072880137084,2.241695753333192,0,1,1,3.954746797856028,0.2591
955,1418177,2.0,2.0020047688569735,0.030714498905652195,1.9418054571987002,2.062204080515247,1.9896882546958763,0.07677440750935126,1.8343973577355095,2.1449791516562433,1.9896882546958763,0.0775257071578538,1.832302701951503,2.1470738074402496,1,1,1,6.370955975143164,0.1882
956,1419177,2.0,2.1063472011486306,0.02947340534638293,2.0485803881679696,2.1641140141292916,2.1148835010454228,0.07190400151599155,1.9694439300647173,2.2603230720261283,2.1148835010454228,0.07270085626580329,1.9672929163496269,2.2624740857412187,0,1,1,6.084409251434251,0.2034
957,1420177,2.0,1.9802523272954191,0.03456865769777154,1.9124990032138935,2.0480056513769447,1.9805340150015578,0.08969880015611391,1.7991010663875941,2.161966963615521,1.9805340150015578,0.09240329182406097,1.7929453596731015,2.168122670330014,1,1,1,7.145125374020944,0.2235
958,1421177,2.0,1.961927249868753,0.030003317531259052,1.903121828090766,2.0207326716467398,1.9796919905752919,0.07774769164105998,1.822432440639102,2.1369515405114816,1.9796919905752919,0.07404251629734154,1.8293776912124535,2.1300062899381302,1,1,1,6.090091009529764,0.2063
959,1422177,2.0,2.0138060787781304,0.030705021472887825,1.9536253425467414,2.0739868150095195,2.022950652901075,0.06214829809207922,1.8972438546544883,2.1486574511476615,2.022950652901075,0.06319137253222666,1.8946653465263805,2.151235959275769,1,1,1,4.235422759701962,0.222
960,1423177,2.0,1.9566443515398035,0.03197806976019692,1.8939684865147082,2.019320216564899,1.9468474468192214,0.06285568734849034,1.8197098187467604,2.073985074891682,1.9468474468192214,0.0625123367395315,1.8199406563908433,2.0737542372475994,1,1,1,3.8214393867463525,0.213
961,1424177,2.0,1.9931219849923687,0.03175660781372429,1.9308801774063058,2.0553637925784316,1.9916762202849825,0.06979778235011362,1.8504968796867056,2.1328555608832596,1.9916762202849825,0.06822935216446877,1.8531632715165098,2.1301891690534553,1,1,1,4.616090174433989,0.247
962,1425177,2.0,2.0143110286912735,0.03006202154604655,1.9553905491585553,2.073231508223992,2.0075378122219183,0.0721333081384725,1.861634424818016,2.1534411996258203,2.0075378122219183,0.07259524028745512,1.860161639361117,2.1549139850827195,1,1,1,5.831495310275794,0.2396
963,1426177,2.0,2.072587292073463,0.03302677492735826,2.0078560026903305,2.137318581456596,2.061354818442672,0.06675723564939977,1.9263255640478767,2.1963840728374673,2.061354818442672,0.06473221613007911,1.9299414332637836,2.19276820362156,0,1,1,3.8415688165168667,0.18
964,1427177,2.0,2.009305801242543,0.029122490367650973,1.9522267689818322,2.0663848335032533,2.006957999052479,0.06491042588331539,1.8756642700025776,2.13825172810238,2.006957999052479,0.0665888831736555,1.871775379388305,2.1421406187166525,1,1,1,5.228130763110046,0.2359
965,1428177,2.0,1.9268596301122398,0.04066121415007875,1.8471651148104151,2.0065541454140647,1.934429312157627,0.07690473583374886,1.7788748012788775,2.0899838230363765,1.934429312157627,0.07521965550629095,1.7817252931540462,2.087133331161208,1,1,1,3.422173271760112,0.1815
966,1429177,2.0,2.004577730216797,0.031304354230988755,1.943222323364775,2.065933137068819,2.0081479951085868,0.056568323707572955,1.8937277603835787,2.1225682298335946,2.0081479951085868,0.053786101390254866,1.8989564042465537,2.11733958597062,1,1,1,2.9520970708566106,0.2635
967,1430177,2.0,2.027804334932692,0.03138316074633745,1.9662944701488394,2.0893141997165445,2.028174262841972,0.06831687992468251,1.8899903301330752,2.166358195550869,2.028174262841972,0.07020756888037999,1.8856453206347306,2.1707032050492137,1,1,1,5.0046591765619075,0.1827
968,1431177,2.0,2.0093972180333974,0.03133596897197551,1.9479798474276608,2.0708145886391343,2.0033995255971204,0.07917004610212479,1.8432629922074608,2.16353605898678,2.0033995255971204,0.07911939474005127,1.8427786150569738,2.164020436137267,1,1,1,6.374992167341964,0.2448
969,1432177,2.0,1.8668860171235027,0.035078247281519016,1.7981339158109353,1.93563811843607,1.8674891400350049,0.07212371169170075,1.7216051632768528,2.013373116793157,1.8674891400350049,0.07163740511128128,1.7220574759593112,2.0129208041106987,0,1,1,4.1706516936228395,0.1808
970,1433177,2.0,1.951268491081272,0.03665665287236654,1.879422771657647,2.023114210504897,1.9345710422589542,0.0808863221433395,1.770963012904453,2.098179071613455,1.9345710422589542,0.08197319844417089,1.768156602193404,2.100985482324504,1,1,1,5.000784591902096,0.2048
971,1434177,2.0,2.0362330572080043,0.03466161509841534,1.9682975399691205,2.1041685744468883,2.055452127731319,0.0861626426061735,1.8811717328854396,2.2297325225771987,2.055452127731319,0.08668581903615452,1.8794705592391474,2.231433696223491,1,1,1,6.25458534867591,0.2165
972,1435177,2.0,1.9346218703478977,0.035081781593462355,1.8658628419112113,2.003380898784584,1.918495654591919,0.07054667537203194,1.775801534878129,2.061189774305709,1.918495654591919,0.0706241061399496,1.7751210967916136,2.061870212392224,1,1,1,4.052683119154459,0.2644
973,1436177,2.0,2.0625829968000624,0.030739809751426025,2.002334076795654,2.1228319168044707,2.0447420429531253,0.05551880541553653,1.932444659347832,2.157039426558419,2.0447420429531253,0.05591216062905275,1.9312343223744788,2.158249763531772,0,1,1,3.3083404857954872,0.1904
974,1437177,2.0,2.0871838421241744,0.02934454972320831,2.0296695815241415,2.1446981027242074,2.1006809138105957,0.07499094144920124,1.948997417456288,2.2523644101649034,2.1006809138105957,0.070065622270642,1.9584401385411716,2.2429216890800197,0,1,1,5.70105285126789,0.2181
975,1438177,2.0,1.9447954572014523,0.04783567001559499,1.8510392667945434,2.038551647608361,1.95877561223939,0.0988351081831748,1.7588627363364315,2.1586884881423485,1.95877561223939,0.0940122865782306,1.7679205239039808,2.149630700574799,1,1,1,3.862473465155507,0.2427
976,1439177,2.0,1.9513869344019112,0.03013436265919111,1.8923246688928281,2.0104491999109944,1.955218413033681,0.06778286742304632,1.8181146225630296,2.0923222035043323,1.955218413033681,0.06777254809296768,1.8176328258324197,2.0928040002349424,1,1,1,5.05805570158906,0.2034
977,1440177,2.0,2.091205301000092,0.027827161460068722,2.036665066746376,2.1457455352538077,2.081255888319993,0.07148731658692041,1.936659142161836,2.2258526344781506,2.081255888319993,0.06793351768225948,1.9433435154793033,2.219168261160683,0,1,1,5.959782232754812,0.2315
978,1441177,2.0,1.9034750042266149,0.03223744650262885,1.8402907701279256,1.966659238325304,1.9132454986834506,0.0711356546500387,1.7693600559319467,2.057130941434955,1.9132454986834506,0.0707651827214234,1.7695845401966048,2.0569064571702964,0,1,1,4.818568041417605,0.1918
979,1442177,2.0,1.9899715802709976,0.025858376852307824,1.93929009294181,2.0406530676001853,1.9929353999089479,0.06346781869965558,1.864559619310615,2.1213111805072806,1.9929353999089479,0.06468059298891907,1.8616268152782098,2.124243984539686,1,1,1,6.256701918095469,0.2334
980,1443177,2.0,1.8695053401385089,0.031051550791243766,1.8086454189235548,1.930365261353463,1.8655408088424017,0.0698783318161176,1.7241985415706247,2.0068830761141787,1.8655408088424017,0.07174594492993903,1.71988879722032,2.0111928204644833,0,1,1,5.338609194461745,0.1874
981,1444177,2.0,2.003713396752787,0.02881585526108387,1.9472353582573434,2.0601914352482305,2.0047662314409687,0.06274893094323421,1.877844538580075,2.131687924301862,2.0047662314409687,0.06313340890308054,1.876598597489354,2.1329338653925833,1,1,1,4.800157102328316,0.219
982,1445177,2.0,1.9292601871920898,0.02954451436276403,1.871354003100346,1.9871663712838337,1.9306251564570964,0.0606737242937203,1.8079009652433746,2.0533493476708182,1.9306251564570964,0.060487828261820344,1.8078283367401298,2.053421976174063,0,1,1,4.191623559161936,0.2206
983,1446177,2.0,2.063521409681246,0.03732815515447216,1.9903595699691574,2.1366832493933345,2.0850811157279403,0.07551734653253414,1.932332864591314,2.237829366864567,2.0850811157279403,0.07504500272302085,1.9327316607243672,2.2374305707315134,1,1,1,4.041759820301022,0.1953
984,1447177,2.0,2.0984930193451623,0.03896841629055578,2.022116326881109,2.1748697118092157,2.099120188633421,0.08935008497715537,1.9183925830456159,2.2798477942212263,2.099120188633421,0.08969229055084693,1.9170351584832133,2.2812052187836285,0,1,1,5.297667757796488,0.2012
985,1448177,2.0,2.0299716930785303,0.031247814029044398,1.9687271029859978,2.091216283171063,2.00585943194633,0.06385542475467643,1.8766996440999553,2.1350192197927043,2.00585943194633,0.05797966620598731,1.8881544519042466,2.123564411988413,1,1,1,3.442802732626015,0.2298
986,1449177,2.0,1.9543931348461772,0.03328044906740166,1.8891646532847504,2.019621616407604,1.9530347620283472,0.08138160921607591,1.7884249200090105,2.117644604047684,1.9530347620283472,0.08238645990489693,1.785781356594937,2.1202881674617573,1,1,1,6.128205612283328,0.1893
987,1450177,2.0,1.8756728659926516,0.03097219593222818,1.8149684774433663,1.9363772545419369,1.8793004651491159,0.0819025332004065,1.7136369549166444,2.0449639753815876,1.8793004651491159,0.0750257031594342,1.7269901903425917,2.03161073995564,0,1,1,5.8678114860678585,0.2189
988,1451177,2.0,1.9583878974370041,0.037621853635789036,1.8846504192792204,2.032125375594788,1.9648853520869638,0.08832749103306384,1.7862261379847573,2.1435445661891706,1.9648853520869638,0.09099397553951173,1.7801577609211834,2.149612943252744,1,1,1,5.849852295993736,0.2006
989,1452177,2.0,1.8740630877103046,0.03218066497395643,1.8109901433628004,1.9371360320578088,1.8625615181150543,0.0635637430060303,1.7339917122932067,1.991131323936902,1.8625615181150543,0.0618178343395076,1.7370646425151537,1.988058393714955,0,0,0,3.690094980349796,0.2444
990,1453177,2.0,1.9781054460477807,0.03327991219360432,1.9128780167396608,2.0433328753559006,1.9851589033701942,0.07131524511111957,1.8409102046237367,2.1294076021166517,1.9851589033701942,0.07127605736870703,1.8404608142115557,2.1298569925288326,1,1,1,4.586939308907803,0.1925
991,1454177,2.0,1.9381534175815713,0.03216786538947469,1.8751055599586683,2.0012012752044743,1.953146048202748,0.057309310355413444,1.8372270265132846,2.0690650698922117,1.953146048202748,0.05372582967101294,1.8440768154357972,2.0622152809696987,1,1,1,2.789470521855855,0.1947
992,1455177,2.0,2.0270680051251277,0.031224027233040786,1.96587003629607,2.0882659739541856,2.029694509026824,0.07515336341846084,1.8776824832300805,2.1817065348235674,2.029694509026824,0.07704485091179218,1.873285146359929,2.1861038716937187,1,1,1,6.088487294640887,0.1701
993,1456177,2.0,2.036406195341401,0.03439781149333156,1.9689877236674733,2.103824667015329,2.05003099061652,0.06435897661906287,1.9198526729862833,2.1802093082467566,2.05003099061652,0.06460062553704744,1.9188847485438285,2.1811772326892114,1,1,1,3.5270516735743938,0.2532
994,1457177,2.0,1.9442623813378672,0.03210822974215182,1.8813314074359118,2.0071933552398225,1.9373724328558266,0.06686662946071122,1.8021219085921836,2.07262295711947,1.9373724328558266,0.068822077436964,1.797656187812387,2.0770886778992663,1,1,1,4.594336833153794,0.2038
995,1458177,2.0,2.0252045180853036,0.03053172587606816,1.9653634349823603,2.0850456011882468,2.032049936453036,0.0812173034026311,1.8677724343106636,2.196327438595409,2.032049936453036,0.0827202373817909,1.8641189267175122,2.1999809461885604,1,1,1,7.340418736915865,0.1849
996,1459177,2.0,2.0712462152567546,0.02754489397756425,2.0172592151027544,2.1252332154107547,2.055451458823617,0.059524679745304655,1.9350514295846932,2.175851488062541,2.055451458823617,0.055820946469335025,1.942128912833782,2.168774004813452,0,1,1,4.106881591652252,0.2015
997,1460177,2.0,1.890970369285328,0.030358920130370882,1.831467979220273,1.9504727593503828,1.8934193842548184,0.06955241217211669,1.7527363516876238,2.034102416822013,1.8934193842548184,0.07013832585076431,1.7510310128709758,2.035807755638661,0,1,1,5.337503238828297,0.224
998,1461177,2.0,2.0475764239353564,0.03105060721305028,1.9867183520996783,2.108434495771035,2.0578584345653304,0.07143663246184068,1.913364206726762,2.2023526624038987,2.0578584345653304,0.06751646334384916,1.9207927270435585,2.194924142087102,1,1,1,4.728018584042949,0.2287
999,1462177,2.0,1.977801808227438,0.031221447064462175,1.9166088964358683,2.0389947200190077,1.9641180227261539,0.0658683338538422,1.8308867419220374,2.0973493035302706,1.9641180227261539,0.06623412475220723,1.8296556009459757,2.098580444506332,1,1,1,4.500466645474386,0.2013
1000,1463177,2.0,2.018490276793921,0.03603676762045396,1.947859510138592,2.08912104344925,2.0296240005616077,0.06940472518495515,1.8892396931223523,2.170008308000863,2.0296240005616077,0.0712545575886072,1.8849695582770056,2.1742784428462096,1,1,1,3.9096118048265462,0.177
1001,1464177,2.0,1.9363865460883263,0.03458973757034952,1.8685919062157492,2.0041811859609036,1.9485567956997236,0.07727849624061794,1.7922462830397308,2.1048673083597165,1.9485567956997236,0.06963474574230602,1.8071907462865715,2.0899228451128757,1,1,1,4.052821293617264,0.2114
1002,1465177,2.0,1.9206469209403907,0.02995265497494145,1.8619407959481509,1.9793530459326305,1.9231190136709335,0.0610995643634362,1.7995334796148095,2.0467045477270576,1.9231190136709335,0.05809568880836621,1.8051784952239045,2.0410595321179623,0,1,1,3.761985893798329,0.2246
1003,1466177,2.0,1.9975190046739315,0.03588236813937424,1.9271908554407504,2.0678471539071124,2.007938082588969,0.07247225986419416,1.8613491006071192,2.154527064570819,2.007938082588969,0.07410082689119435,1.8575054064272494,2.158370758750689,1,1,1,4.264655096794438,0.2656
1004,1467177,2.0,1.924545920021172,0.03179682655133202,1.8622252851578944,1.9868665548844497,1.9252170570908727,0.07120326989773255,1.7811948495918022,2.069239264589943,1.9252170570908727,0.07186650038974486,1.7793203048740454,2.0711138093077,0,1,1,5.108406375641336,0.1941
1005,1468177,2.0,1.9994114068646622,0.03682018527870183,1.9272451698143147,2.0715776439150098,2.0037678607739777,0.06712804860161518,1.8679885663877043,2.139547155160251,2.0037678607739777,0.06796509316155243,1.865791386302437,2.1417443352455185,1,1,1,3.4072177849242813,0.216
1006,1469177,2.0,1.9404114440380276,0.03191831995279782,1.8778526864835177,2.0029702015925377,1.9453630639932245,0.06034068033576975,1.8233125177692222,2.0674136102172267,1.9453630639932245,0.05842891096484178,1.8267460686044659,2.0639800593819833,1,1,1,3.3510085490050385,0.2533
1007,1470177,2.0,1.8744027623765434,0.038631717713454264,1.798685986997255,1.9501195377558318,1.890021000130935,0.07121190744444444,1.745981321544559,2.034060678717311,1.890021000130935,0.062225122762024715,1.7636972850753978,2.0163447151864724,0,1,1,2.5944391323567153,0.2335
1008,1471177,2.0,1.9787586998900983,0.03316344293110614,1.913759546141781,2.0437578536384158,1.975197497565441,0.06472297473414305,1.844282924252921,2.106112070877961,1.975197497565441,0.061833451943042184,1.8496689165447844,2.1007260785860975,1,1,1,3.476384155216569,0.2284
1009,1472177,2.0,2.034862620437406,0.036590333770923356,1.9631468840640964,2.1065783568107155,2.0455646525940794,0.06845426160686363,1.9071028392040552,2.1840264659841035,2.0455646525940794,0.06841960233234551,1.9066654754514492,2.1844638297367096,1,1,1,3.496458268756258,0.2485
1010,1473177,2.0,1.9724636316285928,0.03324479112175744,1.9073050383563914,2.0376222249007943,1.946449628457438,0.05800701012378843,1.8291193757815707,2.0637798811333052,1.946449628457438,0.056915069722661214,1.8309058941765424,2.0619933627383333,1,1,1,2.9309426942694423,0.2041
1011,1474177,2.0,2.0582484773186653,0.031010595907654478,1.9974688262005373,2.1190281284367933,2.046284263486584,0.0767098287303858,1.8911239894360576,2.2014445375371103,2.046284263486584,0.07779545817286407,1.888351087067985,2.2042174399051833,1,1,1,6.293442406032924,0.2286
1012,1475177,2.0,1.928063170377807,0.029868858132925693,1.8695212841779365,1.9866050565776776,1.9334059793449763,0.05377311771158769,1.82463958240768,2.0421723762822728,1.9334059793449763,0.054475677622555174,1.8228144743066172,2.0439974843833353,0,1,1,3.3263507512336776,0.1997
1013,1476177,2.0,1.8912371639899654,0.03157807591517862,1.8293452724951436,1.9531290554847873,1.9104211496443795,0.06275396857987822,1.7834892672015876,2.037353032087171,1.9104211496443795,0.057803215743972645,1.7930743830841755,2.027767916204583,0,1,1,3.350677822283524,0.2678
1014,1477177,2.0,1.9775136602892731,0.033503405064904325,1.911848193002604,2.0431791275759426,1.9536244229791118,0.061644444684885426,1.8289367644442858,2.0783120815139378,1.9536244229791118,0.05832754426541357,1.835213212930523,2.0720356330277006,1,1,1,3.0308852044696657,0.245
1015,1478177,2.0,2.0233303882343567,0.030444384688202344,1.9636604907139974,2.083000285754716,2.00813150824722,0.06831093768178985,1.8699595948590666,2.1463034216353734,2.00813150824722,0.06688637174194598,1.8723449546819957,2.1439180618124443,1,1,1,4.82681745506557,0.1728
1016,1479177,2.0,1.9771195657090153,0.060217092407960054,1.8590962333356933,2.0951428980823374,1.9547681154508365,0.08664109985494582,1.7795199494722393,2.130016281429434,1.9547681154508365,0.0809716976426582,1.7903868301025865,2.1191494007990865,1,1,1,1.808118651189183,0.1653
1017,1480177,2.0,1.8819018092279827,0.029630706711167847,1.8238266912376244,1.939976927218341,1.8818977964958292,0.06865369561054203,1.7430325897574184,2.02076300323424,1.8818977964958292,0.06540959606460155,1.7491092569414293,2.014686336050229,0,1,1,4.8730280888382165,0.2364
1018,1481177,2.0,1.9267870151980377,0.031155888238700514,1.8657225963438298,1.9878514340522457,1.9332954614245654,0.06923178597320635,1.7932609565586326,2.0733299662904985,1.9332954614245654,0.07016754877740154,1.79084776434567,2.075743158503461,0,1,1,5.072152888185939,0.177
1019,1482177,2.0,2.0272329676110226,0.034379106360268134,1.9598511573242252,2.09461477789782,2.0126744842981554,0.08387427241921903,1.8430227550511113,2.1823262135451995,2.0126744842981554,0.08439681918540172,1.8413398325507608,2.18400913604555,1,1,1,6.026469884284996,0.203
1020,1483177,2.0,2.162006202498393,0.03314940855495708,2.0970345556218732,2.226977849374913,2.170951826466958,0.07583428926345494,2.0175624981463267,2.3243411547875894,2.170951826466958,0.07643304757208534,2.015784490610532,2.326119162323384,0,0,0,5.316315961285019,0.1477
1021,1484177,2.0,1.9750133110294905,0.031209027641680608,1.9138447408592816,2.0361818811996995,1.9625819100301953,0.05800221886814903,1.8452613485836054,2.0799024714767853,1.9625819100301953,0.05369342811540992,1.8535784559181618,2.071585364142229,1,1,1,2.959932382187922,0.2039
1022,1485177,2.0,1.9145559472811953,0.03540722584953491,1.8451590598236312,1.9839528347387594,1.9355160342664541,0.09822140929580007,1.736844481530625,2.134187587002283,1.9355160342664541,0.08958257514575685,1.753653738229971,2.117378330302937,0,1,1,6.401227800477682,0.2344
1023,1486177,2.0,2.1543911541274623,0.031019995988280088,2.0935930791898563,2.2151892290650683,2.1682125813669764,0.05582531589335224,2.055295221801309,2.2811299409326438,2.1682125813669764,0.05124588537054124,2.0641779031860326,2.27224725954792,0,0,0,2.7291947487051926,0.1861
1024,1487177,2.0,2.0391106919922652,0.03503238761940302,1.9704484739657884,2.107772910018742,2.056778509654092,0.06886544458242222,1.9174850001929316,2.196072019115252,2.056778509654092,0.06690277279496579,1.9209586601811004,2.192598359127083,1,1,1,3.6471091421988446,0.1995
1025,1488177,2.0,2.066465440126817,0.03433495377749618,1.9991701673120772,2.133760712941557,2.0500654672629395,0.083898355044204,1.8803650263090077,2.2197659082168713,2.0500654672629395,0.08468692585181654,1.8781418676720179,2.2219890668538613,1,1,1,6.083588107582146,0.237
1026,1489177,2.0,2.022158750752438,0.030709984085461158,1.961968287979136,2.0823492135257404,2.024131822926283,0.07032296822747026,1.8818901936225452,2.1663734522300206,2.024131822926283,0.07155937814315685,1.8788585620171958,2.16940508383537,1,1,1,5.429676223001103,0.2027
1027,1490177,2.0,1.8258121599439,0.03325791748377473,1.7606278394748964,1.8909964804129034,1.832950714368889,0.07806314719310763,1.6750530953518972,1.9908483333858809,1.832950714368889,0.07651190026662714,1.6776232990321098,1.9882781297056682,0,0,0,5.292585391929521,0.1719
1028,1491177,2.0,2.046931292639655,0.03602072447676678,1.9763319699681516,2.1175306153111584,2.0471980737813293,0.09253247341801608,1.8600334799901652,2.2343626675724932,2.0471980737813293,0.09057973780568286,1.8633114299231752,2.2310847176394835,1,1,1,6.323495758358829,0.2504
1029,1492177,2.0,2.047441206976535,0.03082431900328374,1.9870266518821253,2.107855762070945,2.0518394921480874,0.07185514779533435,1.9064987371445652,2.1971802471516098,2.0518394921480874,0.07139500814912664,1.9068999200670476,2.196779064229127,1,1,1,5.364740431772645,0.2276
1030,1493177,2.0,2.0678201952666964,0.036048252519117245,1.9971669186236212,2.1384734719097716,2.0491516649389934,0.07150331611894113,1.904522556672693,2.193780773205294,2.0491516649389934,0.06931279459938934,1.9084392110935855,2.189864118784401,1,1,1,3.6970760605381376,0.1992
1031,1494177,2.0,1.9811826905238406,0.04107982406712775,1.9006677148610285,2.0616976661866526,1.9735718909722295,0.07295201738873117,1.8260125078016791,2.1211312741427797,1.9735718909722295,0.07418576750705455,1.8229667761928214,2.124177005751638,1,1,1,3.2612495962910106,0.1771
1032,1495177,2.0,2.064346912528501,0.032620283238655505,2.000412332215241,2.1282814928417615,2.072111030037999,0.08759653136390402,1.8949303214215147,2.249291738654483,2.072111030037999,0.08191152283374441,1.9058217981181553,2.2384002619578425,0,1,1,6.305427620411583,0.1801
1033,1496177,2.0,1.9818390978957314,0.03353586491981175,1.9161100104625002,2.047568185328963,1.9680925266424678,0.06657813156762987,1.83342554444761,2.1027595088373254,1.9680925266424678,0.06626072123184432,1.8335761111381148,2.1026089421468206,1,1,1,3.9038515464916963,0.2432
1034,1497177,2.0,2.0183423612646365,0.03087028308480709,1.9578377182258586,2.0788470043034146,2.0174878395995917,0.0557664364208568,1.9046895750083173,2.130286104190866,2.0174878395995917,0.0553638159665069,1.9050933178677931,2.1298823613313904,1,1,1,3.216405592829031,0.196
1035,1498177,2.0,1.976446274061456,0.0298278251970786,1.9179848109380255,2.0349077371848865,1.997619864799838,0.06115198238823779,1.8739283052809015,2.1213114243187743,1.997619864799838,0.055214126298802506,1.8855292292492234,2.109710500350453,1,1,1,3.4265512363631205,0.2156
1036,1499177,2.0,2.007764399432656,0.037040220220408766,1.9351669018212228,2.0803618970440896,2.015091259577483,0.0847298034038058,1.8437090555761053,2.186473463578861,2.015091259577483,0.08181381878348343,1.8490003774246966,2.1811821417302695,1,1,1,4.8787235390233175,0.2192
1037,1500177,2.0,2.090194923601956,0.033410055296482694,2.0247124184993583,2.155677428704554,2.104933316341875,0.06099215789291982,1.9815650323784175,2.228301600305332,2.104933316341875,0.06196963182215063,1.979128275468972,2.2307383572147774,0,1,1,3.44035646150777,0.2195
1038,1501177,2.0,2.007041373670963,0.034096210401981915,1.9402140292737786,2.0738687180681477,2.0051841731189186,0.07990465720648719,1.843561748518707,2.16680659771913,2.0051841731189186,0.08212096334312784,1.838469754360479,2.1718985918773583,1,1,1,5.80090623980398,0.1749
1039,1502177,2.0,2.049239091733622,0.03252885125800014,1.9854837148094813,2.112994468657763,2.0406446362826185,0.08249733017425628,1.8737780356118756,2.207511236953361,2.0406446362826185,0.08056184777359218,1.877095390402952,2.204193882162285,1,1,1,6.133683804914199,0.1792
1040,1503177,2.0,2.113086957549659,0.03539050005984614,2.043722852037498,2.18245106306182,2.1161484760163742,0.08177350489222064,1.950745950171298,2.2815510018614504,2.1161484760163742,0.08335935746162355,1.946919983539678,2.2853769684930705,0,1,1,5.547985514431477,0.2385
1041,1504177,2.0,2.0373664247681402,0.04226925842003279,1.9545202006116595,2.120212648924621,2.0221663322818095,0.08023260912514044,1.8598805623135295,2.1844521022500896,2.0221663322818095,0.07410345208206595,1.8717283266992881,2.172604337864331,1,1,1,3.0734604061736075,0.2223
1042,1505177,2.0,2.0843088806704033,0.04322818323278364,1.9995831984170491,2.1690345629237573,2.0679461396308225,0.07334456618693189,1.9195927515704803,2.216299527691165,2.0679461396308225,0.07125039588369875,1.9233001460563501,2.2125921332052947,1,1,1,2.7166932027573294,0.1921
1043,1506177,2.0,1.9842300636013863,0.031337355969804734,1.9228099745298577,2.045650152672915,1.9774152700195369,0.06987046841695647,1.8360889079738438,2.11874163206523,1.9774152700195369,0.06887136194886807,1.8375989720977408,2.117231567941333,1,1,1,4.830061281496919,0.2131
1044,1507177,2.0,2.032177527016863,0.028817100678308973,1.9756970475485125,2.0886580064852134,2.018572990457269,0.06266177349074832,1.8918275901841322,2.145318390730406,2.018572990457269,0.06378866331233066,1.8890751193344146,2.148070861580123,1,1,1,4.899891186846495,0.2067
1045,1508177,2.0,2.0218830997853705,0.0413159546602046,1.9409053166644796,2.102860882906261,2.0024149114402516,0.06869708887220888,1.8634619335454763,2.1413678893350268,2.0024149114402516,0.06883011188357846,1.862682355603041,2.1421474672774625,1,1,1,2.775373049245673,0.1965
1046,1509177,2.0,2.0808085171762927,0.044960678083520764,1.9926872074120927,2.168929826940493,2.092784111502306,0.08732484794191506,1.9161529344766037,2.2694152885280086,2.092784111502306,0.08288607985476829,1.92451642364755,2.261051799357062,1,1,1,3.398579980144958,0.1832
1047,1510177,2.0,1.8496791344447705,0.03471900248517534,1.7816311399946703,1.9177271288948707,1.8464589557032303,0.052984786990859324,1.7392871081567371,1.9536308032497234,1.8464589557032303,0.05219007567958143,1.7405074692901266,1.952410442116334,0,0,0,2.259651037638481,0.2165
1048,1511177,2.0,2.1108170958229358,0.030874996892543527,2.050303213890764,2.1713309777551073,2.1131370254905186,0.07353657477650748,1.9643952633994726,2.2618787875815647,2.1131370254905186,0.07432084049512273,1.962257697967141,2.2640163530138966,0,1,1,5.794385425111285,0.2502
1049,1512177,2.0,1.8971334457313005,0.03459747103449137,1.8293236485475297,1.9649432429150713,1.9116463864753936,0.08627812307051133,1.7371324103428563,2.0861603626079313,1.9116463864753936,0.08861389630483205,1.7317506130338003,2.0915421599169868,0,1,1,6.560167926346774,0.1907
1050,1513177,2.0,2.144324867588222,0.029609326886077723,2.086291653285036,2.2023580818914077,2.1479012540563325,0.06128396342406236,2.0239427376946164,2.2718597704180485,2.1479012540563325,0.05871907571392816,2.0286951929099546,2.2671073152027104,0,0,0,3.932795392500341,0.2129
1051,1514177,2.0,2.0270799203439513,0.030630926071488887,1.9670444084307241,2.0871154322571783,2.0227743588843485,0.07043478262887229,1.8803065636061655,2.1652421541625313,2.0227743588843485,0.07106869579823347,1.878497236093943,2.167051481674754,1,1,1,5.383149449378205,0.1528
1052,1515177,2.0,2.0744837783528634,0.03665945849511098,2.002632560009705,2.1463349966960217,2.069928946000318,0.08194801837191527,1.9041734333244393,2.2356844586761966,2.069928946000318,0.08092576415463244,1.9056409105902814,2.2342169814103547,0,1,1,4.873057397323887,0.2157
1053,1516177,2.0,2.1505697758077926,0.02986644426238459,2.0920326207072457,2.2091069309083395,2.1545149965968795,0.061245742434810256,2.030633789483079,2.27839620371068,2.1545149965968795,0.06053021769590045,2.031632121753713,2.277397871440046,0,0,0,4.107498654509245,0.1786
1054,1517177,2.0,2.0143514536698395,0.03019460357619999,1.9551711181330231,2.0735317892066556,2.0350430800046553,0.07143348832978304,1.8905552117734512,2.1795309482358594,2.0350430800046553,0.07000688374418583,1.8929215502834835,2.177164609725827,1,1,1,5.375549036193825,0.2366
1055,1518177,2.0,1.9934882155733975,0.029014270275492755,1.9366212907957208,2.0503551403510745,1.9848624760144793,0.055250388861456376,1.8731080161359113,2.096616935893047,1.9848624760144793,0.05023526613329954,1.882879463959502,2.0868454880694567,1,1,1,2.9977410163993907,0.1566
1056,1519177,2.0,1.9050874882723376,0.03143555776774331,1.8434749272136324,1.966700049331043,1.9216216088095495,0.0796168671397147,1.7605812945642754,2.0826619230548236,1.9216216088095495,0.08003539881456384,1.7591411111354254,2.0841021064836736,0,1,1,6.482191927404874,0.1909
1057,1520177,2.0,1.9657374465172275,0.03155582618366576,1.9038891636948365,2.0275857293396182,1.972206147897874,0.07289126712737909,1.8247696437293504,2.1196426520663976,1.972206147897874,0.07468491567616843,1.8205877084629762,2.1238245873327717,1,1,1,5.601530171579094,0.2154
1058,1521177,2.0,1.9869766535359128,0.030039372248502675,1.9281005658106556,2.0458527412611702,1.9930646104559333,0.06459323305966877,1.862412464450323,2.1237167564615436,1.9930646104559333,0.06530817496011179,1.8604819666898498,2.1256472542220166,1,1,1,4.726649400671662,0.2371
1059,1522177,2.0,2.0971950746580075,0.03618118269553079,2.0262812596567032,2.1681088896593117,2.0882011737835433,0.07240910144425508,1.9417399417642278,2.2346624058028586,2.0882011737835433,0.07104066984369707,1.9439809467056388,2.2324214008614476,0,1,1,3.85521477263888,0.201
1060,1523177,2.0,1.994556799119478,0.03717202938570333,1.921700960291235,2.067412637947721,2.0046814920032756,0.06214260939297667,1.8789862002367106,2.1303767837698406,2.0046814920032756,0.06091099439248948,1.8810255993694707,2.1283373846370806,1,1,1,2.685089928115711,0.1809
1061,1524177,2.0,2.0359821805545644,0.030776781106712423,1.9756607980253353,2.0963035630837936,2.022150203396236,0.054604501301690686,1.911702174420171,2.1325982323723016,2.022150203396236,0.05520508321909617,1.910077926273429,2.134222480519043,1,1,1,3.2174495537875,0.2574
1062,1525177,2.0,1.9392165296757657,0.034370982967678744,1.8718506409458757,2.0065824184056558,1.9405791542182071,0.07865322352797777,1.7814879931565448,2.0996703152798695,1.9405791542182071,0.07062560491736478,1.7972015537379886,2.0839567546984257,1,1,1,4.222216086496409,0.1825
1063,1526177,2.0,2.0180961398975112,0.030466837665950045,1.9583822353494207,2.077810044445602,2.029932736989233,0.06320378624997136,1.9020910124294714,2.157774461548994,2.029932736989233,0.06164570849013179,1.9047852954408069,2.1550801785376588,1,1,1,4.094029233376899,0.2187
1064,1527177,2.0,1.993011069208194,0.03952199661298324,1.9155493792496328,2.070472759166755,1.9729793363224697,0.07931742488149342,1.812544701213975,2.133413971430964,1.9729793363224697,0.08002073534804682,1.8105286070679774,2.135430065576962,1,1,1,4.099466320498797,0.2118
1065,1528177,2.0,1.9764908795715368,0.031463536334563134,1.9148234815295258,2.038158277613548,1.9796146666174248,0.08134408747993445,1.8150807194730856,2.144148613761764,1.9796146666174248,0.08331030144286787,1.8104857631533329,2.1487435700815167,1,1,1,7.01103838608349,0.1952
1066,1529177,2.0,1.9751691864323657,0.03804707577938595,1.900598288187703,2.0497400846770284,1.9795473993355657,0.09091972607459779,1.7956448949522472,2.163449903718884,1.9795473993355657,0.09350279241401954,1.7897266391423186,2.169368159528813,1,1,1,6.039578011591979,0.1895
1067,1530177,2.0,2.001205161671496,0.040843796101816224,1.9211527923200387,2.081257531022953,2.0029409722063027,0.07525458468324017,1.8507242070763754,2.1551577373362303,2.0029409722063027,0.07306510734645874,1.8546109185037944,2.151271025908811,1,1,1,3.20013171889619,0.1922
1068,1531177,2.0,2.05952082857045,0.0329882828351934,1.9948649823016502,2.12417667483925,2.0655120730948253,0.07601800205087113,1.9117511505871925,2.2192729956024584,2.0655120730948253,0.07740970859367413,1.9083620099552587,2.222662136234392,1,1,1,5.506446781358584,0.211
1069,1532177,2.0,2.0477379223229,0.03615582497093202,1.9768738075485393,2.1186020370972605,2.051448968755262,0.08352553557345783,1.8825026263596214,2.2203953111509027,2.051448968755262,0.08621850563599241,1.876416096901737,2.226481840608787,1,1,1,5.686491992006539,0.2015
1070,1533177,2.0,2.019338971535065,0.028685736424711606,1.9631159612726217,2.0755619817975086,2.007628686393094,0.0631120744829737,1.8799724663916992,2.1352849063944888,2.007628686393094,0.05333526127869009,1.8993523496159217,2.1159050231702663,1,1,1,3.4569798379933343,0.2221
1071,1534177,2.0,2.067410965213446,0.03259823401197812,2.00351960059036,2.1313023298365317,2.0886767138295084,0.081557896449805,1.9237102972231894,2.2536431304358273,2.0886767138295084,0.07461247089305209,1.9372053451231754,2.2401480825358413,0,1,1,5.238834740235794,0.1901
1072,1535177,2.0,1.9918759878445693,0.03222245436241754,1.9287211378007454,2.0550308378883932,1.9858557301978348,0.06825615746892566,1.8477946202488396,2.12391684014683,1.9858557301978348,0.06764048798268729,1.8485382392734593,2.1231732211222103,1,1,1,4.406524911480105,0.2228
1073,1536177,2.0,2.1026703975077754,0.032575034113045756,2.038824503851042,2.1665162911645086,2.1185802525931994,0.07856607390469135,1.9596653682832432,2.2774951369031555,2.1185802525931994,0.07924076982011047,1.9577129375407327,2.2794475676456663,0,1,1,5.917354850222333,0.216
1074,1537177,2.0,2.0082408974824464,0.028829514471387395,1.9517360874267509,2.064745707538142,1.9908450461310974,0.06297982523982977,1.8634563254729917,2.118233766789203,1.9908450461310974,0.06112091919058955,1.866762983500333,2.1149271087618615,1,1,1,4.494745405713201,0.1868
1075,1538177,2.0,2.1178879829865735,0.0278501153268955,2.0633027599805716,2.1724732059925755,2.1081199556035815,0.0667042460137291,1.9731978828637133,2.2430420283434493,2.1081199556035815,0.0667323028750109,1.9726461784666187,2.2435937327405444,0,1,1,5.741405601065312,0.1838
1076,1539177,2.0,2.081940584561905,0.03637997320117577,2.010637147329068,2.153244021794742,2.0989152493925216,0.07579703782103152,1.9456012692262383,2.252229229558805,2.0989152493925216,0.07396364698442168,1.9487610632471377,2.2490694355379057,0,1,1,4.133442348177972,0.215
1077,1540177,2.0,2.071541683672221,0.030399647516341517,2.011959469397479,2.1311238979469627,2.0839009645978512,0.055777720262930215,1.971079876281672,2.1967220529140308,2.0839009645978512,0.0564106510929283,1.9693812545763336,2.198420674619369,0,1,1,3.4433813965429594,0.218
1078,1541177,2.0,1.9672495500683367,0.030211346878255017,1.9080363982625101,2.026462701874163,1.9590173056858085,0.07307494813542274,1.8112092716101316,2.1068253397614853,1.9590173056858085,0.0740316125389943,1.8087251421292387,2.1093094692423784,1,1,1,6.004740498680221,0.1754
1079,1542177,2.0,1.9776241478347119,0.0309423994024488,1.9169781594106585,2.038270136258765,1.9755755322809878,0.07044272683598779,1.8330916683272054,2.11805939623477,1.9755755322809878,0.0711903052148837,1.8310515292496907,2.120099535312285,1,1,1,5.293388072453078,0.2368
1080,1543177,2.0,2.071751074699649,0.028526392993813147,2.0158403718229394,2.1276617775763587,2.078180799361146,0.06455545235626549,1.9476050720412619,2.2087565266810296,2.078180799361146,0.06266675971902441,1.9509605136177952,2.2054010851044965,0,1,1,4.8259270965106085,0.3688
1081,1544177,2.0,2.0821573483937326,0.03478272128173142,2.0139844673972442,2.150330229390221,2.0835878127408005,0.060896922950429824,1.960412159630788,2.206763465850813,2.0835878127408005,0.061281379468036246,1.9591799984286224,2.207995627052979,0,1,1,3.104058891735909,0.1467
1082,1545177,2.0,1.949168869026511,0.03584958291491483,1.8789049776524955,2.0194327604005267,1.9593750655141604,0.07930062551588919,1.7989744103299359,2.1197757206983847,1.9593750655141604,0.07782715785254954,1.8013775353245087,2.117372595703812,1,1,1,4.712964050799449,0.2777
1083,1546177,2.0,1.9550215171146275,0.03156276894897844,1.8931596267222706,2.016883407506984,1.944982741355956,0.07713283186015202,1.7889668627157043,2.1009986199962074,1.944982741355956,0.07411733314655097,1.794516555714371,2.095448926997541,1,1,1,5.514287133588752,0.1526
1084,1547177,2.0,2.020219397031365,0.04018018059707407,1.9414676901687848,2.0989711038939456,2.013265881554937,0.07812001746133247,1.8552532315627868,2.1712785315470873,2.013265881554937,0.07359527047197235,1.8638595394880577,2.1626722236218163,1,1,1,3.354872676738484,0.2571
1085,1548177,2.0,2.0465359474037856,0.036604270018508855,1.974792896487129,2.1182789983204424,2.0437710114290066,0.08305709500611276,1.8757721795155118,2.2117698433425015,2.0437710114290066,0.08030669068698061,1.8807397619738193,2.206802260884194,1,1,1,4.813267058442845,0.1719
1086,1549177,2.0,1.9196816218260413,0.03236984582715608,1.8562378898197012,1.9831253538323814,1.9200633666698148,0.0770908083069685,1.764132488689015,2.0759942446506146,1.9200633666698148,0.07783991651889863,1.7620399350104539,2.0780867983291755,0,1,1,5.782604117733031,0.219
1087,1550177,2.0,2.0748800957478477,0.033203251445348886,2.0098029187453363,2.139957272750359,2.0720685912206958,0.07875737952206807,1.9127667547755196,2.231370427665872,2.0720685912206958,0.07791208455937515,1.9138986506501972,2.230238531791194,0,1,1,5.506154835182165,0.2283
1088,1551177,2.0,1.8957232088200944,0.029441129768617548,1.8380196548094339,1.953426762830755,1.9014246978209752,0.057019775361367646,1.7860913159350011,2.0167580797069493,1.9014246978209752,0.052910738290619735,1.7940101885276092,2.0088392071143413,0,1,1,3.229822829611031,0.1769
1089,1552177,2.0,1.8469422885216535,0.03344463849208154,1.7813920016012117,1.9124925754420954,1.8537638165524482,0.06798602897906052,1.7162490930471463,1.99127854005775,1.8537638165524482,0.0680601552197591,1.7155943558428663,1.99193327726203,0,0,0,4.141263441697095,0.2358
1090,1553177,2.0,1.9349952963021082,0.033225820484564614,1.8698738847955685,2.000116707808648,1.9084853886054514,0.0720421067477334,1.762766473426492,2.054204303784411,1.9084853886054514,0.06668859089536475,1.7731003515049277,2.043870425705975,1,1,1,4.028576856775971,0.1585
1091,1554177,2.0,1.9328894304471693,0.03424159515849719,1.8657771371633138,2.000001723731025,1.9477885584004153,0.06530868279080725,1.8156892787198884,2.0798878380809422,1.9477885584004153,0.06218421314753537,1.8215478942775947,2.074029222523236,1,1,1,3.2980125969527645,0.2062
1092,1555177,2.0,1.9978909145628725,0.030110170396893347,1.9388760650165975,2.0569057641091475,2.0138708902997475,0.06769151448012614,1.8769518785972594,2.1507899020022356,2.0138708902997475,0.06894445963261976,1.8739061961906305,2.153835584408865,1,1,1,5.242908973766228,0.1919
1093,1556177,2.0,1.8670094420883117,0.03395282293862269,1.8004631319551458,1.9335557522214775,1.8746246576483354,0.07780101225033532,1.7172572565999134,2.0319920586967575,1.8746246576483354,0.07862296028581738,1.7150115626295857,2.034237752667085,0,1,1,5.362249360597049,0.206
1094,1557177,2.0,1.9611132205465798,0.03742092942659087,1.8877695466024467,2.034456894490713,1.9551579640167127,0.06571064866611838,1.8222456316100293,2.088070296423396,1.9551579640167127,0.06736745216920743,1.818394765261979,2.0919211627714462,1,1,1,3.2409408553174233,0.1653
1095,1558177,2.0,2.0407643144683356,0.029611603998827198,1.982726637106172,2.098801991830499,2.0457521657160993,0.06691391062915436,1.9104060062623576,2.1810983251698413,2.0457521657160993,0.06641292604153984,1.9109267580208655,2.180577573411333,1,1,1,5.030154959447412,0.2411
1096,1559177,2.0,2.0900246265558535,0.026269669662037125,2.0385370201324964,2.1415122329792107,2.099588861057244,0.058988956322299085,1.9802724347216845,2.2189052873928032,2.099588861057244,0.05741391251823032,1.983032422062113,2.216145300052375,0,1,1,4.776668069490252,0.1813
1097,1560177,2.0,2.0244471744746355,0.03121291403309572,1.9632709871172231,2.085623361832048,2.0302111836932255,0.07162315413608548,1.885339680157772,2.175082687228679,2.0302111836932255,0.07157804620128218,1.8849000246113332,2.1755223427751176,1,1,1,5.258853190236175,0.2295
1098,1561177,2.0,1.9370582415995012,0.02990217866120808,1.8784510483642514,1.9956654348347511,1.934727471480866,0.05487083513231618,1.823740731483896,2.045714211477836,1.934727471480866,0.05624959456236066,1.8205347235989502,2.0489202193627816,0,1,1,3.5386134910404645,0.2404
1099,1562177,2.0,1.7626244807523672,0.0319732038524254,1.6999581527312562,1.8252908087734783,1.7507762113981402,0.06480866948095776,1.6196883040993435,1.881864118696937,1.7507762113981402,0.06581714165293429,1.6171603103137424,1.884392112482538,0,0,0,4.237461075382451,0.1737
1100,1563177,2.0,1.9625771369123772,0.03149200541056448,1.9008539405067304,2.024300333318024,1.981666951121366,0.07415963435348347,1.8316649320813287,2.131668970161403,1.981666951121366,0.07022827955587779,1.839095964007597,2.124237938235135,1,1,1,4.973056847609603,0.2124
1101,1564177,2.0,2.140413321952684,0.03624146334047618,2.069381359058322,2.2114452848470463,2.1541509267986587,0.07259836986657772,2.0073068632600615,2.300994990337256,2.1541509267986587,0.07206125820878748,2.0078587951893043,2.300443058408013,0,0,0,3.9535954778844418,0.1788
1102,1565177,2.0,1.9502535307069286,0.0301328043723261,1.8911943193839784,2.009312742029879,1.9500556025663167,0.06727839566607913,1.813972202537898,2.0861390025947353,1.9500556025663167,0.06420967275605263,1.8197030368338942,2.080408168298739,1,1,1,4.54068953981802,0.2188
1103,1566177,2.0,1.9759006080467152,0.03047365956048257,1.9161733328310346,2.0356278832623955,1.9797933308582412,0.06301641269001455,1.8523306050968595,2.107256056619623,1.9797933308582412,0.061879787505329076,1.854170683645226,2.1054159780712562,1,1,1,4.123332948551019,0.232
1104,1567177,2.0,2.026254103682149,0.03314646863541683,1.9612882189420453,2.091219988422252,2.0256910612704098,0.059113192521240136,1.9061233435033125,2.145258779037507,2.0256910612704098,0.061034450421743776,1.9017845395728252,2.1495975829679943,1,1,1,3.390592087737405,0.2562
1105,1568177,2.0,2.070234042516188,0.037268447590344075,1.997189227479395,2.143278857552981,2.0489995584564875,0.0803096558925249,1.8865579466914006,2.2114411702215744,2.0489995584564875,0.07924708444017814,1.8881194240437575,2.2098796928692175,1,1,1,4.521515052300679,0.1791
1106,1569177,2.0,2.019060973926708,0.0345501365731871,1.951343950582321,2.0867779972710947,2.020095632144296,0.06477546574548505,1.8890748857397512,2.1511163785488407,2.020095632144296,0.06516580842776144,1.8878020078042546,2.1523892564843377,1,1,1,3.5574601003928326,0.2037
1107,1570177,2.0,1.8602518019669065,0.030701602287130935,1.8000777672164574,1.9204258367173557,1.8791978889487961,0.074060741416134,1.7293958997551915,2.028999878142401,1.8791978889487961,0.07118902422965881,1.73467648645576,2.0237192914418323,0,1,1,5.37655381944825,0.251
1108,1571177,2.0,2.0603576702105935,0.030831809859277682,1.9999284333082223,2.1207869071129646,2.0492397127423883,0.06150076149773621,1.9248426808855708,2.1736367445992055,2.0492397127423883,0.061110433730368834,1.9251789367275494,2.1733004887572274,1,1,1,3.9285537024879935,0.192
1109,1572177,2.0,2.050899259459496,0.03919523794212337,1.9740780047274562,2.1277205141915356,2.055516837302934,0.08853330002268163,1.8764413352261655,2.2345923393797023,2.055516837302934,0.09026102604180215,1.8722772127234608,2.2387564618824074,1,1,1,5.303150125098742,0.2024
1110,1573177,2.0,2.1120856601572653,0.032218587919348764,2.0489383882026044,2.175232932111926,2.129220025507982,0.07812786223757046,1.9711915079581654,2.2872485430577987,2.129220025507982,0.07905750357962081,1.968724760703314,2.28971529031265,0,1,1,6.021063236240421,0.2013
1111,1574177,2.0,2.060730107647957,0.03534434297751983,1.991456468354787,2.130003746941127,2.0598593119113535,0.08746560680552849,1.8829434232103055,2.2367752006124015,2.0598593119113535,0.08292014092087795,1.8915224764162435,2.2281961474064635,1,1,1,5.504022964039876,0.1936
1112,1575177,2.0,2.012396476100904,0.0365657790354155,1.9407288661248399,2.084064086076968,1.9862870909761428,0.07939500641198197,1.8256955324103665,2.146878649541919,1.9862870909761428,0.07428029732265239,1.8354900704686334,2.137084111483652,1,1,1,4.126649713693253,0.1946
1113,1576177,2.0,1.9937103424515603,0.03545735094178298,1.9242152116184683,2.0632054732846523,2.0071287394237656,0.0690952392739411,1.8673704263265976,2.146887052520934,2.0071287394237656,0.06951067269319497,1.866014571691296,2.1482429071562352,1,1,1,3.843177217102316,0.1909
1114,1577177,2.0,2.010267935307378,0.032679784179746686,1.9462167352925326,2.0743191353222232,1.9945937965542042,0.07641517555680044,1.840029514802449,2.1491580783059594,1.9945937965542042,0.07577905304940236,1.8407541401633092,2.148433452945099,1,1,1,5.376999404513126,0.2256
1115,1578177,2.0,2.0058113428198308,0.030247702878537553,1.9465269345628287,2.065095751076833,2.0024512782242883,0.058980481617067135,1.8831519935980514,2.121750562850525,2.0024512782242883,0.06020386628602515,1.8802309319657051,2.1246716244828714,1,1,1,3.961539297224601,0.2394
1116,1579177,2.0,1.9901579250006263,0.031695926090511785,1.9280350514065798,2.0522807985946727,1.9762116304307442,0.073900392278742,1.826733977981378,2.1256892828801104,1.9762116304307442,0.0754516739733688,1.823036588897648,2.1293866719638403,1,1,1,5.666708437745098,0.2101
1117,1580177,2.0,2.073761124402426,0.029250419635890316,2.0164313553833977,2.131090893421454,2.0840259681784583,0.06215208995080231,1.9583115001736624,2.209740436183254,2.0840259681784583,0.06270043926668606,1.9567373093183797,2.211314627038537,0,1,1,4.594909529546463,0.1834
1118,1581177,2.0,2.1134043290790245,0.030929349437545026,2.052783918116182,2.174024740041867,2.104202578199932,0.07156792460094823,1.9594427869437183,2.2489623694561454,2.104202578199932,0.07161161230862852,1.9588232762973954,2.2495818801024683,0,1,1,5.360747271043883,0.2035
1119,1582177,2.0,1.926175990389685,0.036092828681619955,1.8554353460735356,1.9969166347058342,1.9052648583038045,0.07204806733482202,1.759533886699463,2.050995829908146,1.9052648583038045,0.07295575884565496,1.7571567938597203,2.0533729227478887,0,1,1,4.085802012728615,0.2317
1120,1583177,2.0,1.9597057425350273,0.030979354545324286,1.8989873233618944,2.02042416170816,1.9629987925743024,0.058371488907437784,1.8449313119722015,2.081066273176403,1.9629987925743024,0.059689783144184924,1.841822090577749,2.084175494570856,1,1,1,3.7124043439463033,0.1731
1121,1584177,2.0,1.8682578494590054,0.03104002606984492,1.807420516282925,1.9290951826350857,1.8683443143809189,0.05730449018528883,1.7524350424057995,1.9842535863560382,1.8683443143809189,0.05894337340135566,1.7486829047210064,1.9880057240408313,0,0,0,3.60600081197179,0.2167
1122,1585177,2.0,2.0281976025026838,0.03231855289192177,1.9648544028020642,2.091540802203303,2.0576935762809905,0.07525929591912818,1.9054672817770104,2.2099198707849705,2.0576935762809905,0.06866680752921106,1.9182925459082987,2.1970946066536823,1,1,1,4.514294629828096,0.1764
1123,1586177,2.0,1.9431675326209659,0.034800328791732775,1.8749601415390174,2.0113749237029146,1.9488318062937149,0.07715938366868759,1.7927622215514278,2.104901391036002,1.9488318062937149,0.07854970625765685,1.7893674248583102,2.1082961877291195,1,1,1,5.094744818469265,0.1903
1124,1587177,2.0,1.9510959098452274,0.033110550039498754,1.8862004242594985,2.015991395430956,1.9539856668763886,0.07247566450881333,1.8073897983507814,2.1005815354019957,1.9539856668763886,0.07235426953135454,1.8070986906580235,2.1008726430947537,1,1,1,4.775243651947331,0.1546
1125,1588177,2.0,2.0360194189682757,0.03229405545497419,1.972724233361787,2.099314604574764,2.042501070843038,0.06133728046833778,1.9184347105799828,2.1665674311060927,2.042501070843038,0.06159437073445116,1.9174578504794377,2.167544291206638,1,1,1,3.6377836944834288,0.2626
1126,1589177,2.0,2.0005337887768633,0.03039819799233582,1.9409544155169673,2.0601131620367594,2.028682065076317,0.06882513781439034,1.8894700837488712,2.167894046403763,2.028682065076317,0.06745418165661471,1.8917427961015847,2.1656213340510493,1,1,1,4.924045723247587,0.1939
1127,1590177,2.0,2.043560231575602,0.033728746594849486,1.9774531030060192,2.109667360145185,2.039001341256986,0.08006276408149567,1.8770591153162994,2.2009435671976725,2.039001341256986,0.07859121379854228,1.8794526950337476,2.1985499874802246,1,1,1,5.429346854250479,0.1611
1128,1591177,2.0,2.0628345567990958,0.03818367171395398,1.9879959354422452,2.1376731781559464,2.0626735867749213,0.07706738218385027,1.9067900926006445,2.218557080949198,2.0626735867749213,0.06861850847822691,1.9233706086885596,2.2019765648612832,1,1,1,3.2294396463499724,0.19
1129,1592177,2.0,2.0427346439268357,0.032678881879692444,1.9786852123876,2.1067840754660714,2.0680934563379383,0.0699572776885433,1.9265915059668315,2.2095954067090453,2.0680934563379383,0.07003527256913535,1.9259142942381628,2.2102726184377137,1,1,1,4.593029864808843,0.1669
1130,1593177,2.0,2.0654743131901956,0.03569724611747626,1.9955089964526798,2.135439629927711,2.072959399217443,0.08014992006648526,1.9108408836572912,2.235077914777595,2.072959399217443,0.081404812254852,1.9076988444611374,2.238219953973749,1,1,1,5.200327931009792,0.2383
1131,1594177,2.0,2.047521818773033,0.030843169292731773,1.9870703177902072,2.107973319755859,2.0568329706423496,0.0637483281601667,1.9278898061052567,2.1857761351794425,2.0568329706423496,0.06447484554258995,1.9259420755336214,2.1877238657510776,1,1,1,4.369810717775298,0.2154
1132,1595177,2.0,2.0518112237923667,0.03242190057027139,1.9882654663642962,2.115356981220437,2.0709751071729934,0.0725201324235818,1.924289293799951,2.217660920546036,2.0709751071729934,0.07183251433625153,1.9251473503128127,2.216802864033174,1,1,1,4.908685381894807,0.1653
1133,1596177,2.0,2.0803361268477607,0.0389606031768767,2.0039747478051257,2.1566975058903957,2.08971348760822,0.09070681755300998,1.906241631358316,2.2731853438581244,2.08971348760822,0.093074111933826,1.9007629950565001,2.27866398015994,0,1,1,5.706981417180304,0.1549
1134,1597177,2.0,1.9448275719055275,0.030044615807795983,1.8859412069929045,2.0037139368181505,1.9523669330084226,0.06298908376550269,1.8249594852145052,2.07977438080234,1.9523669330084226,0.06354063923582505,1.8233725775296794,2.081361288487166,1,1,1,4.472700824060126,0.211
1135,1598177,2.0,1.9931582211281045,0.032826781343656984,1.9288189119661654,2.0574975302900436,1.9919584260086036,0.07074554535855783,1.8488620537787999,2.135054798238407,1.9919584260086036,0.07003512338823774,1.8497795667621513,2.134137285255056,1,1,1,4.5517163634671745,0.207
1136,1599177,2.0,2.028749929155433,0.032620692003241296,1.9648145476783063,2.0926853106325596,2.043505958144433,0.07089442547083662,1.9001084474633487,2.1869034688255167,2.043505958144433,0.07079658282179,1.8997812540648849,2.1872306622239805,1,1,1,4.710188114047958,0.2148
1137,1600177,2.0,1.9729223391549635,0.036153594202114295,1.9020625966071434,2.0437820817027834,1.9939778680143003,0.0782174960693067,1.8357680489269026,2.152187687101698,1.9939778680143003,0.0669731204530628,1.8580152052028724,2.129940530825728,1,1,1,3.431611467926535,0.1357
1138,1601177,2.0,1.9336760346085362,0.03047853001676051,1.8739392134739625,1.99341285574311,1.9286813693981517,0.06372430827381544,1.7997867896670818,2.0575759491292214,1.9286813693981517,0.0655615669430427,1.795584312558565,2.0617784262377383,0,1,1,4.627118431147238,0.2198
1139,1602177,2.0,2.0919790820984168,0.034644733479267595,2.0240766522250633,2.1598815119717703,2.09751900252874,0.07768535645807051,1.9403855374011818,2.2546524676562982,2.09751900252874,0.07877301165625439,1.9376012870332213,2.2574367180242585,0,1,1,5.169879851883037,0.1931
1140,1603177,2.0,1.9351355588510069,0.03182724589261887,1.8727553031743736,1.9975158145276402,1.9549017680584102,0.06528538128236235,1.822849620127438,2.0869539159893824,1.9549017680584102,0.06424338195988419,1.8244807690040343,2.0853227671127863,0,1,1,4.07435317426956,0.2063
1141,1604177,2.0,2.001763867328393,0.04174878838431687,1.9199377456969478,2.0835899889598384,1.9947441423339933,0.07883629058245781,1.8352826932034763,2.1542055914645104,1.9947441423339933,0.08025906528497198,1.8318095775850098,2.157678707082977,1,1,1,3.695731766267989,0.1533
1142,1605177,2.0,1.9872904651596497,0.029394306019671846,1.929678684010544,2.0449022463087556,1.9856160725445469,0.05746713834688903,1.869377813609798,2.1018543314792955,1.9856160725445469,0.05803851206979145,1.86779162904781,2.1034405160412835,1,1,1,3.8985770096036654,0.2568
1143,1606177,2.0,1.9218701528959274,0.03319841537841629,1.856802454410431,1.986937851381424,1.936990896846361,0.0801442478253809,1.774883854476787,2.099097939215935,1.936990896846361,0.07782266945842965,1.779002478581197,2.094979315111525,0,1,1,5.495124527007001,0.1828
1144,1607177,2.0,1.939965371096896,0.02710731983916437,1.8868360004947258,1.9930947416990663,1.9551034377089906,0.056423548859930964,1.8409760377537578,2.0692308376642234,1.9551034377089906,0.054625665102982425,1.8442074418974779,2.065999433520503,0,1,1,4.06088149044106,0.2026
1145,1608177,2.0,2.0401940983890254,0.03027270535462484,1.9808606861793678,2.099527510598683,2.0278787120510424,0.06250303976967156,1.9014543810342313,2.154303043067854,2.0278787120510424,0.06201220962515604,1.901987233642691,2.1537701904593938,1,1,1,4.196159087370254,0.1606
1146,1609177,2.0,1.9865718269526984,0.03305934396857531,1.9217767034217694,2.0513669504836276,1.973988012593138,0.07755211285895611,1.8171240580836614,2.1308519671026147,1.973988012593138,0.07918556168084745,1.813232776021893,2.1347432491643827,1,1,1,5.737246912560835,0.17
1147,1610177,2.0,2.046905434697788,0.031277838295273384,1.9856019981247848,2.108208871270792,2.0330977790987164,0.06475720309624114,1.902113972388973,2.16408158580846,2.0330977790987164,0.06435395837098627,1.9024522979954845,2.163743260201948,1,1,1,4.233280737177727,0.2387
1148,1611177,2.0,1.9686631571597866,0.030576631227692466,1.9087340611849466,2.0285922531346263,1.9706117386127964,0.0824393220221071,1.8038624705046937,2.137361006720899,1.9706117386127964,0.08281578021194383,1.8024867666202913,2.1387367106053015,1,1,1,7.335790577691569,0.2194
1149,1612177,2.0,1.8985403773331506,0.035915032841213224,1.8281482064607995,1.9689325482055018,1.9091465819302087,0.06360727109070306,1.7804887322467269,2.0378044316136905,1.9091465819302087,0.06331746816585812,1.7806052878099614,2.0376878760504558,0,1,1,3.1080968671344498,0.201
1150,1613177,2.0,2.030779906376037,0.03542924679408235,1.9613398586602542,2.1002199540918194,2.0183087683300136,0.07233348225032815,1.8720004905676346,2.1646170460923924,2.0183087683300136,0.07350830334554673,1.869078978915988,2.1675385577440394,1,1,1,4.304760148628336,0.1786
1151,1614177,2.0,1.8468721086421003,0.030288749773033856,1.7875072499502083,1.9062369673339923,1.864379039188586,0.07396909893558173,1.714762414408284,2.013995663968888,1.864379039188586,0.05764153846077231,1.747360494962825,1.981397583414347,0,1,0,3.6216663056518095,0.2113
1152,1615177,2.0,2.054222440913541,0.03530643428985565,1.9850231012828938,2.123421780544188,2.0532450939767144,0.06543833352914347,1.9208835709249787,2.18560661702845,2.0532450939767144,0.06637356453054087,1.9184995943970278,2.187990593556401,1,1,1,3.5341303638298083,0.2314
1153,1616177,2.0,1.9930098769866784,0.038712509902457275,1.917134751826712,2.068885002146645,1.987890207081244,0.07169332658190579,1.842876766376793,2.132903647785695,1.987890207081244,0.07281504425563987,1.8400678084419702,2.135712605720518,1,1,1,3.5378513133911653,0.1616
1154,1617177,2.0,2.01978436639905,0.03295556647798689,1.95519264301208,2.0843760897860197,2.0277255450884537,0.06844888775583613,1.8892746013381085,2.166176488838799,2.0277255450884537,0.07008893577864725,1.8854374408815928,2.1700136492953144,1,1,1,4.52315394484302,0.1656
1155,1618177,2.0,2.077816917210337,0.033015819442025925,2.013107100183889,2.142526734236785,2.05777688643519,0.0798572997527371,1.896250251326675,2.219303521543705,2.05777688643519,0.07117918843343103,1.9132754516700567,2.2022783212003234,0,1,1,4.647954868135105,0.1829
1156,1619177,2.0,1.9659131930839173,0.02953944990058959,1.9080169351556364,2.0238094510121982,1.9783902403259177,0.06889129662952062,1.8390444401638273,2.1177360404880083,1.9783902403259177,0.06353854864885906,1.849400128964349,2.1073803516874867,1,1,1,4.626683314345411,0.2016
1157,1620177,2.0,1.9459445854134632,0.03603322790260372,1.8753207564776362,2.0165684143492904,1.9466479844297995,0.0743954743426955,1.7961689339850015,2.0971270348745974,1.9466479844297995,0.07565609493964405,1.7930579462723675,2.1002380225872317,1,1,1,4.408405189836653,0.2075
1158,1621177,2.0,2.103366378198416,0.03271831744705962,2.0392396543674307,2.1674931020294013,2.0854917154595,0.07672445017026437,1.9303018667552931,2.2406815641637063,2.0854917154595,0.07157905331188828,1.9401785118343815,2.230804919084618,0,1,1,4.7861904604274645,0.1592
1159,1622177,2.0,2.0870364648517925,0.032093264559271216,2.024134822169305,2.14993810753428,2.0708938505515984,0.06660177728814284,1.9361790403725614,2.2056086607306353,2.0708938505515984,0.06606696058462135,1.9367707900733557,2.205016911029841,0,1,1,4.237803961419474,0.2202
1160,1623177,2.0,2.03524149588329,0.032918500891494576,1.970722419710911,2.099760572055669,2.0255063801783533,0.07912011156144574,1.8654708489307215,2.185541911425985,2.0255063801783533,0.07970498446181014,1.8636966593013622,2.1873161010553446,1,1,1,5.8626081102642775,0.243
1161,1624177,2.0,1.9508598736581466,0.03846891209689981,1.875462191423786,2.0262575558925073,1.9585927702723394,0.08241563814300097,1.791891407331456,2.125294133213223,1.9585927702723394,0.08107149444878475,1.7940088866367578,2.123176653907921,1,1,1,4.4413658435434185,0.1919
1162,1625177,2.0,2.0331494207302265,0.03357791631627821,1.9673379140744214,2.0989609273860315,2.034551995402578,0.06901599215873054,1.8949539747257855,2.1741500160793708,2.034551995402578,0.07019196342344063,1.8920547339571934,2.177049256847963,1,1,1,4.369857718478117,0.1987
1163,1626177,2.0,2.0503120157109804,0.029795431376711527,1.9919140433087912,2.1087099881131697,2.0202430769175135,0.08063405540537834,1.8571453052033138,2.183340848631713,2.0202430769175135,0.06411089262462066,1.8900910455130646,2.150395108321962,1,1,1,4.629821979276243,0.2276
1164,1627177,2.0,1.9719696226627936,0.028832662153320955,1.9154586432638734,2.028480602061714,1.9565361369349732,0.05656481702556651,1.8421229951438192,2.070949278726127,1.9565361369349732,0.05698842457204638,1.8408434843927652,2.0722287894771814,1,1,1,3.9066438104553587,0.1982
1165,1628177,2.0,2.0503495062082284,0.03447168964778449,1.9827862360123285,2.117912776404128,2.049296284884325,0.0775197099015016,1.892497871542674,2.206094698225976,2.049296284884325,0.0798533356813584,1.8871853950203634,2.211407174748287,1,1,1,5.366127442734534,0.1727
1166,1629177,2.0,2.014029673065639,0.031816954509129095,1.9516695881299968,2.0763897580012816,2.0201408588015433,0.07727477384969642,1.8638378753878682,2.1764438422152184,2.0201408588015433,0.07795331822204594,1.8618872094455459,2.1783945081575404,1,1,1,6.002774083601357,0.1926
1167,1630177,2.0,2.074066136402861,0.03706076410309964,2.001428373521251,2.1467038992844714,2.060181333212357,0.08090342909010614,1.8965387017919613,2.2238239646327527,2.060181333212357,0.08279137879521838,1.8921058987294068,2.228256767695307,0,1,1,4.990470495473901,0.2572
1168,1631177,2.0,1.935695935647585,0.0326152477694937,1.8717712246725269,1.999620646622643,1.9402328829564317,0.07008757803740906,1.7984673752527964,2.081998390660067,1.9402328829564317,0.0654420418373355,1.8073784749815662,2.073087290931297,0,1,1,4.025986535908889,0.2087
1169,1632177,2.0,1.9809853640669717,0.032593689820916864,1.917102905894705,2.0448678222392385,1.9749158399331934,0.06083266327851648,1.8518701642780844,2.0979615155883025,1.9749158399331934,0.061811231495274524,1.8494323688197194,2.1003993110466674,1,1,1,3.5963979064017786,0.2111
1170,1633177,2.0,1.984368973735409,0.03193974616608307,1.921768221574535,2.0469697258962833,1.9901012842856376,0.06947116878375104,1.8495825819824032,2.130619986588872,1.9901012842856376,0.06803059746328313,1.851991829011819,2.1282107395594565,1,1,1,4.536758372922193,0.2318
1171,1634177,2.0,2.0369143468585116,0.03340503532142936,1.9714416807262216,2.1023870129908016,2.032632281831308,0.07143278931183203,1.8881458274973664,2.1771187361652498,2.032632281831308,0.07271448862451171,1.8850140219760174,2.1802505416865987,1,1,1,4.738250726342274,0.2093
1172,1635177,2.0,2.0548847770842618,0.03644434243278005,1.983455178475768,2.1263143756927554,2.058168146464612,0.07373833325293358,1.9090182893352587,2.207318003593966,2.058168146464612,0.07500749692481141,1.9058948322793394,2.2104414606498852,1,1,1,4.235933255781629,0.1918
1173,1636177,2.0,2.095022593278086,0.03619450792912678,2.024082661298848,2.165962525257324,2.100481804153718,0.07523572553936796,1.9483031852428607,2.2526604230645755,2.100481804153718,0.07698656489267824,1.9441907683963324,2.2567728399111036,0,1,1,4.524228494306547,0.1621
1174,1637177,2.0,2.1083467337037374,0.02972064829407309,2.050095333450172,2.1665981339573026,2.1175008620256395,0.057925320239199045,2.00033584273759,2.234665881313689,2.1175008620256395,0.05866682827046253,1.9984008688284722,2.236600855222807,0,0,1,3.8964460012736573,0.1929
1175,1638177,2.0,2.0712251228934524,0.028901527587843086,2.0145791697230893,2.1278710760638155,2.0724544995985084,0.053390839740345204,1.9644613328425744,2.1804476663544423,2.0724544995985084,0.05042051246135932,1.9700954175042575,2.174813581692759,0,1,1,3.04349725872529,0.2226
1176,1639177,2.0,2.145175947116234,0.031280838761713704,2.0838666297370705,2.2064852644953974,2.161101215686533,0.06677422464013427,2.0260375978144385,2.2961648335586275,2.161101215686533,0.06536407476024332,2.028405089293015,2.293797342080051,0,0,0,4.366379272792888,0.2032
1177,1640177,2.0,2.03976930622207,0.029523507174175075,1.981904295463377,2.097634316980763,2.0438972431769096,0.05729400127765386,1.9280091870200247,2.1597852993337945,2.0438972431769096,0.057609330389191866,1.9269440848126178,2.1608504015412016,1,1,1,3.8075863415612776,0.1333
1178,1641177,2.0,1.944778659831343,0.03253565780628684,1.8810099423177014,2.0085473773449847,1.93170099015876,0.07722317930088574,1.7755023665704879,2.0878996137470325,1.93170099015876,0.07515685080366973,1.7791244714799022,2.084277508837618,1,1,1,5.336026341768031,0.2008
1179,1642177,2.0,2.103364988519954,0.030876089333136632,2.042848965443565,2.163881011596343,2.10099655881696,0.08284280867506634,1.933431161919561,2.2685619557143593,2.10099655881696,0.08183755128664937,1.9348574971213393,2.267135620512581,0,1,1,7.025232060310906,0.2535
1180,1643177,2.0,2.0814281235089123,0.032950898966053396,2.0168455482772294,2.146010698740595,2.0680504180564765,0.07889068712853717,1.9084789415261234,2.2276218945868296,2.0680504180564765,0.07793623677121408,1.909831445889239,2.226269390223714,0,1,1,5.594281658069924,0.2008
1181,1644177,2.0,2.0095706272633223,0.031201478577012023,1.9484168529879806,2.070724401538664,2.026648456818733,0.07000887216630683,1.8850421467659297,2.168254766871536,2.026648456818733,0.06926880052122081,1.886025315700211,2.1672715979372548,1,1,1,4.928616026627472,0.1632
1182,1645177,2.0,1.9511765076182563,0.03162069758909662,1.8892010791775944,2.013151936058918,1.9488199353953446,0.07913974218071596,1.7887446974723602,2.108895173318329,1.9488199353953446,0.08127767286000616,1.7838174873325083,2.1138223834581806,1,1,1,6.606928810826533,0.2251
1183,1646177,2.0,1.9808050345959076,0.029264413995543997,1.9234478371359716,2.0381622320558437,1.9749105323955742,0.06999260887356937,1.833337117957321,2.1164839468338275,1.9749105323955742,0.0708785024161794,1.8310195226979773,2.118801542093171,1,1,1,5.866099181817313,0.2364
1184,1647177,2.0,2.1495342127291233,0.03849549428315426,2.0740844303670736,2.224983995091173,2.172897033493822,0.06299905405912674,2.0454694188775213,2.3003246481101223,2.172897033493822,0.059719898818014795,2.0516591934290616,2.294134873558582,0,0,0,2.406679871792127,0.188
1185,1648177,2.0,2.0817471800783673,0.03170149863145072,2.019613384504778,2.143880975651957,2.093896531200017,0.07533370202355175,1.9415197361442238,2.24627332625581,2.093896531200017,0.07413322408640906,1.9433980852354384,2.2443949771645952,0,1,1,5.468474483494237,0.142
1186,1649177,2.0,2.0612888589256273,0.030023791683611016,2.0024433085464164,2.120134409304838,2.0645095085520278,0.07993905701628842,1.9028175037688801,2.2262015133351754,2.0645095085520278,0.07718486493284012,1.9078159023109371,2.221203114793118,0,1,1,6.608961482778509,0.2335
1187,1650177,2.0,1.9500454185197889,0.0368217104063567,1.877876192274166,2.0222146447654117,1.9656613768961573,0.067565530034592,1.828997192787717,2.1023255610045974,1.9656613768961573,0.06815908279392907,1.8272910825339304,2.104031671258384,1,1,1,3.4264118155896477,0.2003
1188,1651177,2.0,1.9040767126445668,0.03326283553777354,1.8388827529668517,1.969270672322282,1.9020568552765382,0.09379107344727917,1.7123465026342257,2.0917672079188505,1.9020568552765382,0.09446116195326548,1.7102905014834744,2.093823209069602,0,1,1,8.06469653250282,0.2313
1189,1652177,2.0,1.9813560864888848,0.033039948499261576,1.916598977379274,2.0461131955984957,1.9810686626590646,0.07062644735695578,1.8382131888756958,2.123924136442433,1.9810686626590646,0.07126791102748392,1.8363871114523294,2.1257502138657998,1,1,1,4.652745897819096,0.1459
1190,1653177,2.0,2.0989160643473275,0.029899652409689694,2.0403138224740696,2.1575183062205854,2.111931977392717,0.06741901995362563,1.9755641378947415,2.248299816890693,2.111931977392717,0.0673270448958093,1.975250809764068,2.248613145021366,0,1,1,5.070453761968418,0.2155
1191,1654177,2.0,1.9781589837157005,0.03324131402736179,1.9130072054232854,2.0433107620081157,1.983882348947744,0.07613124289783348,1.8298923752071832,2.1378723226883047,1.983882348947744,0.07773534442394887,1.8260712099274143,2.1416934879680736,1,1,1,5.468657041444586,0.1914
1192,1655177,2.0,1.9646599549843704,0.030242173151483205,1.905386384793239,2.0239335251755017,1.9617004461608565,0.07002278766071642,1.8200659893638633,2.1033349029578496,1.9617004461608565,0.07211953893427589,1.8152899983886237,2.1081108939330893,1,1,1,5.686956311639111,0.2294
1193,1656177,2.0,1.9052089299488053,0.030902763214781356,1.8446406270250646,1.965777232872546,1.9122024151392996,0.07410209185122706,1.7623167867960925,2.0620880434825066,1.9122024151392996,0.07058620272756942,1.768904805356975,2.055500024921624,0,1,1,5.217290389016986,0.1915
1194,1657177,2.0,2.03628266237596,0.030778011708317395,1.9759588679119056,2.096606456840014,2.0073022841050796,0.05975792583216326,1.8864304701241328,2.1281740980860264,2.0073022841050796,0.05488499997752149,1.8958798105086934,2.118724757701466,1,1,1,3.179993378484934,0.1987
1195,1658177,2.0,1.9549073684370766,0.03099495817026746,1.8941583667210269,2.0156563701531263,1.9674971142978273,0.06351462828620662,1.839026652373807,2.0959675762218475,1.9674971142978273,0.06047087073710438,1.84473472018623,2.0902595084094244,1,1,1,3.8063641575697673,0.2205
1196,1659177,2.0,1.960647391073023,0.03158655307067521,1.8987388846587367,2.0225558974873095,1.9828555694104433,0.06897702754132612,1.8433363621114773,2.122374776709409,1.9828555694104433,0.06680994101030484,1.8472241784794856,2.118486960341401,1,1,1,4.473811748484919,0.1969
1197,1660177,2.0,2.0259371082044844,0.03169111058051355,1.9638236728366016,2.088050543572367,2.0316204099994937,0.07506109580958763,1.8797950130574315,2.183445806941556,2.0316204099994937,0.07644938298584703,1.8764199114900788,2.1868209085089085,1,1,1,5.819330883055086,0.1534
1198,1661177,2.0,2.0076752090322247,0.030775791191596284,1.9473557667009709,2.0679946513634784,2.0114618425964506,0.07721665952211726,1.8552764065054939,2.167647278687407,2.0114618425964506,0.07952884094829347,1.8500097120627594,2.1729139731301417,1,1,1,6.6777607140293105,0.2292
1199,1662177,2.0,1.9087295133626805,0.0328521940966466,1.8443403961201337,1.9731186306052273,1.9148714398685378,0.059093172758572295,1.79534421589361,2.0343986638434655,1.9148714398685378,0.057229709989825836,1.7986889518867246,2.031053927850351,0,1,1,3.0346899761859345,0.2166
1200,1663177,2.0,2.0502118026297067,0.030456529762396618,1.990518101201337,2.1099055040580765,2.0469249364422186,0.059040259212793565,1.9275047402158845,2.1663451326685528,2.0469249364422186,0.05949300682450218,1.926147711612345,2.1677021612720924,1,1,1,3.8156717099692545,0.2195
1201,1664177,2.0,2.07301628930608,0.040617179792411716,1.993408079759365,2.152624498852795,2.080166383458177,0.08946329208305985,1.8992097948851752,2.2611229720311785,2.080166383458177,0.09165985525898662,1.8940869845946293,2.2662457823217244,1,1,1,5.0925910619481956,0.1829
1202,1665177,2.0,1.9960630220246212,0.03399067369435597,1.9294425257734305,2.062683518275812,2.0017682765549853,0.08036557211484344,1.839213563554732,2.1643229895552385,2.0017682765549853,0.07944069196295168,1.8404950979753039,2.1630414551346666,1,1,1,5.462186091354576,0.2295
1203,1666177,2.0,2.05524227109579,0.03949393737938117,1.9778355762245228,2.1326489659670576,2.0306583528834605,0.07909803497004915,1.870667475756792,2.1906492300101292,2.0306583528834605,0.07251102443448332,1.8834531472934617,2.1778635584734594,1,1,1,3.3709104490840662,0.2183
1204,1667177,2.0,1.9767447426543931,0.031787382316217784,1.9144426181518008,2.0390468671569852,1.9678034987001096,0.06220061651184555,1.841990876460911,2.0936161209393083,1.9678034987001096,0.06309020423415214,1.839723574889424,2.0958834225107954,1,1,1,3.9392571859596712,0.1658
1205,1668177,2.0,2.0381705935572327,0.030851825611075964,1.9777021265022134,2.098639060612252,2.018897414603242,0.06356276204217612,1.890329592968075,2.147465236238409,2.018897414603242,0.06209475802888079,1.8928383540260243,2.1449564751804595,1,1,1,4.050868473232035,0.164
1206,1669177,2.0,1.932170287509865,0.034838874224320915,1.8638873487682752,2.0004532262514547,1.9403586096406116,0.06791242137566669,1.80299277156634,2.077724447714883,1.9403586096406116,0.06356212288204542,1.8113206400413486,2.0693965792398745,1,1,1,3.3286532876685633,0.2498
1207,1670177,2.0,2.139973623567671,0.03161479994403835,2.078009754298917,2.2019374928364255,2.1384118157126726,0.06757330422919049,2.0017319068114072,2.275091724613938,2.1384118157126726,0.0683804410917885,1.9995921401149772,2.277231491310368,0,0,1,4.678244545065747,0.203
1208,1671177,2.0,1.908117398923953,0.03499715101258198,1.839524243377783,1.9767105544701231,1.915858056879681,0.07314847664759835,1.7679012973500627,2.063814816409299,1.915858056879681,0.07352643458188002,1.7665914590990262,2.0651246546603357,0,1,1,4.413891269343251,0.2016
1209,1672177,2.0,1.9605012753609805,0.02895003454857466,1.9037602502945838,2.017242300427377,1.9393227090597847,0.05268661278843329,1.8327539757651279,2.045891442354441,1.9393227090597847,0.050131146188061866,1.8375510717311234,2.041094346388446,1,1,1,2.998590052956813,0.1676
1210,1673177,2.0,2.018313759594854,0.03098209771100701,1.9575899639157797,2.0790375552739286,2.001569607387893,0.06872615909498657,1.8625578294174616,2.140581385358324,2.001569607387893,0.0678167138626746,1.8638943589073922,2.1392448558683936,1,1,1,4.791283235865332,0.2415
1211,1674177,2.0,1.9398948498212756,0.03213646007545453,1.8769085454827754,2.002881154159776,1.9189656416894805,0.0767709968722459,1.7636816433938183,2.0742496399851427,1.9189656416894805,0.0723491398775854,1.7720890792219013,2.0658422041570597,1,1,1,5.0683975490663435,0.1793
1212,1675177,2.0,1.9977067597846037,0.03385422477046474,1.931353698509969,2.0640598210592382,1.9969637228654884,0.0827079690004168,1.8296710649536636,2.164256380777313,1.9969637228654884,0.08297772853813103,1.828509978292024,2.165417467438953,1,1,1,6.007549219144689,0.2123
1213,1676177,2.0,2.044484842432289,0.03955882995423615,1.966950960451442,2.1220187244131363,2.03543402686196,0.08556819717321801,1.862356011395777,2.2085120423281435,2.03543402686196,0.08781248397859337,1.8571652069376616,2.213702846786259,1,1,1,4.927488836503337,0.1464
1214,1677177,2.0,1.9411659935558223,0.031085057100048517,1.8802404011823561,2.0020915859292887,1.9347928124300742,0.06522373024370175,1.8028653654952116,2.0667202593649368,1.9347928124300742,0.06679492992005963,1.799191895632435,2.070393729227713,1,1,1,4.617252851197521,0.2165
1215,1678177,2.0,1.9541431972641994,0.03666703315128513,1.8822771328677443,2.0260092616606546,1.9425733086247128,0.07512491294654805,1.790618829339178,2.0945277879102475,1.9425733086247128,0.07494434888752383,1.7904281917705909,2.0947184254788347,1,1,1,4.177594081876187,0.2178
1216,1679177,2.0,1.987498089957787,0.030549203887447543,1.9276227505820187,2.0473734293335553,1.9835910609842684,0.07756659085360805,1.826697821966469,2.140484300002068,1.9835910609842684,0.07861569950233614,1.8239927061396293,2.1431894158289073,1,1,1,6.622451280777829,0.1905
1217,1680177,2.0,2.1505026533840628,0.03439434454053553,2.0830909768127515,2.217914329955374,2.1536416870274606,0.08204284758329931,1.9876943641667613,2.31958900988816,2.1536416870274606,0.08452671292446752,1.9820433369705583,2.3252400370843627,0,1,1,6.039679402201426,0.1642
1218,1681177,2.0,2.0362962473392967,0.03603384384492574,1.965671211178702,2.1069212834998914,2.04375270182846,0.08140753412741782,1.879090421726349,2.2084149819305705,2.04375270182846,0.08309252221903368,1.8750659136932817,2.212439489963638,1,1,1,5.317441239821263,0.2277
1219,1682177,2.0,2.081642268536041,0.03161130490199793,2.0196852494238104,2.1435992876482715,2.0785539590676914,0.06605535169596803,1.944944398972422,2.212163519162961,2.0785539590676914,0.06688265448414268,1.942774951937005,2.214332966198378,0,1,1,4.476536761323878,0.2459
1220,1683177,2.0,2.033268261859583,0.02630948205504729,1.9817026245797875,2.0848338991393787,2.03546486209474,0.05299050643538329,1.9282814458797408,2.1426482783097396,2.03546486209474,0.052709288879787965,1.928459316847445,2.1424704073420355,1,1,1,4.013744443078545,0.1677
1221,1684177,2.0,2.061139403224873,0.03252197948319817,1.997397494731854,2.1248813117178917,2.0656818392619085,0.078356990452973,1.907189866151273,2.2241738123725443,2.0656818392619085,0.07844810997487671,1.9064237092456566,2.2249399692781604,1,1,1,5.8184998366539,0.1529
1222,1685177,2.0,1.9384269725138576,0.030714564549436094,1.8782275321961321,1.9986264128315832,1.934657874348186,0.059029606351179736,1.8152592255683104,2.0540565231280614,1.934657874348186,0.05795687605798348,1.8169991607662512,2.052316587930121,0,1,1,3.5605838020149028,0.2106
1223,1686177,2.0,2.0275369063725863,0.03549180016608814,1.9579742563005609,2.0970995564446118,2.0229417163294405,0.07258419812436649,1.8761263178451353,2.169757114813746,2.0229417163294405,0.07210387302178088,1.8765630720503672,2.169320360608514,1,1,1,4.127253374712118,0.2105
1224,1687177,2.0,2.021726783086254,0.035311852461922026,1.952516824033495,2.0909367421390135,2.0391554543188755,0.0716706764046477,1.8941878279223017,2.1841230807154495,2.0391554543188755,0.07231199131638553,1.8923543074399112,2.1859566011978395,1,1,1,4.19352889593569,0.2142
1225,1688177,2.0,2.0797581181081544,0.04138740736783957,1.998640290253701,2.1608759459626077,2.079644905908541,0.09023093011220076,1.8971356228641212,2.262154188952961,2.079644905908541,0.08804325010046749,1.9009076058506542,2.258382205966428,1,1,1,4.525386622356487,0.1691
1226,1689177,2.0,1.9980567858213192,0.033023178700943026,1.9333325449124406,2.062781026730198,1.9825979108762486,0.07056620568492124,1.839864287375912,2.1253315343765853,1.9825979108762486,0.06692945101855433,1.8467239017300385,2.1184719200224587,1,1,1,4.107681633599608,0.1721
1227,1690177,2.0,2.0331200995128293,0.03695078880029705,1.9606978842639011,2.1055423147617573,2.0373067299667103,0.07747381162177076,1.880601154658716,2.1940123052747045,2.0373067299667103,0.07841225838813191,1.8781213825409493,2.196492077392471,1,1,1,4.503192340962853,0.2464
1228,1691177,2.0,2.033625716216516,0.03524245828232404,1.9645517672565056,2.1026996651765266,2.0379266790489146,0.06142914715675916,1.9136745008693359,2.1621788572284935,2.0379266790489146,0.06141743413887376,1.9132426590707936,2.1626106990270353,1,1,1,3.037043055954894,0.2206
1229,1692177,2.0,1.982262802976956,0.029756004240315485,1.9239421063421165,2.0405834996117953,1.982323447382973,0.06432970211911142,1.8522043430179767,2.1124425517479692,1.982323447382973,0.06422081306456663,1.851948265621913,2.112698629144033,1,1,1,4.658031009631359,0.1921
1230,1693177,2.0,2.028871991949629,0.0312839251941651,1.9675566252740204,2.090187358625238,2.0191548789739864,0.05775066363172447,1.90234313602,2.1359666219279725,2.0191548789739864,0.055122633736394956,1.9072499831996912,2.1310597747482816,1,1,1,3.1046842759598534,0.1581
1231,1694177,2.0,1.937790221688131,0.0331601167231398,1.8727975871876328,2.0027828561886296,1.9450676849718134,0.0710096385558875,1.8014371338297275,2.0886982361138995,1.9450676849718134,0.06907319416068648,1.8048416458766285,2.0852937240669984,1,1,1,4.338973303367428,0.1232
1232,1695177,2.0,2.1470057128047975,0.04323966668977192,2.062257523389328,2.231753902220267,2.1521497373054768,0.06740964136090832,2.015800867801833,2.2884986068091204,2.1521497373054768,0.06810930664091207,2.0138804939061274,2.290418980704826,0,0,0,2.481122705816015,0.145
1233,1696177,2.0,1.969191185338675,0.034852116463140015,1.900882292285925,2.037500078391425,1.9798960423837342,0.058211123867297085,1.862152930692217,2.0976391540752513,1.9798960423837342,0.05385035625824205,1.8705740072047716,2.089218077562697,1,1,1,2.3873651417359385,0.2277
1234,1697177,2.0,1.999778705769331,0.03150274769127825,1.9380344548803734,2.0615229566582887,2.0053258252495394,0.056015142231614856,1.8920245056730844,2.1186271448259943,2.0053258252495394,0.057308859998879316,1.8889826542068255,2.1216689962922533,1,1,1,3.309380237447651,0.1974
1235,1698177,2.0,1.9920904965230484,0.02971738798851934,1.9338454863509473,2.0503355066951494,1.9905917225899898,0.06358611423929583,1.861976666677746,2.1192067785022335,1.9905917225899898,0.06470669499513905,1.8592301480694813,2.1219532971104984,1,1,1,4.741078730183741,0.145
1236,1699177,2.0,1.9197816841165725,0.03469706343447453,1.8517766894157008,1.987786678817444,1.936899203067986,0.09237343385533942,1.7500562971561746,2.123742108979797,1.936899203067986,0.0916135220363316,1.7509138656470917,2.1228845404888803,0,1,1,6.971620194152289,0.142
1237,1700177,2.0,1.8351388183795014,0.03223297979646737,1.7719633388640181,1.8983142978949847,1.837535991735542,0.07937471370618826,1.6769854790415177,1.9980865044295664,1.837535991735542,0.08195200498339611,1.671164576682738,2.003907406788346,0,0,1,6.464251642434081,0.1442
1238,1701177,2.0,1.9736346800987365,0.034947507955705955,1.905138823156126,2.042130537041347,1.9835966811250105,0.08541189126445672,1.8108348242012269,2.1563585380487944,1.9835966811250105,0.08525519825201126,1.8105194272290477,2.156673935020973,1,1,1,5.951265319656545,0.1351
1239,1702177,2.0,1.9297854133697354,0.03626698999747874,1.8587034191470027,2.000867407592468,1.9171525636163156,0.06938518778723904,1.7768077742940216,2.0574973529386096,1.9171525636163156,0.06918056763816534,1.7767085447732172,2.0575965824594142,1,1,1,3.6386913408097947,0.1475
1240,1703177,2.0,1.9608603580492079,0.03151317339875172,1.899095673149089,2.022625042949327,1.9769697664386634,0.06345300022568628,1.8486239590330773,2.1053155738442495,1.9769697664386634,0.06139241570702214,1.852336536577397,2.10160299629993,1,1,1,3.79529175463851,0.1508
1241,1704177,2.0,1.9768499536213202,0.03294992758040776,1.912269282270518,2.0414306249721226,1.9700675798558434,0.07207032438784562,1.824291589112444,2.1158435705992424,1.9700675798558434,0.07263541716513995,1.8226098435971216,2.117525316114565,1,1,1,4.859459214895457,0.1831
1242,1705177,2.0,1.8974476678963523,0.03026582113628012,1.8381277485067122,1.9567675872859924,1.9006372923538692,0.06232192580366251,1.7745792989115965,2.026695285796142,1.9006372923538692,0.06249064457208077,1.7737745393666138,2.0275000453411245,0,1,1,4.263095741890679,0.1772
1243,1706177,2.0,1.9030674571749306,0.03145568028581596,1.8414154567055248,1.9647194576443365,1.8979144704804534,0.05595107673101273,1.7847427356103538,2.0110862053505527,1.8979144704804534,0.05614038655483315,1.7839434266404477,2.011885514320459,0,1,1,3.185316807892134,0.151
1244,1707177,2.0,1.9574984507156994,0.030189875625086997,1.8983273817927853,2.0166695196386137,1.9647109031891765,0.06450930268202107,1.8342285223963495,2.0951932839820038,1.9647109031891765,0.05871211899429546,1.8455189649344799,2.0839028414438734,1,1,1,3.782098733400154,0.1539
1245,1708177,2.0,2.000620641821889,0.029226342153339867,1.943338063801498,2.05790321984228,2.0103137675696194,0.0556330368896219,1.897785328998911,2.122842206140328,2.0103137675696194,0.056230886537226674,1.89615899899785,2.124468536141389,1,1,1,3.7016975606715685,0.2159
1246,1709177,2.0,2.085886773243925,0.031140565915005317,2.0248523855923186,2.146921160895531,2.073628122905495,0.06665290626234464,1.938809894614589,2.2084463511964008,2.073628122905495,0.06324950881196101,1.945224793608393,2.202031452202597,0,1,1,4.125354867354118,0.1612
1247,1710177,2.0,1.9876276817780856,0.033571577645304045,1.9218285986890997,2.0534267648670714,1.988689070137644,0.07495607828726564,1.8370760911844273,2.140302049090861,1.988689070137644,0.06700386888355606,1.8526639846936905,2.124714155581598,1,1,1,3.9834214601598976,0.1392
1248,1711177,2.0,1.9827042230164746,0.03263819454051026,1.9187345371966626,2.0466739088362864,2.002976918888009,0.07777880505432175,1.8456544361333231,2.160299401642695,2.002976918888009,0.07809953270948389,1.844426438341839,2.1615273994341795,1,1,1,5.725911316549104,0.1648
1249,1712177,2.0,1.9927366972418286,0.03918838464684233,1.9159288747217151,2.069544519761942,1.9867208643351013,0.07774998280404781,1.8294566800843395,2.143985048585863,1.9867208643351013,0.07970188062571966,1.8249174445803655,2.148524284089837,1,1,1,4.136398898085482,0.1967
1250,1713177,2.0,1.8931760708798653,0.03747589438338863,1.8197246675999967,1.9666274741597338,1.9253700452565505,0.0752131624184947,1.7732370645654112,2.07750302594769,1.9253700452565505,0.07127691835800538,1.7806702081967114,2.0700698823163894,0,1,1,3.617377366770528,0.1535
1251,1714177,2.0,1.986263072008064,0.03223005772508585,1.9230933196472488,2.0494328243688793,2.003702153515543,0.07642084042634262,1.8491264134836016,2.1582778935474844,2.003702153515543,0.07399406007011612,1.8534862255237683,2.153918081507318,1,1,1,5.2707394594494925,0.1478
1252,1715177,2.0,1.8831320002746528,0.042599983343027156,1.7996375671803133,1.9666264333689922,1.9002037852286562,0.06341941474303939,1.771925910873865,2.0284816595834476,1.9002037852286562,0.06342022306937564,1.7714538875641115,2.028953682893201,0,1,1,2.216341466388463,0.1767
1253,1716177,2.0,1.9976241509024464,0.03444490242281854,1.9301133827027257,2.0651349191021673,1.9851598226158926,0.06672081035804972,1.8502042453271708,2.1201153999046145,1.9851598226158926,0.06660036651740053,1.8499538905245392,2.120365754707246,1,1,1,3.7385510971625213,0.141
1254,1717177,2.0,1.9953673732449388,0.04211746610361699,1.912818656561763,2.077916089928115,2.011144453123196,0.08506379849637656,1.8390866802807386,2.183202225965654,2.011144453123196,0.08513177826605499,1.8383177551192276,2.1839711511271647,1,1,1,4.085629121108006,0.1477
1255,1718177,2.0,1.9793603598387637,0.029711437514842808,1.9211270123807596,2.037593707296768,1.973075843728911,0.06401926728484977,1.843584653084439,2.1025670343733833,1.973075843728911,0.06583289028473378,1.8394279712222381,2.1067237162355843,1,1,1,4.909514147222959,0.1648
1256,1719177,2.0,2.0631287550223028,0.04118358937249746,1.982410403098121,2.143847106946484,2.0774043400908426,0.07448767488508977,1.9267387964461213,2.228069883735564,2.0774043400908426,0.07539633352949966,1.9243416456315983,2.230467034550087,1,1,1,3.3515990898287673,0.1579
1257,1720177,2.0,2.1101340351607756,0.03752621978575815,2.0365839959047554,2.183684074416796,2.1030313277549157,0.06673146690001765,1.9680541955755164,2.2380084599343153,2.1030313277549157,0.06324323441829857,1.974640736154133,2.231421919355699,0,1,1,2.8402626959063846,0.1555
1258,1721177,2.0,1.915092857776815,0.03409663332330005,1.8482646844690787,1.9819210310845512,1.911697234263209,0.0785857658834481,1.752742519166624,2.070651949359794,1.911697234263209,0.07961485361681477,1.7500704887292229,2.073323979797195,0,1,1,5.452117457603726,0.1558
1259,1722177,2.0,1.9088677518508765,0.031601737476909864,1.8469294845472435,1.9708060191545096,1.8991332055801777,0.07303205159338473,1.7514119379505821,2.0468544732097733,1.8991332055801777,0.07381117105276203,1.7492885620325234,2.048977849127832,0,1,1,5.455345609849089,0.1466
1260,1723177,2.0,1.9178858347953298,0.028284817006514647,1.862448612153255,1.9733230574374045,1.932998519452414,0.054284337146658965,1.8231980836056527,2.042798955299175,1.932998519452414,0.05385813702344807,1.8236606884803188,2.042336350424509,0,1,1,3.6257337325316783,0.1744
1261,1724177,2.0,2.046734255230342,0.035903400316084966,1.9763648836882914,2.1171036267723924,2.0593666983825245,0.07184698194169062,1.9140424603770219,2.2046909363880274,2.0593666983825245,0.06984759686039643,1.917568538227,2.201164858538049,1,1,1,3.7847027380973817,0.1869
1262,1725177,2.0,1.9836549626651878,0.03407356635035394,1.9168719997936583,2.0504379255367176,1.9913872592978028,0.07176759121640003,1.8462236041914806,2.136550914404125,1.9913872592978028,0.07299536827042254,1.8431987834464645,2.139575735149141,1,1,1,4.589394852145518,0.1707
1263,1726177,2.0,2.1520003837902273,0.04122524150695702,2.071200395182626,2.2328003723978287,2.123859724219358,0.08299410549650436,1.9559883006150058,2.2917311478237106,2.123859724219358,0.07072942277882502,1.980271362275495,2.2674480861632214,0,1,1,2.943566221655077,0.1994
1264,1727177,2.0,2.0229220501536247,0.03479626875296915,1.9547226166014287,2.0911214837058205,2.0194225287398337,0.0726809972346894,1.8724113355740106,2.166433721905657,2.0194225287398337,0.07373764361514917,1.8697271538262212,2.1691179036534463,1,1,1,4.490690837976937,0.1815
1265,1728177,2.0,1.9480868830665303,0.030240376013529288,1.888816835201064,2.0073569309319965,1.955361992411682,0.06459926754029681,1.8246976405168982,2.086026344306466,1.955361992411682,0.0649945458368797,1.8234160496152023,2.087307935208162,1,1,1,4.619334934955615,0.1543
1266,1729177,2.0,2.041696673248783,0.0328989742993961,1.9772158684936576,2.106177478003908,2.0421238864071274,0.07555020288435067,1.8893091770260162,2.1949385957882384,2.0421238864071274,0.0766620801663597,1.8864915896652372,2.1977561831490178,1,1,1,5.4299581522416895,0.1627
1267,1730177,2.0,2.0984813026947085,0.02794338711862688,2.043713270336139,2.1532493350532778,2.0954720064381718,0.054810994773155285,1.9846063049923282,2.2063377078840154,2.0954720064381718,0.053163393488506835,1.9875445798244615,2.203399433051882,0,1,1,3.6196559678181695,0.1528
1268,1731177,2.0,1.9663671556877134,0.035548475895915,1.8966934232264296,2.036040888148997,1.9899380261178126,0.07047148910776184,1.8473959849780732,2.1324800672575517,1.9899380261178126,0.06888040708920906,1.8501033655848982,2.129772686650727,1,1,1,3.754476922970135,0.1593
1269,1732177,2.0,2.0061276821608436,0.03843666391964181,1.9307932051924754,2.0814621591292117,2.010449415641113,0.08949592691551561,1.8294268168888261,2.1914720143934,2.010449415641113,0.0884603320046181,1.8308653943028803,2.1900334369793457,1,1,1,5.296704654578701,0.1674
1270,1733177,2.0,2.09924276013378,0.03614118715985474,2.0284073349419436,2.170078185325617,2.0852568574921175,0.0696634605477376,1.9443492083838696,2.2261645066003655,2.0852568574921175,0.06975299477779925,1.9436507497745026,2.2268629652097327,0,1,1,3.724953782014045,0.1342
1271,1734177,2.0,1.9625807916700908,0.030614280910853053,1.9025779036722268,2.022583679667955,1.9639942508608927,0.06250371259662836,1.8375685589231052,2.0904199427986803,1.9639942508608927,0.061673695942250306,1.8387899917640294,2.089198509957756,1,1,1,4.058371737474281,0.1671
1272,1735177,2.0,1.9543553700840761,0.033434491401640065,1.8888249710954474,2.0198857690727046,1.9743501407541275,0.07602518139549524,1.8205746966513117,2.1281255848569436,1.9743501407541275,0.07560721207528594,1.8208593400871844,2.1278409414210704,1,1,1,5.113720723775256,0.147
1273,1736177,2.0,1.9629549175482903,0.03264030060196412,1.8989811039238795,2.026928731172701,1.9599893512926834,0.07187381029711506,1.8146108478162641,2.105367854769103,1.9599893512926834,0.07348345688040692,1.810810002884527,2.1091686997008394,1,1,1,5.0683997139844195,0.174
1274,1737177,2.0,1.8487262373262194,0.029409601278739213,1.7910844780202075,1.9063679966322313,1.8534540608018109,0.06134507414763819,1.7293719363344013,1.9775361852692204,1.8534540608018109,0.06189837739712759,1.7277936741020703,1.9791144475015514,0,0,0,4.429760599409359,0.1569
1275,1738177,2.0,2.058742536336264,0.03426358865151475,1.9915871365981996,2.125897936074328,2.050020710270075,0.07965235023935888,1.888908624681336,2.211132795858814,2.050020710270075,0.07931521176924927,1.8890022700264673,2.211039150513683,1,1,1,5.3585499229676214,0.19
1276,1739177,2.0,2.012545094815262,0.03375531323208407,1.946385896593509,2.078704293037015,2.0120457613070437,0.0879926269581635,1.8340638737285846,2.190027648885503,2.0120457613070437,0.08931748469755266,1.8307216274911635,2.193369895122924,1,1,1,7.0014611567404375,0.1759
1277,1740177,2.0,2.0975524806768013,0.030473523009843104,2.0378254730954564,2.1572794882581463,2.0956915528428013,0.06413929305596061,1.965957587160933,2.22542551852467,2.0956915528428013,0.06317973724655454,1.9674298673537975,2.2239532383318052,0,1,1,4.298434368266457,0.156
1278,1741177,2.0,2.108359777545108,0.033790694916612844,2.042131232495966,2.17458832259425,2.0929319589709436,0.07677097428378478,1.9376480063647565,2.2482159115771307,2.0929319589709436,0.07560864135529648,1.9394382567113195,2.2464256612305675,0,1,1,5.006666017787718,0.1482
1279,1742177,2.0,2.0502325459747515,0.031355134810667255,1.9887776110154456,2.1116874809340573,2.058572111117645,0.06617023763395549,1.9247301722787686,2.192414049956522,2.058572111117645,0.06748331293173947,1.921573702510322,2.1955705197249684,1,1,1,4.632073537042863,0.169
1280,1743177,2.0,1.9364172553032437,0.03513777022174885,1.867548491171572,2.0052860194349154,1.9248899766643748,0.08017496390658538,1.7627208051562495,2.0870591481725,1.9248899766643748,0.07790991258580393,1.7667244454346431,2.0830555078941067,1,1,1,4.916284840197065,0.1731
1281,1744177,2.0,2.1107722915440825,0.0337238016507617,2.044674854886817,2.176869728201348,2.101415033347283,0.0658231321575777,1.968275181603771,2.234554885090795,2.101415033347283,0.06077716393816325,1.9780308309798469,2.224799235714719,0,1,1,3.2479385851206413,0.1582
1282,1745177,2.0,2.0308105202178157,0.03487365354342231,1.9624594152633803,2.099161625172251,2.0558195251150773,0.06446143853624185,1.925433958695313,2.186205091534841,2.0558195251150773,0.06354873379514635,1.9268087368072802,2.184830313422874,1,1,1,3.320617910193114,0.1486
1283,1746177,2.0,2.0300249935292425,0.03572173424694665,1.960011680939916,2.100038306118569,2.0331822727444777,0.09262488934032514,1.8458307501063924,2.220533795382563,2.0331822727444777,0.09434417250868149,1.8416534201503854,2.22471112533857,1,1,1,6.97533530277368,0.165
1284,1747177,2.0,2.0092726409978807,0.02939302903620645,1.951663362690376,2.0668819193053856,1.9914511781240294,0.0762927341883234,1.8371345574165296,2.145767798831529,1.9914511781240294,0.0715883297862016,1.8461191422548613,2.1367832139931973,1,1,1,5.931926658547978,0.1602
1285,1748177,2.0,1.9639223709871887,0.03277321098406497,1.899688057800689,2.0281566841736884,1.960335065615118,0.06797243022764583,1.8228478481808266,2.0978222830494095,1.960335065615118,0.06963627576877207,1.8189659100831066,2.1017042211471293,1,1,1,4.5147435400579665,0.1454
1286,1749177,2.0,1.83545227540265,0.04858629798384151,1.7402248812121897,1.9306796695931105,1.8476525249872173,0.07867654997427843,1.6885141817344258,2.006790868240009,1.8476525249872173,0.07902229553994022,1.687228736303043,2.0080763136713915,0,1,1,2.6452800957453695,0.1423
1287,1750177,2.0,1.9937445653553545,0.028494417384354934,1.9378965335215668,2.049592597189142,1.9858995184465162,0.05524144591672718,1.8741631473810505,2.097635889511982,1.9858995184465162,0.052421957371927626,1.8794772871713645,2.092321749721668,1,1,1,3.3845965141323364,0.1377
1288,1751177,2.0,1.9077030169380593,0.029331807258226057,1.8502137311104656,1.965192302765653,1.9228018837583865,0.06843420127333685,1.78438064622284,2.061223121293933,1.9228018837583865,0.06665553532157897,1.7874839530402782,2.0581198144764947,0,1,1,5.164101815474501,0.1549
1289,1752177,2.0,1.9650323121533932,0.031145429011383313,1.903988393008033,2.0260762312987537,1.9676225442829727,0.06616203179487315,1.8337972033202994,2.101447885245646,1.9676225442829727,0.06027863054911467,1.8452504185011418,2.0899946700648036,1,1,1,3.745744232358739,0.1801
1290,1753177,2.0,1.9643032919557624,0.034897228013658535,1.8959059818887094,2.0327006020228153,1.9557925466299426,0.07454186014471038,1.8050174029525867,2.1065676903072985,1.9557925466299426,0.07298992069034972,1.8076151299541,2.103969963305785,1,1,1,4.374656133829186,0.1404
1291,1754177,2.0,1.992652934300782,0.030154721398911337,1.9335507663950764,2.0517551022064873,1.9987352024199925,0.06977961218973948,1.85759261444012,2.139877790399865,1.9987352024199925,0.06908017414973751,1.858494993193696,2.138975411646289,1,1,1,5.248028764878806,0.1686
1292,1755177,2.0,2.0297972442377024,0.035233219699570016,1.960741402567158,2.098853085908247,2.0082544509010893,0.06643257298508105,1.8738818887294866,2.1426270130726923,2.0082544509010893,0.06176958940935604,1.8828555177163873,2.1336533840857914,1,1,1,3.073581724774382,0.1985
1293,1756177,2.0,2.0567391944146265,0.033707238197928285,1.9906742215283741,2.122804167300879,2.046066288705051,0.07363959540920874,1.897116147715664,2.1950164296944386,2.046066288705051,0.07097845650767877,1.9019723614138404,2.190160215996262,1,1,1,4.434113053489006,0.1786
1294,1757177,2.0,2.114317089939353,0.032723462003820744,2.0501802829623994,2.1784538969163068,2.1328046225131096,0.06846142653717914,1.9943283166835937,2.2712809283426254,2.1328046225131096,0.06943008430501536,1.9918540579064083,2.273755187119811,0,1,1,4.501703604081468,0.1662
1295,1758177,2.0,2.005820670693867,0.030839936242203027,1.9453755063736375,2.0662658350140966,2.0294170399383322,0.06889207168931503,1.8900696720698331,2.1687644078068313,2.0294170399383322,0.059172242226071634,1.9092910018628344,2.14954307801383,1,1,1,3.681366955803193,0.189
1296,1759177,2.0,2.0074005281288145,0.03571142933268384,1.937407412800307,2.077393643457322,2.0118837197598545,0.06965464714473815,1.870993897441828,2.1527735420778806,2.0118837197598545,0.06910348501795534,1.8715961869551745,2.1521712525645342,1,1,1,3.7444275718692723,0.1643
1297,1760177,2.0,2.0491949530979294,0.03848428950531122,1.9737671316969068,2.124622774498952,2.0548412532270746,0.08537712206465524,1.8821497236480262,2.2275327828061227,2.0548412532270746,0.08731969360055071,1.877572850956206,2.2321096554979434,1,1,1,5.14822429981523,0.1537
1298,1761177,2.0,1.9422230938498384,0.03182080510725892,1.8798554618805428,2.004590725819134,1.9372343490211437,0.0634547301266759,1.8088850425605332,2.065583655481754,1.9372343490211437,0.06497721811167652,1.8053235833769774,2.06914511466531,1,1,1,4.169652865700716,0.1636
1299,1762177,2.0,2.0553098866121493,0.03244619720989052,1.99171650864548,2.118903264578819,2.0509794828387564,0.05163056031439763,1.946546817294414,2.155412148383099,2.0509794828387564,0.05297356364538303,1.9434374312945901,2.1585215343829227,1,1,1,2.665574177957699,0.1546
1300,1763177,2.0,2.067862961285412,0.03033897144316023,2.0083996699288287,2.1273262526419954,2.0462886818553034,0.061495467271267375,1.9219023585822932,2.170675005128314,2.0462886818553034,0.057648769618579065,1.9292554575987486,2.1633219061118583,0,1,1,3.6105916966084424,0.1475
1301,1764177,2.0,1.9752994776376114,0.028804360233065686,1.918843968983085,2.031754986292138,2.004752563349101,0.06838912199578309,1.8664225072589442,2.143082619439258,2.004752563349101,0.06232302735960036,1.8782300913938133,2.1312750353043888,1,1,1,4.681452433182187,0.147
1302,1765177,2.0,2.140114778723205,0.03106978738370632,2.079219114443824,2.2010104430025863,2.1331568012048567,0.06971290503098815,1.992149141189292,2.2741644612204213,2.1331568012048567,0.06814690290909153,1.9948112333234036,2.27150236908631,0,1,1,4.810782069520719,0.1528
1303,1766177,2.0,1.9946271968133014,0.03021478901571558,1.9354072985420223,2.0538470950845804,2.001354881857476,0.06042798212855475,1.8791277510899047,2.1235820126250475,2.001354881857476,0.061322283199863506,1.8768640285550204,2.1258457351599316,1,1,1,4.119054146586068,0.1764
1304,1767177,2.0,1.8572889656438614,0.032084594079173155,1.794404316790095,1.9201736144976278,1.8559942515582266,0.0528484686029934,1.7490981339771041,1.9628903691393491,1.8559942515582266,0.05416059176848891,1.746042404810287,1.9659460983061663,0,0,0,2.8495330828723295,0.1498
1305,1768177,2.0,2.1247818055413688,0.0317824189829523,2.06248940899322,2.1870742020895175,2.12757364011442,0.07923309992318149,1.9673095683334356,2.2878377118954045,2.12757364011442,0.08006140464378103,1.9650403478002214,2.2901069324286185,0,1,1,6.345597384309531,0.1392
1306,1769177,2.0,2.0260648024559136,0.030598672790361405,1.9660925058120795,2.0860370990997477,2.0242133423074318,0.07553744951859828,1.8714244290434279,2.177002255571436,2.0242133423074318,0.07659116336914551,1.8687250143178122,2.1797016702970513,1,1,1,6.265448340044827,0.1518
1307,1770177,2.0,1.9751688242513836,0.03677131573030929,1.9030983697558264,2.047239278746941,1.9647280676043744,0.08866287418837304,1.7853904770391906,2.1440656581695583,1.9647280676043744,0.08815937543136766,1.7857550205915564,2.1437011146171923,1,1,1,5.74802528431768,0.1507
1308,1771177,2.0,2.0528956155945197,0.03212554511135479,1.9899307041925476,2.115860526996492,2.0630912324139006,0.0866363060158983,1.887852762890017,2.238329701937784,2.0630912324139006,0.08670966997828526,1.887061243935013,2.2391212208927884,1,1,1,7.285075472992938,0.1612
1309,1772177,2.0,1.9898260651347153,0.03062829381533573,1.9297957123487464,2.049856417920684,1.9768742111594477,0.0617913161637758,1.8518894770178578,2.101858945301038,1.9768742111594477,0.06254425655842957,1.8499026200536564,2.103845802265239,1,1,1,4.169934756261543,0.1362
1310,1773177,2.0,1.9591953332328391,0.03272586720838885,1.8950538121415565,2.0233368543241217,1.9774630995444713,0.07919214499805012,1.8172818669186808,2.137644332170262,1.9774630995444713,0.07868183745087212,1.8177304775261511,2.1371957215627915,1,1,1,5.78051668636748,0.1577
1311,1774177,2.0,1.958814269737404,0.031183032696880164,1.897696648722784,2.019931890752024,1.9642452703486855,0.07162360019026258,1.8193728645834981,2.109117676113873,1.9642452703486855,0.06949846076527741,1.8231558941479005,2.1053346465494704,1,1,1,4.967223161683757,0.1824
1312,1775177,2.0,2.0135100463070645,0.03547153535489044,1.9439871145351402,2.083032978078989,2.020161048592018,0.07419155130514263,1.8700944714236645,2.170227625760371,2.020161048592018,0.07347852599441283,1.8709917104146114,2.169330386769424,1,1,1,4.291023543260601,0.1787
1313,1776177,2.0,2.095916909661324,0.036341994038721404,2.0246879102190607,2.167145909103587,2.1138096270157902,0.05632041475094127,1.999890835486357,2.2277284185452237,2.1138096270157902,0.055774940843119125,2.0005804774124805,2.2270387766191,0,1,0,2.3553786332127107,0.1813
1314,1777177,2.0,2.0477870996571363,0.029633573490208454,1.9897063628831069,2.105867836431166,2.032842682071506,0.05992203298044629,1.911638930051814,2.154046434091198,2.032842682071506,0.05811808266716535,1.9148567016741849,2.150828662468827,1,1,1,3.846400522256826,0.1613
1315,1778177,2.0,2.0675510136449753,0.029356091788384914,2.010014131012889,2.1250878962770616,2.053587515466968,0.06832161977524569,1.9153939955053747,2.1917810354285616,2.053587515466968,0.06888577912373268,1.9137419491241765,2.1934330818097596,0,1,1,5.506335580666457,0.154
1316,1779177,2.0,1.9225688646069998,0.03571354502337706,1.8525716026009311,1.9925661266130685,1.9193927416336218,0.08110762946062024,1.7553370759779192,2.0834484072893242,1.9193927416336218,0.08263468953304037,1.751635403264091,2.087150080003153,0,1,1,5.353759725391986,0.1446
1317,1780177,2.0,1.9280270843003309,0.033528813460212636,1.8623118174739524,1.9937423511267094,1.9391673119217743,0.08131723218589383,1.7746876847368458,2.1036469391067025,1.9391673119217743,0.08269382641127974,1.7712899193068776,2.107044704536671,0,1,1,6.08288781496714,0.1498
1318,1781177,2.0,1.9185127226530287,0.03475145856229509,1.8504011154606943,1.9866243298453632,1.9124012815392424,0.07017301498118574,1.7704629613051943,2.0543396017732904,1.9124012815392424,0.06660706125753113,1.7771817584028722,2.0476208046756126,0,1,1,3.6736220329727516,0.1496
1319,1782177,2.0,1.834890638161632,0.030712858788813326,1.7746945410732933,1.8950867352499705,1.8420950272989132,0.06405883960474909,1.712523794082296,1.9716662605155304,1.8420950272989132,0.06224885533701134,1.7157231325547377,1.9684669220430886,0,0,0,4.107922614451909,0.18
1320,1783177,2.0,1.9936987394317816,0.030961214521253538,1.933015874052506,2.054381604811057,1.9767762328706115,0.07991347244739802,1.8151359777626517,2.138416487978571,1.9767762328706115,0.07826782183388602,1.8178841072387544,2.135668358502469,1,1,1,6.390436422306331,0.1335
1321,1784177,2.0,2.029057762782659,0.03139109962657782,1.9675323380794578,2.0905831874858603,2.031397636956366,0.07087436805396449,1.8880406962302685,2.1747545776824633,2.031397636956366,0.07181209179409045,1.8856113400609416,2.1771839338517904,1,1,1,5.233377901310715,0.1578
1322,1785177,2.0,1.9990030587658416,0.0315505988095025,1.9371650214085445,2.0608410961231387,1.9819198605122301,0.058199505599571766,1.8642002489853478,2.0996394720391125,1.9819198605122301,0.05637938642651557,1.8674636211378712,2.096376099886589,1,1,1,3.193195273456118,0.1393
1323,1786177,2.0,2.0254723563155874,0.034658183257402726,1.957543565361489,2.093401147269686,2.0574345456712413,0.06311795006479437,1.929766441183848,2.1851026501586346,2.0574345456712413,0.05875493860910047,1.9381556789770442,2.176713412365438,1,1,1,2.873936487009992,0.16
1324,1787177,2.0,2.0630216824805645,0.03312467435509291,1.998098513744965,2.127944851216164,2.062447899028231,0.06969970103653113,1.9214669466123628,2.2034288514440994,2.062447899028231,0.07010982462888046,1.9201173882008997,2.2047784098555625,1,1,1,4.479757720651108,0.1666
1325,1788177,2.0,1.9504622271952012,0.029351353459002617,1.892934631518051,2.0079898228723514,1.9782319259637375,0.07703266886539611,1.8224186461035023,2.1340452058239725,1.9782319259637375,0.06843813718127753,1.8392951210773414,2.1171687308501337,1,1,1,5.43675916406376,0.1457
1326,1789177,2.0,1.9310532931649935,0.029710909361699674,1.8728209808681282,1.9892856054618588,1.9315008756406444,0.06112723843654876,1.8078593654881152,2.055142385793174,1.9315008756406444,0.0592390795705488,1.8112391505422205,2.0517626007390684,0,1,1,3.9754355327264914,0.1581
1327,1790177,2.0,2.070754717229581,0.028711502636668104,2.014481206119685,2.1270282283394772,2.069749784195118,0.06331342190948654,1.941686300582343,2.1978132678078928,2.069749784195118,0.06539548492459041,1.9369898917779313,2.202509676612305,0,1,1,5.187805493046331,0.1515
1328,1791177,2.0,1.8945419505404544,0.031241656365146704,1.8333094292473904,1.9557744718335184,1.8816550548464552,0.08222150399039659,1.7153463652933139,2.047963744399597,1.8816550548464552,0.08407126690528909,1.7109813093639772,2.052328800328933,0,1,1,7.241475767589126,0.1616
1329,1792177,2.0,2.081947551401232,0.04776026212869316,1.9883391577368013,2.175555945065663,2.09912709032454,0.06636370019284488,1.9648938365244308,2.233360344124649,2.09912709032454,0.06604681097844602,1.965044935721545,2.233209244927535,1,1,1,1.9123628671391477,0.14
1330,1793177,2.0,2.0946947809907126,0.0412536589509739,2.0138390952163054,2.1755504667651198,2.0807004370404973,0.0810630434385371,1.916734955126823,2.244665918954172,2.0807004370404973,0.07540023452980821,1.9276298231295985,2.2337710509513964,0,1,1,3.3405689927509727,0.1575
1331,1794177,2.0,1.9956544807000556,0.029982574808156772,1.9368897139122905,2.0544192474878207,1.9985572256799478,0.055914084316868305,1.8854603150300484,2.111654136329847,1.9985572256799478,0.055163635073752514,1.886569092765614,2.1105453585942815,1,1,1,3.3850719315384574,0.1645
1332,1795177,2.0,2.0136282283792193,0.030680486007630205,1.953495580776079,2.0737608759823596,2.0293252032457323,0.0807403855596027,1.8660123584940567,2.192638047997408,2.0293252032457323,0.0816724956933963,1.8635212222185764,2.195129184272888,1,1,1,7.086424809708128,0.1579
1333,1796177,2.0,1.9637108539293988,0.030892784548781988,1.9031621088316306,2.024259599027167,1.9721809700644357,0.0707721897763521,1.82903070441269,2.1153312357161815,1.9721809700644357,0.07002740457874812,1.8300177808343248,2.1143441592945464,1,1,1,5.1383294918633435,0.1897
1334,1797177,2.0,1.97075693154776,0.03423031929900347,1.9036667385424069,2.0378471245531133,1.9650198742686218,0.0917532192663323,1.7794314707744694,2.150608277762774,1.9650198742686218,0.09171956725904847,1.7788192536003369,2.1512204949369065,1,1,1,7.179630495675111,0.1465
1335,1798177,2.0,1.959721956869362,0.03219501255901202,1.8966208917718836,2.02282302196684,1.9569778345998756,0.07345306922645096,1.8084049784267018,2.1055506907730495,1.9569778345998756,0.07261070639506303,1.8095702638714002,2.104385405328351,1,1,1,5.086559464141368,0.1677
1336,1799177,2.0,2.1558278847307433,0.029217727744546847,2.0985621906413345,2.213093578820152,2.1411399348161053,0.06139371773505713,2.0169594194061053,2.2653204502261053,2.1411399348161053,0.058846654488378516,2.0216748749882396,2.260604994643971,0,0,0,4.056492519447119,0.1464
1337,1800177,2.0,2.0338180375446804,0.030308930738107816,1.9744136248880702,2.093222450201291,2.0413908474778983,0.07750042487254843,1.8846314417892036,2.198150253166593,2.0413908474778983,0.07884629782126441,1.8813243531577617,2.2014573417980348,1,1,1,6.767392749010461,0.1756
1338,1801177,2.0,1.9495161663616256,0.030206973696187068,1.8903115858351502,2.008720746888101,1.9694643616390701,0.06343175097054427,1.8411615349089172,2.097767188369223,1.9694643616390701,0.0637345744000925,1.8400762968457811,2.098852426432359,1,1,1,4.451801027131417,0.1525
1339,1802177,2.0,1.9376374644316898,0.03439290420882646,1.8702286108586539,2.0050463180047258,1.9373524921317962,0.07611838711362744,1.783388521669219,2.0913164625943734,1.9373524921317962,0.07523623462241323,1.784614815733132,2.0900901685304603,1,1,1,4.78537971184262,0.1605
1340,1803177,2.0,2.1498062847152877,0.029992887572117235,2.0910213052815787,2.2085912641489966,2.138793011211406,0.06447120216334466,2.008387695991755,2.2691983264310576,2.138793011211406,0.06264934115360228,2.011608087035818,2.2659779353869944,0,0,0,4.363112962047196,0.1675
1341,1804177,2.0,1.9388365082853558,0.03558098879003221,1.8690990517225692,2.0085739648481424,1.9504569456795027,0.056902061812270616,1.8353616619204525,2.065552229438553,1.9504569456795027,0.05554020563056275,1.837704333892243,2.0632095574667626,1,1,1,2.4365702703688727,0.1586
1342,1805177,2.0,1.8583325902586538,0.03247743239407605,1.7946779924559304,1.9219871880613772,1.882583933820392,0.07702388078451863,1.7267884295315523,2.038379438109232,1.882583933820392,0.07076477761265432,1.73892379774807,2.026244069892714,0,1,1,4.747564978990738,0.1519
1343,1806177,2.0,1.9504653596967034,0.02985962469164419,1.891941570709198,2.008989148684209,1.958320392436743,0.06743235515756965,1.8219255799428329,2.094715204930653,1.958320392436743,0.06819730561172734,1.8198725016290638,2.096768283244422,1,1,1,5.216338232042234,0.153
1344,1807177,2.0,2.023054685696449,0.03503464697974419,1.9543880394050754,2.0917213319878227,2.030705615966437,0.06363272329546585,1.9019962843394866,2.1594149475933877,2.030705615966437,0.06301499631532465,1.9027783723480305,2.158632859584844,1,1,1,3.2351344835899067,0.144
1345,1808177,2.0,1.8894472426685458,0.03379850365565238,1.8232033927721218,1.9556910925649698,1.8934969164553435,0.06922659348241668,1.7534729143933832,2.0335209185173038,1.8934969164553435,0.07116257775945538,1.7490292031511416,2.0379646297595455,0,1,1,4.433108859251909,0.1585
1346,1809177,2.0,1.9882037259962528,0.0335753748297287,1.922397200562552,2.0540102514299536,1.9891925480876242,0.05892336889305461,1.8700087848496663,2.1083763113255825,1.9891925480876242,0.05849214878557833,1.870447173097623,2.1079379230776256,1,1,1,3.0349630817655866,0.152
1347,1810177,2.0,1.986002767158634,0.03823391965702904,1.911065661643059,2.0609398726742088,2.008964988948515,0.07122401707854996,1.8649008163151888,2.153029161581841,2.008964988948515,0.0654365267932629,1.8761217771083458,2.1418082007886836,1,1,1,2.9291582378304843,0.1533
1348,1811177,2.0,1.8706513860232503,0.038120853504922385,1.795935886093675,1.9453668859528257,1.8700179313015737,0.06519303067283953,1.7381525801099431,2.0018832824932042,1.8700179313015737,0.06474438418879878,1.7385798436502071,2.0014560189529402,0,1,1,2.884556019264109,0.1466
1349,1812177,2.0,2.089689617480155,0.03480883484968355,2.0214655548309723,2.1579136801293375,2.056262187869652,0.0855948717941768,1.8831302178898601,2.2293941578494443,2.056262187869652,0.0747041858482989,1.9046046279055335,2.207919747833771,0,1,1,4.60586178312115,0.1738
1350,1813177,2.0,2.0549043154590776,0.036409321740226666,1.9835433561467022,2.126265274771453,2.0526940847117943,0.08350805836312,1.8837830933108115,2.221605076112777,2.0526940847117943,0.08587365095323529,1.8783613050838288,2.2270268643397597,1,1,1,5.562815776823444,0.1436
1351,1814177,2.0,1.997847344368503,0.03502447623684924,1.9292006323668995,2.0664940563701064,1.9942813889639348,0.07489547987016232,1.8427909818787616,2.1457717960491083,1.9942813889639348,0.07400714327094485,1.8440389006624307,2.144523877265439,1,1,1,4.46482027788679,0.1412
1352,1815177,2.0,1.9636692758167955,0.031009317057197252,1.9028921311995053,2.0244464204340855,1.9492754487656665,0.07451780431165225,1.7985489626034112,2.1000019349279215,1.9492754487656665,0.07286828586047588,1.801344963922302,2.0972059336090307,1,1,1,5.521952973040574,0.1531
1353,1816177,2.0,1.8630897574767817,0.03548661437665063,1.7935372713652853,1.9326422435882782,1.8855942371979448,0.07401499839725284,1.7358847719932862,2.0353037024026035,1.8855942371979448,0.0628783322925118,1.757944436295757,2.0132440381001326,0,1,1,3.1395896927386016,0.1618
1354,1817177,2.0,2.1410177772530954,0.03230314381408466,2.0777047787900718,2.204330775716119,2.1356043598735353,0.07950199208800698,1.9747964023522893,2.2964123173947812,2.1356043598735353,0.08041046562919851,1.9723624360853977,2.298846283661673,0,1,1,6.196344739615634,0.1545
1355,1818177,2.0,2.0366829578707204,0.035853109437098594,1.966412154640234,2.106953761101207,2.031241520311463,0.05974574124594796,1.9103943519824182,2.1520886886405077,2.031241520311463,0.06007486871148212,1.9092830530516847,2.153199987571241,1,1,1,2.8075791415263933,0.1534
1356,1819177,2.0,2.035897855412523,0.03517769825435631,1.966950833774967,2.1048448770500787,2.0343297896936345,0.06311674836279128,1.9066641158779716,2.1619954635092977,2.0343297896936345,0.0619842895634928,1.9084949920238228,2.1601645873634463,1,1,1,3.1047627349796745,0.171
1357,1820177,2.0,1.972829735294751,0.032567343771216,1.9089989144310329,2.0366605561584694,1.9776916497334298,0.07382484539095209,1.8283668052880333,2.127016494178826,1.9776916497334298,0.07605769602903564,1.82328631802043,2.1320969814464297,1,1,1,5.4540818851687245,0.1702
1358,1821177,2.0,2.067767497576772,0.032469990414616214,2.0041274857857636,2.1314075093677807,2.0903520297219527,0.0646600071362832,1.9595648203978806,2.2211392390460247,2.0903520297219527,0.05233341761835639,1.9841095437024912,2.196594515741414,0,1,1,2.5977291839910883,0.1332
1359,1822177,2.0,2.0837952419406305,0.03216416891537347,2.020754629273836,2.146835854607425,2.0785054832670435,0.0647268398876514,1.947583091943618,2.209427874590469,2.0785054832670435,0.06385043589426173,1.9488822071358625,2.2081287593982246,0,1,1,3.940787931309202,0.1463
1360,1823177,2.0,1.966438955781394,0.03003537655100601,1.9075706994793233,2.0253072120834648,1.979258497263867,0.06158715547512033,1.8546867170934487,2.103830277434285,1.979258497263867,0.061551355410125776,1.854302602651216,2.1042143918765177,1,1,1,4.199611146148584,0.1842
1361,1824177,2.0,1.9825664178623796,0.03355291360269977,1.916803915624704,2.0483289201000554,1.9791160665508267,0.08285006325024007,1.811535995890095,2.1466961372115585,1.9791160665508267,0.08435104258428733,1.8078743462442828,2.150357786857371,1,1,1,6.3200488134466575,0.169
1362,1825177,2.0,1.9774541676484458,0.038298253176437015,1.9023909707518325,2.052517364545059,1.9604213492931202,0.0579102202266767,1.843286872663292,2.077555825922948,1.9604213492931202,0.05614428028836641,1.846442400753798,2.074400297832442,1,1,1,2.1490825925313355,0.132
1363,1826177,2.0,1.9793697571558635,0.03370027765929088,1.9133184266746537,2.0454210876370733,1.9832081381034854,0.07677214778739007,1.8279218118622111,2.1384944643447596,1.9832081381034854,0.07546348332203599,1.8300091223180326,2.136407153888938,1,1,1,5.0142587120487985,0.1572
1364,1827177,2.0,1.9903648567571524,0.03150710014723537,1.9286120752112743,2.0521176383030304,1.976585377666972,0.07756870211936152,1.819687868211103,2.133482887122841,1.976585377666972,0.07763431619998139,1.8189793368450957,2.134191418488848,1,1,1,6.071424481005436,0.1407
1365,1828177,2.0,1.9552048562600943,0.031764351536815436,1.8929478712556667,2.017461841264522,1.943457330170909,0.06668897921064636,1.8085661374550144,2.0783485228868037,1.943457330170909,0.06553123691036197,1.8104218465711317,2.0764928137706864,1,1,1,4.256148215385407,0.1634
1366,1829177,2.0,2.0925509691980104,0.037562561502678934,2.018929701485689,2.166172236910332,2.0597489623343543,0.08544865953738472,1.8869127345587737,2.232585190109935,2.0597489623343543,0.07332695002312993,1.9108873397379815,2.208610584930727,0,1,1,3.8108060111195274,0.1614
1367,1830177,2.0,1.9099335282890468,0.03284090847778038,1.845566530453021,1.9743005261250726,1.9392459756433398,0.0801450647157444,1.777137280957045,2.1013546703296346,1.9392459756433398,0.06899083403140495,1.799187136499581,2.0793048147870987,0,1,1,4.413188373334418,0.1618
1368,1831177,2.0,1.8999934854711786,0.034060335592231,1.8332364544090582,1.966750516533299,1.8824586017863294,0.08808819570722995,1.7042834081668943,2.0606337954057645,1.8824586017863294,0.08551709772111324,1.708849663701738,2.0560675398709205,0,1,1,6.303881799357345,0.1588
1369,1832177,2.0,2.0789862410401736,0.04353464464319719,1.9936599054597575,2.1643125766205897,2.105973349450036,0.08322826713796792,1.9376282892196746,2.2743184096803977,2.105973349450036,0.08349242153097963,1.9364747225511747,2.2754719763488973,1,1,1,3.6781048601407207,0.1654
1370,1833177,2.0,2.0299656954145933,0.030097005821405915,1.9709766479621453,2.0889547428670414,2.0331684326399038,0.06931693200715927,1.8929617036642172,2.1733751616155903,2.0331684326399038,0.07085561353221533,1.8893238898471112,2.1770129754326963,1,1,1,5.542452008063816,0.1367
1371,1834177,2.0,2.1062440973916483,0.03472892936426812,2.0381766466160474,2.1743115481672493,2.0826977993524824,0.08388185513032193,1.9130307326245413,2.2523648660804234,2.0826977993524824,0.07542774833969217,1.9295713294380017,2.235824269266963,0,1,1,4.7171479406485135,0.1582
1372,1835177,2.0,1.9950522807401172,0.030450835127908714,1.935369740590249,2.0547348208899856,1.9932852598364117,0.06534794478269494,1.861106565281391,2.1254639543914324,1.9932852598364117,0.06585854687401574,1.8595853016844255,2.126985217988398,1,1,1,4.677630066951029,0.1702
1373,1836177,2.0,2.1737355965330214,0.029537177714361876,2.115843792007913,2.23162740105813,2.1713929886030137,0.057684441317772055,2.054715192922163,2.2880707842838643,2.1713929886030137,0.058521528101793986,2.0525879704302366,2.2901980067757908,0,0,0,3.9254850129967633,0.1394
1374,1837177,2.0,1.9992213283939886,0.033209581913990774,1.934131743900934,2.064310912887043,2.0042084981957045,0.0726448259410296,1.857270468377133,2.151146528014276,2.0042084981957045,0.07322044992408017,1.8555630822947722,2.152853914096637,1,1,1,4.861138222723192,0.17
1375,1838177,2.0,1.9236962024897153,0.03385589577078579,1.8573398661146332,1.9900525388647974,1.928753057304402,0.06732238363458126,1.7925806832115032,2.064925431397301,1.928753057304402,0.06849701169930765,1.7896967307921812,2.067809383816623,0,1,1,4.093309959126922,0.1505
1376,1839177,2.0,1.8922595268470601,0.029270879366070996,1.8348896574937443,1.949629396200376,1.881202097271507,0.06333998522675163,1.7530848842780937,2.00931931026492,1.881202097271507,0.06188948655048065,1.7555597599500332,2.006844434592981,0,1,1,4.470563002753148,0.1675
1377,1840177,2.0,2.1483819782172695,0.03377807789331308,2.082178162079387,2.214585794355152,2.155495026058594,0.06663101298555822,2.020721081099854,2.2902689710173343,2.155495026058594,0.06741367504821157,2.0186379898707276,2.2923520622464606,0,0,0,3.9831452236142586,0.1687
1378,1841177,2.0,2.1251548116547943,0.032997569053868685,2.0604807647318384,2.18982885857775,2.127418839719042,0.0626403485256497,2.000716775528272,2.254120903909812,2.127418839719042,0.0644335780951042,1.9966117219826334,2.2582259574554504,0,0,1,3.8129455664952827,0.1513
1379,1842177,2.0,2.088557694770068,0.03207742676333117,2.0256870935972175,2.1514282959429183,2.0777828068626736,0.06649699435920646,1.9432799401625709,2.2122856735627763,2.0777828068626736,0.067018391130395,1.9417282396902762,2.2138373740350707,0,1,1,4.365047272280777,0.1569
1380,1843177,2.0,1.9375456570098009,0.036983949622484434,1.8650584477436876,2.010032866275914,1.9698555355677252,0.07750296766733905,1.8130909865910958,2.1266200845443546,1.9698555355677252,0.06565688910280723,1.8365649644558628,2.1031461066795876,1,1,1,3.1516212880954373,0.1589
1381,1844177,2.0,1.9494196300674385,0.0322313248950141,1.8862473940992015,2.012591866035675,1.9455159310779084,0.05937122330431906,1.8254262967887873,2.0656055653670293,1.9455159310779084,0.06051299272517661,1.822668024784372,2.068363837371445,1,1,1,3.5248524969554507,0.1661
1382,1845177,2.0,1.9979724626842372,0.03586562586634685,1.9276771277032092,2.068267797665265,1.9902065260931303,0.07281844368228702,1.8429173212457601,2.1374957309405005,1.9902065260931303,0.0686086649905347,1.850923531349174,2.1294895208370863,1,1,1,3.6593260717485325,0.1696
1383,1846177,2.0,2.10503222992175,0.02985103869520071,2.046525269178045,2.163539190665455,2.1063279599443203,0.08114634027543227,1.9421939942749902,2.2704619256136507,2.1063279599443203,0.08091372455958706,1.9420643662116381,2.2705915536770025,0,1,1,7.3472613876068165,0.1433
1384,1847177,2.0,1.9977934502585653,0.030126053471315122,1.9387474704584597,2.056839430058671,1.994100449179735,0.0605497937241062,1.8716269312038865,2.1165739671555834,1.994100449179735,0.0603820519503198,1.8715183667913666,2.1166825315681033,1,1,1,4.01727211076557,0.151
1385,1848177,2.0,2.06702991498379,0.03644397730420297,1.9956010320141568,2.138458797953423,2.0862928887233996,0.07647884701069411,1.9315998192999881,2.240985958146811,2.0862928887233996,0.07331129558904033,1.9374630463177844,2.2351227311290147,1,1,1,4.0465997859428295,0.1658
1386,1849177,2.0,2.026326746599928,0.03252679837037144,1.9625753932616041,2.0900780999382524,2.030163920710211,0.0688181018499983,1.8909661709640546,2.1693616704563676,2.030163920710211,0.06913800643665145,1.8898063056997418,2.1705215357206806,1,1,1,4.518050389759975,0.1607
1387,1850177,2.0,1.8885930892613234,0.03471332763953937,1.8205562173042875,1.9566299612183593,1.8881436687930797,0.07347875697215561,1.7395188542499127,2.0367684833362465,1.8881436687930797,0.07477587750965144,1.7363405670188599,2.0399467705672993,0,1,1,4.64013420576874,0.1477
1388,1851177,2.0,1.924339344358755,0.033182305563684705,1.85930322052993,1.9893754681875802,1.9329237858763306,0.07405042731461821,1.7831426589222104,2.082704912830451,1.9329237858763306,0.07308791254438828,1.7845474351607002,2.081300136591961,0,1,1,4.851521942167893,0.1397
1389,1852177,2.0,2.134716133040713,0.037219619675861994,2.0617670189577453,2.207665247123681,2.1387329487298707,0.07034015192052256,1.9964565621262236,2.281009335333518,2.1387329487298707,0.07110783008059324,1.9943763791225801,2.283089518337161,0,1,1,3.649984244996897,0.1732
1390,1853177,2.0,2.016555811291782,0.03022009417614887,1.9573255150971216,2.0757861074864423,1.9936126820322322,0.05492889471515351,1.8825085054442359,2.1047168586202285,1.9936126820322322,0.05387746724332577,1.8842356086275085,2.102989755436956,1,1,1,3.1785036628196006,0.1444
1391,1854177,2.0,1.962889671410001,0.029428531210942115,1.9052108101186416,2.0205685327013603,1.970133784250657,0.058630330432952765,1.8515427472451684,2.0887248212561453,1.970133784250657,0.05174666735992557,1.8650824645827389,2.075185103918575,1,1,1,3.0919153592188273,0.1677
1392,1855177,2.0,2.047310514857561,0.034064968079429644,1.9805444042873723,2.11407662542775,2.060532583333843,0.0741294536520868,1.910591610524481,2.2104735561432047,2.060532583333843,0.07436507982416947,1.9095634451978267,2.2115017214698587,1,1,1,4.765649787550557,0.133
1393,1856177,2.0,1.9474935707417576,0.03566189742083796,1.8775975361765533,2.017389605306962,1.9373822771368339,0.05103540455158312,1.8341534277499438,2.0406111265237237,1.9373822771368339,0.05150413302593808,1.8328233283432167,2.0419412259304512,1,1,1,2.0858125162886623,0.1817
1394,1857177,2.0,1.9355522952492485,0.03551476599169598,1.8659446329861564,2.0051599575123404,1.9419941449207794,0.07663410071183034,1.7869870452457775,2.097001244595781,1.9419941449207794,0.07704291385183264,1.7855887146946658,2.098399575146893,1,1,1,4.705951912234939,0.1484
1395,1858177,2.0,2.070107888059832,0.03076365306160868,2.009812236026194,2.13040354009347,2.0646921712799884,0.08322839631180347,1.8963468497708824,2.2330374927890944,2.0646921712799884,0.08481242680019647,1.8925137912187577,2.236870551341219,0,1,1,7.600517625570829,0.1439
1396,1859177,2.0,1.9847575436989366,0.029885417190506733,1.9261832023425893,2.043331885055284,1.9737571854882294,0.06510015343837482,1.8420796962354289,2.10543467474103,1.9737571854882294,0.06587607974492285,1.8400216337160098,2.1074927372604493,1,1,1,4.858887542547807,0.1652
1397,1860177,2.0,2.0418626923138037,0.03027156769591059,1.9825315098742529,2.1011938747533545,2.0750302273236825,0.05909108825200948,1.955507219661252,2.1945532349861128,2.0750302273236825,0.05092748641230803,1.9716419333921944,2.1784185212551708,1,1,1,2.8303142491461606,0.1479
1398,1861177,2.0,1.9885093619855483,0.03320052392116941,1.9234375308321958,2.0535811931389008,1.982362557947205,0.07223419884086701,1.8362550998356535,2.1284700160587566,1.982362557947205,0.07414191487293803,1.8318464687479916,2.1328786471464185,1,1,1,4.986981102786154,0.1725
1399,1862177,2.0,2.080330974365238,0.05384298964167659,1.9748006538475886,2.185861294882887,2.0669828562269053,0.10604112593461107,1.8524944336484928,2.2814712788053177,2.0669828562269053,0.10759146467583645,1.848560570776423,2.2854051416773875,1,1,1,3.9929815835997227,0.1636
1400,1863177,2.0,1.9891815572566554,0.029413109184196897,1.931532922582285,2.0468301919310257,1.9700186498752177,0.056180088487240466,1.8563836950052146,2.0836536047452205,1.9700186498752177,0.05080245181177724,1.8668841896775727,2.073153110072863,1,1,1,2.9832350641780017,0.1498
1401,1864177,2.0,2.0856195300609537,0.034010548222946406,2.018960080449516,2.1522789796723916,2.0903840006966066,0.0648426980082055,1.9592272642047237,2.2215407371884894,2.0903840006966066,0.06421216937478078,1.9600263665587103,2.220741634834503,0,1,1,3.5645722368704917,0.1694
1402,1865177,2.0,2.0825741201694905,0.03092042598967652,2.0219711988430884,2.1431770414958926,2.072313122938598,0.06742796099127764,1.9359271984849475,2.208699047392248,2.072313122938598,0.06568814930492925,1.9389590902425686,2.205667155634627,0,1,1,4.5131847853315925,0.1409
1403,1866177,2.0,1.8589955855965423,0.037602247888873924,1.7852965339966023,1.9326946371964824,1.8745170857880427,0.07105360263896826,1.7307976088943016,2.0182365626817838,1.8745170857880427,0.07091682185826742,1.7305482834872568,2.0184858880888283,0,1,1,3.5568939160354764,0.1942
1404,1867177,2.0,2.0920580808871225,0.035966325558636957,2.0215653781359517,2.1625507836382933,2.058821052672137,0.07787170668669849,1.901310658629186,2.216331446715088,2.058821052672137,0.06790189717126434,1.9209728728815136,2.19666923246276,0,1,1,3.5642788617631807,0.1433
1405,1868177,2.0,2.00814779792955,0.032934449831584764,1.9435974624090027,2.0726981334500976,2.020366737297686,0.06878743986001186,1.8812310072802654,2.159502467315107,2.020366737297686,0.06532433986844594,1.887751277023034,2.152982197572338,1,1,1,3.9341347713056516,0.1767
1406,1869177,2.0,2.1264627116505372,0.03485039689529529,2.058157188888832,2.1947682344122423,2.115634603409459,0.060003498560777926,1.9942660717001346,2.2370031351187833,2.115634603409459,0.061153732420584465,1.9914859263803304,2.2397832804385875,0,1,1,3.0791474082816457,0.1513
1407,1870177,2.0,2.0295024786736837,0.031222714828165087,1.9683070821109154,2.090697875236452,2.026774333238761,0.05384030299943372,1.9178720412297785,2.1356766252477435,2.026774333238761,0.05305213025147068,1.9190727830046805,2.1344758834728417,1,1,1,2.8871166381213067,0.1842
1408,1871177,2.0,1.9271173326283733,0.03355402437890688,1.8613526533093367,1.9928820119474098,1.9254102853524961,0.08241637172285261,1.7587074386063077,2.0921131320986843,1.9254102853524961,0.0798574489129189,1.7632910451845327,2.0875295255204596,0,1,1,5.664239824868381,0.1525
1409,1872177,2.0,1.9948858318624099,0.027172865272840494,1.9416279945708834,2.0481436691539363,1.9998342449927664,0.05197093924059257,1.8947130980850377,2.104955391900495,1.9998342449927664,0.049396834164908816,1.8995533403241176,2.100115149661415,1,1,1,3.304664392000393,0.1675
1410,1873177,2.0,1.9966221184037614,0.03154307595522545,1.934798825569908,2.0584454112376145,1.9815852456764171,0.07067642956383313,1.8386286733370343,2.1245418180158,1.9815852456764171,0.07116299089309074,1.8371166936663468,2.1260537976864877,1,1,1,5.0897951302118445,0.1298
1411,1874177,2.0,2.0638895709090765,0.03620302516065708,1.9929329454627913,2.1348461963553618,2.0646696735618812,0.07560809949785807,1.9117378572263277,2.2176014898974348,2.0646696735618812,0.07677775549332434,1.9088025434216171,2.2205368037021453,1,1,1,4.497602809077133,0.1698
1412,1875177,2.0,2.057409595569908,0.03297621402223076,1.992777403739851,2.122041787399965,2.0527099595736855,0.07067414656508406,1.9097580050351428,2.1956619141122284,2.0527099595736855,0.07245950291949589,1.905609348219738,2.199810570927633,1,1,1,4.82824294516974,0.1568
1413,1876177,2.0,2.0053996191417265,0.033152654940036504,1.940421609467371,2.070377628816082,1.9998211572568763,0.056064612370787345,1.886419774879104,2.1132225396346485,1.9998211572568763,0.05609746226451335,1.8859372543589632,2.113705060154789,1,1,1,2.8631875922359002,0.1506
1414,1877177,2.0,2.041904694939746,0.02826601816211593,1.9865043173556436,2.0973050725238482,2.0386925652746974,0.07482113826296515,1.8873525282833827,2.190032602266012,2.0386925652746974,0.0766197582264755,1.883146186638505,2.19423894391089,1,1,1,7.34771473580947,0.1451
1415,1878177,2.0,2.0672066820777513,0.03246142673700794,2.00358345478643,2.1308299093690724,2.0527781140655086,0.07891165669716495,1.893164222579095,2.212392005551922,2.0527781140655086,0.07631784176983304,1.8978446584216153,2.2077115697094016,0,1,1,5.527349834796578,0.1629
1416,1879177,2.0,2.0078285486459806,0.03456537975686672,1.940081649210572,2.075575448081389,2.003929706039687,0.06092197376778635,1.8807033828688677,2.1271560292105063,2.003929706039687,0.06223129070077427,1.8775934694027934,2.130265942676581,1,1,1,3.241417344616876,0.1397
1417,1880177,2.0,1.9090870834645828,0.030917640268771307,1.8484896220508258,1.9696845448783398,1.9201661977533295,0.06591783744014716,1.7868347864946847,2.0534976090119743,1.9201661977533295,0.06440941546060876,1.7894081327727775,2.0509242627338815,0,1,1,4.339963089978144,0.1776
1418,1881177,2.0,1.9572658053856586,0.030366468778089382,1.8977486202429434,2.016782990528374,1.948027485117529,0.06849537593449018,1.8094825101503313,2.0865724600847266,1.948027485117529,0.06993191345212137,1.8060581531806605,2.089996817054397,1,1,1,5.303495914333426,0.1455
1419,1882177,2.0,1.9276482829274442,0.03543988607299508,1.8581873826081712,1.9971091832467172,1.9193941098657104,0.06173753373952535,1.7945181609453094,2.0442700587861116,1.9193941098657104,0.05909465322101418,1.7994255858445247,2.039362633886896,0,1,1,2.7804285719631037,0.1541
1420,1883177,2.0,2.084791795433125,0.03551261348669258,2.0151883520023164,2.154395238863934,2.0792493437884945,0.07784443302300466,1.9217941159374532,2.2367045716395357,2.0792493437884945,0.0757788318270473,1.9254101365028564,2.2330885510741325,0,1,1,4.553344849239036,0.1658
1421,1884177,2.0,1.8865501564057638,0.036798477810514624,1.814426465211259,1.9586738476002687,1.8881627827283698,0.07952905255245515,1.7273000902513924,2.0490254752053474,1.8881627827283698,0.0807389000223967,1.7242541016746906,2.052071463782049,0,1,1,4.813998473731901,0.1484
1422,1885177,2.0,2.0192014489294245,0.033675968637162386,1.953197763256086,2.0852051346027634,2.039182005034727,0.08422777531704685,1.86881524868604,2.209548761383414,2.039182005034727,0.0830099989143089,1.8706627481147362,2.207701261954718,1,1,1,6.0760399906308,0.1523
1423,1886177,2.0,1.9186952659601153,0.0335019177702514,1.8530327137174,1.9843578182028305,1.9319031872488186,0.0743293071153417,1.7815579726539932,2.082248401843644,1.9319031872488186,0.0720256799084023,1.7856832834291496,2.0781230910684876,0,1,1,4.622058060346072,0.1667
1424,1887177,2.0,1.9860720258647466,0.036328663328636546,1.914869154134138,2.0572748975953554,1.9763201986325372,0.06615507737033945,1.8425089243212223,2.110131472943852,1.9763201986325372,0.06716686509467622,1.8399642132881138,2.1126761839769603,1,1,1,3.4183090119003876,0.1512
1425,1888177,2.0,2.0336761554489007,0.03294270800663708,1.9691096342026728,2.0982426766951288,2.038225592164356,0.07070472769298684,1.8952117814560798,2.1812394028726323,2.038225592164356,0.07170084886796745,1.8926651304152156,2.1837860539134963,1,1,1,4.737290321403722,0.146
1426,1889177,2.0,1.9598598174757387,0.02864416471639623,1.9037182862643691,2.0160013486871082,1.9565203699774112,0.06613219140489657,1.8227553869005937,2.0902853530542287,1.9565203699774112,0.0664413419623816,1.8216372748959881,2.0914034650588342,1,1,1,5.380274903155874,0.1649
1427,1890177,2.0,2.05107305270785,0.029270218854737896,1.9937044779329582,2.1084416274827413,2.0463632016964697,0.05601702742434408,1.9330580689577987,2.159668334435141,2.0463632016964697,0.05575301512803934,1.9331785636611758,2.1595478397317636,1,1,1,3.6281461967533946,0.1635
1428,1891177,2.0,1.9130377142282409,0.02859608769290564,1.8569904122513967,1.969085016205085,1.8996125954792449,0.055214564223334865,1.7879305977709188,2.011294593187571,1.8996125954792449,0.05071254868910411,1.796660648323713,2.0025645426347767,0,1,1,3.144978167751459,0.1814
1429,1892177,2.0,1.9463157370952964,0.03218017145957254,1.8832437600182104,2.0093877141723824,1.9644708890136162,0.06799137886778464,1.826945344336969,2.1019964336902635,1.9644708890136162,0.06868890912870614,1.8250249900085627,2.1039167880186698,1,1,1,4.556134445330774,0.172
1430,1893177,2.0,2.1461544165219624,0.031696352550165306,2.0840307070823543,2.2082781259615705,2.169505308872217,0.08535480944565517,1.9968589108250225,2.3421517069194118,2.169505308872217,0.08237377871911473,2.002277647614603,2.336732970129831,0,1,0,6.753974241762814,0.1493
1431,1894177,2.0,1.9209324082131003,0.03612005503694301,1.8501384012210875,1.991726415205113,1.9101074012494301,0.05961369725131048,1.789527317109384,2.030687485389476,1.9101074012494301,0.059739464352377675,1.7888298410382395,2.0313849614606205,0,1,1,2.7354314869777885,0.1704
1432,1895177,2.0,1.9347004862110648,0.029391267132278895,1.8770946611718025,1.9923063112503272,1.9248192022905435,0.08546310634810242,1.7519537530821008,2.0976846514989864,1.9248192022905435,0.08255033730659532,1.7572331080446844,2.092405296536403,0,1,1,7.888620871440356,0.1379
1433,1896177,2.0,2.0683974756640198,0.033629762258886635,2.0024843528279574,2.134310598500082,2.0672192399470637,0.07354155390188641,1.9184674066243241,2.2159710732698032,2.0672192399470637,0.0758835307943053,1.9131674824579155,2.221270997436212,0,1,1,5.091520137421632,0.1574
1434,1897177,2.0,1.9197925055080314,0.03659187507988155,1.8480737482246747,1.991511262791388,1.909583177323022,0.09050258476952146,1.7265244208698538,2.09264193377619,1.909583177323022,0.09283157446998692,1.7211250619995395,2.0980412926465046,0,1,1,6.436089925461952,0.1635
1435,1898177,2.0,2.0184677969934652,0.032614277130824335,1.9545449884352413,2.0823906055516894,1.9994140700595138,0.0699116544081671,1.8580044014833663,2.140823738635661,1.9994140700595138,0.0656795639150556,1.8660774666315343,2.132750673487493,1,1,1,4.055505612972278,0.1549
1436,1899177,2.0,2.0056229718376994,0.028453149012445757,1.9498558245265543,2.0613901191488444,2.0014531733666083,0.060463664934136,1.8791538673121864,2.12375247942103,2.0014531733666083,0.061096047814982915,1.8774216023126495,2.125484744420567,1,1,1,4.610686124203071,0.1748
1437,1900177,2.0,2.071676421501203,0.0331177115915103,2.006766899531458,2.1365859434709478,2.0883485594858,0.08486471317785965,1.916693474709419,2.2600036442621807,2.0883485594858,0.08267035659371971,1.9205188131336064,2.256178305837993,0,1,1,6.231304619393305,0.1743
1438,1901177,2.0,2.057915462729358,0.036057600717201176,1.9872438639547179,2.128587061503998,2.0831793479179384,0.084020706293627,1.9132314282027436,2.253127267633133,2.0831793479179384,0.08067296688883926,1.9194045182414283,2.246954177594448,1,1,1,5.005672219368535,0.1498
1439,1902177,2.0,2.017315312890228,0.033989657895805284,1.950696807567612,2.0839338182128437,2.009005768724948,0.07934541253896873,1.848514523235805,2.169497014214091,2.009005768724948,0.07775134315502864,1.8511621505538112,2.1668493868960845,1,1,1,5.232656346692981,0.158
1440,1903177,2.0,1.860801949767136,0.03544334849934447,1.7913342632169191,1.9302696363173528,1.8549237743340092,0.06734880268953282,1.718697962658544,1.9911495860094746,1.8549237743340092,0.06802040698310453,1.7168350068347937,1.9930125418332247,0,0,0,3.6830614272520856,0.1607
1441,1904177,2.0,1.8835462697116034,0.02895189309575109,1.8268016019596776,1.9402909374635293,1.8792656881680903,0.06028061201973585,1.7573366415815117,2.0011947347546686,1.8792656881680903,0.06093407110258571,1.755562947322161,2.0029684290140195,0,1,1,4.429619853833027,0.1861
1442,1905177,2.0,2.0112376036024484,0.03318827743562923,1.9461897751196917,2.076285432085205,2.023959200320209,0.071758817102836,1.878813292533724,2.169105108106694,2.023959200320209,0.07320117820492698,1.8753529080891205,2.172565492551297,1,1,1,4.864819360367373,0.1401
1443,1906177,2.0,2.0885237915991595,0.03589508917542825,2.0181707095934667,2.1588768736048523,2.08368099737737,0.07436916810766528,1.9332551563153078,2.234106838439432,2.08368099737737,0.07455226241751527,1.9323318583745719,2.2350301363801677,0,1,1,4.313716321144614,0.1867
1444,1907177,2.0,1.9563895587135065,0.029894950493602232,1.8977965324264383,2.014982585000575,1.950922363105867,0.06565643543121706,1.8181196873171643,2.0837250388945696,1.950922363105867,0.06651469204916363,1.81589035943173,2.0859543667800042,1,1,1,4.950390884434023,0.1884
1445,1908177,2.0,2.1536997611427062,0.03587801827559625,2.0833801374858676,2.224019384799545,2.1250673415384926,0.08424597021280628,1.954663782539362,2.2954709005376235,2.1250673415384926,0.08308728636056595,1.9563911827611011,2.293743500315884,0,1,1,5.363055072362586,0.1522
1446,1909177,2.0,1.997081822368999,0.030409077281483975,1.9374811260941953,2.056682518643803,2.002697991086592,0.06615291480494455,1.8688910909766652,2.1365048911965188,2.002697991086592,0.06438980146817132,1.8719797446275916,2.133416237545592,1,1,1,4.483608537361051,0.1628
1447,1910177,2.0,1.949886124166275,0.03415750607362065,1.8829386424602705,2.0168336058722796,1.9352732172217955,0.06384979344664306,1.806124819771048,2.064421614672543,1.9352732172217955,0.06198220074147238,1.8094426600861282,2.0611037743574627,1,1,1,3.2927721209148957,0.1611
1448,1911177,2.0,2.0982749568800134,0.03468817825426769,2.030287376812343,2.166262536947684,2.0716777572318734,0.08028511319212556,1.9092857877640375,2.234069726699709,2.0716777572318734,0.07336084901983099,1.9227473160135382,2.2206081984502086,0,1,1,4.472658225750164,0.1415
1449,1912177,2.0,1.9558438471372865,0.03202946887272349,1.8930672417028018,2.0186204525717715,1.9525206122050203,0.06515335584779447,1.8207355109217624,2.0843057134882783,1.9525206122050203,0.06338569932385783,1.823840801469964,2.0812004229400762,1,1,1,3.916364437166206,0.1747
1450,1913177,2.0,2.015583462021763,0.03989192111776301,1.9373967333568347,2.0937701906866915,2.018048360467191,0.09036540842247529,1.8352670693656368,2.2008296515687453,2.018048360467191,0.09154120632431939,1.8322098317465898,2.203886889187792,1,1,1,5.265787864202845,0.1725
1451,1914177,2.0,2.0242828850498196,0.03237701254776837,1.9608251065291922,2.087740663570447,2.0306718748268637,0.07140754263982217,1.8862364867071577,2.17510726294657,2.0306718748268637,0.06770560448630578,1.8932221903722324,2.168121559281495,1,1,1,4.3729618911465575,0.1488
1452,1915177,2.0,1.9951907260450557,0.03711266374366848,1.92245124173712,2.0679302103529915,1.9877982804565402,0.07884624265699923,1.8283167013552126,2.1472798595578677,1.9877982804565402,0.08130685446455141,1.8227365905869577,2.152859970326123,1,1,1,4.799655493615593,0.1464
1453,1916177,2.0,2.091551389831663,0.030326774045303463,2.032112004935584,2.1509907747277417,2.0794351852516915,0.0829996705539735,1.9115525052561269,2.2473178652472563,2.0794351852516915,0.08412509398278703,1.9086521649924304,2.2502182055109525,0,1,1,7.6948240527332645,0.1575
1454,1917177,2.0,1.9708796559949808,0.03447972729761689,1.903300632294889,2.0384586796950726,1.9904265063583222,0.07609513256314687,1.8365095726638514,2.144343440052793,1.9904265063583222,0.07345921592974193,1.8412963696962992,2.139556643020345,1,1,1,4.539049642440988,0.1566
1455,1918177,2.0,1.934013291477309,0.03028909529950347,1.8746477555659806,1.9933788273886373,1.913628383806819,0.0707154942465592,1.770592795688392,2.056663971925246,1.913628383806819,0.06675962214139579,1.7780991456105744,2.049157622003064,0,1,1,4.857973445263444,0.146
1456,1919177,2.0,1.9698428702153759,0.03479058517197959,1.9016545762772226,2.038031164153529,1.9674846523223846,0.07702502701490341,1.8116868295637532,2.123282475081016,1.9674846523223846,0.07935949910545993,1.8063763040064145,2.1285930006383547,1,1,1,5.203246117970085,0.151
1457,1920177,2.0,2.046967315386196,0.032730536417026904,1.9828166428141465,2.111117987958245,2.0353102656839757,0.06662942151573083,1.900539539776805,2.1700809915911465,2.0353102656839757,0.06428530910038568,1.9048041500092587,2.1658163813586926,1,1,1,3.8576003012833757,0.1575
1458,1921177,2.0,2.068090507656266,0.030348352958186033,2.008608828868112,2.12757218644442,2.0690372335998077,0.06383928221023293,1.9399100971315053,2.19816437006811,2.0690372335998077,0.0653013381149619,1.9364684693672674,2.201605997832348,0,1,1,4.629924495139974,0.1367
1459,1922177,2.0,2.0373623793359625,0.035221605062914024,1.9683293019349575,2.106395456736968,2.040195285691802,0.07618310118862352,1.8861004186573314,2.1942901527262726,2.040195285691802,0.07728829054702979,1.8832917142913608,2.197098857092243,1,1,1,4.815142202012018,0.1549
1460,1923177,2.0,2.0505208904820282,0.03291447943997601,1.986009696209791,2.115032084754265,2.0542170978828063,0.0642591752564438,1.9242406475625464,2.184193548203066,2.0542170978828063,0.06514992118211839,1.921955726366103,2.1864784693995096,1,1,1,3.9179041551831304,0.1395
1461,1924177,2.0,1.9462031560873723,0.034972911455878164,1.8776575091993428,2.0147488029754017,1.9685456394696046,0.07883783052441977,1.8090810755124638,2.1280102034267454,1.9685456394696046,0.0779249431524324,1.8103495945673944,2.1267416843718148,1,1,1,4.964658856269479,0.1657
1462,1925177,2.0,1.9345720853643689,0.04115437653652818,1.8539109895465733,2.015233181182164,1.9409167195381531,0.08603610988884124,1.766892261270709,2.1149411778055973,1.9409167195381531,0.08595732278094667,1.7664140770693795,2.115419362006927,1,1,1,4.3624825974113275,0.1533
1463,1926177,2.0,2.044910844820204,0.038148568642850426,1.970141024218463,2.119680665421945,2.042867085385703,0.0757646039634836,1.8896187088885839,2.1961154618828225,2.042867085385703,0.07618800671775872,1.888197208910391,2.1975369618610157,1,1,1,3.988565492744471,0.1566
1464,1927177,2.0,1.9831748664810125,0.03044056715718261,1.9235124511839619,2.042837281778063,1.972898425741428,0.06145910419844971,1.8485856537256307,2.0972111977572254,1.972898425741428,0.06113978916730208,1.8487780550213335,2.0970187964615223,1,1,1,4.034060377659276,0.1733
1465,1928177,2.0,1.9700756986885612,0.03153919588506737,1.9082600106524754,2.0318913867246473,1.9731171929023261,0.056638914771892486,1.8585541742724832,2.087680211532169,1.9731171929023261,0.057662874244069455,1.8560553347337383,2.090179051070914,1,1,1,3.342653343980386,0.1721
1466,1929177,2.0,1.9648849237285249,0.030259981796023554,1.905576449235481,2.0241933982215685,1.9710389285134342,0.07283708465154563,1.8237120187468039,2.1183658382800643,1.9710389285134342,0.0733080606113221,1.8222156534617326,2.1198622035651358,1,1,1,5.8690273812528835,0.1576
1467,1930177,2.0,1.9786860518764864,0.032282656075542975,1.915413208643129,2.0419588951098437,1.9856760836028546,0.07698185766364005,1.8299655790990477,2.141386588106662,1.9856760836028546,0.07839163260830039,1.826532608736256,2.1448195584694534,1,1,1,5.896589569048377,0.1669
1468,1931177,2.0,1.9357858631101688,0.0306123806758125,1.8757866995045462,1.9957850267157913,1.9672982563272863,0.07036366515662354,1.8249743097144768,2.1096222029400957,1.9672982563272863,0.06353123023563766,1.8383230021344203,2.096273510520152,0,1,1,4.307054030070378,0.1543
1469,1932177,2.0,1.9657344731431956,0.030247599082465642,1.9064502683227562,2.025018677963635,1.9477924121225485,0.06665319055514218,1.8129736087951824,2.082611215449915,1.9477924121225485,0.06712718891447776,1.8115169737061088,2.0840678505389882,1,1,1,4.925100592770654,0.1319
1470,1933177,2.0,1.9687258547068953,0.030985964030396693,1.9079944811810643,2.0294572282327263,1.9589858593407157,0.05223109921118706,1.8533384892227085,2.064633229458723,1.9589858593407157,0.05256607357877986,1.8522710566114438,2.0657006620699874,1,1,1,2.877935474122671,0.1704
1471,1934177,2.0,2.0378774167628975,0.03307108263445299,1.9730592858696216,2.1026955476561735,2.023686681573995,0.07609173124059276,1.8697766277037706,2.1775967354442196,2.023686681573995,0.06811254828872813,1.885410857279714,2.1619625058682765,1,1,1,4.241870762432829,0.1688
1472,1935177,2.0,1.922974674796144,0.03469336641737176,1.854976926115644,1.9909724234766442,1.949567660366178,0.07921865400947102,1.7893328082036872,2.1098025125286686,1.949567660366178,0.07701181508351974,1.7932253639961753,2.1059099567361805,0,1,1,4.9274455371747825,0.1487
1473,1936177,2.0,1.9773830026965544,0.034957939676734634,1.9088666999564308,2.045899305436678,1.9624327407089721,0.07509186744481545,1.8105451022597399,2.114320379158204,1.9624327407089721,0.07607931429814015,1.8079835215764681,2.116881959841476,1,1,1,4.736325290839214,0.1723
1474,1937177,2.0,2.1378554332310777,0.03759688700090565,2.0641668887784803,2.211543977683675,2.1517557132118426,0.07084970929540958,2.0084486495327734,2.2950627768909118,2.1517557132118426,0.07174647375200004,2.006102628023902,2.297408798399783,0,0,0,3.641642824916172,0.1487
1475,1938177,2.0,1.997370809623779,0.037908131836885677,1.923072236502287,2.071669382745271,1.9869645446799924,0.0629780564524906,1.859579401731977,2.1143496876280077,1.9869645446799924,0.06306136866065888,1.8589431601956712,2.114985929164314,1,1,1,2.767336809594403,0.147
1476,1939177,2.0,1.963153136465274,0.032091000092138756,1.9002559320568104,2.0260503408737374,1.9355650876279444,0.08021311952062864,1.7733187391057454,2.097811436150143,1.9355650876279444,0.07181851889316385,1.7897657430277354,2.0813644322281535,1,1,1,5.0084850917479695,0.145
1477,1940177,2.0,2.0317084596222075,0.03426445928419531,1.9645513534754455,2.0988655657689694,2.040022965855676,0.06733048933868044,1.9038341964286951,2.176211735282657,2.040022965855676,0.0667599967134178,1.9044929672377995,2.1755529644735523,1,1,1,3.7961629634118235,0.1633
1478,1941177,2.0,1.8846959376085386,0.033324432931378656,1.8193812492578159,1.9500106259592613,1.8765696624071315,0.04325094247618527,1.7890863737775193,1.9640529510367437,1.8765696624071315,0.044129879270831215,1.7869812446266866,1.9661580801875764,0,0,0,1.7536379799602124,0.1534
1479,1942177,2.0,2.02570230368156,0.03235338221939647,1.9622908397534842,2.0891137676096356,2.0535264775241853,0.06501318429123974,1.922024899975618,2.1850280550727526,2.0535264775241853,0.05980461874368424,1.9321166468666429,2.174936308181728,1,1,1,3.4168827415788723,0.1674
1480,1943177,2.0,1.9894106364760886,0.030630753722504695,1.9293754623606632,2.049445810591514,1.9737467503753041,0.0704768165226735,1.8311939335217957,2.1162995672288125,1.9737467503753041,0.0686866833485855,1.8343053699441199,2.1131881308064884,1,1,1,5.028398932147394,0.1681
1481,1944177,2.0,2.1169662856727784,0.02922280987238377,2.0596906307958447,2.174241940549712,2.098474064541527,0.06707305759883145,1.9628059999572682,2.2341421291257864,2.098474064541527,0.06152928521897358,1.9735629747989123,2.223385154284142,0,1,1,4.433225216960607,0.1667
1482,1945177,2.0,1.9953870337486763,0.03478624448956943,1.9272072473917152,2.0635668201056374,2.005426842170208,0.06858340487787386,1.8667038118585277,2.1441498724818886,2.005426842170208,0.06682907908606632,1.8697565988799159,2.1410970854605007,1,1,1,3.690760492173176,0.1754
1483,1946177,2.0,2.0254474285227513,0.03175896449647859,1.963201001923367,2.0876938551221356,2.025645136448165,0.06429644491954607,1.8955933011187556,2.1556969717775747,2.025645136448165,0.06582946440450747,1.8920042188481008,2.1592860540482293,1,1,1,4.296432327987035,0.1541
1484,1947177,2.0,2.037019308097832,0.03569492681412252,1.967058537111359,2.1069800790843054,2.050321919452863,0.06465254347026508,1.919549806818276,2.1810940320874503,2.050321919452863,0.06526829725602205,1.9178202317300126,2.1828236071757137,1,1,1,3.343424910603604,0.1506
1485,1948177,2.0,1.9007759525159038,0.03173506064805036,1.8385763765985308,1.9629755284332768,1.9016223136295585,0.06770424579181945,1.7646775504185082,2.0385670768406086,1.9016223136295585,0.06839371904030232,1.7627756823633143,2.0404689448958027,0,1,1,4.644658359332821,0.1531
1486,1949177,2.0,2.001775529595909,0.026005170566740565,1.9508063318732767,2.052744727318542,2.0165647163925793,0.05308915718898166,1.9091817601940217,2.123947672591137,2.0165647163925793,0.05205516480747021,1.9108871136105559,2.1222423191746027,1,1,1,4.0068975496847195,0.1556
1487,1950177,2.0,1.9723913466331255,0.03486857167687321,1.9040502019541006,2.0407324913121503,1.9795856875132036,0.06740948323826189,1.8432371378428012,2.1159342371836063,1.9795856875132036,0.0680921766924332,1.8413512197580717,2.1178201552683356,1,1,1,3.813520799427845,0.1379
1488,1951177,2.0,2.0705792538956316,0.031553113043282024,2.008736288730678,2.1324222190605853,2.0839671925739407,0.07624775824859459,1.9297415442913504,2.238192840856531,2.0839671925739407,0.07721168281473069,1.9272191431382053,2.240715242009676,0,1,1,5.987997482984912,0.1732
1489,1952177,2.0,1.9644885204471882,0.029593570390895652,1.9064861883070818,2.0224908525872944,1.9744547962823153,0.06513942394270611,1.8426978749369785,2.106211717627652,1.9744547962823153,0.06413741043990787,1.844248930850812,2.104660661713819,1,1,1,4.697081683014857,0.1586
1490,1953177,2.0,1.9358486165930282,0.03831356318156669,1.8607554126377577,2.010941820548299,1.9468054651492182,0.07578581022485074,1.7935141949397835,2.100096735358653,1.9468054651492182,0.07629985798602403,1.7919085185274155,2.101702411771021,1,1,1,3.965905597772241,0.1662
1491,1954177,2.0,2.084030673610373,0.03260484099968901,2.0201263595293275,2.1479349876914187,2.069306861774848,0.07055118845658848,1.9266036134859041,2.2120101100637917,2.069306861774848,0.06986128223520972,1.927480918831414,2.211132804718282,0,1,1,4.591017323346691,0.1383
1492,1955177,2.0,1.7899363708654714,0.029187296724296808,1.7327303204797657,1.8471424212511771,1.7880951084160672,0.0576379628839229,1.6715113242413406,1.9046788925907938,1.7880951084160672,0.05594968939514282,1.6745112003918436,1.9016790164402908,0,0,0,3.6745792072758428,0.1441
1493,1956177,2.0,1.9456688988010715,0.035410157294612624,1.8762662658167324,2.0150715317854107,1.9288211054728823,0.07177620391623346,1.78364002953681,2.0740021814089546,1.9288211054728823,0.07219831803767109,1.7822507276182666,2.0753914833274982,1,1,1,4.157176355364295,0.1421
1494,1957177,2.0,2.0875417345965044,0.03186327876839168,2.0250908557810967,2.149992613411912,2.0711800858417737,0.07212523648802562,1.9252930248919402,2.217067146791607,2.0711800858417737,0.06897847761208366,1.9311463315628439,2.2112138401207035,0,1,1,4.686474774839688,0.1811
1495,1958177,2.0,1.9646063191680785,0.031685727895580544,1.9025034336688045,2.0267092046673523,1.978115667697738,0.07003921079673328,1.836447991972645,2.119783343422831,1.978115667697738,0.07130073162187182,1.8333674871421262,2.12286384825335,1,1,1,5.063614044075202,0.1841
1496,1959177,2.0,2.1074165543335783,0.03910455794929097,2.0307730291216086,2.184060079545548,2.1012543439766644,0.0682542533904648,1.963197085389883,2.239311602563446,2.1012543439766644,0.06793344137756212,1.9633421260427457,2.239166561910583,0,1,1,3.0179529835532586,0.1863
1497,1960177,2.0,2.0863776549454243,0.030848753564964023,2.0259152089901433,2.146840100900705,2.0717219275725776,0.05377177194024378,1.962958252714759,2.1804856024303962,2.0717219275725776,0.05035210337487893,1.969501723307155,2.173942131838,0,1,1,2.6641580894898222,0.1512
1498,1961177,2.0,1.99483857704331,0.030608812619095028,1.9348464067003486,2.0548307473862715,2.002020530158231,0.057603926064825416,1.8855055919484398,2.118535468368022,2.002020530158231,0.05906777542880806,1.882106570956097,2.121934489360365,1,1,1,3.72398792981528,0.1338
1499,1962177,2.0,2.0742659594992174,0.03345241780480395,2.0087004254060155,2.1398314935924194,2.084665151113443,0.07751237358355152,1.927881576875496,2.2414487253513897,2.084665151113443,0.07889610391483232,1.924497545047879,2.2448327571790068,0,1,1,5.562321532543967,0.162
1500,1963177,2.0,1.943224755324915,0.03373832239062825,1.8770988585404822,2.0093506521093474,1.9671226877263643,0.07720859146795775,1.8109535708152986,2.12329180463743,1.9671226877263643,0.07727359291838307,1.8102489540983653,2.1239964213543634,1,1,1,5.245842456268217,0.1789
1501,1964177,2.0,2.0402806545795915,0.03291977799888566,1.9757590753227217,2.1048022338364616,2.0524148277872043,0.05868421875197345,1.9337147913681365,2.171114864206272,2.0524148277872043,0.05745553373932497,1.9357738932211457,2.169055762353263,1,1,1,3.046140502986558,0.1656
1502,1965177,2.0,2.017690269371657,0.04711613612067796,1.9253443394844414,2.1100361992588725,2.034707340994442,0.07932430866037299,1.8742587821289123,2.195155899859972,2.034707340994442,0.0710514775367006,1.890465173133285,2.1789495088555992,1,1,1,2.2740860372684013,0.1403
1503,1966177,2.0,2.055398470531082,0.03495412246840578,1.9868896493818042,2.1239072916803594,2.0555506275983055,0.08306678714517167,1.8875321914831404,2.2235690637134704,2.0555506275983055,0.0850487539064247,1.8828924780050604,2.2282087771915506,1,1,1,5.9202371355633705,0.1652
1504,1967177,2.0,1.9731265959248745,0.07237479216863134,1.8312746098857855,2.1149785819639635,1.9914352611212016,0.09301722147803965,1.8032901718305225,2.179580350411881,1.9914352611212016,0.09216274472692638,1.8043349423617558,2.178535579880647,1,1,1,1.6215716427483284,0.1435
1505,1968177,2.0,2.044077369816424,0.036186334473959816,1.9731534575149425,2.1150012821179054,2.0554461544174427,0.07757942595265549,1.8985269539613423,2.212365354873543,2.0554461544174427,0.0778900744396151,1.8973208967655708,2.2135714120693146,1,1,1,4.633136032204227,0.1486
1506,1969177,2.0,1.964461167458116,0.0355945523027788,1.8946971268988424,2.0342252080173897,1.971938674866927,0.06598487633745813,1.838471664639402,2.105405685094452,1.971938674866927,0.06628527968903042,1.837372403043935,2.106504946689919,1,1,1,3.4679043977772284,0.1667
1507,1970177,2.0,2.032585932434856,0.03659271539362907,1.9608655281668186,2.1043063367028934,2.033399535075556,0.07227863796973953,1.8872021903415397,2.1795968798095724,2.033399535075556,0.07378348118930951,1.8836111049392288,2.183187965211883,1,1,1,4.065640818833317,0.1624
1508,1971177,2.0,1.9673168750355599,0.032520399261101625,1.9035780637209376,2.031055686350182,1.9795622543478464,0.06878645221505075,1.8404285220309207,2.118695986664772,1.9795622543478464,0.06628827119886777,1.8449899094370161,2.114134599258677,1,1,1,4.154910256195406,0.1615
1509,1972177,2.0,1.8363885587940687,0.03338933652930046,1.7709466617289522,1.9018304558591852,1.8387383889449902,0.07921203674674544,1.67851692145973,1.9989598564302504,1.8387383889449902,0.07708127881710293,1.6822550736987143,1.995221704191266,0,0,0,5.329448178276995,0.1603
1510,1973177,2.0,2.0156263895765116,0.027833364829475505,1.9610739969421758,2.0701787822108475,2.04294875684435,0.07487735472918434,1.891495011317257,2.1944025023714424,2.04294875684435,0.06617182258789446,1.9086128151818902,2.1772846985068095,1,1,1,5.6521641869810715,0.1768
1511,1974177,2.0,2.066853096016468,0.029875722940455658,2.008297755041078,2.1254084369918584,2.0597912841806303,0.059888417443942014,1.9386555260013976,2.180927042359863,2.0597912841806303,0.06055192750329345,1.9368643360853544,2.1827182322759064,0,1,1,4.107892765401787,0.1667
1512,1975177,2.0,2.10427196887053,0.04082420472401049,2.0242579979139794,2.18428593982708,2.0828729429201376,0.0740675588658423,1.9330571641329102,2.232688721707365,2.0828729429201376,0.06770272462450072,1.945429104895789,2.2203167809444864,0,1,1,2.7502794707721834,0.1465
1513,1976177,2.0,2.00131129980837,0.03499234801291963,1.9327275579685557,2.0698950416481843,2.005180888855032,0.057022466588996665,1.889842063447369,2.120519714262695,2.005180888855032,0.05638689672440023,1.890709402765394,2.1196523749446703,1,1,1,2.5966308793336927,0.1441
1514,1977177,2.0,2.026307376519699,0.030533034770933994,1.9664637280299593,2.086151025009439,2.007635714331782,0.0692035904562666,1.8676582402819486,2.147613188381615,2.007635714331782,0.06581260238317926,1.8740290284549022,2.1412424002086614,1,1,1,4.645989069638727,0.1919
1515,1978177,2.0,2.065922445384329,0.02895731635305397,2.0091671482434106,2.1226777425252474,2.068406070309461,0.0636015843621657,1.9397597231201562,2.1970524174987656,2.068406070309461,0.06502452370463081,1.9363992692059875,2.2004128714129343,0,1,1,5.0424051537283985,0.1505
1516,1979177,2.0,2.079993358281901,0.03213633722425052,2.0170072947273363,2.1429794218364657,2.0743237053320973,0.07430118196166509,1.9240353792302383,2.2246120314339564,2.0743237053320973,0.07628725667379757,1.919452340734152,2.2291950699300425,0,1,1,5.635224771822196,0.134
1517,1980177,2.0,2.060358168999034,0.03384799804716798,1.9940173118778024,2.126699026120265,2.0765301478099043,0.07634666773327768,1.92210443621074,2.2309558594090686,2.0765301478099043,0.07556258312301582,1.9231299487327944,2.229930346887014,1,1,1,4.983650952447058,0.1461
1518,1981177,2.0,2.1438279930737254,0.03296799059480716,2.0792119188652483,2.2084440672822025,2.142438736383336,0.059337387872361515,2.0224175407152107,2.262459932051461,2.142438736383336,0.05946584056989254,2.0217166619823264,2.2631608107843455,0,0,0,3.2534951906080565,0.176
1519,1982177,2.0,2.0154380122558733,0.03289661232913071,1.9509618368774009,2.079914187634346,1.9908788929852954,0.07744711712547082,1.834227312392582,2.1475304735780085,1.9908788929852954,0.07582660580888846,1.8369426993603575,2.144815086610233,1,1,1,5.31301300299688,0.1737
1520,1983177,2.0,2.107656344477171,0.034395294466328816,2.040242806085517,2.1750698828688253,2.1098326535932657,0.06979455521019189,1.9686598405016063,2.251005466684925,2.1098326535932657,0.07059531613702827,1.9665165426061453,2.253148764580386,0,1,1,4.212633829354736,0.1275
1521,1984177,2.0,1.9724127699653482,0.035627015648873446,1.9025851024169114,2.0422404375137853,1.9611417116848562,0.07559046188103208,1.8082455707967078,2.114037852573005,1.9611417116848562,0.074281680945595,1.8103418822734414,2.1119415410962707,1,1,1,4.3471493087463475,0.1637
1522,1985177,2.0,1.9958249403893216,0.030998414074026218,1.9350691652263707,2.0565807155522724,1.989988306009188,0.06166699862869555,1.8652550278170061,2.11472158420137,1.989988306009188,0.060787058911095565,1.8665840157787523,2.1133925962396236,1,1,1,3.845415849293899,0.1698
1523,1986177,2.0,2.0928775061386253,0.030096471464635118,2.033889506006203,2.1518655062710477,2.1060121300939585,0.06557240849513365,1.9733794148259103,2.2386448453620065,2.1060121300939585,0.06637343278960102,1.9712668979625982,2.240757362225319,0,1,1,4.863594920580561,0.1464
1524,1987177,2.0,2.035452489714933,0.031092757759888512,1.9745118043255232,2.0963931751043425,2.0183712773180433,0.08281463368404944,1.850862869719146,2.1858796849169404,2.0183712773180433,0.08168980582879941,1.8525321548477667,2.18421039978832,1,1,1,6.902672059416305,0.1689
1525,1988177,2.0,1.9152910911110888,0.034450215502394764,1.8477699094667517,1.9828122727554258,1.9010723321881926,0.07613986722757723,1.7470649140941676,2.055079750282218,1.9010723321881926,0.07524561436728927,1.7483156138950908,2.0538290504812946,0,1,1,4.77066036343499,0.1586
1526,1989177,2.0,2.0207097012648347,0.031241913430678187,1.9594766761325872,2.081942726397082,2.009682202354735,0.06395046652983677,1.8803301743727194,2.1390342303367507,2.009682202354735,0.061261451596775304,1.8853148437719969,2.134049560937473,1,1,1,3.8450263217164125,0.1439
1527,1990177,2.0,2.0044189262112546,0.033171507475255,1.9394039662468536,2.0694338861756556,2.0049828017036253,0.08195229372799356,1.8392186413038272,2.1707469621034234,2.0049828017036253,0.08206725390211976,1.8383774189071982,2.1715881845000524,1,1,1,6.120816872685756,0.1657
1528,1991177,2.0,2.0095248047311896,0.03386123722456981,1.9431579992990657,2.0758916101633136,2.0195485148351326,0.08811703054026138,1.841314997260744,2.1977820324095214,2.0195485148351326,0.07347663772861449,1.870383010041094,2.168714019629171,1,1,1,4.708611999824853,0.1647
1529,1992177,2.0,1.9133303105640382,0.031872376351226715,1.8508616008139278,1.9757990203141487,1.9147569113510103,0.07325425683491166,1.7665861911969938,2.062927631505027,1.9147569113510103,0.07460272077849806,1.7633053364295348,2.066208486272486,0,1,1,5.478736875009339,0.152
1530,1993177,2.0,2.1146599028391924,0.02980282909939211,2.0562474311669816,2.173072374511403,2.1089029735331146,0.06275157021607908,1.9819759422390022,2.235830004827227,2.1089029735331146,0.06211683692843396,1.9827990904068673,2.235006856659362,0,1,1,4.344138677557933,0.1496
1531,1994177,2.0,1.9523828938327936,0.031171023439117054,1.8912888105308703,2.013476977134717,1.972503877124686,0.06604265180626734,1.8389200049809995,2.1060877492683723,1.972503877124686,0.06457292218951369,1.8414138758374616,2.10359387841191,1,1,1,4.291397634591488,0.1461
1532,1995177,2.0,2.0054573171687786,0.03359625940172188,1.9396098587261386,2.0713047756114187,2.008649937658833,0.05566041755081371,1.8960661164733472,2.1212337588443186,2.008649937658833,0.05594594348305771,1.895073634240432,2.122226241077234,1,1,1,2.7730350111962947,0.1741
1533,1996177,2.0,2.074516431343393,0.0327604531057229,2.0103071231389626,2.1387257395478234,2.0869510764563186,0.07349534283551075,1.9382927138379422,2.235609439074695,2.0869510764563186,0.07115211124873945,1.9425046112985023,2.231397541614135,0,1,1,4.71710759785735,0.1545
1534,1997177,2.0,2.08511537409561,0.03753684300040893,2.011544513721474,2.158686234469746,2.0886076509930964,0.07461328794351049,1.9376880309556694,2.239527271030523,2.0886076509930964,0.07550036845129292,1.9353337544143046,2.241881547571888,0,1,1,4.045597332584348,0.1737
1535,1998177,2.0,1.9965699979101212,0.04202280569468456,1.9142068122192148,2.078933183601028,1.9936612299952958,0.08873548165623457,1.8141767769641417,2.17314568302645,1.9936612299952958,0.08839455061089371,1.8142107519859945,2.173111708004597,1,1,1,4.4246700860130685,0.1663
1536,1999177,2.0,2.0486935394273624,0.03340667226425523,1.983217664946089,2.1141694139086358,2.034366908467535,0.07177484898858959,1.889188573131305,2.179545243803765,2.034366908467535,0.07220532741811,1.887782300814118,2.1809515161209516,1,1,1,4.671668850524528,0.1693
1537,2000177,2.0,2.0009080533269676,0.03567986863851668,1.9309767958223547,2.0708393108315803,1.9925406175109959,0.08833700525854499,1.8138621590712973,2.1712190759506944,1.9925406175109959,0.09115547556773762,1.8074851638575014,2.1775960711644906,1,1,1,6.52708139871072,0.1494
1538,2001177,2.0,1.9265098863521994,0.030495853623998346,1.8667391115713574,1.9862806611330415,1.926492753818319,0.06307361024112389,1.7989143350896601,2.054071172546978,1.926492753818319,0.05863909632190632,1.8074490594697814,2.0455364481668563,0,1,1,3.6973703045638455,0.169
1539,2002177,2.0,1.8804653724196492,0.03776239276258172,1.806452442634933,1.9544783022043652,1.8721953346246614,0.08525771511738724,1.6997453283936415,2.0446453408556815,1.8721953346246614,0.08246534653167807,1.7047817808247898,2.039608888424533,0,1,1,4.768963149861755,0.1514
1540,2003177,2.0,2.0414301371348498,0.03576211933066653,1.9713376712359196,2.1115226030337797,2.0385563486905434,0.09845754759087612,1.839407161169391,2.2377055362116955,2.0385563486905434,0.10131676501431819,1.8328723807702991,2.244240316610788,1,1,1,8.026313764164543,0.1757
1541,2004177,2.0,2.096997303832721,0.03286027799474973,2.0325923424410375,2.161402265224405,2.0823764001651717,0.0747184482719239,1.9312440732863148,2.2335087270440286,2.0823764001651717,0.0687996675468613,1.9427056496173007,2.222047150713043,0,1,1,4.383592880240675,0.167
1542,2005177,2.0,2.111231026967629,0.0326186787066174,2.0472995914793755,2.1751624624558827,2.112283554673565,0.05869791261102302,1.9935558198101375,2.2310112895369927,2.112283554673565,0.06007479969947193,1.9903252275156158,2.2342418818315144,0,1,1,3.3919694567176224,0.1647
1543,2006177,2.0,1.9481124443203934,0.032945274347874115,1.8835408931377688,2.012683995503018,1.94886785433167,0.06798859419976021,1.811347942177751,2.086387766485589,1.94886785433167,0.06795640958643348,1.8109090084548238,2.0868267002085163,1,1,1,4.254755355907504,0.1583
1544,2007177,2.0,1.9658175905910666,0.030888548472842264,1.905277148049576,2.0263580331325572,1.9650728019272055,0.07446636791199121,1.814450355703504,2.115695248150907,1.9650728019272055,0.07462544870438431,1.8135750868631957,2.1165705169912155,1,1,1,5.8368550777584804,0.1668
1545,2008177,2.0,1.9922175168905045,0.05595893581822671,1.8825400180735918,2.1018950157074174,2.01748545213197,0.06361721022511084,1.8888074986515684,2.1461634056123713,2.01748545213197,0.0630469636728536,1.8894933113275985,2.1454775929363414,1,1,1,1.2693735893169666,0.1669
1546,2009177,2.0,2.019358907309836,0.03396511151977149,1.9527885120001975,2.085929302619475,2.021986160846866,0.05769651787182566,1.9052839380297857,2.1386883836639465,2.021986160846866,0.0573499990142737,1.9055594731628398,2.1384128485308924,1,1,1,2.851023124047932,0.1645
1547,2010177,2.0,1.9522751173732724,0.043729969820194795,1.8665659514806672,2.0379842832658777,1.9657793257955785,0.09171954835684867,1.780259028144308,2.1512996234468487,1.9657793257955785,0.09257675191277856,1.7778385277657816,2.153720123825375,1,1,1,4.48172829057073,0.1686
1548,2011177,2.0,1.9808119440463074,0.02937344074463917,1.9232410580847934,2.0383828300078215,1.9739818777776783,0.07349443609033457,1.8253253492245367,2.12263840633082,1.9739818777776783,0.07224114293340678,1.8273245607627029,2.1206391947926537,1,1,1,6.0486655689462525,0.1465
1549,2012177,2.0,1.9801512117870521,0.050287387280145146,1.88158974384135,2.0787126797327544,1.9682513936860628,0.0674980327439355,1.8317237357345606,2.104779051637565,1.9682513936860628,0.06823882734899306,1.8297192092703658,2.10678357810176,1,1,1,1.8413865472132083,0.1499
1550,2013177,2.0,1.9454564556049765,0.032977998412718194,1.8808207664338297,2.0100921447761233,1.960147073672386,0.07641889287929982,1.8055752729261645,2.1147188744186076,1.960147073672386,0.07387934334456686,1.8101640330146518,2.1101301143301203,1,1,1,5.0187720168284775,0.1559
1551,2014177,2.0,1.933994386954106,0.02963339764679934,1.8759139948268253,1.9920747790813869,1.939073376787649,0.06594231438018634,1.8056924562446366,2.0724542973306614,1.939073376787649,0.06742697153818607,1.8021893472900672,2.0759574062852306,0,1,1,5.177312865331017,0.1719
1552,2015177,2.0,2.0197013621678326,0.037894159346521974,1.9454301746242277,2.0939725497114376,2.0541246018137733,0.10165693238059027,1.8485040477287624,2.259745155898784,2.0541246018137733,0.09960446660887333,1.851916784461953,2.2563324191655934,1,1,1,6.908966298554387,0.1486
1553,2016177,2.0,1.9197669119749574,0.031903919306888615,1.8572363791677837,1.982297444782131,1.9078176167272864,0.05304906384747949,1.8005157569665393,2.0151194764880334,1.9078176167272864,0.05415478052128752,1.7978775674383634,2.0177576660162093,0,1,1,2.8812803920562073,0.173
1554,2017177,2.0,1.9319102003923814,0.035392570806832495,1.862542036290706,2.001278364494057,1.9242691639075618,0.08134600253668203,1.7597313431953276,2.088806984619796,1.9242691639075618,0.0830072503749226,1.7557554868191703,2.0927828409959535,1,1,1,5.500571786351353,0.1448
1555,2018177,2.0,2.079468959769761,0.03859095903275099,2.003832069936708,2.1551058496028137,2.086694047197892,0.11225548374347177,1.8596358995056375,2.3137521948901463,2.086694047197892,0.11489107161123718,1.8534527718347413,2.3199353225610424,0,1,1,8.863421802633294,0.1628
1556,2019177,2.0,2.0991285902710066,0.032822984600464296,2.034796722588984,2.1634604579530294,2.0935289877818253,0.063445972957745,1.9651973943672967,2.221860581196354,2.0935289877818253,0.06289610897689052,1.9658430982917423,2.2212148772719083,0,1,1,3.671904859400013,0.161
1557,2020177,2.0,1.9672214623603987,0.03168042104097463,1.9051289781050236,2.029313946615774,1.963897512816981,0.07976767280066781,1.8025521653306071,2.1252428603033553,1.963897512816981,0.08182533950212001,1.7977832423619513,2.130011783272011,1,1,1,6.671043032716194,0.1791
1558,2021177,2.0,2.020900680909015,0.028725294486101203,1.9646001382709497,2.0772012235470805,2.022726346324604,0.05540480805691048,1.9106595441415117,2.1347931485076965,2.022726346324604,0.05517593740052728,1.9107132383591492,2.134739454290059,1,1,1,3.6895250313995898,0.139
1559,2022177,2.0,1.821466040895115,0.034401185652673784,1.7540409559903984,1.8888911257998318,1.8164887426920646,0.07341856554617018,1.6679856767997023,1.964991808584427,1.8164887426920646,0.075641604672065,1.6629281213417273,1.970049364042402,0,0,0,4.834756933989125,0.1563
1560,2023177,2.0,2.11212786328525,0.034652609320938395,2.044209997045874,2.1800457295246263,2.11046622281215,0.06822184272470563,1.9724745209847119,2.2484579246395877,2.11046622281215,0.067742260409418,1.9729421228773911,2.2479903227469085,0,1,1,3.82161984416676,0.1702
1561,2024177,2.0,1.9934038822426094,0.0436472340866207,1.9078568754080438,2.078950889077175,1.9905101048530909,0.07571395889027609,1.8373641676856929,2.143656042020489,1.9905101048530909,0.07698339116877954,1.8342255120977542,2.146794697608428,1,1,1,3.1108611029115307,0.1671
1562,2025177,2.0,2.072044544091269,0.03003144234835885,2.0131839986846947,2.130905089497843,2.0610642260378356,0.055270896845994136,1.9492682848451548,2.172860167230516,2.0610642260378356,0.050916876302732124,1.957697471773917,2.164430980301754,0,1,1,2.8745583097256704,0.1535
1563,2026177,2.0,1.8961689543336278,0.03349983415865572,1.830510485894598,1.9618274227726575,1.8910912186871007,0.07929675259945616,1.7306983972157794,2.0514840401584222,1.8910912186871007,0.08065853628273331,1.7273456846984558,2.0548367526757456,0,1,1,5.79716096191967,0.1586
1564,2027177,2.0,1.9099361493746483,0.032664912272203986,1.845914097762968,1.9739582009863286,1.9421340058648555,0.08472014768783567,1.770771332392497,2.113496679337214,1.9421340058648555,0.08292988015254318,1.773777398678327,2.1104906130513843,0,1,1,6.445536665204372,0.1584
1565,2028177,2.0,2.043884202879055,0.02940630913550489,1.9862488960552145,2.101519509702896,2.0620418697870697,0.06477564342785334,1.931020763986012,2.1930629755881275,2.0620418697870697,0.06300242083983354,1.934140155741159,2.1899435838329806,1,1,1,4.5902193326829455,0.1555
1566,2029177,2.0,2.02859123753008,0.028926000279877698,1.9718973187647242,2.085285156295436,2.0250401500567836,0.0670092841454331,1.8895010794576528,2.1605792206559142,2.0250401500567836,0.06556267421035002,1.891940845345058,2.1581394547685093,1,1,1,5.137319153721471,0.1459
1567,2030177,2.0,2.0940686002269477,0.03162920510431322,2.0320764973628633,2.156060703091032,2.104252363055191,0.06280373211508593,1.9772198243615857,2.2312849017487966,2.104252363055191,0.06361548513516523,1.9751060623228003,2.2333986637875816,0,1,1,4.045285073245483,0.2211
1568,2031177,2.0,1.971539521855503,0.033435581672461204,1.9060069859753315,2.0370720577356742,1.9781078130958876,0.06318531052283019,1.8503034592216558,2.1059121669701195,1.9781078130958876,0.061883281005552196,1.8524780737003723,2.103737552491403,1,1,1,3.425538849975869,0.1361
1569,2032177,2.0,1.9956566619142326,0.036179750405871854,1.9247456541490755,2.0665676696793898,1.9997348911893598,0.0705880601972814,1.8569570627653105,2.1425127196134093,1.9997348911893598,0.0679874089988266,1.8617131131596432,2.137756669219076,1,1,1,3.531228720940661,0.1567
1570,2033177,2.0,1.9552513052359657,0.03730224088665738,1.8821402565554797,2.0283623539164517,1.9657965941178142,0.07266805493263082,1.8188115792288493,2.1127816090067792,1.9657965941178142,0.06960863456883538,1.8244835532049406,2.107109635030688,1,1,1,3.4822214388012855,0.1635
1571,2034177,2.0,1.8670518577228303,0.03403115214841637,1.8003520251595313,1.9337516902861294,1.888314148381244,0.07358718122780546,1.7394700250806623,2.0371582716818257,1.888314148381244,0.07306292244081389,1.7399885302730078,2.03663976648948,0,1,1,4.609361539276316,0.1625
1572,2035177,2.0,1.926959232097928,0.03714526647254314,1.8541558476156004,1.9997626165802558,1.9632043987129866,0.06851209633260265,1.8246256035483475,2.1017831938776257,1.9632043987129866,0.061305878722550104,1.8387468482699836,2.0876619491559896,0,1,1,2.72393843084656,0.1767
1573,2036177,2.0,1.9624521822863055,0.04230901645711809,1.8795280338090417,2.0453763307635695,1.9599697981459643,0.07448487776244513,1.8093099122158185,2.11062968407611,1.9599697981459643,0.07650516268421916,1.8046560608286488,2.1152835354632797,1,1,1,3.2697581193063243,0.157
1574,2037177,2.0,2.023935752229279,0.03146684357906482,1.9622618721071565,2.0856096323514017,2.0276133415973927,0.06400571664827438,1.8981495597024824,2.157077123492303,2.0276133415973927,0.06362156557171403,1.898454696922557,2.1567719862722283,1,1,1,4.0879195575605705,0.147
1575,2038177,2.0,2.057313897447628,0.031067973916408583,1.9964217874988373,2.1182060073964184,2.0505168962766924,0.06679796334814078,1.9154052623354598,2.185628530217925,2.0505168962766924,0.06817604685294472,1.9121121630437625,2.1889216295096223,1,1,1,4.815459858068747,0.1545
1576,2039177,2.0,1.9515743498628044,0.03600967582605256,1.880996682148779,2.02215201757683,1.9708779199824675,0.07488017650985833,1.8194184668652271,2.122337373099708,1.9708779199824675,0.07438710606026917,1.819864066209916,2.121891773755019,1,1,1,4.267336626550589,0.1484
1577,2040177,2.0,2.0113327402760355,0.031247961657113174,1.9500878608378052,2.072577619714266,1.998656981018984,0.07409230475092489,1.8487911489546918,2.1485228130832765,1.998656981018984,0.07474369354761967,1.8469192161612473,2.1503947458767207,1,1,1,5.7214449592662815,0.166
1578,2041177,2.0,2.086907033303041,0.03448575374102759,2.0193161979909093,2.1544978686151723,2.0908915570370725,0.0627356657625126,1.9639966955367771,2.2177864185373677,2.0908915570370725,0.06411737367373498,1.9607263684034333,2.2210567456707118,0,1,1,3.4567820995086023,0.1658
1579,2042177,2.0,1.9972785239425412,0.03254592940617653,1.933489674463052,2.06106737342203,2.005150637518668,0.07293916684548991,1.8576172470252492,2.1526840280120867,2.005150637518668,0.07371505441222934,1.8555011211249959,2.15480015391234,1,1,1,5.130019603459898,0.1392
1580,2043177,2.0,1.975788109166933,0.03477535347087047,1.9076296688143768,2.043946549519489,1.9791165474570254,0.07454062155133624,1.828343909071241,2.1298891858428095,1.9791165474570254,0.0714845600880532,1.8339951752747805,2.12423791963927,1,1,1,4.225531968449316,0.1445
1581,2044177,2.0,1.9919930455518302,0.04007466555385178,1.9134481443737927,2.0705379467298677,2.0074035999015196,0.06382414829542249,1.8783070746652888,2.1365001251377502,2.0074035999015196,0.06524118031880562,1.8749569624879021,2.139850237315137,1,1,1,2.650353515478197,0.2599
1582,2045177,2.0,1.8805876968768136,0.031032128591806506,1.8197658424732572,1.94140955128037,1.8706302816645,0.08031811367047816,1.7081715624287435,2.0330890009002567,1.8706302816645,0.07456116330895256,1.7192630728914269,2.021997490437573,0,1,1,5.773008781449897,0.1863
1583,2046177,2.0,2.0296530969822593,0.03078806874384467,1.9693095910907803,2.0899966028737382,2.035726103413494,0.05591390322719242,1.922629559052038,2.14882264777495,2.035726103413494,0.05719202099924061,1.9196201281502756,2.1518320786767124,1,1,1,3.4506903701206526,0.1569
1584,2047177,2.0,1.9847798876102534,0.04433395630816976,1.8978869299540684,2.0716728452664386,1.9926700279602303,0.06723905002261266,1.856666212007594,2.1286738439128663,1.9926700279602303,0.06872877535905796,1.85314319620487,2.1321968597155907,1,1,1,2.403279230096957,0.1444
1585,2048177,2.0,2.0439415313936267,0.033669858152341574,1.9779498220504648,2.1099332407367886,2.031816807296911,0.0883589558209243,1.8530939496539984,2.210539664939824,2.031816807296911,0.08856672823697294,1.852016790123839,2.211616824469983,1,1,1,6.919243743236091,0.1522
1586,2049177,2.0,1.8189917006027778,0.03262063251091902,1.7550564357284602,1.8829269654770955,1.8259217154214509,0.07255758172821229,1.6791601536799707,1.972683277162931,1.8259217154214509,0.07046634395542484,1.6828674318827272,1.9689759989601745,0,0,0,4.666365185190236,0.1639
1587,2050177,2.0,1.981017198772528,0.031464168063439116,1.919348562564672,2.042685834980384,1.983645257603913,0.06161261841982085,1.8590219737664517,2.108268541441374,1.983645257603913,0.061736405874991185,1.8583136905754123,2.1089768246324136,1,1,1,3.849906467555309,0.1701
1588,2051177,2.0,1.9929412422715358,0.030500486774426575,1.9331613866827195,2.0527210978603523,1.9954697730218398,0.07065661198727789,1.8525532855146123,2.1383862605290673,1.9954697730218398,0.07187067976885968,1.8495645362143363,2.141375009829343,1,1,1,5.552517857432784,0.1756
1589,2052177,2.0,1.9368882975244321,0.033976932490433875,1.8702947335380329,2.0034818615108314,1.9455764117636525,0.06319087338690611,1.817760805934765,2.07339201759254,1.9455764117636525,0.06243110251475089,1.8188345355790467,2.0723182879482582,1,1,1,3.3762428266491873,0.1421
1590,2053177,2.0,2.0184808774829706,0.03373973800586568,1.9523522061436567,2.0846095488222844,2.0193020629911222,0.07089178878103228,1.8759098855185643,2.16269424046368,2.0193020629911222,0.07215769551342652,1.8728141532450409,2.1657899727372034,1,1,1,4.573849789167209,0.2081
1591,2054177,2.0,2.058603379954897,0.03346537365356095,1.993012452864742,2.124194307045052,2.0663436223446827,0.058752890049583645,1.9475046851154718,2.1851825595738936,2.0663436223446827,0.06045072203673069,1.943622132269458,2.1890651124199074,1,1,1,3.2629590858473727,0.1664
1592,2055177,2.0,2.091650667830451,0.03706427858067214,2.0190060166993744,2.1642953189615275,2.0850263691151656,0.10442044749394304,1.8738160781029918,2.2962366601273394,2.0850263691151656,0.10708634114644272,1.8676295389464515,2.3024231992838797,0,1,1,8.347512103276905,0.174
1593,2056177,2.0,2.0089063000201497,0.033909522809811285,1.9424448565799801,2.075367743460319,2.007042488659475,0.08133198222437979,1.8425330267056306,2.171551950613319,2.007042488659475,0.08320997857716098,1.8381172514404391,2.1759677258785106,1,1,1,6.0215384511951555,0.1708
1594,2057177,2.0,2.0536841114087183,0.029818095900229668,1.9952417173567067,2.11212650546073,2.0407023485909406,0.06142006470919174,1.9164685413955882,2.164936155786293,2.0407023485909406,0.0560846652146595,1.9268444250853942,2.154560272096487,1,1,1,3.5377606678757085,0.1705
1595,2058177,2.0,1.9437022644284068,0.031939068350845354,1.8811028407609869,2.0063016880958267,1.9295764335879533,0.06863792784076407,1.7907431201743014,2.068409747001605,1.9295764335879533,0.06469280617635692,1.7982430548685684,2.0609098123073384,1,1,1,4.102678563701784,0.1553
1596,2059177,2.0,1.9045501007709142,0.03140657273115654,1.8429943493400096,1.9661058522018189,1.8870467068510466,0.06679970545242765,1.751931549171291,2.022161864530802,1.8870467068510466,0.06748689408507637,1.750041028115942,2.024052385586151,0,1,1,4.617403099278126,0.151
1597,2060177,2.0,2.0359018983508577,0.03481622577580055,1.9676633497526734,2.104140446949042,2.02259045605626,0.06348301832140447,1.8941839313210278,2.150996980791492,2.02259045605626,0.06305262461152478,1.8945868229354108,2.150594089177109,1,1,1,3.27976674629192,0.1469
1598,2061177,2.0,2.127891223585543,0.03183862626272873,2.0654886627933635,2.1902937843777224,2.150553347953079,0.0831614880685898,1.9823433611399972,2.318763334766161,2.150553347953079,0.08284971086748003,1.9823594930677595,2.318747202838399,0,1,1,6.771320218356964,0.1592
1599,2062177,2.0,1.924090714365124,0.028986284951930875,1.8672786398137242,1.9809027889165238,1.9087682726626203,0.060159036063506824,1.787085136658801,2.0304514086664396,1.9087682726626203,0.06011226015616331,1.786733896734546,2.0308026485906945,0,1,1,4.300718331162347,0.1464
1600,2063177,2.0,2.043099189215261,0.033491009080434,1.9774580176117065,2.1087403608188158,2.0313751677016354,0.07592398604791044,1.8778044105095293,2.1849459248937415,2.0313751677016354,0.07616373852839439,1.8767545582699559,2.1859957771333147,1,1,1,5.171779982559471,0.1406
1601,2064177,2.0,1.9669819124790506,0.02961695927554359,1.9089337389673957,2.0250300859907058,1.9945080644351056,0.05210775269214431,1.8891101862011843,2.099905942669027,1.9945080644351056,0.04693499264007875,1.8992249637641103,2.089791165106101,1,1,1,2.5113808126551302,0.1489
1602,2065177,2.0,1.9784183253317085,0.030034221333951915,1.919552333213458,2.037284317449959,1.9799292719639978,0.0641139478120816,1.8502465718767898,2.109611972051206,1.9799292719639978,0.06439697423666717,1.8491964640108067,2.110662079917189,1,1,1,4.597250515877134,0.1587
1603,2066177,2.0,2.078558879089095,0.033020614186431076,2.0138396645362975,2.1432780936418925,2.0785077086992185,0.07142115182729156,1.934044793399589,2.2229706239988483,2.0785077086992185,0.07105331258718425,1.934261815487526,2.2227536019109113,0,1,1,4.630185240517414,0.1676
1604,2067177,2.0,1.931523619023637,0.039227391627331375,1.8546393442266194,2.0084078938206544,1.9341087352996365,0.09052268879042068,1.7510093146259391,2.1172081559733336,1.9341087352996365,0.09059717515366987,1.7501866917430864,2.1180307788561867,1,1,1,5.333968546424407,0.1483
1605,2068177,2.0,2.041015206844007,0.03198290122645528,1.9783298723190528,2.103700541368961,2.0185250014524687,0.06659652031724204,1.8838208245007395,2.1532291784041977,2.0185250014524687,0.06380188154720684,1.889000295886195,2.1480497070187425,1,1,1,3.9795252006757447,0.1401
1606,2069177,2.0,2.071950101440121,0.0303029777741501,2.012557356378469,2.1313428465017727,2.0796446522996606,0.0591498767364279,1.9600027337035941,2.199286570895727,2.0796446522996606,0.05690124254662851,1.9641289886784543,2.195160315920867,0,1,1,3.5259235022834985,0.1827
1607,2070177,2.0,2.036762359711936,0.028511603475561698,1.9808806437583482,2.092644075665524,2.022512912535233,0.06108688711262412,1.8989530206392176,2.1460728044312485,2.022512912535233,0.05424270166949567,1.9123943738262719,2.1326314512441944,1,1,1,3.6194229825488615,0.2012
1608,2071177,2.0,1.9798135456916903,0.036589358356796546,1.9080997210949395,2.0515273702884413,1.983579304783365,0.06298906009131601,1.8561719048750103,2.1109867046917197,1.983579304783365,0.06256787622002642,1.8565597632153032,2.1105988463514267,1,1,1,2.924106863482484,0.1545
1609,2072177,2.0,1.9686357805500072,0.0310378111024143,1.9078027886303177,2.0294687724696967,1.9801203714282765,0.05553001282890419,1.8678003186897272,2.092440424166826,1.9801203714282765,0.05627777553211987,1.8658704131362267,2.094370329720326,1,1,1,3.287696160962046,0.262
1610,2073177,2.0,1.992739595295038,0.03413679258644154,1.9258327112778986,2.0596464793121774,2.006132560579336,0.07348641756626191,1.857492251022028,2.1547728701366435,2.006132560579336,0.07355942707877257,1.8567989844691668,2.155466136689505,1,1,1,4.643348169245292,0.1397
1611,2074177,2.0,2.070632661635212,0.034118442322981876,2.003761743473561,2.1375035797968636,2.057097114031341,0.06404879743668951,1.9275461930168754,2.1866480350458066,2.057097114031341,0.05926099195985899,1.9367909044176514,2.1774033236450308,0,1,1,3.016889775019157,0.1545
1612,2075177,2.0,2.0541583494299824,0.03484563545699502,1.9858621589158603,2.1224545399441044,2.056201540697278,0.07635406948011453,1.9017608576519942,2.2106422237425614,2.056201540697278,0.0761630989534231,1.9015822296718181,2.2108208517227372,1,1,1,4.7774091302159745,0.1542
1613,2076177,2.0,2.020420149245925,0.028497653682008448,1.9645657743852933,2.076274524106557,2.012316667234904,0.06952140291745738,1.8716963568055458,2.152936977664262,2.012316667234904,0.06894253054675009,1.8723558893783052,2.152277445091503,1,1,1,5.852699571245947,0.1536
1614,2077177,2.0,1.9669965861597287,0.029140725525009854,1.9098818136473423,2.024111358672115,1.9675366633850158,0.07379161091120184,1.8182790420200423,2.1167942847499894,1.9675366633850158,0.07309162382326631,1.8191527783727113,2.1159205483973205,1,1,1,6.291214606671953,0.1978
1615,2078177,2.0,2.0051370465365794,0.029304940129355087,1.947700419313941,2.0625736737592177,2.0000862195391167,0.05338433530498017,1.8921062092455354,2.1080662298326978,2.0000862195391167,0.053429521591389445,1.8916185241538142,2.1085539149244195,1,1,1,3.3241521535480207,0.149
1616,2079177,2.0,1.9247741808488292,0.03277686427155223,1.8605327073504292,1.9890156543472293,1.9293097097612346,0.06341024765700945,1.8010503775881193,2.0575690419343498,1.9293097097612346,0.06405695510666357,1.7992671773396207,2.0593522421828485,0,1,1,3.8194231541189265,0.1802
1617,2080177,2.0,2.104321037895539,0.02759215822103824,2.050241401526573,2.1584006742645045,2.0934249610156246,0.06370682282131698,1.9645657489505561,2.222284173080693,2.0934249610156246,0.05956921438993011,1.972493026602983,2.214356895428266,0,1,1,4.660928080546733,0.1706
1618,2081177,2.0,2.02860089038541,0.030298017518930898,1.9692178672453415,2.087983913525478,2.019469392111787,0.079524342477718,1.858616226660213,2.1803225575633607,2.019469392111787,0.07525742702382522,1.8666886928509978,2.172250091372576,1,1,1,6.169788938206237,0.2047
1619,2082177,2.0,1.9915693312681135,0.03014426627277626,1.9324876550330865,2.0506510075031406,1.9969196259412278,0.05855817252848955,1.878474542073906,2.1153647098085497,1.9969196259412278,0.057356996098131975,1.880478733421786,2.1133605184606696,1,1,1,3.620456735306858,0.1514
1620,2083177,2.0,1.9320615475157834,0.032380893078622644,1.8685961632944408,1.995526931737126,1.937266970730965,0.06436892667552052,1.8070685272118778,2.0674654142500524,1.937266970730965,0.06561115861031895,1.8040692374544658,2.070464704007464,0,1,1,4.105610719591406,0.1532
1621,2084177,2.0,2.085843244304275,0.03433364831199894,2.0185505301548927,2.1531359584536576,2.088612770504006,0.05893389045363346,1.9694077254010003,2.207817815607011,2.088612770504006,0.0533029699519801,1.9804019886052013,2.1968235524028104,0,1,1,2.410254526976409,0.1778
1622,2085177,2.0,1.9843949472898617,0.038306376993898786,1.9093158280036064,2.059474066576117,1.9924229965320557,0.08709019991471573,1.8162664399403738,2.1685795531237373,1.9924229965320557,0.08671089987312132,1.8163905112339105,2.168455481830201,1,1,1,5.12395408719181,0.1727
1623,2086177,2.0,2.0091285403885584,0.03493382301715856,1.9406595054326312,2.0775975753444857,2.0119896652789504,0.07872948211106806,1.8527442566736965,2.1712350738842043,2.0119896652789504,0.08085076967552765,1.8478538767555193,2.1761254538023813,1,1,1,5.356438043077876,0.1412
1624,2087177,2.0,1.9962908196591151,0.031209952319056915,1.9351204371545512,2.057461202163679,2.0082858931502217,0.057224600654245554,1.8925382130041495,2.124033573296294,2.0082858931502217,0.057975642831594,1.8905890809923926,2.1259827053080507,1,1,1,3.4506819744222654,0.1485
1625,2088177,2.0,1.8573277042122998,0.04508154658141996,1.7689694965453517,1.9456859118792478,1.857166855782285,0.06928099359525129,1.717032819106045,1.9973008924585247,1.857166855782285,0.0689536079616373,1.717183589577899,1.9971501219866707,0,0,0,2.3394640578712376,0.1414
1626,2089177,2.0,1.9677098387864316,0.031422705328380866,1.9061224680459903,2.029297209526873,1.9654617688014793,0.07263298844428012,1.8185476825800988,2.1123758550228597,1.9654617688014793,0.06792267277456408,1.827571412293883,2.1033521253090757,1,1,1,4.672425536138139,0.1644
1627,2090177,2.0,1.8815162657044266,0.029344787545219624,1.8240015389818167,1.9390309924270366,1.8705289554738243,0.06991539941983534,1.72911171189658,2.0119461990510685,1.8705289554738243,0.06899852092234272,1.7304545111118292,2.0106033998358193,0,1,1,5.528631235678419,0.1674
1628,2091177,2.0,1.980043993127199,0.041666819052860314,1.8983785284332453,2.0617094578211526,1.9717165125498275,0.0651616186233932,1.8399146982253918,2.103518326874263,1.9717165125498275,0.06490364948965163,1.8399550991485043,2.1034779259511507,1,1,1,2.4263728732081935,0.1491
1629,2092177,2.0,1.9909277175015963,0.0311019442460671,1.929969026930132,2.0518864080730603,2.0000054291219143,0.07634440131963924,1.8455843017770375,2.154426556466791,2.0000054291219143,0.07795354303210555,1.8417513233772325,2.158259534866596,1,1,1,6.2819813218274145,0.222
1630,2093177,2.0,1.9428688833061112,0.04150984699413962,1.8615110781938293,2.024226688418393,1.941519403765247,0.089325387691354,1.760841753153182,2.1221970543773123,1.941519403765247,0.09083062528603528,1.7571234312441308,2.1259153762863634,1,1,1,4.78809041476443,0.1485
1631,2094177,2.0,1.9659042925555175,0.02926940336560707,1.9085373161099521,2.0232712690010826,1.9741484811064454,0.06394206491878662,1.8448134469868145,2.1034835152260762,1.9741484811064454,0.06344972037325862,1.8453387007314257,2.102958261481465,1,1,1,4.699283925661293,0.1497
1632,2095177,2.0,2.1140194607372913,0.03491737146471142,2.04558267023165,2.1824562512429324,2.109195121227393,0.07644701809398512,1.9545664318648035,2.2638238105899826,2.109195121227393,0.07621578483678919,1.9544688521724052,2.263921390282381,0,1,1,4.764384093976998,0.1507
1633,2096177,2.0,2.019739738959988,0.0315701976816655,1.9578632885191136,2.081616189400862,2.0318822658286955,0.06659951573647935,1.8971720300696733,2.1665925015877177,2.0318822658286955,0.0673872833330305,1.895078807671058,2.1686857239863326,1,1,1,4.556184416912747,0.1581
1634,2097177,2.0,2.047063501664046,0.03296432186005464,1.9824546180435525,2.1116723852845394,2.040303897486979,0.061575706374321415,1.9157552753087896,2.164852519665169,2.040303897486979,0.06349429726739372,1.911403621205759,2.169204173768199,1,1,1,3.710061852918254,0.1622
1635,2098177,2.0,2.0302529783781673,0.045679366344236354,1.940723065506853,2.1197828912494816,2.034330124080621,0.07724305564556379,1.878091296790445,2.190568951370797,2.034330124080621,0.07898216145693661,1.8739878119165454,2.1946724362446965,1,1,1,2.989633061596666,0.1389
1636,2099177,2.0,2.0370966816623937,0.03190269141895644,1.974568555471344,2.099624807853443,2.039919830709227,0.05830476396213051,1.9219873140481392,2.157852347370315,2.039919830709227,0.0576043768518142,1.9229767285604384,2.1568629328580156,1,1,1,3.26029065763276,0.1429
1637,2100177,2.0,2.0193738572548052,0.027536290560838,1.9654037194877325,2.073343995021878,2.0144056036937537,0.051491962968885197,1.9102532777417205,2.118557929645787,2.0144056036937537,0.0531344755104777,1.9065368836965093,2.122274323690998,1,1,1,3.723419121671215,0.1725
1638,2101177,2.0,2.0747977451345796,0.028879683093106758,2.01819460638716,2.1314008838819993,2.0800132047421767,0.0651128613464444,1.948310011319111,2.211716398165242,2.0800132047421767,0.055851728193739576,1.9666281685295828,2.1933982409547705,0,1,1,3.7401445319214033,0.1381
1639,2102177,2.0,2.0067226837170056,0.03210658628957784,1.9437949309229055,2.0696504365111057,2.018617564385955,0.05825619918629328,1.900783279255987,2.1364518495159235,2.018617564385955,0.05963686571789191,1.8975482904760619,2.1396868382958485,1,1,1,3.4501768528342236,0.1622
1640,2103177,2.0,2.123589961877622,0.03012051806269905,2.0645548312790436,2.1826250924762003,2.1211055038653415,0.08432215006619359,1.9505478565684746,2.2916631511622083,2.1211055038653415,0.08510185480120938,1.9483395537245969,2.2938714540060863,0,1,1,7.982761915656895,0.1443
1641,2104177,2.0,1.964524387686165,0.031856158611180824,1.9020874641224552,2.026961311249875,1.9860033198132565,0.06214971264720487,1.8602936603588613,2.1117129792676517,1.9860033198132565,0.05781856021227796,1.8686254023262912,2.103381237300222,1,1,1,3.294183104583852,0.1637
1642,2105177,2.0,2.025796193353238,0.040491844486084165,1.9464336364929162,2.1051587502135596,2.035266817323684,0.07105522311941648,1.891544062698854,2.1789895719485135,2.035266817323684,0.07235506988604536,1.8883782162989156,2.182155418348452,1,1,1,3.19302864184715,0.1434
1643,2106177,2.0,1.9701782165331694,0.0369115994150961,1.8978328110678113,2.0425236219985274,1.9840168637392985,0.08726755204906674,1.807501578595816,2.160532148882781,1.9840168637392985,0.08857537511852892,1.804199292463425,2.1638344350151724,1,1,1,5.758379358100714,0.1426
1644,2107177,2.0,1.9337393296733172,0.03421964577021191,1.8666700563999834,2.000808602946651,1.943084635867616,0.06651991661692341,1.8085354045249624,2.0776338672102694,1.943084635867616,0.06740506733752331,1.8062450742614615,2.0799241974737703,1,1,1,3.8800209866354214,0.1704
1645,2108177,2.0,1.9611452093643955,0.033152885550619356,1.8961667477016033,2.0261236710271877,1.9676303110249387,0.06703005095771328,1.8320492355831708,2.1032113864667066,1.9676303110249387,0.06556860074471353,1.8345189748088144,2.1007416472410627,1,1,1,3.9115524926428376,0.1581
1646,2109177,2.0,1.943042971282052,0.034669024505108094,1.8750929318729037,2.0109930106912004,1.9421208048982936,0.07461915718815752,1.7911893131930117,2.0930522966035756,1.9421208048982936,0.07488840747039177,1.7900892551586092,2.0941523546379783,1,1,1,4.6660130236463075,0.1773
1647,2110177,2.0,2.0597720873487573,0.03680067536629197,1.9876440890240747,2.13190008567344,2.0537115337353575,0.08089931594569488,1.8900772219348154,2.2173458455359,2.0537115337353575,0.08326554235161059,1.8846734960572882,2.2227495714134267,1,1,1,5.119399863372246,0.1587
1648,2111177,2.0,1.9114573655341986,0.03085975241639966,1.8509733622262323,1.971941368842165,1.9098845049070456,0.07281252785599707,1.7626072659477967,2.0571617438662946,1.9098845049070456,0.0741580945365298,1.759335569244498,2.060433440569593,0,1,1,5.774737528387501,0.1599
1649,2112177,2.0,2.0753793438284287,0.037671028176507075,2.001545485341881,2.1492132023149764,2.0686310061558104,0.08894835430692359,1.8887159775469833,2.2485460347646375,2.0686310061558104,0.087154274699019,1.8916984221084236,2.245563590203197,0,1,1,5.352571020518741,0.1427
1650,2113177,2.0,2.0071445181610654,0.032021103480900835,1.9443843085932697,2.0699047277288614,2.0195597754642263,0.0686225451078801,1.8807575765647042,2.1583619743637485,2.0195597754642263,0.06777528382241875,1.8819686344369169,2.1571509164915357,1,1,1,4.47991838109306,0.1995
1651,2114177,2.0,2.0669316456717044,0.030915664453824338,2.0063380567840836,2.127525234559325,2.070838717520857,0.0751464138833283,1.9188407484857246,2.2228366865559894,2.070838717520857,0.07640481822421685,1.9157286902873483,2.225948744754366,0,1,1,6.10779319348173,0.2506
1652,2115177,2.0,1.9300450882889753,0.033033283335723695,1.8653010426598498,1.9947891339181008,1.9659564752956145,0.08036726609778802,1.8033983358914405,2.1285146146997884,1.9659564752956145,0.07699153484376689,1.8096553500011208,2.122257600590108,0,1,1,5.432284040965266,0.1673
1653,2116177,2.0,2.112566961581237,0.030982808802605632,2.0518417721882396,2.1732921509742344,2.1170778074344425,0.07294691714891754,1.9695287404726531,2.2646268743962317,2.1170778074344425,0.07149478217064408,1.9719356833212867,2.262219931547598,0,1,1,5.324846841323709,0.1943
1654,2117177,2.0,2.043246670307212,0.027447322481978238,1.989450906770478,2.0970424338439457,2.0386632109736547,0.062035432551913086,1.9131847048303472,2.164141717116962,2.0386632109736547,0.05914980479740097,1.9185827232999908,2.1587436986473185,1,1,1,4.644154525306191,0.1327
1655,2118177,2.0,2.006035728357282,0.030256236614819954,1.9467345942845127,2.065336862430051,1.9945712016431705,0.05730593226615764,1.8786590127841718,2.110483390502169,1.9945712016431705,0.05719804789900004,1.8784529911229677,2.1106894121633735,1,1,1,3.573819370909335,0.1447
1656,2119177,2.0,2.0148187105380333,0.03447023611445022,1.947258289215119,2.0823791318609475,2.0180717574234794,0.08981885159414951,1.836395981855864,2.199747532991095,2.0180717574234794,0.0924037602679265,1.830482151103418,2.205661363743541,1,1,1,7.186058906117535,0.1744
1657,2120177,2.0,2.018390335633434,0.03501846021626251,1.9497554148155107,2.087025256451357,2.0150575826937254,0.07342095039143107,1.8665496929965084,2.1635654723909425,2.0150575826937254,0.06681789022119435,1.8794100540067178,2.150705111380733,1,1,1,3.640754754700041,0.2272
1658,2121177,2.0,2.025956166242102,0.03386596110108759,1.959580102182136,2.0923322303020684,2.0316279025078865,0.06273505860285913,1.9047342691039093,2.1585215359118637,2.0316279025078865,0.06434124135684276,1.9010082383158913,2.162247566699882,1,1,1,3.609541678409062,0.1409
1659,2122177,2.0,2.050419997564405,0.03500561769596986,1.9818102476237263,2.119029747505084,2.050694483239398,0.08290953063847692,1.882994128432441,2.2183948380463545,2.050694483239398,0.08324026885072856,1.8817077534958437,2.2196812129829517,1,1,1,5.654464184203238,0.1662
1660,2123177,2.0,1.9875751633857304,0.032511488052293,1.9238538177194318,2.0512965090520288,1.9875591442469518,0.06700148510322478,1.8520358486996809,2.123082439794223,1.9875591442469518,0.06762086863264512,1.850281482720644,2.1248368057732594,1,1,1,4.326012751489056,0.1604
1661,2124177,2.0,1.9563644141146248,0.03046647549180845,1.896651219414808,2.0160776088144416,1.9525612201345008,0.05072462135148643,1.8499609891045465,2.055161451164455,1.9525612201345008,0.04996540530291526,1.8511260546908108,2.053996385578191,1,1,1,2.689641502434507,0.1626
1662,2125177,2.0,1.8484740145976604,0.027281234757316242,1.7950037770195382,1.9019442521757826,1.8434599865747623,0.07493053392760593,1.6918986759658874,1.9950212971836372,1.8434599865747623,0.07542469788810383,1.6903397094062358,1.9965802637432888,0,0,0,7.643620440047813,0.2009
1663,2126177,2.0,1.9623003601351883,0.030104844048968123,1.9032959500390159,2.0213047702313607,1.9844862359336402,0.07318471834080618,1.8364561706602438,2.1325163012070365,1.9844862359336402,0.0710943253913314,1.8401570823030886,2.1288153895641915,1,1,1,5.576954632397124,0.1457
1664,2127177,2.0,2.050556494209217,0.03214266644715325,1.9875580256057126,2.1135549628127213,2.0451052659610216,0.054658174282935824,1.9345486731331405,2.1556618587889025,2.0451052659610216,0.05617790472822243,1.9310580561797648,2.159152475742278,1,1,1,3.054690902208899,0.1375
1665,2128177,2.0,2.0616271791344096,0.03580235710262986,1.9914558486516132,2.131798509617206,2.083096774124155,0.09138693578037936,1.898249248911199,2.2679442993371106,2.083096774124155,0.08901380737165229,1.9023891380552147,2.263804410193095,1,1,1,6.181466426873841,0.1605
1666,2129177,2.0,2.094544997096182,0.03601811834058375,2.0239507823577365,2.1651392118346275,2.112559759040659,0.07364940059767577,1.9635897851855901,2.2615297328957276,2.112559759040659,0.07319485398904053,1.9639663056503815,2.261153212430936,0,1,1,4.129705254279985,0.1386
1667,2130177,2.0,1.9111771077253863,0.032091170714704485,1.848279568902839,1.9740746465479335,1.9202798331149629,0.06806107044524926,1.782613323917375,2.057946342312551,1.9202798331149629,0.0690000546578199,1.7802022751044158,2.06035739112551,0,1,1,4.623041029784771,0.1496
1668,2131177,2.0,1.9205553604471532,0.03558337262311398,1.8508132316573813,1.9902974892369252,1.9250816131499795,0.0762071132969172,1.7709381770420924,2.0792250492578668,1.9250816131499795,0.07816115098760835,1.7664060408488638,2.0837571854510952,0,1,1,4.824892873376718,0.1713
1669,2132177,2.0,2.0810506118915186,0.038151095404832955,2.0062758389272943,2.155825384855743,2.067676101611365,0.061502913153953225,1.9432747176190546,2.1920774856036758,2.067676101611365,0.06279488586567045,1.9401957059618922,2.195156497260838,0,1,1,2.709159201373991,0.1665
1670,2133177,2.0,1.9692161372237735,0.032794083351123826,1.9049409149495662,2.033491359497981,1.977398791401918,0.07461568684003034,1.8264743191382822,2.128323263665554,1.977398791401918,0.07503119001003336,1.8250773776964913,2.1297202051073447,1,1,1,5.234710598821536,0.1385
1671,2134177,2.0,2.1132232520725642,0.0383080210227396,2.038140910548991,2.1883055935961373,2.097508395534129,0.0730040779746648,1.9498437098891188,2.2451730811791393,2.097508395534129,0.07172360755043404,1.9519017312032767,2.2431150598649814,0,1,1,3.5054583947180986,0.1389
1672,2135177,2.0,2.136030449337688,0.028938819163389987,2.079311406022326,2.1927494926530495,2.138557579907837,0.0721103875758218,1.9927005537178906,2.2844146060977835,2.138557579907837,0.07250269821347498,1.9913692774451195,2.2857458823705543,0,1,1,6.276921924532667,0.1304
1673,2136177,2.0,2.0041448414180056,0.034027999112289625,1.937451188691957,2.0708384941440543,1.9932533416867233,0.08572268271609251,1.8198628497156908,2.166643833657756,1.9932533416867233,0.08582045763002237,1.8190285502459422,2.167478133127504,1,1,1,6.3607573212214685,0.1435
1674,2137177,2.0,2.0256494669026157,0.03354683149457255,1.9598988853778194,2.091400048427412,2.0191236503054215,0.0736654342253493,1.8701212453772422,2.168126055233601,2.0191236503054215,0.07361662278701184,1.8696739607344939,2.168573339876349,1,1,1,4.8155818126252985,0.2108
1675,2138177,2.0,2.0989787793265635,0.030888875541613715,2.0384376957420605,2.1595198629110666,2.10585243491499,0.06042715522359047,1.9836269767205814,2.2280778931093983,2.10585243491499,0.06081144271460902,1.9823986429317206,2.229306226898259,0,1,1,3.875845137859531,0.1431
1676,2139177,2.0,2.0448964281025783,0.029945719314053328,1.9862038967558884,2.1035889594492683,2.033041248426272,0.06367751527361729,1.9042413164718242,2.1618411803807196,2.033041248426272,0.06447479925813325,1.9021504472799862,2.1639320495725576,1,1,1,4.635648501960606,0.183
1677,2140177,2.0,1.9572370315484537,0.03255679221476383,1.8934268913553627,2.021047171741545,1.9478540685870547,0.08568415151986371,1.7745415133167723,2.121166623857337,1.9478540685870547,0.08522925870500794,1.7748294747711186,2.120878662402991,1,1,1,6.853212631784721,0.1505
1678,2141177,2.0,2.1543728963079025,0.03858109014164527,2.0787553491459843,2.229990443469821,2.156055446244406,0.07595702506215551,2.0024178613381793,2.309693031150633,2.156055446244406,0.07585423972163115,2.0020631527941206,2.3100477396946917,0,0,0,3.865544969515663,0.1566
1679,2142177,2.0,2.118775956787683,0.031995179647860306,2.056066556998988,2.181485356576378,2.1139020673426123,0.06967761518846792,1.972965787771083,2.2548383469141418,2.1139020673426123,0.06763871554324967,1.9765881746615914,2.2512159600236332,0,1,1,4.469115693385234,0.1838
1680,2143177,2.0,1.9520915779778827,0.02930303374041903,1.8946586872088993,2.009524468746866,1.93894683688726,0.05448640870066293,1.8287376727430171,2.049156001031503,1.93894683688726,0.05443304334014937,1.8284418840436283,2.0494517897308917,1,1,1,3.450643257178694,0.184
1681,2144177,2.0,1.8988236692762486,0.0397412444938228,1.8209322613675551,1.976715077184942,1.9002439445572892,0.08156240427385181,1.7352684100162017,2.065219479098377,1.9002439445572892,0.08428466165328942,1.7291369847050486,2.0713509044095297,0,1,1,4.4979453011115345,0.159
1682,2145177,2.0,1.8994395372177468,0.030141386002111758,1.840363506209488,1.9585155682260056,1.9014241308493773,0.05295235856774186,1.794317875979875,2.0085303857188794,1.9014241308493773,0.05129014392761874,1.7972996030208175,2.005548658677937,0,1,1,2.8956188690642866,0.1638
1683,2146177,2.0,2.0516446699267648,0.031160346934012016,1.990571512190328,2.1127178276632015,2.0321989794169615,0.07114797790353009,1.8882886105325152,2.176109348301408,2.0321989794169615,0.07063617366002997,1.8887999232484667,2.1755980355854563,1,1,1,5.138658567633867,0.1638
1684,2147177,2.0,2.113876840354646,0.03190405546499092,2.0513460406824957,2.1764076400267967,2.1198400824760157,0.07097018658526484,1.9762893304766858,2.2633908344753455,2.1198400824760157,0.07161367991055642,1.9744565831184129,2.2652235818336184,0,1,1,5.03848764840138,0.1373
1685,2148177,2.0,2.149507982406887,0.03295187706214711,2.0849234901420868,2.214092474671687,2.1312930198941635,0.08437201780611736,1.96063450557255,2.301951534215777,2.1312930198941635,0.0807730814802504,1.9673149467918962,2.2952710929964306,0,1,1,6.008595740538896,0.1513
1686,2149177,2.0,2.0254259401759263,0.04700323314535266,1.9333012960540956,2.117550584297757,2.027366513461925,0.08707805417841641,1.8512345239407733,2.203498502983077,2.027366513461925,0.08976900750136717,1.8451257396222354,2.209607287301615,1,1,1,3.64751748843632,0.159
1687,2150177,2.0,1.9833488992395414,0.026649995864810982,1.9311158671563704,2.0355819313227124,1.9772121244277847,0.06135944300262055,1.853100936207871,2.1013233126476982,1.9772121244277847,0.06287585529482141,1.8495673520982465,2.104856896757323,1,1,1,5.56638856966415,0.1612
1688,2151177,2.0,1.893938461598633,0.03241105509201588,1.8304139609173384,1.9574629622799276,1.8922786772443223,0.06843542640907886,1.7538549616378345,2.03070239285081,1.8922786772443223,0.06577217295235915,1.7587540674754853,2.0258032870131593,0,1,1,4.118110940214456,0.1584
1689,2152177,2.0,2.019864808840424,0.031198966815596137,1.9587159575269955,2.081013660153853,2.0218656534997606,0.04121531544168479,1.938499809189414,2.105231497810107,2.0218656534997606,0.0412291046140191,1.9381661213481776,2.1055651856513435,1,1,1,1.746334291600573,0.1598
1690,2153177,2.0,1.9812203812420774,0.03101980578206513,1.9204226791018024,2.0420180833823522,1.989587436015693,0.07472743497329591,1.83843693181757,2.1407379402138162,1.989587436015693,0.07536230534181987,1.8365938224500415,2.1425810495813447,1,1,1,5.90242125163462,0.1426
1691,2154177,2.0,1.953934632890652,0.02817520106562167,1.8987122535448588,2.009157012236445,1.9549333820149497,0.05161733628045617,1.8505274646039869,2.0593392994259125,1.9549333820149497,0.05184534242392061,1.8496817413172946,2.060185022712605,1,1,1,3.3859882484479034,0.16
1692,2155177,2.0,1.992784612055876,0.03815544523630109,1.9180013135786356,2.0675679105331164,2.002080086380019,0.08186688976897474,1.8364886717926634,2.1676715009673746,2.002080086380019,0.08405520670229301,1.8314389448429726,2.1727212279170653,1,1,1,4.853065909831164,0.1499
1693,2156177,2.0,1.991886791253147,0.03325067034093633,1.9267166749230977,2.0570569075831964,1.9941071659274239,0.06830276922403541,1.855951774804601,2.1322625570502467,1.9941071659274239,0.06985885252274975,1.8522861555625183,2.1359281762923295,1,1,1,4.414099160876069,0.1492
1694,2157177,2.0,2.0367598400385205,0.030021000834643062,1.977919759622773,2.095599920454268,2.0359375017629846,0.06138737104777584,1.911769823739721,2.1601051797862483,2.0359375017629846,0.06290082728741679,1.9082420335932944,2.163632969932675,1,1,1,4.389978383000661,0.1653
1695,2158177,2.0,1.9896451048690977,0.033574802141376224,1.9238397018839422,2.0554505078542533,2.0088682866997805,0.05744360612583516,1.8926776261748857,2.1250589472246753,2.0088682866997805,0.05760084006233155,1.8919323646153612,2.1258042087841997,1,1,1,2.9432741121750152,0.145
1696,2159177,2.0,2.142329069288678,0.03220537672336493,2.0792076908023382,2.205450447775018,2.137570634386306,0.07152673722643937,1.9928941524585317,2.28224711631408,2.137570634386306,0.07054688441199326,1.9943528450281578,2.280788423744454,0,1,1,4.798427195512257,0.144
1697,2160177,2.0,1.9239386702437222,0.03287684175149995,1.8595012444853596,1.9883760960020849,1.9030660986088817,0.0679605966416449,1.7656028168615459,2.0405293803562174,1.9030660986088817,0.06668691580676116,1.7676844621190129,2.0384477350987504,0,1,1,4.1143485648515234,0.1675
1698,2161177,2.0,2.037716984189368,0.038244178755588346,1.9627597712101028,2.1126741971686327,2.0551910298882654,0.07800463907750246,1.8974117547054565,2.2129703050710745,2.0551910298882654,0.07943992256188838,1.8939194132757826,2.2164626465007484,1,1,1,4.314663644832706,0.1589
1699,2162177,2.0,1.9491883622978192,0.040142421976585886,1.8705106609715016,2.0278660636241366,1.9705662453874981,0.09506270200633968,1.7782837812051144,2.162848709569882,1.9705662453874981,0.08404907171024427,1.7999375585464497,2.1411949322285464,1,1,1,4.383880412227712,0.154
1700,2163177,2.0,2.010664247141672,0.030166635958693698,1.9515387271279012,2.0697897671554424,2.0169088501684347,0.06311935854258849,1.8892378967657963,2.144579803571073,2.0169088501684347,0.062359687121705754,1.8903119549394491,2.1435057453974204,1,1,1,4.273208565615366,0.1635
1701,2164177,2.0,2.0039531232122547,0.03888608502367145,1.9277377970660963,2.080168449358413,2.0017194214937097,0.08727654100412197,1.8251859544724562,2.1782528885149635,2.0017194214937097,0.08775305457105953,1.8235712496808167,2.1798675933066027,1,1,1,5.092558685805697,0.1408
1702,2165177,2.0,2.0588653105146806,0.03041388245773224,1.999255196267491,2.1184754247618702,2.0460312555737263,0.06455118262286041,1.9154641646048318,2.1765983465426206,2.0460312555737263,0.06371905892892762,1.9166746888614596,2.1753878222859933,1,1,1,4.389297116932015,0.1627
1703,2166177,2.0,1.9370900630233006,0.03258838527558474,1.873218001568839,2.0009621244777622,1.949502792974676,0.08202665155915931,1.7835882296649452,2.1154173562844067,1.949502792974676,0.08356194884044187,1.7798630181336454,2.1191425678157065,1,1,1,6.574934579500452,0.1531
1704,2167177,2.0,2.097723510220857,0.03631229866864592,2.026552712634449,2.168894307807265,2.0950372210807497,0.07572702476794094,1.9418648556812368,2.2482095864802627,2.0950372210807497,0.07577836545414578,1.9411989605824365,2.248875481579063,0,1,1,4.354948092169213,0.1744
1705,2168177,2.0,2.1463204127874835,0.028131056100075193,2.0911845559842606,2.2014562695907065,2.1428109690164434,0.06976125048918318,2.0017055210815626,2.283916416951324,2.1428109690164434,0.07045081252004,1.9997882159678317,2.285833722065055,0,0,1,6.271911749732414,0.1295
1706,2169177,2.0,1.993388056893383,0.03432916572279903,1.92610412845739,2.060671985329376,2.002753199522729,0.07158884522763755,1.8579510923048694,2.147555306740588,2.002753199522729,0.0721478952409037,1.856285185387595,2.149221213657863,1,1,1,4.416933224457383,0.1676
1707,2170177,2.0,1.956393174508964,0.03294189734485153,1.8918282421306394,2.0209581068872886,1.9560004288889836,0.07605727573614347,1.802160067854754,2.1098407899232132,1.9560004288889836,0.07279403296727878,1.8082206854327942,2.1037801723451732,1,1,1,4.883085662750418,0.1822
1708,2171177,2.0,2.052030919028623,0.03456391040306684,1.9842868994737424,2.119774938583503,2.0429281808330897,0.06978913437978213,1.9017663324058791,2.1840900292603003,2.0429281808330897,0.06031745474493777,1.9204772377435102,2.165379123922669,1,1,1,3.045371455308259,0.1837
1709,2172177,2.0,1.9896301888445858,0.0314384417418479,1.9280119753005032,2.0512484023886683,1.9745852326513318,0.07669480687782902,1.8194553431655742,2.1297151221370894,1.9745852326513318,0.07703355724912549,1.8181987973385554,2.130971667964108,1,1,1,6.003961274888844,0.1584
1710,2173177,2.0,2.007004912774851,0.030311378009879934,1.947595703553707,2.066414121995995,2.0183808713699705,0.06086303840218714,1.895273756228018,2.141487986511923,2.0183808713699705,0.0597749570625699,1.8970312571264234,2.1397304856135175,1,1,1,3.888903659262258,0.1432
1711,2174177,2.0,1.9722177063923483,0.03268638504726337,1.9081535689149036,2.036281843869793,1.9653005697111579,0.07004011234400377,1.8236310704345868,2.106970068987729,1.9653005697111579,0.06894300309972944,1.8253388325210091,2.1052623069013063,1,1,1,4.448838179475101,0.1305
1712,2175177,2.0,1.9856144826421938,0.033065691954307606,1.920806917287855,2.0504220479965323,1.9803250845790281,0.07737711556178298,1.8238150955135746,2.1368350736444817,1.9803250845790281,0.07739404785181839,1.8232068144356652,2.137443354722391,1,1,1,5.478477626593539,0.15
1713,2176177,2.0,1.9623746703105631,0.03138226825844035,1.9008665547708454,2.023882785850281,1.9574037545301586,0.07587393356445517,1.8039342380418628,2.1108732710184546,1.9574037545301586,0.07839924707415838,1.7982448214760522,2.116562687584265,1,1,1,6.241013510847987,0.1759
1714,2177177,2.0,1.9811163815574386,0.0394877686071373,1.903721777257598,2.058510985857279,1.9886972272371375,0.08806377966460625,1.8105714197254206,2.1668230347488544,1.9886972272371375,0.08584893204159987,1.8144146296676607,2.162979824806614,1,1,1,4.726553821602596,0.1472
1715,2178177,2.0,1.9856917318503207,0.03215755711269893,1.9226640780786408,2.0487193856220003,1.9945642326748818,0.07697312601856149,1.8388713895902922,2.1502570757594714,1.9945642326748818,0.07604436691945544,1.8401859604929172,2.1489425048568465,1,1,1,5.592010756183011,0.1737
1716,2179177,2.0,1.9243540037335598,0.032498546626216825,1.8606580227962792,1.9880499846708404,1.9134402250248261,0.07349003750586983,1.7647925934485422,2.06208785660111,1.9134402250248261,0.0734808242573101,1.7642662211256908,2.0626142289239615,0,1,1,5.112345072070342,0.1825
1717,2180177,2.0,1.9997872266740844,0.033004909934890955,1.93509879188871,2.064475661459459,2.014060211164738,0.06814120231216501,1.8762316199675337,2.151888802361942,2.014060211164738,0.06903892150347798,1.8739037492626742,2.1542166730668018,1,1,1,4.375532287134966,0.1441
1718,2181177,2.0,1.9896063511532356,0.03684031292860908,1.9174006646339765,2.0618120376724947,1.9866276314628046,0.06925265889843081,1.8465509071205457,2.126704355805064,1.9866276314628046,0.07022221260728405,1.844068960909476,2.1291863020161332,1,1,1,3.633309527757533,0.1688
1719,2182177,2.0,2.0513691058375767,0.028190324739923257,1.9961170846348386,2.106621127040315,2.048659012541979,0.06551819485098746,1.9161359547196872,2.1811820703642706,2.048659012541979,0.06346951778436624,1.9198090412857107,2.177508983798247,1,1,1,5.0690927763559,0.1743
1720,2183177,2.0,2.1127558430005764,0.029572364000422756,2.054795074622039,2.1707166113791136,2.1068784710254556,0.06489431584853134,1.9756173275966336,2.2381396144542776,2.1068784710254556,0.058478719311424246,1.9881603593174069,2.2255965827335045,0,1,1,3.91042192763298,0.1448
1721,2184177,2.0,1.9340323822228775,0.03454073142675945,1.8663337926267582,2.001730971818997,1.9174320781283913,0.0871315343791464,1.741191914690821,2.0936722415659617,1.9174320781283913,0.08801417622992005,1.7387538011656078,2.096110355091175,1,1,1,6.49295207592654,0.1848
1722,2185177,2.0,1.9843013011834487,0.035525763644453194,1.9146720839170381,2.0539305184498593,2.004825937668701,0.07983716142020494,1.8433400361825436,2.166311839154859,2.004825937668701,0.07349108946044942,1.8556310942992877,2.1540207810381147,1,1,1,4.279396498495054,0.1658
1723,2186177,2.0,1.937495199039954,0.03174518851941564,1.875275772859465,1.9997146252204432,1.9294109342081311,0.07655474518878144,1.774564346229055,2.0842575221872073,1.9294109342081311,0.07293606330915504,1.7813428538288465,2.0774790145874156,0,1,1,5.278722313023949,0.1548
1724,2187177,2.0,2.0709219566912633,0.033684850511719794,2.004900862863677,2.1369430505188496,2.071527034350894,0.07696912896685289,1.9158422760665021,2.2272117926352855,2.071527034350894,0.07823731490480776,1.9126968410776248,2.2303572276241628,0,1,1,5.3945922667875115,0.1696
1725,2188177,2.0,1.9763323137405422,0.03028612418916784,1.9169726010984658,2.0356920263826184,1.95980473495541,0.07068717822548393,1.8168264213957035,2.1027830485151164,1.95980473495541,0.06308215834522582,1.8317411451676235,2.0878683247431966,1,1,1,4.338361034081941,0.1883
1726,2189177,2.0,1.9162495456986117,0.034297952178555094,1.8490267946851666,1.9834722967120568,1.9112694592769301,0.08692723650540733,1.7354425272935547,2.0870963912603058,1.9112694592769301,0.08829867967694893,1.7320136096107188,2.0905253089431417,0,1,1,6.627840345062447,0.1429
1727,2190177,2.0,1.9998094537612023,0.031045758472459564,1.9389608852824523,2.060658022239952,1.9957512092975622,0.07121850023301284,1.8516981955376113,2.139804223057513,1.9957512092975622,0.07337899514889654,1.846783929478744,2.1447184891163804,1,1,1,5.586489303235979,0.1783
1728,2191177,2.0,2.1343711537197123,0.035555615078903945,2.0646834287168914,2.2040588787225333,2.1217395047716,0.08221570239886414,1.9554425500449728,2.288036459498227,2.1217395047716,0.07078841281003231,1.9780313866976953,2.2654476228455045,0,1,1,3.963765541458101,0.1412
1729,2192177,2.0,2.0991324061562833,0.03062401838180899,2.0391104330660452,2.1591543792465213,2.1045135075053465,0.06420083008157752,1.9746550714405167,2.234371943570176,2.1045135075053465,0.0626340671005133,1.9773595913060305,2.2316674237046623,0,1,1,4.183086766548439,0.1766
1730,2193177,2.0,2.138330808439293,0.03459026230718595,2.0705351401014154,2.206126476777171,2.1303456271437953,0.08368384607834851,1.9610790715273658,2.2996121827602245,2.1303456271437953,0.08159192972021434,1.9647052037375434,2.2959860505500473,0,1,1,5.563994584186865,0.1561
1731,2194177,2.0,1.9399618528389344,0.03553576522699878,1.870313032830946,2.009610672846923,1.9369251900694666,0.06799747853039503,1.7993873076606421,2.074463072478291,1.9369251900694666,0.07023234239342545,1.794345954956981,2.0795044251819523,1,1,1,3.9060964485783156,0.1833
1732,2195177,2.0,1.91792767868543,0.038701884660142294,1.842073378617728,1.9937819787531321,1.9217857904011535,0.07434984915446212,1.7713990256103203,2.0721725551919867,1.9217857904011535,0.07672019340250431,1.76603551751783,2.077536063284477,0,1,1,3.9296615664366734,0.1439
1733,2196177,2.0,1.9831879079430335,0.030600668087127553,1.9232117005893992,2.0431641152966677,1.984225520911856,0.07365632998184865,1.8352415310543393,2.1332095107693725,1.984225520911856,0.07573458626990029,1.830476136882572,2.13797490494114,1,1,1,6.1252906044655,0.1635
1734,2197177,2.0,1.952703439535528,0.037056920761543655,1.880073209464948,2.025333669606108,1.94993782245546,0.06528880572122524,1.8178787479430936,2.0819968969678264,1.94993782245546,0.06575011672518648,1.8164579892082735,2.0834176557026467,1,1,1,3.148142617611631,0.1558
1735,2198177,2.0,1.9901557559271579,0.03617042012605704,1.9192630351744033,2.0610484766799124,1.9871997980065048,0.07673934311388439,1.8319798254804653,2.1424197705325443,1.9871997980065048,0.07620979621176015,1.8324856865066677,2.141913909506342,1,1,1,4.4392999933032,0.161
1736,2199177,2.0,2.1315284338350557,0.031456171088459585,2.069875471410145,2.1931813962599667,2.129477345215791,0.06118421113770478,2.0057205968979437,2.2532340935336386,2.129477345215791,0.06200074396079559,2.0036091433435606,2.2553455470880217,0,0,0,3.8849200436691045,0.1571
1737,2200177,2.0,1.9436619565412685,0.03062501155162718,1.883638036873956,2.0036858762085807,1.9124805909834042,0.08057100015684912,1.749510360547865,2.075450821418943,1.9124805909834042,0.07856336429379089,1.7529884822605595,2.071972699706249,1,1,1,6.5809353333729,0.1712
1738,2201177,2.0,1.9773182564689136,0.03009533613631654,1.9183324815391063,2.036304031398721,1.9844112279946566,0.057914640310774985,1.8672678109008571,2.101554645088456,1.9844112279946566,0.057008624292003436,1.8686775678408154,2.100144888148498,1,1,1,3.5882502613032963,0.1583
1739,2202177,2.0,1.877864865906292,0.03581670606976699,1.8076654119646915,1.9480643198478924,1.888649433828235,0.07046629404213771,1.7461179007005625,2.0311809669559073,1.888649433828235,0.06938539554661181,1.7477895922242723,2.0295092754321975,0,1,1,3.7528814966057973,0.1497
1740,2203177,2.0,1.9200586895523777,0.030944728439076034,1.8594081363004162,1.9807092428043391,1.9087275933130334,0.057079506754355004,1.7932733932808227,2.024181793345244,1.9087275933130334,0.05761558746195513,1.7917617324157173,2.0256934542103497,0,1,1,3.46662318424793,0.1238
1741,2204177,2.0,2.068483013746403,0.03130786241505402,2.007120730979962,2.1298452965128445,2.0552048269269587,0.07034882982389278,1.9129108876069596,2.197498766246958,2.0552048269269587,0.06661387516346252,1.9199714708261348,2.1904381830277826,0,1,1,4.527125816470061,0.1511
1742,2205177,2.0,2.0437800803356763,0.03020386250942198,1.9845815976232095,2.102978563048143,2.040995939252273,0.0667631228315618,1.905954776907574,2.1760371015969717,2.040995939252273,0.05871890696223271,1.9217902206900501,2.160201657814496,1,1,1,3.7794704670190433,0.193
1743,2206177,2.0,1.9774617774954104,0.034303078681920375,1.9102289787200029,2.044694576270818,1.9533778033124025,0.06756381063249242,1.816717097022977,2.090038509601828,1.9533778033124025,0.06050154542450211,1.8305531362747225,2.0762024703500823,1,1,1,3.1107616587773292,0.1765
1744,2207177,2.0,2.0352417488480126,0.03217569127255563,1.9721785527761237,2.098304944919901,2.0249754488530654,0.07192906918280635,1.8794851737303069,2.170465723975824,2.0249754488530654,0.06295956892935745,1.897160728810353,2.152790168895778,1,1,1,3.8288444161565036,0.1376
1745,2208177,2.0,2.0541000927037194,0.03622448602207061,1.9831014047419864,2.125098780665452,2.070053590061618,0.08361072133103369,1.9009349432076121,2.2391722369156235,2.070053590061618,0.08569544813811703,1.8960825813814606,2.2440245987417753,1,1,1,5.596429590792505,0.1535
1746,2209177,2.0,2.1483440206421727,0.03210703131675165,2.08541539561084,2.2112726456735055,2.1477288982243823,0.08124861163103185,1.983388069212701,2.3120697272360635,2.1477288982243823,0.08207897790534184,1.9810997144360631,2.3143580820127014,0,1,1,6.535270621281952,0.1636
1747,2210177,2.0,2.1107372137927047,0.03377957310854091,2.044530467086827,2.1769439604985825,2.1187150598640536,0.07111539312555792,1.974870599914143,2.2625595198139643,2.1187150598640536,0.07256827684559368,1.9713936257003482,2.2660364940277593,0,1,1,4.615144547870655,0.1473
1748,2211177,2.0,1.926807848583944,0.030469317706544975,1.8670890832456073,1.9865266139222806,1.929020757809136,0.061833819188886495,1.8039500531845805,2.0540914624336915,1.929020757809136,0.059900738997725016,1.8074157926618,2.050625722956472,0,1,1,3.864905701116906,0.1477
1749,2212177,2.0,2.0782844527563276,0.032724738650069286,2.014145143598706,2.1424237619139492,2.0918927784840027,0.06683439835005343,1.9567074477952298,2.2270781091727754,2.0918927784840027,0.06669704293013572,1.9564905828406807,2.2272949741273247,0,1,1,4.153945415250627,0.1691
1750,2213177,2.0,1.9437654326996459,0.02874596138059603,1.8874243836926983,2.0001064817065934,1.9575978201645734,0.07922817578622529,1.7973437083906991,2.1178519319384477,1.9575978201645734,0.07910946123767543,1.7969970757063554,2.1181985646227917,1,1,1,7.57361419510069,0.1858
1751,2214177,2.0,2.0795214513967526,0.028948396617519027,2.0227836366162344,2.136259266177271,2.0906402021097397,0.062355402970220554,1.9645144947066413,2.216765909512838,2.0906402021097397,0.056700173806724895,1.975532729731535,2.2057476744879443,0,1,1,3.8363635138914143,0.1626
1752,2215177,2.0,2.088684023171019,0.03234629402241232,2.0252864518537477,2.1520815944882905,2.0749628462820566,0.08026776697594741,1.9126059628481813,2.237319729715932,2.0749628462820566,0.08083703629377262,1.9108549380058082,2.239070754558305,0,1,1,6.245564612482442,0.1422
1753,2216177,2.0,2.025315794353009,0.032014197397520705,1.9625691204599125,2.0880624682461058,2.031512615191538,0.06844279169730394,1.8930740018834338,2.169951228499642,2.031512615191538,0.06578232827354004,1.8979673890246576,2.165057841358418,1,1,1,4.222145975604212,0.1576
1754,2217177,2.0,2.0473154781449083,0.03137946892223199,1.9858128492033398,2.108818107086477,2.044746941590715,0.06758263296236917,1.908048163545554,2.1814457196358763,2.044746941590715,0.06676870279898768,1.9091992686794994,2.180294614501931,1,1,1,4.527460803918965,0.1935
1755,2218177,2.0,1.8433333367318616,0.031080030621173,1.7824175960759605,1.9042490773877627,1.8244812108463968,0.0654455555540145,1.6921050798705304,1.9568573418222632,1.8244812108463968,0.06476668693285435,1.6929978462175013,1.9559645754752923,0,0,0,4.342506603412524,0.1587
1756,2219177,2.0,2.035627686119884,0.029561778276928196,1.977687665378146,2.093567706861622,2.0195620451033984,0.07376036793157047,1.8703676186296403,2.1687564715771566,2.0195620451033984,0.07376660902878239,1.869807867273924,2.169316222932873,1,1,1,6.226708416351727,0.1297
1757,2220177,2.0,1.9919539725272914,0.032172327225818184,1.9288973698658505,2.0550105751887324,1.9809301972446591,0.06891533566459765,1.8415357735445919,2.1203246209447264,1.9809301972446591,0.06976585760717209,1.8392979765951547,2.1225624178941636,1,1,1,4.702414630129797,0.1907
1758,2221177,2.0,1.9579670129077005,0.030295092557055814,1.8985897225875636,2.0173443032278375,1.9736390916365587,0.066363462931696,1.8394063177424211,2.1078718655306963,1.9736390916365587,0.06016340065304129,1.8515008949803178,2.0957772882928,1,1,1,3.9438481502589404,0.172
1759,2222177,2.0,2.0246313941556298,0.031218322091169804,1.9634446071991658,2.085818181112094,2.02895423285061,0.06960291742350945,1.888169043770009,2.169739421931211,2.02895423285061,0.07103217678511514,1.884751247598268,2.1731572181029524,1,1,1,5.177154593854424,0.1723
1760,2223177,2.0,2.03019644863966,0.03735639732874734,1.956979255283147,2.1034136419961733,2.0168328711774643,0.09454020424901731,1.8256072584645562,2.2080584838903725,2.0168328711774643,0.09279217961099577,1.828454731669552,2.205211010685377,1,1,1,6.170108202779723,0.1449
1761,2224177,2.0,1.9841067176070863,0.03083752328920114,1.923666282587837,2.0445471526263357,2.0022675558084115,0.08503797104166091,1.830262023924095,2.174273087692728,2.0022675558084115,0.08135163448486699,1.8371149576645591,2.167420153952264,1,1,1,6.959428624432326,0.2091
1762,2225177,2.0,1.9468493784232601,0.03476914489253737,1.8787031066606321,2.014995650185888,1.9234548466803827,0.08095934445026451,1.759699115768704,2.087210577592061,1.9234548466803827,0.08057060501092925,1.7598878226637684,2.0870218706969967,1,1,1,5.369888027772694,0.1556
1763,2226177,2.0,2.0074362570133846,0.030449204191647827,1.9477569134398487,2.0671156005869205,2.002536964966781,0.061688943062402773,1.877759299967794,2.1273146299657677,2.002536964966781,0.06233828006490629,1.8759835283735242,2.1290904015600374,1,1,1,4.191386771734105,0.1509
1764,2227177,2.0,1.9953670214404,0.03155915046119058,1.9335122231537858,2.057221819727014,2.003394029111548,0.07254528238838903,1.8566573451330508,2.150130713090045,2.003394029111548,0.07417011134862095,1.8528206980235018,2.153967360199594,1,1,1,5.523409646689103,0.1465
1765,2228177,2.0,1.9666927413918291,0.03369228168936454,1.9006570827236964,2.032728400059962,1.977129347194386,0.0826669835324623,1.8099195902164462,2.144339104172326,1.977129347194386,0.08352316083453341,1.8075683161916714,2.1466903781971007,1,1,1,6.145440194559665,0.1596
1766,2229177,2.0,1.9475857374991858,0.030839364313423705,1.8871416941387655,2.008029780859606,1.9298168815566077,0.06099425311676757,1.806444359602898,2.0531894035103173,1.9298168815566077,0.061541650133158675,1.8048806897036735,2.054753073409542,1,1,1,3.98224007906549,0.1717
1767,2230177,2.0,2.0269074198456964,0.05124555648964063,1.926467974758288,2.127346864933105,2.023176366297664,0.07857488466047345,1.8642436605519888,2.1821090720433394,2.023176366297664,0.07853896648253127,1.8637337877648894,2.1826189448304385,1,1,1,2.3488643514410503,0.1619
1768,2231177,2.0,2.1182563213305796,0.029961196184574074,2.0595334558750755,2.1769791867860837,2.1352248799166955,0.06531895723810992,2.003104818204901,2.26734494162849,2.1352248799166955,0.06638607872921534,2.000453975163064,2.269995784670327,0,0,0,4.909482729284529,0.151
1769,2232177,2.0,2.0013947533011835,0.02955312772314819,1.943471687333301,2.059317819269066,2.0140236836139342,0.06897860949633207,1.874501276508942,2.1535460907189266,2.0140236836139342,0.0629813962424221,1.8861646517699169,2.141882715457952,1,1,1,4.541691879678644,0.1557
1770,2233177,2.0,2.005995279458675,0.03188515114363698,1.9435015315755302,2.0684890273418195,2.002489840036183,0.06497440606512829,1.8710666988534665,2.1339129812188995,2.002489840036183,0.06629377496864663,1.8679063218786893,2.1370733581936765,1,1,1,4.322833810087893,0.1819
1771,2234177,2.0,2.0307555461335234,0.03095973693412205,1.9700755767718097,2.0914355154952373,2.007966025234909,0.07219866207463888,1.8619304470177345,2.1540016034520835,2.007966025234909,0.07109818148070945,1.863629043326739,2.152303007143079,1,1,1,5.27378549883222,0.1644
1772,2235177,2.0,1.9930582609852137,0.04697528418851124,1.9009883958121978,2.0851281261582297,2.040229946681217,0.07520224453572022,1.8881190494924316,2.1923408438700025,2.040229946681217,0.06388624359977452,1.9105339770431822,2.169925916319252,1,1,1,1.8495917258974346,0.1444
1773,2236177,2.0,2.0046932169332603,0.033886420526122084,1.938277053137082,2.0711093807294385,2.0154647239663044,0.07451636151053226,1.864741156144774,2.166188291787835,2.0154647239663044,0.07495584106872108,1.863296276744021,2.1676331711885877,1,1,1,4.892823743082709,0.1892
1774,2237177,2.0,2.0865020583690934,0.03391583945507465,2.0200282345317047,2.152975882206482,2.0792099230743695,0.06803277575411099,1.9416006452916321,2.216819200857107,2.0792099230743695,0.06294520780893198,1.9514243576560912,2.2069954884926477,0,1,1,3.4444525130567074,0.1567
1775,2238177,2.0,2.079411303120879,0.03140437786871732,2.017859853541306,2.1409627527004518,2.0611202917754583,0.06374807212966631,1.9321776451089339,2.190062938441983,2.0611202917754583,0.057757982507777875,1.943865353566674,2.1783752299842427,0,1,1,3.3825454529520655,0.1453
1776,2239177,2.0,2.0008959283375525,0.03299801578818332,1.936221005831429,2.065570850843676,2.037232305758549,0.07326678489872718,1.8890362452036071,2.185428366313491,2.037232305758549,0.06762889110429243,1.899938357748946,2.174526253768152,1,1,1,4.200382891751373,0.1855
1777,2240177,2.0,2.126394884219529,0.03705694464261044,2.053764607342918,2.19902516109614,2.1346313158481776,0.09114506032984468,1.950273029912798,2.318989601783557,2.1346313158481776,0.09358612991602923,1.9446413715313802,2.324621260164975,0,1,1,6.377988897536049,0.2188
1778,2241177,2.0,2.020577840383867,0.046837046779778686,1.9287789155532828,2.1123767652144507,2.0348602559623177,0.07326404116582518,1.8866697451310037,2.183050766793632,2.0348602559623177,0.07371452141762429,1.885211821605219,2.1845086903194164,1,1,1,2.477006197757281,0.1557
1779,2242177,2.0,2.050425635417228,0.02680321636576948,1.997892296670485,2.1029589741639705,2.037327950565909,0.06698388065384146,1.9018402633785578,2.17281563775326,2.037327950565909,0.06382525615629861,1.9077557920203982,2.16690010911142,1,1,1,5.670368830777997,0.1325
1780,2243177,2.0,2.1618360389539952,0.03177671703656752,2.0995548180154024,2.224117259892588,2.153775566987784,0.06948011828542033,2.013238762608784,2.2943123713667837,2.153775566987784,0.07099310757536334,2.009651896447909,2.2978992375276586,0,0,0,4.991307432345817,0.2013
1781,2244177,2.0,1.9168846164413653,0.039619653327671554,1.8392315228391665,1.9945377100435642,1.9133364059520312,0.08286047465646466,1.745735276234464,2.0809375356695985,1.9133364059520312,0.083983206372181,1.742841432855982,2.0838313790480805,0,1,1,4.493280806641418,0.1882
1782,2245177,2.0,1.8626958587789815,0.03230871070427799,1.7993719494116729,1.92601976814629,1.853515344831965,0.08009066100124729,1.6915166920449998,2.01551399761893,1.853515344831965,0.08046352577109414,1.690165703229091,2.016864986434839,0,1,1,6.2023870203104945,0.1679
1783,2246177,2.0,1.9953315245028427,0.030697618273247115,1.9351652982761196,2.0554977507295655,2.0036099917381804,0.056345069780601324,1.8896413307041204,2.11757865277224,2.0036099917381804,0.05662177401861883,1.888661679391383,2.118558304084978,1,1,1,3.402182306580838,0.2049
1784,2247177,2.0,2.112351004351299,0.037540735653027166,2.0387725145182274,2.185929494184371,2.129531689379827,0.060223079985467214,2.007719012316575,2.251344366443079,2.129531689379827,0.060923883902837025,2.0058496296488744,2.2532137491107798,0,0,0,2.633720025985756,0.2284
1785,2248177,2.0,2.0534053468344795,0.029026507238150076,1.9965144380507143,2.1102962556182447,2.054443846937428,0.05061422277624775,1.9520669181031942,2.156820775771662,2.054443846937428,0.0518432419514596,1.9491964704255693,2.159691223449287,1,1,1,3.190029821123772,0.1794
1786,2249177,2.0,1.9948615269709526,0.0338319736761549,1.928552077039782,2.0611709769021234,1.9848805616051515,0.06502744406634212,1.853350140938963,2.11641098227134,1.9848805616051515,0.06381919281244695,1.8553207123020656,2.1144404109082373,1,1,1,3.558344119189002,0.1637
1787,2250177,2.0,2.078327212590197,0.02731623261523959,2.024788380471009,2.1318660447093847,2.071236165082316,0.061442841842538835,1.946956286786158,2.195516043378474,2.071236165082316,0.06108219832157225,1.9472327099947324,2.1952396201699,0,1,1,5.00020387982385,0.1848
1788,2251177,2.0,2.1704233943852125,0.03581834751417249,2.1002207232716947,2.2406260654987302,2.189956796973494,0.10903010740077938,1.9694225887233046,2.410491005223683,2.189956796973494,0.110427707845459,1.965776631777915,2.414136962169073,0,1,1,9.504844665338322,0.1781
1789,2252177,2.0,2.0488614522789943,0.036782020152985546,1.9767700175005163,2.1209528870574723,2.0508397136397,0.08938127447263741,1.8700490213425829,2.231630405936817,2.0508397136397,0.08962123907758801,1.8688989256486692,2.2327805016307307,1,1,1,5.936776945671847,0.1293
1790,2253177,2.0,1.9523113042972318,0.03264985409354509,1.8883187661733958,2.0163038424210677,1.937841919981784,0.0819087732247571,1.7721657881087176,2.1035180518548504,1.937841919981784,0.08111382454465306,1.7731721016829767,2.1025117382805916,1,1,1,6.1720191996175195,0.1913
1791,2254177,2.0,1.966677942880243,0.032900936689198655,1.9021932919117812,2.031162593848705,1.9603216253662894,0.08226059492192746,1.7939338669408846,2.126709383791694,1.9603216253662894,0.08398787532223753,1.7898171737977138,2.130826076934865,1,1,1,6.516533988412544,0.2915
1792,2255177,2.0,2.033677552808487,0.03620369651010236,1.9627196115414678,2.104635494075506,2.0296516455337237,0.07668514668605386,1.8745412956301555,2.184761995437292,2.0296516455337237,0.07413615797892413,1.87914724345069,2.1801560476167574,1,1,1,4.193284412152487,0.1251
1793,2256177,2.0,1.8823223234409745,0.03461602588538043,1.8144761594177226,1.9501684874642264,1.8877970111224371,0.0676800869493255,1.750901113782738,2.024692908462136,1.8877970111224371,0.06707566624435574,1.7516261692870967,2.0239678529577776,0,1,1,3.754702884404462,0.1649
1794,2257177,2.0,1.9720795129633677,0.03618170440449641,1.9011646754312805,2.042994350495455,1.9720795009888001,0.09201753605329811,1.7859564663296388,2.1582025356479613,1.9720795009888001,0.08887518949286444,1.7916532741745845,2.1525057278030157,1,1,1,6.03369060853364,0.1646
1795,2258177,2.0,2.0079057557139945,0.03479155318533103,1.9397155645045359,2.076095946923453,2.0270028006012755,0.08996454009912713,1.845032342217488,2.208973258985063,2.0270028006012755,0.08803370399672168,1.8482848801642868,2.205720721038264,1,1,1,6.4025107409815,0.1867
1796,2259177,2.0,2.0306455054776866,0.031004901824246936,1.9698770145579625,2.091413996397411,2.028518282384628,0.05943803577362376,1.9082935071204992,2.148743057648757,2.028518282384628,0.05733323701566162,1.9121256233668775,2.144910941402379,1,1,1,3.419418083841089,0.1504
1797,2260177,2.0,1.987279631283848,0.03203908057120387,1.9244841872665115,2.0500750753011845,1.978214321854361,0.06851603223375945,1.8396275655781897,2.1168010781305324,1.978214321854361,0.06520571317764497,1.8458396865652063,2.110588957143516,1,1,1,4.142010632711118,0.1613
1798,2261177,2.0,1.9013353433831526,0.030643134391030186,1.8412759036033126,1.9613947831629925,1.9136604190281241,0.07852273287014418,1.7548332002352114,2.0724876378210366,1.9136604190281241,0.07771447930330903,1.7558916384546293,2.071429199601619,0,1,1,6.431873752613718,0.2004
1799,2262177,2.0,2.1101186239688334,0.032464798817236636,2.046488787521711,2.173748460415956,2.0924424182269146,0.07447229470107901,1.9418079839407403,2.243076852513089,2.0924424182269146,0.07362049992876568,1.9429848576397735,2.2418999788140557,0,1,1,5.142473858596235,0.1519
1800,2263177,2.0,2.035799009275218,0.03319467341174652,1.9707386449096254,2.1008593736408105,2.0326615175549554,0.08323442386478998,1.8643040041691537,2.201019030940757,2.0326615175549554,0.08554428730492766,1.8589973816806966,2.2063256534292144,1,1,1,6.641179589507841,0.1494
1801,2264177,2.0,1.961936905459445,0.03895035119360547,1.8855956199347916,2.0382781909840983,1.9756482360079985,0.10156571843349169,1.7702121795455648,2.1810842924704326,1.9756482360079985,0.10096348886560086,1.770681456798127,2.18061501521787,1,1,1,6.719020148114076,0.1662
1802,2265177,2.0,2.056432761984595,0.034488008713891447,1.9888375070068642,2.124028016962326,2.067827133229771,0.07459207174886304,1.9169504269966153,2.218703839462927,2.067827133229771,0.07626486400854175,1.9130012281590962,2.2226530383004457,1,1,1,4.890043936396679,0.1603
1803,2266177,2.0,1.9948527808501608,0.031654476263588326,1.9328111474240497,2.056894414276272,2.0028389101054995,0.06431261750889335,1.8727543626264638,2.1329234575845355,2.0028389101054995,0.06379504214283603,1.8733280892682633,2.1323497309427357,1,1,1,4.06166024962579,0.1836
1804,2267177,2.0,1.9051071624378126,0.04180819491267438,1.8231646061503402,1.9870497187252851,1.881320868953896,0.09011840747082846,1.6990391844344783,2.063602553473314,1.881320868953896,0.0896611490574953,1.6992990593962392,2.063342678511553,0,1,1,4.5992367555218525,0.1516
1805,2268177,2.0,1.947412854905922,0.03791036860202374,1.8731098978053173,2.0217158120065264,1.950259573923854,0.07276198052179507,1.8030845765985275,2.0974345712491806,1.950259573923854,0.07344677829930239,1.801154686993995,2.099364460853713,1,1,1,3.7534400764428977,0.1769
1806,2269177,2.0,2.1030464846491403,0.0333769711351597,2.0376288233111945,2.168464145987086,2.103851624322086,0.056387589000711516,1.9897969600475822,2.21790628859659,2.103851624322086,0.05584880561114974,1.990472521267579,2.2172307273765934,0,1,1,2.799844636984731,0.1666
1807,2270177,2.0,1.9426610260755193,0.04216387181274227,1.8600213558737808,2.0253006962772577,1.9360520161177999,0.08362714066788624,1.7669001580202295,2.1052038742153703,1.9360520161177999,0.08227031814689756,1.769034390988105,2.1030696412474947,1,1,1,3.807197309726819,0.1684
1808,2271177,2.0,2.050472204940255,0.03180412534138431,1.9881372647113442,2.112807145169166,2.038572105106729,0.06468429895372682,1.9077357609440824,2.1694084492693753,2.038572105106729,0.0644173222343639,1.9077979885220897,2.1693462216913684,1,1,1,4.102403958782482,0.1444
1809,2272177,2.0,1.9631012322980765,0.028071833870706768,1.9080814489314997,2.0181210156646534,1.9706662826831136,0.06111505937807886,1.847049407001566,2.0942831583646613,1.9706662826831136,0.06145209284483167,1.8459119017912446,2.0954206635749824,1,1,1,4.792165254202256,0.156
1810,2273177,2.0,2.010880959379186,0.03444034241624578,1.9433791286281172,2.078382790130255,2.006688245740056,0.059850331429532354,1.88562952379635,2.1277469676837617,2.006688245740056,0.06026073344003977,1.8843524530212505,2.1290240384588612,1,1,1,3.0614974712564442,0.178
1811,2274177,2.0,1.9909370206032637,0.0446017783830651,1.903519141326019,2.0783548998805084,1.996998862871654,0.07603153622619035,1.8432105649104926,2.1507871608328153,1.996998862871654,0.07711186257753028,1.8404534592908588,2.153544266452449,1,1,1,2.989083420705508,0.1704
1812,2275177,2.0,2.010598388091675,0.043126451121048084,1.9260720971133938,2.0951246790699565,2.0166250975194098,0.07980906116063068,1.8551960341731437,2.178054160865676,2.0166250975194098,0.08052174509632921,1.8531572644027987,2.180092930636021,1,1,1,3.486092560450919,0.1253
1813,2276177,2.0,2.0976850551854764,0.030431051888225737,2.0380412894728845,2.1573288208980683,2.101040188921152,0.06855472914410521,1.9623751607557907,2.239705217086513,2.101040188921152,0.07050912105361391,1.9578990632562472,2.2441813145860565,0,1,1,5.368545926270814,0.1344
1814,2277177,2.0,2.0061471267818356,0.04478209882858306,1.9183758259256996,2.0939184276379716,2.017241060936778,0.08461017477813321,1.8461008286703247,2.1883812932032316,2.017241060936778,0.08645385999871237,1.841730394325547,2.1927517275480093,1,1,1,3.7270042570358872,0.1421
1815,2278177,2.0,1.9686956222307241,0.03897907569099465,1.892298037725714,2.0450932067357344,1.969095373409532,0.08713737614905677,1.7928433938770072,2.145347352942057,1.969095373409532,0.08971143320666643,1.7869714816019775,2.1512192652170867,1,1,1,5.2970310272889805,0.1893
1816,2279177,2.0,2.0194528409719794,0.03508716506845298,1.9506832611181997,2.088222420825759,2.0261820599783373,0.08295828581884646,1.8583830885107422,2.1939810314459325,2.0261820599783373,0.08302627432160699,1.8576297622249551,2.1947343577317193,1,1,1,5.599310356437228,0.1801
1817,2280177,2.0,1.99502850506027,0.04082891978014306,1.9150052927635146,2.0750517173570255,2.0027710368190133,0.08423380366818498,1.8323920869792163,2.17314998665881,2.0027710368190133,0.08542378923844643,1.8293515250248569,2.1761905486131696,1,1,1,4.377456955968664,0.1357
1818,2281177,2.0,1.9225790308287403,0.04123109804514271,1.8417675636172208,2.0033904980402597,1.9479017784845485,0.0693231386778074,1.8076824953324984,2.0881210616365986,1.9479017784845485,0.0679300013866542,1.8099965441034451,2.085807012865652,1,1,1,2.7143974909146515,0.1729
1819,2282177,2.0,1.9334550954198522,0.03831108547658542,1.8583667476771093,2.008543443162595,1.940935150449629,0.06865119412488191,1.8020750034435493,2.079795297455709,1.940935150449629,0.07004835519042306,1.7987294292166551,2.0831408716826028,1,1,1,3.3430815430629663,0.202
1820,2283177,2.0,1.8288859179782755,0.04346351745366705,1.74369898912766,1.914072846828891,1.8337438738511438,0.07148116564539611,1.6891595691465575,1.97832817855573,1.8337438738511438,0.06851642525720295,1.694648135721124,1.9728396119811635,0,0,0,2.485075865953582,0.1496
1821,2284177,2.0,1.9652323504114584,0.032675887985980215,1.9011887867960722,2.0292759140268446,1.96108793818362,0.06258004960825915,1.8345078400655441,2.0876680363016957,1.96108793818362,0.06442686903407413,1.8302944405651995,2.09188143580204,1,1,1,3.8875792507496016,0.1526
1822,2285177,2.0,1.8022534973510138,0.02844077960582618,1.7465105936313532,1.8579964010706744,1.80513235532334,0.06677782906508735,1.670061446813621,1.940203263833059,1.80513235532334,0.0656146451814828,1.6719275439310786,1.9383371667156015,0,0,0,5.322535607630076,0.1523
1823,2286177,2.0,1.920460478309534,0.028363129914006004,1.8648697651892516,1.9760511914298164,1.9264389453021193,0.05597682543368055,1.813215128764931,2.039662761839308,1.9264389453021193,0.05463036933106282,1.8155333993998843,2.037344491204354,0,1,1,3.7098808768540517,0.1915
1824,2287177,2.0,1.9728078162004297,0.0429766227498869,1.8885751834334865,2.057040448967373,1.9736132353600586,0.07452379009126295,1.8228746418157356,2.1243518289043815,1.9736132353600586,0.0768571840376762,1.8175848567021764,2.129641614017941,1,1,1,3.1981907908716583,0.185
1825,2288177,2.0,2.0128788541037697,0.02638069864602515,1.9611736348705557,2.0645840733369836,2.0034689809315647,0.059958000445489275,1.8821924778469135,2.124745484016216,2.0034689809315647,0.059943207924432244,1.881777799279416,2.1251601625837133,1,1,1,5.163062426903879,0.1934
1826,2289177,2.0,1.9156313361216109,0.03122613005408214,1.8544292458390461,1.9768334264041756,1.9239915547127668,0.06409149695260428,1.7943542657751705,2.053628843650363,1.9239915547127668,0.060363205708686835,1.8014477322289553,2.0465353771965784,0,1,1,3.7368723538607447,0.1945
1827,2290177,2.0,1.9564967967383673,0.0315071231501886,1.8947439701075295,2.018249623369205,1.9534435147802889,0.07229844860639126,1.807206099251397,2.099680930309181,1.9534435147802889,0.07429717406546898,1.8026122326633847,2.1042747968971933,1,1,1,5.560669583714657,0.1746
1828,2291177,2.0,1.964473989231898,0.03303195482577536,1.8997325474344244,2.029215431029372,1.9581633919839059,0.06345180754006492,1.8298199970126965,2.0865067869551153,1.9581633919839059,0.06474138540593852,1.8267313921853991,2.089595391782413,1,1,1,3.841452128669356,0.1316
1829,2292177,2.0,1.8820453330937597,0.029932246192179678,1.8233792085807012,1.940711457606818,1.8663880711979712,0.0488545498939546,1.7675704167249864,1.965205725670956,1.8663880711979712,0.04800874606424508,1.7689251351875899,1.9638510072083526,0,0,0,2.572539834877916,0.1728
1830,2293177,2.0,2.090335384870202,0.03177133676222703,2.0280647090755437,2.1526060606648603,2.090565597387927,0.07589832485194214,1.937046744863903,2.2440844499119508,2.090565597387927,0.07793432557791001,1.9323505051493683,2.2487806896264857,0,1,1,6.017091104053082,0.1666
1831,2294177,2.0,1.9801102940462174,0.03032952330013858,1.9206655207096774,2.0395550673827576,1.9719573554201673,0.06684441482542998,1.8367517644975995,2.107162946342735,1.9719573554201673,0.06690828294091314,1.8361263197562023,2.107788391084132,1,1,1,4.866633045449021,0.168
1832,2295177,2.0,1.9494051152804337,0.031244548991485863,1.888166924543924,2.0106433060169433,1.9644004980204373,0.07772943055808638,1.807177884610968,2.1216231114299067,1.9644004980204373,0.0796239202286132,1.8027553462859567,2.126045649754918,1,1,1,6.49439338670516,0.1838
1833,2296177,2.0,2.013480757777078,0.027904461815540547,1.9587890176106453,2.0681724979435105,2.0182847326895774,0.053046941691186324,1.9109871653950954,2.1255822999840595,2.0182847326895774,0.053250007472798455,1.9101814703396593,2.1263879950394955,1,1,1,3.6415983570829766,0.1259
1834,2297177,2.0,1.957902704350491,0.03312884219888557,1.8929713667911647,2.0228340419098174,1.9707223829074323,0.06947769410058371,1.83019048190509,2.1112542839097745,1.9707223829074323,0.06998130081344897,1.8286527892967774,2.1127919765180874,1,1,1,4.462225413726698,0.1962
1835,2298177,2.0,1.9505239897736675,0.03565277318812548,1.8806458383759663,2.0204021411713686,1.9355002683637326,0.06325869486348434,1.8075474806499867,2.0634530560774786,1.9355002683637326,0.06022834411853628,1.8132302294633023,2.057770307264163,1,1,1,2.8537453283448793,0.1658
1836,2299177,2.0,1.8940706011501536,0.031124741334305126,1.8330672291067904,1.9550739731935167,1.9012191287225837,0.0601742909129865,1.7795051368732353,2.022933120571932,1.9012191287225837,0.059863755466996044,1.7796892441341952,2.022749013310972,0,1,1,3.699273272458689,0.1801
1837,2300177,2.0,1.9736270561873264,0.03403219408588176,1.906925181464121,2.0403289309105315,1.9672923945818928,0.07454614990536619,1.8165085740446094,2.118076215119176,1.9672923945818928,0.0747428242218678,1.8155563945492572,2.1190283946145283,1,1,1,4.823464753216186,0.1525
1838,2301177,2.0,1.9425634123670439,0.028977836252934177,1.8857678969613938,1.999358927772694,1.9284743591450384,0.06285477988981153,1.8013385665810073,2.0556101517090695,1.9284743591450384,0.06263744815986316,1.8013135790303303,2.0556351392597465,0,1,1,4.67235900331924,0.1699
1839,2302177,2.0,1.9852975470031118,0.032861296628552195,1.920890589125862,2.0497045048803617,2.003093479976377,0.08297505474080051,1.8352605901626067,2.1709263697901475,2.003093479976377,0.08368590955263111,1.8332020515107397,2.1729849084420145,1,1,1,6.485377940991954,0.1533
1840,2303177,2.0,1.9949040956069946,0.036174446917800605,1.9240034824874495,2.0658047087265397,2.0085785266548455,0.07541096135113584,1.85604545985866,2.161111593451031,2.0085785266548455,0.07424274208129633,1.8578577473405604,2.1592993059691303,1,1,1,4.212153679259065,0.1693
1841,2304177,2.0,1.9009638368107191,0.03241834587322922,1.8374250464608273,1.964502627160611,1.9037017689687297,0.06708059375479833,1.7680184610702245,2.039385076867235,1.9037017689687297,0.06471134732170533,1.7723307497231742,2.0350727882142854,0,1,1,3.984549086463481,0.1951
1842,2305177,2.0,1.8822678856902975,0.03329314590299542,1.8170145187883893,1.9475212525922057,1.8959199518219307,0.06549699841671354,1.7634397678347822,2.028400135809079,1.8959199518219307,0.06485392614913056,1.7642594821684185,2.027580421475443,0,1,1,3.794572695300111,0.1489
1843,2306177,2.0,2.1042761662522027,0.030793984639099683,2.0439210654190876,2.164631267085318,2.1061672781291727,0.05635192027484357,1.992184760662611,2.2201497955957343,2.1061672781291727,0.05541708822540526,1.9936646079622289,2.2186699482961165,0,1,1,3.2385874478933374,0.1552
1844,2307177,2.0,2.0247491955897203,0.033079741324502844,1.9599140939757935,2.0895842972036474,2.01681722167408,0.08106554906746605,1.852846671647522,2.180787771700638,2.01681722167408,0.08227174315505022,1.8497967036240368,2.1838377397241233,1,1,1,6.185533860608246,0.1919
1845,2308177,2.0,1.9917482667716604,0.03159554892552429,1.9298221288058597,2.0536744047374613,2.000137156527017,0.0687694826817841,1.8610377483309473,2.1392365647230873,2.000137156527017,0.0675865076908337,1.8629292514211029,2.1373450616329315,1,1,1,4.575812313101709,0.1975
1846,2309177,2.0,1.9717017863689965,0.0328483934699275,1.907320118217938,2.036083454520055,1.9758947734375545,0.09438192921451415,1.7849893021998045,2.1668002446753043,1.9758947734375545,0.09325821339896834,1.7865705350418466,2.1652190118332624,1,1,1,8.06020177691563,0.1416
1847,2310177,2.0,2.0056226478326047,0.02806032651094713,1.9506254184767138,2.0606198771884956,1.9913737911367606,0.057088133917596935,1.8759021410197947,2.1068454412537267,1.9913737911367606,0.05809762872887669,1.8734293344417232,2.109318247831798,1,1,1,4.2867817528701,0.1427
1848,2311177,2.0,2.029227934099871,0.02940151400279329,1.9716020255634459,2.086853842636296,2.0330758069579895,0.06482851962308857,1.9019477489569434,2.1642038649590356,2.0330758069579895,0.06149763718862176,1.9082289661327054,2.157922647783274,1,1,1,4.374994091654379,0.1553
1849,2312177,2.0,2.0303486608711894,0.029992184529701725,1.9715650593752947,2.0891322623670843,2.022419885402738,0.05661053090567148,1.9079142785613759,2.1369254922441,2.022419885402738,0.05695982272926782,1.9067852976883173,2.1380544731171587,1,1,1,3.6067916793729187,0.2074
1850,2313177,2.0,1.8849267093780362,0.041675142753365986,1.8032449305308735,1.9666084882251988,1.8886903365036225,0.08824486934700654,1.7101982405356022,2.067182432471643,1.8886903365036225,0.08858513598602996,1.7088529496132483,2.0685277233939967,0,1,1,4.518221523806916,0.1381
1851,2314177,2.0,1.9794688214792069,0.034341959082057574,1.9121598185198259,2.046777824438588,1.980135099740877,0.07651510224929922,1.8253686971755352,2.134901502306219,1.980135099740877,0.078164645825254,1.8214524325421488,2.138817766939605,1,1,1,5.180487091665152,0.1964
1852,2315177,2.0,2.056116620275357,0.037087990419253515,1.9834254947946537,2.1288077457560606,2.052206251733572,0.07085602041272314,1.9088864226148177,2.1955260808523267,2.052206251733572,0.07203743089699674,1.905962492138793,2.1984500113283514,1,1,1,3.772678766679049,0.1426
1853,2316177,2.0,1.9648880299514406,0.030180416407520484,1.9057355007542787,2.0240405591486024,1.961606173064583,0.06038045438861971,1.839475176225028,2.083737169904138,1.961606173064583,0.06138726823959463,1.8369833931177515,2.0862289530114144,1,1,1,4.137196607654913,0.2727
1854,2317177,2.0,1.985759360027909,0.028858034409794373,1.9291986519200945,2.042320068135724,1.9887050608416692,0.055523252179672536,1.8763986828069343,2.1010114388764043,1.9887050608416692,0.05600617525507738,1.8750064804253586,2.10240364125798,1,1,1,3.766503161362864,0.1544
1855,2318177,2.0,1.9547293477029575,0.03550413870085441,1.885142514547168,2.024316180858747,1.9698869558436771,0.07187106015285864,1.8245140150590742,2.11525989662828,1.9698869558436771,0.07212548090876118,1.8234644452219324,2.116309466465422,1,1,1,4.1268575741123135,0.157
1856,2319177,2.0,1.832188333053514,0.028924795379541138,1.775496775849423,1.8888798902576052,1.8444983007761604,0.07062910911534186,1.7016374430782728,1.987359158474048,1.8444983007761604,0.06202986052106316,1.7185709891440872,1.9704256124082336,0,0,0,4.5989746802733675,0.1582
1857,2320177,2.0,2.032022522607209,0.028795531523412667,1.9755843179056325,2.0884607273087856,2.044017496544712,0.05975324923589876,1.9231551418725663,2.1648798512168583,2.044017496544712,0.06117831594696075,1.9198189123037828,2.1682160807856414,1,1,1,4.513826243931071,0.1434
1858,2321177,2.0,1.9632688412636772,0.04812569105557678,1.8689442200636452,2.057593462463709,1.9700115738299553,0.07591499565852458,1.8164590014168276,2.123564146243083,1.9700115738299553,0.075005043828526,1.8177432396949003,2.1222799079650105,1,1,1,2.4289970133559264,0.17
1859,2322177,2.0,2.0741398133496394,0.03214384223088854,2.01113904025236,2.1371405864469186,2.0557556176547527,0.06847927151308036,1.917243216954513,2.1942680183549923,2.0557556176547527,0.06719602888289747,1.9193404266726435,2.192170808636862,0,1,1,4.3701026731503845,0.141
1860,2323177,2.0,2.0759319159212595,0.031610312451845354,2.0139768419755844,2.1378869898669346,2.073733622386547,0.07707086271448468,1.9178430881745592,2.229624156598535,2.073733622386547,0.07902942719416534,1.9132953556745886,2.2341718890985054,0,1,1,6.250576734043351,0.2125
1861,2324177,2.0,1.9541958577405254,0.030081800741087864,1.895236611697883,2.013155103783168,1.9748919990257434,0.07125637735700041,1.8307623715510257,2.1190216265004613,1.9748919990257434,0.06905116486785857,1.8347106817725822,2.1150733162789046,1,1,1,5.269074732497556,0.1537
1862,2325177,2.0,2.0483311300782927,0.03244666319249351,1.984736838802504,2.1119254213540812,2.03908033755617,0.07554909265457788,1.8862678738267393,2.1918928012856007,2.03908033755617,0.07570103690227921,1.885399062364081,2.1927616127482588,1,1,1,5.443316350691256,0.1371
1863,2326177,2.0,1.9951785157414192,0.03311717117713048,1.9302700529643955,2.060086978518443,1.985313636156545,0.07944488912427605,1.8246211802815449,2.1460060920315454,1.985313636156545,0.08159143309564505,1.8196742209517687,2.1509530513613213,1,1,1,6.069915661567285,0.1404
1864,2327177,2.0,1.8528797132614678,0.030850562889819518,1.7924137210946336,1.913345705428302,1.8603170562223568,0.07522393199396209,1.708162292008707,2.012471820436007,1.8603170562223568,0.07527523134160616,1.7075002122748835,2.01313390016983,0,1,1,5.953577520865055,0.1733
1865,2328177,2.0,2.0522443145239087,0.03658758143063242,1.9805339726384426,2.1239546564093748,2.0451576210163656,0.07741657693050033,1.8885678137987152,2.201747428234016,2.0451576210163656,0.07561974660814456,1.8916413738948894,2.198673868137842,1,1,1,4.271722492326018,0.1596
1866,2329177,2.0,2.136675436126984,0.034937809329773487,2.0681985881419007,2.2051522841120677,2.15864482995823,0.08528984691877405,1.9861298310243005,2.3311598288921593,2.15864482995823,0.0861965771082471,1.9836564753827355,2.333633184533724,0,1,1,6.08679534297013,0.1602
1867,2330177,2.0,1.9586413293099474,0.03331005809684555,1.8933548151171933,2.0239278435027015,1.9682476269654123,0.06773288451119762,1.8312449364767143,2.1052503174541104,1.9682476269654123,0.06683289629922545,1.8325696343204219,2.103925619610403,1,1,1,4.025592258948828,0.1345
1868,2331177,2.0,1.9121951541059823,0.033384888562750396,1.8467619748951083,1.9776283333168563,1.9370580968470064,0.07723167310471764,1.7808422929188468,2.093273900775166,1.9370580968470064,0.07224259606038945,1.7903978298274228,2.08371836386659,0,1,1,4.682597472309084,0.2165
1869,2332177,2.0,2.062504945034777,0.03738182024789215,1.9892379236723585,2.135771966397196,2.076713415857587,0.07686320543292499,1.9212429081434892,2.2321839235716845,2.076713415857587,0.07656266991681643,1.9212829326514438,2.23214389906373,1,1,1,4.194819228647686,0.1388
1870,2333177,2.0,1.9765628387341587,0.0314504632483934,1.914921063470207,2.0382046139981105,1.9726875173107732,0.06303427490171051,1.8451886618159823,2.100186372805564,1.9726875173107732,0.06348518172474493,1.8438057465649547,2.1015692880565915,1,1,1,4.074653101359505,0.1828
1871,2334177,2.0,2.130127789615171,0.035563472326564635,2.060424664689917,2.1998309145404247,2.1040642188738685,0.09168209815623464,1.9186196714033337,2.289508766344403,2.1040642188738685,0.09007102058365507,1.9212103258813906,2.2869181118663464,0,1,1,6.414485856375451,0.1582
1872,2335177,2.0,1.9432777609972305,0.029457048405003752,1.88554300703257,2.0010125149618907,1.9332451553259418,0.07519334093546838,1.7811522673685414,2.085338043283342,1.9332451553259418,0.07507439558953814,1.780836029631018,2.0856542810208656,1,1,1,6.495389996495496,0.1736
1873,2336177,2.0,1.895576620867656,0.03575769027926308,1.8254928357499625,1.9656604059853497,1.9123554017852613,0.05905171221680419,1.7929120396717075,2.031798763898815,1.9123554017852613,0.05324585736327281,1.8042605646055943,2.020450238964928,0,1,1,2.217342249354364,0.1833
1874,2337177,2.0,1.9854204193413694,0.03292997912099583,1.9208788462525617,2.0499619924301773,1.9864977417201937,0.07197958492292404,1.8409052888685804,2.132090194571807,1.9864977417201937,0.07380601676038595,1.8366635619423566,2.136331921498031,1,1,1,5.023433116516956,0.1532
1875,2338177,2.0,1.945000991386089,0.031993770928475544,1.8822943526366525,2.007707630135526,1.955521160400131,0.06390950726487,1.8262519803514552,2.084790340448807,1.955521160400131,0.06367448161650094,1.8262550904432417,2.08478723035702,1,1,1,3.9609555979356887,0.1487
1876,2339177,2.0,2.033238268230371,0.03798109947907306,1.958796681158155,2.1076798553025875,2.04720316787209,0.07942026757458591,1.8865605137820853,2.207845821962095,2.04720316787209,0.07678596398802397,1.8913193736016574,2.203086962142523,1,1,1,4.087225663608068,0.1583
1877,2340177,2.0,1.9692996625955348,0.03728128152540792,1.8962296935082368,2.0423696316828326,1.9619545832675722,0.07022340633794032,1.8199143368937685,2.103994829641376,1.9619545832675722,0.0700024135769732,1.8198421284682995,2.104067038066845,1,1,1,3.525691941408301,0.1387
1878,2341177,2.0,1.994892436365492,0.032675818603523026,1.930849008737223,2.058935863993761,2.0104247483699336,0.07700383687893406,1.8546697867069217,2.1661797100329454,2.0104247483699336,0.07791569391725245,1.8522474804133924,2.1686020163264748,1,1,1,5.685870090336919,0.1579
1879,2342177,2.0,1.9333353333460284,0.029814208449113522,1.8749005585581962,1.9917701081338606,1.9583745875176553,0.06910725136283809,1.8185919776773447,2.098157197357966,1.9583745875176553,0.06724716291426265,1.8218555889330683,2.094893586102242,0,1,1,5.087464200236592,0.1412
1880,2343177,2.0,2.1647843561227593,0.03214205841593549,2.101787079238543,2.2277816330069755,2.1757836271734177,0.07770848921329768,2.018603371631906,2.3329638827149295,2.1757836271734177,0.07524393952723321,2.0230303089863924,2.328536945360443,0,0,0,5.480190800517135,0.1619
1881,2344177,2.0,2.047175191314812,0.03141538546794426,1.9856021672371984,2.108748215392426,2.031538505103055,0.07368138556390222,1.8825038355472221,2.1805731746588872,2.031538505103055,0.07181716340510298,1.8857419122899048,2.1773350979162047,1,1,1,5.226027725157552,0.1455
1882,2345177,2.0,2.022873365369675,0.03198072562221688,1.9601922949506727,2.0855544357886773,2.0197703830775224,0.0674502527511934,1.883339369283499,2.1562013968715457,2.0197703830775224,0.0685234701521424,1.8806603430504325,2.1588804231046126,1,1,1,4.590944787908543,0.1888
1883,2346177,2.0,1.9707307265497473,0.03347726985668278,1.9051164833299208,2.036344969769574,1.971454634218208,0.07286719266038916,1.8240668252554695,2.1188424431809465,1.971454634218208,0.0702495650970084,1.8288404351586327,2.1140688332777833,1,1,1,4.403390627015244,0.1687
1884,2347177,2.0,2.0203026214112607,0.036039271459170505,1.9496669473222243,2.090938295500297,2.003273812578932,0.0707853371143467,1.8600969539260017,2.146450671231862,2.003273812578932,0.0648957490106536,1.8715284380026596,2.135019187155204,1,1,1,3.242503791151826,0.1663
1885,2348177,2.0,1.9378525300111302,0.0295508304524595,1.8799339666110602,1.9957710934112003,1.947813924351115,0.0694475920809214,1.8073429104306185,2.0882849382716113,1.947813924351115,0.0686681639466805,1.8084101403045647,2.0872177083976653,0,1,1,5.399723110133129,0.1568
1886,2349177,2.0,2.000004118747747,0.032443536579403826,1.9364159555210076,2.0635922819744863,1.981595315523617,0.07397265740260586,1.831971493064376,2.131219137982858,1.981595315523617,0.07285528862148968,1.8336912164781638,2.12949941456907,1,1,1,5.042730833021431,0.1886
1887,2350177,2.0,1.9961387862865443,0.031856798959100284,1.9337006076639747,2.058576964909114,1.9766975896022203,0.06464053023291462,1.8459497760337422,2.1074454031706984,1.9766975896022203,0.05999897619417841,1.8548931923435152,2.0985019868609256,1,1,1,3.5471814933515784,0.155
1888,2351177,2.0,1.9394835769221506,0.03337914245262956,1.8740616598801647,2.0049054939641366,1.9150243511089906,0.06256131915620883,1.788482138906205,2.041566563311776,1.9150243511089906,0.06099686262284098,1.7911941366999642,2.038854565518017,1,1,1,3.339370799897192,0.1689
1889,2352177,2.0,2.0296043369970365,0.029969561590950336,1.9708650756463189,2.088343598347754,2.0119263209257947,0.07157279144209537,1.8671566855541837,2.1566959562974057,2.0119263209257947,0.07291935421755115,1.863892161805849,2.1599604800457404,1,1,1,5.920042817440465,0.169
1890,2353177,2.0,1.9433969421425672,0.03699283024558179,1.8708923271750229,2.0159015571101113,1.94573055241768,0.09088542206266266,1.7618974344478235,2.1295636703875362,1.94573055241768,0.09304354125952163,1.7568421216342374,2.134618983201123,1,1,1,6.3261188035541815,0.1583
1891,2354177,2.0,1.9043002405529217,0.03566863064061903,1.8343910091194466,1.9742094719863967,1.8872788209854034,0.08143801805976005,1.722554881310137,2.05200276066067,1.8872788209854034,0.08109840508401817,1.7226403058558803,2.0519173361149265,0,1,1,5.169538253365636,0.1658
1892,2355177,2.0,2.1296494838291204,0.03488797507139646,2.061270309195652,2.1980286584625888,2.1289840143651415,0.09250634971106492,1.9418722607588252,2.3160957679714578,2.1289840143651415,0.09333176311516908,1.939510462107454,2.318457566622829,0,1,1,7.156611030589723,0.151
1893,2356177,2.0,2.0063301316441158,0.034782901059368786,1.9381568982899329,2.0745033649982987,1.9934245434368802,0.08076442901981623,1.8300630661965445,2.156786020677216,1.9934245434368802,0.0813026442027669,1.8283714008531264,2.158477686020634,1,1,1,5.463585426527959,0.1957
1894,2357177,2.0,2.0487032572997417,0.028419820300956012,1.9930014330627677,2.104405081536716,2.0425268015838203,0.06603437234785729,1.9089596762254828,2.1760939269421575,2.0425268015838203,0.06363427221650966,1.9133423610486435,2.171711242118997,1,1,1,5.013482551789641,0.1688
1895,2358177,2.0,1.9795998294596586,0.03566103880182638,1.9097054777567934,2.049494181162524,1.9871841780550024,0.08987400199821852,1.8053968502658402,2.1689715058441648,1.9871841780550024,0.0928030146607551,1.7987840422266705,2.175584313883334,1,1,1,6.7723000056626255,0.1768
1896,2359177,2.0,1.974065728891833,0.02940138883434763,1.9164400656810536,2.0316913921026125,1.9793016176152738,0.06942221169390328,1.8388819403731458,2.119721294857402,1.9793016176152738,0.07075762632342529,1.835655999431913,2.1229472357986348,1,1,1,5.7917634970491365,0.1523
1897,2360177,2.0,2.0555003768301203,0.029027762532925862,1.9986070077138045,2.112393745946436,2.0443495447749083,0.05281441694662886,1.9375223031699265,2.15117678637989,2.0443495447749083,0.05206181269100766,1.9386584460718093,2.150040643478007,1,1,1,3.2167065801124566,0.1649
1898,2361177,2.0,2.022854379617563,0.032429695847578606,1.9592933437267206,2.086415415508405,2.019760741345328,0.07370861178569571,1.8706710015578867,2.168850481132769,2.019760741345328,0.06911587291835253,1.8794480597658374,2.1600734229248184,1,1,1,4.542237556416196,0.1392
1899,2362177,2.0,2.004704316700487,0.043006162957897054,1.9204137861897481,2.0889948472112256,1.9959675905247731,0.07273717178145596,1.848842773613268,2.1430924074362783,1.9959675905247731,0.07352802166536396,1.8466977707933547,2.1452374102561915,1,1,1,2.9231046898211823,0.1884
1900,2363177,2.0,2.086525818355261,0.036155420112261936,2.015662497089312,2.1573891396212095,2.0865765429954504,0.06374048834776268,1.9576492359757218,2.2155038500151787,2.0865765429954504,0.06378007813751926,1.9570961007040462,2.216056985286855,0,1,1,3.1118830670429127,0.1775
1901,2364177,2.0,2.04902628229399,0.03362883951141609,1.9831149680097369,2.114937596578243,2.031185351985292,0.06894349353106621,1.891733973624391,2.1706367303461924,2.031185351985292,0.06601521597131074,1.8971673386567753,2.1652033653138085,1,1,1,3.853579612132703,0.1794
1902,2365177,2.0,1.9917874673006652,0.028146853019848036,1.9366206491036206,2.04695428549771,2.0002232494903533,0.06262274907793848,1.8735567835426667,2.1268897154380397,2.0002232494903533,0.058993452164967174,1.8804601745353962,2.1199863244453105,1,1,1,4.392865751222909,0.1636
1903,2366177,2.0,2.0329053706427684,0.03528235426785877,1.9637532269879823,2.1020575142975546,2.018131074271171,0.0859956902513783,1.8441883724374142,2.1920737761049276,2.018131074271171,0.08410031089240984,1.847398366360171,2.1888637821821706,1,1,1,5.681723430776459,0.1648
1904,2367177,2.0,1.9993268289613662,0.029624163025460573,1.9412645363593204,2.057389121563412,2.0257490605153796,0.07803698320661115,1.8679043631563061,2.183593757874453,2.0257490605153796,0.07855607330240891,1.8662717532919442,2.185226367738815,1,1,1,7.031813688686195,0.1309
1905,2368177,2.0,1.7691775125188023,0.03379820317975633,1.7029342515443127,1.835420773493292,1.7751901896066873,0.08412795728007465,1.6050253342950398,1.9453550449183348,1.7751901896066873,0.08461436160959368,1.6034139032592098,1.9469664759541647,0,0,0,6.267595203353291,0.157
1906,2369177,2.0,1.9712567324731958,0.034500661567201954,1.9036366783586747,2.038876786587717,1.9870942175625514,0.0625614859674483,1.8605516679521865,2.1136367671729164,1.9870942175625514,0.06093043182994052,1.863398864832872,2.110789570292231,1,1,1,3.1189877300054105,0.1557
1907,2370177,2.0,2.010514507119392,0.02961427411360707,1.9524715964284252,2.0685574178103585,2.012025775171821,0.0535087624433938,1.9037940872351642,2.1202574631084774,2.012025775171821,0.05487997186677107,1.9006135091829333,2.123438041160709,1,1,1,3.4341999393960663,0.17
1908,2371177,2.0,2.0508575791509824,0.037700936544816925,1.9769651013397114,2.1247500569622537,2.025457063755115,0.09805397074093433,1.8271241874638768,2.2237899400463528,2.025457063755115,0.08913239287993027,1.844508686305644,2.2064054412045855,1,1,1,5.589421410077023,0.1462
1909,2372177,2.0,1.9529423518091693,0.037175561808644515,1.8800795895591833,2.025805114059155,1.9633374041633882,0.062139809064657554,1.8376477765954875,2.089027031731289,1.9633374041633882,0.06380593676097554,1.8338044660754917,2.0928703422512847,1,1,1,2.945826043306101,0.1727
1910,2373177,2.0,1.8968408145060962,0.035945423247743885,1.8263890795314695,1.967292549480723,1.8996753127127328,0.06334313815557839,1.7715517223188104,2.0277989031066554,1.8996753127127328,0.05918829618038333,1.779516683377307,2.0198339420481584,0,1,1,2.7113430726932566,0.1745
1911,2374177,2.0,2.0157752334587142,0.02965268945112597,1.9576570300897564,2.073893436827672,2.0211575530394787,0.06807157134463343,1.8834698037680542,2.1588453023109033,2.0211575530394787,0.06773570137838733,1.883646768645617,2.1586683374333404,1,1,1,5.218036175664309,0.205
1912,2375177,2.0,1.8493897691244783,0.02867348824372841,1.793190764855638,1.9055887733933186,1.8364952413192013,0.06045446596662831,1.7142145419328307,1.9587759407055718,1.8364952413192013,0.05319678983337429,1.728500016521001,1.9444904661174016,0,0,0,3.4419914837240753,0.1306
1913,2376177,2.0,2.032120121724008,0.03258649125866206,1.9682517724745012,2.095988470973515,2.0200871330819803,0.07443158599098217,1.8695350399340853,2.1706392262298753,2.0200871330819803,0.0757347437421604,1.8663374293670125,2.1738368367969483,1,1,1,5.401509193885034,0.1657
1914,2377177,2.0,2.0658823498988257,0.036670913893428726,1.994008679387536,2.1377560204101154,2.07106236978212,0.07734187732312513,1.9146236567820378,2.227501082782202,2.07106236978212,0.07663584749599034,1.9154833281923258,2.226641411371914,1,1,1,4.367374784405841,0.1584
1915,2378177,2.0,2.01763069757511,0.03628470611992136,1.9465139803904443,2.088747414759776,2.0042876145018846,0.09364803348569219,1.8148665874910765,2.1937086415126927,2.0042876145018846,0.09596429725334685,1.8094697338188928,2.1991054951848765,1,1,1,6.994749319700158,0.1642
1916,2379177,2.0,2.027587661072143,0.032625039061869754,1.9636437595166656,2.09153156262762,2.0229560735819554,0.06213708291602882,1.8972719601701327,2.148640186993778,2.0229560735819554,0.06382242946874178,1.8933896535172643,2.1525224936466465,1,1,1,3.826877702338402,0.1305
1917,2380177,2.0,1.9676071074713202,0.03329040290113925,1.9023591167542595,2.0328550981883806,1.9502753423580799,0.08014546891977943,1.7881658300919536,2.112384854624206,1.9502753423580799,0.0676167126131685,1.8130061179998616,2.087544566716298,1,1,1,4.125437407860439,0.1557
1918,2381177,2.0,1.9461063599060127,0.029710397981936167,1.8878750498950663,2.004337669916959,1.935993536632998,0.0721235839694908,1.7901098182174,2.081877255048596,1.935993536632998,0.07116450485315379,1.7915219111206004,2.0804651621453956,1,1,1,5.737331252686244,0.1944
1919,2382177,2.0,2.040044807025736,0.03338717645357816,1.9746071436312391,2.105482470420233,2.041939072889497,0.06603486947560466,1.9083709419953787,2.175507203783615,2.041939072889497,0.06757678376209603,1.9047509084084067,2.179127237370587,1,1,1,4.096714052189447,0.1709
1920,2383177,2.0,2.0599629068292438,0.03310134231336438,1.9950854680551178,2.1248403456033698,2.0483257267132866,0.06342778670798845,1.92003091846101,2.176620534965563,2.0483257267132866,0.06167725531594564,1.9231142417036649,2.1735372117229086,1,1,1,3.4718333220484436,0.1542
1921,2384177,2.0,2.0515056111120664,0.04318320093341124,1.966868092545424,2.136143129678709,2.0446596585329826,0.08332359158465266,1.8761217864098543,2.213197530656111,2.0446596585329826,0.08189946559970639,1.8783949040995525,2.2109244129664125,1,1,1,3.5969340395918037,0.19
1922,2385177,2.0,1.9140112606679938,0.030979779211933893,1.8532920091636007,1.9747305121723868,1.905847065638135,0.07658519530637116,1.7509388864826962,2.0607552447935737,1.905847065638135,0.07646204895890958,1.7506208538363868,2.061073277439883,0,1,1,6.091653984367676,0.181
1923,2386177,2.0,2.018578197495997,0.028666149656958437,1.9623935765929232,2.074762818399071,2.0148176554891526,0.06626930080373257,1.8807753424762579,2.1488599685020473,2.0148176554891526,0.06586910850834748,1.8810962560795743,2.148539054898731,1,1,1,5.2798896216362605,0.1707
1924,2387177,2.0,2.11124979844298,0.03621174434761202,2.040276083704289,2.1822235131816714,2.102523037887677,0.06369497154894402,1.9736877972836282,2.231358278491726,2.102523037887677,0.06327445742320442,1.9740690602170912,2.2309770155582633,0,1,1,3.0532190844859826,0.1494
1925,2388177,2.0,1.7803163657557086,0.036043840696553996,1.7096717361259637,1.8509609953854536,1.776876410612089,0.0643484045162747,1.6467194770781677,1.9070333441460101,1.776876410612089,0.06295949527564307,1.649061840094366,1.9046909811298118,0,0,0,3.0511274731559292,0.1641
1926,2389177,2.0,2.0525586683576225,0.03146753722797656,1.990883428708615,2.11423390800663,2.0481216659872308,0.07350468157115739,1.8994444139930573,2.196798917981404,2.0481216659872308,0.0756762094836826,1.894490793134473,2.2017525388399886,1,1,1,5.783533188884469,0.1748
1927,2390177,2.0,2.1042532186602485,0.03316396820120127,2.0392530354014626,2.1692534019190344,2.1009383735428706,0.08605707550536908,1.9268715083132426,2.2750052387724984,2.1009383735428706,0.08414413933908589,1.9301166891547907,2.2717600579309503,0,1,1,6.437463285650066,0.1371
1928,2391177,2.0,1.880937633617366,0.037693952210988396,1.8070588448488547,1.9548164223858773,1.9008405801698405,0.06928073985535439,1.7607070567309862,2.040974103608695,1.9008405801698405,0.06203992818756755,1.7748928300881777,2.0267883302515033,0,1,1,2.7089389748228605,0.1442
1929,2392177,2.0,2.0392630662369875,0.031640851933982056,1.9772481360062182,2.101277996467757,2.0319142876705505,0.05296399073460034,1.9247845045227632,2.1390440708183376,2.0319142876705505,0.05428879752389633,1.921702169402111,2.14212640593899,1,1,1,2.943907146067645,0.1636
1930,2393177,2.0,1.9893016603000324,0.03163492244248716,1.9272983516590396,2.051304968941025,2.0001086856180934,0.07323615531231306,1.8519745792494757,2.148242791986711,2.0001086856180934,0.0748765048355238,1.8481012995118213,2.1521160717243655,1,1,1,5.602186715815027,0.152
1931,2394177,2.0,2.0282925279629582,0.032526127592830544,1.9645424893244559,2.0920425666014606,2.024914994124173,0.08521498685700821,1.8525514139574506,2.1972785742908956,2.024914994124173,0.08701454743161456,1.8482660715101369,2.201563916738209,1,1,1,7.156802109711604,0.1496
1932,2395177,2.0,2.0148714388407214,0.03355571982948262,1.949103436499619,2.0806394411818236,1.9957152215054157,0.072347721033887,1.84937814308482,2.1420522999260116,1.9957152215054157,0.07044913821427047,1.852695867478221,2.1387345755326104,1,1,1,4.407763157035073,0.1494
1933,2396177,2.0,1.8181297002795467,0.02923993179531099,1.7608204870503295,1.875438913508764,1.8306390542878561,0.07144545568167665,1.68612697980264,1.9751511287730723,1.8306390542878561,0.06436206059545406,1.699977124794496,1.9613009837812163,0,0,0,4.845149357693785,0.1314
1934,2397177,2.0,2.042611585277961,0.029583722569916593,1.9846285545123,2.1005946160436224,2.0430445240866213,0.05134677669260799,1.939185865097328,2.1469031830759144,2.0430445240866213,0.05034391681911929,1.9408409394129515,2.145248108760291,1,1,1,2.8959320016617673,0.1385
1935,2398177,2.0,1.8744347669872818,0.0358621335482426,1.8041462768239607,1.944723257150603,1.893971982487368,0.06136479288103244,1.7698499731169672,2.0180939918577687,1.893971982487368,0.056100057527001736,1.7800828109265014,2.0078611540482347,0,1,1,2.447114927144305,0.1327
1936,2399177,2.0,2.044698746242964,0.03358881908466075,1.9788658705537976,2.110531621932131,2.0523049010003547,0.0914019687357249,1.8674269687651202,2.237182833235589,2.0523049010003547,0.09189045347173536,1.8657573628768656,2.238852439123844,1,1,1,7.484302269637935,0.1627
1937,2400177,2.0,2.006698841263462,0.031178306085187485,1.9455904842375287,2.0678071982893957,2.003948679927245,0.06369288739436017,1.875117654923749,2.132779704930741,2.003948679927245,0.06372637121104029,1.8745772684930877,2.1333200913614023,1,1,1,4.177662438817116,0.1579
1938,2401177,2.0,1.9845899420377853,0.03617211378459473,1.9136939017752947,2.055485982300276,1.9739291143648854,0.08939307674971139,1.793114549709095,2.154743679020676,1.9739291143648854,0.09075931861172963,1.7896779020886142,2.1581803266411566,1,1,1,6.295564485678198,0.1261
1939,2402177,2.0,2.1177712232783783,0.03560680911620535,2.0479831598062233,2.1875592867505333,2.145360013743655,0.07301892324996259,1.9976653006950944,2.2930547267922154,2.145360013743655,0.07037946374807985,2.0024821064026703,2.2882379210846393,0,1,0,3.9068415163119794,0.1526
1940,2403177,2.0,1.985283115342866,0.028794638375235146,1.9288466611795503,2.041719569506182,1.99904131298607,0.06123854785688046,1.8751746582797213,2.1229079676924187,1.99904131298607,0.06216989824596168,1.872829709658426,2.125252916313714,1,1,1,4.661622010878809,0.1553
1941,2404177,2.0,1.9598983085939166,0.03961078792834353,1.8822625908551094,2.037534026332724,1.958491504335436,0.06361846735741924,1.829811008064929,2.087172000605943,1.958491504335436,0.06437926704117922,1.8277946439001922,2.08918836477068,1,1,1,2.6415880612474374,0.1349
1942,2405177,2.0,1.901738720050256,0.028765848053361697,1.8453586938809154,1.9581187462195966,1.9071791551164567,0.07521556301263084,1.7550413187653555,2.0593169914675578,1.9071791551164567,0.0763191233302201,1.7522430977666612,2.062115212466252,0,1,1,7.039022961125587,0.1796
1943,2406177,2.0,2.0396718179944844,0.030269860139132063,1.9803439823047209,2.0989996536842477,2.034921864174519,0.07308643257248776,1.887090600632269,2.1827531277167687,2.034921864174519,0.07472572599451119,1.883220575388799,2.1866231529602387,1,1,1,6.094238655628249,0.1487
1944,2407177,2.0,1.9907522286171613,0.0345638766761686,1.9230082751657869,2.0584961820685357,2.0036571909548386,0.061127456464078085,1.8800152398000054,2.127299142109672,2.0036571909548386,0.0600996614628804,1.8816483917338835,2.1256659901757935,1,1,1,3.0234247053547687,0.1535
1945,2408177,2.0,1.9337916002798594,0.03373427498091826,1.8676736362726891,1.9999095642870297,1.94262306863943,0.06027094848228667,1.8207135684023052,2.0645325688765546,1.94262306863943,0.05738266930320592,1.826130056742824,2.059116080536036,0,1,1,2.893468321873386,0.1378
1946,2409177,2.0,2.1047715084231786,0.03386932044346597,2.0383888601731392,2.171154156673218,2.0941464600733837,0.08028234420662769,1.931760091407372,2.2565328287393953,2.0941464600733837,0.07884473551031303,1.9340831374130958,2.2542097827336716,0,1,1,5.419165759449173,0.1925
1947,2410177,2.0,1.9110287819047262,0.03478029883607395,1.842860648814481,1.9791969149949715,1.9118007711467069,0.06280382914634249,1.7847680361888598,2.0388335061045537,1.9118007711467069,0.06427289778679421,1.7813198517781121,2.042281690515302,0,1,1,3.4149876957057153,0.1717
1948,2411177,2.0,2.1154034552762644,0.032299958981970724,2.0520966989694807,2.178710211583048,2.097075784775275,0.09468810954894957,1.9055510053551683,2.2886005641953813,2.097075784775275,0.09504894811155938,1.9041161616421427,2.290035407908407,0,1,1,8.659457564650516,0.1482
1949,2412177,2.0,1.9979741255888819,0.028942832142612684,1.9412472169787727,2.054701034198991,2.0012996845719164,0.0647711276633902,1.8702877127666353,2.1323116563771976,2.0012996845719164,0.0636027876939536,1.872179161015598,2.130420208128235,1,1,1,4.829145052070878,0.1734
1950,2413177,2.0,2.0431674667802415,0.030314138207755307,1.9837528476706716,2.1025820858898117,2.0277864175900504,0.06742751800743732,1.8914013891557917,2.164171446024309,2.0277864175900504,0.06497669679041365,1.895876710284313,2.1596961248957878,1,1,1,4.594357715266467,0.1515
1951,2414177,2.0,2.0079807794533564,0.030871600719409097,1.9474735538982137,2.068488005008499,2.0030504258955295,0.05932624968490949,1.8830517593380294,2.1230490924530296,2.0030504258955295,0.059522892490727106,1.8822125299377117,2.1238883218533475,1,1,1,3.7174895604737053,0.1434
1952,2415177,2.0,1.9798761556562474,0.03138052112127952,1.918371464442441,2.041380846870054,1.9780724774722465,0.06363550054255337,1.8493575283328294,2.1067874266116635,1.9780724774722465,0.06398318131611382,1.8481797138077245,2.1079652411367684,1,1,1,4.157299919988086,0.1414
1953,2416177,2.0,2.0398850720890893,0.030504683238711194,1.9800969915814126,2.099673152596766,2.0369862617508847,0.06022256005231183,1.915174636351705,2.1587978871500644,2.0369862617508847,0.06190008744156575,1.9113224034763725,2.162650120025397,1,1,1,4.1176505397445515,0.1636
1954,2417177,2.0,2.0338022671480456,0.03073469234892243,1.9735633770682388,2.0940411572278523,2.0318294151206633,0.057063522568030864,1.9164075461569945,2.147251284084332,2.0318294151206633,0.05854425379661587,1.912978261334653,2.1506805689066733,1,1,1,3.628363665516708,0.1736
1955,2418177,2.0,2.0115344116220815,0.036981791649851534,1.9390514319046084,2.0840173913395548,1.9973223461151304,0.07162451077281298,1.8524480985228864,2.142196593707374,1.9973223461151304,0.07258895284347132,1.849958937444209,2.144685754786052,1,1,1,3.8526997766668254,0.1931
1956,2419177,2.0,2.0385888184356737,0.04871346724691887,1.9431121770696411,2.134065459801706,2.055774412055883,0.08582835952766549,1.8821701685576235,2.2293786555541426,2.055774412055883,0.08631244036508758,1.880550842564084,2.2309979815476826,1,1,1,3.1394148438530194,0.1419
1957,2420177,2.0,1.996571103635717,0.03102475911883035,1.935763693133779,2.057378514137655,1.9799082043510365,0.07389519637712057,1.8304410616047015,2.1293753470973718,1.9799082043510365,0.07434397893371131,1.8289819033000327,2.1308345054020403,1,1,1,5.742153073213961,0.1756
1958,2421177,2.0,2.0797552978851837,0.03224881507891935,2.0165487817864096,2.1429618139839577,2.0845976305094798,0.0741969286545863,1.9345201766252327,2.234675084393727,2.0845976305094798,0.07572548713949638,1.9308667186969688,2.2383285423219905,0,1,1,5.513871335305267,0.1427
1959,2422177,2.0,1.9775397539583977,0.03275498463247418,1.9133411637645854,2.04173834415221,1.9807669675201287,0.06101702790373689,1.8573483792116106,2.104185555828647,1.9807669675201287,0.06186807363546037,1.8551681007272047,2.1063658343130527,1,1,1,3.5676183371900034,0.1469
1960,2423177,2.0,2.0436927113310595,0.03386945708258677,1.9773097952732643,2.110075627388855,2.044558002212845,0.07373909766775931,1.8954065989085642,2.1937094055171253,2.044558002212845,0.07471325373652886,1.892882033456938,2.1962339709687515,1,1,1,4.866075357005252,0.1389
1961,2424177,2.0,2.033246075902836,0.03300070845920083,1.9685658758584963,2.097926275947176,2.0400418110688388,0.0737624315053288,1.8908432106231767,2.1892404115145006,2.0400418110688388,0.07493094771058173,1.887923900050275,2.1921597220874025,1,1,1,5.155560933807228,0.1489
1962,2425177,2.0,1.9611710093389678,0.03157913195830211,1.899277048037658,2.0230649706402777,1.9596095006985075,0.057215856645461326,1.843879506979608,2.075339494417407,1.9596095006985075,0.05896721266593181,1.8398996947585753,2.0793193066384394,1,1,1,3.4867501074179597,0.1329
1963,2426177,2.0,1.9309388407042398,0.02935810892706798,1.8733980045529828,1.9884796768554969,1.9168313794432452,0.08539372955651091,1.7441062580412159,2.0895565008452746,1.9168313794432452,0.08536943169178673,1.7435222193355229,2.0901405395509673,0,1,1,8.455681686361217,0.1362
1964,2427177,2.0,1.9308820866932477,0.03511263853443654,1.8620625797635788,1.9997015936229166,1.9466357417501312,0.07365119068110884,1.7976621471095564,2.095609336390706,1.9466357417501312,0.06930369976648543,1.8059417513971077,2.0873297321031545,0,1,1,3.895703616816023,0.1439
1965,2428177,2.0,1.990175841262528,0.031432852968816205,1.9285685815123053,2.0517831010127505,2.0004247960653383,0.07460626242592502,1.84951938647854,2.1513302056521364,2.0004247960653383,0.07467981118098709,1.8488167193065779,2.152032872824099,1,1,1,5.644673419671344,0.1448
1966,2429177,2.0,2.08751542428724,0.03690064033070303,2.015191498232596,2.159839350341884,2.0923106407996044,0.07971130456374899,1.9310793088342244,2.2535419727649844,2.0923106407996044,0.08143198566686967,1.926994921084124,2.2576263605150846,0,1,1,4.869924686595186,0.139
1967,2430177,2.0,1.996256288267952,0.030906439872668466,1.935680779227169,2.056831797308735,1.9985919833003973,0.07056570325068343,1.8558593760692315,2.141324590531563,1.9985919833003973,0.06799175481600181,1.8605613827927787,2.136622583808016,1,1,1,4.839656492669873,0.1641
1968,2431177,2.0,2.158166434281307,0.03176263325906486,2.0959128170393857,2.220420051523228,2.146718124964713,0.05534068011093866,2.0347810337956584,2.258655216133768,2.146718124964713,0.05331778992616328,2.038477256918823,2.2549589930106033,0,0,0,2.8178072235217106,0.1325
1969,2432177,2.0,1.9765363410824648,0.0362628880661617,1.9054623864973805,2.0476102956675493,1.9914676414759211,0.057225811390850465,1.8757175123839116,2.1072177705679307,1.9914676414759211,0.05806008697890413,1.8735993985851433,2.1093358843666987,1,1,1,2.5634838478865114,0.1633
1970,2433177,2.0,2.073171040838191,0.02964749709823435,2.015063014293896,2.131279067382486,2.075009147521228,0.06351316815198343,1.9465416389974428,2.2034766560450127,2.075009147521228,0.06269474140154165,1.9477320559423532,2.2022862391001023,0,1,1,4.471839011077558,0.1635
1971,2434177,2.0,2.0098807061068062,0.030107376231248456,1.950871333024562,2.0688900791890505,2.0070750914685633,0.07314325381078284,1.8591288961235488,2.155021286813578,2.0070750914685633,0.07138681090872497,1.8621521606702527,2.151998022266874,1,1,1,5.62199095560684,0.1362
1972,2435177,2.0,2.025431349365632,0.03144738421064231,1.9637956089047797,2.0870670898264847,2.016850512638255,0.06932841980080554,1.876620547406669,2.157080477869841,2.016850512638255,0.07093466048445685,1.872845496001013,2.1608555292754974,1,1,1,5.088009755820658,0.1429
1973,2436177,2.0,2.05453338626482,0.039718488884135296,1.9766865785315602,2.1323801939980793,2.0602542467304863,0.05983890937177732,1.9392186280792898,2.181289865381683,2.0602542467304863,0.05781699019949639,1.9428795165389163,2.1776289769220565,1,1,1,2.1189734986037667,0.139
1974,2437177,2.0,1.9847950683267805,0.04178165018437192,1.9029045387507604,2.0666855979028007,2.00444447262665,0.08259152203806161,1.837387350928247,2.1715015943250533,2.00444447262665,0.08260234532242533,1.836752796495522,2.1721361487577786,1,1,1,3.9085311678879595,0.1575
1975,2438177,2.0,2.0424069238589717,0.040371367506046085,1.9632804975404907,2.1215333501774527,2.0612367345276104,0.07171030832123566,1.9161889450132104,2.2062845240420104,2.0612367345276104,0.06914666597028722,1.920861539729252,2.201611929325969,1,1,1,2.933564004942277,0.1294
1976,2439177,2.0,1.9405610978880274,0.028865998194252118,1.883984781049495,1.99713741472656,1.9558294068950914,0.0684842385678201,1.8173069593783304,2.0943518544118525,1.9558294068950914,0.06843617312035562,1.8168965892643445,2.094762224525838,0,1,1,5.620801809597608,0.1665
1977,2440177,2.0,1.934873710803056,0.030823912983691124,1.874459951492425,1.9952874701136871,1.9304091581560154,0.06485726574593595,1.7992229556332995,2.0615953606787314,1.9304091581560154,0.06548746365348554,1.7974625389920682,2.0633557773199627,0,1,1,4.513784291992663,0.1501
1978,2441177,2.0,2.0004967849018707,0.03317700322062957,1.9354710534744672,2.065522516329274,2.0114330926570703,0.08037122893179907,1.8488669376645246,2.173999247649616,2.0114330926570703,0.08252496850923745,1.8438984998078576,2.178967685506283,1,1,1,6.187232339065081,0.1394
1979,2442177,2.0,2.0081382467364857,0.03166324603435991,1.9460794248755096,2.0701970685974618,2.0011573929604007,0.05837953280109974,1.8830736420476282,2.1192411438731735,2.0011573929604007,0.05928005732895546,1.8808124785897535,2.121502307331048,1,1,1,3.505147989141348,0.1421
1980,2443177,2.0,1.94272682044391,0.04020177505326882,1.8639327892249224,2.0215208516628977,1.948858940782262,0.06751344103050223,1.812300116629428,2.0854177649350962,1.948858940782262,0.06889678509730192,1.8089910311252695,2.088726850439255,1,1,1,2.9370237322431594,0.1536
1981,2444177,2.0,2.042312661368545,0.03327345711449819,1.9770978837829907,2.1075274389540994,2.031761301089706,0.07536782347750833,1.8793154888788166,2.1842071133005954,2.031761301089706,0.07276069184295608,1.8840492437143408,2.179473358465071,1,1,1,4.781870238851094,0.1669
1982,2445177,2.0,1.994391266271331,0.029787148753996733,1.9360095275113602,2.052773005031302,2.001808527812149,0.05549316349908314,1.8895630098784384,2.11405404574586,2.001808527812149,0.055321680941398055,1.8894995447288812,2.1141175108954173,1,1,1,3.449315077146488,0.1571
1983,2446177,2.0,1.8823419799742527,0.02942575123965772,1.8246685673264886,1.9400153926220167,1.8840889404132053,0.06312647910154946,1.756403584320611,2.0117742965058,1.8840889404132053,0.06273241652685671,1.7567353642637307,2.01144251656268,0,1,1,4.544947975848378,0.1605
1984,2447177,2.0,2.0873810442584513,0.032140447036357274,2.024386925620174,2.1503751628967285,2.088918571558298,0.061928894178853604,1.9636555596148135,2.214181583501783,2.088918571558298,0.060908113936356624,1.9652685265613252,2.212568616555271,0,1,1,3.5912569289980603,0.1408
1985,2448177,2.0,1.9923851703385815,0.032391599427241125,1.9288988020595408,2.0558715386176223,1.9918209061450334,0.07865158406285991,1.8327330612145787,2.1509087510754883,1.9918209061450334,0.08105343943425936,1.8272736761375845,2.1563681361524822,1,1,1,6.26149604878737,0.1458
1986,2449177,2.0,1.8958169326547991,0.030692050851626445,1.8356616183739394,1.9559722469356589,1.8961639773550667,0.06965208939945836,1.7552793285651935,2.03704862614494,1.8961639773550667,0.07121538427481429,1.7515890611253715,2.040738893584762,0,1,1,5.38388563462691,0.1391
1987,2450177,2.0,1.9302806584822851,0.03116290743507973,1.8692024822559734,1.9913588347085969,1.9380161647024383,0.07704791823655827,1.782172040077617,2.0938602893272593,1.9380161647024383,0.07653285179951497,1.7826462154926346,2.093386113912242,0,1,1,6.0314239147024775,0.1423
1988,2451177,2.0,1.8925928427961116,0.03288282830659389,1.8281436836053735,1.9570420019868497,1.888015522812789,0.07736969403975666,1.731520545192551,2.0445105004330273,1.888015522812789,0.07825212937005728,1.7291552545761644,2.046875791049414,0,1,1,5.663096977842592,0.1833
1989,2452177,2.0,1.9276499074191904,0.031035048330490842,1.8668223304329685,1.9884774844054123,1.9517172745284574,0.06247750558495566,1.8253445912752215,2.0780899577816934,1.9517172745284574,0.06039517284169163,1.8291085553144895,2.074325993742425,0,1,1,3.7870374937076092,0.1654
1990,2453177,2.0,1.9364371045496576,0.02827233503771763,1.8810243461168812,1.991849862982434,1.9198766158405172,0.07030432148910354,1.7776727031251622,2.0620805285558723,1.9198766158405172,0.06709657338774616,1.7836633302476228,2.0560899014334115,0,1,1,5.632190364574544,0.1513
1991,2454177,2.0,1.9676680970134068,0.030645415413422406,1.9076041865118303,2.0277320075149836,1.9837813566992462,0.08113241788466363,1.819675551723309,2.1478871616751833,1.9837813566992462,0.08242430927710125,1.8164511129552448,2.151111600443248,1,1,1,7.234018368996982,0.1624
1992,2455177,2.0,2.0901669531324734,0.028442621231003776,2.0344204398937915,2.145913466371155,2.084358766354909,0.06159624820748021,1.959768594397308,2.20894893831251,2.084358766354909,0.06147936096976625,1.9595490282264216,2.209168504483396,0,1,1,4.672178791481539,0.1343
1993,2456177,2.0,1.9403527369001177,0.02904399502546885,1.8834275526830382,1.9972779211171972,1.9494244081389758,0.056336509699348926,1.8354730615035397,2.0633757547744116,1.9494244081389758,0.05592368647658771,1.8358932888458686,2.062955527432083,0,1,1,3.7074805142599123,0.1538
1994,2457177,2.0,1.9040462775272688,0.031243442002484106,1.842810256449334,1.9652822986052036,1.9069615212849778,0.0700706405638972,1.7652302728552234,2.048692769714732,1.9069615212849778,0.07222791200630388,1.760331064480012,2.053591978089943,0,1,1,5.344319021951855,0.152
1995,2458177,2.0,2.166570413788792,0.03130925673400391,2.105205398207426,2.2279354293701576,2.1551033778382074,0.0591275007075705,2.0355067190325373,2.2747000366438774,2.1551033778382074,0.058167269609017955,2.037017542640265,2.27318921303615,0,0,0,3.451531498447238,0.1832
1996,2459177,2.0,1.9252031005637693,0.033225886905183924,1.8600815588752078,1.9903246422523309,1.9472748303123888,0.08167992177908683,1.7820615941805171,2.1124880664442607,1.9472748303123888,0.07812216380741006,1.7886784061948937,2.105871254429884,0,1,1,5.528347863064278,0.1698
1997,2460177,2.0,2.03920861368793,0.03691725177523322,1.9668521298002757,2.1115650975755846,2.005001494472799,0.07065413734926411,1.8620900123934125,2.147912976552186,2.005001494472799,0.06432629612504734,1.8744121707143613,2.135590818231237,1,1,1,3.036116027548197,0.1439
1998,2461177,2.0,1.916619774713269,0.0338692403039755,1.8502372835337446,1.9830022658927933,1.9300323659954681,0.08552576671331467,1.7570401742352644,2.103024557755672,1.9300323659954681,0.0859886865303302,1.7554660517304113,2.104598680260525,0,1,1,6.445724208809891,0.1488
1999,2462177,2.0,2.096438785846562,0.030572017473182236,2.036518732664396,2.1563588390287283,2.0983405551217515,0.058287981658846785,1.9804419838731329,2.21623912637037,2.0983405551217515,0.053973976185298145,1.9887675581487827,2.2079135520947206,0,1,1,3.116883916308838,0.1771
